maldita handler: CORENAME='Maldita Castilla' BLITTER=2 RASTER=mfgpu BENCH_ENV=sourced(/media/fat/games/gmloader/bench.env)
save_dir: reusing existing /s -> /media/fat/games/gmloader/saves
Loading images...
Loading 'libyoyo.so'...
Loading 'libopenal.so'...
Loading 'libstdc++.so'...
DBG: so_load_module done
Symbol "ExecuteIt_flags" not found.
Symbol "MemoryManager__Free_2" not found.
Symbol "g_nInstanceVariables" not found.
Symbol "Variable_GetBuiltIn_Direct" not found.
Symbol "Variable_SetBuiltIn_Direct" not found.
Symbol "Code_Variable_Find_Slot_From_Name" not found.
Symbol "YYCreateString" not found.
Symbol "_RefThing__dec" not found.
Symbol "surface_depth_disable" not found.
Failed to perform hook for symbol "_Z11ShowMessagePKc"!
Failed to perform hook for symbol "_ZN12DummyConsole6OutputEPKcz"!
Failed to perform hook for symbol "alBufferMarkNeedsFreed"!
Failed to perform hook for symbol "_Z22alBufferMarkNeedsFreedj"!
Failed to perform hook for symbol "_Z17alBufferDebugNamejPKc"!
DBG: patch_libyoyo done
Failed to perform hook for symbol "_Z23RegisterAndroidKeyEventiiii"!
Failed to perform hook for symbol "_Z14GamePadRestartv"!
Texture compression hack NOT ENABLED!!!
DBG: all patches done
DBG: before NewStringUTF apk_path
DBG: before NewStringUTF save_dir
DBG: before NewStringUTF pkg_dir
DBG: after NewStringUTF calls
DBG: entering MISTER_NATIVE_VIDEO block
DBG: set EGL_PLATFORM=surfaceless, LIBGL_DRIVERS_PATH=./mesa
DBG: preloaded mesa/libdrm.so.2 ok
DBG: preloaded mesa/libglapi.so.0 ok
DBG: preloaded mesa/libEGL.so.1 ok
DBG: dlopen libGLES_sw.so at ./libGLES_sw.so
Loaded bundled GLES library: ./libGLES_sw.so
DBG: SDL_VIDEODRIVER=dummy for MISTER_NATIVE_VIDEO
SDL audio driver: dummy
NativeAudioWriter: ring 65536 bytes @ 0x3A0D0000, wr=0x3A000030, rd=0x3A000038
MisterAudio: pump pinned to core 1, main to core 0
MisterAudio: native audio active (22050 Hz stereo S16)
Loaded 471 controller mapping(s) from gamecontrollerdb.txt
DBG: EGL syms: GetDisplay=0xb6a6e359 Init=0xb6a738a1 Choose=0xb6a7309d
DBG: eglGetProcAddress=0xb6a6ef2d QueryDevices=0xb6a6e139 GetPlatformDisplay=0xb6a6e7f5
DBG: EGL_PLATFORM_DEVICE: 1 device(s)
DBG: eglGetPlatformDisplayEXT(DEVICE_0) = 0x3243dc0
EGL headless context created: 1.5, pbuffer 288x216
DBG resolve NULL: eglSetBlobCacheFuncsANDROID
DBG resolve NULL: eglCreateNativeClientBufferANDROID
DBG resolve NULL: eglGetCompositorTimingSupportedANDROID
DBG resolve NULL: eglGetCompositorTimingANDROID
DBG resolve NULL: eglGetNextFrameIdANDROID
DBG resolve NULL: eglGetFrameTimestampSupportedANDROID
DBG resolve NULL: eglGetFrameTimestampsANDROID
DBG resolve NULL: eglGetNativeClientBufferANDROID
DBG resolve NULL: eglDupNativeFenceFDANDROID
DBG resolve NULL: eglPresentationTimeANDROID
DBG resolve NULL: eglQuerySurfacePointerANGLE
DBG resolve NULL: eglGetMscRateANGLE
DBG resolve NULL: eglClientSignalSyncEXT
DBG resolve NULL: eglCompositorSetContextListEXT
DBG resolve NULL: eglCompositorSetContextAttributesEXT
DBG resolve NULL: eglCompositorSetWindowListEXT
DBG resolve NULL: eglCompositorSetWindowAttributesEXT
DBG resolve NULL: eglCompositorBindTexWindowEXT
DBG resolve NULL: eglCompositorSetSizeEXT
DBG resolve NULL: eglCompositorSwapPolicyEXT
DBG resolve NULL: eglQueryDeviceAttribEXT
DBG resolve NULL: eglQueryDeviceStringEXT
DBG resolve NULL: eglQueryDevicesEXT
DBG resolve NULL: eglQueryDisplayAttribEXT
DBG resolve NULL: eglQueryDeviceBinaryEXT
DBG resolve NULL: eglQueryDmaBufFormatsEXT
DBG resolve NULL: eglQueryDmaBufModifiersEXT
DBG resolve NULL: eglGetOutputLayersEXT
DBG resolve NULL: eglGetOutputPortsEXT
DBG resolve NULL: eglOutputLayerAttribEXT
DBG resolve NULL: eglQueryOutputLayerAttribEXT
DBG resolve NULL: eglQueryOutputLayerStringEXT
DBG resolve NULL: eglOutputPortAttribEXT
DBG resolve NULL: eglQueryOutputPortAttribEXT
DBG resolve NULL: eglQueryOutputPortStringEXT
DBG resolve NULL: eglGetPlatformDisplayEXT
DBG resolve NULL: eglCreatePlatformWindowSurfaceEXT
DBG resolve NULL: eglCreatePlatformPixmapSurfaceEXT
DBG resolve NULL: eglStreamConsumerOutputEXT
DBG resolve NULL: eglQuerySupportedCompressionRatesEXT
DBG resolve NULL: eglSwapBuffersWithDamageEXT
DBG resolve NULL: eglUnsignalSyncEXT
DBG resolve NULL: eglCreatePixmapSurfaceHI
DBG resolve NULL: eglCreateSync64KHR
DBG resolve NULL: eglDebugMessageControlKHR
DBG resolve NULL: eglQueryDebugKHR
DBG resolve NULL: eglLabelObjectKHR
DBG resolve NULL: eglQueryDisplayAttribKHR
DBG resolve NULL: eglCreateSyncKHR
DBG resolve NULL: eglDestroySyncKHR
DBG resolve NULL: eglClientWaitSyncKHR
DBG resolve NULL: eglGetSyncAttribKHR
DBG resolve NULL: eglCreateImageKHR
DBG resolve NULL: eglDestroyImageKHR
DBG resolve NULL: eglLockSurfaceKHR
DBG resolve NULL: eglUnlockSurfaceKHR
DBG resolve NULL: eglQuerySurface64KHR
DBG resolve NULL: eglSetDamageRegionKHR
DBG resolve NULL: eglSignalSyncKHR
DBG resolve NULL: eglCreateStreamKHR
DBG resolve NULL: eglDestroyStreamKHR
DBG resolve NULL: eglStreamAttribKHR
DBG resolve NULL: eglQueryStreamKHR
DBG resolve NULL: eglQueryStreamu64KHR
DBG resolve NULL: eglCreateStreamAttribKHR
DBG resolve NULL: eglSetStreamAttribKHR
DBG resolve NULL: eglQueryStreamAttribKHR
DBG resolve NULL: eglStreamConsumerAcquireAttribKHR
DBG resolve NULL: eglStreamConsumerReleaseAttribKHR
DBG resolve NULL: eglStreamConsumerGLTextureExternalKHR
DBG resolve NULL: eglStreamConsumerAcquireKHR
DBG resolve NULL: eglStreamConsumerReleaseKHR
DBG resolve NULL: eglGetStreamFileDescriptorKHR
DBG resolve NULL: eglCreateStreamFromFileDescriptorKHR
DBG resolve NULL: eglQueryStreamTimeKHR
DBG resolve NULL: eglCreateStreamProducerSurfaceKHR
DBG resolve NULL: eglSwapBuffersWithDamageKHR
DBG resolve NULL: eglWaitSyncKHR
DBG resolve NULL: eglCreateDRMImageMESA
DBG resolve NULL: eglExportDRMImageMESA
DBG resolve NULL: eglExportDMABUFImageQueryMESA
DBG resolve NULL: eglExportDMABUFImageMESA
DBG resolve NULL: eglGetDisplayDriverConfig
DBG resolve NULL: eglGetDisplayDriverName
DBG resolve NULL: eglSwapBuffersRegionNOK
DBG resolve NULL: eglSwapBuffersRegion2NOK
DBG resolve NULL: eglQueryNativeDisplayNV
DBG resolve NULL: eglQueryNativeWindowNV
DBG resolve NULL: eglQueryNativePixmapNV
DBG resolve NULL: eglPostSubBufferNV
DBG resolve NULL: eglStreamImageConsumerConnectNV
DBG resolve NULL: eglQueryStreamConsumerEventNV
DBG resolve NULL: eglStreamAcquireImageNV
DBG resolve NULL: eglStreamReleaseImageNV
DBG resolve NULL: eglStreamConsumerGLTextureExternalAttribsNV
DBG resolve NULL: eglStreamFlushNV
DBG resolve NULL: eglQueryDisplayAttribNV
DBG resolve NULL: eglSetStreamMetadataNV
DBG resolve NULL: eglQueryStreamMetadataNV
DBG resolve NULL: eglResetStreamNV
DBG resolve NULL: eglCreateStreamSyncNV
DBG resolve NULL: eglCreateFenceSyncNV
DBG resolve NULL: eglDestroySyncNV
DBG resolve NULL: eglFenceNV
DBG resolve NULL: eglClientWaitSyncNV
DBG resolve NULL: eglSignalSyncNV
DBG resolve NULL: eglGetSyncAttribNV
DBG resolve NULL: eglGetSystemTimeFrequencyNV
DBG resolve NULL: eglGetSystemTimeNV
DBG resolve NULL: eglBindWaylandDisplayWL
DBG resolve NULL: eglUnbindWaylandDisplayWL
DBG resolve NULL: eglQueryWaylandBufferWL
DBG resolve NULL: eglCreateWaylandBufferFromImageWL
DBG resolve NULL: glRenderbufferStorageMultisampleAdvancedAMD
DBG resolve NULL: glNamedRenderbufferStorageMultisampleAdvancedAMD
DBG resolve NULL: glGetPerfMonitorGroupsAMD
DBG resolve NULL: glGetPerfMonitorCountersAMD
DBG resolve NULL: glGetPerfMonitorGroupStringAMD
DBG resolve NULL: glGetPerfMonitorCounterStringAMD
DBG resolve NULL: glGetPerfMonitorCounterInfoAMD
DBG resolve NULL: glGenPerfMonitorsAMD
DBG resolve NULL: glDeletePerfMonitorsAMD
DBG resolve NULL: glSelectPerfMonitorCountersAMD
DBG resolve NULL: glBeginPerfMonitorAMD
DBG resolve NULL: glEndPerfMonitorAMD
DBG resolve NULL: glGetPerfMonitorCounterDataAMD
DBG resolve NULL: glBlitFramebufferANGLE
DBG resolve NULL: glRenderbufferStorageMultisampleANGLE
DBG resolve NULL: glDrawArraysInstancedANGLE
DBG resolve NULL: glDrawElementsInstancedANGLE
DBG resolve NULL: glVertexAttribDivisorANGLE
DBG resolve NULL: glGetTranslatedShaderSourceANGLE
DBG resolve NULL: glCopyTextureLevelsAPPLE
DBG resolve NULL: glRenderbufferStorageMultisampleAPPLE
DBG resolve NULL: glResolveMultisampleFramebufferAPPLE
DBG resolve NULL: glFenceSyncAPPLE
DBG resolve NULL: glIsSyncAPPLE
DBG resolve NULL: glDeleteSyncAPPLE
DBG resolve NULL: glClientWaitSyncAPPLE
DBG resolve NULL: glWaitSyncAPPLE
DBG resolve NULL: glGetInteger64vAPPLE
DBG resolve NULL: glGetSyncivAPPLE
DBG resolve NULL: glEGLImageTargetTexStorageEXT
DBG resolve NULL: glEGLImageTargetTextureStorageEXT
DBG resolve NULL: glDrawArraysInstancedBaseInstanceEXT
DBG resolve NULL: glDrawElementsInstancedBaseInstanceEXT
DBG resolve NULL: glDrawElementsInstancedBaseVertexBaseInstanceEXT
DBG resolve NULL: glBindFragDataLocationIndexedEXT
DBG resolve NULL: glBindFragDataLocationEXT
DBG resolve NULL: glGetProgramResourceLocationIndexEXT
DBG resolve NULL: glGetFragDataIndexEXT
DBG resolve NULL: glBlendEquationEXT
DBG resolve NULL: glBufferStorageEXT
DBG resolve NULL: glClearTexImageEXT
DBG resolve NULL: glClearTexSubImageEXT
DBG resolve NULL: glClipControlEXT
DBG resolve NULL: glCopyImageSubDataEXT
DBG resolve NULL: glLabelObjectEXT
DBG resolve NULL: glGetObjectLabelEXT
DBG resolve NULL: glInsertEventMarkerEXT
DBG resolve NULL: glPushGroupMarkerEXT
DBG resolve NULL: glPopGroupMarkerEXT
DBG resolve NULL: glDiscardFramebufferEXT
DBG resolve NULL: glGenQueriesEXT
DBG resolve NULL: glDeleteQueriesEXT
DBG resolve NULL: glIsQueryEXT
DBG resolve NULL: glBeginQueryEXT
DBG resolve NULL: glEndQueryEXT
DBG resolve NULL: glQueryCounterEXT
DBG resolve NULL: glGetQueryivEXT
DBG resolve NULL: glGetQueryObjectivEXT
DBG resolve NULL: glGetQueryObjectuivEXT
DBG resolve NULL: glGetQueryObjecti64vEXT
DBG resolve NULL: glGetQueryObjectui64vEXT
DBG resolve NULL: glGetInteger64vEXT
DBG resolve NULL: glDrawBuffersEXT
DBG resolve NULL: glEnableiEXT
DBG resolve NULL: glDisableiEXT
DBG resolve NULL: glBlendEquationiEXT
DBG resolve NULL: glBlendEquationSeparateiEXT
DBG resolve NULL: glBlendFunciEXT
DBG resolve NULL: glBlendFuncSeparateiEXT
DBG resolve NULL: glColorMaskiEXT
DBG resolve NULL: glIsEnablediEXT
DBG resolve NULL: glDrawElementsBaseVertexEXT
DBG resolve NULL: glDrawRangeElementsBaseVertexEXT
DBG resolve NULL: glDrawElementsInstancedBaseVertexEXT
DBG resolve NULL: glMultiDrawElementsBaseVertexEXT
DBG resolve NULL: glDrawArraysInstancedEXT
DBG resolve NULL: glDrawElementsInstancedEXT
DBG resolve NULL: glDrawTransformFeedbackEXT
DBG resolve NULL: glDrawTransformFeedbackInstancedEXT
DBG resolve NULL: glBufferStorageExternalEXT
DBG resolve NULL: glNamedBufferStorageExternalEXT
DBG resolve NULL: glGetFragmentShadingRatesEXT
DBG resolve NULL: glShadingRateEXT
DBG resolve NULL: glShadingRateCombinerOpsEXT
DBG resolve NULL: glFramebufferShadingRateEXT
DBG resolve NULL: glBlitFramebufferLayersEXT
DBG resolve NULL: glBlitFramebufferLayerEXT
DBG resolve NULL: glFramebufferTextureEXT
DBG resolve NULL: glDrawArraysInstancedEXT
DBG resolve NULL: glDrawElementsInstancedEXT
DBG resolve NULL: glVertexAttribDivisorEXT
DBG resolve NULL: glMapBufferRangeEXT
DBG resolve NULL: glFlushMappedBufferRangeEXT
DBG resolve NULL: glGetUnsignedBytevEXT
DBG resolve NULL: glGetUnsignedBytei_vEXT
DBG resolve NULL: glDeleteMemoryObjectsEXT
DBG resolve NULL: glIsMemoryObjectEXT
DBG resolve NULL: glCreateMemoryObjectsEXT
DBG resolve NULL: glMemoryObjectParameterivEXT
DBG resolve NULL: glGetMemoryObjectParameterivEXT
DBG resolve NULL: glTexStorageMem2DEXT
DBG resolve NULL: glTexStorageMem2DMultisampleEXT
DBG resolve NULL: glTexStorageMem3DEXT
DBG resolve NULL: glTexStorageMem3DMultisampleEXT
DBG resolve NULL: glBufferStorageMemEXT
DBG resolve NULL: glTextureStorageMem2DEXT
DBG resolve NULL: glTextureStorageMem2DMultisampleEXT
DBG resolve NULL: glTextureStorageMem3DEXT
DBG resolve NULL: glTextureStorageMem3DMultisampleEXT
DBG resolve NULL: glNamedBufferStorageMemEXT
DBG resolve NULL: glTexStorageMem1DEXT
DBG resolve NULL: glTextureStorageMem1DEXT
DBG resolve NULL: glImportMemoryFdEXT
DBG resolve NULL: glImportMemoryWin32HandleEXT
DBG resolve NULL: glImportMemoryWin32NameEXT
DBG resolve NULL: glMultiDrawArraysEXT
DBG resolve NULL: glMultiDrawElementsEXT
DBG resolve NULL: glMultiDrawArraysIndirectEXT
DBG resolve NULL: glMultiDrawElementsIndirectEXT
DBG resolve NULL: glRenderbufferStorageMultisampleEXT
DBG resolve NULL: glFramebufferTexture2DMultisampleEXT
DBG resolve NULL: glReadBufferIndexedEXT
DBG resolve NULL: glDrawBuffersIndexedEXT
DBG resolve NULL: glGetIntegeri_vEXT
DBG resolve NULL: glGenQueriesEXT
DBG resolve NULL: glDeleteQueriesEXT
DBG resolve NULL: glIsQueryEXT
DBG resolve NULL: glBeginQueryEXT
DBG resolve NULL: glEndQueryEXT
DBG resolve NULL: glGetQueryivEXT
DBG resolve NULL: glGetQueryObjectuivEXT
DBG resolve NULL: glPolygonOffsetClampEXT
DBG resolve NULL: glPrimitiveBoundingBoxEXT
DBG resolve NULL: glRasterSamplesEXT
DBG resolve NULL: glGetGraphicsResetStatusEXT
DBG resolve NULL: glReadnPixelsEXT
DBG resolve NULL: glGetnUniformfvEXT
DBG resolve NULL: glGetnUniformivEXT
DBG resolve NULL: glGetUnsignedBytevEXT
DBG resolve NULL: glGetUnsignedBytei_vEXT
DBG resolve NULL: glGenSemaphoresEXT
DBG resolve NULL: glDeleteSemaphoresEXT
DBG resolve NULL: glIsSemaphoreEXT
DBG resolve NULL: glSemaphoreParameterui64vEXT
DBG resolve NULL: glGetSemaphoreParameterui64vEXT
DBG resolve NULL: glWaitSemaphoreEXT
DBG resolve NULL: glSignalSemaphoreEXT
DBG resolve NULL: glImportSemaphoreFdEXT
DBG resolve NULL: glImportSemaphoreWin32HandleEXT
DBG resolve NULL: glImportSemaphoreWin32NameEXT
DBG resolve NULL: glUseShaderProgramEXT
DBG resolve NULL: glActiveProgramEXT
DBG resolve NULL: glCreateShaderProgramEXT
DBG resolve NULL: glActiveShaderProgramEXT
DBG resolve NULL: glBindProgramPipelineEXT
DBG resolve NULL: glCreateShaderProgramvEXT
DBG resolve NULL: glDeleteProgramPipelinesEXT
DBG resolve NULL: glGenProgramPipelinesEXT
DBG resolve NULL: glGetProgramPipelineInfoLogEXT
DBG resolve NULL: glGetProgramPipelineivEXT
DBG resolve NULL: glIsProgramPipelineEXT
DBG resolve NULL: glProgramParameteriEXT
DBG resolve NULL: glProgramUniform1fEXT
DBG resolve NULL: glProgramUniform1fvEXT
DBG resolve NULL: glProgramUniform1iEXT
DBG resolve NULL: glProgramUniform1ivEXT
DBG resolve NULL: glProgramUniform2fEXT
DBG resolve NULL: glProgramUniform2fvEXT
DBG resolve NULL: glProgramUniform2iEXT
DBG resolve NULL: glProgramUniform2ivEXT
DBG resolve NULL: glProgramUniform3fEXT
DBG resolve NULL: glProgramUniform3fvEXT
DBG resolve NULL: glProgramUniform3iEXT
DBG resolve NULL: glProgramUniform3ivEXT
DBG resolve NULL: glProgramUniform4fEXT
DBG resolve NULL: glProgramUniform4fvEXT
DBG resolve NULL: glProgramUniform4iEXT
DBG resolve NULL: glProgramUniform4ivEXT
DBG resolve NULL: glProgramUniformMatrix2fvEXT
DBG resolve NULL: glProgramUniformMatrix3fvEXT
DBG resolve NULL: glProgramUniformMatrix4fvEXT
DBG resolve NULL: glUseProgramStagesEXT
DBG resolve NULL: glValidateProgramPipelineEXT
DBG resolve NULL: glProgramUniform1uiEXT
DBG resolve NULL: glProgramUniform2uiEXT
DBG resolve NULL: glProgramUniform3uiEXT
DBG resolve NULL: glProgramUniform4uiEXT
DBG resolve NULL: glProgramUniform1uivEXT
DBG resolve NULL: glProgramUniform2uivEXT
DBG resolve NULL: glProgramUniform3uivEXT
DBG resolve NULL: glProgramUniform4uivEXT
DBG resolve NULL: glProgramUniformMatrix2x3fvEXT
DBG resolve NULL: glProgramUniformMatrix3x2fvEXT
DBG resolve NULL: glProgramUniformMatrix2x4fvEXT
DBG resolve NULL: glProgramUniformMatrix4x2fvEXT
DBG resolve NULL: glProgramUniformMatrix3x4fvEXT
DBG resolve NULL: glProgramUniformMatrix4x3fvEXT
DBG resolve NULL: glFramebufferFetchBarrierEXT
DBG resolve NULL: glFramebufferPixelLocalStorageSizeEXT
DBG resolve NULL: glGetFramebufferPixelLocalStorageSizeEXT
DBG resolve NULL: glClearPixelLocalStorageuiEXT
DBG resolve NULL: glTexPageCommitmentEXT
DBG resolve NULL: glPatchParameteriEXT
DBG resolve NULL: glTexParameterIivEXT
DBG resolve NULL: glTexParameterIuivEXT
DBG resolve NULL: glGetTexParameterIivEXT
DBG resolve NULL: glGetTexParameterIuivEXT
DBG resolve NULL: glSamplerParameterIivEXT
DBG resolve NULL: glSamplerParameterIuivEXT
DBG resolve NULL: glGetSamplerParameterIivEXT
DBG resolve NULL: glGetSamplerParameterIuivEXT
DBG resolve NULL: glTexBufferEXT
DBG resolve NULL: glTexBufferRangeEXT
DBG resolve NULL: glTexStorage1DEXT
DBG resolve NULL: glTexStorage2DEXT
DBG resolve NULL: glTexStorage3DEXT
DBG resolve NULL: glTextureStorage1DEXT
DBG resolve NULL: glTextureStorage2DEXT
DBG resolve NULL: glTextureStorage3DEXT
DBG resolve NULL: glTexStorageAttribs2DEXT
DBG resolve NULL: glTexStorageAttribs3DEXT
DBG resolve NULL: glTextureViewEXT
DBG resolve NULL: glAcquireKeyedMutexWin32EXT
DBG resolve NULL: glReleaseKeyedMutexWin32EXT
DBG resolve NULL: glWindowRectanglesEXT
DBG resolve NULL: glGetTextureHandleIMG
DBG resolve NULL: glGetTextureSamplerHandleIMG
DBG resolve NULL: glUniformHandleui64IMG
DBG resolve NULL: glUniformHandleui64vIMG
DBG resolve NULL: glProgramUniformHandleui64IMG
DBG resolve NULL: glProgramUniformHandleui64vIMG
DBG resolve NULL: glFramebufferTexture2DDownsampleIMG
DBG resolve NULL: glFramebufferTextureLayerDownsampleIMG
DBG resolve NULL: glRenderbufferStorageMultisampleIMG
DBG resolve NULL: glFramebufferTexture2DMultisampleIMG
DBG resolve NULL: glApplyFramebufferAttachmentCMAAINTEL
DBG resolve NULL: glBeginPerfQueryINTEL
DBG resolve NULL: glCreatePerfQueryINTEL
DBG resolve NULL: glDeletePerfQueryINTEL
DBG resolve NULL: glEndPerfQueryINTEL
DBG resolve NULL: glGetFirstPerfQueryIdINTEL
DBG resolve NULL: glGetNextPerfQueryIdINTEL
DBG resolve NULL: glGetPerfCounterInfoINTEL
DBG resolve NULL: glGetPerfQueryDataINTEL
DBG resolve NULL: glGetPerfQueryIdByNameINTEL
DBG resolve NULL: glGetPerfQueryInfoINTEL
DBG resolve NULL: glBlendBarrierKHR
DBG resolve NULL: glDebugMessageControlKHR
DBG resolve NULL: glDebugMessageInsertKHR
DBG resolve NULL: glDebugMessageCallbackKHR
DBG resolve NULL: glGetDebugMessageLogKHR
DBG resolve NULL: glPushDebugGroupKHR
DBG resolve NULL: glPopDebugGroupKHR
DBG resolve NULL: glObjectLabelKHR
DBG resolve NULL: glGetObjectLabelKHR
DBG resolve NULL: glObjectPtrLabelKHR
DBG resolve NULL: glGetObjectPtrLabelKHR
DBG resolve NULL: glGetPointervKHR
DBG resolve NULL: glMaxShaderCompilerThreadsKHR
DBG resolve NULL: glGetGraphicsResetStatusKHR
DBG resolve NULL: glReadnPixelsKHR
DBG resolve NULL: glGetnUniformfvKHR
DBG resolve NULL: glGetnUniformivKHR
DBG resolve NULL: glGetnUniformuivKHR
DBG resolve NULL: glFramebufferParameteriMESA
DBG resolve NULL: glGetFramebufferParameterivMESA
DBG resolve NULL: glGetTextureHandleNV
DBG resolve NULL: glGetTextureSamplerHandleNV
DBG resolve NULL: glMakeTextureHandleResidentNV
DBG resolve NULL: glMakeTextureHandleNonResidentNV
DBG resolve NULL: glGetImageHandleNV
DBG resolve NULL: glMakeImageHandleResidentNV
DBG resolve NULL: glMakeImageHandleNonResidentNV
DBG resolve NULL: glUniformHandleui64NV
DBG resolve NULL: glUniformHandleui64vNV
DBG resolve NULL: glProgramUniformHandleui64NV
DBG resolve NULL: glProgramUniformHandleui64vNV
DBG resolve NULL: glIsTextureHandleResidentNV
DBG resolve NULL: glIsImageHandleResidentNV
DBG resolve NULL: glBlendParameteriNV
DBG resolve NULL: glBlendBarrierNV
DBG resolve NULL: glViewportPositionWScaleNV
DBG resolve NULL: glBeginConditionalRenderNV
DBG resolve NULL: glEndConditionalRenderNV
DBG resolve NULL: glSubpixelPrecisionBiasNV
DBG resolve NULL: glConservativeRasterParameteriNV
DBG resolve NULL: glCopyBufferSubDataNV
DBG resolve NULL: glCoverageMaskNV
DBG resolve NULL: glCoverageOperationNV
DBG resolve NULL: glDrawBuffersNV
DBG resolve NULL: glDrawArraysInstancedNV
DBG resolve NULL: glDrawElementsInstancedNV
DBG resolve NULL: glDrawVkImageNV
DBG resolve NULL: glGetVkProcAddrNV
DBG resolve NULL: glWaitVkSemaphoreNV
DBG resolve NULL: glSignalVkSemaphoreNV
DBG resolve NULL: glSignalVkFenceNV
DBG resolve NULL: glDeleteFencesNV
DBG resolve NULL: glGenFencesNV
DBG resolve NULL: glIsFenceNV
DBG resolve NULL: glTestFenceNV
DBG resolve NULL: glGetFenceivNV
DBG resolve NULL: glFinishFenceNV
DBG resolve NULL: glSetFenceNV
DBG resolve NULL: glFragmentCoverageColorNV
DBG resolve NULL: glBlitFramebufferNV
DBG resolve NULL: glRasterSamplesEXT
DBG resolve NULL: glCoverageModulationTableNV
DBG resolve NULL: glGetCoverageModulationTableNV
DBG resolve NULL: glCoverageModulationNV
DBG resolve NULL: glRenderbufferStorageMultisampleNV
DBG resolve NULL: glUniform1i64NV
DBG resolve NULL: glUniform2i64NV
DBG resolve NULL: glUniform3i64NV
DBG resolve NULL: glUniform4i64NV
DBG resolve NULL: glUniform1i64vNV
DBG resolve NULL: glUniform2i64vNV
DBG resolve NULL: glUniform3i64vNV
DBG resolve NULL: glUniform4i64vNV
DBG resolve NULL: glUniform1ui64NV
DBG resolve NULL: glUniform2ui64NV
DBG resolve NULL: glUniform3ui64NV
DBG resolve NULL: glUniform4ui64NV
DBG resolve NULL: glUniform1ui64vNV
DBG resolve NULL: glUniform2ui64vNV
DBG resolve NULL: glUniform3ui64vNV
DBG resolve NULL: glUniform4ui64vNV
DBG resolve NULL: glGetUniformi64vNV
DBG resolve NULL: glProgramUniform1i64NV
DBG resolve NULL: glProgramUniform2i64NV
DBG resolve NULL: glProgramUniform3i64NV
DBG resolve NULL: glProgramUniform4i64NV
DBG resolve NULL: glProgramUniform1i64vNV
DBG resolve NULL: glProgramUniform2i64vNV
DBG resolve NULL: glProgramUniform3i64vNV
DBG resolve NULL: glProgramUniform4i64vNV
DBG resolve NULL: glProgramUniform1ui64NV
DBG resolve NULL: glProgramUniform2ui64NV
DBG resolve NULL: glProgramUniform3ui64NV
DBG resolve NULL: glProgramUniform4ui64NV
DBG resolve NULL: glProgramUniform1ui64vNV
DBG resolve NULL: glProgramUniform2ui64vNV
DBG resolve NULL: glProgramUniform3ui64vNV
DBG resolve NULL: glProgramUniform4ui64vNV
DBG resolve NULL: glVertexAttribDivisorNV
DBG resolve NULL: glGetInternalformatSampleivNV
DBG resolve NULL: glGetMemoryObjectDetachedResourcesuivNV
DBG resolve NULL: glResetMemoryObjectParameterNV
DBG resolve NULL: glTexAttachMemoryNV
DBG resolve NULL: glBufferAttachMemoryNV
DBG resolve NULL: glTextureAttachMemoryNV
DBG resolve NULL: glNamedBufferAttachMemoryNV
DBG resolve NULL: glBufferPageCommitmentMemNV
DBG resolve NULL: glTexPageCommitmentMemNV
DBG resolve NULL: glNamedBufferPageCommitmentMemNV
DBG resolve NULL: glTexturePageCommitmentMemNV
DBG resolve NULL: glDrawMeshTasksNV
DBG resolve NULL: glDrawMeshTasksIndirectNV
DBG resolve NULL: glMultiDrawMeshTasksIndirectNV
DBG resolve NULL: glMultiDrawMeshTasksIndirectCountNV
DBG resolve NULL: glUniformMatrix2x3fvNV
DBG resolve NULL: glUniformMatrix3x2fvNV
DBG resolve NULL: glUniformMatrix2x4fvNV
DBG resolve NULL: glUniformMatrix4x2fvNV
DBG resolve NULL: glUniformMatrix3x4fvNV
DBG resolve NULL: glUniformMatrix4x3fvNV
DBG resolve NULL: glGenPathsNV
DBG resolve NULL: glDeletePathsNV
DBG resolve NULL: glIsPathNV
DBG resolve NULL: glPathCommandsNV
DBG resolve NULL: glPathCoordsNV
DBG resolve NULL: glPathSubCommandsNV
DBG resolve NULL: glPathSubCoordsNV
DBG resolve NULL: glPathStringNV
DBG resolve NULL: glPathGlyphsNV
DBG resolve NULL: glPathGlyphRangeNV
DBG resolve NULL: glWeightPathsNV
DBG resolve NULL: glCopyPathNV
DBG resolve NULL: glInterpolatePathsNV
DBG resolve NULL: glTransformPathNV
DBG resolve NULL: glPathParameterivNV
DBG resolve NULL: glPathParameteriNV
DBG resolve NULL: glPathParameterfvNV
DBG resolve NULL: glPathParameterfNV
DBG resolve NULL: glPathDashArrayNV
DBG resolve NULL: glPathStencilFuncNV
DBG resolve NULL: glPathStencilDepthOffsetNV
DBG resolve NULL: glStencilFillPathNV
DBG resolve NULL: glStencilStrokePathNV
DBG resolve NULL: glStencilFillPathInstancedNV
DBG resolve NULL: glStencilStrokePathInstancedNV
DBG resolve NULL: glPathCoverDepthFuncNV
DBG resolve NULL: glCoverFillPathNV
DBG resolve NULL: glCoverStrokePathNV
DBG resolve NULL: glCoverFillPathInstancedNV
DBG resolve NULL: glCoverStrokePathInstancedNV
DBG resolve NULL: glGetPathParameterivNV
DBG resolve NULL: glGetPathParameterfvNV
DBG resolve NULL: glGetPathCommandsNV
DBG resolve NULL: glGetPathCoordsNV
DBG resolve NULL: glGetPathDashArrayNV
DBG resolve NULL: glGetPathMetricsNV
DBG resolve NULL: glGetPathMetricRangeNV
DBG resolve NULL: glGetPathSpacingNV
DBG resolve NULL: glIsPointInFillPathNV
DBG resolve NULL: glIsPointInStrokePathNV
DBG resolve NULL: glGetPathLengthNV
DBG resolve NULL: glPointAlongPathNV
DBG resolve NULL: glMatrixLoad3x2fNV
DBG resolve NULL: glMatrixLoad3x3fNV
DBG resolve NULL: glMatrixLoadTranspose3x3fNV
DBG resolve NULL: glMatrixMult3x2fNV
DBG resolve NULL: glMatrixMult3x3fNV
DBG resolve NULL: glMatrixMultTranspose3x3fNV
DBG resolve NULL: glStencilThenCoverFillPathNV
DBG resolve NULL: glStencilThenCoverStrokePathNV
DBG resolve NULL: glStencilThenCoverFillPathInstancedNV
DBG resolve NULL: glStencilThenCoverStrokePathInstancedNV
DBG resolve NULL: glPathGlyphIndexRangeNV
DBG resolve NULL: glPathGlyphIndexArrayNV
DBG resolve NULL: glPathMemoryGlyphIndexArrayNV
DBG resolve NULL: glProgramPathFragmentInputGenNV
DBG resolve NULL: glGetProgramResourcefvNV
DBG resolve NULL: glPathColorGenNV
DBG resolve NULL: glPathTexGenNV
DBG resolve NULL: glPathFogGenNV
DBG resolve NULL: glGetPathColorGenivNV
DBG resolve NULL: glGetPathColorGenfvNV
DBG resolve NULL: glGetPathTexGenivNV
DBG resolve NULL: glGetPathTexGenfvNV
DBG resolve NULL: glMatrixFrustumEXT
DBG resolve NULL: glMatrixLoadIdentityEXT
DBG resolve NULL: glMatrixLoadTransposefEXT
DBG resolve NULL: glMatrixLoadTransposedEXT
DBG resolve NULL: glMatrixLoadfEXT
DBG resolve NULL: glMatrixLoaddEXT
DBG resolve NULL: glMatrixMultTransposefEXT
DBG resolve NULL: glMatrixMultTransposedEXT
DBG resolve NULL: glMatrixMultfEXT
DBG resolve NULL: glMatrixMultdEXT
DBG resolve NULL: glMatrixOrthoEXT
DBG resolve NULL: glMatrixPopEXT
DBG resolve NULL: glMatrixPushEXT
DBG resolve NULL: glMatrixRotatefEXT
DBG resolve NULL: glMatrixRotatedEXT
DBG resolve NULL: glMatrixScalefEXT
DBG resolve NULL: glMatrixScaledEXT
DBG resolve NULL: glMatrixTranslatefEXT
DBG resolve NULL: glMatrixTranslatedEXT
DBG resolve NULL: glPolygonModeNV
DBG resolve NULL: glReadBufferNV
DBG resolve NULL: glFramebufferSampleLocationsfvNV
DBG resolve NULL: glNamedFramebufferSampleLocationsfvNV
DBG resolve NULL: glResolveDepthValuesNV
DBG resolve NULL: glScissorExclusiveNV
DBG resolve NULL: glScissorExclusiveArrayvNV
DBG resolve NULL: glBindShadingRateImageNV
DBG resolve NULL: glGetShadingRateImagePaletteNV
DBG resolve NULL: glGetShadingRateSampleLocationivNV
DBG resolve NULL: glShadingRateImageBarrierNV
DBG resolve NULL: glShadingRateImagePaletteNV
DBG resolve NULL: glShadingRateSampleOrderNV
DBG resolve NULL: glShadingRateSampleOrderCustomNV
DBG resolve NULL: glCreateSemaphoresNV
DBG resolve NULL: glSemaphoreParameterivNV
DBG resolve NULL: glGetSemaphoreParameterivNV
DBG resolve NULL: glViewportArrayvNV
DBG resolve NULL: glViewportIndexedfNV
DBG resolve NULL: glViewportIndexedfvNV
DBG resolve NULL: glScissorArrayvNV
DBG resolve NULL: glScissorIndexedNV
DBG resolve NULL: glScissorIndexedvNV
DBG resolve NULL: glDepthRangeArrayfvNV
DBG resolve NULL: glDepthRangeIndexedfNV
DBG resolve NULL: glGetFloati_vNV
DBG resolve NULL: glEnableiNV
DBG resolve NULL: glDisableiNV
DBG resolve NULL: glIsEnablediNV
DBG resolve NULL: glViewportSwizzleNV
DBG resolve NULL: glEGLImageTargetTexture2DOES
DBG resolve NULL: glEGLImageTargetRenderbufferStorageOES
DBG resolve NULL: glCopyImageSubDataOES
DBG resolve NULL: glEnableiOES
DBG resolve NULL: glDisableiOES
DBG resolve NULL: glBlendEquationiOES
DBG resolve NULL: glBlendEquationSeparateiOES
DBG resolve NULL: glBlendFunciOES
DBG resolve NULL: glBlendFuncSeparateiOES
DBG resolve NULL: glColorMaskiOES
DBG resolve NULL: glIsEnablediOES
DBG resolve NULL: glDrawElementsBaseVertexOES
DBG resolve NULL: glDrawRangeElementsBaseVertexOES
DBG resolve NULL: glDrawElementsInstancedBaseVertexOES
DBG resolve NULL: glMultiDrawElementsBaseVertexEXT
DBG resolve NULL: glFramebufferTextureOES
DBG resolve NULL: glGetProgramBinaryOES
DBG resolve NULL: glProgramBinaryOES
DBG resolve NULL: glMapBufferOES
DBG resolve NULL: glUnmapBufferOES
DBG resolve NULL: glGetBufferPointervOES
DBG resolve NULL: glPrimitiveBoundingBoxOES
DBG resolve NULL: glMinSampleShadingOES
DBG resolve NULL: glPatchParameteriOES
DBG resolve NULL: glTexImage3DOES
DBG resolve NULL: glTexSubImage3DOES
DBG resolve NULL: glCopyTexSubImage3DOES
DBG resolve NULL: glCompressedTexImage3DOES
DBG resolve NULL: glCompressedTexSubImage3DOES
DBG resolve NULL: glFramebufferTexture3DOES
DBG resolve NULL: glTexParameterIivOES
DBG resolve NULL: glTexParameterIuivOES
DBG resolve NULL: glGetTexParameterIivOES
DBG resolve NULL: glGetTexParameterIuivOES
DBG resolve NULL: glSamplerParameterIivOES
DBG resolve NULL: glSamplerParameterIuivOES
DBG resolve NULL: glGetSamplerParameterIivOES
DBG resolve NULL: glGetSamplerParameterIuivOES
DBG resolve NULL: glTexBufferOES
DBG resolve NULL: glTexBufferRangeOES
DBG resolve NULL: glTexStorage3DMultisampleOES
DBG resolve NULL: glTextureViewOES
DBG resolve NULL: glBindVertexArrayOES
DBG resolve NULL: glDeleteVertexArraysOES
DBG resolve NULL: glGenVertexArraysOES
DBG resolve NULL: glIsVertexArrayOES
DBG resolve NULL: glViewportArrayvOES
DBG resolve NULL: glViewportIndexedfOES
DBG resolve NULL: glViewportIndexedfvOES
DBG resolve NULL: glScissorArrayvOES
DBG resolve NULL: glScissorIndexedOES
DBG resolve NULL: glScissorIndexedvOES
DBG resolve NULL: glDepthRangeArrayfvOES
DBG resolve NULL: glDepthRangeIndexedfOES
DBG resolve NULL: glGetFloati_vOES
DBG resolve NULL: glEnableiOES
DBG resolve NULL: glDisableiOES
DBG resolve NULL: glIsEnablediOES
DBG resolve NULL: glFramebufferTextureMultiviewOVR
DBG resolve NULL: glFramebufferTextureMultisampleMultiviewOVR
DBG resolve NULL: glAlphaFuncQCOM
DBG resolve NULL: glGetDriverControlsQCOM
DBG resolve NULL: glGetDriverControlStringQCOM
DBG resolve NULL: glEnableDriverControlQCOM
DBG resolve NULL: glDisableDriverControlQCOM
DBG resolve NULL: glExtGetTexturesQCOM
DBG resolve NULL: glExtGetBuffersQCOM
DBG resolve NULL: glExtGetRenderbuffersQCOM
DBG resolve NULL: glExtGetFramebuffersQCOM
DBG resolve NULL: glExtGetTexLevelParameterivQCOM
DBG resolve NULL: glExtTexObjectStateOverrideiQCOM
DBG resolve NULL: glExtGetTexSubImageQCOM
DBG resolve NULL: glExtGetBufferPointervQCOM
DBG resolve NULL: glExtGetShadersQCOM
DBG resolve NULL: glExtGetProgramsQCOM
DBG resolve NULL: glExtIsProgramBinaryQCOM
DBG resolve NULL: glExtGetProgramBinarySourceQCOM
DBG resolve NULL: glExtrapolateTex2DQCOM
DBG resolve NULL: glFramebufferFoveationConfigQCOM
DBG resolve NULL: glFramebufferFoveationParametersQCOM
DBG resolve NULL: glTexEstimateMotionQCOM
DBG resolve NULL: glTexEstimateMotionRegionsQCOM
DBG resolve NULL: glFramebufferFetchBarrierQCOM
DBG resolve NULL: glShadingRateQCOM
DBG resolve NULL: glTextureFoveationParametersQCOM
DBG resolve NULL: glStartTilingQCOM
DBG resolve NULL: glEndTilingQCOM

***************************************
*   YoYo Games Android Runner V0.1    *
***************************************	 
Importing GL
... attemping to import GL2
dlsym: no thunk for GL func 'glDiscardFramebufferEXT', returning stub
Finished importing GL
Class RunnerJNILib does not have static method OpenURL.
Class RunnerJNILib does not have static method SendHighScore.
Class RunnerJNILib does not have static method SendAchievement.
Class RunnerJNILib does not have static method IncrementAchievement.
Class RunnerJNILib does not have static method OpenAchievements.
Class RunnerJNILib does not have static method OpenLeaderboards.
Class RunnerJNILib does not have static method AchievementLoadFriends.
Class RunnerJNILib does not have static method AchievementLoadLeaderboard.
Class RunnerJNILib does not have static method CallExtensionFunction.
Class RunnerJNILib does not have static method AchievementLoadPic.
Class RunnerJNILib does not have static method AchievementShow.
Class RunnerJNILib does not have static method AchievementEvent.
Class RunnerJNILib does not have static method AchievementGetInfo.
Class RunnerJNILib does not have static method AchievementLogin.
Class RunnerJNILib does not have static method AchievementLoginStatus.
Class RunnerJNILib does not have static method AchievementLogout.
Class RunnerJNILib does not have static method EnableAds.
Class RunnerJNILib does not have static method MoveAds.
Class RunnerJNILib does not have static method AdsSetup.
Class RunnerJNILib does not have static method AdsRewardCallback.
Class RunnerJNILib does not have static method AdsEngagementLaunch.
Class RunnerJNILib does not have static method PocketChangeDisplayShop.
Class RunnerJNILib does not have static method PocketChangeDisplayReward.
Class RunnerJNILib does not have static method PlayHavenUpdateNotificationBadge.
Class RunnerJNILib does not have static method PlayHavenHideNotificationBadge.
Class RunnerJNILib does not have static method PlayHavenAddNotificationBadge.
Class RunnerJNILib does not have static method PlayHavenPositionNotificationBadge.
Class RunnerJNILib does not have static method AdsEngagementActive.
Class RunnerJNILib does not have static method AdsEngagementAvailable.
Class RunnerJNILib does not have static method AdsInterstitialDisplay.
Class RunnerJNILib does not have static method AdsInterstitialAvailable.
Class RunnerJNILib does not have static method DisableAds.
Class RunnerJNILib does not have static method AdsEvent.
Class RunnerJNILib does not have static method AdsEventPreload.
Class RunnerJNILib does not have static method AdsDisplayWidth.
Class RunnerJNILib does not have static method AdsDisplayHeight.
Class RunnerJNILib does not have static method LeaveRating.
Class RunnerJNILib does not have static method EnableInAppBilling.
Class RunnerJNILib does not have static method RestoreInAppPurchases.
Class RunnerJNILib does not have static method AcquireInAppPurchase.
Class RunnerJNILib does not have static method ConsumeInAppPurchase.
Class RunnerJNILib does not have static method GetInAppPurchaseDetail.
Class RunnerJNILib does not have static method FacebookInit.
Class RunnerJNILib does not have static method FacebookLogin.
Class RunnerJNILib does not have static method FacebookAccessToken.
Class RunnerJNILib does not have static method FacebookUserId.
Class RunnerJNILib does not have static method FacebookGraphRequest.
Class RunnerJNILib does not have static method FacebookDialog.
Class RunnerJNILib does not have static method FacebookInviteDialog.
Class RunnerJNILib does not have static method FacebookLogout.
Class RunnerJNILib does not have static method FacebookLoginStatus.
Class RunnerJNILib does not have static method FacebookCheckPermission.
Class RunnerJNILib does not have static method FacebookRequestPermissions.
Class RunnerJNILib does not have static method HttpGet.
Class RunnerJNILib does not have static method HttpPost.
Class RunnerJNILib does not have static method HttpRequest.
Class RunnerJNILib does not have static method PlayMP3.
Class RunnerJNILib does not have static method StopMP3.
Class RunnerJNILib does not have static method PauseMP3.
Class RunnerJNILib does not have static method ResumeMP3.
Class RunnerJNILib does not have static method SetMP3Volume.
Class RunnerJNILib does not have static method PlayingMP3.
Class RunnerJNILib does not have static method ShowMessage.
Class RunnerJNILib does not have static method InputString.
Class RunnerJNILib does not have static method ShowQuestion.
Class RunnerJNILib does not have static method ShowMessageAsync.
Class RunnerJNILib does not have static method InputStringAsync.
Class RunnerJNILib does not have static method ShowQuestionAsync.
Class RunnerJNILib does not have static method ShowLogin.
Class RunnerJNILib does not have static method RestrictOrientation.
Class RunnerJNILib does not have static method isNetworkConnected.
Class RunnerJNILib does not have static method powersaveEnable.
Class RunnerJNILib does not have static method analyticsEvent.
Class RunnerJNILib does not have static method analyticsEventExt.
Class RunnerJNILib does not have static method cloudStringSave.
Class RunnerJNILib does not have static method cloudSynchronise.
Class RunnerJNILib does not have static method DumpUsedMemory.
Class RunnerJNILib does not have static method UsingGL2.
Class RunnerJNILib does not have static method PushLocalNotification.
Class RunnerJNILib does not have static method PushGetLocalNotification.
Class RunnerJNILib does not have static method PushCancelLocalNotification.
Class RunnerJNILib does not have static method GetUDID.
Loading APK /media/fat/games/gmloader/mygame.apkJust before strdup
CommandLine: -game game.droid
MemoryManager allocated: 57824
Finished Init

***************************************
*     YoYo Games Runner v1.4(1567)[r36800]    *
***************************************	 
RunnerLoadGame: game.droid
_FileExists fail in zip - assets/game.droid
RunnerLoadGame() - /s/game.droid
Checking if INIFile /s/options.ini Exists
/s/options.ini file contents: [Linux]
DisplayName="Maldita Castilla"

OpenAL_Setup_FileExists fail in zip - /s/game.yydebug
Reading File /s/game.droid
Loaded File /s/game.droid(49439338)
IFF wad found
Get Resolution
Get Header Information
InitGMLFunctions
HighScore..Game..Math..Graphic..Action..File..Resource..Interaction..3D..Particle..Misc..DS..Sound..Physics..Gamepad..GAMEPAD: 2 axis values (last) at 0x37ce030
Class RunnerJNILib does not have static method GamepadsCount.
Class RunnerJNILib does not have static method GamepadConnected.
Class RunnerJNILib does not have static method GamepadDescription.
Class RunnerJNILib does not have static method GamepadButtonValues.
Class RunnerJNILib does not have static method GamepadGMLMapping.
Buffers..Networking..Shaders..InitPushFunctions...YoYo..Fini
Code_Load()
VARI_Load()
ID_STRG
Create Window
Init Graphics
GR_D3D_Init()
OpenGL: version string OpenGL ES 3.2 Mesa 21.3.9
OpenGL: vendor string Mesa/X.org
OpenGL GLSL: version string OpenGL ES GLSL ES 3.20
OpenGL: 24bit depth supported
OpenGL: packed 24bit depth/8bit stencil supported
OpenGL: seperate 8bit stencil supported
Check TextureID
finished!!
Texture #1 16,16
Texture #2 16,16
Check TextureID
finished!!
Background_InitTextures()
Sprite_InitTextures()
Font_InitTextures()
IO Init
Process Messages
Splash!
Start Frame
Part Create Textures
Debug Init Remote Interface
VM Init
Create Score Form
Create Load Form
Create Error Form
Do The Work
LoadGameData()
initialise everything!
Process Chunk: GEN8   416
Process Chunk: OPTN   88
Process Chunk: EXTN   4
Process Chunk: SOND   4124
Audio_Load()
Process Chunk: AGRP   4
AudioGroup_Load()
Process Chunk: SPRT   348884
Process Chunk: BGND   1468
Process Chunk: PATH   5164
Process Chunk: SCPT   100
Process Chunk: SHDR   4
Process Chunk: FONT   516
Process Chunk: TMLN   4
Process Chunk: OBJT   200796
Process Chunk: ROOM   653876
Process Chunk: DAFL   0
Process Chunk: TPAG   61052
Process Chunk: CODE   269656
Process Chunk: VARI   2868
Process Chunk: FUNC   1212
Process Chunk: STRG   122172
Process Chunk: TXTR   2159808
Process Chunk: AUDO   45606938
Audio_WAVs()
PrepareGame()
Extension_Prepare() 
Code_Constant_Prepare() 
Script_Prepare() 
TimeLine_Prepare() 
Object_Prepare() 
Preparing 435 objects:
	Objects 0: bsc_player
	Objects 1: obj_player
	Objects 2: obj_player_victory
	Objects 3: obj_player_dead
	Objects 4: obj_player_start
	Objects 5: obj_player_start_carriage
	Objects 6: obj_player_start_cloud
	Objects 7: obj_player_start_friends
	Objects 8: obj_player_start_tombs
	Objects 9: obj_player_start_seal
	Objects 10: obj_player_start_seal_closed
	Objects 11: obj_player_start_trumpet
	Objects 12: obj_player_start_rumbling
	Objects 13: obj_player_start_final_love
	Objects 14: obj_player_perfect_end
	Objects 15: bsc_weapon
	Objects 16: obj_weapon_sword
	Objects 17: obj_weapon_knife
	Objects 18: obj_weapon_axe
	Objects 19: obj_weapon_sickle
	Objects 20: obj_weapon_balls
	Objects 21: obj_weapon_bomb
	Objects 22: obj_protection_fall
	Objects 23: obj_weapon_fairy
	Objects 24: obj_weapon_fairy_running
	Objects 25: obj_weapon_fairy_bullet
	Objects 26: obj_control
	Objects 27: obj_music
	Objects 28: obj_pause
	Objects 29: obj_pause_menu
	Objects 30: obj_old_tv
	Objects 31: obj_parallax_scrolling
	Objects 32: obj_check
	Objects 33: obj_fade_in
	Objects 34: obj_fade_out
	Objects 35: obj_go
	Objects 36: obj_go_down
	Objects 37: obj_message
	Objects 38: obj_boss_health
	Objects 39: obj_desintegrator
	Objects 40: obj_title_screen
	Objects 41: obj_game_over
	Objects 42: obj_continue
	Objects 43: obj_map
	Objects 44: obj_title_spark
	Objects 45: obj_pointer
	Objects 46: obj_region
	Objects 47: obj_skipper
	Objects 48: obj_wall
	Objects 49: obj_wall_32_16
	Objects 50: obj_secret_wall
	Objects 51: obj_wall_128x32
	Objects 52: obj_wall_32x128
	Objects 53: obj_platform
	Objects 54: obj_platform_16
	Objects 55: obj_platform_64
	Objects 56: obj_wall_diagonal_down
	Objects 57: obj_wall_diagonal_up
	Objects 58: obj_wall_ramp_down
	Objects 59: obj_wall_ramp_up
	Objects 60: obj_wall_diagonal_high_up
	Objects 61: obj_wall_diagonal_high_down
	Objects 62: obj_stop
	Objects 63: obj_stop_16
	Objects 64: obj_background_hider
	Objects 65: obj_background_loader
	Objects 66: obj_screen_shake
	Objects 67: obj_ladder
	Objects 68: obj_magic_platform
	Objects 69: bsc_enemy
	Objects 70: obj_snake_bird
	Objects 71: obj_snake
	Objects 72: obj_snake_enter
	Objects 73: obj_crow_eating
	Objects 74: obj_crow
	Objects 75: obj_flying_head_enter
	Objects 76: obj_flying_head
	Objects 77: obj_flying_head_row_01
	Objects 78: obj_flying_head_row_02
	Objects 79: obj_flying_head_row_03
	Objects 80: obj_flying_head_row_04
	Objects 81: obj_worm_enter
	Objects 82: obj_worm
	Objects 83: obj_owl
	Objects 84: obj_owl_with_chest
	Objects 85: obj_bat_generator
	Objects 86: obj_fire_skull
	Objects 87: obj_fly
	Objects 88: obj_firefly
	Objects 89: obj_firefly_small
	Objects 90: obj_plant
	Objects 91: obj_plant_flower
	Objects 92: obj_bubble
	Objects 93: obj_cauldron_bubble
	Objects 94: obj_small_demon
	Objects 95: obj_small_demon_enter
	Objects 96: obj_zombie
	Objects 97: obj_zombie_half
	Objects 98: obj_zombie_buried
	Objects 99: obj_decapitated
	Objects 100: obj_decapitated_waiting
	Objects 101: obj_knife_armor
	Objects 102: obj_sword_armor
	Objects 103: obj_sword_armor_fall
	Objects 104: obj_zombie_archer
	Objects 105: obj_egg_generator
	Objects 106: obj_egg
	Objects 107: obj_egg_hurt
	Objects 108: obj_harpy
	Objects 109: obj_colacho_enter
	Objects 110: obj_colacho
	Objects 111: obj_colacho_generator
	Objects 112: obj_skeleton
	Objects 113: obj_skeleton_hurt
	Objects 114: obj_water_ghost_rising
	Objects 115: obj_water_ghost_rising_back
	Objects 116: obj_water_ghost_fall
	Objects 117: obj_water_ghost
	Objects 118: obj_water_ghost_drops
	Objects 119: obj_siren_chat
	Objects 120: obj_siren
	Objects 121: obj_mandragore
	Objects 122: obj_mandragore_die
	Objects 123: obj_malismo
	Objects 124: obj_skeleton_library
	Objects 125: obj_skeleton_library_hurt
	Objects 126: obj_lizard_cross
	Objects 127: obj_lizard_cross_die
	Objects 128: obj_lizard_cross_destroyed
	Objects 129: obj_butcher
	Objects 130: obj_cuegle
	Objects 131: obj_dragon
	Objects 132: obj_tower_face
	Objects 133: obj_tower_face_die
	Objects 134: obj_forest_face
	Objects 135: obj_forest_face_enter
	Objects 136: obj_fire_snake
	Objects 137: obj_fire_snake_body
	Objects 138: obj_fly_nest
	Objects 139: obj_fly_nest_hurt
	Objects 140: obj_golem_pillar
	Objects 141: obj_golem_pillar_destroyed
	Objects 142: obj_ojancano
	Objects 143: obj_cauldron_creature
	Objects 144: obj_cauldron
	Objects 145: obj_cauldron_fall
	Objects 146: obj_blood_dragon_enter
	Objects 147: obj_blood_dragon
	Objects 148: obj_demon
	Objects 149: obj_gold_hand
	Objects 150: bsc_boss
	Objects 151: obj_unheaded_knight
	Objects 152: obj_unheaded_knight_boss
	Objects 153: obj_unheaded_knight_boss_corpse
	Objects 154: obj_unheaded_knight_sword
	Objects 155: obj_fire_ground_bullet
	Objects 156: obj_insolent
	Objects 157: obj_insolent_body
	Objects 158: obj_insolent_sight
	Objects 159: obj_insolent_sight_body
	Objects 160: obj_insolent_fly
	Objects 161: obj_vomit
	Objects 162: obj_vomit_ground
	Objects 163: obj_hell_insolent
	Objects 164: obj_hell_insolent_body
	Objects 165: obj_hell_insolent_enter
	Objects 166: obj_vulture
	Objects 167: obj_vulture_die
	Objects 168: obj_vulture_sight
	Objects 169: obj_nuberu
	Objects 170: obj_nuberu_enter
	Objects 171: obj_nuberu_die
	Objects 172: obj_wind_bullet
	Objects 173: obj_thunder_seed
	Objects 174: obj_thunder_bullet
	Objects 175: obj_cloud
	Objects 176: obj_cloud_background_1
	Objects 177: obj_cloud_background_2
	Objects 178: obj_cloud_descent
	Objects 179: obj_manticore
	Objects 180: obj_manticore_die
	Objects 181: obj_hell_manticore
	Objects 182: obj_hell_manticore_enter
	Objects 183: obj_quixote
	Objects 184: obj_quixote_die
	Objects 185: obj_fire_ball
	Objects 186: obj_paper_bullet
	Objects 187: obj_quixote_axe
	Objects 188: obj_turtle
	Objects 189: obj_turtle_die
	Objects 190: obj_turtle_bullet
	Objects 191: obj_torch_demon_boss
	Objects 192: obj_torch_demon_boss_chat
	Objects 193: obj_torch_demon_die
	Objects 194: obj_torch_demon
	Objects 195: obj_torch_demon_chat
	Objects 196: obj_torch_demon_defeated
	Objects 197: obj_ghost_rush
	Objects 198: obj_big_ghost
	Objects 199: obj_flying_head_boss
	Objects 200: obj_ghost_flame
	Objects 201: obj_ghost_bullet_01
	Objects 202: obj_ghost_bullet_02
	Objects 203: obj_champion_B_boss_enter
	Objects 204: obj_champion_B_boss
	Objects 205: obj_champion_C_boss_enter
	Objects 206: obj_champion_C_boss
	Objects 207: obj_champion_B_axe_bullet
	Objects 208: obj_champion_clear
	Objects 209: obj_witch_snakes
	Objects 210: obj_witch_enter
	Objects 211: obj_witch
	Objects 212: obj_witch_hurt
	Objects 213: obj_witch_transformation
	Objects 214: obj_snake_witch
	Objects 215: obj_snake_witch_corpse
	Objects 216: obj_witch_dress
	Objects 217: obj_death_armor
	Objects 218: obj_death_armor_die
	Objects 219: obj_death_armor_parts
	Objects 220: obj_death_armor_bleeding
	Objects 221: obj_demon_court
	Objects 222: obj_demon_court_background
	Objects 223: obj_luzfarel_background
	Objects 224: obj_luzfarel
	Objects 225: obj_luzfarel_wings
	Objects 226: obj_luzfarel_die
	Objects 227: obj_luzfarel_wide_attack
	Objects 228: obj_luzfarel_heart
	Objects 229: obj_luzfarel_heart_die
	Objects 230: obj_luzfarel_heart_libertaion
	Objects 231: obj_heart_attack
	Objects 232: obj_liberated_soul
	Objects 233: bsc_bullet
	Objects 234: obj_fire_bullet
	Objects 235: obj_fire_bullet_aimed
	Objects 236: obj_fire_bullet_killer
	Objects 237: obj_fireball_bullet
	Objects 238: obj_circle_bullet_forest
	Objects 239: obj_circle_bullet_tower
	Objects 240: obj_axe_bullet
	Objects 241: obj_bouncer_bullet
	Objects 242: obj_fire_line
	Objects 243: obj_owl_cauldron
	Objects 244: obj_knife_bullet
	Objects 245: obj_bone
	Objects 246: obj_enemy_sword
	Objects 247: obj_arrow
	Objects 248: obj_basto
	Objects 249: obj_seed_bullet
	Objects 250: bsc_trap
	Objects 251: obj_barrel_bouncing
	Objects 252: obj_barrel_rolling
	Objects 253: obj_barrel_broken
	Objects 254: obj_swamp_ball
	Objects 255: obj_swamp_ball_bouncing
	Objects 256: obj_spear
	Objects 257: obj_spike_poster
	Objects 258: obj_cave_spikes
	Objects 259: obj_cave_spikes_blood
	Objects 260: obj_cave_spikes_small
	Objects 261: obj_branches
	Objects 262: obj_cave_water
	Objects 263: obj_forest_water
	Objects 264: obj_deadly_ground
	Objects 265: obj_swamp_water
	Objects 266: obj_blood_water
	Objects 267: obj_fire_rain
	Objects 268: obj_grillon_door
	Objects 269: obj_grillon
	Objects 270: obj_bonus_timer
	Objects 271: obj_zombie_back
	Objects 272: obj_snake_bird_back
	Objects 273: obj_decapitated_back
	Objects 274: obj_harpy_back
	Objects 275: obj_sword_armor_back
	Objects 276: obj_fire_skull_back
	Objects 277: obj_malismo_back
	Objects 278: obj_mandragore_back
	Objects 279: obj_small_demon_back
	Objects 280: bsc_effect
	Objects 281: obj_blood_hit
	Objects 282: obj_hit
	Objects 283: obj_weapon_hit
	Objects 284: obj_blood_cut
	Objects 285: obj_blood_explosion
	Objects 286: obj_stone_hit
	Objects 287: obj_stone_explosion
	Objects 288: obj_fire_explosion
	Objects 289: obj_fire_hit
	Objects 290: obj_ghost_hit
	Objects 291: obj_stone_fragment
	Objects 292: obj_wood_fragment
	Objects 293: obj_corpse
	Objects 294: obj_die_burning
	Objects 295: obj_die_ghosting
	Objects 296: obj_die_bleeding
	Objects 297: obj_points
	Objects 298: obj_heart
	Objects 299: bsc_item
	Objects 300: obj_chest
	Objects 301: obj_chest_open
	Objects 302: obj_secret_item
	Objects 303: obj_buried_item
	Objects 304: obj_fairy_chest
	Objects 305: obj_coin
	Objects 306: obj_coin_bag
	Objects 307: obj_small_cup
	Objects 308: obj_inkwell
	Objects 309: obj_ring
	Objects 310: obj_cup
	Objects 311: obj_rosario
	Objects 312: obj_1up
	Objects 313: obj_meat
	Objects 314: obj_meat_big
	Objects 315: obj_amadis
	Objects 316: obj_scroll
	Objects 317: obj_time
	Objects 318: obj_gamusino
	Objects 319: obj_sword_dame
	Objects 320: obj_potion
	Objects 321: obj_boots
	Objects 322: obj_magic_sphere
	Objects 323: obj_protection
	Objects 324: obj_fairy_item
	Objects 325: obj_key
	Objects 326: obj_blood_gem
	Objects 327: obj_cross
	Objects 328: obj_cross_spark
	Objects 329: obj_item_weapon
	Objects 330: bsc_surrounding
	Objects 331: obj_intro
	Objects 332: obj_king_intro
	Objects 333: obj_king_champions
	Objects 334: obj_bad_ending_king
	Objects 335: obj_bad_ending_player
	Objects 336: obj_bad_ending_demon
	Objects 337: obj_good_ending_king
	Objects 338: obj_good_ending_player
	Objects 339: obj_player_credits
	Objects 340: obj_blood_gem_seal
	Objects 341: obj_blood_gem_sealed
	Objects 342: obj_hell_gate_eyes
	Objects 343: obj_hell_gate
	Objects 344: obj_pact_with_death
	Objects 345: obj_pact_with_dead_end
	Objects 346: obj_witch_lover_ghost
	Objects 347: obj_witch_ghost
	Objects 348: obj_floating_soul
	Objects 349: obj_heart_seal
	Objects 350: obj_player_eating
	Objects 351: obj_king_eating
	Objects 352: obj_guess_eating
	Objects 353: obj_guess_fairy
	Objects 354: obj_sculptor
	Objects 355: obj_troubadour
	Objects 356: obj_sculpture_focus
	Objects 357: obj_merits
	Objects 358: obj_the_end_good
	Objects 359: obj_the_end_bad
	Objects 360: obj_storm
	Objects 361: obj_storm_light
	Objects 362: obj_storm_light_generator
	Objects 363: obj_house_door
	Objects 364: obj_house_window
	Objects 365: obj_door
	Objects 366: obj_door_closing
	Objects 367: obj_head_finder
	Objects 368: obj_head_finder_head
	Objects 369: obj_town_fountain
	Objects 370: obj_chain_lamp
	Objects 371: obj_chain_lamp_platform
	Objects 372: obj_winery_movement
	Objects 373: obj_carriage
	Objects 374: obj_carriage_continue
	Objects 375: obj_road_rock
	Objects 376: obj_champion_A
	Objects 377: obj_champion_A_dead
	Objects 378: obj_champion_B
	Objects 379: obj_champion_C
	Objects 380: obj_enemy_generator
	Objects 381: obj_flying_platform
	Objects 382: obj_molino_center
	Objects 383: obj_molino
	Objects 384: obj_molino_broken
	Objects 385: obj_foreground_trees
	Objects 386: obj_alcazar_gate
	Objects 387: obj_prison_door
	Objects 388: obj_back_door
	Objects 389: obj_bed
	Objects 390: obj_candle
	Objects 391: obj_mechanism
	Objects 392: object266
	Objects 393: obj_twisted_tower
	Objects 394: obj_tower_elevator
	Objects 395: obj_burning_library
	Objects 396: obj_library_door
	Objects 397: obj_ashes
	Objects 398: obj_burning_foreground
	Objects 399: obj_burning_background
	Objects 400: obj_book_pile
	Objects 401: obj_turtle_platform
	Objects 402: obj_backbone_fall
	Objects 403: obj_backbone_up_fall
	Objects 404: obj_skeleton_secret
	Objects 405: obj_skeleton_secret_switch
	Objects 406: obj_torch_off
	Objects 407: obj_cave_darkness
	Objects 408: obj_ceil_trap
	Objects 409: obj_stone_door
	Objects 410: obj_go_with_delay
	Objects 411: obj_mist
	Objects 412: obj_little_house
	Objects 413: obj_little_tower
	Objects 414: obj_bck_forest
	Objects 415: obj_forest_door
	Objects 416: obj_tree_door
	Objects 417: obj_tree_back_door
	Objects 418: obj_san_martin
	Objects 419: obj_ceil_candle
	Objects 420: obj_ground_candle
	Objects 421: obj_cauldron_ground
	Objects 422: obj_cauldron_ground_melt
	Objects 423: obj_boat
	Objects 424: obj_boat_skeleton
	Objects 425: obj_trumpet_skeleton
	Objects 426: obj_moving_cadaver
	Objects 427: obj_glass_background
	Objects 428: obj_flag_castile
	Objects 429: obj_cathedral_door
	Objects 430: obj_ground_door
	Objects 431: obj_broken_floor
	Objects 432: obj_broken_floor_fall
	Objects 433: obj_dinner_cup
	Objects 434: obj_dinner_dish
Room_Prepare() 
Sound_Prepare() 
LOG[yoyo]: AL lib: (EE) alc_opensl_init: Using AudioTrack
AL lib: (EE) alc_opensl_init: Using AudioTrackMisterAudio: track 1 open (22050 Hz, 2 ch, push)
InitGraphics() 
Finished PrepareGame() 
- PrepareGame done.
Run_Start
StartGame()
Unable to find file in zip - assets/config.ini
Unable to find file in zip - assets/config.ini
StartGame() - DONE
Total memory used = 52624092(0x400b35e4) bytes
**********************************.
Entering main loop.
**********************************.
Finished BeginToEnd, default frame buffer is: 0
DRAWTRACE enabled
BLITTER enabled (level 2, own=1, render 288x216 -> DDR 288x216, tex=RGBA8888, opaque=1, cull=1)
Controller 'Zaparoo' assigned to player 0.
JOYSRC transport=shm
Texture #3 2048,2048
BLIT hooks fired: useprog=1 vap=3 envap=3 bindbuf=0 bufdata=0 getuloc=0 unimat=1 | shadow buffers=0 mats=5
BLIT draw#1 arrays rt=FBO tex=5(2048x2048 val=1) blend=ALPHA decoded=12/12 rast=1 cull=- screen=[0,0..288,216]
BLIT draw#2 arrays rt=DEF tex=4(512x256 val=1) blend=NONE decoded=6/6 rast=1 cull=- screen=[0,0..288,216]
MFVTX prev[0] xy=0.00,216.00 uv=0.0000,0.0000 rgba=1.000,1.000,1.000,1.000 | cur[0] xy=0.00,216.00 uv=0.0000,0.0000 rgba=1.000,1.000,1.000,1.000
MFVTX prev[1] xy=288.00,216.00 uv=0.5625,0.0000 rgba=1.000,1.000,1.000,1.000 | cur[1] xy=288.00,216.00 uv=0.5625,0.0000 rgba=1.000,1.000,1.000,1.000
MFVTX prev[2] xy=288.00,0.00 uv=0.5625,0.8438 rgba=1.000,1.000,1.000,1.000 | cur[2] xy=288.00,0.00 uv=0.5625,0.8438 rgba=1.000,1.000,1.000,1.000
MFVTX prev[3] xy=288.00,0.00 uv=0.5625,0.8438 rgba=1.000,1.000,1.000,1.000 | cur[3] xy=288.00,0.00 uv=0.5625,0.8438 rgba=1.000,1.000,1.000,1.000
MFVTX prev[4] xy=0.00,0.00 uv=0.0000,0.8438 rgba=1.000,1.000,1.000,1.000 | cur[4] xy=0.00,0.00 uv=0.0000,0.8438 rgba=1.000,1.000,1.000,1.000
MFVTX prev[5] xy=0.00,216.00 uv=0.0000,0.0000 rgba=1.000,1.000,1.000,1.000 | cur[5] xy=0.00,216.00 uv=0.0000,0.0000 rgba=1.000,1.000,1.000,1.000
BLIT draw#3 arrays rt=DEF tex=4(512x256 val=1) blend=ALPHA decoded=6/6 rast=1 cull=- screen=[0,0..288,216]
BLIT draw#4 arrays rt=DEF tex=4(512x256 val=1) blend=ALPHA decoded=6/6 rast=1 cull=- screen=[0,0..288,216]
Texture #3 2048,2048
BLIT draw#5 arrays rt=DEF tex=6(2048x2048 val=1) blend=ALPHA decoded=6/6 rast=1 cull=- screen=[0,0..288,216]
frame-cap: scanout period 1642740 cyc = 16.6882 ms (59.9228 Hz); burst=2; mode=scanout
BLIT draw#6 arrays rt=FBO tex=5(2048x2048 val=1) blend=ALPHA decoded=12/12 rast=1 cull=- screen=[0,0..288,216]
BLIT draw#7 arrays rt=DEF tex=4(512x256 val=1) blend=ALPHA decoded=6/6 rast=1 cull=- screen=[0,0..288,216]
BLIT draw#8 arrays rt=DEF tex=4(512x256 val=1) blend=ALPHA decoded=6/6 rast=1 cull=- screen=[0,0..288,216]
BLIT draw#9 arrays rt=DEF tex=6(2048x2048 val=1) blend=ALPHA decoded=6/6 rast=1 cull=- screen=[0,0..288,216]
BLIT draw#10 arrays rt=FBO tex=5(2048x2048 val=1) blend=ALPHA decoded=12/12 rast=1 cull=- screen=[0,0..288,216]
BLIT draw#11 arrays rt=DEF tex=4(512x256 val=1) blend=ALPHA decoded=6/6 rast=1 cull=- screen=[0,0..288,216]
BLIT draw#12 arrays rt=DEF tex=4(512x256 val=1) blend=ALPHA decoded=6/6 rast=1 cull=- screen=[0,0..288,216]
BLIT draw#13 arrays rt=DEF tex=6(2048x2048 val=1) blend=ALPHA decoded=6/6 rast=1 cull=- screen=[0,0..288,216]
BLIT draw#14 arrays rt=FBO tex=5(2048x2048 val=1) blend=ALPHA decoded=12/12 rast=1 cull=- screen=[0,0..288,216]
BLIT draw#15 arrays rt=DEF tex=4(512x256 val=1) blend=ALPHA decoded=6/6 rast=1 cull=- screen=[0,0..288,216]
BLIT draw#16 arrays rt=DEF tex=4(512x256 val=1) blend=ALPHA decoded=6/6 rast=1 cull=- screen=[0,0..288,216]
BLIT draw#17 arrays rt=DEF tex=6(2048x2048 val=1) blend=ALPHA decoded=6/6 rast=1 cull=- screen=[0,0..288,216]
BLIT draw#18 arrays rt=FBO tex=5(2048x2048 val=1) blend=ALPHA decoded=12/12 rast=1 cull=- screen=[0,0..288,216]
BLIT draw#19 arrays rt=DEF tex=4(512x256 val=1) blend=ALPHA decoded=6/6 rast=1 cull=- screen=[0,0..288,216]
BLIT draw#20 arrays rt=DEF tex=4(512x256 val=1) blend=ALPHA decoded=6/6 rast=1 cull=- screen=[0,0..288,216]
BLIT draw#21 arrays rt=DEF tex=6(2048x2048 val=1) blend=ALPHA decoded=6/6 rast=1 cull=- screen=[0,0..288,216]
BLIT draw#22 arrays rt=FBO tex=5(2048x2048 val=1) blend=ALPHA decoded=12/12 rast=1 cull=- screen=[0,0..288,216]
BLIT draw#23 arrays rt=DEF tex=4(512x256 val=1) blend=ALPHA decoded=6/6 rast=1 cull=- screen=[0,0..288,216]
BLIT draw#24 arrays rt=DEF tex=4(512x256 val=1) blend=ALPHA decoded=6/6 rast=1 cull=- screen=[0,0..288,216]
DRAWTRACE f=30 draws=0 verts=0 vp=289x217 | render=0.0ms logic=12.7ms (clear=0.0ms x0) capture=0.1ms frame=12.8ms nonTRI=0
BLITPROF f=30 draws=4 tris=8 culled=0 | raster=0.1 clear=0.0 texup=0.0 present=0.0 logic=12.6 ms
MFSUBMIT n=30 wait_ms[avg=21.52] fabric_ms[frame=16.77 tri=10.98 texwait=1.43 dpath=9.54 ovhd=5.79] cov_px=155520 cov_px_est=155520 est_ratio=1.00 overdraw=2.50 cyc_px=6.0 cov_src=exact spin_avg=4981 to=0
MFSEAM n=30 period=21.76 host=14.91 block=6.84 pub=0.00 notice=0.29 blocked=53% suspect=0 incomplete=0 host_hist=0/0/0/1/1/12/6/10 pub_hist=30/0/0/0/0/0/0/0
DRAWTRACE f=60 draws=0 verts=0 vp=289x217 | render=0.0ms logic=16.7ms (clear=0.0ms x0) capture=0.0ms frame=16.7ms nonTRI=0
BLITPROF f=60 draws=4 tris=8 culled=0 | raster=0.0 clear=0.0 texup=0.0 present=0.0 logic=16.6 ms
MFSUBMIT n=60 wait_ms[avg=16.41] fabric_ms[frame=10.63 tri=8.60 texwait=0.98 dpath=7.63 ovhd=2.03] cov_px=124416 cov_px_est=124416 est_ratio=1.00 overdraw=2.00 cyc_px=6.0 cov_src=exact spin_avg=26 to=0
MFSEAM n=30 period=16.57 host=16.37 block=0.19 pub=0.00 notice=0.01 blocked=3% suspect=0 incomplete=0 host_hist=0/0/0/0/0/0/17/13 pub_hist=30/0/0/0/0/0/0/0
Texture #3 1024,2048
DRAWTRACE f=90 draws=0 verts=0 vp=289x217 | render=0.0ms logic=12.8ms (clear=0.0ms x0) capture=0.1ms frame=12.9ms nonTRI=0
BLITPROF f=90 draws=5 tris=18 culled=0 | raster=0.2 clear=0.0 texup=0.0 present=0.0 logic=12.6 ms
MFSUBMIT n=90 wait_ms[avg=24.47] fabric_ms[frame=10.65 tri=8.62 texwait=0.98 dpath=7.64 ovhd=2.04] cov_px=124507 cov_px_est=124507 est_ratio=1.00 overdraw=2.00 cyc_px=6.0 cov_src=exact spin_avg=196 to=0
MFSEAM n=30 period=24.66 host=24.12 block=0.53 pub=0.00 notice=0.17 blocked=7% suspect=0 incomplete=0 host_hist=0/0/0/0/1/0/15/14 pub_hist=30/0/0/0/0/0/0/0
DRAWTRACE f=120 draws=0 verts=0 vp=289x217 | render=0.0ms logic=16.4ms (clear=0.0ms x0) capture=0.0ms frame=16.5ms nonTRI=0
BLITPROF f=120 draws=5 tris=18 culled=0 | raster=0.2 clear=0.0 texup=0.0 present=0.0 logic=16.2 ms
MFSUBMIT n=120 wait_ms[avg=16.46] fabric_ms[frame=10.67 tri=8.63 texwait=0.98 dpath=7.65 ovhd=2.03] cov_px=124664 cov_px_est=124664 est_ratio=1.00 overdraw=2.00 cyc_px=6.0 cov_src=exact spin_avg=25 to=0
MFSEAM n=30 period=16.56 host=16.42 block=0.14 pub=0.00 notice=0.01 blocked=3% suspect=0 incomplete=0 host_hist=0/0/0/0/0/0/18/12 pub_hist=30/0/0/0/0/0/0/0
DRAWTRACE f=150 draws=0 verts=0 vp=289x217 | render=0.0ms logic=17.6ms (clear=0.0ms x0) capture=0.0ms frame=17.7ms nonTRI=0
BLITPROF f=150 draws=5 tris=28 culled=0 | raster=0.2 clear=0.0 texup=0.0 present=0.0 logic=17.4 ms
MFSUBMIT n=150 wait_ms[avg=16.57] fabric_ms[frame=10.70 tri=8.65 texwait=0.98 dpath=7.67 ovhd=2.05] cov_px=124840 cov_px_est=124840 est_ratio=1.00 overdraw=2.01 cyc_px=6.0 cov_src=exact spin_avg=0 to=0
MFSEAM n=30 period=16.68 host=16.57 block=0.10 pub=0.00 notice=0.00 blocked=0% suspect=0 incomplete=0 host_hist=0/0/0/0/0/0/18/12 pub_hist=30/0/0/0/0/0/0/0
DRAWTRACE f=180 draws=0 verts=0 vp=289x217 | render=0.0ms logic=11.9ms (clear=0.0ms x0) capture=0.1ms frame=11.9ms nonTRI=0
BLITPROF f=180 draws=5 tris=28 culled=0 | raster=0.1 clear=0.0 texup=0.0 present=0.0 logic=11.7 ms
MFSUBMIT n=180 wait_ms[avg=16.55] fabric_ms[frame=10.71 tri=8.66 texwait=0.98 dpath=7.67 ovhd=2.06] cov_px=124904 cov_px_est=124904 est_ratio=1.00 overdraw=2.01 cyc_px=6.0 cov_src=exact spin_avg=3 to=0
MFSEAM n=30 period=16.71 host=16.54 block=0.16 pub=0.00 notice=0.01 blocked=3% suspect=0 incomplete=0 host_hist=0/0/0/0/0/0/16/14 pub_hist=30/0/0/0/0/0/0/0
DRAWTRACE f=210 draws=0 verts=0 vp=289x217 | render=0.0ms logic=10.8ms (clear=0.0ms x0) capture=9.7ms frame=20.5ms nonTRI=0
BLITPROF f=210 draws=4 tris=10 culled=0 | raster=0.1 clear=0.0 texup=0.0 present=0.0 logic=10.7 ms
MFSUBMIT n=210 wait_ms[avg=16.77] fabric_ms[frame=11.36 tri=9.13 texwait=1.08 dpath=8.05 ovhd=2.23] cov_px=131076 cov_px_est=131076 est_ratio=1.00 overdraw=2.11 cyc_px=6.0 cov_src=exact spin_avg=526 to=0
MFSEAM n=30 period=16.91 host=16.06 block=0.85 pub=0.00 notice=1.63 blocked=10% suspect=0 incomplete=0 host_hist=0/0/0/0/0/0/20/10 pub_hist=30/0/0/0/0/0/0/0
DRAWTRACE f=240 draws=0 verts=0 vp=289x217 | render=0.0ms logic=16.4ms (clear=0.0ms x0) capture=0.1ms frame=16.4ms nonTRI=0
BLITPROF f=240 draws=4 tris=10 culled=0 | raster=0.1 clear=0.0 texup=0.0 present=0.0 logic=16.3 ms
MFSUBMIT n=240 wait_ms[avg=16.34] fabric_ms[frame=15.45 tri=13.42 texwait=1.96 dpath=11.46 ovhd=2.03] cov_px=186624 cov_px_est=186624 est_ratio=1.00 overdraw=3.00 cyc_px=6.0 cov_src=exact spin_avg=1223 to=0
MFSEAM n=30 period=16.49 host=14.67 block=1.82 pub=0.00 notice=0.22 blocked=50% suspect=0 incomplete=0 host_hist=0/0/0/0/0/1/20/9 pub_hist=30/0/0/0/0/0/0/0
DRAWTRACE f=270 draws=0 verts=0 vp=289x217 | render=0.0ms logic=15.6ms (clear=0.0ms x0) capture=0.0ms frame=15.7ms nonTRI=0
BLITPROF f=270 draws=4 tris=10 culled=0 | raster=0.1 clear=0.0 texup=0.0 present=0.0 logic=15.5 ms
MFSUBMIT n=270 wait_ms[avg=16.52] fabric_ms[frame=15.45 tri=13.42 texwait=1.96 dpath=11.46 ovhd=2.03] cov_px=186624 cov_px_est=186624 est_ratio=1.00 overdraw=3.00 cyc_px=6.0 cov_src=exact spin_avg=167 to=0
MFSEAM n=30 period=16.80 host=16.30 block=0.50 pub=0.00 notice=0.24 blocked=13% suspect=0 incomplete=0 host_hist=0/0/0/0/0/0/20/10 pub_hist=30/0/0/0/0/0/0/0
DRAWTRACE f=300 draws=0 verts=0 vp=289x217 | render=0.0ms logic=14.0ms (clear=0.0ms x0) capture=0.1ms frame=14.1ms nonTRI=0
BLITPROF f=300 draws=4 tris=10 culled=0 | raster=0.1 clear=0.0 texup=0.0 present=0.0 logic=13.9 ms
MFDUP frames=300 dup_draws_elided=0 (+0 since last) crt_ghost_stripped=600
MFSUBMIT n=300 wait_ms[avg=16.47] fabric_ms[frame=15.45 tri=13.42 texwait=1.96 dpath=11.46 ovhd=2.03] cov_px=186624 cov_px_est=186624 est_ratio=1.00 overdraw=3.00 cyc_px=6.0 cov_src=exact spin_avg=874 to=0
MFSEAM n=30 period=16.55 host=15.27 block=1.28 pub=0.00 notice=0.24 blocked=47% suspect=0 incomplete=0 host_hist=0/0/0/0/0/0/20/10 pub_hist=30/0/0/0/0/0/0/0
DRAWTRACE f=330 draws=0 verts=0 vp=289x217 | render=0.0ms logic=11.0ms (clear=0.0ms x0) capture=0.1ms frame=11.1ms nonTRI=0
BLITPROF f=330 draws=4 tris=10 culled=0 | raster=0.1 clear=0.0 texup=0.0 present=0.0 logic=11.0 ms
MFSUBMIT n=330 wait_ms[avg=16.53] fabric_ms[frame=15.45 tri=13.42 texwait=1.96 dpath=11.46 ovhd=2.03] cov_px=186624 cov_px_est=186624 est_ratio=1.00 overdraw=3.00 cyc_px=6.0 cov_src=exact spin_avg=157 to=0
MFSEAM n=30 period=16.64 host=16.24 block=0.40 pub=0.00 notice=0.41 blocked=17% suspect=0 incomplete=0 host_hist=0/0/0/0/0/0/16/14 pub_hist=30/0/0/0/0/0/0/0
DRAWTRACE f=360 draws=0 verts=0 vp=289x217 | render=0.0ms logic=16.7ms (clear=0.0ms x0) capture=0.1ms frame=16.7ms nonTRI=0
BLITPROF f=360 draws=4 tris=10 culled=0 | raster=0.1 clear=0.0 texup=0.0 present=0.0 logic=16.6 ms
MFSUBMIT n=360 wait_ms[avg=16.61] fabric_ms[frame=15.45 tri=13.42 texwait=1.96 dpath=11.46 ovhd=2.03] cov_px=186624 cov_px_est=186624 est_ratio=1.00 overdraw=3.00 cyc_px=6.0 cov_src=exact spin_avg=58 to=0
MFSEAM n=30 period=16.79 host=16.51 block=0.27 pub=0.00 notice=0.24 blocked=13% suspect=0 incomplete=0 host_hist=0/0/0/0/0/0/17/13 pub_hist=30/0/0/0/0/0/0/0
DRAWTRACE f=390 draws=0 verts=0 vp=289x217 | render=0.0ms logic=16.6ms (clear=0.0ms x0) capture=0.1ms frame=16.7ms nonTRI=0
BLITPROF f=390 draws=4 tris=8 culled=0 | raster=0.0 clear=0.0 texup=0.0 present=0.0 logic=16.6 ms
MFSUBMIT n=390 wait_ms[avg=16.41] fabric_ms[frame=14.81 tri=12.77 texwait=1.83 dpath=10.95 ovhd=2.03] cov_px=178330 cov_px_est=178330 est_ratio=1.00 overdraw=2.87 cyc_px=6.0 cov_src=exact spin_avg=452 to=0
MFSEAM n=30 period=16.56 host=15.58 block=0.98 pub=0.00 notice=0.36 blocked=40% suspect=0 incomplete=0 host_hist=0/0/0/0/0/0/24/6 pub_hist=30/0/0/0/0/0/0/0
DRAWTRACE f=420 draws=0 verts=0 vp=289x217 | render=0.0ms logic=8.9ms (clear=0.0ms x0) capture=0.0ms frame=8.9ms nonTRI=0
BLITPROF f=420 draws=4 tris=8 culled=0 | raster=0.0 clear=0.0 texup=0.0 present=0.0 logic=8.8 ms
MFSUBMIT n=420 wait_ms[avg=16.55] fabric_ms[frame=10.63 tri=8.60 texwait=0.98 dpath=7.63 ovhd=2.03] cov_px=124416 cov_px_est=124416 est_ratio=1.00 overdraw=2.00 cyc_px=6.0 cov_src=exact spin_avg=0 to=0
MFSEAM n=30 period=16.70 host=16.55 block=0.15 pub=0.00 notice=0.00 blocked=0% suspect=0 incomplete=0 host_hist=0/0/0/0/0/0/17/13 pub_hist=30/0/0/0/0/0/0/0
DRAWTRACE f=450 draws=0 verts=0 vp=289x217 | render=0.0ms logic=8.7ms (clear=0.0ms x0) capture=0.1ms frame=8.7ms nonTRI=0
BLITPROF f=450 draws=4 tris=8 culled=0 | raster=0.0 clear=0.0 texup=0.0 present=0.0 logic=8.6 ms
MFSUBMIT n=450 wait_ms[avg=16.54] fabric_ms[frame=10.63 tri=8.60 texwait=0.98 dpath=7.63 ovhd=2.03] cov_px=124416 cov_px_est=124416 est_ratio=1.00 overdraw=2.00 cyc_px=6.0 cov_src=exact spin_avg=0 to=0
MFSEAM n=30 period=16.81 host=16.54 block=0.27 pub=0.00 notice=0.00 blocked=0% suspect=0 incomplete=0 host_hist=0/0/0/0/0/0/17/13 pub_hist=30/0/0/0/0/0/0/0
DRAWTRACE f=480 draws=0 verts=0 vp=289x217 | render=0.0ms logic=16.4ms (clear=0.0ms x0) capture=0.1ms frame=16.5ms nonTRI=0
BLITPROF f=480 draws=4 tris=8 culled=0 | raster=0.1 clear=0.0 texup=0.0 present=0.0 logic=16.3 ms
MFSUBMIT n=480 wait_ms[avg=16.39] fabric_ms[frame=10.63 tri=8.60 texwait=0.98 dpath=7.63 ovhd=2.03] cov_px=124416 cov_px_est=124416 est_ratio=1.00 overdraw=2.00 cyc_px=6.0 cov_src=exact spin_avg=41 to=0
MFSEAM n=30 period=16.50 host=16.33 block=0.17 pub=0.00 notice=0.01 blocked=3% suspect=0 incomplete=0 host_hist=0/0/0/0/0/0/18/12 pub_hist=30/0/0/0/0/0/0/0
DRAWTRACE f=510 draws=0 verts=0 vp=289x217 | render=0.0ms logic=3.9ms (clear=0.0ms x0) capture=14.4ms frame=18.3ms nonTRI=0
BLITPROF f=510 draws=8 tris=252 culled=0 | raster=1.3 clear=0.0 texup=0.0 present=0.0 logic=2.6 ms
MFSUBMIT n=510 wait_ms[avg=18.26] fabric_ms[frame=12.27 tri=9.80 texwait=1.23 dpath=8.56 ovhd=2.48] cov_px=139090 cov_px_est=139090 est_ratio=1.00 overdraw=2.24 cyc_px=6.1 cov_src=exact spin_avg=1227 to=0
MFSEAM n=30 period=18.40 host=16.34 block=2.06 pub=0.00 notice=1.13 blocked=17% suspect=0 incomplete=0 host_hist=0/0/0/0/0/2/16/12 pub_hist=30/0/0/0/0/0/0/0
DRAWTRACE f=540 draws=0 verts=0 vp=289x217 | render=0.0ms logic=16.2ms (clear=0.0ms x0) capture=0.0ms frame=16.2ms nonTRI=0
BLITPROF f=540 draws=8 tris=250 culled=0 | raster=1.4 clear=0.0 texup=0.0 present=0.0 logic=14.7 ms
MFSUBMIT n=540 wait_ms[avg=16.88] fabric_ms[frame=15.04 tri=12.68 texwait=1.87 dpath=10.82 ovhd=2.36] cov_px=173062 cov_px_est=173062 est_ratio=1.00 overdraw=2.78 cyc_px=6.2 cov_src=exact spin_avg=3984 to=0
MFSEAM n=30 period=17.02 host=11.36 block=5.65 pub=0.00 notice=0.31 blocked=50% suspect=0 incomplete=0 host_hist=0/0/0/0/0/11/12/7 pub_hist=30/0/0/0/0/0/0/0
DRAWTRACE f=570 draws=0 verts=0 vp=289x217 | render=0.0ms logic=4.3ms (clear=0.0ms x0) capture=11.4ms frame=15.7ms nonTRI=0
BLITPROF f=570 draws=4 tris=10 culled=0 | raster=0.1 clear=0.0 texup=0.0 present=0.0 logic=4.2 ms
MFSUBMIT n=570 wait_ms[avg=17.96] fabric_ms[frame=14.40 tri=12.00 texwait=1.70 dpath=10.30 ovhd=2.40] cov_px=166013 cov_px_est=166013 est_ratio=1.00 overdraw=2.67 cyc_px=6.1 cov_src=exact spin_avg=1047 to=0
MFSEAM n=30 period=18.11 host=14.42 block=3.69 pub=0.00 notice=2.14 blocked=30% suspect=0 incomplete=0 host_hist=0/0/0/0/2/5/16/7 pub_hist=30/0/0/0/0/0/0/0
DRAWTRACE f=600 draws=0 verts=0 vp=289x217 | render=0.0ms logic=10.6ms (clear=0.0ms x0) capture=0.0ms frame=10.7ms nonTRI=0
BLITPROF f=600 draws=4 tris=8 culled=0 | raster=0.0 clear=0.0 texup=0.0 present=0.0 logic=10.6 ms
MFDUP frames=600 dup_draws_elided=0 (+0 since last) crt_ghost_stripped=1200
MFSUBMIT n=600 wait_ms[avg=16.52] fabric_ms[frame=11.11 tri=9.08 texwait=1.07 dpath=8.01 ovhd=2.02] cov_px=130637 cov_px_est=130637 est_ratio=1.00 overdraw=2.10 cyc_px=6.0 cov_src=exact spin_avg=160 to=0
MFSEAM n=30 period=16.67 host=16.29 block=0.37 pub=0.00 notice=0.22 blocked=10% suspect=0 incomplete=0 host_hist=0/0/0/0/0/0/18/12 pub_hist=30/0/0/0/0/0/0/0
DRAWTRACE f=630 draws=0 verts=0 vp=289x217 | render=0.0ms logic=10.4ms (clear=0.0ms x0) capture=0.0ms frame=10.4ms nonTRI=0
BLITPROF f=630 draws=4 tris=8 culled=0 | raster=0.1 clear=0.0 texup=0.0 present=0.0 logic=10.3 ms
MFSUBMIT n=630 wait_ms[avg=16.56] fabric_ms[frame=10.63 tri=8.60 texwait=0.97 dpath=7.63 ovhd=2.03] cov_px=124416 cov_px_est=124416 est_ratio=1.00 overdraw=2.00 cyc_px=6.0 cov_src=exact spin_avg=0 to=0
MFSEAM n=30 period=16.70 host=16.56 block=0.14 pub=0.00 notice=0.00 blocked=0% suspect=0 incomplete=0 host_hist=0/0/0/0/0/0/16/14 pub_hist=30/0/0/0/0/0/0/0
DRAWTRACE f=660 draws=0 verts=0 vp=289x217 | render=0.0ms logic=16.6ms (clear=0.0ms x0) capture=0.0ms frame=16.6ms nonTRI=0
BLITPROF f=660 draws=5 tris=10 culled=0 | raster=0.1 clear=0.0 texup=0.0 present=0.0 logic=16.5 ms
MFSUBMIT n=660 wait_ms[avg=16.73] fabric_ms[frame=10.83 tri=8.79 texwait=1.02 dpath=7.77 ovhd=2.04] cov_px=126646 cov_px_est=126646 est_ratio=1.00 overdraw=2.04 cyc_px=6.0 cov_src=exact spin_avg=0 to=0
MFSEAM n=30 period=16.83 host=16.73 block=0.09 pub=0.00 notice=0.00 blocked=0% suspect=0 incomplete=0 host_hist=0/0/0/0/0/0/19/11 pub_hist=30/0/0/0/0/0/0/0
DRAWTRACE f=690 draws=0 verts=0 vp=289x217 | render=0.0ms logic=16.3ms (clear=0.0ms x0) capture=0.1ms frame=16.3ms nonTRI=0
BLITPROF f=690 draws=7 tris=128 culled=0 | raster=0.7 clear=0.0 texup=0.0 present=0.0 logic=15.5 ms
MFSUBMIT n=690 wait_ms[avg=16.36] fabric_ms[frame=11.86 tri=8.95 texwait=1.06 dpath=7.90 ovhd=2.90] cov_px=127220 cov_px_est=127220 est_ratio=1.00 overdraw=2.05 cyc_px=6.1 cov_src=exact spin_avg=756 to=0
MFSEAM n=30 period=16.49 host=15.33 block=1.16 pub=0.00 notice=0.17 blocked=27% suspect=0 incomplete=0 host_hist=0/0/0/0/0/1/18/11 pub_hist=30/0/0/0/0/0/0/0
DRAWTRACE f=720 draws=0 verts=0 vp=289x217 | render=0.0ms logic=9.6ms (clear=0.0ms x0) capture=0.1ms frame=9.7ms nonTRI=0
BLITPROF f=720 draws=7 tris=148 culled=0 | raster=0.9 clear=0.0 texup=0.0 present=0.0 logic=8.6 ms
MFSUBMIT n=720 wait_ms[avg=16.54] fabric_ms[frame=11.18 tri=8.98 texwait=1.06 dpath=7.92 ovhd=2.20] cov_px=127408 cov_px_est=127408 est_ratio=1.00 overdraw=2.05 cyc_px=6.1 cov_src=exact spin_avg=64 to=0
MFSEAM n=30 period=16.68 host=16.45 block=0.23 pub=0.00 notice=0.01 blocked=3% suspect=0 incomplete=0 host_hist=0/0/0/0/0/0/17/13 pub_hist=30/0/0/0/0/0/0/0
DRAWTRACE f=750 draws=0 verts=0 vp=289x217 | render=0.0ms logic=8.7ms (clear=0.0ms x0) capture=0.1ms frame=8.8ms nonTRI=0
BLITPROF f=750 draws=8 tris=130 culled=0 | raster=0.7 clear=0.0 texup=0.0 present=0.0 logic=7.9 ms
MFSUBMIT n=750 wait_ms[avg=16.52] fabric_ms[frame=11.21 tri=8.99 texwait=1.06 dpath=7.93 ovhd=2.21] cov_px=127547 cov_px_est=127547 est_ratio=1.00 overdraw=2.05 cyc_px=6.1 cov_src=exact spin_avg=61 to=0
MFSEAM n=30 period=16.67 host=16.43 block=0.24 pub=0.00 notice=0.01 blocked=3% suspect=0 incomplete=0 host_hist=0/0/0/0/0/0/20/10 pub_hist=30/0/0/0/0/0/0/0
DRAWTRACE f=780 draws=0 verts=0 vp=289x217 | render=0.0ms logic=15.2ms (clear=0.0ms x0) capture=0.1ms frame=15.2ms nonTRI=0
BLITPROF f=780 draws=8 tris=148 culled=0 | raster=2.1 clear=0.1 texup=0.0 present=0.0 logic=13.0 ms
MFSUBMIT n=780 wait_ms[avg=16.62] fabric_ms[frame=11.19 tri=8.98 texwait=1.06 dpath=7.92 ovhd=2.21] cov_px=127461 cov_px_est=127461 est_ratio=1.00 overdraw=2.05 cyc_px=6.1 cov_src=exact spin_avg=15 to=0
MFSEAM n=30 period=16.90 host=16.59 block=0.30 pub=0.00 notice=0.01 blocked=3% suspect=0 incomplete=0 host_hist=0/0/0/0/0/0/18/12 pub_hist=30/0/0/0/0/0/0/0
DRAWTRACE f=810 draws=0 verts=0 vp=289x217 | render=0.0ms logic=16.5ms (clear=0.0ms x0) capture=0.1ms frame=16.6ms nonTRI=0
BLITPROF f=810 draws=7 tris=130 culled=0 | raster=0.8 clear=0.0 texup=0.0 present=0.0 logic=15.7 ms
MFSUBMIT n=810 wait_ms[avg=16.38] fabric_ms[frame=11.21 tri=9.00 texwait=1.06 dpath=7.94 ovhd=2.21] cov_px=127614 cov_px_est=127614 est_ratio=1.00 overdraw=2.05 cyc_px=6.1 cov_src=exact spin_avg=68 to=0
MFSEAM n=30 period=16.48 host=16.29 block=0.19 pub=0.00 notice=0.04 blocked=3% suspect=0 incomplete=0 host_hist=0/0/0/0/0/0/20/10 pub_hist=30/0/0/0/0/0/0/0
DRAWTRACE f=840 draws=0 verts=0 vp=289x217 | render=0.0ms logic=9.8ms (clear=0.0ms x0) capture=0.1ms frame=9.8ms nonTRI=0
BLITPROF f=840 draws=7 tris=128 culled=0 | raster=0.8 clear=0.0 texup=0.0 present=0.0 logic=9.0 ms
MFSUBMIT n=840 wait_ms[avg=16.71] fabric_ms[frame=11.18 tri=8.98 texwait=1.06 dpath=7.92 ovhd=2.21] cov_px=127412 cov_px_est=127412 est_ratio=1.00 overdraw=2.05 cyc_px=6.1 cov_src=exact spin_avg=0 to=0
MFSEAM n=30 period=16.82 host=16.71 block=0.11 pub=0.00 notice=0.00 blocked=0% suspect=0 incomplete=0 host_hist=0/0/0/0/0/0/18/12 pub_hist=30/0/0/0/0/0/0/0
DRAWTRACE f=870 draws=0 verts=0 vp=289x217 | render=0.0ms logic=8.8ms (clear=0.0ms x0) capture=0.1ms frame=8.9ms nonTRI=0
BLITPROF f=870 draws=8 tris=130 culled=0 | raster=0.8 clear=0.0 texup=0.0 present=0.0 logic=8.0 ms
MFSUBMIT n=870 wait_ms[avg=16.42] fabric_ms[frame=11.95 tri=9.76 texwait=1.22 dpath=8.54 ovhd=2.20] cov_px=137588 cov_px_est=137588 est_ratio=1.00 overdraw=2.21 cyc_px=6.1 cov_src=exact spin_avg=93 to=0
MFSEAM n=30 period=16.55 host=16.26 block=0.29 pub=0.00 notice=0.01 blocked=7% suspect=0 incomplete=0 host_hist=0/0/0/0/0/0/20/10 pub_hist=30/0/0/0/0/0/0/0
DRAWTRACE f=900 draws=0 verts=0 vp=289x217 | render=0.0ms logic=16.4ms (clear=0.0ms x0) capture=0.0ms frame=16.5ms nonTRI=0
BLITPROF f=900 draws=7 tris=130 culled=0 | raster=0.8 clear=0.0 texup=0.0 present=0.0 logic=15.6 ms
MFDUP frames=900 dup_draws_elided=0 (+0 since last) crt_ghost_stripped=1800
MFSUBMIT n=900 wait_ms[avg=16.66] fabric_ms[frame=15.96 tri=13.76 texwait=2.03 dpath=11.73 ovhd=2.19] cov_px=189428 cov_px_est=189428 est_ratio=1.00 overdraw=3.05 cyc_px=6.1 cov_src=exact spin_avg=482 to=0
MFSEAM n=30 period=16.84 host=16.00 block=0.83 pub=0.00 notice=0.76 blocked=33% suspect=0 incomplete=0 host_hist=0/0/0/0/0/0/21/9 pub_hist=30/0/0/0/0/0/0/0
DRAWTRACE f=930 draws=0 verts=0 vp=289x217 | render=0.0ms logic=8.7ms (clear=0.0ms x0) capture=7.5ms frame=16.2ms nonTRI=0
BLITPROF f=930 draws=7 tris=130 culled=0 | raster=0.8 clear=0.0 texup=0.0 present=0.0 logic=7.8 ms
MFSUBMIT n=930 wait_ms[avg=16.61] fabric_ms[frame=15.97 tri=13.76 texwait=2.03 dpath=11.73 ovhd=2.20] cov_px=189428 cov_px_est=189428 est_ratio=1.00 overdraw=3.05 cyc_px=6.1 cov_src=exact spin_avg=3827 to=0
MFSEAM n=30 period=16.77 host=10.97 block=5.80 pub=0.00 notice=0.30 blocked=83% suspect=0 incomplete=0 host_hist=0/0/0/0/0/10/16/4 pub_hist=30/0/0/0/0/0/0/0
DRAWTRACE f=960 draws=0 verts=0 vp=289x217 | render=0.0ms logic=4.7ms (clear=0.0ms x0) capture=13.6ms frame=18.3ms nonTRI=0
BLITPROF f=960 draws=8 tris=200 culled=0 | raster=2.5 clear=0.0 texup=0.0 present=0.0 logic=2.2 ms
MFSUBMIT n=960 wait_ms[avg=18.16] fabric_ms[frame=17.10 tri=14.63 texwait=2.20 dpath=12.43 ovhd=2.47] cov_px=199826 cov_px_est=199826 est_ratio=1.00 overdraw=3.21 cyc_px=6.1 cov_src=exact spin_avg=5872 to=0
MFSEAM n=30 period=18.25 host=9.38 block=8.87 pub=0.00 notice=0.38 blocked=97% suspect=0 incomplete=0 host_hist=0/0/0/0/9/5/15/1 pub_hist=30/0/0/0/0/0/0/0
DRAWTRACE f=990 draws=0 verts=0 vp=289x217 | render=0.0ms logic=7.0ms (clear=0.0ms x0) capture=6.3ms frame=13.4ms nonTRI=0
BLITPROF f=990 draws=8 tris=198 culled=0 | raster=1.2 clear=0.0 texup=0.0 present=0.0 logic=5.8 ms
MFSUBMIT n=990 wait_ms[avg=16.59] fabric_ms[frame=13.22 tri=10.93 texwait=1.44 dpath=9.49 ovhd=2.29] cov_px=151462 cov_px_est=151462 est_ratio=1.00 overdraw=2.43 cyc_px=6.2 cov_src=exact spin_avg=752 to=0
MFSEAM n=30 period=16.68 host=14.78 block=1.90 pub=0.00 notice=1.90 blocked=27% suspect=0 incomplete=0 host_hist=0/0/0/0/0/5/15/10 pub_hist=30/0/0/0/0/0/0/0
DRAWTRACE f=1020 draws=0 verts=0 vp=289x217 | render=0.0ms logic=16.9ms (clear=0.0ms x0) capture=0.1ms frame=17.0ms nonTRI=0
BLITPROF f=1020 draws=8 tris=198 culled=0 | raster=1.3 clear=0.0 texup=0.0 present=0.0 logic=15.6 ms
MFSUBMIT n=1020 wait_ms[avg=16.56] fabric_ms[frame=13.22 tri=10.93 texwait=1.44 dpath=9.49 ovhd=2.29] cov_px=151462 cov_px_est=151462 est_ratio=1.00 overdraw=2.43 cyc_px=6.2 cov_src=exact spin_avg=81 to=0
MFSEAM n=30 period=16.70 host=16.45 block=0.26 pub=0.00 notice=0.16 blocked=7% suspect=0 incomplete=0 host_hist=0/0/0/0/0/0/16/14 pub_hist=30/0/0/0/0/0/0/0
DRAWTRACE f=1050 draws=0 verts=0 vp=289x217 | render=0.0ms logic=16.5ms (clear=0.0ms x0) capture=0.1ms frame=16.5ms nonTRI=0
BLITPROF f=1050 draws=8 tris=198 culled=0 | raster=2.5 clear=0.0 texup=0.0 present=0.0 logic=13.9 ms
MFSUBMIT n=1050 wait_ms[avg=17.02] fabric_ms[frame=13.22 tri=10.93 texwait=1.43 dpath=9.49 ovhd=2.29] cov_px=151462 cov_px_est=151462 est_ratio=1.00 overdraw=2.43 cyc_px=6.2 cov_src=exact spin_avg=22 to=0
MFSEAM n=30 period=17.18 host=16.98 block=0.20 pub=0.00 notice=0.01 blocked=3% suspect=0 incomplete=0 host_hist=0/0/0/0/0/0/17/13 pub_hist=30/0/0/0/0/0/0/0
DRAWTRACE f=1080 draws=0 verts=0 vp=289x217 | render=0.0ms logic=11.4ms (clear=0.0ms x0) capture=1.8ms frame=13.2ms nonTRI=0
BLITPROF f=1080 draws=8 tris=198 culled=0 | raster=1.3 clear=0.0 texup=0.0 present=0.0 logic=10.1 ms
MFSUBMIT n=1080 wait_ms[avg=16.51] fabric_ms[frame=13.23 tri=10.93 texwait=1.44 dpath=9.50 ovhd=2.29] cov_px=151462 cov_px_est=151462 est_ratio=1.00 overdraw=2.43 cyc_px=6.2 cov_src=exact spin_avg=186 to=0
MFSEAM n=30 period=16.70 host=16.17 block=0.53 pub=0.00 notice=1.22 blocked=20% suspect=0 incomplete=0 host_hist=0/0/0/0/0/0/21/9 pub_hist=30/0/0/0/0/0/0/0
DRAWTRACE f=1110 draws=0 verts=0 vp=289x217 | render=0.0ms logic=10.5ms (clear=0.0ms x0) capture=0.0ms frame=10.5ms nonTRI=0
BLITPROF f=1110 draws=13 tris=270 culled=0 | raster=1.9 clear=0.0 texup=0.0 present=0.0 logic=8.6 ms
MFSUBMIT n=1110 wait_ms[avg=16.53] fabric_ms[frame=13.53 tri=11.14 texwait=1.48 dpath=9.66 ovhd=2.39] cov_px=153266 cov_px_est=153266 est_ratio=1.00 overdraw=2.46 cyc_px=6.2 cov_src=exact spin_avg=21 to=0
MFSEAM n=30 period=16.88 host=16.49 block=0.39 pub=0.00 notice=0.19 blocked=3% suspect=0 incomplete=0 host_hist=0/0/0/0/0/0/20/10 pub_hist=30/0/0/0/0/0/0/0
DRAWTRACE f=1140 draws=0 verts=0 vp=289x217 | render=0.0ms logic=15.0ms (clear=0.0ms x0) capture=0.1ms frame=15.1ms nonTRI=0
BLITPROF f=1140 draws=13 tris=270 culled=0 | raster=2.1 clear=0.0 texup=0.0 present=0.0 logic=13.0 ms
MFSUBMIT n=1140 wait_ms[avg=16.46] fabric_ms[frame=13.55 tri=11.15 texwait=1.48 dpath=9.67 ovhd=2.40] cov_px=153323 cov_px_est=153323 est_ratio=1.00 overdraw=2.46 cyc_px=6.2 cov_src=exact spin_avg=683 to=0
MFSEAM n=30 period=16.60 host=15.08 block=1.51 pub=0.00 notice=0.71 blocked=30% suspect=0 incomplete=0 host_hist=0/0/0/0/0/3/17/10 pub_hist=30/0/0/0/0/0/0/0
DRAWTRACE f=1170 draws=0 verts=0 vp=289x217 | render=0.0ms logic=17.2ms (clear=0.0ms x0) capture=0.0ms frame=17.2ms nonTRI=0
BLITPROF f=1170 draws=13 tris=270 culled=0 | raster=1.9 clear=0.0 texup=0.0 present=0.0 logic=15.3 ms
MFSUBMIT n=1170 wait_ms[avg=16.65] fabric_ms[frame=13.54 tri=11.15 texwait=1.48 dpath=9.67 ovhd=2.38] cov_px=153323 cov_px_est=153323 est_ratio=1.00 overdraw=2.46 cyc_px=6.2 cov_src=exact spin_avg=237 to=0
MFSEAM n=30 period=16.80 host=16.34 block=0.46 pub=0.00 notice=2.30 blocked=7% suspect=0 incomplete=0 host_hist=0/0/0/0/0/1/18/11 pub_hist=30/0/0/0/0/0/0/0
DRAWTRACE f=1200 draws=0 verts=0 vp=289x217 | render=0.0ms logic=11.7ms (clear=0.0ms x0) capture=2.1ms frame=13.8ms nonTRI=0
BLITPROF f=1200 draws=13 tris=270 culled=0 | raster=1.6 clear=0.0 texup=0.0 present=0.0 logic=10.0 ms
MFDUP frames=1200 dup_draws_elided=0 (+0 since last) crt_ghost_stripped=2400
MFSUBMIT n=1200 wait_ms[avg=16.42] fabric_ms[frame=13.55 tri=11.15 texwait=1.48 dpath=9.67 ovhd=2.40] cov_px=153323 cov_px_est=153323 est_ratio=1.00 overdraw=2.46 cyc_px=6.2 cov_src=exact spin_avg=452 to=0
MFSEAM n=30 period=16.57 host=15.54 block=1.03 pub=0.00 notice=0.84 blocked=27% suspect=0 incomplete=0 host_hist=0/0/0/0/0/0/20/10 pub_hist=30/0/0/0/0/0/0/0
DRAWTRACE f=1230 draws=0 verts=0 vp=289x217 | render=0.0ms logic=12.5ms (clear=0.0ms x0) capture=0.0ms frame=12.6ms nonTRI=0
BLITPROF f=1230 draws=13 tris=270 culled=0 | raster=1.7 clear=0.0 texup=0.0 present=0.0 logic=10.9 ms
MFSUBMIT n=1230 wait_ms[avg=16.54] fabric_ms[frame=13.54 tri=11.15 texwait=1.48 dpath=9.67 ovhd=2.39] cov_px=153323 cov_px_est=153323 est_ratio=1.00 overdraw=2.46 cyc_px=6.2 cov_src=exact spin_avg=57 to=0
MFSEAM n=30 period=16.72 host=16.46 block=0.25 pub=0.00 notice=0.01 blocked=3% suspect=0 incomplete=0 host_hist=0/0/0/0/0/0/14/16 pub_hist=30/0/0/0/0/0/0/0
DRAWTRACE f=1260 draws=0 verts=0 vp=289x217 | render=0.0ms logic=12.8ms (clear=0.0ms x0) capture=0.1ms frame=12.8ms nonTRI=0
BLITPROF f=1260 draws=13 tris=270 culled=0 | raster=2.0 clear=0.0 texup=0.0 present=0.0 logic=10.8 ms
MFSUBMIT n=1260 wait_ms[avg=16.57] fabric_ms[frame=13.54 tri=11.15 texwait=1.48 dpath=9.67 ovhd=2.39] cov_px=153323 cov_px_est=153323 est_ratio=1.00 overdraw=2.46 cyc_px=6.2 cov_src=exact spin_avg=127 to=0
MFSEAM n=30 period=16.73 host=16.38 block=0.35 pub=0.00 notice=0.12 blocked=10% suspect=0 incomplete=0 host_hist=0/0/0/0/0/0/17/13 pub_hist=30/0/0/0/0/0/0/0
DRAWTRACE f=1290 draws=0 verts=0 vp=289x217 | render=0.0ms logic=16.4ms (clear=0.0ms x0) capture=0.0ms frame=16.5ms nonTRI=0
BLITPROF f=1290 draws=13 tris=270 culled=0 | raster=1.6 clear=0.0 texup=0.0 present=0.0 logic=14.9 ms
MFSUBMIT n=1290 wait_ms[avg=16.41] fabric_ms[frame=13.55 tri=11.15 texwait=1.48 dpath=9.67 ovhd=2.39] cov_px=153323 cov_px_est=153323 est_ratio=1.00 overdraw=2.46 cyc_px=6.2 cov_src=exact spin_avg=181 to=0
MFSEAM n=30 period=16.53 host=16.07 block=0.46 pub=0.00 notice=0.12 blocked=10% suspect=0 incomplete=0 host_hist=0/0/0/0/0/0/18/12 pub_hist=30/0/0/0/0/0/0/0
DRAWTRACE f=1320 draws=0 verts=0 vp=289x217 | render=0.0ms logic=16.1ms (clear=0.0ms x0) capture=0.1ms frame=16.3ms nonTRI=0
BLITPROF f=1320 draws=13 tris=270 culled=0 | raster=2.0 clear=0.0 texup=0.0 present=0.0 logic=14.1 ms
MFSUBMIT n=1320 wait_ms[avg=16.54] fabric_ms[frame=13.54 tri=11.15 texwait=1.48 dpath=9.67 ovhd=2.39] cov_px=153323 cov_px_est=153323 est_ratio=1.00 overdraw=2.46 cyc_px=6.2 cov_src=exact spin_avg=254 to=0
MFSEAM n=30 period=16.68 host=16.20 block=0.48 pub=0.00 notice=0.08 blocked=13% suspect=0 incomplete=0 host_hist=0/0/0/0/0/1/18/11 pub_hist=30/0/0/0/0/0/0/0
DRAWTRACE f=1350 draws=0 verts=0 vp=289x217 | render=0.0ms logic=10.0ms (clear=0.0ms x0) capture=0.1ms frame=10.1ms nonTRI=0
BLITPROF f=1350 draws=8 tris=198 culled=0 | raster=1.1 clear=0.0 texup=0.0 present=0.0 logic=8.9 ms
MFSUBMIT n=1350 wait_ms[avg=16.49] fabric_ms[frame=13.28 tri=10.97 texwait=1.45 dpath=9.53 ovhd=2.31] cov_px=151853 cov_px_est=151853 est_ratio=1.00 overdraw=2.44 cyc_px=6.2 cov_src=exact spin_avg=205 to=0
MFSEAM n=30 period=16.63 host=16.14 block=0.50 pub=0.00 notice=0.05 blocked=17% suspect=0 incomplete=0 host_hist=0/0/0/0/0/0/17/13 pub_hist=30/0/0/0/0/0/0/0
DRAWTRACE f=1380 draws=0 verts=0 vp=289x217 | render=0.0ms logic=10.4ms (clear=0.0ms x0) capture=0.1ms frame=10.5ms nonTRI=0
BLITPROF f=1380 draws=9 tris=280 culled=0 | raster=1.7 clear=0.0 texup=0.0 present=0.0 logic=8.7 ms
MFSUBMIT n=1380 wait_ms[avg=16.56] fabric_ms[frame=13.53 tri=11.15 texwait=1.48 dpath=9.67 ovhd=2.38] cov_px=153388 cov_px_est=153388 est_ratio=1.00 overdraw=2.47 cyc_px=6.2 cov_src=exact spin_avg=8 to=0
MFSEAM n=30 period=16.70 host=16.54 block=0.15 pub=0.00 notice=0.01 blocked=3% suspect=0 incomplete=0 host_hist=0/0/0/0/0/0/19/11 pub_hist=30/0/0/0/0/0/0/0
DRAWTRACE f=1410 draws=0 verts=0 vp=289x217 | render=0.0ms logic=13.4ms (clear=0.0ms x0) capture=0.1ms frame=13.5ms nonTRI=0
BLITPROF f=1410 draws=9 tris=280 culled=0 | raster=1.8 clear=0.1 texup=0.0 present=0.0 logic=11.6 ms
MFSUBMIT n=1410 wait_ms[avg=16.69] fabric_ms[frame=13.59 tri=11.18 texwait=1.48 dpath=9.70 ovhd=2.41] cov_px=153659 cov_px_est=153659 est_ratio=1.00 overdraw=2.47 cyc_px=6.2 cov_src=exact spin_avg=371 to=0
MFSEAM n=30 period=16.97 host=16.11 block=0.85 pub=0.00 notice=0.10 blocked=23% suspect=0 incomplete=0 host_hist=0/0/0/0/0/0/18/12 pub_hist=30/0/0/0/0/0/0/0
DRAWTRACE f=1440 draws=0 verts=0 vp=289x217 | render=0.0ms logic=19.3ms (clear=0.0ms x0) capture=0.0ms frame=19.3ms nonTRI=0
BLITPROF f=1440 draws=9 tris=280 culled=0 | raster=1.6 clear=0.0 texup=0.0 present=0.0 logic=17.7 ms
MFSUBMIT n=1440 wait_ms[avg=16.63] fabric_ms[frame=13.58 tri=11.18 texwait=1.48 dpath=9.70 ovhd=2.40] cov_px=153659 cov_px_est=153659 est_ratio=1.00 overdraw=2.47 cyc_px=6.2 cov_src=exact spin_avg=124 to=0
MFSEAM n=30 period=16.81 host=16.45 block=0.36 pub=0.00 notice=0.17 blocked=7% suspect=0 incomplete=0 host_hist=0/0/0/0/0/0/19/11 pub_hist=30/0/0/0/0/0/0/0
DRAWTRACE f=1470 draws=0 verts=0 vp=289x217 | render=0.0ms logic=18.9ms (clear=0.0ms x0) capture=0.0ms frame=19.0ms nonTRI=0
BLITPROF f=1470 draws=9 tris=280 culled=0 | raster=1.9 clear=0.0 texup=0.0 present=0.0 logic=17.0 ms
MFSUBMIT n=1470 wait_ms[avg=16.77] fabric_ms[frame=13.59 tri=11.18 texwait=1.48 dpath=9.70 ovhd=2.41] cov_px=153659 cov_px_est=153659 est_ratio=1.00 overdraw=2.47 cyc_px=6.2 cov_src=exact spin_avg=41 to=0
MFSEAM n=30 period=16.86 host=16.67 block=0.19 pub=0.00 notice=1.22 blocked=10% suspect=0 incomplete=0 host_hist=0/0/0/0/0/0/17/13 pub_hist=30/0/0/0/0/0/0/0
DRAWTRACE f=1500 draws=0 verts=0 vp=289x217 | render=0.0ms logic=16.6ms (clear=0.0ms x0) capture=0.0ms frame=16.6ms nonTRI=0
BLITPROF f=1500 draws=9 tris=280 culled=0 | raster=2.2 clear=0.0 texup=0.0 present=0.0 logic=14.4 ms
MFDUP frames=1500 dup_draws_elided=0 (+0 since last) crt_ghost_stripped=3000
MFSUBMIT n=1500 wait_ms[avg=16.49] fabric_ms[frame=13.58 tri=11.18 texwait=1.48 dpath=9.70 ovhd=2.40] cov_px=153659 cov_px_est=153659 est_ratio=1.00 overdraw=2.47 cyc_px=6.2 cov_src=exact spin_avg=134 to=0
MFSEAM n=30 period=16.65 host=16.29 block=0.36 pub=0.00 notice=0.01 blocked=3% suspect=0 incomplete=0 host_hist=0/0/0/0/0/1/17/12 pub_hist=30/0/0/0/0/0/0/0
DRAWTRACE f=1530 draws=0 verts=0 vp=289x217 | render=0.0ms logic=8.8ms (clear=0.0ms x0) capture=0.1ms frame=8.9ms nonTRI=0
BLITPROF f=1530 draws=9 tris=280 culled=0 | raster=1.6 clear=0.0 texup=0.0 present=0.0 logic=7.2 ms
MFSUBMIT n=1530 wait_ms[avg=16.67] fabric_ms[frame=13.58 tri=11.18 texwait=1.48 dpath=9.70 ovhd=2.40] cov_px=153659 cov_px_est=153659 est_ratio=1.00 overdraw=2.47 cyc_px=6.2 cov_src=exact spin_avg=41 to=0
MFSEAM n=30 period=16.84 host=16.62 block=0.22 pub=0.00 notice=0.01 blocked=3% suspect=0 incomplete=0 host_hist=0/0/0/0/0/0/17/13 pub_hist=30/0/0/0/0/0/0/0
DRAWTRACE f=1560 draws=0 verts=0 vp=289x217 | render=0.0ms logic=16.8ms (clear=0.0ms x0) capture=0.1ms frame=16.9ms nonTRI=0
BLITPROF f=1560 draws=9 tris=280 culled=0 | raster=2.1 clear=0.0 texup=0.0 present=0.0 logic=14.7 ms
MFSUBMIT n=1560 wait_ms[avg=16.70] fabric_ms[frame=13.59 tri=11.18 texwait=1.48 dpath=9.70 ovhd=2.41] cov_px=153659 cov_px_est=153659 est_ratio=1.00 overdraw=2.47 cyc_px=6.2 cov_src=exact spin_avg=134 to=0
MFSEAM n=30 period=16.86 host=16.37 block=0.49 pub=0.01 notice=0.10 blocked=23% suspect=0 incomplete=0 host_hist=0/0/0/0/0/0/19/11 pub_hist=30/0/0/0/0/0/0/0
DRAWTRACE f=1590 draws=0 verts=0 vp=289x217 | render=0.0ms logic=16.5ms (clear=0.0ms x0) capture=0.0ms frame=16.5ms nonTRI=0
BLITPROF f=1590 draws=9 tris=280 culled=0 | raster=1.6 clear=0.0 texup=0.0 present=0.0 logic=14.9 ms
MFSUBMIT n=1590 wait_ms[avg=16.63] fabric_ms[frame=13.58 tri=11.18 texwait=1.49 dpath=9.70 ovhd=2.40] cov_px=153659 cov_px_est=153659 est_ratio=1.00 overdraw=2.47 cyc_px=6.2 cov_src=exact spin_avg=290 to=0
MFSEAM n=30 period=16.78 host=16.24 block=0.54 pub=0.00 notice=0.17 blocked=13% suspect=0 incomplete=0 host_hist=0/0/0/0/0/0/20/10 pub_hist=30/0/0/0/0/0/0/0
DRAWTRACE f=1620 draws=0 verts=0 vp=289x217 | render=0.0ms logic=13.1ms (clear=0.0ms x0) capture=0.5ms frame=13.5ms nonTRI=0
BLITPROF f=1620 draws=9 tris=280 culled=0 | raster=1.6 clear=0.0 texup=0.0 present=0.0 logic=11.4 ms
MFSUBMIT n=1620 wait_ms[avg=16.68] fabric_ms[frame=13.59 tri=11.18 texwait=1.48 dpath=9.70 ovhd=2.41] cov_px=153659 cov_px_est=153659 est_ratio=1.00 overdraw=2.47 cyc_px=6.2 cov_src=exact spin_avg=103 to=0
MFSEAM n=30 period=16.78 host=16.43 block=0.35 pub=0.00 notice=0.55 blocked=13% suspect=0 incomplete=0 host_hist=0/0/0/0/0/0/19/11 pub_hist=30/0/0/0/0/0/0/0
DRAWTRACE f=1650 draws=0 verts=0 vp=289x217 | render=0.0ms logic=16.5ms (clear=0.0ms x0) capture=0.1ms frame=16.5ms nonTRI=0
BLITPROF f=1650 draws=8 tris=198 culled=0 | raster=1.3 clear=0.0 texup=0.0 present=0.0 logic=15.2 ms
MFSUBMIT n=1650 wait_ms[avg=16.54] fabric_ms[frame=13.50 tri=11.12 texwait=1.47 dpath=9.65 ovhd=2.37] cov_px=153185 cov_px_est=153185 est_ratio=1.00 overdraw=2.46 cyc_px=6.2 cov_src=exact spin_avg=0 to=0
MFSEAM n=30 period=16.63 host=16.54 block=0.09 pub=0.00 notice=0.00 blocked=0% suspect=0 incomplete=0 host_hist=0/0/0/0/0/0/21/9 pub_hist=30/0/0/0/0/0/0/0
DRAWTRACE f=1680 draws=0 verts=0 vp=289x217 | render=0.0ms logic=9.1ms (clear=0.0ms x0) capture=0.1ms frame=9.1ms nonTRI=0
BLITPROF f=1680 draws=8 tris=198 culled=0 | raster=2.0 clear=0.0 texup=0.0 present=0.0 logic=7.1 ms
MFSUBMIT n=1680 wait_ms[avg=16.94] fabric_ms[frame=13.25 tri=10.94 texwait=1.44 dpath=9.50 ovhd=2.31] cov_px=151583 cov_px_est=151583 est_ratio=1.00 overdraw=2.44 cyc_px=6.2 cov_src=exact spin_avg=85 to=0
MFSEAM n=30 period=17.11 host=16.82 block=0.29 pub=0.00 notice=0.09 blocked=13% suspect=0 incomplete=0 host_hist=0/0/0/0/0/0/17/13 pub_hist=30/0/0/0/0/0/0/0
DRAWTRACE f=1710 draws=0 verts=0 vp=289x217 | render=0.0ms logic=14.4ms (clear=0.0ms x0) capture=0.1ms frame=14.5ms nonTRI=0
BLITPROF f=1710 draws=11 tris=220 culled=0 | raster=1.3 clear=0.0 texup=0.0 present=0.0 logic=13.1 ms
MFSUBMIT n=1710 wait_ms[avg=16.38] fabric_ms[frame=13.32 tri=11.00 texwait=1.46 dpath=9.54 ovhd=2.32] cov_px=151914 cov_px_est=151914 est_ratio=1.00 overdraw=2.44 cyc_px=6.2 cov_src=exact spin_avg=297 to=0
MFSEAM n=30 period=16.55 host=15.91 block=0.63 pub=0.00 notice=0.48 blocked=10% suspect=0 incomplete=0 host_hist=0/0/0/0/0/1/20/9 pub_hist=30/0/0/0/0/0/0/0
DRAWTRACE f=1740 draws=0 verts=0 vp=289x217 | render=0.0ms logic=17.7ms (clear=0.0ms x0) capture=0.0ms frame=17.8ms nonTRI=0
BLITPROF f=1740 draws=11 tris=220 culled=0 | raster=2.5 clear=0.0 texup=0.0 present=0.0 logic=15.2 ms
MFSUBMIT n=1740 wait_ms[avg=16.57] fabric_ms[frame=13.33 tri=11.01 texwait=1.46 dpath=9.54 ovhd=2.32] cov_px=151946 cov_px_est=151946 est_ratio=1.00 overdraw=2.44 cyc_px=6.2 cov_src=exact spin_avg=32 to=0
MFSEAM n=30 period=16.72 host=16.51 block=0.21 pub=0.00 notice=0.01 blocked=3% suspect=0 incomplete=0 host_hist=0/0/0/0/0/0/17/13 pub_hist=30/0/0/0/0/0/0/0
DRAWTRACE f=1770 draws=0 verts=0 vp=289x217 | render=0.0ms logic=16.8ms (clear=0.0ms x0) capture=0.1ms frame=16.9ms nonTRI=0
BLITPROF f=1770 draws=11 tris=220 culled=0 | raster=1.6 clear=0.0 texup=0.0 present=0.0 logic=15.2 ms
MFSUBMIT n=1770 wait_ms[avg=16.44] fabric_ms[frame=13.33 tri=11.01 texwait=1.46 dpath=9.54 ovhd=2.33] cov_px=151946 cov_px_est=151946 est_ratio=1.00 overdraw=2.44 cyc_px=6.2 cov_src=exact spin_avg=323 to=0
MFSEAM n=30 period=16.73 host=15.74 block=0.99 pub=0.00 notice=0.60 blocked=17% suspect=0 incomplete=0 host_hist=0/0/0/0/0/1/18/11 pub_hist=30/0/0/0/0/0/0/0
DRAWTRACE f=1800 draws=0 verts=0 vp=289x217 | render=0.0ms logic=12.1ms (clear=0.0ms x0) capture=0.1ms frame=12.2ms nonTRI=0
BLITPROF f=1800 draws=7 tris=198 culled=0 | raster=1.3 clear=0.0 texup=0.0 present=0.0 logic=10.8 ms
MFDUP frames=1800 dup_draws_elided=0 (+0 since last) crt_ghost_stripped=3600
MFSUBMIT n=1800 wait_ms[avg=16.37] fabric_ms[frame=13.26 tri=10.95 texwait=1.44 dpath=9.50 ovhd=2.31] cov_px=151458 cov_px_est=151458 est_ratio=1.00 overdraw=2.43 cyc_px=6.2 cov_src=exact spin_avg=249 to=0
MFSEAM n=30 period=16.48 host=16.02 block=0.45 pub=0.00 notice=0.11 blocked=10% suspect=0 incomplete=0 host_hist=0/0/0/0/0/0/20/10 pub_hist=30/0/0/0/0/0/0/0
DRAWTRACE f=1830 draws=0 verts=0 vp=289x217 | render=0.0ms logic=12.1ms (clear=0.0ms x0) capture=0.1ms frame=12.2ms nonTRI=0
BLITPROF f=1830 draws=7 tris=198 culled=0 | raster=1.2 clear=0.1 texup=0.0 present=0.0 logic=10.8 ms
MFSUBMIT n=1830 wait_ms[avg=16.55] fabric_ms[frame=13.20 tri=10.91 texwait=1.43 dpath=9.48 ovhd=2.29] cov_px=151150 cov_px_est=151150 est_ratio=1.00 overdraw=2.43 cyc_px=6.2 cov_src=exact spin_avg=342 to=0
MFSEAM n=30 period=16.68 host=16.08 block=0.60 pub=0.00 notice=0.16 blocked=13% suspect=0 incomplete=0 host_hist=0/0/0/0/0/1/18/11 pub_hist=30/0/0/0/0/0/0/0
DRAWTRACE f=1860 draws=0 verts=0 vp=289x217 | render=0.0ms logic=16.5ms (clear=0.0ms x0) capture=0.1ms frame=16.6ms nonTRI=0
BLITPROF f=1860 draws=7 tris=198 culled=0 | raster=1.1 clear=0.0 texup=0.0 present=0.0 logic=15.4 ms
MFSUBMIT n=1860 wait_ms[avg=16.54] fabric_ms[frame=13.20 tri=10.91 texwait=1.43 dpath=9.48 ovhd=2.29] cov_px=151150 cov_px_est=151150 est_ratio=1.00 overdraw=2.43 cyc_px=6.2 cov_src=exact spin_avg=107 to=0
MFSEAM n=30 period=16.68 host=16.39 block=0.28 pub=0.00 notice=0.12 blocked=10% suspect=0 incomplete=0 host_hist=0/0/0/0/0/0/21/9 pub_hist=30/0/0/0/0/0/0/0
DRAWTRACE f=1890 draws=0 verts=0 vp=289x217 | render=0.0ms logic=3.7ms (clear=0.0ms x0) capture=14.6ms frame=18.3ms nonTRI=0
BLITPROF f=1890 draws=8 tris=200 culled=0 | raster=1.2 clear=0.0 texup=0.0 present=0.0 logic=2.5 ms
MFSUBMIT n=1890 wait_ms[avg=17.68] fabric_ms[frame=16.25 tri=13.95 texwait=2.05 dpath=11.90 ovhd=2.30] cov_px=190548 cov_px_est=190548 est_ratio=1.00 overdraw=3.06 cyc_px=6.1 cov_src=exact spin_avg=2849 to=0
MFSEAM n=30 period=17.83 host=12.49 block=5.35 pub=0.00 notice=0.66 blocked=67% suspect=0 incomplete=0 host_hist=0/0/0/0/1/6/18/5 pub_hist=30/0/0/0/0/0/0/0
DRAWTRACE f=1920 draws=0 verts=0 vp=289x217 | render=0.0ms logic=3.6ms (clear=0.0ms x0) capture=14.7ms frame=18.2ms nonTRI=0
BLITPROF f=1920 draws=8 tris=200 culled=0 | raster=1.4 clear=0.0 texup=0.0 present=0.0 logic=2.2 ms
MFSUBMIT n=1920 wait_ms[avg=18.36] fabric_ms[frame=18.01 tri=15.72 texwait=2.41 dpath=13.31 ovhd=2.30] cov_px=213358 cov_px_est=213358 est_ratio=1.00 overdraw=3.43 cyc_px=6.1 cov_src=exact spin_avg=9507 to=0
MFSEAM n=30 period=18.53 host=5.67 block=12.85 pub=0.00 notice=0.47 blocked=97% suspect=0 incomplete=0 host_hist=0/0/0/0/20/5/4/1 pub_hist=30/0/0/0/0/0/0/0
DRAWTRACE f=1950 draws=0 verts=0 vp=289x217 | render=0.0ms logic=7.9ms (clear=0.0ms x0) capture=12.5ms frame=20.4ms nonTRI=0
BLITPROF f=1950 draws=8 tris=200 culled=0 | raster=3.1 clear=0.0 texup=0.0 present=0.0 logic=4.8 ms
MFSUBMIT n=1950 wait_ms[avg=18.43] fabric_ms[frame=17.75 tri=15.38 texwait=2.35 dpath=13.04 ovhd=2.37] cov_px=209067 cov_px_est=209067 est_ratio=1.00 overdraw=3.36 cyc_px=6.1 cov_src=exact spin_avg=7272 to=0
MFSEAM n=30 period=18.52 host=7.02 block=11.49 pub=0.00 notice=0.38 blocked=93% suspect=0 incomplete=0 host_hist=0/0/0/0/11/10/8/1 pub_hist=30/0/0/0/0/0/0/0
DRAWTRACE f=1980 draws=0 verts=0 vp=289x217 | render=0.0ms logic=16.6ms (clear=0.0ms x0) capture=0.0ms frame=16.6ms nonTRI=0
BLITPROF f=1980 draws=11 tris=128 culled=0 | raster=0.9 clear=0.0 texup=0.0 present=0.0 logic=15.7 ms
MFSUBMIT n=1980 wait_ms[avg=16.65] fabric_ms[frame=10.31 tri=8.11 texwait=0.92 dpath=7.20 ovhd=2.19] cov_px=115819 cov_px_est=115819 est_ratio=1.00 overdraw=1.86 cyc_px=6.1 cov_src=exact spin_avg=0 to=0
MFSEAM n=30 period=16.74 host=16.65 block=0.09 pub=0.00 notice=0.00 blocked=0% suspect=0 incomplete=0 host_hist=0/0/0/0/0/0/18/12 pub_hist=30/0/0/0/0/0/0/0
DRAWTRACE f=2010 draws=0 verts=0 vp=289x217 | render=0.0ms logic=18.3ms (clear=0.0ms x0) capture=0.0ms frame=18.4ms nonTRI=0
BLITPROF f=2010 draws=11 tris=130 culled=0 | raster=0.9 clear=0.0 texup=0.0 present=0.0 logic=17.4 ms
MFSUBMIT n=2010 wait_ms[avg=16.67] fabric_ms[frame=8.35 tri=6.09 texwait=0.51 dpath=5.58 ovhd=2.26] cov_px=89477 cov_px_est=89477 est_ratio=1.00 overdraw=1.44 cyc_px=6.1 cov_src=exact spin_avg=0 to=0
MFSEAM n=30 period=16.81 host=16.66 block=0.14 pub=0.00 notice=0.00 blocked=0% suspect=0 incomplete=0 host_hist=0/0/0/0/0/0/17/13 pub_hist=30/0/0/0/0/0/0/0
DRAWTRACE f=2040 draws=0 verts=0 vp=289x217 | render=0.0ms logic=16.6ms (clear=0.0ms x0) capture=0.1ms frame=16.7ms nonTRI=0
BLITPROF f=2040 draws=12 tris=174 culled=0 | raster=1.1 clear=0.0 texup=0.0 present=0.0 logic=15.5 ms
MFSUBMIT n=2040 wait_ms[avg=16.52] fabric_ms[frame=9.04 tri=6.71 texwait=0.65 dpath=6.06 ovhd=2.33] cov_px=96855 cov_px_est=96855 est_ratio=1.00 overdraw=1.56 cyc_px=6.2 cov_src=exact spin_avg=0 to=0
MFSEAM n=30 period=16.66 host=16.51 block=0.15 pub=0.00 notice=0.00 blocked=0% suspect=0 incomplete=0 host_hist=0/0/0/0/0/0/21/9 pub_hist=30/0/0/0/0/0/0/0
DRAWTRACE f=2070 draws=0 verts=0 vp=289x217 | render=0.0ms logic=8.1ms (clear=0.0ms x0) capture=0.1ms frame=8.2ms nonTRI=0
BLITPROF f=2070 draws=12 tris=174 culled=0 | raster=1.1 clear=0.0 texup=0.0 present=0.0 logic=7.0 ms
MFSUBMIT n=2070 wait_ms[avg=16.62] fabric_ms[frame=9.04 tri=6.78 texwait=0.66 dpath=6.12 ovhd=2.26] cov_px=97660 cov_px_est=97660 est_ratio=1.00 overdraw=1.57 cyc_px=6.2 cov_src=exact spin_avg=0 to=0
MFSEAM n=30 period=16.82 host=16.62 block=0.20 pub=0.00 notice=0.00 blocked=0% suspect=0 incomplete=0 host_hist=0/0/0/0/0/0/19/11 pub_hist=30/0/0/0/0/0/0/0
DRAWTRACE f=2100 draws=0 verts=0 vp=289x217 | render=0.0ms logic=16.3ms (clear=0.0ms x0) capture=0.0ms frame=16.3ms nonTRI=0
BLITPROF f=2100 draws=12 tris=174 culled=0 | raster=1.2 clear=0.0 texup=0.0 present=0.0 logic=15.1 ms
MFDUP frames=2100 dup_draws_elided=0 (+0 since last) crt_ghost_stripped=4200
MFSUBMIT n=2100 wait_ms[avg=16.47] fabric_ms[frame=9.05 tri=6.78 texwait=0.66 dpath=6.12 ovhd=2.26] cov_px=97660 cov_px_est=97660 est_ratio=1.00 overdraw=1.57 cyc_px=6.2 cov_src=exact spin_avg=36 to=0
MFSEAM n=30 period=16.76 host=16.42 block=0.34 pub=0.01 notice=0.01 blocked=7% suspect=0 incomplete=0 host_hist=0/0/0/0/0/1/17/12 pub_hist=30/0/0/0/0/0/0/0
DRAWTRACE f=2130 draws=0 verts=0 vp=289x217 | render=0.0ms logic=16.6ms (clear=0.0ms x0) capture=0.1ms frame=16.7ms nonTRI=0
BLITPROF f=2130 draws=12 tris=174 culled=0 | raster=1.3 clear=0.0 texup=0.0 present=0.0 logic=15.3 ms
MFSUBMIT n=2130 wait_ms[avg=16.38] fabric_ms[frame=9.04 tri=6.78 texwait=0.66 dpath=6.12 ovhd=2.26] cov_px=97660 cov_px_est=97660 est_ratio=1.00 overdraw=1.57 cyc_px=6.2 cov_src=exact spin_avg=25 to=0
MFSEAM n=30 period=16.46 host=16.34 block=0.13 pub=0.00 notice=0.01 blocked=3% suspect=0 incomplete=0 host_hist=0/0/0/0/0/0/16/14 pub_hist=30/0/0/0/0/0/0/0
DRAWTRACE f=2160 draws=0 verts=0 vp=289x217 | render=0.0ms logic=16.8ms (clear=0.0ms x0) capture=0.0ms frame=16.8ms nonTRI=0
BLITPROF f=2160 draws=12 tris=174 culled=0 | raster=1.3 clear=0.0 texup=0.0 present=0.0 logic=15.4 ms
MFSUBMIT n=2160 wait_ms[avg=16.81] fabric_ms[frame=9.05 tri=6.78 texwait=0.66 dpath=6.12 ovhd=2.26] cov_px=97660 cov_px_est=97660 est_ratio=1.00 overdraw=1.57 cyc_px=6.2 cov_src=exact spin_avg=0 to=0
MFSEAM n=30 period=16.93 host=16.80 block=0.13 pub=0.00 notice=0.00 blocked=0% suspect=0 incomplete=0 host_hist=0/0/0/0/0/0/15/15 pub_hist=30/0/0/0/0/0/0/0
DRAWTRACE f=2190 draws=0 verts=0 vp=289x217 | render=0.0ms logic=15.7ms (clear=0.0ms x0) capture=0.1ms frame=15.9ms nonTRI=0
BLITPROF f=2190 draws=12 tris=174 culled=0 | raster=1.1 clear=0.0 texup=0.0 present=0.0 logic=14.7 ms
MFSUBMIT n=2190 wait_ms[avg=16.54] fabric_ms[frame=9.04 tri=6.78 texwait=0.66 dpath=6.12 ovhd=2.25] cov_px=97660 cov_px_est=97660 est_ratio=1.00 overdraw=1.57 cyc_px=6.2 cov_src=exact spin_avg=0 to=0
MFSEAM n=30 period=16.69 host=16.54 block=0.15 pub=0.00 notice=0.00 blocked=0% suspect=0 incomplete=0 host_hist=0/0/0/0/0/0/15/15 pub_hist=30/0/0/0/0/0/0/0
DRAWTRACE f=2220 draws=0 verts=0 vp=289x217 | render=0.0ms logic=17.5ms (clear=0.0ms x0) capture=0.1ms frame=17.5ms nonTRI=0
BLITPROF f=2220 draws=12 tris=174 culled=0 | raster=2.0 clear=0.0 texup=0.0 present=0.0 logic=15.4 ms
MFSUBMIT n=2220 wait_ms[avg=17.12] fabric_ms[frame=9.04 tri=6.78 texwait=0.66 dpath=6.12 ovhd=2.26] cov_px=97660 cov_px_est=97660 est_ratio=1.00 overdraw=1.57 cyc_px=6.2 cov_src=exact spin_avg=0 to=0
MFSEAM n=30 period=17.31 host=17.12 block=0.19 pub=0.00 notice=0.00 blocked=0% suspect=0 incomplete=0 host_hist=0/0/0/0/0/0/16/14 pub_hist=30/0/0/0/0/0/0/0
DRAWTRACE f=2250 draws=0 verts=0 vp=289x217 | render=0.0ms logic=13.2ms (clear=0.0ms x0) capture=0.1ms frame=13.3ms nonTRI=0
BLITPROF f=2250 draws=13 tris=176 culled=0 | raster=1.1 clear=0.0 texup=0.0 present=0.0 logic=12.1 ms
MFSUBMIT n=2250 wait_ms[avg=16.39] fabric_ms[frame=10.96 tri=8.71 texwait=1.05 dpath=7.65 ovhd=2.26] cov_px=122543 cov_px_est=122543 est_ratio=1.00 overdraw=1.97 cyc_px=6.1 cov_src=exact spin_avg=3 to=0
MFSEAM n=30 period=16.54 host=16.38 block=0.16 pub=0.00 notice=0.01 blocked=3% suspect=0 incomplete=0 host_hist=0/0/0/0/0/0/16/14 pub_hist=30/0/0/0/0/0/0/0
DRAWTRACE f=2280 draws=0 verts=0 vp=289x217 | render=0.0ms logic=16.3ms (clear=0.0ms x0) capture=0.0ms frame=16.4ms nonTRI=0
BLITPROF f=2280 draws=13 tris=176 culled=0 | raster=1.2 clear=0.0 texup=0.0 present=0.0 logic=15.1 ms
MFSUBMIT n=2280 wait_ms[avg=16.51] fabric_ms[frame=13.85 tri=11.59 texwait=1.64 dpath=9.95 ovhd=2.26] cov_px=159868 cov_px_est=159868 est_ratio=1.00 overdraw=2.57 cyc_px=6.1 cov_src=exact spin_avg=262 to=0
MFSEAM n=30 period=16.60 host=16.17 block=0.43 pub=0.00 notice=0.09 blocked=13% suspect=0 incomplete=0 host_hist=0/0/0/0/0/0/18/12 pub_hist=30/0/0/0/0/0/0/0
DRAWTRACE f=2310 draws=0 verts=0 vp=289x217 | render=0.0ms logic=16.5ms (clear=0.0ms x0) capture=0.0ms frame=16.5ms nonTRI=0
BLITPROF f=2310 draws=13 tris=176 culled=0 | raster=1.2 clear=0.0 texup=0.0 present=0.0 logic=15.3 ms
MFSUBMIT n=2310 wait_ms[avg=16.82] fabric_ms[frame=13.86 tri=11.59 texwait=1.64 dpath=9.95 ovhd=2.27] cov_px=159868 cov_px_est=159868 est_ratio=1.00 overdraw=2.57 cyc_px=6.1 cov_src=exact spin_avg=381 to=0
MFSEAM n=30 period=16.91 host=16.28 block=0.63 pub=0.00 notice=0.59 blocked=20% suspect=0 incomplete=0 host_hist=0/0/0/0/0/1/18/11 pub_hist=30/0/0/0/0/0/0/0
DRAWTRACE f=2340 draws=0 verts=0 vp=289x217 | render=0.0ms logic=4.8ms (clear=0.0ms x0) capture=12.4ms frame=17.2ms nonTRI=0
BLITPROF f=2340 draws=14 tris=226 culled=0 | raster=1.5 clear=0.1 texup=0.0 present=0.0 logic=3.3 ms
MFSUBMIT n=2340 wait_ms[avg=20.89] fabric_ms[frame=19.29 tri=16.60 texwait=2.99 dpath=13.61 ovhd=2.70] cov_px=218234 cov_px_est=218234 est_ratio=1.00 overdraw=3.51 cyc_px=6.1 cov_src=exact spin_avg=7202 to=0
MFSEAM n=30 period=21.05 host=10.85 block=10.21 pub=0.00 notice=0.59 blocked=83% suspect=0 incomplete=0 host_hist=0/0/0/0/0/14/13/3 pub_hist=30/0/0/0/0/0/0/0
DRAWTRACE f=2370 draws=0 verts=0 vp=289x217 | render=0.0ms logic=4.9ms (clear=0.0ms x0) capture=12.6ms frame=17.5ms nonTRI=0
BLITPROF f=2370 draws=14 tris=228 culled=0 | raster=1.4 clear=0.0 texup=0.0 present=0.0 logic=3.4 ms
MFSUBMIT n=2370 wait_ms[avg=18.17] fabric_ms[frame=17.16 tri=14.82 texwait=2.68 dpath=12.14 ovhd=2.34] cov_px=194138 cov_px_est=194138 est_ratio=1.00 overdraw=3.12 cyc_px=6.2 cov_src=exact spin_avg=5560 to=0
MFSEAM n=30 period=18.29 host=9.58 block=8.70 pub=0.00 notice=0.70 blocked=93% suspect=0 incomplete=0 host_hist=0/0/0/0/0/15/13/2 pub_hist=30/0/0/0/0/0/0/0
DRAWTRACE f=2400 draws=0 verts=0 vp=289x217 | render=0.0ms logic=4.7ms (clear=0.0ms x0) capture=12.8ms frame=17.5ms nonTRI=0
BLITPROF f=2400 draws=14 tris=228 culled=0 | raster=1.5 clear=0.0 texup=0.0 present=0.0 logic=3.2 ms
MFDUP frames=2400 dup_draws_elided=0 (+0 since last) crt_ghost_stripped=4800
MFSUBMIT n=2400 wait_ms[avg=18.24] fabric_ms[frame=17.22 tri=14.89 texwait=2.68 dpath=12.20 ovhd=2.33] cov_px=195203 cov_px_est=195203 est_ratio=1.00 overdraw=3.14 cyc_px=6.2 cov_src=exact spin_avg=6256 to=0
MFSEAM n=30 period=18.34 host=9.82 block=8.51 pub=0.00 notice=0.40 blocked=97% suspect=0 incomplete=0 host_hist=0/0/0/0/0/16/12/2 pub_hist=30/0/0/0/0/0/0/0
DRAWTRACE f=2430 draws=0 verts=0 vp=289x217 | render=0.0ms logic=4.9ms (clear=0.0ms x0) capture=12.5ms frame=17.4ms nonTRI=0
BLITPROF f=2430 draws=14 tris=228 culled=0 | raster=1.5 clear=0.0 texup=0.0 present=0.0 logic=3.4 ms
MFSUBMIT n=2430 wait_ms[avg=18.41] fabric_ms[frame=17.20 tri=14.86 texwait=2.68 dpath=12.18 ovhd=2.33] cov_px=194789 cov_px_est=194789 est_ratio=1.00 overdraw=3.13 cyc_px=6.2 cov_src=exact spin_avg=5754 to=0
MFSEAM n=30 period=18.57 host=10.12 block=8.44 pub=0.00 notice=0.59 blocked=87% suspect=0 incomplete=0 host_hist=0/0/0/0/0/16/9/5 pub_hist=30/0/0/0/0/0/0/0
DRAWTRACE f=2460 draws=0 verts=0 vp=289x217 | render=0.0ms logic=4.7ms (clear=0.0ms x0) capture=12.4ms frame=17.1ms nonTRI=0
BLITPROF f=2460 draws=14 tris=228 culled=0 | raster=1.6 clear=0.0 texup=0.0 present=0.0 logic=3.2 ms
MFSUBMIT n=2460 wait_ms[avg=17.28] fabric_ms[frame=16.95 tri=14.62 texwait=2.65 dpath=11.98 ovhd=2.33] cov_px=191480 cov_px_est=191480 est_ratio=1.00 overdraw=3.08 cyc_px=6.2 cov_src=exact spin_avg=7048 to=0
MFSEAM n=30 period=17.45 host=7.73 block=9.71 pub=0.00 notice=0.49 blocked=100% suspect=0 incomplete=0 host_hist=0/0/0/0/0/20/10/0 pub_hist=30/0/0/0/0/0/0/0
DRAWTRACE f=2490 draws=0 verts=0 vp=289x217 | render=0.0ms logic=5.2ms (clear=0.0ms x0) capture=16.8ms frame=22.0ms nonTRI=0
BLITPROF f=2490 draws=14 tris=252 culled=0 | raster=1.8 clear=0.0 texup=0.0 present=0.0 logic=3.4 ms
MFSUBMIT n=2490 wait_ms[avg=21.87] fabric_ms[frame=21.20 tri=18.73 texwait=3.66 dpath=15.06 ovhd=2.47] cov_px=241101 cov_px_est=241101 est_ratio=1.00 overdraw=3.88 cyc_px=6.2 cov_src=exact spin_avg=8746 to=0
MFSEAM n=30 period=22.04 host=9.29 block=12.75 pub=0.00 notice=0.55 blocked=97% suspect=0 incomplete=0 host_hist=0/0/0/0/0/18/8/4 pub_hist=30/0/0/0/0/0/0/0
DRAWTRACE f=2520 draws=0 verts=0 vp=289x217 | render=0.0ms logic=5.4ms (clear=0.0ms x0) capture=16.4ms frame=21.8ms nonTRI=0
BLITPROF f=2520 draws=12 tris=240 culled=0 | raster=2.3 clear=0.0 texup=0.0 present=0.0 logic=3.1 ms
MFSUBMIT n=2520 wait_ms[avg=21.76] fabric_ms[frame=21.45 tri=19.10 texwait=3.74 dpath=15.36 ovhd=2.35] cov_px=245850 cov_px_est=245850 est_ratio=1.00 overdraw=3.95 cyc_px=6.1 cov_src=exact spin_avg=11472 to=0
MFSEAM n=30 period=21.96 host=6.04 block=15.91 pub=0.00 notice=0.50 blocked=100% suspect=0 incomplete=0 host_hist=0/0/0/0/0/27/2/1 pub_hist=30/0/0/0/0/0/0/0
DRAWTRACE f=2550 draws=0 verts=0 vp=289x217 | render=0.0ms logic=4.8ms (clear=0.0ms x0) capture=16.8ms frame=21.6ms nonTRI=0
BLITPROF f=2550 draws=12 tris=240 culled=0 | raster=1.5 clear=0.0 texup=0.0 present=0.0 logic=3.2 ms
MFSUBMIT n=2550 wait_ms[avg=21.75] fabric_ms[frame=21.37 tri=19.02 texwait=3.70 dpath=15.32 ovhd=2.35] cov_px=245346 cov_px_est=245346 est_ratio=1.00 overdraw=3.94 cyc_px=6.1 cov_src=exact spin_avg=9530 to=0
MFSEAM n=30 period=21.87 host=7.11 block=14.76 pub=0.00 notice=0.50 blocked=100% suspect=0 incomplete=0 host_hist=0/0/0/0/0/22/8/0 pub_hist=30/0/0/0/0/0/0/0
DRAWTRACE f=2580 draws=0 verts=0 vp=289x217 | render=0.0ms logic=6.0ms (clear=0.0ms x0) capture=10.4ms frame=16.4ms nonTRI=0
BLITPROF f=2580 draws=12 tris=216 culled=0 | raster=1.4 clear=0.0 texup=0.0 present=0.0 logic=4.6 ms
MFSUBMIT n=2580 wait_ms[avg=18.58] fabric_ms[frame=18.26 tri=15.94 texwait=2.95 dpath=12.98 ovhd=2.33] cov_px=207774 cov_px_est=207774 est_ratio=1.00 overdraw=3.34 cyc_px=6.2 cov_src=exact spin_avg=8765 to=0
MFSEAM n=30 period=18.69 host=6.83 block=11.86 pub=0.00 notice=0.42 blocked=100% suspect=0 incomplete=0 host_hist=0/0/0/0/0/23/7/0 pub_hist=30/0/0/0/0/0/0/0
DRAWTRACE f=2610 draws=0 verts=0 vp=289x217 | render=0.0ms logic=6.7ms (clear=0.0ms x0) capture=9.8ms frame=16.4ms nonTRI=0
BLITPROF f=2610 draws=12 tris=216 culled=0 | raster=1.4 clear=0.0 texup=0.0 present=0.0 logic=5.3 ms
MFSUBMIT n=2610 wait_ms[avg=16.75] fabric_ms[frame=16.20 tri=13.88 texwait=2.46 dpath=11.42 ovhd=2.32] cov_px=182661 cov_px_est=182661 est_ratio=1.00 overdraw=2.94 cyc_px=6.2 cov_src=exact spin_avg=3918 to=0
MFSEAM n=30 period=16.92 host=10.43 block=6.48 pub=0.00 notice=0.70 blocked=97% suspect=0 incomplete=0 host_hist=0/0/0/0/0/8/21/1 pub_hist=30/0/0/0/0/0/0/0
DRAWTRACE f=2640 draws=0 verts=0 vp=289x217 | render=0.0ms logic=7.2ms (clear=0.0ms x0) capture=9.3ms frame=16.4ms nonTRI=0
BLITPROF f=2640 draws=12 tris=216 culled=0 | raster=1.3 clear=0.1 texup=0.0 present=0.0 logic=5.8 ms
MFSUBMIT n=2640 wait_ms[avg=16.68] fabric_ms[frame=16.20 tri=13.88 texwait=2.46 dpath=11.42 ovhd=2.32] cov_px=182661 cov_px_est=182661 est_ratio=1.00 overdraw=2.94 cyc_px=6.2 cov_src=exact spin_avg=3667 to=0
MFSEAM n=30 period=16.83 host=11.73 block=5.10 pub=0.00 notice=0.44 blocked=97% suspect=0 incomplete=0 host_hist=0/0/0/0/0/2/27/1 pub_hist=30/0/0/0/0/0/0/0
DRAWTRACE f=2670 draws=0 verts=0 vp=289x217 | render=0.0ms logic=6.7ms (clear=0.0ms x0) capture=9.7ms frame=16.4ms nonTRI=0
BLITPROF f=2670 draws=12 tris=218 culled=0 | raster=1.5 clear=0.0 texup=0.0 present=0.0 logic=5.2 ms
MFSUBMIT n=2670 wait_ms[avg=17.00] fabric_ms[frame=16.22 tri=13.90 texwait=2.46 dpath=11.43 ovhd=2.33] cov_px=182811 cov_px_est=182811 est_ratio=1.00 overdraw=2.94 cyc_px=6.2 cov_src=exact spin_avg=2985 to=0
MFSEAM n=30 period=17.16 host=12.77 block=4.40 pub=0.00 notice=0.49 blocked=83% suspect=0 incomplete=0 host_hist=0/0/0/0/0/2/23/5 pub_hist=30/0/0/0/0/0/0/0
DRAWTRACE f=2700 draws=0 verts=0 vp=289x217 | render=0.0ms logic=11.6ms (clear=0.0ms x0) capture=4.8ms frame=16.5ms nonTRI=0
BLITPROF f=2700 draws=12 tris=218 culled=0 | raster=1.8 clear=0.0 texup=0.0 present=0.0 logic=9.8 ms
MFDUP frames=2700 dup_draws_elided=0 (+0 since last) crt_ghost_stripped=5400
MFSUBMIT n=2700 wait_ms[avg=16.77] fabric_ms[frame=16.21 tri=13.89 texwait=2.46 dpath=11.43 ovhd=2.32] cov_px=182761 cov_px_est=182761 est_ratio=1.00 overdraw=2.94 cyc_px=6.2 cov_src=exact spin_avg=3342 to=0
MFSEAM n=30 period=17.14 host=12.24 block=4.89 pub=0.00 notice=0.71 blocked=83% suspect=0 incomplete=0 host_hist=0/0/0/0/0/0/26/4 pub_hist=30/0/0/0/0/0/0/0
DRAWTRACE f=2730 draws=0 verts=0 vp=289x217 | render=0.0ms logic=17.3ms (clear=0.0ms x0) capture=1.7ms frame=19.0ms nonTRI=0
BLITPROF f=2730 draws=12 tris=216 culled=0 | raster=4.5 clear=0.0 texup=0.0 present=0.0 logic=12.8 ms
MFSUBMIT n=2730 wait_ms[avg=16.95] fabric_ms[frame=16.20 tri=13.88 texwait=2.46 dpath=11.42 ovhd=2.32] cov_px=182664 cov_px_est=182664 est_ratio=1.00 overdraw=2.94 cyc_px=6.2 cov_src=exact spin_avg=3867 to=0
MFSEAM n=30 period=17.07 host=11.37 block=5.69 pub=0.00 notice=0.43 blocked=87% suspect=0 incomplete=0 host_hist=0/0/0/0/0/5/21/4 pub_hist=30/0/0/0/0/0/0/0
DRAWTRACE f=2760 draws=0 verts=0 vp=289x217 | render=0.0ms logic=10.5ms (clear=0.0ms x0) capture=6.0ms frame=16.4ms nonTRI=0
BLITPROF f=2760 draws=12 tris=216 culled=0 | raster=1.3 clear=0.0 texup=0.0 present=0.0 logic=9.1 ms
MFSUBMIT n=2760 wait_ms[avg=16.51] fabric_ms[frame=16.20 tri=13.88 texwait=2.46 dpath=11.42 ovhd=2.31] cov_px=182661 cov_px_est=182661 est_ratio=1.00 overdraw=2.94 cyc_px=6.2 cov_src=exact spin_avg=5398 to=0
MFSEAM n=30 period=16.66 host=9.27 block=7.39 pub=0.00 notice=0.46 blocked=100% suspect=0 incomplete=0 host_hist=0/0/0/0/0/6/24/0 pub_hist=30/0/0/0/0/0/0/0
DRAWTRACE f=2790 draws=0 verts=0 vp=289x217 | render=0.0ms logic=9.4ms (clear=0.0ms x0) capture=7.1ms frame=16.5ms nonTRI=0
BLITPROF f=2790 draws=12 tris=218 culled=0 | raster=1.5 clear=0.2 texup=0.0 present=0.0 logic=7.7 ms
MFSUBMIT n=2790 wait_ms[avg=16.64] fabric_ms[frame=16.22 tri=13.90 texwait=2.47 dpath=11.43 ovhd=2.32] cov_px=182818 cov_px_est=182818 est_ratio=1.00 overdraw=2.94 cyc_px=6.2 cov_src=exact spin_avg=4974 to=0
MFSEAM n=30 period=16.80 host=9.85 block=6.95 pub=0.00 notice=0.49 blocked=97% suspect=0 incomplete=0 host_hist=0/0/0/0/0/10/19/1 pub_hist=30/0/0/0/0/0/0/0
DRAWTRACE f=2820 draws=0 verts=0 vp=289x217 | render=0.0ms logic=8.0ms (clear=0.0ms x0) capture=8.4ms frame=16.4ms nonTRI=0
BLITPROF f=2820 draws=12 tris=218 culled=0 | raster=1.4 clear=0.0 texup=0.0 present=0.0 logic=6.6 ms
MFSUBMIT n=2820 wait_ms[avg=17.22] fabric_ms[frame=16.22 tri=13.89 texwait=2.46 dpath=11.43 ovhd=2.32] cov_px=182758 cov_px_est=182758 est_ratio=1.00 overdraw=2.94 cyc_px=6.2 cov_src=exact spin_avg=3971 to=0
MFSEAM n=30 period=17.38 host=11.35 block=6.02 pub=0.00 notice=0.45 blocked=90% suspect=0 incomplete=0 host_hist=0/0/0/0/0/9/18/3 pub_hist=30/0/0/0/0/0/0/0
DRAWTRACE f=2850 draws=0 verts=0 vp=289x217 | render=0.0ms logic=10.6ms (clear=0.0ms x0) capture=3.6ms frame=14.2ms nonTRI=0
BLITPROF f=2850 draws=12 tris=216 culled=0 | raster=1.4 clear=0.0 texup=0.0 present=0.0 logic=9.1 ms
MFSUBMIT n=2850 wait_ms[avg=16.93] fabric_ms[frame=16.20 tri=13.88 texwait=2.46 dpath=11.42 ovhd=2.32] cov_px=182661 cov_px_est=182661 est_ratio=1.00 overdraw=2.94 cyc_px=6.2 cov_src=exact spin_avg=2893 to=0
MFSEAM n=30 period=17.10 host=12.97 block=4.13 pub=0.00 notice=0.49 blocked=80% suspect=0 incomplete=0 host_hist=0/0/0/0/0/0/26/4 pub_hist=30/0/0/0/0/0/0/0
DRAWTRACE f=2880 draws=0 verts=0 vp=289x217 | render=0.0ms logic=5.5ms (clear=0.0ms x0) capture=10.9ms frame=16.4ms nonTRI=0
BLITPROF f=2880 draws=12 tris=216 culled=0 | raster=1.4 clear=0.0 texup=0.0 present=0.0 logic=4.1 ms
MFSUBMIT n=2880 wait_ms[avg=17.40] fabric_ms[frame=16.21 tri=13.89 texwait=2.46 dpath=11.42 ovhd=2.32] cov_px=182662 cov_px_est=182662 est_ratio=1.00 overdraw=2.94 cyc_px=6.2 cov_src=exact spin_avg=2901 to=0
MFSEAM n=30 period=17.50 host=12.94 block=4.55 pub=0.00 notice=0.34 blocked=67% suspect=0 incomplete=0 host_hist=0/0/0/0/0/7/14/9 pub_hist=30/0/0/0/0/0/0/0
DRAWTRACE f=2910 draws=0 verts=0 vp=289x217 | render=0.0ms logic=9.6ms (clear=0.0ms x0) capture=6.8ms frame=16.5ms nonTRI=0
BLITPROF f=2910 draws=12 tris=216 culled=0 | raster=1.4 clear=0.0 texup=0.0 present=0.0 logic=8.2 ms
MFSUBMIT n=2910 wait_ms[avg=16.73] fabric_ms[frame=16.21 tri=13.89 texwait=2.47 dpath=11.42 ovhd=2.32] cov_px=182669 cov_px_est=182669 est_ratio=1.00 overdraw=2.94 cyc_px=6.2 cov_src=exact spin_avg=3695 to=0
MFSEAM n=30 period=16.82 host=11.74 block=5.07 pub=0.00 notice=0.39 blocked=97% suspect=0 incomplete=0 host_hist=0/0/0/0/0/0/29/1 pub_hist=30/0/0/0/0/0/0/0
DRAWTRACE f=2940 draws=0 verts=0 vp=289x217 | render=0.0ms logic=11.0ms (clear=0.0ms x0) capture=5.2ms frame=16.2ms nonTRI=0
BLITPROF f=2940 draws=14 tris=216 culled=0 | raster=2.6 clear=0.0 texup=0.0 present=0.0 logic=8.3 ms
MFSUBMIT n=2940 wait_ms[avg=17.59] fabric_ms[frame=16.21 tri=13.89 texwait=2.47 dpath=11.42 ovhd=2.32] cov_px=182689 cov_px_est=182689 est_ratio=1.00 overdraw=2.94 cyc_px=6.2 cov_src=exact spin_avg=3938 to=0
MFSEAM n=30 period=17.77 host=11.94 block=5.83 pub=0.00 notice=0.66 blocked=83% suspect=0 incomplete=0 host_hist=0/0/0/0/0/4/21/5 pub_hist=30/0/0/0/0/0/0/0
DRAWTRACE f=2970 draws=0 verts=0 vp=289x217 | render=0.0ms logic=11.8ms (clear=0.0ms x0) capture=4.6ms frame=16.4ms nonTRI=0
BLITPROF f=2970 draws=14 tris=218 culled=0 | raster=1.6 clear=0.0 texup=0.0 present=0.0 logic=10.3 ms
MFSUBMIT n=2970 wait_ms[avg=16.53] fabric_ms[frame=16.22 tri=13.90 texwait=2.48 dpath=11.43 ovhd=2.31] cov_px=182778 cov_px_est=182778 est_ratio=1.00 overdraw=2.94 cyc_px=6.2 cov_src=exact spin_avg=3820 to=0
MFSEAM n=30 period=16.68 host=11.35 block=5.32 pub=0.00 notice=0.46 blocked=100% suspect=0 incomplete=0 host_hist=0/0/0/0/0/0/30/0 pub_hist=30/0/0/0/0/0/0/0
DRAWTRACE f=3000 draws=0 verts=0 vp=289x217 | render=0.0ms logic=11.2ms (clear=0.0ms x0) capture=5.1ms frame=16.4ms nonTRI=0
BLITPROF f=3000 draws=12 tris=218 culled=0 | raster=2.1 clear=0.0 texup=0.0 present=0.0 logic=9.1 ms
MFDUP frames=3000 dup_draws_elided=0 (+0 since last) crt_ghost_stripped=6000
MFSUBMIT n=3000 wait_ms[avg=16.92] fabric_ms[frame=16.19 tri=13.87 texwait=2.50 dpath=11.36 ovhd=2.33] cov_px=181827 cov_px_est=181827 est_ratio=1.00 overdraw=2.92 cyc_px=6.2 cov_src=exact spin_avg=4414 to=0
MFSEAM n=30 period=17.09 host=10.31 block=6.78 pub=0.00 notice=0.60 blocked=93% suspect=0 incomplete=0 host_hist=0/0/0/0/0/10/18/2 pub_hist=30/0/0/0/0/0/0/0
DRAWTRACE f=3030 draws=0 verts=0 vp=289x217 | render=0.0ms logic=20.3ms (clear=0.0ms x0) capture=0.8ms frame=21.1ms nonTRI=0
BLITPROF f=3030 draws=14 tris=226 culled=0 | raster=3.6 clear=0.0 texup=0.0 present=0.0 logic=16.6 ms
MFSUBMIT n=3030 wait_ms[avg=16.83] fabric_ms[frame=16.15 tri=13.81 texwait=2.65 dpath=11.16 ovhd=2.34] cov_px=178357 cov_px_est=178356 est_ratio=1.00 overdraw=2.87 cyc_px=6.2 cov_src=exact spin_avg=1767 to=0
MFSEAM n=30 period=17.13 host=14.34 block=2.79 pub=0.00 notice=0.60 blocked=87% suspect=0 incomplete=0 host_hist=0/0/0/0/0/0/26/4 pub_hist=30/0/0/0/0/0/0/0
DRAWTRACE f=3060 draws=0 verts=0 vp=289x217 | render=0.0ms logic=10.1ms (clear=0.0ms x0) capture=6.1ms frame=16.3ms nonTRI=0
BLITPROF f=3060 draws=12 tris=218 culled=0 | raster=1.4 clear=0.0 texup=0.0 present=0.0 logic=8.7 ms
MFSUBMIT n=3060 wait_ms[avg=16.57] fabric_ms[frame=16.17 tri=13.84 texwait=2.65 dpath=11.19 ovhd=2.32] cov_px=178917 cov_px_est=178917 est_ratio=1.00 overdraw=2.88 cyc_px=6.2 cov_src=exact spin_avg=5205 to=0
MFSEAM n=30 period=16.66 host=9.55 block=7.10 pub=0.00 notice=0.33 blocked=97% suspect=0 incomplete=0 host_hist=0/0/0/0/0/7/22/1 pub_hist=30/0/0/0/0/0/0/0
DRAWTRACE f=3090 draws=0 verts=0 vp=289x217 | render=0.0ms logic=9.6ms (clear=0.0ms x0) capture=6.9ms frame=16.6ms nonTRI=0
BLITPROF f=3090 draws=12 tris=226 culled=0 | raster=1.5 clear=0.0 texup=0.0 present=0.0 logic=8.1 ms
MFSUBMIT n=3090 wait_ms[avg=16.61] fabric_ms[frame=16.16 tri=13.84 texwait=2.63 dpath=11.20 ovhd=2.33] cov_px=179106 cov_px_est=179106 est_ratio=1.00 overdraw=2.88 cyc_px=6.2 cov_src=exact spin_avg=3805 to=0
MFSEAM n=30 period=16.71 host=10.47 block=6.24 pub=0.00 notice=0.54 blocked=100% suspect=0 incomplete=0 host_hist=0/0/0/0/0/1/29/0 pub_hist=30/0/0/0/0/0/0/0
DRAWTRACE f=3120 draws=0 verts=0 vp=289x217 | render=0.0ms logic=8.5ms (clear=0.0ms x0) capture=8.2ms frame=16.7ms nonTRI=0
BLITPROF f=3120 draws=14 tris=222 culled=0 | raster=1.6 clear=0.0 texup=0.0 present=0.0 logic=6.9 ms
MFSUBMIT n=3120 wait_ms[avg=16.74] fabric_ms[frame=16.36 tri=14.04 texwait=2.72 dpath=11.32 ovhd=2.33] cov_px=180795 cov_px_est=180795 est_ratio=1.00 overdraw=2.91 cyc_px=6.2 cov_src=exact spin_avg=3927 to=0
MFSEAM n=30 period=16.88 host=11.43 block=5.44 pub=0.00 notice=0.43 blocked=97% suspect=0 incomplete=0 host_hist=0/0/0/0/0/0/29/1 pub_hist=30/0/0/0/0/0/0/0
DRAWTRACE f=3150 draws=0 verts=0 vp=289x217 | render=0.0ms logic=6.0ms (clear=0.0ms x0) capture=11.3ms frame=17.2ms nonTRI=0
BLITPROF f=3150 draws=12 tris=228 culled=0 | raster=1.5 clear=0.0 texup=0.0 present=0.0 logic=4.4 ms
MFSUBMIT n=3150 wait_ms[avg=17.33] fabric_ms[frame=16.82 tri=14.49 texwait=2.87 dpath=11.62 ovhd=2.34] cov_px=185536 cov_px_est=185536 est_ratio=1.00 overdraw=2.98 cyc_px=6.2 cov_src=exact spin_avg=4495 to=0
MFSEAM n=30 period=17.52 host=10.28 block=7.24 pub=0.00 notice=0.58 blocked=97% suspect=0 incomplete=0 host_hist=0/0/0/0/0/7/22/1 pub_hist=30/0/0/0/0/0/0/0
DRAWTRACE f=3180 draws=0 verts=0 vp=289x217 | render=0.0ms logic=5.5ms (clear=0.0ms x0) capture=11.8ms frame=17.3ms nonTRI=0
BLITPROF f=3180 draws=14 tris=228 culled=0 | raster=1.6 clear=0.0 texup=0.0 present=0.0 logic=3.9 ms
MFSUBMIT n=3180 wait_ms[avg=17.39] fabric_ms[frame=17.07 tri=14.72 texwait=2.97 dpath=11.75 ovhd=2.34] cov_px=187667 cov_px_est=187667 est_ratio=1.00 overdraw=3.02 cyc_px=6.2 cov_src=exact spin_avg=6838 to=0
MFSEAM n=30 period=17.66 host=8.12 block=9.55 pub=0.00 notice=0.58 blocked=97% suspect=0 incomplete=0 host_hist=0/0/0/0/0/19/10/1 pub_hist=30/0/0/0/0/0/0/0
DRAWTRACE f=3210 draws=0 verts=0 vp=289x217 | render=0.0ms logic=6.7ms (clear=0.0ms x0) capture=9.7ms frame=16.4ms nonTRI=0
BLITPROF f=3210 draws=12 tris=232 culled=0 | raster=1.8 clear=0.0 texup=0.0 present=0.0 logic=4.9 ms
MFSUBMIT n=3210 wait_ms[avg=17.94] fabric_ms[frame=16.91 tri=14.57 texwait=2.96 dpath=11.60 ovhd=2.35] cov_px=185184 cov_px_est=185184 est_ratio=1.00 overdraw=2.98 cyc_px=6.2 cov_src=exact spin_avg=3643 to=0
MFSEAM n=30 period=18.09 host=12.60 block=5.48 pub=0.00 notice=0.36 blocked=73% suspect=0 incomplete=0 host_hist=0/0/0/0/0/6/16/8 pub_hist=30/0/0/0/0/0/0/0
DRAWTRACE f=3240 draws=0 verts=0 vp=289x217 | render=0.0ms logic=8.4ms (clear=0.0ms x0) capture=8.0ms frame=16.5ms nonTRI=0
BLITPROF f=3240 draws=12 tris=232 culled=0 | raster=1.6 clear=0.0 texup=0.0 present=0.0 logic=6.9 ms
MFSUBMIT n=3240 wait_ms[avg=16.84] fabric_ms[frame=16.32 tri=13.98 texwait=2.70 dpath=11.28 ovhd=2.34] cov_px=180176 cov_px_est=180176 est_ratio=1.00 overdraw=2.90 cyc_px=6.2 cov_src=exact spin_avg=5516 to=0
MFSEAM n=30 period=16.94 host=9.33 block=7.60 pub=0.00 notice=0.38 blocked=97% suspect=0 incomplete=0 host_hist=0/0/0/0/0/9/20/1 pub_hist=30/0/0/0/0/0/0/0
DRAWTRACE f=3270 draws=0 verts=0 vp=289x217 | render=0.0ms logic=12.1ms (clear=0.0ms x0) capture=3.8ms frame=16.0ms nonTRI=0
BLITPROF f=3270 draws=12 tris=238 culled=0 | raster=1.9 clear=0.0 texup=0.0 present=0.0 logic=10.2 ms
MFSUBMIT n=3270 wait_ms[avg=17.21] fabric_ms[frame=16.09 tri=13.74 texwait=2.66 dpath=11.08 ovhd=2.35] cov_px=176855 cov_px_est=176855 est_ratio=1.00 overdraw=2.84 cyc_px=6.2 cov_src=exact spin_avg=3250 to=0
MFSEAM n=30 period=17.41 host=12.65 block=4.76 pub=0.00 notice=0.50 blocked=90% suspect=0 incomplete=0 host_hist=0/0/0/0/0/2/25/3 pub_hist=30/0/0/0/0/0/0/0
DRAWTRACE f=3300 draws=0 verts=0 vp=289x217 | render=0.0ms logic=13.8ms (clear=0.0ms x0) capture=2.2ms frame=16.0ms nonTRI=0
BLITPROF f=3300 draws=14 tris=230 culled=0 | raster=1.5 clear=0.0 texup=0.0 present=0.0 logic=12.3 ms
MFDUP frames=3300 dup_draws_elided=0 (+0 since last) crt_ghost_stripped=6600
MFSUBMIT n=3300 wait_ms[avg=16.55] fabric_ms[frame=15.98 tri=13.64 texwait=2.64 dpath=11.00 ovhd=2.34] cov_px=175479 cov_px_est=175478 est_ratio=1.00 overdraw=2.82 cyc_px=6.2 cov_src=exact spin_avg=2843 to=0
MFSEAM n=30 period=16.69 host=12.58 block=4.12 pub=0.00 notice=0.56 blocked=87% suspect=0 incomplete=0 host_hist=0/0/0/0/0/0/27/3 pub_hist=30/0/0/0/0/0/0/0
DRAWTRACE f=3330 draws=0 verts=0 vp=289x217 | render=0.0ms logic=16.6ms (clear=0.0ms x0) capture=0.1ms frame=16.7ms nonTRI=0
BLITPROF f=3330 draws=14 tris=232 culled=0 | raster=1.5 clear=0.0 texup=0.0 present=0.0 logic=15.1 ms
MFSUBMIT n=3330 wait_ms[avg=16.68] fabric_ms[frame=15.93 tri=13.59 texwait=2.54 dpath=11.05 ovhd=2.34] cov_px=176481 cov_px_est=176480 est_ratio=1.00 overdraw=2.84 cyc_px=6.2 cov_src=exact spin_avg=2046 to=0
MFSEAM n=30 period=16.84 host=13.75 block=3.09 pub=0.00 notice=0.49 blocked=73% suspect=0 incomplete=0 host_hist=0/0/0/0/0/2/23/5 pub_hist=30/0/0/0/0/0/0/0
DRAWTRACE f=3360 draws=0 verts=0 vp=289x217 | render=0.0ms logic=12.7ms (clear=0.0ms x0) capture=3.2ms frame=15.9ms nonTRI=0
BLITPROF f=3360 draws=12 tris=232 culled=0 | raster=2.1 clear=0.0 texup=0.0 present=0.0 logic=10.6 ms
MFSUBMIT n=3360 wait_ms[avg=16.53] fabric_ms[frame=15.99 tri=13.64 texwait=2.61 dpath=11.02 ovhd=2.35] cov_px=175946 cov_px_est=175946 est_ratio=1.00 overdraw=2.83 cyc_px=6.2 cov_src=exact spin_avg=2345 to=0
MFSEAM n=30 period=16.83 host=12.89 block=3.93 pub=0.00 notice=0.36 blocked=83% suspect=0 incomplete=0 host_hist=0/0/0/0/0/0/28/2 pub_hist=30/0/0/0/0/0/0/0
DRAWTRACE f=3390 draws=0 verts=0 vp=289x217 | render=0.0ms logic=5.4ms (clear=0.0ms x0) capture=11.6ms frame=16.9ms nonTRI=0
BLITPROF f=3390 draws=12 tris=240 culled=0 | raster=1.6 clear=0.0 texup=0.0 present=0.0 logic=3.7 ms
MFSUBMIT n=3390 wait_ms[avg=16.84] fabric_ms[frame=16.42 tri=14.07 texwait=2.73 dpath=11.34 ovhd=2.35] cov_px=180881 cov_px_est=180881 est_ratio=1.00 overdraw=2.91 cyc_px=6.2 cov_src=exact spin_avg=5576 to=0
MFSEAM n=30 period=16.93 host=9.32 block=7.61 pub=0.00 notice=0.39 blocked=97% suspect=0 incomplete=0 host_hist=0/0/0/0/0/13/16/1 pub_hist=30/0/0/0/0/0/0/0
DRAWTRACE f=3420 draws=0 verts=0 vp=289x217 | render=0.0ms logic=6.3ms (clear=0.0ms x0) capture=10.8ms frame=17.0ms nonTRI=0
BLITPROF f=3420 draws=14 tris=242 culled=0 | raster=1.6 clear=0.1 texup=0.0 present=0.0 logic=4.6 ms
MFSUBMIT n=3420 wait_ms[avg=17.24] fabric_ms[frame=16.61 tri=14.26 texwait=2.80 dpath=11.45 ovhd=2.36] cov_px=182707 cov_px_est=182707 est_ratio=1.00 overdraw=2.94 cyc_px=6.2 cov_src=exact spin_avg=3770 to=0
MFSEAM n=30 period=17.34 host=10.69 block=6.64 pub=0.01 notice=0.48 blocked=97% suspect=0 incomplete=0 host_hist=0/0/0/0/0/6/23/1 pub_hist=30/0/0/0/0/0/0/0
DRAWTRACE f=3450 draws=0 verts=0 vp=289x217 | render=0.0ms logic=5.6ms (clear=0.0ms x0) capture=11.1ms frame=16.7ms nonTRI=0
BLITPROF f=3450 draws=14 tris=232 culled=0 | raster=1.6 clear=0.0 texup=0.0 present=0.0 logic=4.0 ms
MFSUBMIT n=3450 wait_ms[avg=16.93] fabric_ms[frame=16.62 tri=14.27 texwait=2.91 dpath=11.36 ovhd=2.34] cov_px=181225 cov_px_est=181224 est_ratio=1.00 overdraw=2.91 cyc_px=6.2 cov_src=exact spin_avg=6192 to=0
MFSEAM n=30 period=17.06 host=8.65 block=8.41 pub=0.00 notice=0.44 blocked=100% suspect=0 incomplete=0 host_hist=0/0/0/0/0/15/15/0 pub_hist=30/0/0/0/0/0/0/0
DRAWTRACE f=3480 draws=0 verts=0 vp=289x217 | render=0.0ms logic=10.6ms (clear=0.0ms x0) capture=5.9ms frame=16.4ms nonTRI=0
BLITPROF f=3480 draws=12 tris=238 culled=0 | raster=3.5 clear=0.0 texup=0.0 present=0.0 logic=7.0 ms
MFSUBMIT n=3480 wait_ms[avg=17.31] fabric_ms[frame=16.51 tri=14.14 texwait=2.83 dpath=11.32 ovhd=2.37] cov_px=180507 cov_px_est=180507 est_ratio=1.00 overdraw=2.90 cyc_px=6.2 cov_src=exact spin_avg=3751 to=0
MFSEAM n=30 period=17.47 host=11.52 block=5.94 pub=0.00 notice=0.54 blocked=83% suspect=0 incomplete=0 host_hist=0/0/0/0/0/7/18/5 pub_hist=30/0/0/0/0/0/0/0
DRAWTRACE f=3510 draws=0 verts=0 vp=289x217 | render=0.0ms logic=9.9ms (clear=0.0ms x0) capture=6.7ms frame=16.7ms nonTRI=0
BLITPROF f=3510 draws=12 tris=252 culled=0 | raster=2.1 clear=0.0 texup=0.0 present=0.0 logic=7.8 ms
MFSUBMIT n=3510 wait_ms[avg=16.70] fabric_ms[frame=16.40 tri=14.03 texwait=2.77 dpath=11.26 ovhd=2.37] cov_px=179607 cov_px_est=179607 est_ratio=1.00 overdraw=2.89 cyc_px=6.2 cov_src=exact spin_avg=4326 to=0
MFSEAM n=30 period=16.87 host=10.86 block=6.00 pub=0.00 notice=0.47 blocked=100% suspect=0 incomplete=0 host_hist=0/0/0/0/0/0/30/0 pub_hist=30/0/0/0/0/0/0/0
DRAWTRACE f=3540 draws=0 verts=0 vp=289x217 | render=0.0ms logic=21.6ms (clear=0.0ms x0) capture=0.1ms frame=21.6ms nonTRI=0
BLITPROF f=3540 draws=12 tris=256 culled=0 | raster=4.5 clear=0.0 texup=0.0 present=0.0 logic=17.1 ms
MFSUBMIT n=3540 wait_ms[avg=17.66] fabric_ms[frame=16.45 tri=14.07 texwait=2.67 dpath=11.40 ovhd=2.38] cov_px=181706 cov_px_est=181706 est_ratio=1.00 overdraw=2.92 cyc_px=6.2 cov_src=exact spin_avg=2240 to=0
MFSEAM n=30 period=17.97 host=14.07 block=3.89 pub=0.00 notice=0.81 blocked=90% suspect=0 incomplete=0 host_hist=0/0/0/0/0/1/26/3 pub_hist=30/0/0/0/0/0/0/0
DRAWTRACE f=3570 draws=0 verts=0 vp=289x217 | render=0.0ms logic=9.7ms (clear=0.0ms x0) capture=7.0ms frame=16.7ms nonTRI=0
BLITPROF f=3570 draws=12 tris=252 culled=0 | raster=3.2 clear=0.0 texup=0.0 present=0.0 logic=6.4 ms
MFSUBMIT n=3570 wait_ms[avg=16.85] fabric_ms[frame=16.43 tri=14.07 texwait=2.64 dpath=11.43 ovhd=2.36] cov_px=182234 cov_px_est=182234 est_ratio=1.00 overdraw=2.93 cyc_px=6.2 cov_src=exact spin_avg=6036 to=0
MFSEAM n=30 period=16.95 host=8.49 block=8.46 pub=0.00 notice=0.39 blocked=97% suspect=0 incomplete=0 host_hist=0/0/0/0/0/18/11/1 pub_hist=30/0/0/0/0/0/0/0
DRAWTRACE f=3600 draws=0 verts=0 vp=289x217 | render=0.0ms logic=5.9ms (clear=0.0ms x0) capture=10.7ms frame=16.6ms nonTRI=0
BLITPROF f=3600 draws=12 tris=252 culled=0 | raster=1.8 clear=0.0 texup=0.0 present=0.0 logic=4.1 ms
MFDUP frames=3600 dup_draws_elided=0 (+0 since last) crt_ghost_stripped=7200
MFSUBMIT n=3600 wait_ms[avg=17.28] fabric_ms[frame=16.39 tri=14.02 texwait=2.63 dpath=11.38 ovhd=2.37] cov_px=181533 cov_px_est=181532 est_ratio=1.00 overdraw=2.92 cyc_px=6.2 cov_src=exact spin_avg=5061 to=0
MFSEAM n=30 period=17.42 host=10.19 block=7.23 pub=0.00 notice=0.52 blocked=93% suspect=0 incomplete=0 host_hist=0/0/0/0/0/7/21/2 pub_hist=30/0/0/0/0/0/0/0
DRAWTRACE f=3630 draws=0 verts=0 vp=289x217 | render=0.0ms logic=6.5ms (clear=0.0ms x0) capture=10.1ms frame=16.6ms nonTRI=0
BLITPROF f=3630 draws=12 tris=252 culled=0 | raster=1.9 clear=0.0 texup=0.0 present=0.0 logic=4.5 ms
MFSUBMIT n=3630 wait_ms[avg=17.02] fabric_ms[frame=16.37 tri=14.01 texwait=2.63 dpath=11.38 ovhd=2.37] cov_px=181419 cov_px_est=181419 est_ratio=1.00 overdraw=2.92 cyc_px=6.2 cov_src=exact spin_avg=4611 to=0
MFSEAM n=30 period=17.17 host=9.97 block=7.20 pub=0.00 notice=0.79 blocked=93% suspect=0 incomplete=0 host_hist=0/0/0/0/0/14/15/1 pub_hist=30/0/0/0/0/0/0/0
DRAWTRACE f=3660 draws=0 verts=0 vp=289x217 | render=0.0ms logic=7.8ms (clear=0.0ms x0) capture=8.9ms frame=16.7ms nonTRI=0
BLITPROF f=3660 draws=12 tris=262 culled=0 | raster=2.1 clear=0.0 texup=0.0 present=0.0 logic=5.7 ms
MFSUBMIT n=3660 wait_ms[avg=16.75] fabric_ms[frame=16.39 tri=14.02 texwait=2.63 dpath=11.39 ovhd=2.37] cov_px=181557 cov_px_est=181557 est_ratio=1.00 overdraw=2.92 cyc_px=6.2 cov_src=exact spin_avg=3964 to=0
MFSEAM n=30 period=17.03 host=11.18 block=5.85 pub=0.00 notice=0.64 blocked=100% suspect=0 incomplete=0 host_hist=0/0/0/0/0/1/29/0 pub_hist=30/0/0/0/0/0/0/0
DRAWTRACE f=3690 draws=0 verts=0 vp=289x217 | render=0.0ms logic=5.6ms (clear=0.0ms x0) capture=11.1ms frame=16.7ms nonTRI=0
BLITPROF f=3690 draws=12 tris=260 culled=0 | raster=1.7 clear=0.0 texup=0.0 present=0.0 logic=3.8 ms
MFSUBMIT n=3690 wait_ms[avg=17.85] fabric_ms[frame=16.43 tri=14.05 texwait=2.64 dpath=11.41 ovhd=2.38] cov_px=181764 cov_px_est=181764 est_ratio=1.00 overdraw=2.92 cyc_px=6.2 cov_src=exact spin_avg=2949 to=0
MFSEAM n=30 period=18.13 host=13.64 block=4.49 pub=0.00 notice=0.66 blocked=70% suspect=0 incomplete=0 host_hist=0/0/0/0/0/9/13/8 pub_hist=30/0/0/0/0/0/0/0
DRAWTRACE f=3720 draws=0 verts=0 vp=289x217 | render=0.0ms logic=10.5ms (clear=0.0ms x0) capture=6.1ms frame=16.6ms nonTRI=0
BLITPROF f=3720 draws=12 tris=258 culled=0 | raster=1.6 clear=0.0 texup=0.0 present=0.0 logic=8.9 ms
MFSUBMIT n=3720 wait_ms[avg=16.76] fabric_ms[frame=16.39 tri=14.01 texwait=2.63 dpath=11.38 ovhd=2.38] cov_px=181442 cov_px_est=181441 est_ratio=1.00 overdraw=2.92 cyc_px=6.2 cov_src=exact spin_avg=3883 to=0
MFSEAM n=30 period=16.86 host=11.43 block=5.42 pub=0.00 notice=0.46 blocked=100% suspect=0 incomplete=0 host_hist=0/0/0/0/0/0/30/0 pub_hist=30/0/0/0/0/0/0/0
DRAWTRACE f=3750 draws=0 verts=0 vp=289x217 | render=0.0ms logic=13.3ms (clear=0.0ms x0) capture=3.9ms frame=17.2ms nonTRI=0
BLITPROF f=3750 draws=12 tris=258 culled=0 | raster=3.9 clear=0.0 texup=0.0 present=0.0 logic=9.3 ms
MFSUBMIT n=3750 wait_ms[avg=17.17] fabric_ms[frame=16.36 tri=13.98 texwait=2.62 dpath=11.36 ovhd=2.38] cov_px=181075 cov_px_est=181075 est_ratio=1.00 overdraw=2.91 cyc_px=6.2 cov_src=exact spin_avg=3693 to=0
MFSEAM n=30 period=17.26 host=11.28 block=5.98 pub=0.00 notice=0.70 blocked=87% suspect=0 incomplete=0 host_hist=0/0/0/0/0/3/23/4 pub_hist=30/0/0/0/0/0/0/0
DRAWTRACE f=3780 draws=0 verts=0 vp=289x217 | render=0.0ms logic=11.1ms (clear=0.0ms x0) capture=5.5ms frame=16.6ms nonTRI=0
BLITPROF f=3780 draws=12 tris=258 culled=0 | raster=1.8 clear=0.0 texup=0.0 present=0.0 logic=9.3 ms
MFSUBMIT n=3780 wait_ms[avg=16.68] fabric_ms[frame=16.37 tri=13.99 texwait=2.63 dpath=11.36 ovhd=2.38] cov_px=181088 cov_px_est=181088 est_ratio=1.00 overdraw=2.91 cyc_px=6.2 cov_src=exact spin_avg=3219 to=0
MFSEAM n=30 period=16.82 host=12.29 block=4.52 pub=0.00 notice=0.44 blocked=100% suspect=0 incomplete=0 host_hist=0/0/0/0/0/0/30/0 pub_hist=30/0/0/0/0/0/0/0
DRAWTRACE f=3810 draws=0 verts=0 vp=289x217 | render=0.0ms logic=9.4ms (clear=0.0ms x0) capture=6.9ms frame=16.3ms nonTRI=0
BLITPROF f=3810 draws=12 tris=258 culled=0 | raster=2.0 clear=0.0 texup=0.0 present=0.0 logic=7.4 ms
MFSUBMIT n=3810 wait_ms[avg=17.26] fabric_ms[frame=16.36 tri=13.98 texwait=2.62 dpath=11.36 ovhd=2.38] cov_px=181103 cov_px_est=181103 est_ratio=1.00 overdraw=2.91 cyc_px=6.2 cov_src=exact spin_avg=3006 to=0
MFSEAM n=30 period=17.41 host=12.75 block=4.65 pub=0.00 notice=0.33 blocked=87% suspect=0 incomplete=0 host_hist=0/0/0/0/0/0/26/4 pub_hist=30/0/0/0/0/0/0/0
DRAWTRACE f=3840 draws=0 verts=0 vp=289x217 | render=0.0ms logic=5.7ms (clear=0.0ms x0) capture=15.7ms frame=21.4ms nonTRI=0
BLITPROF f=3840 draws=14 tris=260 culled=0 | raster=1.8 clear=0.1 texup=0.0 present=0.0 logic=3.8 ms
MFSUBMIT n=3840 wait_ms[avg=18.27] fabric_ms[frame=17.96 tri=15.59 texwait=2.95 dpath=12.64 ovhd=2.37] cov_px=201856 cov_px_est=201856 est_ratio=1.00 overdraw=3.24 cyc_px=6.2 cov_src=exact spin_avg=6148 to=0
MFSEAM n=30 period=18.44 host=9.97 block=8.46 pub=0.00 notice=0.48 blocked=100% suspect=0 incomplete=0 host_hist=0/0/0/0/0/6/23/1 pub_hist=30/0/0/0/0/0/0/0
DRAWTRACE f=3870 draws=0 verts=0 vp=289x217 | render=0.0ms logic=15.2ms (clear=0.0ms x0) capture=6.7ms frame=21.9ms nonTRI=0
BLITPROF f=3870 draws=14 tris=260 culled=0 | raster=6.3 clear=0.0 texup=0.0 present=0.0 logic=8.8 ms
MFSUBMIT n=3870 wait_ms[avg=21.57] fabric_ms[frame=21.17 tri=18.79 texwait=3.60 dpath=15.19 ovhd=2.38] cov_px=243292 cov_px_est=243292 est_ratio=1.00 overdraw=3.91 cyc_px=6.1 cov_src=exact spin_avg=8097 to=0
MFSEAM n=30 period=21.69 host=9.43 block=12.26 pub=0.00 notice=0.51 blocked=100% suspect=0 incomplete=0 host_hist=0/0/0/0/0/17/8/5 pub_hist=30/0/0/0/0/0/0/0
DRAWTRACE f=3900 draws=0 verts=0 vp=289x217 | render=0.0ms logic=5.8ms (clear=0.0ms x0) capture=15.6ms frame=21.4ms nonTRI=0
BLITPROF f=3900 draws=14 tris=260 culled=0 | raster=1.5 clear=0.0 texup=0.0 present=0.0 logic=4.2 ms
MFDUP frames=3900 dup_draws_elided=0 (+0 since last) crt_ghost_stripped=7800
MFSUBMIT n=3900 wait_ms[avg=21.47] fabric_ms[frame=21.16 tri=18.79 texwait=3.60 dpath=15.19 ovhd=2.37] cov_px=243278 cov_px_est=243278 est_ratio=1.00 overdraw=3.91 cyc_px=6.1 cov_src=exact spin_avg=11388 to=0
MFSEAM n=30 period=21.63 host=6.32 block=15.31 pub=0.00 notice=0.47 blocked=100% suspect=0 incomplete=0 host_hist=0/0/0/0/0/28/2/0 pub_hist=30/0/0/0/0/0/0/0
DRAWTRACE f=3930 draws=0 verts=0 vp=289x217 | render=0.0ms logic=4.8ms (clear=0.0ms x0) capture=16.9ms frame=21.6ms nonTRI=0
BLITPROF f=3930 draws=16 tris=228 culled=0 | raster=1.6 clear=0.0 texup=0.0 present=0.0 logic=3.2 ms
MFSUBMIT n=3930 wait_ms[avg=21.05] fabric_ms[frame=20.42 tri=18.07 texwait=3.38 dpath=14.70 ovhd=2.34] cov_px=235577 cov_px_est=235577 est_ratio=1.00 overdraw=3.79 cyc_px=6.1 cov_src=exact spin_avg=7252 to=0
MFSEAM n=30 period=21.27 host=9.24 block=12.03 pub=0.00 notice=0.81 blocked=93% suspect=0 incomplete=0 host_hist=0/0/0/0/0/16/12/2 pub_hist=30/0/0/0/0/0/0/0
DRAWTRACE f=3960 draws=0 verts=0 vp=289x217 | render=0.0ms logic=8.2ms (clear=0.0ms x0) capture=9.3ms frame=17.4ms nonTRI=0
BLITPROF f=3960 draws=14 tris=228 culled=0 | raster=2.5 clear=0.0 texup=0.0 present=0.0 logic=5.6 ms
MFSUBMIT n=3960 wait_ms[avg=17.44] fabric_ms[frame=17.13 tri=14.80 texwait=2.68 dpath=12.12 ovhd=2.33] cov_px=193880 cov_px_est=193880 est_ratio=1.00 overdraw=3.12 cyc_px=6.2 cov_src=exact spin_avg=7564 to=0
MFSEAM n=30 period=17.60 host=6.93 block=10.67 pub=0.00 notice=0.47 blocked=100% suspect=0 incomplete=0 host_hist=0/0/0/0/0/21/9/0 pub_hist=30/0/0/0/0/0/0/0
DRAWTRACE f=3990 draws=0 verts=0 vp=289x217 | render=0.0ms logic=11.3ms (clear=0.0ms x0) capture=6.6ms frame=17.9ms nonTRI=0
BLITPROF f=3990 draws=14 tris=228 culled=0 | raster=4.3 clear=0.0 texup=0.0 present=0.0 logic=7.0 ms
MFSUBMIT n=3990 wait_ms[avg=17.65] fabric_ms[frame=17.23 tri=14.89 texwait=2.69 dpath=12.21 ovhd=2.33] cov_px=195235 cov_px_est=195235 est_ratio=1.00 overdraw=3.14 cyc_px=6.2 cov_src=exact spin_avg=5385 to=0
MFSEAM n=30 period=17.83 host=9.17 block=8.67 pub=0.00 notice=0.62 blocked=93% suspect=0 incomplete=0 host_hist=0/0/0/0/0/15/13/2 pub_hist=30/0/0/0/0/0/0/0
DRAWTRACE f=4020 draws=0 verts=0 vp=289x217 | render=0.0ms logic=5.3ms (clear=0.0ms x0) capture=12.2ms frame=17.4ms nonTRI=0
BLITPROF f=4020 draws=14 tris=228 culled=0 | raster=1.8 clear=0.0 texup=0.0 present=0.0 logic=3.5 ms
MFSUBMIT n=4020 wait_ms[avg=17.51] fabric_ms[frame=17.20 tri=14.87 texwait=2.68 dpath=12.19 ovhd=2.33] cov_px=194876 cov_px_est=194876 est_ratio=1.00 overdraw=3.13 cyc_px=6.2 cov_src=exact spin_avg=6481 to=0
MFSEAM n=30 period=17.66 host=8.73 block=8.93 pub=0.00 notice=0.46 blocked=100% suspect=0 incomplete=0 host_hist=0/0/0/0/0/16/13/1 pub_hist=30/0/0/0/0/0/0/0
DRAWTRACE f=4050 draws=0 verts=0 vp=289x217 | render=0.0ms logic=7.0ms (clear=0.0ms x0) capture=10.0ms frame=16.9ms nonTRI=0
BLITPROF f=4050 draws=14 tris=228 culled=0 | raster=1.9 clear=0.0 texup=0.0 present=0.0 logic=5.0 ms
MFSUBMIT n=4050 wait_ms[avg=17.46] fabric_ms[frame=16.98 tri=14.65 texwait=2.65 dpath=12.00 ovhd=2.34] cov_px=191785 cov_px_est=191785 est_ratio=1.00 overdraw=3.08 cyc_px=6.2 cov_src=exact spin_avg=5582 to=0
MFSEAM n=30 period=17.55 host=8.28 block=9.27 pub=0.00 notice=0.56 blocked=100% suspect=0 incomplete=0 host_hist=0/0/0/0/0/18/11/1 pub_hist=30/0/0/0/0/0/0/0
DRAWTRACE f=4080 draws=0 verts=0 vp=289x217 | render=0.0ms logic=5.4ms (clear=0.0ms x0) capture=16.6ms frame=22.0ms nonTRI=0
BLITPROF f=4080 draws=14 tris=252 culled=0 | raster=1.5 clear=0.0 texup=0.0 present=0.0 logic=3.9 ms
MFSUBMIT n=4080 wait_ms[avg=21.09] fabric_ms[frame=20.77 tri=18.41 texwait=3.59 dpath=14.82 ovhd=2.35] cov_px=237208 cov_px_est=237208 est_ratio=1.00 overdraw=3.81 cyc_px=6.2 cov_src=exact spin_avg=10765 to=0
MFSEAM n=30 period=21.26 host=6.41 block=14.84 pub=0.00 notice=0.49 blocked=100% suspect=0 incomplete=0 host_hist=0/0/0/0/0/27/2/1 pub_hist=30/0/0/0/0/0/0/0
DRAWTRACE f=4110 draws=0 verts=0 vp=289x217 | render=0.0ms logic=10.2ms (clear=0.0ms x0) capture=11.2ms frame=21.4ms nonTRI=0
BLITPROF f=4110 draws=12 tris=240 culled=0 | raster=4.4 clear=0.0 texup=0.0 present=0.0 logic=5.8 ms
MFSUBMIT n=4110 wait_ms[avg=21.83] fabric_ms[frame=21.48 tri=19.12 texwait=3.75 dpath=15.37 ovhd=2.36] cov_px=246000 cov_px_est=246000 est_ratio=1.00 overdraw=3.95 cyc_px=6.1 cov_src=exact spin_avg=8784 to=0
MFSEAM n=30 period=22.00 host=7.67 block=14.33 pub=0.00 notice=0.52 blocked=100% suspect=0 incomplete=0 host_hist=0/0/0/0/0/19/11/0 pub_hist=30/0/0/0/0/0/0/0
DRAWTRACE f=4140 draws=0 verts=0 vp=289x217 | render=0.0ms logic=4.7ms (clear=0.0ms x0) capture=16.9ms frame=21.6ms nonTRI=0
BLITPROF f=4140 draws=12 tris=240 culled=0 | raster=1.6 clear=0.0 texup=0.0 present=0.0 logic=3.1 ms
MFSUBMIT n=4140 wait_ms[avg=21.76] fabric_ms[frame=21.36 tri=19.02 texwait=3.70 dpath=15.32 ovhd=2.34] cov_px=245346 cov_px_est=245346 est_ratio=1.00 overdraw=3.94 cyc_px=6.1 cov_src=exact spin_avg=11659 to=0
MFSEAM n=30 period=21.93 host=5.85 block=16.08 pub=0.00 notice=0.56 blocked=100% suspect=0 incomplete=0 host_hist=0/0/0/0/0/27/2/1 pub_hist=30/0/0/0/0/0/0/0
DRAWTRACE f=4170 draws=0 verts=0 vp=289x217 | render=0.0ms logic=5.3ms (clear=0.0ms x0) capture=11.1ms frame=16.4ms nonTRI=0
BLITPROF f=4170 draws=14 tris=216 culled=0 | raster=1.4 clear=0.0 texup=0.0 present=0.0 logic=3.9 ms
MFSUBMIT n=4170 wait_ms[avg=19.25] fabric_ms[frame=18.62 tri=16.28 texwait=3.04 dpath=13.24 ovhd=2.34] cov_px=211961 cov_px_est=211961 est_ratio=1.00 overdraw=3.41 cyc_px=6.2 cov_src=exact spin_avg=5393 to=0
MFSEAM n=30 period=19.63 host=10.76 block=8.87 pub=0.00 notice=0.82 blocked=97% suspect=0 incomplete=0 host_hist=0/0/0/0/0/9/19/2 pub_hist=30/0/0/0/0/0/0/0
DRAWTRACE f=4200 draws=0 verts=0 vp=289x217 | render=0.0ms logic=10.7ms (clear=0.0ms x0) capture=5.7ms frame=16.5ms nonTRI=0
BLITPROF f=4200 draws=12 tris=216 culled=0 | raster=1.4 clear=0.0 texup=0.0 present=0.0 logic=9.3 ms
MFDUP frames=4200 dup_draws_elided=0 (+0 since last) crt_ghost_stripped=8400
MFSUBMIT n=4200 wait_ms[avg=16.50] fabric_ms[frame=16.20 tri=13.89 texwait=2.46 dpath=11.42 ovhd=2.32] cov_px=182690 cov_px_est=182690 est_ratio=1.00 overdraw=2.94 cyc_px=6.2 cov_src=exact spin_avg=4644 to=0
MFSEAM n=30 period=16.60 host=9.95 block=6.65 pub=0.00 notice=0.39 blocked=100% suspect=0 incomplete=0 host_hist=0/0/0/0/0/4/26/0 pub_hist=30/0/0/0/0/0/0/0
DRAWTRACE f=4230 draws=0 verts=0 vp=289x217 | render=0.0ms logic=9.1ms (clear=0.0ms x0) capture=7.4ms frame=16.5ms nonTRI=0
BLITPROF f=4230 draws=12 tris=218 culled=0 | raster=1.7 clear=0.1 texup=0.0 present=0.0 logic=7.4 ms
MFSUBMIT n=4230 wait_ms[avg=17.07] fabric_ms[frame=16.22 tri=13.89 texwait=2.46 dpath=11.43 ovhd=2.33] cov_px=182759 cov_px_est=182759 est_ratio=1.00 overdraw=2.94 cyc_px=6.2 cov_src=exact spin_avg=3283 to=0
MFSEAM n=30 period=17.23 host=11.71 block=5.52 pub=0.00 notice=0.51 blocked=90% suspect=0 incomplete=0 host_hist=0/0/0/0/0/3/24/3 pub_hist=30/0/0/0/0/0/0/0
DRAWTRACE f=4260 draws=0 verts=0 vp=289x217 | render=0.0ms logic=11.9ms (clear=0.0ms x0) capture=4.6ms frame=16.5ms nonTRI=0
BLITPROF f=4260 draws=14 tris=220 culled=0 | raster=1.5 clear=0.0 texup=0.0 present=0.0 logic=10.3 ms
MFSUBMIT n=4260 wait_ms[avg=16.54] fabric_ms[frame=16.23 tri=13.91 texwait=2.47 dpath=11.44 ovhd=2.32] cov_px=182861 cov_px_est=182861 est_ratio=1.00 overdraw=2.94 cyc_px=6.2 cov_src=exact spin_avg=3756 to=0
MFSEAM n=30 period=16.70 host=11.43 block=5.27 pub=0.00 notice=0.46 blocked=100% suspect=0 incomplete=0 host_hist=0/0/0/0/0/0/30/0 pub_hist=30/0/0/0/0/0/0/0
DRAWTRACE f=4290 draws=0 verts=0 vp=289x217 | render=0.0ms logic=10.6ms (clear=0.0ms x0) capture=6.0ms frame=16.6ms nonTRI=0
BLITPROF f=4290 draws=12 tris=218 culled=0 | raster=2.8 clear=0.1 texup=0.0 present=0.0 logic=7.8 ms
MFSUBMIT n=4290 wait_ms[avg=16.88] fabric_ms[frame=16.18 tri=13.86 texwait=2.50 dpath=11.36 ovhd=2.32] cov_px=181819 cov_px_est=181819 est_ratio=1.00 overdraw=2.92 cyc_px=6.2 cov_src=exact spin_avg=5373 to=0
MFSEAM n=30 period=17.04 host=9.28 block=7.75 pub=0.00 notice=0.47 blocked=93% suspect=0 incomplete=0 host_hist=0/0/0/0/0/13/15/2 pub_hist=30/0/0/0/0/0/0/0
DRAWTRACE f=4320 draws=0 verts=0 vp=289x217 | render=0.0ms logic=23.4ms (clear=0.0ms x0) capture=0.1ms frame=23.4ms nonTRI=0
BLITPROF f=4320 draws=14 tris=226 culled=0 | raster=5.9 clear=0.0 texup=0.0 present=0.0 logic=17.5 ms
MFSUBMIT n=4320 wait_ms[avg=16.88] fabric_ms[frame=16.13 tri=13.80 texwait=2.64 dpath=11.16 ovhd=2.32] cov_px=178366 cov_px_est=178364 est_ratio=1.00 overdraw=2.87 cyc_px=6.2 cov_src=exact spin_avg=2627 to=0
MFSEAM n=30 period=17.06 host=13.15 block=3.91 pub=0.00 notice=0.49 blocked=80% suspect=0 incomplete=0 host_hist=0/0/0/0/0/2/22/6 pub_hist=30/0/0/0/0/0/0/0
DRAWTRACE f=4350 draws=0 verts=0 vp=289x217 | render=0.0ms logic=16.1ms (clear=0.0ms x0) capture=0.1ms frame=16.1ms nonTRI=0
BLITPROF f=4350 draws=12 tris=218 culled=0 | raster=1.6 clear=0.0 texup=0.0 present=0.0 logic=14.4 ms
MFSUBMIT n=4350 wait_ms[avg=16.84] fabric_ms[frame=16.17 tri=13.84 texwait=2.65 dpath=11.19 ovhd=2.33] cov_px=178917 cov_px_est=178917 est_ratio=1.00 overdraw=2.88 cyc_px=6.2 cov_src=exact spin_avg=1128 to=0
MFSEAM n=30 period=16.91 host=15.24 block=1.67 pub=0.00 notice=0.29 blocked=70% suspect=0 incomplete=0 host_hist=0/0/0/0/0/0/25/5 pub_hist=30/0/0/0/0/0/0/0
DRAWTRACE f=4380 draws=0 verts=0 vp=289x217 | render=0.0ms logic=10.4ms (clear=0.0ms x0) capture=5.9ms frame=16.3ms nonTRI=0
BLITPROF f=4380 draws=12 tris=226 culled=0 | raster=1.4 clear=0.0 texup=0.0 present=0.0 logic=8.9 ms
MFSUBMIT n=4380 wait_ms[avg=16.70] fabric_ms[frame=16.16 tri=13.84 texwait=2.63 dpath=11.21 ovhd=2.33] cov_px=179106 cov_px_est=179106 est_ratio=1.00 overdraw=2.88 cyc_px=6.2 cov_src=exact spin_avg=3467 to=0
MFSEAM n=30 period=16.79 host=11.56 block=5.23 pub=0.00 notice=0.39 blocked=93% suspect=0 incomplete=0 host_hist=0/0/0/0/0/2/26/2 pub_hist=30/0/0/0/0/0/0/0
DRAWTRACE f=4410 draws=0 verts=0 vp=289x217 | render=0.0ms logic=5.2ms (clear=0.0ms x0) capture=7.8ms frame=13.0ms nonTRI=0
BLITPROF f=4410 draws=14 tris=222 culled=0 | raster=1.6 clear=0.0 texup=0.0 present=0.0 logic=3.5 ms
MFSUBMIT n=4410 wait_ms[avg=16.69] fabric_ms[frame=16.37 tri=14.04 texwait=2.72 dpath=11.32 ovhd=2.33] cov_px=180741 cov_px_est=180741 est_ratio=1.00 overdraw=2.91 cyc_px=6.2 cov_src=exact spin_avg=4165 to=0
MFSEAM n=30 period=16.83 host=10.85 block=5.98 pub=0.00 notice=0.46 blocked=100% suspect=0 incomplete=0 host_hist=0/0/0/0/0/0/30/0 pub_hist=30/0/0/0/0/0/0/0
DRAWTRACE f=4440 draws=0 verts=0 vp=289x217 | render=0.0ms logic=7.6ms (clear=0.0ms x0) capture=9.3ms frame=16.9ms nonTRI=0
BLITPROF f=4440 draws=12 tris=228 culled=0 | raster=1.5 clear=0.0 texup=0.0 present=0.0 logic=6.0 ms
MFSUBMIT n=4440 wait_ms[avg=17.48] fabric_ms[frame=16.80 tri=14.46 texwait=2.86 dpath=11.60 ovhd=2.33] cov_px=185306 cov_px_est=185306 est_ratio=1.00 overdraw=2.98 cyc_px=6.2 cov_src=exact spin_avg=4241 to=0
MFSEAM n=30 period=17.63 host=10.65 block=6.98 pub=0.00 notice=0.59 blocked=97% suspect=0 incomplete=0 host_hist=0/0/0/0/0/9/20/1 pub_hist=30/0/0/0/0/0/0/0
DRAWTRACE f=4470 draws=0 verts=0 vp=289x217 | render=0.0ms logic=5.5ms (clear=0.0ms x0) capture=11.8ms frame=17.3ms nonTRI=0
BLITPROF f=4470 draws=12 tris=228 culled=0 | raster=1.8 clear=0.0 texup=0.0 present=0.0 logic=3.7 ms
MFSUBMIT n=4470 wait_ms[avg=17.55] fabric_ms[frame=17.05 tri=14.73 texwait=2.97 dpath=11.75 ovhd=2.33] cov_px=187653 cov_px_est=187653 est_ratio=1.00 overdraw=3.02 cyc_px=6.2 cov_src=exact spin_avg=7001 to=0
MFSEAM n=30 period=17.70 host=7.85 block=9.85 pub=0.00 notice=0.64 blocked=100% suspect=0 incomplete=0 host_hist=0/0/0/0/0/19/11/0 pub_hist=30/0/0/0/0/0/0/0
DRAWTRACE f=4500 draws=0 verts=0 vp=289x217 | render=0.0ms logic=5.7ms (clear=0.0ms x0) capture=11.0ms frame=16.8ms nonTRI=0
BLITPROF f=4500 draws=12 tris=232 culled=0 | raster=1.7 clear=0.0 texup=0.0 present=0.0 logic=4.1 ms
MFDUP frames=4500 dup_draws_elided=0 (+0 since last) crt_ghost_stripped=9000
MFSUBMIT n=4500 wait_ms[avg=18.18] fabric_ms[frame=16.92 tri=14.58 texwait=2.98 dpath=11.61 ovhd=2.34] cov_px=185230 cov_px_est=185230 est_ratio=1.00 overdraw=2.98 cyc_px=6.2 cov_src=exact spin_avg=5125 to=0
MFSEAM n=30 period=18.57 host=10.59 block=7.98 pub=0.00 notice=0.74 blocked=90% suspect=0 incomplete=0 host_hist=0/0/0/0/0/13/14/3 pub_hist=30/0/0/0/0/0/0/0
DRAWTRACE f=4530 draws=0 verts=0 vp=289x217 | render=0.0ms logic=6.9ms (clear=0.0ms x0) capture=8.8ms frame=15.6ms nonTRI=0
BLITPROF f=4530 draws=12 tris=230 culled=0 | raster=1.5 clear=0.0 texup=0.0 present=0.0 logic=5.4 ms
MFSUBMIT n=4530 wait_ms[avg=16.70] fabric_ms[frame=16.31 tri=13.98 texwait=2.71 dpath=11.27 ovhd=2.33] cov_px=179865 cov_px_est=179864 est_ratio=1.00 overdraw=2.89 cyc_px=6.2 cov_src=exact spin_avg=6033 to=0
MFSEAM n=30 period=16.81 host=8.51 block=8.29 pub=0.00 notice=0.40 blocked=97% suspect=0 incomplete=0 host_hist=0/0/0/0/0/21/8/1 pub_hist=30/0/0/0/0/0/0/0
DRAWTRACE f=4560 draws=0 verts=0 vp=289x217 | render=0.0ms logic=6.4ms (clear=0.0ms x0) capture=10.0ms frame=16.3ms nonTRI=0
BLITPROF f=4560 draws=14 tris=236 culled=0 | raster=1.6 clear=0.0 texup=0.0 present=0.0 logic=4.8 ms
MFSUBMIT n=4560 wait_ms[avg=16.95] fabric_ms[frame=16.05 tri=13.70 texwait=2.65 dpath=11.04 ovhd=2.35] cov_px=176126 cov_px_est=176126 est_ratio=1.00 overdraw=2.83 cyc_px=6.2 cov_src=exact spin_avg=2199 to=0
MFSEAM n=30 period=17.06 host=13.92 block=3.13 pub=0.00 notice=0.38 blocked=80% suspect=0 incomplete=0 host_hist=0/0/0/0/0/1/23/6 pub_hist=30/0/0/0/0/0/0/0
DRAWTRACE f=4590 draws=0 verts=0 vp=289x217 | render=0.0ms logic=9.1ms (clear=0.0ms x0) capture=6.9ms frame=16.0ms nonTRI=0
BLITPROF f=4590 draws=14 tris=234 culled=0 | raster=1.5 clear=0.1 texup=0.0 present=0.0 logic=7.5 ms
MFSUBMIT n=4590 wait_ms[avg=16.67] fabric_ms[frame=15.97 tri=13.63 texwait=2.65 dpath=10.98 ovhd=2.34] cov_px=175273 cov_px_est=175272 est_ratio=1.00 overdraw=2.82 cyc_px=6.2 cov_src=exact spin_avg=4103 to=0
MFSEAM n=30 period=16.81 host=10.91 block=5.90 pub=0.00 notice=0.67 blocked=87% suspect=0 incomplete=0 host_hist=0/0/0/0/0/9/19/2 pub_hist=30/0/0/0/0/0/0/0
DRAWTRACE f=4620 draws=0 verts=0 vp=289x217 | render=0.0ms logic=15.4ms (clear=0.0ms x0) capture=0.4ms frame=15.8ms nonTRI=0
BLITPROF f=4620 draws=14 tris=232 culled=0 | raster=1.6 clear=0.0 texup=0.0 present=0.0 logic=13.8 ms
MFSUBMIT n=4620 wait_ms[avg=16.95] fabric_ms[frame=15.93 tri=13.59 texwait=2.53 dpath=11.06 ovhd=2.34] cov_px=176459 cov_px_est=176458 est_ratio=1.00 overdraw=2.84 cyc_px=6.2 cov_src=exact spin_avg=985 to=0
MFSEAM n=30 period=17.22 host=15.19 block=2.03 pub=0.00 notice=1.02 blocked=47% suspect=0 incomplete=0 host_hist=0/0/0/0/0/3/19/8 pub_hist=30/0/0/0/0/0/0/0
DRAWTRACE f=4650 draws=0 verts=0 vp=289x217 | render=0.0ms logic=13.6ms (clear=0.0ms x0) capture=2.5ms frame=16.1ms nonTRI=0
BLITPROF f=4650 draws=12 tris=232 culled=0 | raster=1.6 clear=0.0 texup=0.0 present=0.0 logic=12.0 ms
MFSUBMIT n=4650 wait_ms[avg=16.56] fabric_ms[frame=15.99 tri=13.65 texwait=2.63 dpath=11.02 ovhd=2.35] cov_px=175800 cov_px_est=175800 est_ratio=1.00 overdraw=2.83 cyc_px=6.2 cov_src=exact spin_avg=1746 to=0
MFSEAM n=30 period=16.83 host=13.92 block=2.91 pub=0.00 notice=0.25 blocked=67% suspect=0 incomplete=0 host_hist=0/0/0/0/0/0/23/7 pub_hist=30/0/0/0/0/0/0/0
DRAWTRACE f=4680 draws=0 verts=0 vp=289x217 | render=0.0ms logic=9.8ms (clear=0.0ms x0) capture=6.9ms frame=16.7ms nonTRI=0
BLITPROF f=4680 draws=12 tris=240 culled=0 | raster=1.5 clear=0.0 texup=0.0 present=0.0 logic=8.3 ms
MFSUBMIT n=4680 wait_ms[avg=16.86] fabric_ms[frame=16.35 tri=14.00 texwait=2.71 dpath=11.29 ovhd=2.35] cov_px=180164 cov_px_est=180164 est_ratio=1.00 overdraw=2.90 cyc_px=6.2 cov_src=exact spin_avg=2962 to=0
MFSEAM n=30 period=16.98 host=12.82 block=4.16 pub=0.00 notice=0.28 blocked=83% suspect=0 incomplete=0 host_hist=0/0/0/0/0/0/26/4 pub_hist=30/0/0/0/0/0/0/0
DRAWTRACE f=4710 draws=0 verts=0 vp=289x217 | render=0.0ms logic=9.1ms (clear=0.0ms x0) capture=7.4ms frame=16.5ms nonTRI=0
BLITPROF f=4710 draws=12 tris=238 culled=0 | raster=1.6 clear=0.0 texup=0.0 present=0.0 logic=7.5 ms
MFSUBMIT n=4710 wait_ms[avg=17.08] fabric_ms[frame=16.58 tri=14.23 texwait=2.77 dpath=11.46 ovhd=2.35] cov_px=182842 cov_px_est=182841 est_ratio=1.00 overdraw=2.94 cyc_px=6.2 cov_src=exact spin_avg=4678 to=0
MFSEAM n=30 period=17.18 host=9.50 block=7.67 pub=0.00 notice=0.40 blocked=97% suspect=0 incomplete=0 host_hist=0/0/0/0/0/10/19/1 pub_hist=30/0/0/0/0/0/0/0
DRAWTRACE f=4740 draws=0 verts=0 vp=289x217 | render=0.0ms logic=5.7ms (clear=0.0ms x0) capture=11.1ms frame=16.8ms nonTRI=0
BLITPROF f=4740 draws=14 tris=234 culled=0 | raster=1.6 clear=0.0 texup=0.0 present=0.0 logic=4.1 ms
MFSUBMIT n=4740 wait_ms[avg=16.95] fabric_ms[frame=16.64 tri=14.29 texwait=2.91 dpath=11.38 ovhd=2.35] cov_px=181495 cov_px_est=181494 est_ratio=1.00 overdraw=2.92 cyc_px=6.2 cov_src=exact spin_avg=6507 to=0
MFSEAM n=30 period=17.09 host=8.10 block=8.98 pub=0.00 notice=0.45 blocked=100% suspect=0 incomplete=0 host_hist=0/0/0/0/0/18/12/0 pub_hist=30/0/0/0/0/0/0/0
DRAWTRACE f=4770 draws=0 verts=0 vp=289x217 | render=0.0ms logic=9.1ms (clear=0.0ms x0) capture=8.3ms frame=17.5ms nonTRI=0
BLITPROF f=4770 draws=12 tris=248 culled=0 | raster=2.9 clear=0.0 texup=0.0 present=0.0 logic=6.2 ms
MFSUBMIT n=4770 wait_ms[avg=17.27] fabric_ms[frame=16.53 tri=14.17 texwait=2.84 dpath=11.33 ovhd=2.36] cov_px=180686 cov_px_est=180686 est_ratio=1.00 overdraw=2.90 cyc_px=6.2 cov_src=exact spin_avg=3916 to=0
MFSEAM n=30 period=17.43 host=10.64 block=6.79 pub=0.00 notice=0.65 blocked=90% suspect=0 incomplete=0 host_hist=0/0/0/0/0/8/19/3 pub_hist=30/0/0/0/0/0/0/0
DRAWTRACE f=4800 draws=0 verts=0 vp=289x217 | render=0.0ms logic=5.6ms (clear=0.0ms x0) capture=11.2ms frame=16.8ms nonTRI=0
BLITPROF f=4800 draws=12 tris=246 culled=0 | raster=1.6 clear=0.0 texup=0.0 present=0.0 logic=3.9 ms
MFDUP frames=4800 dup_draws_elided=0 (+0 since last) crt_ghost_stripped=9600
MFSUBMIT n=4800 wait_ms[avg=16.95] fabric_ms[frame=16.56 tri=14.20 texwait=2.84 dpath=11.36 ovhd=2.36] cov_px=181064 cov_px_est=181064 est_ratio=1.00 overdraw=2.91 cyc_px=6.2 cov_src=exact spin_avg=4836 to=0
MFSEAM n=30 period=17.10 host=10.36 block=6.74 pub=0.00 notice=0.45 blocked=93% suspect=0 incomplete=0 host_hist=0/0/0/0/0/10/18/2 pub_hist=30/0/0/0/0/0/0/0
DRAWTRACE f=4830 draws=0 verts=0 vp=289x217 | render=0.0ms logic=13.7ms (clear=0.0ms x0) capture=2.8ms frame=16.5ms nonTRI=0
BLITPROF f=4830 draws=12 tris=244 culled=0 | raster=2.8 clear=0.0 texup=0.0 present=0.0 logic=10.8 ms
MFSUBMIT n=4830 wait_ms[avg=17.44] fabric_ms[frame=16.55 tri=14.19 texwait=2.83 dpath=11.35 ovhd=2.37] cov_px=181028 cov_px_est=181029 est_ratio=1.00 overdraw=2.91 cyc_px=6.2 cov_src=exact spin_avg=4440 to=0
MFSEAM n=30 period=17.70 host=10.81 block=6.89 pub=0.01 notice=0.36 blocked=83% suspect=0 incomplete=0 host_hist=0/0/0/0/0/10/15/5 pub_hist=30/0/0/0/0/0/0/0
DRAWTRACE f=4860 draws=0 verts=0 vp=289x217 | render=0.0ms logic=6.4ms (clear=0.0ms x0) capture=10.4ms frame=16.8ms nonTRI=0
BLITPROF f=4860 draws=12 tris=244 culled=0 | raster=1.7 clear=0.0 texup=0.0 present=0.0 logic=4.6 ms
MFSUBMIT n=4860 wait_ms[avg=16.82] fabric_ms[frame=16.51 tri=14.15 texwait=2.83 dpath=11.33 ovhd=2.35] cov_px=180660 cov_px_est=180660 est_ratio=1.00 overdraw=2.90 cyc_px=6.2 cov_src=exact spin_avg=4953 to=0
MFSEAM n=30 period=16.94 host=9.50 block=7.43 pub=0.00 notice=0.42 blocked=97% suspect=0 incomplete=0 host_hist=0/0/0/0/0/9/20/1 pub_hist=30/0/0/0/0/0/0/0
DRAWTRACE f=4890 draws=0 verts=0 vp=289x217 | render=0.0ms logic=6.4ms (clear=0.0ms x0) capture=10.3ms frame=16.7ms nonTRI=0
BLITPROF f=4890 draws=12 tris=244 culled=0 | raster=1.7 clear=0.0 texup=0.0 present=0.0 logic=4.6 ms
MFSUBMIT n=4890 wait_ms[avg=17.16] fabric_ms[frame=16.51 tri=14.15 texwait=2.82 dpath=11.33 ovhd=2.36] cov_px=180632 cov_px_est=180632 est_ratio=1.00 overdraw=2.90 cyc_px=6.2 cov_src=exact spin_avg=5097 to=0
MFSEAM n=30 period=17.28 host=9.57 block=7.71 pub=0.00 notice=0.43 blocked=97% suspect=0 incomplete=0 host_hist=0/0/0/0/0/12/17/1 pub_hist=30/0/0/0/0/0/0/0
DRAWTRACE f=4920 draws=0 verts=0 vp=289x217 | render=0.0ms logic=5.5ms (clear=0.0ms x0) capture=11.2ms frame=16.7ms nonTRI=0
BLITPROF f=4920 draws=12 tris=244 culled=0 | raster=1.5 clear=0.0 texup=0.0 present=0.0 logic=3.9 ms
MFSUBMIT n=4920 wait_ms[avg=16.98] fabric_ms[frame=16.50 tri=14.14 texwait=2.82 dpath=11.33 ovhd=2.36] cov_px=180633 cov_px_est=180633 est_ratio=1.00 overdraw=2.90 cyc_px=6.2 cov_src=exact spin_avg=4588 to=0
MFSEAM n=30 period=17.14 host=10.43 block=6.71 pub=0.00 notice=0.49 blocked=93% suspect=0 incomplete=0 host_hist=0/0/0/0/0/14/14/2 pub_hist=30/0/0/0/0/0/0/0
DRAWTRACE f=4950 draws=0 verts=0 vp=289x217 | render=0.0ms logic=6.9ms (clear=0.0ms x0) capture=14.6ms frame=21.5ms nonTRI=0
BLITPROF f=4950 draws=14 tris=246 culled=0 | raster=1.7 clear=0.0 texup=0.0 present=0.0 logic=5.2 ms
MFSUBMIT n=4950 wait_ms[avg=18.27] fabric_ms[frame=17.95 tri=15.59 texwait=3.11 dpath=12.48 ovhd=2.36] cov_px=199299 cov_px_est=199299 est_ratio=1.00 overdraw=3.20 cyc_px=6.2 cov_src=exact spin_avg=6219 to=0
MFSEAM n=30 period=18.43 host=9.23 block=9.20 pub=0.00 notice=0.48 blocked=100% suspect=0 incomplete=0 host_hist=0/0/0/0/0/9/20/1 pub_hist=30/0/0/0/0/0/0/0
DRAWTRACE f=4980 draws=0 verts=0 vp=289x217 | render=0.0ms logic=5.7ms (clear=0.0ms x0) capture=15.7ms frame=21.4ms nonTRI=0
BLITPROF f=4980 draws=14 tris=242 culled=0 | raster=1.8 clear=0.0 texup=0.0 present=0.0 logic=3.9 ms
MFSUBMIT n=4980 wait_ms[avg=21.63] fabric_ms[frame=21.23 tri=18.88 texwait=3.79 dpath=15.09 ovhd=2.35] cov_px=241775 cov_px_est=241773 est_ratio=1.00 overdraw=3.89 cyc_px=6.1 cov_src=exact spin_avg=9325 to=0
MFSEAM n=30 period=21.80 host=7.71 block=14.09 pub=0.00 notice=0.56 blocked=100% suspect=0 incomplete=0 host_hist=0/0/0/0/0/19/11/0 pub_hist=30/0/0/0/0/0/0/0
DRAWTRACE f=5010 draws=0 verts=0 vp=289x217 | render=0.0ms logic=6.1ms (clear=0.0ms x0) capture=15.2ms frame=21.3ms nonTRI=0
BLITPROF f=5010 draws=14 tris=238 culled=0 | raster=1.7 clear=0.0 texup=0.0 present=0.0 logic=4.4 ms
MFSUBMIT n=5010 wait_ms[avg=21.50] fabric_ms[frame=21.15 tri=18.80 texwait=3.77 dpath=15.03 ovhd=2.34] cov_px=240910 cov_px_est=240909 est_ratio=1.00 overdraw=3.87 cyc_px=6.1 cov_src=exact spin_avg=9668 to=0
MFSEAM n=30 period=21.60 host=7.29 block=14.31 pub=0.00 notice=0.45 blocked=100% suspect=0 incomplete=0 host_hist=0/0/0/0/0/23/5/2 pub_hist=30/0/0/0/0/0/0/0
DRAWTRACE f=5040 draws=0 verts=0 vp=289x217 | render=0.0ms logic=5.4ms (clear=0.0ms x0) capture=16.5ms frame=21.9ms nonTRI=0
BLITPROF f=5040 draws=14 tris=228 culled=0 | raster=2.1 clear=0.0 texup=0.0 present=0.0 logic=3.3 ms
MFSUBMIT n=5040 wait_ms[avg=20.92] fabric_ms[frame=20.54 tri=18.21 texwait=3.45 dpath=14.76 ovhd=2.33] cov_px=236597 cov_px_est=236597 est_ratio=1.00 overdraw=3.80 cyc_px=6.1 cov_src=exact spin_avg=8857 to=0
MFSEAM n=30 period=21.03 host=7.82 block=13.21 pub=0.00 notice=0.41 blocked=97% suspect=0 incomplete=0 host_hist=0/0/0/0/0/22/7/1 pub_hist=30/0/0/0/0/0/0/0
DRAWTRACE f=5070 draws=0 verts=0 vp=289x217 | render=0.0ms logic=10.6ms (clear=0.0ms x0) capture=6.4ms frame=17.1ms nonTRI=0
BLITPROF f=5070 draws=14 tris=228 culled=0 | raster=4.2 clear=0.0 texup=0.0 present=0.0 logic=6.4 ms
MFSUBMIT n=5070 wait_ms[avg=17.65] fabric_ms[frame=17.12 tri=14.79 texwait=2.67 dpath=12.11 ovhd=2.33] cov_px=193728 cov_px_est=193728 est_ratio=1.00 overdraw=3.11 cyc_px=6.2 cov_src=exact spin_avg=5319 to=0
MFSEAM n=30 period=17.81 host=9.50 block=8.31 pub=0.00 notice=0.54 blocked=90% suspect=0 incomplete=0 host_hist=0/0/0/0/0/18/9/3 pub_hist=30/0/0/0/0/0/0/0
DRAWTRACE f=5100 draws=0 verts=0 vp=289x217 | render=0.0ms logic=5.0ms (clear=0.0ms x0) capture=12.5ms frame=17.5ms nonTRI=0
BLITPROF f=5100 draws=12 tris=228 culled=0 | raster=1.3 clear=0.0 texup=0.0 present=0.0 logic=3.7 ms
MFDUP frames=5100 dup_draws_elided=0 (+0 since last) crt_ghost_stripped=10200
MFSUBMIT n=5100 wait_ms[avg=17.54] fabric_ms[frame=17.23 tri=14.90 texwait=2.69 dpath=12.21 ovhd=2.33] cov_px=195274 cov_px_est=195274 est_ratio=1.00 overdraw=3.14 cyc_px=6.2 cov_src=exact spin_avg=7494 to=0
MFSEAM n=30 period=17.69 host=7.22 block=10.47 pub=0.00 notice=0.46 blocked=100% suspect=0 incomplete=0 host_hist=0/0/0/0/0/20/10/0 pub_hist=30/0/0/0/0/0/0/0
DRAWTRACE f=5130 draws=0 verts=0 vp=289x217 | render=0.0ms logic=5.0ms (clear=0.0ms x0) capture=12.4ms frame=17.3ms nonTRI=0
BLITPROF f=5130 draws=14 tris=228 culled=0 | raster=1.4 clear=0.0 texup=0.0 present=0.0 logic=3.6 ms
MFSUBMIT n=5130 wait_ms[avg=17.60] fabric_ms[frame=17.20 tri=14.87 texwait=2.69 dpath=12.19 ovhd=2.33] cov_px=194891 cov_px_est=194891 est_ratio=1.00 overdraw=3.13 cyc_px=6.2 cov_src=exact spin_avg=5756 to=0
MFSEAM n=30 period=17.78 host=9.30 block=8.47 pub=0.00 notice=0.58 blocked=97% suspect=0 incomplete=0 host_hist=0/0/0/0/0/13/16/1 pub_hist=30/0/0/0/0/0/0/0
DRAWTRACE f=5160 draws=0 verts=0 vp=289x217 | render=0.0ms logic=5.8ms (clear=0.0ms x0) capture=11.4ms frame=17.2ms nonTRI=0
BLITPROF f=5160 draws=12 tris=228 culled=0 | raster=1.5 clear=0.0 texup=0.0 present=0.0 logic=4.2 ms
MFSUBMIT n=5160 wait_ms[avg=17.32] fabric_ms[frame=17.00 tri=14.66 texwait=2.65 dpath=12.00 ovhd=2.34] cov_px=191942 cov_px_est=191942 est_ratio=1.00 overdraw=3.09 cyc_px=6.2 cov_src=exact spin_avg=4803 to=0
MFSEAM n=30 period=17.48 host=10.09 block=7.39 pub=0.00 notice=0.48 blocked=97% suspect=0 incomplete=0 host_hist=0/0/0/0/0/12/17/1 pub_hist=30/0/0/0/0/0/0/0
DRAWTRACE f=5190 draws=0 verts=0 vp=289x217 | render=0.0ms logic=5.1ms (clear=0.0ms x0) capture=16.8ms frame=21.9ms nonTRI=0
BLITPROF f=5190 draws=14 tris=252 culled=0 | raster=1.7 clear=0.0 texup=0.0 present=0.0 logic=3.4 ms
MFSUBMIT n=5190 wait_ms[avg=21.03] fabric_ms[frame=20.60 tri=18.25 texwait=3.55 dpath=14.70 ovhd=2.35] cov_px=235254 cov_px_est=235254 est_ratio=1.00 overdraw=3.78 cyc_px=6.2 cov_src=exact spin_avg=8474 to=0
MFSEAM n=30 period=21.14 host=8.15 block=12.98 pub=0.00 notice=0.53 blocked=100% suspect=0 incomplete=0 host_hist=0/0/0/0/0/17/12/1 pub_hist=30/0/0/0/0/0/0/0
DRAWTRACE f=5220 draws=0 verts=0 vp=289x217 | render=0.0ms logic=4.8ms (clear=0.0ms x0) capture=16.8ms frame=21.6ms nonTRI=0
BLITPROF f=5220 draws=12 tris=240 culled=0 | raster=1.6 clear=0.1 texup=0.0 present=0.0 logic=3.1 ms
MFSUBMIT n=5220 wait_ms[avg=21.80] fabric_ms[frame=21.48 tri=19.12 texwait=3.75 dpath=15.37 ovhd=2.35] cov_px=246081 cov_px_est=246081 est_ratio=1.00 overdraw=3.96 cyc_px=6.1 cov_src=exact spin_avg=10308 to=0
MFSEAM n=30 period=21.89 host=6.70 block=15.18 pub=0.00 notice=0.41 blocked=100% suspect=0 incomplete=0 host_hist=0/0/0/0/0/23/7/0 pub_hist=30/0/0/0/0/0/0/0
DRAWTRACE f=5250 draws=0 verts=0 vp=289x217 | render=0.0ms logic=17.0ms (clear=0.0ms x0) capture=4.8ms frame=21.8ms nonTRI=0
BLITPROF f=5250 draws=12 tris=240 culled=0 | raster=3.9 clear=0.0 texup=0.0 present=0.0 logic=13.0 ms
MFSUBMIT n=5250 wait_ms[avg=21.78] fabric_ms[frame=21.37 tri=19.02 texwait=3.70 dpath=15.32 ovhd=2.35] cov_px=245346 cov_px_est=245346 est_ratio=1.00 overdraw=3.94 cyc_px=6.1 cov_src=exact spin_avg=8484 to=0
MFSEAM n=30 period=21.92 host=8.29 block=13.63 pub=0.00 notice=0.55 blocked=100% suspect=0 incomplete=0 host_hist=0/0/0/0/0/22/5/3 pub_hist=30/0/0/0/0/0/0/0
DRAWTRACE f=5280 draws=0 verts=0 vp=289x217 | render=0.0ms logic=5.7ms (clear=0.0ms x0) capture=10.4ms frame=16.1ms nonTRI=0
BLITPROF f=5280 draws=14 tris=216 culled=0 | raster=1.5 clear=0.0 texup=0.0 present=0.0 logic=4.2 ms
MFSUBMIT n=5280 wait_ms[avg=19.09] fabric_ms[frame=18.79 tri=16.45 texwait=3.08 dpath=13.37 ovhd=2.33] cov_px=214046 cov_px_est=214046 est_ratio=1.00 overdraw=3.44 cyc_px=6.2 cov_src=exact spin_avg=7891 to=0
MFSEAM n=30 period=19.23 host=8.07 block=11.16 pub=0.00 notice=0.44 blocked=100% suspect=0 incomplete=0 host_hist=0/0/0/0/0/19/11/0 pub_hist=30/0/0/0/0/0/0/0
DRAWTRACE f=5310 draws=0 verts=0 vp=289x217 | render=0.0ms logic=25.1ms (clear=0.0ms x0) capture=0.0ms frame=25.1ms nonTRI=0
BLITPROF f=5310 draws=12 tris=216 culled=0 | raster=7.5 clear=0.0 texup=0.0 present=0.0 logic=17.6 ms
MFSUBMIT n=5310 wait_ms[avg=17.21] fabric_ms[frame=16.20 tri=13.89 texwait=2.46 dpath=11.42 ovhd=2.32] cov_px=182698 cov_px_est=182698 est_ratio=1.00 overdraw=2.94 cyc_px=6.2 cov_src=exact spin_avg=3010 to=0
MFSEAM n=30 period=17.39 host=12.51 block=4.88 pub=0.00 notice=0.46 blocked=87% suspect=0 incomplete=0 host_hist=0/0/0/0/0/4/22/4 pub_hist=30/0/0/0/0/0/0/0
DRAWTRACE f=5340 draws=0 verts=0 vp=289x217 | render=0.0ms logic=12.5ms (clear=0.0ms x0) capture=4.0ms frame=16.5ms nonTRI=0
BLITPROF f=5340 draws=12 tris=216 culled=0 | raster=1.4 clear=0.0 texup=0.0 present=0.0 logic=11.1 ms
MFSUBMIT n=5340 wait_ms[avg=16.73] fabric_ms[frame=16.20 tri=13.88 texwait=2.46 dpath=11.42 ovhd=2.31] cov_px=182672 cov_px_est=182672 est_ratio=1.00 overdraw=2.94 cyc_px=6.2 cov_src=exact spin_avg=3612 to=0
MFSEAM n=30 period=17.01 host=11.68 block=5.33 pub=0.00 notice=0.59 blocked=97% suspect=0 incomplete=0 host_hist=0/0/0/0/0/0/29/1 pub_hist=30/0/0/0/0/0/0/0
DRAWTRACE f=5370 draws=0 verts=0 vp=289x217 | render=0.0ms logic=6.8ms (clear=0.0ms x0) capture=6.2ms frame=12.9ms nonTRI=0
BLITPROF f=5370 draws=14 tris=218 culled=0 | raster=1.8 clear=0.0 texup=0.0 present=0.0 logic=5.0 ms
MFSUBMIT n=5370 wait_ms[avg=16.72] fabric_ms[frame=16.23 tri=13.91 texwait=2.48 dpath=11.43 ovhd=2.32] cov_px=182781 cov_px_est=182781 est_ratio=1.00 overdraw=2.94 cyc_px=6.2 cov_src=exact spin_avg=4411 to=0
MFSEAM n=30 period=16.88 host=10.37 block=6.51 pub=0.00 notice=0.49 blocked=93% suspect=0 incomplete=0 host_hist=0/0/0/0/0/3/25/2 pub_hist=30/0/0/0/0/0/0/0
DRAWTRACE f=5400 draws=0 verts=0 vp=289x217 | render=0.0ms logic=7.9ms (clear=0.0ms x0) capture=8.3ms frame=16.2ms nonTRI=0
BLITPROF f=5400 draws=14 tris=214 culled=0 | raster=1.3 clear=0.0 texup=0.0 present=0.0 logic=6.6 ms
MFDUP frames=5400 dup_draws_elided=0 (+0 since last) crt_ghost_stripped=10800
MFSUBMIT n=5400 wait_ms[avg=16.69] fabric_ms[frame=16.11 tri=13.79 texwait=2.49 dpath=11.30 ovhd=2.32] cov_px=180816 cov_px_est=180816 est_ratio=1.00 overdraw=2.91 cyc_px=6.2 cov_src=exact spin_avg=4666 to=0
MFSEAM n=30 period=16.82 host=9.55 block=7.27 pub=0.00 notice=0.63 blocked=97% suspect=0 incomplete=0 host_hist=0/0/0/0/0/10/19/1 pub_hist=30/0/0/0/0/0/0/0
DRAWTRACE f=5430 draws=0 verts=0 vp=289x217 | render=0.0ms logic=13.0ms (clear=0.0ms x0) capture=3.4ms frame=16.5ms nonTRI=0
BLITPROF f=5430 draws=12 tris=226 culled=0 | raster=1.5 clear=0.0 texup=0.0 present=0.0 logic=11.5 ms
MFSUBMIT n=5430 wait_ms[avg=16.55] fabric_ms[frame=16.23 tri=13.90 texwait=2.76 dpath=11.14 ovhd=2.33] cov_px=177974 cov_px_est=177973 est_ratio=1.00 overdraw=2.86 cyc_px=6.2 cov_src=exact spin_avg=2847 to=0
MFSEAM n=30 period=16.70 host=12.64 block=4.05 pub=0.00 notice=0.46 blocked=100% suspect=0 incomplete=0 host_hist=0/0/0/0/0/0/30/0 pub_hist=30/0/0/0/0/0/0/0
DRAWTRACE f=5460 draws=0 verts=0 vp=289x217 | render=0.0ms logic=8.1ms (clear=0.0ms x0) capture=8.2ms frame=16.3ms nonTRI=0
BLITPROF f=5460 draws=14 tris=218 culled=0 | raster=1.5 clear=0.0 texup=0.0 present=0.0 logic=6.6 ms
MFSUBMIT n=5460 wait_ms[avg=16.92] fabric_ms[frame=16.10 tri=13.77 texwait=2.54 dpath=11.23 ovhd=2.33] cov_px=179610 cov_px_est=179610 est_ratio=1.00 overdraw=2.89 cyc_px=6.2 cov_src=exact spin_avg=2492 to=0
MFSEAM n=30 period=17.07 host=12.83 block=4.23 pub=0.00 notice=0.49 blocked=93% suspect=0 incomplete=0 host_hist=0/0/0/0/0/3/26/1 pub_hist=30/0/0/0/0/0/0/0
DRAWTRACE f=5490 draws=0 verts=0 vp=289x217 | render=0.0ms logic=14.9ms (clear=0.0ms x0) capture=1.7ms frame=16.6ms nonTRI=0
BLITPROF f=5490 draws=12 tris=226 culled=0 | raster=1.4 clear=0.0 texup=0.0 present=0.0 logic=13.4 ms
MFSUBMIT n=5490 wait_ms[avg=16.53] fabric_ms[frame=16.23 tri=13.89 texwait=2.71 dpath=11.18 ovhd=2.33] cov_px=178573 cov_px_est=178573 est_ratio=1.00 overdraw=2.87 cyc_px=6.2 cov_src=exact spin_avg=1619 to=0
MFSEAM n=30 period=16.80 host=14.29 block=2.51 pub=0.00 notice=0.57 blocked=100% suspect=0 incomplete=0 host_hist=0/0/0/0/0/0/30/0 pub_hist=30/0/0/0/0/0/0/0
DRAWTRACE f=5520 draws=0 verts=0 vp=289x217 | render=0.0ms logic=15.6ms (clear=0.0ms x0) capture=1.4ms frame=17.0ms nonTRI=0
BLITPROF f=5520 draws=12 tris=222 culled=0 | raster=4.1 clear=0.0 texup=0.0 present=0.0 logic=11.4 ms
MFSUBMIT n=5520 wait_ms[avg=17.25] fabric_ms[frame=16.45 tri=14.12 texwait=2.70 dpath=11.42 ovhd=2.33] cov_px=182474 cov_px_est=182474 est_ratio=1.00 overdraw=2.93 cyc_px=6.2 cov_src=exact spin_avg=3222 to=0
MFSEAM n=30 period=17.35 host=12.22 block=5.12 pub=0.00 notice=0.51 blocked=90% suspect=0 incomplete=0 host_hist=0/0/0/0/0/2/25/3 pub_hist=30/0/0/0/0/0/0/0
DRAWTRACE f=5550 draws=0 verts=0 vp=289x217 | render=0.0ms logic=5.6ms (clear=0.0ms x0) capture=11.6ms frame=17.2ms nonTRI=0
BLITPROF f=5550 draws=12 tris=228 culled=0 | raster=1.6 clear=0.0 texup=0.0 present=0.0 logic=3.9 ms
MFSUBMIT n=5550 wait_ms[avg=17.23] fabric_ms[frame=16.91 tri=14.58 texwait=2.93 dpath=11.65 ovhd=2.33] cov_px=186027 cov_px_est=186027 est_ratio=1.00 overdraw=2.99 cyc_px=6.2 cov_src=exact spin_avg=7326 to=0
MFSEAM n=30 period=17.32 host=7.32 block=10.00 pub=0.00 notice=0.41 blocked=100% suspect=0 incomplete=0 host_hist=0/0/0/0/0/20/10/0 pub_hist=30/0/0/0/0/0/0/0
DRAWTRACE f=5580 draws=0 verts=0 vp=289x217 | render=0.0ms logic=15.8ms (clear=0.0ms x0) capture=1.3ms frame=17.1ms nonTRI=0
BLITPROF f=5580 draws=12 tris=230 culled=0 | raster=5.5 clear=0.0 texup=0.0 present=0.0 logic=10.2 ms
MFSUBMIT n=5580 wait_ms[avg=17.57] fabric_ms[frame=17.11 tri=14.77 texwait=2.98 dpath=11.79 ovhd=2.34] cov_px=188240 cov_px_est=188240 est_ratio=1.00 overdraw=3.03 cyc_px=6.2 cov_src=exact spin_avg=5517 to=0
MFSEAM n=30 period=17.73 host=9.28 block=8.44 pub=0.00 notice=0.61 blocked=97% suspect=0 incomplete=0 host_hist=0/0/0/0/0/17/11/2 pub_hist=30/0/0/0/0/0/0/0
DRAWTRACE f=5610 draws=0 verts=0 vp=289x217 | render=0.0ms logic=5.6ms (clear=0.0ms x0) capture=11.6ms frame=17.2ms nonTRI=0
BLITPROF f=5610 draws=12 tris=236 culled=0 | raster=1.5 clear=0.0 texup=0.0 present=0.0 logic=4.1 ms
MFSUBMIT n=5610 wait_ms[avg=17.25] fabric_ms[frame=16.94 tri=14.60 texwait=2.98 dpath=11.62 ovhd=2.34] cov_px=185483 cov_px_est=185483 est_ratio=1.00 overdraw=2.98 cyc_px=6.2 cov_src=exact spin_avg=5782 to=0
MFSEAM n=30 period=17.41 host=9.09 block=8.31 pub=0.00 notice=0.46 blocked=100% suspect=0 incomplete=0 host_hist=0/0/0/0/0/16/14/0 pub_hist=30/0/0/0/0/0/0/0
DRAWTRACE f=5640 draws=0 verts=0 vp=289x217 | render=0.0ms logic=9.8ms (clear=0.0ms x0) capture=6.6ms frame=16.4ms nonTRI=0
BLITPROF f=5640 draws=14 tris=230 culled=0 | raster=1.4 clear=0.0 texup=0.0 present=0.0 logic=8.3 ms
MFSUBMIT n=5640 wait_ms[avg=17.25] fabric_ms[frame=16.29 tri=13.95 texwait=2.70 dpath=11.26 ovhd=2.34] cov_px=179737 cov_px_est=179736 est_ratio=1.00 overdraw=2.89 cyc_px=6.2 cov_src=exact spin_avg=4078 to=0
MFSEAM n=30 period=17.45 host=11.51 block=5.93 pub=0.00 notice=0.49 blocked=90% suspect=0 incomplete=0 host_hist=0/0/0/0/0/1/26/3 pub_hist=30/0/0/0/0/0/0/0
DRAWTRACE f=5670 draws=0 verts=0 vp=289x217 | render=0.0ms logic=13.7ms (clear=0.0ms x0) capture=2.6ms frame=16.3ms nonTRI=0
BLITPROF f=5670 draws=12 tris=236 culled=0 | raster=1.4 clear=0.0 texup=0.0 present=0.0 logic=12.3 ms
MFSUBMIT n=5670 wait_ms[avg=16.62] fabric_ms[frame=16.05 tri=13.70 texwait=2.65 dpath=11.04 ovhd=2.35] cov_px=176164 cov_px_est=176164 est_ratio=1.00 overdraw=2.83 cyc_px=6.2 cov_src=exact spin_avg=1652 to=0
MFSEAM n=30 period=16.92 host=14.41 block=2.51 pub=0.00 notice=0.28 blocked=67% suspect=0 incomplete=0 host_hist=0/0/0/0/0/0/23/7 pub_hist=30/0/0/0/0/0/0/0
DRAWTRACE f=5700 draws=0 verts=0 vp=289x217 | render=0.0ms logic=12.4ms (clear=0.0ms x0) capture=3.6ms frame=16.1ms nonTRI=0
BLITPROF f=5700 draws=12 tris=230 culled=0 | raster=1.5 clear=0.0 texup=0.0 present=0.0 logic=10.9 ms
MFDUP frames=5700 dup_draws_elided=0 (+0 since last) crt_ghost_stripped=11400
MFSUBMIT n=5700 wait_ms[avg=16.43] fabric_ms[frame=15.95 tri=13.60 texwait=2.59 dpath=11.01 ovhd=2.34] cov_px=175733 cov_px_est=175732 est_ratio=1.00 overdraw=2.82 cyc_px=6.2 cov_src=exact spin_avg=3291 to=0
MFSEAM n=30 period=16.53 host=11.94 block=4.58 pub=0.00 notice=0.39 blocked=93% suspect=0 incomplete=0 host_hist=0/0/0/0/0/1/27/2 pub_hist=30/0/0/0/0/0/0/0
DRAWTRACE f=5730 draws=0 verts=0 vp=289x217 | render=0.0ms logic=9.7ms (clear=0.0ms x0) capture=6.4ms frame=16.1ms nonTRI=0
BLITPROF f=5730 draws=12 tris=232 culled=0 | raster=1.5 clear=0.0 texup=0.0 present=0.0 logic=8.2 ms
MFSUBMIT n=5730 wait_ms[avg=16.63] fabric_ms[frame=15.94 tri=13.59 texwait=2.53 dpath=11.05 ovhd=2.35] cov_px=176423 cov_px_est=176422 est_ratio=1.00 overdraw=2.84 cyc_px=6.2 cov_src=exact spin_avg=2451 to=0
MFSEAM n=30 period=16.76 host=12.76 block=4.00 pub=0.00 notice=0.46 blocked=90% suspect=0 incomplete=0 host_hist=0/0/0/0/0/1/26/3 pub_hist=30/0/0/0/0/0/0/0
DRAWTRACE f=5760 draws=0 verts=0 vp=289x217 | render=0.0ms logic=16.3ms (clear=0.0ms x0) capture=0.0ms frame=16.4ms nonTRI=0
BLITPROF f=5760 draws=12 tris=236 culled=0 | raster=1.6 clear=0.0 texup=0.0 present=0.0 logic=14.7 ms
MFSUBMIT n=5760 wait_ms[avg=16.49] fabric_ms[frame=16.02 tri=13.67 texwait=2.58 dpath=11.09 ovhd=2.35] cov_px=176919 cov_px_est=176920 est_ratio=1.00 overdraw=2.84 cyc_px=6.2 cov_src=exact spin_avg=738 to=0
MFSEAM n=30 period=16.62 host=15.48 block=1.14 pub=0.00 notice=0.53 blocked=50% suspect=0 incomplete=0 host_hist=0/0/0/0/0/0/22/8 pub_hist=30/0/0/0/0/0/0/0
DRAWTRACE f=5790 draws=0 verts=0 vp=289x217 | render=0.0ms logic=18.2ms (clear=0.0ms x0) capture=0.0ms frame=18.2ms nonTRI=0
BLITPROF f=5790 draws=14 tris=236 culled=0 | raster=4.5 clear=0.0 texup=0.0 present=0.0 logic=13.7 ms
MFSUBMIT n=5790 wait_ms[avg=17.52] fabric_ms[frame=16.54 tri=14.18 texwait=2.74 dpath=11.44 ovhd=2.36] cov_px=182491 cov_px_est=182491 est_ratio=1.00 overdraw=2.93 cyc_px=6.2 cov_src=exact spin_avg=2884 to=0
MFSEAM n=30 period=17.69 host=12.96 block=4.72 pub=0.01 notice=0.83 blocked=83% suspect=0 incomplete=0 host_hist=0/0/0/0/0/4/20/6 pub_hist=30/0/0/0/0/0/0/0
DRAWTRACE f=5820 draws=0 verts=0 vp=289x217 | render=0.0ms logic=6.6ms (clear=0.0ms x0) capture=10.3ms frame=16.9ms nonTRI=0
BLITPROF f=5820 draws=14 tris=242 culled=0 | raster=1.7 clear=0.0 texup=0.0 present=0.0 logic=4.9 ms
MFSUBMIT n=5820 wait_ms[avg=17.21] fabric_ms[frame=16.66 tri=14.31 texwait=2.88 dpath=11.43 ovhd=2.35] cov_px=182285 cov_px_est=182285 est_ratio=1.00 overdraw=2.93 cyc_px=6.2 cov_src=exact spin_avg=5668 to=0
MFSEAM n=30 period=17.36 host=9.27 block=8.09 pub=0.00 notice=0.47 blocked=97% suspect=0 incomplete=0 host_hist=0/0/0/0/0/13/16/1 pub_hist=30/0/0/0/0/0/0/0
DRAWTRACE f=5850 draws=0 verts=0 vp=289x217 | render=0.0ms logic=13.8ms (clear=0.0ms x0) capture=2.7ms frame=16.5ms nonTRI=0
BLITPROF f=5850 draws=12 tris=236 culled=0 | raster=4.6 clear=0.0 texup=0.0 present=0.0 logic=9.1 ms
MFSUBMIT n=5850 wait_ms[avg=17.30] fabric_ms[frame=16.58 tri=14.22 texwait=2.88 dpath=11.34 ovhd=2.35] cov_px=180925 cov_px_est=180925 est_ratio=1.00 overdraw=2.91 cyc_px=6.2 cov_src=exact spin_avg=2681 to=0
MFSEAM n=30 period=17.41 host=13.18 block=4.23 pub=0.00 notice=0.33 blocked=90% suspect=0 incomplete=0 host_hist=0/0/0/0/0/0/27/3 pub_hist=30/0/0/0/0/0/0/0
DRAWTRACE f=5880 draws=0 verts=0 vp=289x217 | render=0.0ms logic=5.6ms (clear=0.0ms x0) capture=11.2ms frame=16.8ms nonTRI=0
BLITPROF f=5880 draws=12 tris=246 culled=0 | raster=1.6 clear=0.0 texup=0.0 present=0.0 logic=3.9 ms
MFSUBMIT n=5880 wait_ms[avg=17.05] fabric_ms[frame=16.54 tri=14.18 texwait=2.84 dpath=11.35 ovhd=2.35] cov_px=180906 cov_px_est=180906 est_ratio=1.00 overdraw=2.91 cyc_px=6.2 cov_src=exact spin_avg=5578 to=0
MFSEAM n=30 period=17.19 host=8.64 block=8.55 pub=0.00 notice=0.65 blocked=100% suspect=0 incomplete=0 host_hist=0/0/0/0/0/13/17/0 pub_hist=30/0/0/0/0/0/0/0
DRAWTRACE f=5910 draws=0 verts=0 vp=289x217 | render=0.0ms logic=5.6ms (clear=0.0ms x0) capture=11.2ms frame=16.8ms nonTRI=0
BLITPROF f=5910 draws=12 tris=246 culled=0 | raster=1.6 clear=0.0 texup=0.0 present=0.0 logic=4.0 ms
MFSUBMIT n=5910 wait_ms[avg=17.31] fabric_ms[frame=16.57 tri=14.21 texwait=2.85 dpath=11.36 ovhd=2.36] cov_px=181159 cov_px_est=181159 est_ratio=1.00 overdraw=2.91 cyc_px=6.2 cov_src=exact spin_avg=6057 to=0
MFSEAM n=30 period=17.47 host=8.54 block=8.93 pub=0.00 notice=0.83 blocked=93% suspect=0 incomplete=0 host_hist=0/0/0/0/0/21/7/2 pub_hist=30/0/0/0/0/0/0/0
DRAWTRACE f=5940 draws=0 verts=0 vp=289x217 | render=0.0ms logic=5.7ms (clear=0.0ms x0) capture=11.0ms frame=16.7ms nonTRI=0
BLITPROF f=5940 draws=12 tris=244 culled=0 | raster=1.5 clear=0.0 texup=0.0 present=0.0 logic=4.1 ms
MFSUBMIT n=5940 wait_ms[avg=16.95] fabric_ms[frame=16.51 tri=14.16 texwait=2.83 dpath=11.33 ovhd=2.35] cov_px=180710 cov_px_est=180710 est_ratio=1.00 overdraw=2.90 cyc_px=6.2 cov_src=exact spin_avg=4789 to=0
MFSEAM n=30 period=17.10 host=10.03 block=7.07 pub=0.00 notice=0.47 blocked=97% suspect=0 incomplete=0 host_hist=0/0/0/0/0/15/14/1 pub_hist=30/0/0/0/0/0/0/0
DRAWTRACE f=5970 draws=0 verts=0 vp=289x217 | render=0.0ms logic=9.8ms (clear=0.0ms x0) capture=6.2ms frame=16.0ms nonTRI=0
BLITPROF f=5970 draws=12 tris=244 culled=0 | raster=1.6 clear=0.0 texup=0.0 present=0.0 logic=8.2 ms
MFSUBMIT n=5970 wait_ms[avg=16.85] fabric_ms[frame=16.52 tri=14.16 texwait=2.83 dpath=11.33 ovhd=2.36] cov_px=180650 cov_px_est=180650 est_ratio=1.00 overdraw=2.90 cyc_px=6.2 cov_src=exact spin_avg=3367 to=0
MFSEAM n=30 period=17.01 host=12.21 block=4.80 pub=0.00 notice=0.29 blocked=97% suspect=0 incomplete=0 host_hist=0/0/0/0/0/0/29/1 pub_hist=30/0/0/0/0/0/0/0
DRAWTRACE f=6000 draws=0 verts=0 vp=289x217 | render=0.0ms logic=5.9ms (clear=0.0ms x0) capture=10.8ms frame=16.7ms nonTRI=0
BLITPROF f=6000 draws=12 tris=244 culled=0 | raster=1.6 clear=0.0 texup=0.0 present=0.0 logic=4.2 ms
MFDUP frames=6000 dup_draws_elided=0 (+0 since last) crt_ghost_stripped=12000
MFSUBMIT n=6000 wait_ms[avg=17.16] fabric_ms[frame=16.52 tri=14.15 texwait=2.83 dpath=11.33 ovhd=2.36] cov_px=180674 cov_px_est=180674 est_ratio=1.00 overdraw=2.90 cyc_px=6.2 cov_src=exact spin_avg=4030 to=0
MFSEAM n=30 period=17.45 host=10.63 block=6.82 pub=0.00 notice=0.66 blocked=93% suspect=0 incomplete=0 host_hist=0/0/0/0/0/13/15/2 pub_hist=30/0/0/0/0/0/0/0
DRAWTRACE f=6030 draws=0 verts=0 vp=289x217 | render=0.0ms logic=5.6ms (clear=0.0ms x0) capture=11.2ms frame=16.8ms nonTRI=0
BLITPROF f=6030 draws=12 tris=244 culled=0 | raster=1.6 clear=0.0 texup=0.0 present=0.0 logic=3.9 ms
MFSUBMIT n=6030 wait_ms[avg=16.82] fabric_ms[frame=16.51 tri=14.16 texwait=2.83 dpath=11.33 ovhd=2.35] cov_px=180688 cov_px_est=180688 est_ratio=1.00 overdraw=2.90 cyc_px=6.2 cov_src=exact spin_avg=6585 to=0
MFSEAM n=30 period=16.92 host=7.86 block=9.06 pub=0.00 notice=0.40 blocked=100% suspect=0 incomplete=0 host_hist=0/0/0/0/0/18/12/0 pub_hist=30/0/0/0/0/0/0/0
DRAWTRACE f=6060 draws=0 verts=0 vp=289x217 | render=0.0ms logic=5.7ms (clear=0.0ms x0) capture=15.9ms frame=21.6ms nonTRI=0
BLITPROF f=6060 draws=14 tris=246 culled=0 | raster=1.6 clear=0.0 texup=0.0 present=0.0 logic=4.0 ms
MFSUBMIT n=6060 wait_ms[avg=20.56] fabric_ms[frame=20.19 tri=17.83 texwait=3.58 dpath=14.25 ovhd=2.36] cov_px=228094 cov_px_est=228091 est_ratio=1.00 overdraw=3.67 cyc_px=6.1 cov_src=exact spin_avg=7826 to=0
MFSEAM n=30 period=20.73 host=8.53 block=12.20 pub=0.00 notice=0.54 blocked=100% suspect=0 incomplete=0 host_hist=0/0/0/0/0/16/13/1 pub_hist=30/0/0/0/0/0/0/0
DRAWTRACE f=6090 draws=0 verts=0 vp=289x217 | render=0.0ms logic=5.4ms (clear=0.0ms x0) capture=16.1ms frame=21.4ms nonTRI=0
BLITPROF f=6090 draws=14 tris=240 culled=0 | raster=1.5 clear=0.0 texup=0.0 present=0.0 logic=3.8 ms
MFSUBMIT n=6090 wait_ms[avg=21.51] fabric_ms[frame=21.19 tri=18.85 texwait=3.79 dpath=15.06 ovhd=2.35] cov_px=241305 cov_px_est=241305 est_ratio=1.00 overdraw=3.88 cyc_px=6.1 cov_src=exact spin_avg=11295 to=0
MFSEAM n=30 period=21.65 host=6.31 block=15.34 pub=0.00 notice=0.46 blocked=100% suspect=0 incomplete=0 host_hist=0/0/0/0/0/27/3/0 pub_hist=30/0/0/0/0/0/0/0
DRAWTRACE f=6120 draws=0 verts=0 vp=289x217 | render=0.0ms logic=5.7ms (clear=0.0ms x0) capture=15.6ms frame=21.3ms nonTRI=0
BLITPROF f=6120 draws=14 tris=238 culled=0 | raster=1.6 clear=0.2 texup=0.0 present=0.0 logic=4.0 ms
MFSUBMIT n=6120 wait_ms[avg=20.68] fabric_ms[frame=19.24 tri=16.91 texwait=3.25 dpath=13.66 ovhd=2.34] cov_px=218943 cov_px_est=218942 est_ratio=1.00 overdraw=3.52 cyc_px=6.1 cov_src=exact spin_avg=5985 to=0
MFSEAM n=30 period=20.86 host=11.41 block=9.44 pub=0.00 notice=0.44 blocked=83% suspect=0 incomplete=0 host_hist=0/0/0/0/0/11/12/7 pub_hist=30/0/0/0/0/0/0/0
DRAWTRACE f=6150 draws=0 verts=0 vp=289x217 | render=0.0ms logic=16.3ms (clear=0.0ms x0) capture=0.1ms frame=16.3ms nonTRI=0
BLITPROF f=6150 draws=10 tris=150 culled=0 | raster=1.0 clear=0.0 texup=0.0 present=0.0 logic=15.2 ms
MFSUBMIT n=6150 wait_ms[avg=16.37] fabric_ms[frame=8.38 tri=6.16 texwait=0.52 dpath=5.64 ovhd=2.22] cov_px=90255 cov_px_est=90255 est_ratio=1.00 overdraw=1.45 cyc_px=6.2 cov_src=exact spin_avg=79 to=0
MFSEAM n=30 period=16.52 host=16.25 block=0.27 pub=0.00 notice=0.01 blocked=3% suspect=0 incomplete=0 host_hist=0/0/0/0/0/0/22/8 pub_hist=30/0/0/0/0/0/0/0
DRAWTRACE f=6180 draws=0 verts=0 vp=289x217 | render=0.0ms logic=7.1ms (clear=0.0ms x0) capture=0.0ms frame=7.2ms nonTRI=0
BLITPROF f=6180 draws=10 tris=150 culled=0 | raster=1.2 clear=0.0 texup=0.0 present=0.0 logic=5.8 ms
MFSUBMIT n=6180 wait_ms[avg=16.61] fabric_ms[frame=6.79 tri=4.56 texwait=0.19 dpath=4.37 ovhd=2.23] cov_px=69517 cov_px_est=69517 est_ratio=1.00 overdraw=1.12 cyc_px=6.2 cov_src=exact spin_avg=0 to=0
MFSEAM n=30 period=16.71 host=16.61 block=0.10 pub=0.00 notice=0.00 blocked=0% suspect=0 incomplete=0 host_hist=0/0/0/0/0/0/16/14 pub_hist=30/0/0/0/0/0/0/0
DRAWTRACE f=6210 draws=0 verts=0 vp=289x217 | render=0.0ms logic=6.3ms (clear=0.0ms x0) capture=0.1ms frame=6.3ms nonTRI=0
BLITPROF f=6210 draws=10 tris=150 culled=0 | raster=0.9 clear=0.0 texup=0.0 present=0.0 logic=5.3 ms
MFSUBMIT n=6210 wait_ms[avg=16.57] fabric_ms[frame=6.78 tri=4.56 texwait=0.19 dpath=4.37 ovhd=2.23] cov_px=69517 cov_px_est=69517 est_ratio=1.00 overdraw=1.12 cyc_px=6.2 cov_src=exact spin_avg=0 to=0
MFSEAM n=30 period=16.72 host=16.56 block=0.15 pub=0.00 notice=0.00 blocked=0% suspect=0 incomplete=0 host_hist=0/0/0/0/0/0/19/11 pub_hist=30/0/0/0/0/0/0/0
DRAWTRACE f=6240 draws=0 verts=0 vp=289x217 | render=0.0ms logic=14.4ms (clear=0.0ms x0) capture=0.1ms frame=14.4ms nonTRI=0
BLITPROF f=6240 draws=10 tris=150 culled=0 | raster=1.0 clear=0.0 texup=0.0 present=0.0 logic=13.3 ms
MFSUBMIT n=6240 wait_ms[avg=16.59] fabric_ms[frame=6.79 tri=4.56 texwait=0.19 dpath=4.37 ovhd=2.23] cov_px=69517 cov_px_est=69517 est_ratio=1.00 overdraw=1.12 cyc_px=6.2 cov_src=exact spin_avg=0 to=0
MFSEAM n=30 period=16.73 host=16.59 block=0.14 pub=0.00 notice=0.00 blocked=0% suspect=0 incomplete=0 host_hist=0/0/0/0/0/1/17/12 pub_hist=30/0/0/0/0/0/0/0
DRAWTRACE f=6270 draws=0 verts=0 vp=289x217 | render=0.0ms logic=16.5ms (clear=0.0ms x0) capture=0.0ms frame=16.6ms nonTRI=0
BLITPROF f=6270 draws=10 tris=150 culled=0 | raster=1.0 clear=0.0 texup=0.0 present=0.0 logic=15.5 ms
MFSUBMIT n=6270 wait_ms[avg=16.54] fabric_ms[frame=6.78 tri=4.56 texwait=0.19 dpath=4.37 ovhd=2.23] cov_px=69517 cov_px_est=69517 est_ratio=1.00 overdraw=1.12 cyc_px=6.2 cov_src=exact spin_avg=0 to=0
MFSEAM n=30 period=16.68 host=16.53 block=0.14 pub=0.00 notice=0.00 blocked=0% suspect=0 incomplete=0 host_hist=0/0/0/0/0/0/18/12 pub_hist=30/0/0/0/0/0/0/0
DRAWTRACE f=6300 draws=0 verts=0 vp=289x217 | render=0.0ms logic=9.2ms (clear=0.0ms x0) capture=0.0ms frame=9.2ms nonTRI=0
BLITPROF f=6300 draws=10 tris=150 culled=0 | raster=1.2 clear=0.0 texup=0.0 present=0.0 logic=8.0 ms
MFDUP frames=6300 dup_draws_elided=0 (+0 since last) crt_ghost_stripped=12600
MFSUBMIT n=6300 wait_ms[avg=16.68] fabric_ms[frame=6.79 tri=4.56 texwait=0.19 dpath=4.37 ovhd=2.23] cov_px=69517 cov_px_est=69517 est_ratio=1.00 overdraw=1.12 cyc_px=6.2 cov_src=exact spin_avg=0 to=0
MFSEAM n=30 period=16.90 host=16.68 block=0.21 pub=0.00 notice=0.00 blocked=0% suspect=0 incomplete=0 host_hist=0/0/0/0/0/1/15/14 pub_hist=30/0/0/0/0/0/0/0
DRAWTRACE f=6330 draws=0 verts=0 vp=289x217 | render=0.0ms logic=8.9ms (clear=0.0ms x0) capture=0.0ms frame=9.0ms nonTRI=0
BLITPROF f=6330 draws=10 tris=150 culled=0 | raster=0.9 clear=0.0 texup=0.0 present=0.0 logic=8.0 ms
MFSUBMIT n=6330 wait_ms[avg=16.39] fabric_ms[frame=6.78 tri=4.56 texwait=0.19 dpath=4.37 ovhd=2.22] cov_px=69517 cov_px_est=69517 est_ratio=1.00 overdraw=1.12 cyc_px=6.2 cov_src=exact spin_avg=0 to=0
MFSEAM n=30 period=16.76 host=16.39 block=0.37 pub=0.00 notice=0.00 blocked=0% suspect=0 incomplete=0 host_hist=0/0/0/0/0/0/18/12 pub_hist=30/0/0/0/0/0/0/0
DRAWTRACE f=6360 draws=0 verts=0 vp=289x217 | render=0.0ms logic=16.5ms (clear=0.0ms x0) capture=0.0ms frame=16.5ms nonTRI=0
BLITPROF f=6360 draws=10 tris=150 culled=0 | raster=0.9 clear=0.0 texup=0.0 present=0.0 logic=15.5 ms
MFSUBMIT n=6360 wait_ms[avg=16.78] fabric_ms[frame=6.79 tri=4.56 texwait=0.19 dpath=4.37 ovhd=2.23] cov_px=69517 cov_px_est=69517 est_ratio=1.00 overdraw=1.12 cyc_px=6.2 cov_src=exact spin_avg=17 to=0
MFSEAM n=30 period=16.87 host=16.75 block=0.11 pub=0.00 notice=0.01 blocked=3% suspect=0 incomplete=0 host_hist=0/0/0/0/0/1/17/12 pub_hist=30/0/0/0/0/0/0/0
DRAWTRACE f=6390 draws=0 verts=0 vp=289x217 | render=0.0ms logic=16.8ms (clear=0.0ms x0) capture=0.1ms frame=16.8ms nonTRI=0
BLITPROF f=6390 draws=10 tris=150 culled=0 | raster=1.0 clear=0.0 texup=0.0 present=0.0 logic=15.8 ms
MFSUBMIT n=6390 wait_ms[avg=16.32] fabric_ms[frame=6.78 tri=4.56 texwait=0.19 dpath=4.37 ovhd=2.23] cov_px=69517 cov_px_est=69517 est_ratio=1.00 overdraw=1.12 cyc_px=6.2 cov_src=exact spin_avg=0 to=0
MFSEAM n=30 period=16.46 host=16.31 block=0.15 pub=0.00 notice=0.00 blocked=0% suspect=0 incomplete=0 host_hist=0/0/0/0/0/1/16/13 pub_hist=30/0/0/0/0/0/0/0
DRAWTRACE f=6420 draws=0 verts=0 vp=289x217 | render=0.0ms logic=13.5ms (clear=0.0ms x0) capture=0.1ms frame=13.6ms nonTRI=0
BLITPROF f=6420 draws=10 tris=150 culled=0 | raster=0.9 clear=0.0 texup=0.0 present=0.0 logic=12.6 ms
MFSUBMIT n=6420 wait_ms[avg=16.52] fabric_ms[frame=6.78 tri=4.56 texwait=0.19 dpath=4.37 ovhd=2.22] cov_px=69517 cov_px_est=69517 est_ratio=1.00 overdraw=1.12 cyc_px=6.2 cov_src=exact spin_avg=0 to=0
MFSEAM n=30 period=16.67 host=16.52 block=0.15 pub=0.00 notice=0.00 blocked=0% suspect=0 incomplete=0 host_hist=0/0/0/0/0/0/16/14 pub_hist=30/0/0/0/0/0/0/0
DRAWTRACE f=6450 draws=0 verts=0 vp=289x217 | render=0.0ms logic=16.2ms (clear=0.0ms x0) capture=0.1ms frame=16.3ms nonTRI=0
BLITPROF f=6450 draws=10 tris=150 culled=0 | raster=2.9 clear=0.0 texup=0.0 present=0.0 logic=13.3 ms
MFSUBMIT n=6450 wait_ms[avg=16.66] fabric_ms[frame=6.79 tri=4.56 texwait=0.19 dpath=4.36 ovhd=2.23] cov_px=69517 cov_px_est=69517 est_ratio=1.00 overdraw=1.12 cyc_px=6.2 cov_src=exact spin_avg=0 to=0
MFSEAM n=30 period=16.81 host=16.65 block=0.15 pub=0.00 notice=0.00 blocked=0% suspect=0 incomplete=0 host_hist=0/0/0/0/0/0/17/13 pub_hist=30/0/0/0/0/0/0/0
DRAWTRACE f=6480 draws=0 verts=0 vp=289x217 | render=0.0ms logic=16.7ms (clear=0.0ms x0) capture=0.1ms frame=16.8ms nonTRI=0
BLITPROF f=6480 draws=10 tris=150 culled=0 | raster=1.0 clear=0.0 texup=0.0 present=0.0 logic=15.7 ms
MFSUBMIT n=6480 wait_ms[avg=16.52] fabric_ms[frame=6.78 tri=4.56 texwait=0.19 dpath=4.36 ovhd=2.22] cov_px=69517 cov_px_est=69517 est_ratio=1.00 overdraw=1.12 cyc_px=6.2 cov_src=exact spin_avg=0 to=0
MFSEAM n=30 period=16.70 host=16.51 block=0.18 pub=0.00 notice=0.00 blocked=0% suspect=0 incomplete=0 host_hist=0/0/0/0/0/0/21/9 pub_hist=30/0/0/0/0/0/0/0
DRAWTRACE f=6510 draws=0 verts=0 vp=289x217 | render=0.0ms logic=18.0ms (clear=0.0ms x0) capture=0.0ms frame=18.1ms nonTRI=0
BLITPROF f=6510 draws=10 tris=150 culled=0 | raster=1.4 clear=0.0 texup=0.0 present=0.0 logic=16.6 ms
MFSUBMIT n=6510 wait_ms[avg=16.56] fabric_ms[frame=6.78 tri=4.56 texwait=0.19 dpath=4.37 ovhd=2.22] cov_px=69517 cov_px_est=69517 est_ratio=1.00 overdraw=1.12 cyc_px=6.2 cov_src=exact spin_avg=0 to=0
MFSEAM n=30 period=16.69 host=16.56 block=0.13 pub=0.00 notice=0.00 blocked=0% suspect=0 incomplete=0 host_hist=0/0/0/0/0/0/17/13 pub_hist=30/0/0/0/0/0/0/0
DRAWTRACE f=6540 draws=0 verts=0 vp=289x217 | render=0.0ms logic=15.0ms (clear=0.0ms x0) capture=0.1ms frame=15.1ms nonTRI=0
BLITPROF f=6540 draws=10 tris=150 culled=0 | raster=0.9 clear=0.0 texup=0.0 present=0.0 logic=14.1 ms
MFSUBMIT n=6540 wait_ms[avg=16.47] fabric_ms[frame=6.78 tri=4.56 texwait=0.19 dpath=4.37 ovhd=2.22] cov_px=69517 cov_px_est=69517 est_ratio=1.00 overdraw=1.12 cyc_px=6.2 cov_src=exact spin_avg=0 to=0
MFSEAM n=30 period=16.58 host=16.47 block=0.11 pub=0.00 notice=0.00 blocked=0% suspect=0 incomplete=0 host_hist=0/0/0/0/0/0/19/11 pub_hist=30/0/0/0/0/0/0/0
DRAWTRACE f=6570 draws=0 verts=0 vp=289x217 | render=0.0ms logic=14.7ms (clear=0.0ms x0) capture=0.0ms frame=14.8ms nonTRI=0
BLITPROF f=6570 draws=10 tris=150 culled=0 | raster=1.1 clear=0.0 texup=0.0 present=0.0 logic=13.6 ms
MFSUBMIT n=6570 wait_ms[avg=16.77] fabric_ms[frame=6.78 tri=4.56 texwait=0.19 dpath=4.37 ovhd=2.23] cov_px=69517 cov_px_est=69517 est_ratio=1.00 overdraw=1.12 cyc_px=6.2 cov_src=exact spin_avg=0 to=0
MFSEAM n=30 period=16.95 host=16.76 block=0.18 pub=0.00 notice=0.00 blocked=0% suspect=0 incomplete=0 host_hist=0/0/0/0/0/0/14/16 pub_hist=30/0/0/0/0/0/0/0
DRAWTRACE f=6600 draws=0 verts=0 vp=289x217 | render=0.0ms logic=17.2ms (clear=0.0ms x0) capture=0.0ms frame=17.2ms nonTRI=0
BLITPROF f=6600 draws=10 tris=150 culled=0 | raster=1.0 clear=0.0 texup=0.0 present=0.0 logic=16.2 ms
MFDUP frames=6600 dup_draws_elided=0 (+0 since last) crt_ghost_stripped=13200
MFSUBMIT n=6600 wait_ms[avg=16.42] fabric_ms[frame=6.78 tri=4.56 texwait=0.19 dpath=4.37 ovhd=2.22] cov_px=69517 cov_px_est=69517 est_ratio=1.00 overdraw=1.12 cyc_px=6.2 cov_src=exact spin_avg=0 to=0
MFSEAM n=30 period=16.55 host=16.41 block=0.13 pub=0.01 notice=0.00 blocked=0% suspect=0 incomplete=0 host_hist=0/0/0/0/0/0/16/14 pub_hist=30/0/0/0/0/0/0/0
DRAWTRACE f=6630 draws=0 verts=0 vp=289x217 | render=0.0ms logic=16.5ms (clear=0.0ms x0) capture=0.1ms frame=16.6ms nonTRI=0
BLITPROF f=6630 draws=10 tris=150 culled=0 | raster=1.0 clear=0.0 texup=0.0 present=0.0 logic=15.4 ms
MFSUBMIT n=6630 wait_ms[avg=16.52] fabric_ms[frame=6.78 tri=4.56 texwait=0.19 dpath=4.37 ovhd=2.22] cov_px=69517 cov_px_est=69517 est_ratio=1.00 overdraw=1.12 cyc_px=6.2 cov_src=exact spin_avg=0 to=0
MFSEAM n=30 period=16.67 host=16.52 block=0.15 pub=0.00 notice=0.00 blocked=0% suspect=0 incomplete=0 host_hist=0/0/0/0/0/0/20/10 pub_hist=30/0/0/0/0/0/0/0
DRAWTRACE f=6660 draws=0 verts=0 vp=289x217 | render=0.0ms logic=15.4ms (clear=0.0ms x0) capture=0.0ms frame=15.4ms nonTRI=0
BLITPROF f=6660 draws=10 tris=150 culled=0 | raster=2.5 clear=1.2 texup=0.0 present=0.0 logic=11.7 ms
MFSUBMIT n=6660 wait_ms[avg=16.59] fabric_ms[frame=6.79 tri=4.56 texwait=0.19 dpath=4.37 ovhd=2.23] cov_px=69517 cov_px_est=69517 est_ratio=1.00 overdraw=1.12 cyc_px=6.2 cov_src=exact spin_avg=0 to=0
MFSEAM n=30 period=16.96 host=16.59 block=0.37 pub=0.00 notice=0.00 blocked=0% suspect=0 incomplete=0 host_hist=0/0/0/0/0/0/19/11 pub_hist=30/0/0/0/0/0/0/0
DRAWTRACE f=6690 draws=0 verts=0 vp=289x217 | render=0.0ms logic=20.3ms (clear=0.0ms x0) capture=0.1ms frame=20.4ms nonTRI=0
BLITPROF f=6690 draws=10 tris=150 culled=0 | raster=2.2 clear=0.0 texup=0.0 present=0.0 logic=18.1 ms
MFSUBMIT n=6690 wait_ms[avg=16.31] fabric_ms[frame=6.78 tri=4.56 texwait=0.19 dpath=4.37 ovhd=2.22] cov_px=69517 cov_px_est=69517 est_ratio=1.00 overdraw=1.12 cyc_px=6.2 cov_src=exact spin_avg=0 to=0
MFSEAM n=30 period=16.40 host=16.31 block=0.09 pub=0.00 notice=0.00 blocked=0% suspect=0 incomplete=0 host_hist=0/0/0/0/0/1/17/12 pub_hist=30/0/0/0/0/0/0/0
DRAWTRACE f=6720 draws=0 verts=0 vp=289x217 | render=0.0ms logic=16.5ms (clear=0.0ms x0) capture=0.1ms frame=16.7ms nonTRI=0
BLITPROF f=6720 draws=10 tris=150 culled=0 | raster=0.9 clear=0.0 texup=0.0 present=0.0 logic=15.6 ms
MFSUBMIT n=6720 wait_ms[avg=16.89] fabric_ms[frame=6.76 tri=4.54 texwait=0.19 dpath=4.35 ovhd=2.22] cov_px=69405 cov_px_est=69405 est_ratio=1.00 overdraw=1.12 cyc_px=6.2 cov_src=exact spin_avg=0 to=0
MFSEAM n=30 period=17.11 host=16.89 block=0.22 pub=0.00 notice=0.00 blocked=0% suspect=0 incomplete=0 host_hist=0/0/0/0/0/0/17/13 pub_hist=30/0/0/0/0/0/0/0
DRAWTRACE f=6750 draws=0 verts=0 vp=289x217 | render=0.0ms logic=8.3ms (clear=0.0ms x0) capture=0.0ms frame=8.3ms nonTRI=0
BLITPROF f=6750 draws=10 tris=130 culled=0 | raster=1.0 clear=0.0 texup=0.0 present=0.0 logic=7.3 ms
MFSUBMIT n=6750 wait_ms[avg=16.40] fabric_ms[frame=6.69 tri=4.49 texwait=0.17 dpath=4.32 ovhd=2.20] cov_px=69037 cov_px_est=69037 est_ratio=1.00 overdraw=1.11 cyc_px=6.2 cov_src=exact spin_avg=0 to=0
MFSEAM n=30 period=16.55 host=16.40 block=0.16 pub=0.00 notice=0.00 blocked=0% suspect=0 incomplete=0 host_hist=0/0/0/0/0/0/19/11 pub_hist=30/0/0/0/0/0/0/0
DRAWTRACE f=6780 draws=0 verts=0 vp=289x217 | render=0.0ms logic=16.8ms (clear=0.0ms x0) capture=0.1ms frame=16.9ms nonTRI=0
BLITPROF f=6780 draws=10 tris=130 culled=0 | raster=0.9 clear=0.0 texup=0.0 present=0.0 logic=15.9 ms
MFSUBMIT n=6780 wait_ms[avg=16.49] fabric_ms[frame=6.68 tri=4.49 texwait=0.17 dpath=4.31 ovhd=2.20] cov_px=68965 cov_px_est=68965 est_ratio=1.00 overdraw=1.11 cyc_px=6.2 cov_src=exact spin_avg=0 to=0
MFSEAM n=30 period=16.77 host=16.49 block=0.27 pub=0.00 notice=0.00 blocked=0% suspect=0 incomplete=0 host_hist=0/0/0/0/0/0/21/9 pub_hist=30/0/0/0/0/0/0/0
DRAWTRACE f=6810 draws=0 verts=0 vp=289x217 | render=0.0ms logic=16.5ms (clear=0.0ms x0) capture=0.1ms frame=16.6ms nonTRI=0
BLITPROF f=6810 draws=10 tris=128 culled=0 | raster=0.8 clear=0.0 texup=0.0 present=0.0 logic=15.7 ms
MFSUBMIT n=6810 wait_ms[avg=16.56] fabric_ms[frame=6.67 tri=4.47 texwait=0.17 dpath=4.31 ovhd=2.20] cov_px=68850 cov_px_est=68850 est_ratio=1.00 overdraw=1.11 cyc_px=6.2 cov_src=exact spin_avg=0 to=0
MFSEAM n=30 period=16.83 host=16.56 block=0.27 pub=0.00 notice=0.00 blocked=0% suspect=0 incomplete=0 host_hist=0/0/0/0/0/0/17/13 pub_hist=30/0/0/0/0/0/0/0
DRAWTRACE f=6840 draws=0 verts=0 vp=289x217 | render=0.0ms logic=13.9ms (clear=0.0ms x0) capture=0.0ms frame=13.9ms nonTRI=0
BLITPROF f=6840 draws=10 tris=128 culled=0 | raster=0.8 clear=0.0 texup=0.0 present=0.0 logic=13.1 ms
MFSUBMIT n=6840 wait_ms[avg=16.56] fabric_ms[frame=6.66 tri=4.47 texwait=0.17 dpath=4.31 ovhd=2.19] cov_px=68850 cov_px_est=68850 est_ratio=1.00 overdraw=1.11 cyc_px=6.2 cov_src=exact spin_avg=0 to=0
MFSEAM n=30 period=16.65 host=16.56 block=0.09 pub=0.00 notice=0.00 blocked=0% suspect=0 incomplete=0 host_hist=0/0/0/0/0/0/17/13 pub_hist=30/0/0/0/0/0/0/0
DRAWTRACE f=6870 draws=0 verts=0 vp=289x217 | render=0.0ms logic=10.5ms (clear=0.0ms x0) capture=0.1ms frame=10.6ms nonTRI=0
BLITPROF f=6870 draws=10 tris=128 culled=0 | raster=3.9 clear=0.0 texup=0.0 present=0.0 logic=6.6 ms
MFSUBMIT n=6870 wait_ms[avg=16.79] fabric_ms[frame=6.67 tri=4.47 texwait=0.17 dpath=4.31 ovhd=2.19] cov_px=68850 cov_px_est=68850 est_ratio=1.00 overdraw=1.11 cyc_px=6.2 cov_src=exact spin_avg=0 to=0
MFSEAM n=30 period=16.88 host=16.79 block=0.09 pub=0.00 notice=0.00 blocked=0% suspect=0 incomplete=0 host_hist=0/0/0/0/0/0/18/12 pub_hist=30/0/0/0/0/0/0/0
DRAWTRACE f=6900 draws=0 verts=0 vp=289x217 | render=0.0ms logic=16.3ms (clear=0.0ms x0) capture=0.0ms frame=16.4ms nonTRI=0
BLITPROF f=6900 draws=10 tris=128 culled=0 | raster=0.8 clear=0.0 texup=0.0 present=0.0 logic=15.5 ms
MFDUP frames=6900 dup_draws_elided=0 (+0 since last) crt_ghost_stripped=13800
MFSUBMIT n=6900 wait_ms[avg=16.58] fabric_ms[frame=6.67 tri=4.47 texwait=0.17 dpath=4.31 ovhd=2.19] cov_px=68850 cov_px_est=68850 est_ratio=1.00 overdraw=1.11 cyc_px=6.2 cov_src=exact spin_avg=0 to=0
MFSEAM n=30 period=16.71 host=16.58 block=0.13 pub=0.00 notice=0.00 blocked=0% suspect=0 incomplete=0 host_hist=0/0/0/0/0/0/18/12 pub_hist=30/0/0/0/0/0/0/0
DRAWTRACE f=6930 draws=0 verts=0 vp=289x217 | render=0.0ms logic=15.9ms (clear=0.0ms x0) capture=0.1ms frame=16.0ms nonTRI=0
BLITPROF f=6930 draws=7 tris=68 culled=0 | raster=1.6 clear=0.0 texup=0.0 present=0.0 logic=14.3 ms
MFSUBMIT n=6930 wait_ms[avg=17.30] fabric_ms[frame=8.89 tri=6.74 texwait=0.62 dpath=6.12 ovhd=2.15] cov_px=98890 cov_px_est=98890 est_ratio=1.00 overdraw=1.59 cyc_px=6.1 cov_src=exact spin_avg=0 to=0
MFSEAM n=30 period=17.57 host=17.30 block=0.26 pub=0.00 notice=0.00 blocked=0% suspect=0 incomplete=0 host_hist=0/0/0/0/0/1/16/13 pub_hist=30/0/0/0/0/0/0/0
DRAWTRACE f=6960 draws=0 verts=0 vp=289x217 | render=0.0ms logic=16.6ms (clear=0.0ms x0) capture=0.0ms frame=16.6ms nonTRI=0
BLITPROF f=6960 draws=6 tris=66 culled=0 | raster=0.5 clear=0.0 texup=0.0 present=0.0 logic=16.1 ms
MFSUBMIT n=6960 wait_ms[avg=16.33] fabric_ms[frame=6.07 tri=3.97 texwait=0.03 dpath=3.93 ovhd=2.10] cov_px=63620 cov_px_est=63620 est_ratio=1.00 overdraw=1.02 cyc_px=6.1 cov_src=exact spin_avg=0 to=0
MFSEAM n=30 period=16.49 host=16.32 block=0.16 pub=0.00 notice=0.00 blocked=0% suspect=0 incomplete=0 host_hist=0/0/0/0/0/0/18/12 pub_hist=30/0/0/0/0/0/0/0
DRAWTRACE f=6990 draws=0 verts=0 vp=289x217 | render=0.0ms logic=7.2ms (clear=0.0ms x0) capture=0.1ms frame=7.2ms nonTRI=0
BLITPROF f=6990 draws=6 tris=66 culled=0 | raster=0.4 clear=0.0 texup=0.0 present=0.0 logic=6.7 ms
MFSUBMIT n=6990 wait_ms[avg=16.53] fabric_ms[frame=6.08 tri=3.97 texwait=0.03 dpath=3.93 ovhd=2.11] cov_px=63620 cov_px_est=63620 est_ratio=1.00 overdraw=1.02 cyc_px=6.1 cov_src=exact spin_avg=0 to=0
MFSEAM n=30 period=16.62 host=16.52 block=0.10 pub=0.00 notice=0.00 blocked=0% suspect=0 incomplete=0 host_hist=0/0/0/0/0/0/19/11 pub_hist=30/0/0/0/0/0/0/0
DRAWTRACE f=7020 draws=0 verts=0 vp=289x217 | render=0.0ms logic=8.0ms (clear=0.0ms x0) capture=0.0ms frame=8.0ms nonTRI=0
BLITPROF f=7020 draws=6 tris=66 culled=0 | raster=1.0 clear=0.1 texup=0.0 present=0.0 logic=6.8 ms
MFSUBMIT n=7020 wait_ms[avg=16.56] fabric_ms[frame=6.08 tri=3.97 texwait=0.03 dpath=3.93 ovhd=2.11] cov_px=63620 cov_px_est=63620 est_ratio=1.00 overdraw=1.02 cyc_px=6.1 cov_src=exact spin_avg=0 to=0
MFSEAM n=30 period=16.65 host=16.56 block=0.09 pub=0.00 notice=0.00 blocked=0% suspect=0 incomplete=0 host_hist=0/0/0/0/0/0/18/12 pub_hist=30/0/0/0/0/0/0/0
DRAWTRACE f=7050 draws=0 verts=0 vp=289x217 | render=0.0ms logic=16.6ms (clear=0.0ms x0) capture=0.1ms frame=16.6ms nonTRI=0
BLITPROF f=7050 draws=6 tris=66 culled=0 | raster=0.5 clear=0.0 texup=0.0 present=0.0 logic=16.1 ms
MFSUBMIT n=7050 wait_ms[avg=16.57] fabric_ms[frame=6.08 tri=3.97 texwait=0.03 dpath=3.93 ovhd=2.11] cov_px=63620 cov_px_est=63620 est_ratio=1.00 overdraw=1.02 cyc_px=6.1 cov_src=exact spin_avg=0 to=0
MFSEAM n=30 period=16.72 host=16.57 block=0.15 pub=0.00 notice=0.00 blocked=0% suspect=0 incomplete=0 host_hist=0/0/0/0/0/0/19/11 pub_hist=30/0/0/0/0/0/0/0
DRAWTRACE f=7080 draws=0 verts=0 vp=289x217 | render=0.0ms logic=18.6ms (clear=0.0ms x0) capture=0.1ms frame=18.6ms nonTRI=0
BLITPROF f=7080 draws=6 tris=66 culled=0 | raster=0.7 clear=0.0 texup=0.0 present=0.0 logic=17.9 ms
MFSUBMIT n=7080 wait_ms[avg=16.51] fabric_ms[frame=6.08 tri=3.97 texwait=0.03 dpath=3.93 ovhd=2.11] cov_px=63620 cov_px_est=63620 est_ratio=1.00 overdraw=1.02 cyc_px=6.1 cov_src=exact spin_avg=0 to=0
MFSEAM n=30 period=16.64 host=16.51 block=0.13 pub=0.00 notice=0.00 blocked=0% suspect=0 incomplete=0 host_hist=0/0/0/0/0/0/16/14 pub_hist=30/0/0/0/0/0/0/0
DRAWTRACE f=7110 draws=0 verts=0 vp=289x217 | render=0.0ms logic=4.5ms (clear=0.0ms x0) capture=0.0ms frame=4.5ms nonTRI=0
BLITPROF f=7110 draws=6 tris=66 culled=0 | raster=0.5 clear=0.0 texup=0.0 present=0.0 logic=3.9 ms
MFSUBMIT n=7110 wait_ms[avg=16.55] fabric_ms[frame=6.08 tri=3.97 texwait=0.03 dpath=3.93 ovhd=2.11] cov_px=63620 cov_px_est=63620 est_ratio=1.00 overdraw=1.02 cyc_px=6.1 cov_src=exact spin_avg=0 to=0
MFSEAM n=30 period=16.73 host=16.55 block=0.17 pub=0.00 notice=0.00 blocked=0% suspect=0 incomplete=0 host_hist=0/0/0/0/0/0/17/13 pub_hist=30/0/0/0/0/0/0/0
DRAWTRACE f=7140 draws=0 verts=0 vp=289x217 | render=0.0ms logic=3.7ms (clear=0.0ms x0) capture=0.1ms frame=3.7ms nonTRI=0
BLITPROF f=7140 draws=6 tris=66 culled=0 | raster=0.4 clear=0.0 texup=0.0 present=0.0 logic=3.2 ms
MFSUBMIT n=7140 wait_ms[avg=16.70] fabric_ms[frame=6.08 tri=3.97 texwait=0.03 dpath=3.93 ovhd=2.11] cov_px=63620 cov_px_est=63620 est_ratio=1.00 overdraw=1.02 cyc_px=6.1 cov_src=exact spin_avg=32 to=0
MFSEAM n=30 period=17.37 host=16.65 block=0.72 pub=0.00 notice=19.98 blocked=3% suspect=0 incomplete=0 host_hist=0/0/0/0/0/1/16/13 pub_hist=30/0/0/0/0/0/0/0
DRAWTRACE f=7170 draws=0 verts=0 vp=289x217 | render=0.0ms logic=7.0ms (clear=0.0ms x0) capture=0.1ms frame=7.0ms nonTRI=0
BLITPROF f=7170 draws=6 tris=66 culled=0 | raster=0.4 clear=0.0 texup=0.0 present=0.0 logic=6.6 ms
MFSUBMIT n=7170 wait_ms[avg=16.47] fabric_ms[frame=6.08 tri=3.97 texwait=0.03 dpath=3.93 ovhd=2.11] cov_px=63620 cov_px_est=63620 est_ratio=1.00 overdraw=1.02 cyc_px=6.1 cov_src=exact spin_avg=0 to=0
MFSEAM n=30 period=16.57 host=16.47 block=0.10 pub=0.00 notice=0.00 blocked=0% suspect=0 incomplete=0 host_hist=0/0/0/0/0/0/17/13 pub_hist=30/0/0/0/0/0/0/0
DRAWTRACE f=7200 draws=0 verts=0 vp=289x217 | render=0.0ms logic=6.3ms (clear=0.0ms x0) capture=0.0ms frame=6.3ms nonTRI=0
BLITPROF f=7200 draws=6 tris=66 culled=0 | raster=0.4 clear=0.0 texup=0.0 present=0.0 logic=5.8 ms
MFDUP frames=7200 dup_draws_elided=0 (+0 since last) crt_ghost_stripped=14400
MFSUBMIT n=7200 wait_ms[avg=16.57] fabric_ms[frame=6.08 tri=3.97 texwait=0.03 dpath=3.93 ovhd=2.11] cov_px=63620 cov_px_est=63620 est_ratio=1.00 overdraw=1.02 cyc_px=6.1 cov_src=exact spin_avg=0 to=0
MFSEAM n=30 period=16.71 host=16.57 block=0.14 pub=0.00 notice=0.00 blocked=0% suspect=0 incomplete=0 host_hist=0/0/0/0/0/0/17/13 pub_hist=30/0/0/0/0/0/0/0
DRAWTRACE f=7230 draws=0 verts=0 vp=289x217 | render=0.0ms logic=16.4ms (clear=0.0ms x0) capture=0.1ms frame=16.4ms nonTRI=0
BLITPROF f=7230 draws=6 tris=66 culled=0 | raster=0.4 clear=0.0 texup=0.0 present=0.0 logic=15.9 ms
MFSUBMIT n=7230 wait_ms[avg=16.60] fabric_ms[frame=6.08 tri=3.97 texwait=0.03 dpath=3.93 ovhd=2.11] cov_px=63620 cov_px_est=63620 est_ratio=1.00 overdraw=1.02 cyc_px=6.1 cov_src=exact spin_avg=0 to=0
MFSEAM n=30 period=16.76 host=16.60 block=0.16 pub=0.00 notice=0.00 blocked=0% suspect=0 incomplete=0 host_hist=0/0/0/0/0/0/16/14 pub_hist=30/0/0/0/0/0/0/0
DRAWTRACE f=7260 draws=0 verts=0 vp=289x217 | render=0.0ms logic=16.6ms (clear=0.0ms x0) capture=0.0ms frame=16.7ms nonTRI=0
BLITPROF f=7260 draws=6 tris=66 culled=0 | raster=0.4 clear=0.0 texup=0.0 present=0.0 logic=16.2 ms
MFSUBMIT n=7260 wait_ms[avg=16.44] fabric_ms[frame=6.08 tri=3.97 texwait=0.03 dpath=3.93 ovhd=2.11] cov_px=63620 cov_px_est=63620 est_ratio=1.00 overdraw=1.02 cyc_px=6.1 cov_src=exact spin_avg=0 to=0
MFSEAM n=30 period=16.60 host=16.44 block=0.16 pub=0.00 notice=0.00 blocked=0% suspect=0 incomplete=0 host_hist=0/0/0/0/0/0/17/13 pub_hist=30/0/0/0/0/0/0/0
DRAWTRACE f=7290 draws=0 verts=0 vp=289x217 | render=0.0ms logic=16.0ms (clear=0.0ms x0) capture=2.6ms frame=18.5ms nonTRI=0
BLITPROF f=7290 draws=6 tris=66 culled=0 | raster=2.5 clear=0.0 texup=0.0 present=0.0 logic=13.4 ms
MFSUBMIT n=7290 wait_ms[avg=16.81] fabric_ms[frame=6.08 tri=3.97 texwait=0.03 dpath=3.93 ovhd=2.11] cov_px=63620 cov_px_est=63620 est_ratio=1.00 overdraw=1.02 cyc_px=6.1 cov_src=exact spin_avg=0 to=0
MFSEAM n=30 period=16.98 host=16.81 block=0.17 pub=0.00 notice=0.00 blocked=0% suspect=0 incomplete=0 host_hist=0/0/0/0/0/0/17/13 pub_hist=30/0/0/0/0/0/0/0
DRAWTRACE f=7320 draws=0 verts=0 vp=289x217 | render=0.0ms logic=13.0ms (clear=0.0ms x0) capture=0.1ms frame=13.0ms nonTRI=0
BLITPROF f=7320 draws=6 tris=66 culled=0 | raster=0.4 clear=0.0 texup=0.0 present=0.0 logic=12.5 ms
MFSUBMIT n=7320 wait_ms[avg=16.61] fabric_ms[frame=6.07 tri=3.97 texwait=0.03 dpath=3.93 ovhd=2.11] cov_px=63620 cov_px_est=63620 est_ratio=1.00 overdraw=1.02 cyc_px=6.1 cov_src=exact spin_avg=0 to=0
MFSEAM n=30 period=16.72 host=16.61 block=0.11 pub=0.00 notice=0.00 blocked=0% suspect=0 incomplete=0 host_hist=0/0/0/0/0/0/20/10 pub_hist=30/0/0/0/0/0/0/0
DRAWTRACE f=7350 draws=0 verts=0 vp=289x217 | render=0.0ms logic=16.4ms (clear=0.0ms x0) capture=0.1ms frame=16.5ms nonTRI=0
BLITPROF f=7350 draws=6 tris=66 culled=0 | raster=0.4 clear=0.0 texup=0.0 present=0.0 logic=16.0 ms
MFSUBMIT n=7350 wait_ms[avg=16.67] fabric_ms[frame=6.08 tri=3.97 texwait=0.03 dpath=3.93 ovhd=2.11] cov_px=63620 cov_px_est=63620 est_ratio=1.00 overdraw=1.02 cyc_px=6.1 cov_src=exact spin_avg=0 to=0
MFSEAM n=30 period=16.82 host=16.67 block=0.15 pub=0.00 notice=0.00 blocked=0% suspect=0 incomplete=0 host_hist=0/0/0/0/0/0/15/15 pub_hist=30/0/0/0/0/0/0/0
DRAWTRACE f=7380 draws=0 verts=0 vp=289x217 | render=0.0ms logic=16.4ms (clear=0.0ms x0) capture=0.1ms frame=16.5ms nonTRI=0
BLITPROF f=7380 draws=6 tris=66 culled=0 | raster=0.4 clear=0.0 texup=0.0 present=0.0 logic=16.0 ms
MFSUBMIT n=7380 wait_ms[avg=16.37] fabric_ms[frame=6.08 tri=3.97 texwait=0.03 dpath=3.93 ovhd=2.11] cov_px=63620 cov_px_est=63620 est_ratio=1.00 overdraw=1.02 cyc_px=6.1 cov_src=exact spin_avg=0 to=0
MFSEAM n=30 period=16.54 host=16.37 block=0.17 pub=0.00 notice=0.00 blocked=0% suspect=0 incomplete=0 host_hist=0/0/0/0/0/0/22/8 pub_hist=30/0/0/0/0/0/0/0
DRAWTRACE f=7410 draws=0 verts=0 vp=289x217 | render=0.0ms logic=14.0ms (clear=0.0ms x0) capture=0.0ms frame=14.0ms nonTRI=0
BLITPROF f=7410 draws=6 tris=66 culled=0 | raster=0.4 clear=0.0 texup=0.0 present=0.0 logic=13.5 ms
MFSUBMIT n=7410 wait_ms[avg=16.53] fabric_ms[frame=6.07 tri=3.97 texwait=0.03 dpath=3.93 ovhd=2.10] cov_px=63620 cov_px_est=63620 est_ratio=1.00 overdraw=1.02 cyc_px=6.1 cov_src=exact spin_avg=0 to=0
MFSEAM n=30 period=16.67 host=16.53 block=0.14 pub=0.00 notice=0.00 blocked=0% suspect=0 incomplete=0 host_hist=0/0/0/0/0/0/20/10 pub_hist=30/0/0/0/0/0/0/0
DRAWTRACE f=7440 draws=0 verts=0 vp=289x217 | render=0.0ms logic=13.3ms (clear=0.0ms x0) capture=0.0ms frame=13.3ms nonTRI=0
BLITPROF f=7440 draws=6 tris=66 culled=0 | raster=0.5 clear=0.0 texup=0.0 present=0.0 logic=12.8 ms
MFSUBMIT n=7440 wait_ms[avg=16.50] fabric_ms[frame=6.08 tri=3.97 texwait=0.03 dpath=3.93 ovhd=2.11] cov_px=63620 cov_px_est=63620 est_ratio=1.00 overdraw=1.02 cyc_px=6.1 cov_src=exact spin_avg=0 to=0
MFSEAM n=30 period=16.65 host=16.49 block=0.15 pub=0.00 notice=0.00 blocked=0% suspect=0 incomplete=0 host_hist=0/0/0/0/0/0/19/11 pub_hist=30/0/0/0/0/0/0/0
DRAWTRACE f=7470 draws=0 verts=0 vp=289x217 | render=0.0ms logic=16.7ms (clear=0.0ms x0) capture=0.0ms frame=16.8ms nonTRI=0
BLITPROF f=7470 draws=6 tris=66 culled=0 | raster=0.4 clear=0.0 texup=0.0 present=0.0 logic=16.3 ms
MFSUBMIT n=7470 wait_ms[avg=16.51] fabric_ms[frame=6.08 tri=3.97 texwait=0.03 dpath=3.93 ovhd=2.11] cov_px=63620 cov_px_est=63620 est_ratio=1.00 overdraw=1.02 cyc_px=6.1 cov_src=exact spin_avg=0 to=0
MFSEAM n=30 period=16.78 host=16.51 block=0.27 pub=0.00 notice=0.00 blocked=0% suspect=0 incomplete=0 host_hist=0/0/0/0/0/0/21/9 pub_hist=30/0/0/0/0/0/0/0
DRAWTRACE f=7500 draws=0 verts=0 vp=289x217 | render=0.0ms logic=13.9ms (clear=0.0ms x0) capture=0.1ms frame=13.9ms nonTRI=0
BLITPROF f=7500 draws=6 tris=66 culled=0 | raster=0.4 clear=0.1 texup=0.0 present=0.0 logic=13.4 ms
MFDUP frames=7500 dup_draws_elided=0 (+0 since last) crt_ghost_stripped=15000
MFSUBMIT n=7500 wait_ms[avg=16.40] fabric_ms[frame=6.08 tri=3.97 texwait=0.03 dpath=3.93 ovhd=2.11] cov_px=63620 cov_px_est=63620 est_ratio=1.00 overdraw=1.02 cyc_px=6.1 cov_src=exact spin_avg=0 to=0
MFSEAM n=30 period=16.50 host=16.40 block=0.10 pub=0.00 notice=0.00 blocked=0% suspect=0 incomplete=0 host_hist=0/0/0/0/0/0/20/10 pub_hist=30/0/0/0/0/0/0/0
DRAWTRACE f=7530 draws=0 verts=0 vp=289x217 | render=0.0ms logic=11.1ms (clear=0.0ms x0) capture=0.1ms frame=11.2ms nonTRI=0
BLITPROF f=7530 draws=6 tris=66 culled=0 | raster=0.4 clear=0.0 texup=0.0 present=0.0 logic=10.7 ms
MFSUBMIT n=7530 wait_ms[avg=16.56] fabric_ms[frame=6.08 tri=3.97 texwait=0.03 dpath=3.93 ovhd=2.11] cov_px=63620 cov_px_est=63620 est_ratio=1.00 overdraw=1.02 cyc_px=6.1 cov_src=exact spin_avg=0 to=0
MFSEAM n=30 period=16.67 host=16.56 block=0.10 pub=0.00 notice=0.00 blocked=0% suspect=0 incomplete=0 host_hist=0/0/0/0/0/0/19/11 pub_hist=30/0/0/0/0/0/0/0
DRAWTRACE f=7560 draws=0 verts=0 vp=289x217 | render=0.0ms logic=10.8ms (clear=0.0ms x0) capture=0.0ms frame=10.9ms nonTRI=0
BLITPROF f=7560 draws=6 tris=66 culled=0 | raster=0.4 clear=0.7 texup=0.0 present=0.0 logic=9.7 ms
MFSUBMIT n=7560 wait_ms[avg=17.37] fabric_ms[frame=9.08 tri=6.80 texwait=0.61 dpath=6.19 ovhd=2.28] cov_px=100521 cov_px_est=100521 est_ratio=1.00 overdraw=1.62 cyc_px=6.1 cov_src=exact spin_avg=941 to=0
MFSEAM n=30 period=17.54 host=15.03 block=2.51 pub=0.00 notice=0.99 blocked=30% suspect=0 incomplete=0 host_hist=0/0/0/0/1/3/18/8 pub_hist=30/0/0/0/0/0/0/0
DRAWTRACE f=7590 draws=0 verts=0 vp=289x217 | render=0.0ms logic=17.1ms (clear=0.0ms x0) capture=0.1ms frame=17.1ms nonTRI=0
BLITPROF f=7590 draws=4 tris=8 culled=0 | raster=0.1 clear=0.0 texup=0.0 present=0.0 logic=17.0 ms
MFSUBMIT n=7590 wait_ms[avg=16.33] fabric_ms[frame=11.75 tri=9.73 texwait=1.20 dpath=8.52 ovhd=2.03] cov_px=138931 cov_px_est=138931 est_ratio=1.00 overdraw=2.23 cyc_px=6.0 cov_src=exact spin_avg=856 to=0
MFSEAM n=30 period=16.50 host=15.07 block=1.42 pub=0.00 notice=0.28 blocked=23% suspect=0 incomplete=0 host_hist=0/0/0/0/0/1/19/10 pub_hist=30/0/0/0/0/0/0/0
DRAWTRACE f=7620 draws=0 verts=0 vp=289x217 | render=0.0ms logic=16.6ms (clear=0.0ms x0) capture=0.1ms frame=16.6ms nonTRI=0
BLITPROF f=7620 draws=4 tris=8 culled=0 | raster=0.1 clear=0.0 texup=0.0 present=0.0 logic=16.5 ms
MFSUBMIT n=7620 wait_ms[avg=16.50] fabric_ms[frame=10.63 tri=8.60 texwait=0.98 dpath=7.63 ovhd=2.03] cov_px=124416 cov_px_est=124416 est_ratio=1.00 overdraw=2.00 cyc_px=6.0 cov_src=exact spin_avg=0 to=0
MFSEAM n=30 period=16.66 host=16.50 block=0.16 pub=0.00 notice=0.00 blocked=0% suspect=0 incomplete=0 host_hist=0/0/0/0/0/0/15/15 pub_hist=30/0/0/0/0/0/0/0
DRAWTRACE f=7650 draws=0 verts=0 vp=289x217 | render=0.0ms logic=10.9ms (clear=0.0ms x0) capture=0.1ms frame=11.0ms nonTRI=0
BLITPROF f=7650 draws=5 tris=10 culled=0 | raster=0.1 clear=0.0 texup=0.0 present=0.0 logic=10.8 ms
MFSUBMIT n=7650 wait_ms[avg=16.50] fabric_ms[frame=10.79 tri=8.74 texwait=1.01 dpath=7.73 ovhd=2.04] cov_px=126126 cov_px_est=126126 est_ratio=1.00 overdraw=2.03 cyc_px=6.0 cov_src=exact spin_avg=0 to=0
MFSEAM n=30 period=16.60 host=16.50 block=0.09 pub=0.00 notice=0.00 blocked=0% suspect=0 incomplete=0 host_hist=0/0/0/0/0/0/16/14 pub_hist=30/0/0/0/0/0/0/0
DRAWTRACE f=7680 draws=0 verts=0 vp=289x217 | render=0.0ms logic=17.7ms (clear=0.0ms x0) capture=0.1ms frame=17.8ms nonTRI=0
BLITPROF f=7680 draws=7 tris=128 culled=0 | raster=6.7 clear=0.0 texup=0.0 present=0.0 logic=10.9 ms
MFSUBMIT n=7680 wait_ms[avg=16.61] fabric_ms[frame=11.65 tri=8.95 texwait=1.05 dpath=7.90 ovhd=2.71] cov_px=127367 cov_px_est=127367 est_ratio=1.00 overdraw=2.05 cyc_px=6.1 cov_src=exact spin_avg=427 to=0
MFSEAM n=30 period=16.73 host=16.01 block=0.71 pub=0.00 notice=0.09 blocked=13% suspect=0 incomplete=0 host_hist=0/0/0/0/0/0/21/9 pub_hist=30/0/0/0/0/0/0/0
DRAWTRACE f=7710 draws=0 verts=0 vp=289x217 | render=0.0ms logic=13.5ms (clear=0.0ms x0) capture=0.1ms frame=13.5ms nonTRI=0
BLITPROF f=7710 draws=7 tris=128 culled=0 | raster=2.0 clear=0.0 texup=0.0 present=0.0 logic=11.5 ms
MFSUBMIT n=7710 wait_ms[avg=16.55] fabric_ms[frame=11.35 tri=8.97 texwait=1.05 dpath=7.91 ovhd=2.38] cov_px=127350 cov_px_est=127350 est_ratio=1.00 overdraw=2.05 cyc_px=6.1 cov_src=exact spin_avg=162 to=0
MFSEAM n=30 period=16.74 host=16.30 block=0.44 pub=0.00 notice=0.42 blocked=7% suspect=0 incomplete=0 host_hist=0/0/0/0/0/0/19/11 pub_hist=30/0/0/0/0/0/0/0
DRAWTRACE f=7740 draws=0 verts=0 vp=289x217 | render=0.0ms logic=16.6ms (clear=0.0ms x0) capture=0.0ms frame=16.6ms nonTRI=0
BLITPROF f=7740 draws=7 tris=148 culled=0 | raster=0.9 clear=0.0 texup=0.0 present=0.0 logic=15.6 ms
MFSUBMIT n=7740 wait_ms[avg=16.47] fabric_ms[frame=11.21 tri=9.00 texwait=1.06 dpath=7.94 ovhd=2.21] cov_px=127600 cov_px_est=127600 est_ratio=1.00 overdraw=2.05 cyc_px=6.1 cov_src=exact spin_avg=0 to=0
MFSEAM n=30 period=16.60 host=16.47 block=0.13 pub=0.00 notice=0.00 blocked=0% suspect=0 incomplete=0 host_hist=0/0/0/0/0/0/23/7 pub_hist=30/0/0/0/0/0/0/0
DRAWTRACE f=7770 draws=0 verts=0 vp=289x217 | render=0.0ms logic=14.5ms (clear=0.0ms x0) capture=0.0ms frame=14.5ms nonTRI=0
BLITPROF f=7770 draws=7 tris=130 culled=0 | raster=0.7 clear=0.0 texup=0.0 present=0.0 logic=13.8 ms
MFSUBMIT n=7770 wait_ms[avg=16.63] fabric_ms[frame=11.18 tri=8.97 texwait=1.06 dpath=7.92 ovhd=2.21] cov_px=127398 cov_px_est=127398 est_ratio=1.00 overdraw=2.05 cyc_px=6.1 cov_src=exact spin_avg=0 to=0
MFSEAM n=30 period=16.78 host=16.62 block=0.15 pub=0.00 notice=0.00 blocked=0% suspect=0 incomplete=0 host_hist=0/0/0/0/0/0/18/12 pub_hist=30/0/0/0/0/0/0/0
DRAWTRACE f=7800 draws=0 verts=0 vp=289x217 | render=0.0ms logic=10.3ms (clear=0.0ms x0) capture=0.1ms frame=10.4ms nonTRI=0
BLITPROF f=7800 draws=8 tris=148 culled=0 | raster=0.9 clear=0.0 texup=0.0 present=0.0 logic=9.3 ms
MFDUP frames=7800 dup_draws_elided=0 (+0 since last) crt_ghost_stripped=15600
MFSUBMIT n=7800 wait_ms[avg=16.46] fabric_ms[frame=11.21 tri=9.00 texwait=1.06 dpath=7.94 ovhd=2.21] cov_px=127603 cov_px_est=127603 est_ratio=1.00 overdraw=2.05 cyc_px=6.1 cov_src=exact spin_avg=5 to=0
MFSEAM n=30 period=16.62 host=16.45 block=0.16 pub=0.00 notice=0.02 blocked=3% suspect=0 incomplete=0 host_hist=0/0/0/0/0/0/17/13 pub_hist=30/0/0/0/0/0/0/0
DRAWTRACE f=7830 draws=0 verts=0 vp=289x217 | render=0.0ms logic=16.6ms (clear=0.0ms x0) capture=0.0ms frame=16.6ms nonTRI=0
BLITPROF f=7830 draws=7 tris=128 culled=0 | raster=0.8 clear=0.1 texup=0.0 present=0.0 logic=15.7 ms
MFSUBMIT n=7830 wait_ms[avg=16.52] fabric_ms[frame=11.17 tri=8.97 texwait=1.05 dpath=7.91 ovhd=2.20] cov_px=127348 cov_px_est=127348 est_ratio=1.00 overdraw=2.05 cyc_px=6.1 cov_src=exact spin_avg=0 to=0
MFSEAM n=30 period=16.67 host=16.52 block=0.15 pub=0.00 notice=0.00 blocked=0% suspect=0 incomplete=0 host_hist=0/0/0/0/0/0/15/15 pub_hist=30/0/0/0/0/0/0/0
DRAWTRACE f=7860 draws=0 verts=0 vp=289x217 | render=0.0ms logic=16.2ms (clear=0.0ms x0) capture=0.1ms frame=16.4ms nonTRI=0
BLITPROF f=7860 draws=7 tris=146 culled=0 | raster=0.9 clear=0.0 texup=0.0 present=0.0 logic=15.3 ms
MFSUBMIT n=7860 wait_ms[avg=16.51] fabric_ms[frame=11.20 tri=8.99 texwait=1.06 dpath=7.93 ovhd=2.22] cov_px=127537 cov_px_est=127537 est_ratio=1.00 overdraw=2.05 cyc_px=6.1 cov_src=exact spin_avg=33 to=0
MFSEAM n=30 period=16.60 host=16.46 block=0.14 pub=0.00 notice=0.01 blocked=3% suspect=0 incomplete=0 host_hist=0/0/0/0/0/0/18/12 pub_hist=30/0/0/0/0/0/0/0
DRAWTRACE f=7890 draws=0 verts=0 vp=289x217 | render=0.0ms logic=8.0ms (clear=0.0ms x0) capture=0.0ms frame=8.0ms nonTRI=0
BLITPROF f=7890 draws=7 tris=128 culled=0 | raster=0.8 clear=0.0 texup=0.0 present=0.0 logic=7.1 ms
MFSUBMIT n=7890 wait_ms[avg=16.60] fabric_ms[frame=11.17 tri=8.96 texwait=1.05 dpath=7.91 ovhd=2.20] cov_px=127335 cov_px_est=127335 est_ratio=1.00 overdraw=2.05 cyc_px=6.1 cov_src=exact spin_avg=17 to=0
MFSEAM n=30 period=16.77 host=16.54 block=0.23 pub=0.00 notice=0.01 blocked=3% suspect=0 incomplete=0 host_hist=0/0/0/0/0/0/18/12 pub_hist=30/0/0/0/0/0/0/0
DRAWTRACE f=7920 draws=0 verts=0 vp=289x217 | render=0.0ms logic=12.5ms (clear=0.0ms x0) capture=0.0ms frame=12.5ms nonTRI=0
BLITPROF f=7920 draws=7 tris=146 culled=0 | raster=0.8 clear=0.0 texup=0.0 present=0.0 logic=11.6 ms
MFSUBMIT n=7920 wait_ms[avg=16.54] fabric_ms[frame=11.20 tri=8.99 texwait=1.06 dpath=7.93 ovhd=2.21] cov_px=127537 cov_px_est=127537 est_ratio=1.00 overdraw=2.05 cyc_px=6.1 cov_src=exact spin_avg=0 to=0
MFSEAM n=30 period=16.71 host=16.54 block=0.16 pub=0.00 notice=0.00 blocked=0% suspect=0 incomplete=0 host_hist=0/0/0/0/0/0/18/12 pub_hist=30/0/0/0/0/0/0/0
DRAWTRACE f=7950 draws=0 verts=0 vp=289x217 | render=0.0ms logic=16.6ms (clear=0.0ms x0) capture=0.1ms frame=16.7ms nonTRI=0
BLITPROF f=7950 draws=7 tris=128 culled=0 | raster=0.8 clear=0.0 texup=0.0 present=0.0 logic=15.8 ms
MFSUBMIT n=7950 wait_ms[avg=16.50] fabric_ms[frame=11.17 tri=8.96 texwait=1.05 dpath=7.91 ovhd=2.20] cov_px=127335 cov_px_est=127335 est_ratio=1.00 overdraw=2.05 cyc_px=6.1 cov_src=exact spin_avg=0 to=0
MFSEAM n=30 period=16.66 host=16.49 block=0.16 pub=0.00 notice=0.00 blocked=0% suspect=0 incomplete=0 host_hist=0/0/0/0/0/0/18/12 pub_hist=30/0/0/0/0/0/0/0
DRAWTRACE f=7980 draws=0 verts=0 vp=289x217 | render=0.0ms logic=14.9ms (clear=0.0ms x0) capture=0.0ms frame=15.0ms nonTRI=0
BLITPROF f=7980 draws=7 tris=146 culled=0 | raster=0.9 clear=0.0 texup=0.0 present=0.0 logic=13.9 ms
MFSUBMIT n=7980 wait_ms[avg=16.51] fabric_ms[frame=11.20 tri=8.99 texwait=1.06 dpath=7.93 ovhd=2.22] cov_px=127537 cov_px_est=127537 est_ratio=1.00 overdraw=2.05 cyc_px=6.1 cov_src=exact spin_avg=44 to=0
MFSEAM n=30 period=16.60 host=16.40 block=0.19 pub=0.00 notice=0.01 blocked=3% suspect=0 incomplete=0 host_hist=0/0/0/0/0/0/17/13 pub_hist=30/0/0/0/0/0/0/0
DRAWTRACE f=8010 draws=0 verts=0 vp=289x217 | render=0.0ms logic=7.2ms (clear=0.0ms x0) capture=0.1ms frame=7.2ms nonTRI=0
BLITPROF f=8010 draws=7 tris=128 culled=0 | raster=0.8 clear=0.0 texup=0.0 present=0.0 logic=6.4 ms
MFSUBMIT n=8010 wait_ms[avg=16.57] fabric_ms[frame=11.17 tri=8.96 texwait=1.05 dpath=7.91 ovhd=2.20] cov_px=127335 cov_px_est=127335 est_ratio=1.00 overdraw=2.05 cyc_px=6.1 cov_src=exact spin_avg=0 to=0
MFSEAM n=30 period=16.67 host=16.57 block=0.09 pub=0.00 notice=0.00 blocked=0% suspect=0 incomplete=0 host_hist=0/0/0/0/0/0/16/14 pub_hist=30/0/0/0/0/0/0/0
DRAWTRACE f=8040 draws=0 verts=0 vp=289x217 | render=0.0ms logic=9.3ms (clear=0.0ms x0) capture=0.0ms frame=9.3ms nonTRI=0
BLITPROF f=8040 draws=7 tris=146 culled=0 | raster=0.8 clear=0.0 texup=0.0 present=0.0 logic=8.5 ms
MFSUBMIT n=8040 wait_ms[avg=16.77] fabric_ms[frame=11.20 tri=8.99 texwait=1.06 dpath=7.93 ovhd=2.22] cov_px=127537 cov_px_est=127537 est_ratio=1.00 overdraw=2.05 cyc_px=6.1 cov_src=exact spin_avg=0 to=0
MFSEAM n=30 period=16.94 host=16.77 block=0.17 pub=0.00 notice=0.00 blocked=0% suspect=0 incomplete=0 host_hist=0/0/0/0/0/0/18/12 pub_hist=30/0/0/0/0/0/0/0
DRAWTRACE f=8070 draws=0 verts=0 vp=289x217 | render=0.0ms logic=16.7ms (clear=0.0ms x0) capture=0.1ms frame=16.7ms nonTRI=0
BLITPROF f=8070 draws=7 tris=128 culled=0 | raster=0.7 clear=0.0 texup=0.0 present=0.0 logic=15.9 ms
MFSUBMIT n=8070 wait_ms[avg=16.33] fabric_ms[frame=11.16 tri=8.96 texwait=1.05 dpath=7.91 ovhd=2.20] cov_px=127335 cov_px_est=127335 est_ratio=1.00 overdraw=2.05 cyc_px=6.1 cov_src=exact spin_avg=83 to=0
MFSEAM n=30 period=16.47 host=16.21 block=0.26 pub=0.00 notice=0.01 blocked=3% suspect=0 incomplete=0 host_hist=0/0/0/0/0/1/18/11 pub_hist=30/0/0/0/0/0/0/0
DRAWTRACE f=8100 draws=0 verts=0 vp=289x217 | render=0.0ms logic=16.6ms (clear=0.0ms x0) capture=0.1ms frame=16.7ms nonTRI=0
BLITPROF f=8100 draws=7 tris=146 culled=0 | raster=0.9 clear=0.0 texup=0.0 present=0.0 logic=15.7 ms
MFDUP frames=8100 dup_draws_elided=0 (+0 since last) crt_ghost_stripped=16200
MFSUBMIT n=8100 wait_ms[avg=16.70] fabric_ms[frame=11.20 tri=8.99 texwait=1.06 dpath=7.93 ovhd=2.21] cov_px=127537 cov_px_est=127537 est_ratio=1.00 overdraw=2.05 cyc_px=6.1 cov_src=exact spin_avg=8 to=0
MFSEAM n=30 period=16.89 host=16.68 block=0.21 pub=0.00 notice=0.01 blocked=3% suspect=0 incomplete=0 host_hist=0/0/0/0/0/0/18/12 pub_hist=30/0/0/0/0/0/0/0
DRAWTRACE f=8130 draws=0 verts=0 vp=289x217 | render=0.0ms logic=7.1ms (clear=0.0ms x0) capture=0.0ms frame=7.2ms nonTRI=0
BLITPROF f=8130 draws=7 tris=128 culled=0 | raster=0.8 clear=0.0 texup=0.0 present=0.0 logic=6.3 ms
MFSUBMIT n=8130 wait_ms[avg=16.38] fabric_ms[frame=11.17 tri=8.96 texwait=1.05 dpath=7.91 ovhd=2.20] cov_px=127335 cov_px_est=127335 est_ratio=1.00 overdraw=2.05 cyc_px=6.1 cov_src=exact spin_avg=71 to=0
MFSEAM n=30 period=16.53 host=16.22 block=0.31 pub=0.00 notice=1.57 blocked=3% suspect=0 incomplete=0 host_hist=0/0/0/0/0/0/19/11 pub_hist=30/0/0/0/0/0/0/0
DRAWTRACE f=8160 draws=0 verts=0 vp=289x217 | render=0.0ms logic=7.0ms (clear=0.0ms x0) capture=0.1ms frame=7.0ms nonTRI=0
BLITPROF f=8160 draws=7 tris=146 culled=0 | raster=0.8 clear=0.0 texup=0.0 present=0.0 logic=6.1 ms
MFSUBMIT n=8160 wait_ms[avg=16.50] fabric_ms[frame=11.20 tri=8.99 texwait=1.06 dpath=7.93 ovhd=2.21] cov_px=127537 cov_px_est=127537 est_ratio=1.00 overdraw=2.05 cyc_px=6.1 cov_src=exact spin_avg=0 to=0
MFSEAM n=30 period=16.59 host=16.49 block=0.10 pub=0.00 notice=0.00 blocked=0% suspect=0 incomplete=0 host_hist=0/0/0/0/0/0/16/14 pub_hist=30/0/0/0/0/0/0/0
DRAWTRACE f=8190 draws=0 verts=0 vp=289x217 | render=0.0ms logic=10.3ms (clear=0.0ms x0) capture=1.3ms frame=11.5ms nonTRI=0
BLITPROF f=8190 draws=7 tris=128 culled=0 | raster=1.2 clear=0.0 texup=0.0 present=0.0 logic=9.1 ms
MFSUBMIT n=8190 wait_ms[avg=16.60] fabric_ms[frame=11.17 tri=8.96 texwait=1.05 dpath=7.91 ovhd=2.21] cov_px=127335 cov_px_est=127335 est_ratio=1.00 overdraw=2.05 cyc_px=6.1 cov_src=exact spin_avg=0 to=0
MFSEAM n=30 period=16.71 host=16.59 block=0.11 pub=0.00 notice=0.00 blocked=0% suspect=0 incomplete=0 host_hist=0/0/0/0/0/0/16/14 pub_hist=30/0/0/0/0/0/0/0
DRAWTRACE f=8220 draws=0 verts=0 vp=289x217 | render=0.0ms logic=16.4ms (clear=0.0ms x0) capture=0.1ms frame=16.5ms nonTRI=0
BLITPROF f=8220 draws=7 tris=146 culled=0 | raster=1.5 clear=0.0 texup=0.0 present=0.0 logic=14.9 ms
MFSUBMIT n=8220 wait_ms[avg=16.52] fabric_ms[frame=11.20 tri=8.99 texwait=1.06 dpath=7.93 ovhd=2.21] cov_px=127537 cov_px_est=127537 est_ratio=1.00 overdraw=2.05 cyc_px=6.1 cov_src=exact spin_avg=0 to=0
MFSEAM n=30 period=16.67 host=16.52 block=0.15 pub=0.00 notice=0.00 blocked=0% suspect=0 incomplete=0 host_hist=0/0/0/0/0/0/21/9 pub_hist=30/0/0/0/0/0/0/0
DRAWTRACE f=8250 draws=0 verts=0 vp=289x217 | render=0.0ms logic=10.0ms (clear=0.0ms x0) capture=0.1ms frame=10.1ms nonTRI=0
BLITPROF f=8250 draws=7 tris=128 culled=0 | raster=0.7 clear=0.0 texup=0.0 present=0.0 logic=9.3 ms
MFSUBMIT n=8250 wait_ms[avg=16.90] fabric_ms[frame=11.17 tri=8.96 texwait=1.05 dpath=7.91 ovhd=2.20] cov_px=127335 cov_px_est=127335 est_ratio=1.00 overdraw=2.05 cyc_px=6.1 cov_src=exact spin_avg=0 to=0
MFSEAM n=30 period=17.09 host=16.90 block=0.18 pub=0.01 notice=0.00 blocked=0% suspect=0 incomplete=0 host_hist=0/0/0/0/0/0/17/13 pub_hist=30/0/0/0/0/0/0/0
DRAWTRACE f=8280 draws=0 verts=0 vp=289x217 | render=0.0ms logic=12.5ms (clear=0.0ms x0) capture=0.0ms frame=12.5ms nonTRI=0
BLITPROF f=8280 draws=7 tris=146 culled=0 | raster=0.8 clear=0.0 texup=0.0 present=0.0 logic=11.7 ms
MFSUBMIT n=8280 wait_ms[avg=16.39] fabric_ms[frame=11.20 tri=8.99 texwait=1.06 dpath=7.93 ovhd=2.21] cov_px=127537 cov_px_est=127537 est_ratio=1.00 overdraw=2.05 cyc_px=6.1 cov_src=exact spin_avg=27 to=0
MFSEAM n=30 period=16.56 host=16.30 block=0.25 pub=0.00 notice=0.06 blocked=3% suspect=0 incomplete=0 host_hist=0/0/0/0/0/0/20/10 pub_hist=30/0/0/0/0/0/0/0
DRAWTRACE f=8310 draws=0 verts=0 vp=289x217 | render=0.0ms logic=16.6ms (clear=0.0ms x0) capture=0.0ms frame=16.7ms nonTRI=0
BLITPROF f=8310 draws=7 tris=128 culled=0 | raster=0.7 clear=0.0 texup=0.0 present=0.0 logic=15.9 ms
MFSUBMIT n=8310 wait_ms[avg=16.51] fabric_ms[frame=11.16 tri=8.96 texwait=1.05 dpath=7.91 ovhd=2.20] cov_px=127335 cov_px_est=127335 est_ratio=1.00 overdraw=2.05 cyc_px=6.1 cov_src=exact spin_avg=0 to=0
MFSEAM n=30 period=16.89 host=16.50 block=0.39 pub=0.00 notice=0.00 blocked=0% suspect=0 incomplete=0 host_hist=0/0/0/0/0/0/18/12 pub_hist=30/0/0/0/0/0/0/0
DRAWTRACE f=8340 draws=0 verts=0 vp=289x217 | render=0.0ms logic=16.3ms (clear=0.0ms x0) capture=0.0ms frame=16.4ms nonTRI=0
BLITPROF f=8340 draws=7 tris=146 culled=0 | raster=0.8 clear=0.0 texup=0.0 present=0.0 logic=15.4 ms
MFSUBMIT n=8340 wait_ms[avg=16.28] fabric_ms[frame=11.20 tri=8.99 texwait=1.06 dpath=7.93 ovhd=2.21] cov_px=127537 cov_px_est=127537 est_ratio=1.00 overdraw=2.05 cyc_px=6.1 cov_src=exact spin_avg=193 to=0
MFSEAM n=30 period=16.38 host=16.00 block=0.37 pub=0.00 notice=0.12 blocked=10% suspect=0 incomplete=0 host_hist=0/0/0/0/0/1/14/15 pub_hist=30/0/0/0/0/0/0/0
DRAWTRACE f=8370 draws=0 verts=0 vp=289x217 | render=0.0ms logic=10.4ms (clear=0.0ms x0) capture=0.1ms frame=10.5ms nonTRI=0
BLITPROF f=8370 draws=7 tris=128 culled=0 | raster=0.8 clear=0.0 texup=0.0 present=0.0 logic=9.7 ms
MFSUBMIT n=8370 wait_ms[avg=16.59] fabric_ms[frame=11.16 tri=8.96 texwait=1.05 dpath=7.91 ovhd=2.20] cov_px=127335 cov_px_est=127335 est_ratio=1.00 overdraw=2.05 cyc_px=6.1 cov_src=exact spin_avg=0 to=0
MFSEAM n=30 period=16.74 host=16.59 block=0.15 pub=0.00 notice=0.00 blocked=0% suspect=0 incomplete=0 host_hist=0/0/0/0/0/0/16/14 pub_hist=30/0/0/0/0/0/0/0
DRAWTRACE f=8400 draws=0 verts=0 vp=289x217 | render=0.0ms logic=10.5ms (clear=0.0ms x0) capture=0.2ms frame=10.7ms nonTRI=0
BLITPROF f=8400 draws=7 tris=146 culled=0 | raster=0.8 clear=0.0 texup=0.0 present=0.0 logic=9.7 ms
MFDUP frames=8400 dup_draws_elided=0 (+0 since last) crt_ghost_stripped=16800
MFSUBMIT n=8400 wait_ms[avg=16.49] fabric_ms[frame=11.21 tri=8.99 texwait=1.06 dpath=7.93 ovhd=2.22] cov_px=127537 cov_px_est=127537 est_ratio=1.00 overdraw=2.05 cyc_px=6.1 cov_src=exact spin_avg=124 to=0
MFSEAM n=30 period=16.65 host=16.32 block=0.33 pub=0.00 notice=0.11 blocked=10% suspect=0 incomplete=0 host_hist=0/0/0/0/0/1/17/12 pub_hist=30/0/0/0/0/0/0/0
DRAWTRACE f=8430 draws=0 verts=0 vp=289x217 | render=0.0ms logic=16.2ms (clear=0.0ms x0) capture=0.0ms frame=16.3ms nonTRI=0
BLITPROF f=8430 draws=7 tris=128 culled=0 | raster=0.8 clear=0.0 texup=0.0 present=0.0 logic=15.5 ms
MFSUBMIT n=8430 wait_ms[avg=16.51] fabric_ms[frame=11.17 tri=8.96 texwait=1.05 dpath=7.91 ovhd=2.20] cov_px=127335 cov_px_est=127335 est_ratio=1.00 overdraw=2.05 cyc_px=6.1 cov_src=exact spin_avg=0 to=0
MFSEAM n=30 period=16.69 host=16.51 block=0.18 pub=0.00 notice=0.00 blocked=0% suspect=0 incomplete=0 host_hist=0/0/0/0/0/0/19/11 pub_hist=30/0/0/0/0/0/0/0
DRAWTRACE f=8460 draws=0 verts=0 vp=289x217 | render=0.0ms logic=16.6ms (clear=0.0ms x0) capture=0.1ms frame=16.7ms nonTRI=0
BLITPROF f=8460 draws=7 tris=146 culled=0 | raster=1.0 clear=0.0 texup=0.0 present=0.0 logic=15.6 ms
MFSUBMIT n=8460 wait_ms[avg=18.82] fabric_ms[frame=13.92 tri=11.26 texwait=1.55 dpath=9.71 ovhd=2.67] cov_px=155921 cov_px_est=155921 est_ratio=1.00 overdraw=2.51 cyc_px=6.1 cov_src=exact spin_avg=2035 to=0
MFSEAM n=30 period=19.01 host=14.48 block=4.53 pub=0.00 notice=1.43 blocked=33% suspect=0 incomplete=0 host_hist=0/0/0/0/0/5/16/9 pub_hist=30/0/0/0/0/0/0/0
DRAWTRACE f=8490 draws=0 verts=0 vp=289x217 | render=0.0ms logic=16.5ms (clear=0.0ms x0) capture=0.0ms frame=16.6ms nonTRI=0
BLITPROF f=8490 draws=8 tris=250 culled=0 | raster=1.5 clear=0.0 texup=0.0 present=0.0 logic=14.9 ms
MFSUBMIT n=8490 wait_ms[avg=16.59] fabric_ms[frame=14.27 tri=11.91 texwait=1.73 dpath=10.18 ovhd=2.35] cov_px=162694 cov_px_est=162694 est_ratio=1.00 overdraw=2.62 cyc_px=6.2 cov_src=exact spin_avg=2001 to=0
MFSEAM n=30 period=16.68 host=13.87 block=2.81 pub=0.00 notice=0.27 blocked=40% suspect=0 incomplete=0 host_hist=0/0/0/0/0/4/19/7 pub_hist=30/0/0/0/0/0/0/0
DRAWTRACE f=8520 draws=0 verts=0 vp=289x217 | render=0.0ms logic=16.8ms (clear=0.0ms x0) capture=0.1ms frame=17.0ms nonTRI=0
BLITPROF f=8520 draws=8 tris=250 culled=0 | raster=1.5 clear=0.0 texup=0.0 present=0.0 logic=15.3 ms
MFSUBMIT n=8520 wait_ms[avg=16.89] fabric_ms[frame=13.31 tri=10.95 texwait=1.53 dpath=9.42 ovhd=2.36] cov_px=150252 cov_px_est=150252 est_ratio=1.00 overdraw=2.42 cyc_px=6.2 cov_src=exact spin_avg=278 to=0
MFSEAM n=30 period=17.06 host=16.50 block=0.56 pub=0.00 notice=1.13 blocked=17% suspect=0 incomplete=0 host_hist=0/0/0/0/0/1/15/14 pub_hist=30/0/0/0/0/0/0/0
DRAWTRACE f=8550 draws=0 verts=0 vp=289x217 | render=0.0ms logic=16.5ms (clear=0.0ms x0) capture=0.0ms frame=16.5ms nonTRI=0
BLITPROF f=8550 draws=8 tris=250 culled=0 | raster=1.4 clear=0.0 texup=0.0 present=0.0 logic=15.1 ms
MFSUBMIT n=8550 wait_ms[avg=16.38] fabric_ms[frame=13.31 tri=10.95 texwait=1.53 dpath=9.42 ovhd=2.36] cov_px=150252 cov_px_est=150252 est_ratio=1.00 overdraw=2.42 cyc_px=6.2 cov_src=exact spin_avg=397 to=0
MFSEAM n=30 period=16.53 host=15.85 block=0.68 pub=0.00 notice=0.21 blocked=17% suspect=0 incomplete=0 host_hist=0/0/0/0/0/0/22/8 pub_hist=30/0/0/0/0/0/0/0
DRAWTRACE f=8580 draws=0 verts=0 vp=289x217 | render=0.0ms logic=16.3ms (clear=0.0ms x0) capture=0.1ms frame=16.3ms nonTRI=0
BLITPROF f=8580 draws=8 tris=250 culled=0 | raster=1.4 clear=0.0 texup=0.0 present=0.0 logic=14.9 ms
MFSUBMIT n=8580 wait_ms[avg=16.54] fabric_ms[frame=13.31 tri=10.95 texwait=1.53 dpath=9.42 ovhd=2.36] cov_px=150252 cov_px_est=150252 est_ratio=1.00 overdraw=2.42 cyc_px=6.2 cov_src=exact spin_avg=131 to=0
MFSEAM n=30 period=16.70 host=16.36 block=0.34 pub=0.00 notice=0.01 blocked=13% suspect=0 incomplete=0 host_hist=0/0/0/0/0/0/17/13 pub_hist=30/0/0/0/0/0/0/0
DRAWTRACE f=8610 draws=0 verts=0 vp=289x217 | render=0.0ms logic=16.7ms (clear=0.0ms x0) capture=0.1ms frame=16.8ms nonTRI=0
BLITPROF f=8610 draws=8 tris=250 culled=0 | raster=1.6 clear=0.0 texup=0.0 present=0.0 logic=15.1 ms
MFSUBMIT n=8610 wait_ms[avg=16.50] fabric_ms[frame=13.31 tri=10.95 texwait=1.53 dpath=9.42 ovhd=2.36] cov_px=150252 cov_px_est=150252 est_ratio=1.00 overdraw=2.42 cyc_px=6.2 cov_src=exact spin_avg=155 to=0
MFSEAM n=30 period=16.65 host=16.27 block=0.38 pub=0.00 notice=0.09 blocked=13% suspect=0 incomplete=0 host_hist=0/0/0/0/0/0/18/12 pub_hist=30/0/0/0/0/0/0/0
DRAWTRACE f=8640 draws=0 verts=0 vp=289x217 | render=0.0ms logic=16.9ms (clear=0.0ms x0) capture=0.1ms frame=17.0ms nonTRI=0
BLITPROF f=8640 draws=8 tris=250 culled=0 | raster=1.7 clear=0.0 texup=0.0 present=0.0 logic=15.2 ms
MFSUBMIT n=8640 wait_ms[avg=16.57] fabric_ms[frame=13.31 tri=10.95 texwait=1.53 dpath=9.42 ovhd=2.36] cov_px=150252 cov_px_est=150252 est_ratio=1.00 overdraw=2.42 cyc_px=6.2 cov_src=exact spin_avg=59 to=0
MFSEAM n=30 period=16.85 host=16.49 block=0.36 pub=0.00 notice=0.01 blocked=7% suspect=0 incomplete=0 host_hist=0/0/0/0/0/0/16/14 pub_hist=30/0/0/0/0/0/0/0
DRAWTRACE f=8670 draws=0 verts=0 vp=289x217 | render=0.0ms logic=13.8ms (clear=0.0ms x0) capture=0.0ms frame=13.8ms nonTRI=0
BLITPROF f=8670 draws=8 tris=250 culled=0 | raster=2.5 clear=0.0 texup=0.0 present=0.0 logic=11.2 ms
MFSUBMIT n=8670 wait_ms[avg=16.36] fabric_ms[frame=13.32 tri=10.95 texwait=1.53 dpath=9.42 ovhd=2.37] cov_px=150252 cov_px_est=150252 est_ratio=1.00 overdraw=2.42 cyc_px=6.2 cov_src=exact spin_avg=272 to=0
MFSEAM n=30 period=16.47 host=15.80 block=0.67 pub=0.00 notice=0.15 blocked=23% suspect=0 incomplete=0 host_hist=0/0/0/0/0/1/18/11 pub_hist=30/0/0/0/0/0/0/0
DRAWTRACE f=8700 draws=0 verts=0 vp=289x217 | render=0.0ms logic=16.5ms (clear=0.0ms x0) capture=0.1ms frame=16.6ms nonTRI=0
BLITPROF f=8700 draws=8 tris=250 culled=0 | raster=1.4 clear=0.0 texup=0.0 present=0.0 logic=15.1 ms
MFDUP frames=8700 dup_draws_elided=0 (+0 since last) crt_ghost_stripped=17400
MFSUBMIT n=8700 wait_ms[avg=16.56] fabric_ms[frame=13.31 tri=10.95 texwait=1.53 dpath=9.42 ovhd=2.36] cov_px=150252 cov_px_est=150252 est_ratio=1.00 overdraw=2.42 cyc_px=6.2 cov_src=exact spin_avg=30 to=0
MFSEAM n=30 period=16.72 host=16.52 block=0.20 pub=0.00 notice=2.26 blocked=7% suspect=0 incomplete=0 host_hist=0/0/0/0/0/0/19/11 pub_hist=30/0/0/0/0/0/0/0
DRAWTRACE f=8730 draws=0 verts=0 vp=289x217 | render=0.0ms logic=16.6ms (clear=0.0ms x0) capture=0.0ms frame=16.7ms nonTRI=0
BLITPROF f=8730 draws=8 tris=250 culled=0 | raster=1.3 clear=0.0 texup=0.0 present=0.0 logic=15.2 ms
MFSUBMIT n=8730 wait_ms[avg=16.59] fabric_ms[frame=13.32 tri=10.95 texwait=1.53 dpath=9.42 ovhd=2.37] cov_px=150252 cov_px_est=150252 est_ratio=1.00 overdraw=2.42 cyc_px=6.2 cov_src=exact spin_avg=229 to=0
MFSEAM n=30 period=16.73 host=16.15 block=0.58 pub=0.00 notice=0.10 blocked=27% suspect=0 incomplete=0 host_hist=0/0/0/0/0/0/21/9 pub_hist=30/0/0/0/0/0/0/0
DRAWTRACE f=8760 draws=0 verts=0 vp=289x217 | render=0.0ms logic=16.5ms (clear=0.0ms x0) capture=0.0ms frame=16.5ms nonTRI=0
BLITPROF f=8760 draws=8 tris=250 culled=0 | raster=1.3 clear=0.0 texup=0.0 present=0.0 logic=15.2 ms
MFSUBMIT n=8760 wait_ms[avg=16.54] fabric_ms[frame=13.31 tri=10.95 texwait=1.54 dpath=9.42 ovhd=2.36] cov_px=150252 cov_px_est=150252 est_ratio=1.00 overdraw=2.42 cyc_px=6.2 cov_src=exact spin_avg=20 to=0
MFSEAM n=30 period=16.70 host=16.50 block=0.20 pub=0.00 notice=0.01 blocked=3% suspect=0 incomplete=0 host_hist=0/0/0/0/0/0/18/12 pub_hist=30/0/0/0/0/0/0/0
DRAWTRACE f=8790 draws=0 verts=0 vp=289x217 | render=0.0ms logic=16.0ms (clear=0.0ms x0) capture=0.1ms frame=16.1ms nonTRI=0
BLITPROF f=8790 draws=8 tris=250 culled=0 | raster=1.4 clear=0.0 texup=0.0 present=0.0 logic=14.6 ms
MFSUBMIT n=8790 wait_ms[avg=16.65] fabric_ms[frame=13.32 tri=10.95 texwait=1.53 dpath=9.42 ovhd=2.37] cov_px=150252 cov_px_est=150252 est_ratio=1.00 overdraw=2.42 cyc_px=6.2 cov_src=exact spin_avg=216 to=0
MFSEAM n=30 period=16.81 host=16.35 block=0.46 pub=0.00 notice=0.12 blocked=10% suspect=0 incomplete=0 host_hist=0/0/0/0/0/0/17/13 pub_hist=30/0/0/0/0/0/0/0
DRAWTRACE f=8820 draws=0 verts=0 vp=289x217 | render=0.0ms logic=17.0ms (clear=0.0ms x0) capture=0.1ms frame=17.0ms nonTRI=0
BLITPROF f=8820 draws=8 tris=250 culled=0 | raster=1.8 clear=0.1 texup=0.0 present=0.0 logic=15.1 ms
MFSUBMIT n=8820 wait_ms[avg=16.53] fabric_ms[frame=13.35 tri=10.99 texwait=1.54 dpath=9.45 ovhd=2.36] cov_px=150727 cov_px_est=150727 est_ratio=1.00 overdraw=2.42 cyc_px=6.2 cov_src=exact spin_avg=30 to=0
MFSEAM n=30 period=16.64 host=16.49 block=0.14 pub=0.00 notice=0.01 blocked=3% suspect=0 incomplete=0 host_hist=0/0/0/0/0/0/18/12 pub_hist=30/0/0/0/0/0/0/0
DRAWTRACE f=8850 draws=0 verts=0 vp=289x217 | render=0.0ms logic=16.3ms (clear=0.0ms x0) capture=0.0ms frame=16.4ms nonTRI=0
BLITPROF f=8850 draws=10 tris=280 culled=0 | raster=1.6 clear=0.1 texup=0.0 present=0.0 logic=14.7 ms
MFSUBMIT n=8850 wait_ms[avg=16.72] fabric_ms[frame=13.57 tri=11.17 texwait=1.58 dpath=9.58 ovhd=2.40] cov_px=152617 cov_px_est=152617 est_ratio=1.00 overdraw=2.45 cyc_px=6.2 cov_src=exact spin_avg=124 to=0
MFSEAM n=30 period=16.82 host=16.54 block=0.28 pub=0.00 notice=1.49 blocked=7% suspect=0 incomplete=0 host_hist=0/0/0/0/0/0/15/15 pub_hist=30/0/0/0/0/0/0/0
DRAWTRACE f=8880 draws=0 verts=0 vp=289x217 | render=0.0ms logic=16.4ms (clear=0.0ms x0) capture=0.1ms frame=16.4ms nonTRI=0
BLITPROF f=8880 draws=10 tris=304 culled=0 | raster=1.7 clear=0.0 texup=0.0 present=0.0 logic=14.7 ms
MFSUBMIT n=8880 wait_ms[avg=16.44] fabric_ms[frame=13.83 tri=11.40 texwait=1.63 dpath=9.76 ovhd=2.44] cov_px=155100 cov_px_est=155100 est_ratio=1.00 overdraw=2.49 cyc_px=6.2 cov_src=exact spin_avg=153 to=0
MFSEAM n=30 period=16.59 host=16.08 block=0.51 pub=0.00 notice=0.23 blocked=23% suspect=0 incomplete=0 host_hist=0/0/0/0/0/0/20/10 pub_hist=30/0/0/0/0/0/0/0
DRAWTRACE f=8910 draws=0 verts=0 vp=289x217 | render=0.0ms logic=16.5ms (clear=0.0ms x0) capture=0.0ms frame=16.5ms nonTRI=0
BLITPROF f=8910 draws=10 tris=322 culled=0 | raster=2.1 clear=0.0 texup=0.0 present=0.0 logic=14.3 ms
MFSUBMIT n=8910 wait_ms[avg=16.54] fabric_ms[frame=14.08 tri=11.62 texwait=1.68 dpath=9.94 ovhd=2.46] cov_px=157651 cov_px_est=157651 est_ratio=1.00 overdraw=2.53 cyc_px=6.2 cov_src=exact spin_avg=421 to=0
MFSEAM n=30 period=16.70 host=15.97 block=0.73 pub=0.00 notice=0.20 blocked=17% suspect=0 incomplete=0 host_hist=0/0/0/0/0/0/18/12 pub_hist=30/0/0/0/0/0/0/0
DRAWTRACE f=8940 draws=0 verts=0 vp=289x217 | render=0.0ms logic=17.6ms (clear=0.0ms x0) capture=0.0ms frame=17.7ms nonTRI=0
BLITPROF f=8940 draws=10 tris=322 culled=0 | raster=4.4 clear=0.0 texup=0.0 present=0.0 logic=13.2 ms
MFSUBMIT n=8940 wait_ms[avg=17.14] fabric_ms[frame=14.29 tri=11.81 texwait=1.73 dpath=10.09 ovhd=2.48] cov_px=160074 cov_px_est=160074 est_ratio=1.00 overdraw=2.57 cyc_px=6.2 cov_src=exact spin_avg=238 to=0
MFSEAM n=30 period=17.34 host=16.75 block=0.59 pub=0.00 notice=0.21 blocked=20% suspect=0 incomplete=0 host_hist=0/0/0/0/0/0/16/14 pub_hist=30/0/0/0/0/0/0/0
DRAWTRACE f=8970 draws=0 verts=0 vp=289x217 | render=0.0ms logic=16.9ms (clear=0.0ms x0) capture=0.1ms frame=17.0ms nonTRI=0
BLITPROF f=8970 draws=10 tris=322 culled=0 | raster=1.8 clear=0.0 texup=0.0 present=0.0 logic=15.1 ms
MFSUBMIT n=8970 wait_ms[avg=16.49] fabric_ms[frame=14.45 tri=11.98 texwait=1.76 dpath=10.22 ovhd=2.46] cov_px=162209 cov_px_est=162209 est_ratio=1.00 overdraw=2.61 cyc_px=6.2 cov_src=exact spin_avg=182 to=0
MFSEAM n=30 period=16.79 host=16.12 block=0.67 pub=0.00 notice=0.32 blocked=27% suspect=0 incomplete=0 host_hist=0/0/0/0/0/0/20/10 pub_hist=30/0/0/0/0/0/0/0
DRAWTRACE f=9000 draws=0 verts=0 vp=289x217 | render=0.0ms logic=14.2ms (clear=0.0ms x0) capture=0.2ms frame=14.5ms nonTRI=0
BLITPROF f=9000 draws=10 tris=322 culled=0 | raster=4.2 clear=0.0 texup=0.0 present=0.0 logic=10.0 ms
MFDUP frames=9000 dup_draws_elided=0 (+0 since last) crt_ghost_stripped=18000
MFSUBMIT n=9000 wait_ms[avg=16.91] fabric_ms[frame=14.53 tri=12.06 texwait=1.78 dpath=10.28 ovhd=2.47] cov_px=163125 cov_px_est=163125 est_ratio=1.00 overdraw=2.62 cyc_px=6.2 cov_src=exact spin_avg=718 to=0
MFSEAM n=30 period=17.03 host=15.89 block=1.14 pub=0.00 notice=0.58 blocked=27% suspect=0 incomplete=0 host_hist=0/0/0/0/0/2/17/11 pub_hist=30/0/0/0/0/0/0/0
DRAWTRACE f=9030 draws=0 verts=0 vp=289x217 | render=0.0ms logic=17.1ms (clear=0.0ms x0) capture=0.0ms frame=17.1ms nonTRI=0
BLITPROF f=9030 draws=10 tris=322 culled=0 | raster=1.8 clear=0.0 texup=0.0 present=0.0 logic=15.2 ms
MFSUBMIT n=9030 wait_ms[avg=16.39] fabric_ms[frame=14.50 tri=12.04 texwait=1.77 dpath=10.26 ovhd=2.46] cov_px=162862 cov_px_est=162862 est_ratio=1.00 overdraw=2.62 cyc_px=6.2 cov_src=exact spin_avg=281 to=0
MFSEAM n=30 period=16.52 host=15.98 block=0.54 pub=0.00 notice=0.25 blocked=13% suspect=0 incomplete=0 host_hist=0/0/0/0/0/0/21/9 pub_hist=30/0/0/0/0/0/0/0
DRAWTRACE f=9060 draws=0 verts=0 vp=289x217 | render=0.0ms logic=16.5ms (clear=0.0ms x0) capture=0.0ms frame=16.5ms nonTRI=0
BLITPROF f=9060 draws=10 tris=340 culled=0 | raster=1.9 clear=0.1 texup=0.0 present=0.0 logic=14.5 ms
MFSUBMIT n=9060 wait_ms[avg=16.52] fabric_ms[frame=14.53 tri=12.04 texwait=1.77 dpath=10.26 ovhd=2.49] cov_px=162670 cov_px_est=162670 est_ratio=1.00 overdraw=2.61 cyc_px=6.2 cov_src=exact spin_avg=855 to=0
MFSEAM n=30 period=16.68 host=15.37 block=1.31 pub=0.00 notice=0.21 blocked=37% suspect=0 incomplete=0 host_hist=0/0/0/0/0/0/22/8 pub_hist=30/0/0/0/0/0/0/0
DRAWTRACE f=9090 draws=0 verts=0 vp=289x217 | render=0.0ms logic=21.3ms (clear=0.0ms x0) capture=0.1ms frame=21.4ms nonTRI=0
BLITPROF f=9090 draws=10 tris=340 culled=0 | raster=5.3 clear=0.0 texup=0.0 present=0.0 logic=16.0 ms
MFSUBMIT n=9090 wait_ms[avg=16.68] fabric_ms[frame=14.53 tri=12.04 texwait=1.77 dpath=10.26 ovhd=2.49] cov_px=162670 cov_px_est=162670 est_ratio=1.00 overdraw=2.61 cyc_px=6.2 cov_src=exact spin_avg=564 to=0
MFSEAM n=30 period=16.84 host=15.80 block=1.03 pub=0.00 notice=0.67 blocked=40% suspect=0 incomplete=0 host_hist=0/0/0/0/0/0/21/9 pub_hist=30/0/0/0/0/0/0/0
DRAWTRACE f=9120 draws=0 verts=0 vp=289x217 | render=0.0ms logic=5.2ms (clear=0.0ms x0) capture=0.1ms frame=5.3ms nonTRI=0
BLITPROF f=9120 draws=10 tris=340 culled=0 | raster=1.9 clear=0.1 texup=0.0 present=0.0 logic=3.2 ms
MFSUBMIT n=9120 wait_ms[avg=16.85] fabric_ms[frame=14.52 tri=12.04 texwait=1.77 dpath=10.26 ovhd=2.49] cov_px=162670 cov_px_est=162670 est_ratio=1.00 overdraw=2.61 cyc_px=6.2 cov_src=exact spin_avg=37 to=0
MFSEAM n=30 period=17.03 host=16.79 block=0.23 pub=0.00 notice=0.01 blocked=3% suspect=0 incomplete=0 host_hist=0/0/0/0/0/0/17/13 pub_hist=30/0/0/0/0/0/0/0
DRAWTRACE f=9150 draws=0 verts=0 vp=289x217 | render=0.0ms logic=12.5ms (clear=0.0ms x0) capture=2.1ms frame=14.7ms nonTRI=0
BLITPROF f=9150 draws=10 tris=340 culled=0 | raster=1.9 clear=0.0 texup=0.0 present=0.0 logic=10.6 ms
MFSUBMIT n=9150 wait_ms[avg=16.65] fabric_ms[frame=14.53 tri=12.04 texwait=1.77 dpath=10.26 ovhd=2.49] cov_px=162670 cov_px_est=162670 est_ratio=1.00 overdraw=2.61 cyc_px=6.2 cov_src=exact spin_avg=1084 to=0
MFSEAM n=30 period=16.73 host=15.06 block=1.67 pub=0.00 notice=0.42 blocked=37% suspect=0 incomplete=0 host_hist=0/0/0/0/0/1/19/10 pub_hist=30/0/0/0/0/0/0/0
DRAWTRACE f=9180 draws=0 verts=0 vp=289x217 | render=0.0ms logic=9.7ms (clear=0.0ms x0) capture=5.1ms frame=14.8ms nonTRI=0
BLITPROF f=9180 draws=10 tris=340 culled=0 | raster=1.9 clear=0.0 texup=0.0 present=0.0 logic=7.7 ms
MFSUBMIT n=9180 wait_ms[avg=16.58] fabric_ms[frame=14.52 tri=12.04 texwait=1.77 dpath=10.26 ovhd=2.48] cov_px=162670 cov_px_est=162670 est_ratio=1.00 overdraw=2.61 cyc_px=6.2 cov_src=exact spin_avg=664 to=0
MFSEAM n=30 period=16.66 host=15.71 block=0.95 pub=0.00 notice=0.27 blocked=20% suspect=0 incomplete=0 host_hist=0/0/0/0/0/2/20/8 pub_hist=30/0/0/0/0/0/0/0
DRAWTRACE f=9210 draws=0 verts=0 vp=289x217 | render=0.0ms logic=16.4ms (clear=0.0ms x0) capture=0.1ms frame=16.4ms nonTRI=0
BLITPROF f=9210 draws=10 tris=340 culled=0 | raster=1.9 clear=0.0 texup=0.0 present=0.0 logic=14.4 ms
MFSUBMIT n=9210 wait_ms[avg=16.98] fabric_ms[frame=14.53 tri=12.04 texwait=1.77 dpath=10.26 ovhd=2.49] cov_px=162670 cov_px_est=162670 est_ratio=1.00 overdraw=2.61 cyc_px=6.2 cov_src=exact spin_avg=600 to=0
MFSEAM n=30 period=17.13 host=16.05 block=1.08 pub=0.00 notice=0.51 blocked=47% suspect=0 incomplete=0 host_hist=0/0/0/0/0/0/20/10 pub_hist=30/0/0/0/0/0/0/0
DRAWTRACE f=9240 draws=0 verts=0 vp=289x217 | render=0.0ms logic=16.7ms (clear=0.0ms x0) capture=0.0ms frame=16.7ms nonTRI=0
BLITPROF f=9240 draws=10 tris=340 culled=0 | raster=2.3 clear=0.0 texup=0.0 present=0.0 logic=14.4 ms
MFSUBMIT n=9240 wait_ms[avg=16.41] fabric_ms[frame=14.52 tri=12.04 texwait=1.77 dpath=10.26 ovhd=2.48] cov_px=162670 cov_px_est=162670 est_ratio=1.00 overdraw=2.61 cyc_px=6.2 cov_src=exact spin_avg=251 to=0
MFSEAM n=30 period=16.57 host=16.08 block=0.49 pub=0.00 notice=0.22 blocked=10% suspect=0 incomplete=0 host_hist=0/0/0/0/0/0/21/9 pub_hist=30/0/0/0/0/0/0/0
DRAWTRACE f=9270 draws=0 verts=0 vp=289x217 | render=0.0ms logic=12.9ms (clear=0.0ms x0) capture=2.4ms frame=15.3ms nonTRI=0
BLITPROF f=9270 draws=10 tris=340 culled=0 | raster=4.4 clear=0.0 texup=0.0 present=0.0 logic=8.5 ms
MFSUBMIT n=9270 wait_ms[avg=17.18] fabric_ms[frame=14.53 tri=12.04 texwait=1.77 dpath=10.26 ovhd=2.50] cov_px=162670 cov_px_est=162670 est_ratio=1.00 overdraw=2.61 cyc_px=6.2 cov_src=exact spin_avg=522 to=0
MFSEAM n=30 period=17.35 host=16.18 block=1.17 pub=0.00 notice=0.72 blocked=40% suspect=0 incomplete=0 host_hist=0/0/0/0/0/0/17/13 pub_hist=30/0/0/0/0/0/0/0
DRAWTRACE f=9300 draws=0 verts=0 vp=289x217 | render=0.0ms logic=14.4ms (clear=0.0ms x0) capture=1.2ms frame=15.6ms nonTRI=0
BLITPROF f=9300 draws=10 tris=340 culled=0 | raster=4.3 clear=0.0 texup=0.0 present=0.0 logic=10.2 ms
MFDUP frames=9300 dup_draws_elided=0 (+0 since last) crt_ghost_stripped=18600
MFSUBMIT n=9300 wait_ms[avg=16.93] fabric_ms[frame=14.53 tri=12.04 texwait=1.77 dpath=10.26 ovhd=2.50] cov_px=162670 cov_px_est=162670 est_ratio=1.00 overdraw=2.61 cyc_px=6.2 cov_src=exact spin_avg=873 to=0
MFSEAM n=30 period=17.02 host=15.30 block=1.72 pub=0.00 notice=0.46 blocked=37% suspect=0 incomplete=0 host_hist=0/0/0/0/0/0/17/13 pub_hist=30/0/0/0/0/0/0/0
DRAWTRACE f=9330 draws=0 verts=0 vp=289x217 | render=0.0ms logic=16.4ms (clear=0.0ms x0) capture=0.1ms frame=16.5ms nonTRI=0
BLITPROF f=9330 draws=10 tris=340 culled=0 | raster=1.9 clear=0.0 texup=0.0 present=0.0 logic=14.5 ms
MFSUBMIT n=9330 wait_ms[avg=16.43] fabric_ms[frame=14.53 tri=12.04 texwait=1.77 dpath=10.26 ovhd=2.49] cov_px=162670 cov_px_est=162670 est_ratio=1.00 overdraw=2.61 cyc_px=6.2 cov_src=exact spin_avg=493 to=0
MFSEAM n=30 period=16.55 host=15.68 block=0.87 pub=0.00 notice=0.56 blocked=33% suspect=0 incomplete=0 host_hist=0/0/0/0/0/0/20/10 pub_hist=30/0/0/0/0/0/0/0
DRAWTRACE f=9360 draws=0 verts=0 vp=289x217 | render=0.0ms logic=14.0ms (clear=0.0ms x0) capture=0.7ms frame=14.7ms nonTRI=0
BLITPROF f=9360 draws=10 tris=340 culled=0 | raster=1.8 clear=0.0 texup=0.0 present=0.0 logic=12.2 ms
MFSUBMIT n=9360 wait_ms[avg=16.96] fabric_ms[frame=14.53 tri=12.04 texwait=1.77 dpath=10.26 ovhd=2.49] cov_px=162670 cov_px_est=162670 est_ratio=1.00 overdraw=2.61 cyc_px=6.2 cov_src=exact spin_avg=488 to=0
MFSEAM n=30 period=17.09 host=16.13 block=0.96 pub=0.00 notice=0.25 blocked=27% suspect=0 incomplete=0 host_hist=0/0/0/0/0/0/19/11 pub_hist=30/0/0/0/0/0/0/0
DRAWTRACE f=9390 draws=0 verts=0 vp=289x217 | render=0.0ms logic=14.0ms (clear=0.0ms x0) capture=0.0ms frame=14.0ms nonTRI=0
BLITPROF f=9390 draws=10 tris=340 culled=0 | raster=2.1 clear=0.0 texup=0.0 present=0.0 logic=11.9 ms
MFSUBMIT n=9390 wait_ms[avg=16.72] fabric_ms[frame=14.52 tri=12.04 texwait=1.77 dpath=10.26 ovhd=2.48] cov_px=162670 cov_px_est=162670 est_ratio=1.00 overdraw=2.61 cyc_px=6.2 cov_src=exact spin_avg=283 to=0
MFSEAM n=30 period=16.88 host=16.26 block=0.62 pub=0.00 notice=1.34 blocked=13% suspect=0 incomplete=0 host_hist=0/0/0/0/0/0/19/11 pub_hist=30/0/0/0/0/0/0/0
DRAWTRACE f=9420 draws=0 verts=0 vp=289x217 | render=0.0ms logic=16.6ms (clear=0.0ms x0) capture=0.0ms frame=16.6ms nonTRI=0
BLITPROF f=9420 draws=10 tris=340 culled=0 | raster=4.1 clear=0.0 texup=0.0 present=0.0 logic=12.4 ms
MFSUBMIT n=9420 wait_ms[avg=16.56] fabric_ms[frame=14.53 tri=12.04 texwait=1.77 dpath=10.26 ovhd=2.49] cov_px=162670 cov_px_est=162670 est_ratio=1.00 overdraw=2.61 cyc_px=6.2 cov_src=exact spin_avg=281 to=0
MFSEAM n=30 period=16.84 host=16.05 block=0.79 pub=0.00 notice=0.20 blocked=20% suspect=0 incomplete=0 host_hist=0/0/0/0/0/0/18/12 pub_hist=30/0/0/0/0/0/0/0
DRAWTRACE f=9450 draws=0 verts=0 vp=289x217 | render=0.0ms logic=17.9ms (clear=0.0ms x0) capture=0.0ms frame=17.9ms nonTRI=0
BLITPROF f=9450 draws=10 tris=340 culled=0 | raster=2.3 clear=0.0 texup=0.0 present=0.0 logic=15.6 ms
MFSUBMIT n=9450 wait_ms[avg=16.42] fabric_ms[frame=14.52 tri=12.04 texwait=1.77 dpath=10.26 ovhd=2.48] cov_px=162664 cov_px_est=162664 est_ratio=1.00 overdraw=2.61 cyc_px=6.2 cov_src=exact spin_avg=655 to=0
MFSEAM n=30 period=16.71 host=15.55 block=1.16 pub=0.00 notice=0.26 blocked=30% suspect=0 incomplete=0 host_hist=0/0/0/0/0/0/20/10 pub_hist=30/0/0/0/0/0/0/0
DRAWTRACE f=9480 draws=0 verts=0 vp=289x217 | render=0.0ms logic=15.8ms (clear=0.0ms x0) capture=0.1ms frame=15.9ms nonTRI=0
BLITPROF f=9480 draws=10 tris=328 culled=0 | raster=1.9 clear=0.0 texup=0.0 present=0.0 logic=13.9 ms
MFSUBMIT n=9480 wait_ms[avg=16.80] fabric_ms[frame=14.48 tri=11.99 texwait=1.76 dpath=10.23 ovhd=2.49] cov_px=162212 cov_px_est=162212 est_ratio=1.00 overdraw=2.61 cyc_px=6.2 cov_src=exact spin_avg=676 to=0
MFSEAM n=30 period=16.89 host=15.68 block=1.21 pub=0.00 notice=0.44 blocked=40% suspect=0 incomplete=0 host_hist=0/0/0/0/0/0/20/10 pub_hist=30/0/0/0/0/0/0/0
DRAWTRACE f=9510 draws=0 verts=0 vp=289x217 | render=0.0ms logic=16.3ms (clear=0.0ms x0) capture=0.1ms frame=16.4ms nonTRI=0
BLITPROF f=9510 draws=12 tris=328 culled=0 | raster=2.0 clear=0.1 texup=0.0 present=0.0 logic=14.3 ms
MFSUBMIT n=9510 wait_ms[avg=16.46] fabric_ms[frame=14.44 tri=11.97 texwait=1.76 dpath=10.21 ovhd=2.47] cov_px=161935 cov_px_est=161935 est_ratio=1.00 overdraw=2.60 cyc_px=6.2 cov_src=exact spin_avg=110 to=0
MFSEAM n=30 period=16.55 host=16.30 block=0.25 pub=0.00 notice=0.17 blocked=7% suspect=0 incomplete=0 host_hist=0/0/0/0/0/0/19/11 pub_hist=30/0/0/0/0/0/0/0
DRAWTRACE f=9540 draws=0 verts=0 vp=289x217 | render=0.0ms logic=18.5ms (clear=0.0ms x0) capture=0.1ms frame=18.6ms nonTRI=0
BLITPROF f=9540 draws=12 tris=332 culled=0 | raster=2.4 clear=0.1 texup=0.0 present=0.0 logic=16.0 ms
MFSUBMIT n=9540 wait_ms[avg=16.65] fabric_ms[frame=14.47 tri=11.99 texwait=1.77 dpath=10.22 ovhd=2.49] cov_px=162076 cov_px_est=162076 est_ratio=1.00 overdraw=2.61 cyc_px=6.2 cov_src=exact spin_avg=202 to=0
MFSEAM n=30 period=16.80 host=16.34 block=0.45 pub=0.00 notice=0.28 blocked=17% suspect=0 incomplete=0 host_hist=0/0/0/0/0/0/19/11 pub_hist=30/0/0/0/0/0/0/0
DRAWTRACE f=9570 draws=0 verts=0 vp=289x217 | render=0.0ms logic=15.9ms (clear=0.0ms x0) capture=0.1ms frame=16.0ms nonTRI=0
BLITPROF f=9570 draws=13 tris=360 culled=0 | raster=2.1 clear=0.0 texup=0.0 present=0.0 logic=13.8 ms
MFSUBMIT n=9570 wait_ms[avg=16.68] fabric_ms[frame=14.54 tri=12.04 texwait=1.78 dpath=10.27 ovhd=2.50] cov_px=162674 cov_px_est=162674 est_ratio=1.00 overdraw=2.62 cyc_px=6.2 cov_src=exact spin_avg=563 to=0
MFSEAM n=30 period=16.85 host=15.82 block=1.03 pub=0.00 notice=0.23 blocked=37% suspect=0 incomplete=0 host_hist=0/0/0/0/0/0/21/9 pub_hist=30/0/0/0/0/0/0/0
DRAWTRACE f=9600 draws=0 verts=0 vp=289x217 | render=0.0ms logic=16.4ms (clear=0.0ms x0) capture=0.0ms frame=16.4ms nonTRI=0
BLITPROF f=9600 draws=13 tris=360 culled=0 | raster=2.1 clear=0.0 texup=0.0 present=0.0 logic=14.2 ms
MFDUP frames=9600 dup_draws_elided=0 (+0 since last) crt_ghost_stripped=19200
MFSUBMIT n=9600 wait_ms[avg=16.85] fabric_ms[frame=14.61 tri=12.10 texwait=1.78 dpath=10.32 ovhd=2.51] cov_px=163279 cov_px_est=163279 est_ratio=1.00 overdraw=2.62 cyc_px=6.2 cov_src=exact spin_avg=208 to=0
MFSEAM n=30 period=17.01 host=16.54 block=0.47 pub=0.00 notice=1.13 blocked=13% suspect=0 incomplete=0 host_hist=0/0/0/0/0/1/16/13 pub_hist=30/0/0/0/0/0/0/0
DRAWTRACE f=9630 draws=0 verts=0 vp=289x217 | render=0.0ms logic=11.9ms (clear=0.0ms x0) capture=1.0ms frame=12.9ms nonTRI=0
BLITPROF f=9630 draws=13 tris=360 culled=0 | raster=2.0 clear=0.0 texup=0.0 present=0.0 logic=9.8 ms
MFSUBMIT n=9630 wait_ms[avg=16.65] fabric_ms[frame=14.66 tri=12.15 texwait=1.80 dpath=10.35 ovhd=2.52] cov_px=163769 cov_px_est=163769 est_ratio=1.00 overdraw=2.63 cyc_px=6.2 cov_src=exact spin_avg=586 to=0
MFSEAM n=30 period=16.75 host=15.76 block=0.98 pub=0.01 notice=0.18 blocked=30% suspect=0 incomplete=0 host_hist=0/0/0/0/0/1/20/9 pub_hist=30/0/0/0/0/0/0/0
DRAWTRACE f=9660 draws=0 verts=0 vp=289x217 | render=0.0ms logic=16.4ms (clear=0.0ms x0) capture=0.1ms frame=16.5ms nonTRI=0
BLITPROF f=9660 draws=13 tris=360 culled=0 | raster=2.1 clear=0.0 texup=0.0 present=0.0 logic=14.3 ms
MFSUBMIT n=9660 wait_ms[avg=16.60] fabric_ms[frame=14.60 tri=12.10 texwait=1.79 dpath=10.31 ovhd=2.50] cov_px=163086 cov_px_est=163086 est_ratio=1.00 overdraw=2.62 cyc_px=6.2 cov_src=exact spin_avg=452 to=0
MFSEAM n=30 period=16.70 host=15.99 block=0.71 pub=0.00 notice=0.17 blocked=20% suspect=0 incomplete=0 host_hist=0/0/0/0/0/0/20/10 pub_hist=30/0/0/0/0/0/0/0
DRAWTRACE f=9690 draws=0 verts=0 vp=289x217 | render=0.0ms logic=16.6ms (clear=0.0ms x0) capture=0.1ms frame=16.6ms nonTRI=0
BLITPROF f=9690 draws=13 tris=360 culled=0 | raster=2.0 clear=0.0 texup=0.0 present=0.0 logic=14.6 ms
MFSUBMIT n=9690 wait_ms[avg=16.94] fabric_ms[frame=14.44 tri=11.92 texwait=1.75 dpath=10.17 ovhd=2.52] cov_px=160955 cov_px_est=160955 est_ratio=1.00 overdraw=2.59 cyc_px=6.2 cov_src=exact spin_avg=765 to=0
MFSEAM n=30 period=17.08 host=15.65 block=1.43 pub=0.00 notice=0.48 blocked=40% suspect=0 incomplete=0 host_hist=0/0/0/0/0/1/17/12 pub_hist=30/0/0/0/0/0/0/0
DRAWTRACE f=9720 draws=0 verts=0 vp=289x217 | render=0.0ms logic=16.7ms (clear=0.0ms x0) capture=0.0ms frame=16.7ms nonTRI=0
BLITPROF f=9720 draws=13 tris=360 culled=0 | raster=2.0 clear=0.0 texup=0.0 present=0.0 logic=14.6 ms
MFSUBMIT n=9720 wait_ms[avg=16.41] fabric_ms[frame=14.41 tri=11.90 texwait=1.75 dpath=10.15 ovhd=2.51] cov_px=160644 cov_px_est=160644 est_ratio=1.00 overdraw=2.58 cyc_px=6.2 cov_src=exact spin_avg=327 to=0
MFSEAM n=30 period=16.53 host=15.95 block=0.58 pub=0.00 notice=0.20 blocked=17% suspect=0 incomplete=0 host_hist=0/0/0/0/0/0/20/10 pub_hist=30/0/0/0/0/0/0/0
DRAWTRACE f=9750 draws=0 verts=0 vp=289x217 | render=0.0ms logic=15.9ms (clear=0.0ms x0) capture=0.0ms frame=15.9ms nonTRI=0
BLITPROF f=9750 draws=13 tris=360 culled=0 | raster=2.4 clear=0.0 texup=0.0 present=0.0 logic=13.4 ms
MFSUBMIT n=9750 wait_ms[avg=16.83] fabric_ms[frame=14.42 tri=11.90 texwait=1.75 dpath=10.15 ovhd=2.52] cov_px=160644 cov_px_est=160644 est_ratio=1.00 overdraw=2.58 cyc_px=6.2 cov_src=exact spin_avg=503 to=0
MFSEAM n=30 period=17.01 host=16.11 block=0.89 pub=0.00 notice=0.13 blocked=27% suspect=0 incomplete=0 host_hist=0/0/0/0/0/0/19/11 pub_hist=30/0/0/0/0/0/0/0
DRAWTRACE f=9780 draws=0 verts=0 vp=289x217 | render=0.0ms logic=16.2ms (clear=0.0ms x0) capture=0.0ms frame=16.3ms nonTRI=0
BLITPROF f=9780 draws=13 tris=360 culled=0 | raster=2.0 clear=0.0 texup=0.0 present=0.0 logic=14.2 ms
MFSUBMIT n=9780 wait_ms[avg=16.47] fabric_ms[frame=14.41 tri=11.90 texwait=1.75 dpath=10.15 ovhd=2.51] cov_px=160644 cov_px_est=160644 est_ratio=1.00 overdraw=2.58 cyc_px=6.2 cov_src=exact spin_avg=62 to=0
MFSEAM n=30 period=16.76 host=16.31 block=0.45 pub=0.00 notice=0.02 blocked=7% suspect=0 incomplete=0 host_hist=0/0/0/0/0/0/18/12 pub_hist=30/0/0/0/0/0/0/0
DRAWTRACE f=9810 draws=0 verts=0 vp=289x217 | render=0.0ms logic=20.9ms (clear=0.0ms x0) capture=0.1ms frame=21.0ms nonTRI=0
BLITPROF f=9810 draws=13 tris=360 culled=0 | raster=3.4 clear=0.1 texup=0.0 present=0.0 logic=17.5 ms
MFSUBMIT n=9810 wait_ms[avg=16.37] fabric_ms[frame=14.42 tri=11.90 texwait=1.75 dpath=10.15 ovhd=2.52] cov_px=160644 cov_px_est=160644 est_ratio=1.00 overdraw=2.58 cyc_px=6.2 cov_src=exact spin_avg=483 to=0
MFSEAM n=30 period=16.46 host=15.44 block=1.02 pub=0.00 notice=0.47 blocked=30% suspect=0 incomplete=0 host_hist=0/0/0/0/0/1/19/10 pub_hist=30/0/0/0/0/0/0/0
DRAWTRACE f=9840 draws=0 verts=0 vp=289x217 | render=0.0ms logic=7.9ms (clear=0.0ms x0) capture=6.5ms frame=14.4ms nonTRI=0
BLITPROF f=9840 draws=13 tris=360 culled=0 | raster=2.8 clear=0.0 texup=0.0 present=0.0 logic=5.0 ms
MFSUBMIT n=9840 wait_ms[avg=16.86] fabric_ms[frame=14.42 tri=11.90 texwait=1.75 dpath=10.15 ovhd=2.52] cov_px=160644 cov_px_est=160644 est_ratio=1.00 overdraw=2.58 cyc_px=6.2 cov_src=exact spin_avg=741 to=0
MFSEAM n=30 period=16.95 host=15.85 block=1.10 pub=0.00 notice=0.21 blocked=27% suspect=0 incomplete=0 host_hist=0/0/0/0/0/2/15/13 pub_hist=30/0/0/0/0/0/0/0
DRAWTRACE f=9870 draws=0 verts=0 vp=289x217 | render=0.0ms logic=17.0ms (clear=0.0ms x0) capture=0.1ms frame=17.1ms nonTRI=0
BLITPROF f=9870 draws=13 tris=360 culled=0 | raster=2.0 clear=0.0 texup=0.0 present=0.0 logic=15.0 ms
MFSUBMIT n=9870 wait_ms[avg=16.60] fabric_ms[frame=14.41 tri=11.90 texwait=1.75 dpath=10.15 ovhd=2.51] cov_px=160644 cov_px_est=160644 est_ratio=1.00 overdraw=2.58 cyc_px=6.2 cov_src=exact spin_avg=17 to=0
MFSEAM n=30 period=17.01 host=16.57 block=0.44 pub=0.00 notice=0.02 blocked=7% suspect=0 incomplete=0 host_hist=0/0/0/0/0/0/18/12 pub_hist=30/0/0/0/0/0/0/0
DRAWTRACE f=9900 draws=0 verts=0 vp=289x217 | render=0.0ms logic=31.7ms (clear=0.0ms x0) capture=0.0ms frame=31.8ms nonTRI=0
BLITPROF f=9900 draws=13 tris=360 culled=0 | raster=4.7 clear=0.0 texup=0.0 present=0.0 logic=27.0 ms
MFDUP frames=9900 dup_draws_elided=0 (+0 since last) crt_ghost_stripped=19800
MFSUBMIT n=9900 wait_ms[avg=16.96] fabric_ms[frame=14.42 tri=11.90 texwait=1.75 dpath=10.15 ovhd=2.52] cov_px=160644 cov_px_est=160644 est_ratio=1.00 overdraw=2.58 cyc_px=6.2 cov_src=exact spin_avg=234 to=0
MFSEAM n=30 period=17.12 host=16.59 block=0.52 pub=0.00 notice=0.70 blocked=27% suspect=0 incomplete=0 host_hist=0/0/0/0/0/0/19/11 pub_hist=30/0/0/0/0/0/0/0
DRAWTRACE f=9930 draws=0 verts=0 vp=289x217 | render=0.0ms logic=14.8ms (clear=0.0ms x0) capture=0.1ms frame=14.8ms nonTRI=0
BLITPROF f=9930 draws=13 tris=360 culled=0 | raster=2.0 clear=0.0 texup=0.0 present=0.0 logic=12.7 ms
MFSUBMIT n=9930 wait_ms[avg=16.45] fabric_ms[frame=14.41 tri=11.90 texwait=1.75 dpath=10.15 ovhd=2.51] cov_px=160644 cov_px_est=160644 est_ratio=1.00 overdraw=2.58 cyc_px=6.2 cov_src=exact spin_avg=234 to=0
MFSEAM n=30 period=16.60 host=16.13 block=0.47 pub=0.00 notice=0.16 blocked=13% suspect=0 incomplete=0 host_hist=0/0/0/0/0/0/18/12 pub_hist=30/0/0/0/0/0/0/0
DRAWTRACE f=9960 draws=0 verts=0 vp=289x217 | render=0.0ms logic=16.5ms (clear=0.0ms x0) capture=0.0ms frame=16.6ms nonTRI=0
BLITPROF f=9960 draws=13 tris=360 culled=0 | raster=2.0 clear=0.0 texup=0.0 present=0.0 logic=14.5 ms
MFSUBMIT n=9960 wait_ms[avg=16.83] fabric_ms[frame=14.42 tri=11.90 texwait=1.75 dpath=10.15 ovhd=2.52] cov_px=160644 cov_px_est=160644 est_ratio=1.00 overdraw=2.58 cyc_px=6.2 cov_src=exact spin_avg=629 to=0
MFSEAM n=30 period=16.93 host=15.71 block=1.22 pub=0.00 notice=0.54 blocked=43% suspect=0 incomplete=0 host_hist=0/0/0/0/0/1/21/8 pub_hist=30/0/0/0/0/0/0/0
DRAWTRACE f=9990 draws=0 verts=0 vp=289x217 | render=0.0ms logic=8.4ms (clear=0.0ms x0) capture=0.1ms frame=8.5ms nonTRI=0
BLITPROF f=9990 draws=13 tris=360 culled=0 | raster=2.1 clear=0.0 texup=0.0 present=0.0 logic=6.2 ms
MFSUBMIT n=9990 wait_ms[avg=16.49] fabric_ms[frame=14.41 tri=11.90 texwait=1.75 dpath=10.15 ovhd=2.51] cov_px=160644 cov_px_est=160644 est_ratio=1.00 overdraw=2.58 cyc_px=6.2 cov_src=exact spin_avg=106 to=0
MFSEAM n=30 period=16.59 host=16.33 block=0.26 pub=0.00 notice=0.87 blocked=13% suspect=0 incomplete=0 host_hist=0/0/0/0/0/0/21/9 pub_hist=30/0/0/0/0/0/0/0
DRAWTRACE f=10020 draws=0 verts=0 vp=289x217 | render=0.0ms logic=11.7ms (clear=0.0ms x0) capture=3.6ms frame=15.3ms nonTRI=0
BLITPROF f=10020 draws=13 tris=360 culled=0 | raster=2.9 clear=0.0 texup=0.0 present=0.0 logic=8.8 ms
MFSUBMIT n=10020 wait_ms[avg=16.75] fabric_ms[frame=14.41 tri=11.90 texwait=1.75 dpath=10.15 ovhd=2.52] cov_px=160644 cov_px_est=160644 est_ratio=1.00 overdraw=2.58 cyc_px=6.2 cov_src=exact spin_avg=154 to=0
MFSEAM n=30 period=16.91 host=16.38 block=0.53 pub=0.00 notice=0.57 blocked=17% suspect=0 incomplete=0 host_hist=0/0/0/0/0/0/18/12 pub_hist=30/0/0/0/0/0/0/0
DRAWTRACE f=10050 draws=0 verts=0 vp=289x217 | render=0.0ms logic=16.5ms (clear=0.0ms x0) capture=0.0ms frame=16.5ms nonTRI=0
BLITPROF f=10050 draws=13 tris=360 culled=0 | raster=2.0 clear=0.0 texup=0.0 present=0.0 logic=14.4 ms
MFSUBMIT n=10050 wait_ms[avg=16.73] fabric_ms[frame=14.41 tri=11.90 texwait=1.75 dpath=10.15 ovhd=2.52] cov_px=160644 cov_px_est=160644 est_ratio=1.00 overdraw=2.58 cyc_px=6.2 cov_src=exact spin_avg=685 to=0
MFSEAM n=30 period=16.88 host=15.74 block=1.13 pub=0.00 notice=0.69 blocked=30% suspect=0 incomplete=0 host_hist=0/0/0/0/0/0/18/12 pub_hist=30/0/0/0/0/0/0/0
DRAWTRACE f=10080 draws=0 verts=0 vp=289x217 | render=0.0ms logic=16.5ms (clear=0.0ms x0) capture=0.1ms frame=16.6ms nonTRI=0
BLITPROF f=10080 draws=13 tris=360 culled=0 | raster=2.0 clear=0.0 texup=0.0 present=0.0 logic=14.5 ms
MFSUBMIT n=10080 wait_ms[avg=16.50] fabric_ms[frame=14.41 tri=11.90 texwait=1.75 dpath=10.15 ovhd=2.51] cov_px=160644 cov_px_est=160644 est_ratio=1.00 overdraw=2.58 cyc_px=6.2 cov_src=exact spin_avg=406 to=0
MFSEAM n=30 period=16.67 host=15.92 block=0.74 pub=0.00 notice=1.06 blocked=20% suspect=0 incomplete=0 host_hist=0/0/0/0/0/0/18/12 pub_hist=30/0/0/0/0/0/0/0
DRAWTRACE f=10110 draws=0 verts=0 vp=289x217 | render=0.0ms logic=11.6ms (clear=0.0ms x0) capture=1.9ms frame=13.5ms nonTRI=0
BLITPROF f=10110 draws=13 tris=360 culled=0 | raster=2.1 clear=0.0 texup=0.0 present=0.0 logic=9.5 ms
MFSUBMIT n=10110 wait_ms[avg=16.89] fabric_ms[frame=14.37 tri=11.87 texwait=1.74 dpath=10.13 ovhd=2.50] cov_px=160277 cov_px_est=160277 est_ratio=1.00 overdraw=2.58 cyc_px=6.2 cov_src=exact spin_avg=124 to=0
MFSEAM n=30 period=17.04 host=16.61 block=0.43 pub=0.00 notice=0.25 blocked=13% suspect=0 incomplete=0 host_hist=0/0/0/0/0/0/15/15 pub_hist=30/0/0/0/0/0/0/0
DRAWTRACE f=10140 draws=0 verts=0 vp=289x217 | render=0.0ms logic=13.2ms (clear=0.0ms x0) capture=0.1ms frame=13.3ms nonTRI=0
BLITPROF f=10140 draws=13 tris=308 culled=0 | raster=1.9 clear=0.0 texup=0.0 present=0.0 logic=11.3 ms
MFSUBMIT n=10140 wait_ms[avg=16.66] fabric_ms[frame=14.11 tri=11.66 texwait=1.69 dpath=9.96 ovhd=2.45] cov_px=158011 cov_px_est=158011 est_ratio=1.00 overdraw=2.54 cyc_px=6.2 cov_src=exact spin_avg=282 to=0
MFSEAM n=30 period=16.78 host=16.28 block=0.50 pub=0.00 notice=0.17 blocked=13% suspect=0 incomplete=0 host_hist=0/0/0/0/0/1/18/11 pub_hist=30/0/0/0/0/0/0/0
DRAWTRACE f=10170 draws=0 verts=0 vp=289x217 | render=0.0ms logic=12.7ms (clear=0.0ms x0) capture=0.0ms frame=12.8ms nonTRI=0
BLITPROF f=10170 draws=11 tris=280 culled=0 | raster=1.6 clear=0.0 texup=0.0 present=0.0 logic=11.1 ms
MFSUBMIT n=10170 wait_ms[avg=16.42] fabric_ms[frame=13.82 tri=11.42 texwait=1.65 dpath=9.77 ovhd=2.40] cov_px=155452 cov_px_est=155452 est_ratio=1.00 overdraw=2.50 cyc_px=6.2 cov_src=exact spin_avg=229 to=0
MFSEAM n=30 period=16.51 host=15.99 block=0.52 pub=0.00 notice=0.43 blocked=23% suspect=0 incomplete=0 host_hist=0/0/0/0/0/0/22/8 pub_hist=30/0/0/0/0/0/0/0
DRAWTRACE f=10200 draws=0 verts=0 vp=289x217 | render=0.0ms logic=16.7ms (clear=0.0ms x0) capture=0.1ms frame=16.8ms nonTRI=0
BLITPROF f=10200 draws=11 tris=252 culled=0 | raster=1.5 clear=0.0 texup=0.0 present=0.0 logic=15.3 ms
MFDUP frames=10200 dup_draws_elided=0 (+0 since last) crt_ghost_stripped=20400
MFSUBMIT n=10200 wait_ms[avg=16.60] fabric_ms[frame=13.58 tri=11.20 texwait=1.60 dpath=9.60 ovhd=2.38] cov_px=152881 cov_px_est=152881 est_ratio=1.00 overdraw=2.46 cyc_px=6.2 cov_src=exact spin_avg=240 to=0
MFSEAM n=30 period=16.76 host=16.28 block=0.47 pub=0.00 notice=1.21 blocked=13% suspect=0 incomplete=0 host_hist=0/0/0/0/0/0/19/11 pub_hist=30/0/0/0/0/0/0/0
DRAWTRACE f=10230 draws=0 verts=0 vp=289x217 | render=0.0ms logic=16.4ms (clear=0.0ms x0) capture=0.1ms frame=16.5ms nonTRI=0
BLITPROF f=10230 draws=11 tris=224 culled=0 | raster=1.5 clear=0.0 texup=0.0 present=0.0 logic=14.9 ms
MFSUBMIT n=10230 wait_ms[avg=16.83] fabric_ms[frame=13.34 tri=10.99 texwait=1.56 dpath=9.43 ovhd=2.35] cov_px=150665 cov_px_est=150665 est_ratio=1.00 overdraw=2.42 cyc_px=6.2 cov_src=exact spin_avg=184 to=0
MFSEAM n=30 period=17.01 host=16.48 block=0.53 pub=0.00 notice=1.06 blocked=20% suspect=0 incomplete=0 host_hist=0/0/0/0/0/0/17/13 pub_hist=30/0/0/0/0/0/0/0
DRAWTRACE f=10260 draws=0 verts=0 vp=289x217 | render=0.0ms logic=16.5ms (clear=0.0ms x0) capture=0.1ms frame=16.5ms nonTRI=0
BLITPROF f=10260 draws=11 tris=224 culled=0 | raster=1.3 clear=0.0 texup=0.0 present=0.0 logic=15.2 ms
MFSUBMIT n=10260 wait_ms[avg=16.40] fabric_ms[frame=13.16 tri=10.83 texwait=1.52 dpath=9.31 ovhd=2.32] cov_px=148823 cov_px_est=148823 est_ratio=1.00 overdraw=2.39 cyc_px=6.2 cov_src=exact spin_avg=110 to=0
MFSEAM n=30 period=16.58 host=16.21 block=0.36 pub=0.00 notice=0.31 blocked=7% suspect=0 incomplete=0 host_hist=0/0/0/0/0/0/22/8 pub_hist=30/0/0/0/0/0/0/0
DRAWTRACE f=10290 draws=0 verts=0 vp=289x217 | render=0.0ms logic=17.7ms (clear=0.0ms x0) capture=0.0ms frame=17.7ms nonTRI=0
BLITPROF f=10290 draws=11 tris=224 culled=0 | raster=1.3 clear=0.0 texup=0.0 present=0.0 logic=16.3 ms
MFSUBMIT n=10290 wait_ms[avg=16.64] fabric_ms[frame=13.02 tri=10.69 texwait=1.49 dpath=9.20 ovhd=2.33] cov_px=146981 cov_px_est=146981 est_ratio=1.00 overdraw=2.36 cyc_px=6.2 cov_src=exact spin_avg=356 to=0
MFSEAM n=30 period=16.73 host=15.92 block=0.81 pub=0.00 notice=1.51 blocked=17% suspect=0 incomplete=0 host_hist=0/0/0/0/0/1/15/14 pub_hist=30/0/0/0/0/0/0/0
DRAWTRACE f=10320 draws=0 verts=0 vp=289x217 | render=0.0ms logic=16.6ms (clear=0.0ms x0) capture=0.0ms frame=16.7ms nonTRI=0
BLITPROF f=10320 draws=11 tris=224 culled=0 | raster=1.3 clear=0.0 texup=0.0 present=0.0 logic=15.3 ms
MFSUBMIT n=10320 wait_ms[avg=16.60] fabric_ms[frame=12.83 tri=10.51 texwait=1.45 dpath=9.06 ovhd=2.33] cov_px=144739 cov_px_est=144739 est_ratio=1.00 overdraw=2.33 cyc_px=6.2 cov_src=exact spin_avg=10 to=0
MFSEAM n=30 period=16.69 host=16.57 block=0.11 pub=0.00 notice=0.05 blocked=7% suspect=0 incomplete=0 host_hist=0/0/0/0/0/0/16/14 pub_hist=30/0/0/0/0/0/0/0
DRAWTRACE f=10350 draws=0 verts=0 vp=289x217 | render=0.0ms logic=16.4ms (clear=0.0ms x0) capture=0.1ms frame=16.5ms nonTRI=0
BLITPROF f=10350 draws=11 tris=224 culled=0 | raster=1.3 clear=0.0 texup=0.0 present=0.0 logic=15.2 ms
MFSUBMIT n=10350 wait_ms[avg=16.61] fabric_ms[frame=12.72 tri=10.39 texwait=1.42 dpath=8.97 ovhd=2.33] cov_px=143273 cov_px_est=143273 est_ratio=1.00 overdraw=2.30 cyc_px=6.2 cov_src=exact spin_avg=0 to=0
MFSEAM n=30 period=16.77 host=16.61 block=0.15 pub=0.00 notice=0.00 blocked=0% suspect=0 incomplete=0 host_hist=0/0/0/0/0/0/16/14 pub_hist=30/0/0/0/0/0/0/0
DRAWTRACE f=10380 draws=0 verts=0 vp=289x217 | render=0.0ms logic=12.2ms (clear=0.0ms x0) capture=0.5ms frame=12.7ms nonTRI=0
BLITPROF f=10380 draws=11 tris=224 culled=0 | raster=1.3 clear=0.0 texup=0.0 present=0.0 logic=10.9 ms
MFSUBMIT n=10380 wait_ms[avg=16.58] fabric_ms[frame=12.72 tri=10.39 texwait=1.42 dpath=8.97 ovhd=2.33] cov_px=143256 cov_px_est=143256 est_ratio=1.00 overdraw=2.30 cyc_px=6.2 cov_src=exact spin_avg=145 to=0
MFSEAM n=30 period=16.73 host=16.32 block=0.41 pub=0.00 notice=0.12 blocked=17% suspect=0 incomplete=0 host_hist=0/0/0/0/0/0/19/11 pub_hist=30/0/0/0/0/0/0/0
DRAWTRACE f=10410 draws=0 verts=0 vp=289x217 | render=0.0ms logic=16.6ms (clear=0.0ms x0) capture=0.0ms frame=16.6ms nonTRI=0
BLITPROF f=10410 draws=11 tris=224 culled=0 | raster=1.3 clear=0.0 texup=0.0 present=0.0 logic=15.3 ms
MFSUBMIT n=10410 wait_ms[avg=16.51] fabric_ms[frame=12.72 tri=10.39 texwait=1.42 dpath=8.97 ovhd=2.33] cov_px=143256 cov_px_est=143256 est_ratio=1.00 overdraw=2.30 cyc_px=6.2 cov_src=exact spin_avg=10 to=0
MFSEAM n=30 period=16.66 host=16.49 block=0.17 pub=0.00 notice=0.00 blocked=3% suspect=0 incomplete=0 host_hist=0/0/0/0/0/0/21/9 pub_hist=30/0/0/0/0/0/0/0
DRAWTRACE f=10440 draws=0 verts=0 vp=289x217 | render=0.0ms logic=5.6ms (clear=0.0ms x0) capture=0.1ms frame=5.7ms nonTRI=0
BLITPROF f=10440 draws=11 tris=224 culled=0 | raster=1.3 clear=0.0 texup=0.0 present=0.0 logic=4.3 ms
MFSUBMIT n=10440 wait_ms[avg=16.60] fabric_ms[frame=12.72 tri=10.39 texwait=1.42 dpath=8.97 ovhd=2.33] cov_px=143256 cov_px_est=143256 est_ratio=1.00 overdraw=2.30 cyc_px=6.2 cov_src=exact spin_avg=91 to=0
MFSEAM n=30 period=16.78 host=16.39 block=0.39 pub=0.00 notice=0.01 blocked=10% suspect=0 incomplete=0 host_hist=0/0/0/0/0/0/18/12 pub_hist=30/0/0/0/0/0/0/0
DRAWTRACE f=10470 draws=0 verts=0 vp=289x217 | render=0.0ms logic=8.7ms (clear=0.0ms x0) capture=0.0ms frame=8.7ms nonTRI=0
BLITPROF f=10470 draws=11 tris=224 culled=0 | raster=1.4 clear=0.0 texup=0.0 present=0.0 logic=7.2 ms
MFSUBMIT n=10470 wait_ms[avg=16.52] fabric_ms[frame=12.72 tri=10.39 texwait=1.42 dpath=8.97 ovhd=2.33] cov_px=143256 cov_px_est=143256 est_ratio=1.00 overdraw=2.30 cyc_px=6.2 cov_src=exact spin_avg=108 to=0
MFSEAM n=30 period=16.63 host=16.36 block=0.27 pub=0.00 notice=0.14 blocked=10% suspect=0 incomplete=0 host_hist=0/0/0/0/0/0/23/7 pub_hist=30/0/0/0/0/0/0/0
DRAWTRACE f=10500 draws=0 verts=0 vp=289x217 | render=0.0ms logic=12.9ms (clear=0.0ms x0) capture=0.1ms frame=13.0ms nonTRI=0
BLITPROF f=10500 draws=11 tris=224 culled=0 | raster=2.7 clear=0.0 texup=0.0 present=0.0 logic=10.2 ms
MFDUP frames=10500 dup_draws_elided=0 (+0 since last) crt_ghost_stripped=21000
MFSUBMIT n=10500 wait_ms[avg=16.60] fabric_ms[frame=12.72 tri=10.39 texwait=1.42 dpath=8.97 ovhd=2.33] cov_px=143256 cov_px_est=143256 est_ratio=1.00 overdraw=2.30 cyc_px=6.2 cov_src=exact spin_avg=25 to=0
MFSEAM n=30 period=16.71 host=16.56 block=0.14 pub=0.00 notice=3.02 blocked=3% suspect=0 incomplete=0 host_hist=0/0/0/0/0/0/18/12 pub_hist=30/0/0/0/0/0/0/0
DRAWTRACE f=10530 draws=0 verts=0 vp=289x217 | render=0.0ms logic=18.1ms (clear=0.0ms x0) capture=0.1ms frame=18.2ms nonTRI=0
BLITPROF f=10530 draws=11 tris=224 culled=0 | raster=1.4 clear=0.0 texup=0.0 present=0.0 logic=16.7 ms
MFSUBMIT n=10530 wait_ms[avg=16.57] fabric_ms[frame=12.72 tri=10.39 texwait=1.42 dpath=8.97 ovhd=2.33] cov_px=143256 cov_px_est=143256 est_ratio=1.00 overdraw=2.30 cyc_px=6.2 cov_src=exact spin_avg=11 to=0
MFSEAM n=30 period=16.72 host=16.52 block=0.20 pub=0.00 notice=0.01 blocked=3% suspect=0 incomplete=0 host_hist=0/0/0/0/0/0/19/11 pub_hist=30/0/0/0/0/0/0/0
DRAWTRACE f=10560 draws=0 verts=0 vp=289x217 | render=0.0ms logic=9.3ms (clear=0.0ms x0) capture=0.0ms frame=9.3ms nonTRI=0
BLITPROF f=10560 draws=11 tris=224 culled=0 | raster=1.4 clear=0.0 texup=0.0 present=0.0 logic=7.9 ms
MFSUBMIT n=10560 wait_ms[avg=16.55] fabric_ms[frame=12.72 tri=10.39 texwait=1.42 dpath=8.97 ovhd=2.33] cov_px=143256 cov_px_est=143256 est_ratio=1.00 overdraw=2.30 cyc_px=6.2 cov_src=exact spin_avg=121 to=0
MFSEAM n=30 period=16.71 host=16.37 block=0.33 pub=0.00 notice=0.11 blocked=10% suspect=0 incomplete=0 host_hist=0/0/0/0/0/0/16/14 pub_hist=30/0/0/0/0/0/0/0
DRAWTRACE f=10590 draws=0 verts=0 vp=289x217 | render=0.0ms logic=7.6ms (clear=0.0ms x0) capture=0.1ms frame=7.7ms nonTRI=0
BLITPROF f=10590 draws=11 tris=224 culled=0 | raster=1.7 clear=0.1 texup=0.0 present=0.0 logic=5.9 ms
MFSUBMIT n=10590 wait_ms[avg=16.62] fabric_ms[frame=12.72 tri=10.39 texwait=1.42 dpath=8.97 ovhd=2.33] cov_px=143256 cov_px_est=143256 est_ratio=1.00 overdraw=2.30 cyc_px=6.2 cov_src=exact spin_avg=291 to=0
MFSEAM n=30 period=17.46 host=16.04 block=1.42 pub=0.00 notice=0.18 blocked=17% suspect=0 incomplete=0 host_hist=0/0/0/0/0/1/18/11 pub_hist=30/0/0/0/0/0/0/0
DRAWTRACE f=10620 draws=0 verts=0 vp=289x217 | render=0.0ms logic=16.6ms (clear=0.0ms x0) capture=0.0ms frame=16.6ms nonTRI=0
BLITPROF f=10620 draws=11 tris=224 culled=0 | raster=1.3 clear=0.0 texup=0.0 present=0.0 logic=15.3 ms
MFSUBMIT n=10620 wait_ms[avg=16.47] fabric_ms[frame=12.71 tri=10.39 texwait=1.42 dpath=8.97 ovhd=2.33] cov_px=143256 cov_px_est=143256 est_ratio=1.00 overdraw=2.30 cyc_px=6.2 cov_src=exact spin_avg=190 to=0
MFSEAM n=30 period=16.59 host=16.19 block=0.39 pub=0.00 notice=0.17 blocked=7% suspect=0 incomplete=0 host_hist=0/0/0/0/0/1/13/16 pub_hist=30/0/0/0/0/0/0/0
DRAWTRACE f=10650 draws=0 verts=0 vp=289x217 | render=0.0ms logic=16.5ms (clear=0.0ms x0) capture=0.1ms frame=16.6ms nonTRI=0
BLITPROF f=10650 draws=11 tris=224 culled=0 | raster=1.2 clear=0.0 texup=0.0 present=0.0 logic=15.3 ms
MFSUBMIT n=10650 wait_ms[avg=16.51] fabric_ms[frame=12.72 tri=10.39 texwait=1.42 dpath=8.97 ovhd=2.33] cov_px=143256 cov_px_est=143256 est_ratio=1.00 overdraw=2.30 cyc_px=6.2 cov_src=exact spin_avg=542 to=0
MFSEAM n=30 period=16.67 host=15.78 block=0.89 pub=0.00 notice=0.17 blocked=20% suspect=0 incomplete=0 host_hist=0/0/0/0/0/2/19/9 pub_hist=30/0/0/0/0/0/0/0
DRAWTRACE f=10680 draws=0 verts=0 vp=289x217 | render=0.0ms logic=16.5ms (clear=0.0ms x0) capture=0.0ms frame=16.5ms nonTRI=0
BLITPROF f=10680 draws=11 tris=224 culled=0 | raster=1.3 clear=0.0 texup=0.0 present=0.0 logic=15.2 ms
MFSUBMIT n=10680 wait_ms[avg=16.46] fabric_ms[frame=12.72 tri=10.39 texwait=1.42 dpath=8.97 ovhd=2.33] cov_px=143256 cov_px_est=143256 est_ratio=1.00 overdraw=2.30 cyc_px=6.2 cov_src=exact spin_avg=21 to=0
MFSEAM n=30 period=16.60 host=16.42 block=0.18 pub=0.00 notice=0.01 blocked=3% suspect=0 incomplete=0 host_hist=0/0/0/0/0/0/18/12 pub_hist=30/0/0/0/0/0/0/0
DRAWTRACE f=10710 draws=0 verts=0 vp=289x217 | render=0.0ms logic=16.5ms (clear=0.0ms x0) capture=0.0ms frame=16.5ms nonTRI=0
BLITPROF f=10710 draws=11 tris=224 culled=0 | raster=1.3 clear=0.0 texup=0.0 present=0.0 logic=15.1 ms
MFSUBMIT n=10710 wait_ms[avg=16.53] fabric_ms[frame=12.72 tri=10.39 texwait=1.42 dpath=8.97 ovhd=2.33] cov_px=143256 cov_px_est=143256 est_ratio=1.00 overdraw=2.30 cyc_px=6.2 cov_src=exact spin_avg=7 to=0
MFSEAM n=30 period=16.80 host=16.47 block=0.33 pub=0.00 notice=0.53 blocked=7% suspect=0 incomplete=0 host_hist=0/0/0/0/0/0/16/14 pub_hist=30/0/0/0/0/0/0/0
DRAWTRACE f=10740 draws=0 verts=0 vp=289x217 | render=0.0ms logic=10.9ms (clear=0.0ms x0) capture=0.1ms frame=11.0ms nonTRI=0
BLITPROF f=10740 draws=11 tris=224 culled=0 | raster=1.2 clear=0.0 texup=0.0 present=0.0 logic=9.7 ms
MFSUBMIT n=10740 wait_ms[avg=16.50] fabric_ms[frame=12.72 tri=10.39 texwait=1.42 dpath=8.97 ovhd=2.33] cov_px=143256 cov_px_est=143256 est_ratio=1.00 overdraw=2.30 cyc_px=6.2 cov_src=exact spin_avg=279 to=0
MFSEAM n=30 period=16.77 host=16.04 block=0.73 pub=0.00 notice=0.21 blocked=13% suspect=0 incomplete=0 host_hist=0/0/0/0/0/0/18/12 pub_hist=30/0/0/0/0/0/0/0
DRAWTRACE f=10770 draws=0 verts=0 vp=289x217 | render=0.0ms logic=18.7ms (clear=0.0ms x0) capture=0.1ms frame=18.7ms nonTRI=0
BLITPROF f=10770 draws=11 tris=226 culled=0 | raster=1.3 clear=0.0 texup=0.0 present=0.0 logic=17.3 ms
MFSUBMIT n=10770 wait_ms[avg=17.42] fabric_ms[frame=16.89 tri=14.55 texwait=2.27 dpath=12.29 ovhd=2.33] cov_px=197170 cov_px_est=197170 est_ratio=1.00 overdraw=3.17 cyc_px=6.1 cov_src=exact spin_avg=4038 to=0
MFSEAM n=30 period=17.53 host=11.38 block=6.14 pub=0.00 notice=0.40 blocked=90% suspect=0 incomplete=0 host_hist=0/0/0/0/0/7/21/2 pub_hist=30/0/0/0/0/0/0/0
DRAWTRACE f=10800 draws=0 verts=0 vp=289x217 | render=0.0ms logic=5.6ms (clear=0.0ms x0) capture=11.8ms frame=17.4ms nonTRI=0
BLITPROF f=10800 draws=11 tris=226 culled=0 | raster=1.8 clear=0.0 texup=0.0 present=0.0 logic=3.7 ms
MFDUP frames=10800 dup_draws_elided=0 (+0 since last) crt_ghost_stripped=21600
MFSUBMIT n=10800 wait_ms[avg=18.01] fabric_ms[frame=17.53 tri=15.20 texwait=2.40 dpath=12.80 ovhd=2.33] cov_px=205464 cov_px_est=205464 est_ratio=1.00 overdraw=3.30 cyc_px=6.1 cov_src=exact spin_avg=8365 to=0
MFSEAM n=30 period=18.10 host=5.68 block=12.42 pub=0.00 notice=0.57 blocked=100% suspect=0 incomplete=0 host_hist=0/0/0/0/2/23/5/0 pub_hist=30/0/0/0/0/0/0/0
DRAWTRACE f=10830 draws=0 verts=0 vp=289x217 | render=0.0ms logic=6.4ms (clear=0.0ms x0) capture=11.4ms frame=17.8ms nonTRI=0
BLITPROF f=10830 draws=11 tris=226 culled=0 | raster=1.8 clear=0.0 texup=0.0 present=0.0 logic=4.6 ms
MFSUBMIT n=10830 wait_ms[avg=17.70] fabric_ms[frame=16.90 tri=14.66 texwait=2.26 dpath=12.40 ovhd=2.24] cov_px=199812 cov_px_est=199812 est_ratio=1.00 overdraw=3.21 cyc_px=6.1 cov_src=exact spin_avg=5294 to=0
MFSEAM n=30 period=17.86 host=9.87 block=7.99 pub=0.00 notice=0.31 blocked=70% suspect=0 incomplete=0 host_hist=0/0/0/0/1/16/8/5 pub_hist=30/0/0/0/0/0/0/0
DRAWTRACE f=10860 draws=0 verts=0 vp=289x217 | render=0.0ms logic=16.4ms (clear=0.0ms x0) capture=0.1ms frame=16.5ms nonTRI=0
BLITPROF f=10860 draws=4 tris=8 culled=0 | raster=0.1 clear=0.0 texup=0.0 present=0.0 logic=16.3 ms
MFSUBMIT n=10860 wait_ms[avg=16.50] fabric_ms[frame=11.75 tri=9.73 texwait=1.20 dpath=8.52 ovhd=2.02] cov_px=138931 cov_px_est=138931 est_ratio=1.00 overdraw=2.23 cyc_px=6.0 cov_src=exact spin_avg=186 to=0
MFSEAM n=30 period=16.67 host=16.24 block=0.42 pub=0.00 notice=0.24 blocked=13% suspect=0 incomplete=0 host_hist=0/0/0/0/0/0/22/8 pub_hist=30/0/0/0/0/0/0/0
DRAWTRACE f=10890 draws=0 verts=0 vp=289x217 | render=0.0ms logic=16.6ms (clear=0.0ms x0) capture=0.1ms frame=16.7ms nonTRI=0
BLITPROF f=10890 draws=4 tris=8 culled=0 | raster=0.1 clear=0.0 texup=0.0 present=0.0 logic=16.5 ms
MFSUBMIT n=10890 wait_ms[avg=16.55] fabric_ms[frame=10.63 tri=8.60 texwait=0.98 dpath=7.63 ovhd=2.03] cov_px=124416 cov_px_est=124416 est_ratio=1.00 overdraw=2.00 cyc_px=6.0 cov_src=exact spin_avg=0 to=0
MFSEAM n=30 period=16.70 host=16.55 block=0.15 pub=0.00 notice=0.00 blocked=0% suspect=0 incomplete=0 host_hist=0/0/0/0/0/0/15/15 pub_hist=30/0/0/0/0/0/0/0
DRAWTRACE f=10920 draws=0 verts=0 vp=289x217 | render=0.0ms logic=16.6ms (clear=0.0ms x0) capture=0.0ms frame=16.7ms nonTRI=0
BLITPROF f=10920 draws=5 tris=10 culled=0 | raster=0.1 clear=0.0 texup=0.0 present=0.0 logic=16.5 ms
MFSUBMIT n=10920 wait_ms[avg=16.47] fabric_ms[frame=10.78 tri=8.75 texwait=1.01 dpath=7.73 ovhd=2.03] cov_px=126126 cov_px_est=126126 est_ratio=1.00 overdraw=2.03 cyc_px=6.0 cov_src=exact spin_avg=0 to=0
MFSEAM n=30 period=16.75 host=16.46 block=0.29 pub=0.00 notice=0.00 blocked=0% suspect=0 incomplete=0 host_hist=0/0/0/0/0/0/18/12 pub_hist=30/0/0/0/0/0/0/0
DRAWTRACE f=10950 draws=0 verts=0 vp=289x217 | render=0.0ms logic=16.2ms (clear=0.0ms x0) capture=0.1ms frame=16.3ms nonTRI=0
BLITPROF f=10950 draws=7 tris=128 culled=0 | raster=0.8 clear=0.1 texup=0.0 present=0.0 logic=15.4 ms
MFSUBMIT n=10950 wait_ms[avg=16.43] fabric_ms[frame=11.12 tri=8.94 texwait=1.05 dpath=7.90 ovhd=2.17] cov_px=127367 cov_px_est=127367 est_ratio=1.00 overdraw=2.05 cyc_px=6.1 cov_src=exact spin_avg=43 to=0
MFSEAM n=30 period=16.54 host=16.34 block=0.20 pub=0.00 notice=0.01 blocked=3% suspect=0 incomplete=0 host_hist=0/0/0/0/0/0/17/13 pub_hist=30/0/0/0/0/0/0/0
DRAWTRACE f=10980 draws=0 verts=0 vp=289x217 | render=0.0ms logic=15.4ms (clear=0.0ms x0) capture=0.1ms frame=15.5ms nonTRI=0
BLITPROF f=10980 draws=7 tris=128 culled=0 | raster=0.7 clear=0.0 texup=0.0 present=0.0 logic=14.7 ms
MFSUBMIT n=10980 wait_ms[avg=16.57] fabric_ms[frame=11.17 tri=8.97 texwait=1.06 dpath=7.91 ovhd=2.20] cov_px=127350 cov_px_est=127350 est_ratio=1.00 overdraw=2.05 cyc_px=6.1 cov_src=exact spin_avg=0 to=0
MFSEAM n=30 period=16.71 host=16.57 block=0.14 pub=0.00 notice=0.00 blocked=0% suspect=0 incomplete=0 host_hist=0/0/0/0/0/0/17/13 pub_hist=30/0/0/0/0/0/0/0
DRAWTRACE f=11010 draws=0 verts=0 vp=289x217 | render=0.0ms logic=16.3ms (clear=0.0ms x0) capture=0.1ms frame=16.4ms nonTRI=0
BLITPROF f=11010 draws=7 tris=148 culled=0 | raster=0.8 clear=0.0 texup=0.0 present=0.0 logic=15.5 ms
MFSUBMIT n=11010 wait_ms[avg=16.51] fabric_ms[frame=11.21 tri=9.00 texwait=1.06 dpath=7.94 ovhd=2.22] cov_px=127600 cov_px_est=127600 est_ratio=1.00 overdraw=2.05 cyc_px=6.1 cov_src=exact spin_avg=68 to=0
MFSEAM n=30 period=16.66 host=16.42 block=0.25 pub=0.00 notice=0.01 blocked=3% suspect=0 incomplete=0 host_hist=0/0/0/0/0/0/20/10 pub_hist=30/0/0/0/0/0/0/0
DRAWTRACE f=11040 draws=0 verts=0 vp=289x217 | render=0.0ms logic=15.8ms (clear=0.0ms x0) capture=0.1ms frame=15.9ms nonTRI=0
BLITPROF f=11040 draws=8 tris=130 culled=0 | raster=2.2 clear=0.0 texup=0.0 present=0.0 logic=13.6 ms
MFSUBMIT n=11040 wait_ms[avg=16.53] fabric_ms[frame=11.18 tri=8.97 texwait=1.06 dpath=7.92 ovhd=2.20] cov_px=127398 cov_px_est=127398 est_ratio=1.00 overdraw=2.05 cyc_px=6.1 cov_src=exact spin_avg=0 to=0
MFSEAM n=30 period=16.68 host=16.53 block=0.15 pub=0.00 notice=0.00 blocked=0% suspect=0 incomplete=0 host_hist=0/0/0/0/0/0/15/15 pub_hist=30/0/0/0/0/0/0/0
DRAWTRACE f=11070 draws=0 verts=0 vp=289x217 | render=0.0ms logic=10.6ms (clear=0.0ms x0) capture=2.8ms frame=13.5ms nonTRI=0
BLITPROF f=11070 draws=8 tris=148 culled=0 | raster=3.1 clear=0.0 texup=0.0 present=0.0 logic=7.5 ms
MFSUBMIT n=11070 wait_ms[avg=16.58] fabric_ms[frame=11.21 tri=9.00 texwait=1.06 dpath=7.94 ovhd=2.22] cov_px=127603 cov_px_est=127603 est_ratio=1.00 overdraw=2.05 cyc_px=6.1 cov_src=exact spin_avg=10 to=0
MFSEAM n=30 period=16.73 host=16.49 block=0.25 pub=0.00 notice=2.29 blocked=3% suspect=0 incomplete=0 host_hist=0/0/0/0/0/0/16/14 pub_hist=30/0/0/0/0/0/0/0
DRAWTRACE f=11100 draws=0 verts=0 vp=289x217 | render=0.0ms logic=15.2ms (clear=0.0ms x0) capture=0.0ms frame=15.3ms nonTRI=0
BLITPROF f=11100 draws=7 tris=128 culled=0 | raster=0.8 clear=0.0 texup=0.0 present=0.0 logic=14.4 ms
MFDUP frames=11100 dup_draws_elided=0 (+0 since last) crt_ghost_stripped=22200
MFSUBMIT n=11100 wait_ms[avg=16.53] fabric_ms[frame=11.17 tri=8.97 texwait=1.05 dpath=7.91 ovhd=2.20] cov_px=127348 cov_px_est=127348 est_ratio=1.00 overdraw=2.05 cyc_px=6.1 cov_src=exact spin_avg=0 to=0
MFSEAM n=30 period=16.62 host=16.52 block=0.09 pub=0.00 notice=0.00 blocked=0% suspect=0 incomplete=0 host_hist=0/0/0/0/0/0/16/14 pub_hist=30/0/0/0/0/0/0/0
DRAWTRACE f=11130 draws=0 verts=0 vp=289x217 | render=0.0ms logic=16.7ms (clear=0.0ms x0) capture=0.0ms frame=16.7ms nonTRI=0
BLITPROF f=11130 draws=7 tris=146 culled=0 | raster=0.9 clear=0.1 texup=0.0 present=0.0 logic=15.6 ms
MFSUBMIT n=11130 wait_ms[avg=16.57] fabric_ms[frame=11.20 tri=8.99 texwait=1.06 dpath=7.93 ovhd=2.21] cov_px=127537 cov_px_est=127537 est_ratio=1.00 overdraw=2.05 cyc_px=6.1 cov_src=exact spin_avg=32 to=0
MFSEAM n=30 period=16.65 host=16.48 block=0.17 pub=0.00 notice=0.01 blocked=3% suspect=0 incomplete=0 host_hist=0/0/0/0/0/0/18/12 pub_hist=30/0/0/0/0/0/0/0
DRAWTRACE f=11160 draws=0 verts=0 vp=289x217 | render=0.0ms logic=16.9ms (clear=0.0ms x0) capture=0.0ms frame=16.9ms nonTRI=0
BLITPROF f=11160 draws=7 tris=128 culled=0 | raster=1.2 clear=0.0 texup=0.0 present=0.0 logic=15.7 ms
MFSUBMIT n=11160 wait_ms[avg=16.63] fabric_ms[frame=11.17 tri=8.96 texwait=1.05 dpath=7.91 ovhd=2.20] cov_px=127335 cov_px_est=127335 est_ratio=1.00 overdraw=2.05 cyc_px=6.1 cov_src=exact spin_avg=0 to=0
MFSEAM n=30 period=16.78 host=16.63 block=0.15 pub=0.00 notice=0.00 blocked=0% suspect=0 incomplete=0 host_hist=0/0/0/0/0/0/15/15 pub_hist=30/0/0/0/0/0/0/0
DRAWTRACE f=11190 draws=0 verts=0 vp=289x217 | render=0.0ms logic=13.5ms (clear=0.0ms x0) capture=0.0ms frame=13.6ms nonTRI=0
BLITPROF f=11190 draws=7 tris=146 culled=0 | raster=0.7 clear=0.0 texup=0.0 present=0.0 logic=12.8 ms
MFSUBMIT n=11190 wait_ms[avg=16.64] fabric_ms[frame=11.20 tri=8.99 texwait=1.06 dpath=7.93 ovhd=2.21] cov_px=127537 cov_px_est=127537 est_ratio=1.00 overdraw=2.05 cyc_px=6.1 cov_src=exact spin_avg=53 to=0
MFSEAM n=30 period=16.82 host=16.56 block=0.26 pub=0.00 notice=0.01 blocked=3% suspect=0 incomplete=0 host_hist=0/0/0/0/0/0/19/11 pub_hist=30/0/0/0/0/0/0/0
DRAWTRACE f=11220 draws=0 verts=0 vp=289x217 | render=0.0ms logic=14.6ms (clear=0.0ms x0) capture=0.0ms frame=14.7ms nonTRI=0
BLITPROF f=11220 draws=7 tris=128 culled=0 | raster=0.8 clear=0.0 texup=0.0 present=0.0 logic=13.8 ms
MFSUBMIT n=11220 wait_ms[avg=16.37] fabric_ms[frame=11.17 tri=8.96 texwait=1.05 dpath=7.91 ovhd=2.20] cov_px=127335 cov_px_est=127335 est_ratio=1.00 overdraw=2.05 cyc_px=6.1 cov_src=exact spin_avg=5 to=0
MFSEAM n=30 period=16.65 host=16.36 block=0.29 pub=0.00 notice=0.05 blocked=3% suspect=0 incomplete=0 host_hist=0/0/0/0/0/0/21/9 pub_hist=30/0/0/0/0/0/0/0
DRAWTRACE f=11250 draws=0 verts=0 vp=289x217 | render=0.0ms logic=16.3ms (clear=0.0ms x0) capture=0.0ms frame=16.4ms nonTRI=0
BLITPROF f=11250 draws=7 tris=146 culled=0 | raster=1.0 clear=0.0 texup=0.0 present=0.0 logic=15.3 ms
MFSUBMIT n=11250 wait_ms[avg=16.50] fabric_ms[frame=11.20 tri=8.99 texwait=1.06 dpath=7.93 ovhd=2.22] cov_px=127537 cov_px_est=127537 est_ratio=1.00 overdraw=2.05 cyc_px=6.1 cov_src=exact spin_avg=63 to=0
MFSEAM n=30 period=16.79 host=16.30 block=0.49 pub=0.00 notice=0.21 blocked=7% suspect=0 incomplete=0 host_hist=0/0/0/0/0/1/16/13 pub_hist=30/0/0/0/0/0/0/0
DRAWTRACE f=11280 draws=0 verts=0 vp=289x217 | render=0.0ms logic=16.3ms (clear=0.0ms x0) capture=0.1ms frame=16.3ms nonTRI=0
BLITPROF f=11280 draws=7 tris=128 culled=0 | raster=0.7 clear=0.0 texup=0.0 present=0.0 logic=15.5 ms
MFSUBMIT n=11280 wait_ms[avg=16.36] fabric_ms[frame=11.17 tri=8.96 texwait=1.05 dpath=7.91 ovhd=2.20] cov_px=127335 cov_px_est=127335 est_ratio=1.00 overdraw=2.05 cyc_px=6.1 cov_src=exact spin_avg=106 to=0
MFSEAM n=30 period=16.48 host=16.22 block=0.26 pub=0.00 notice=0.01 blocked=7% suspect=0 incomplete=0 host_hist=0/0/0/0/0/0/17/13 pub_hist=30/0/0/0/0/0/0/0
DRAWTRACE f=11310 draws=0 verts=0 vp=289x217 | render=0.0ms logic=18.1ms (clear=0.0ms x0) capture=0.1ms frame=18.3ms nonTRI=0
BLITPROF f=11310 draws=7 tris=146 culled=0 | raster=0.9 clear=0.0 texup=0.0 present=0.0 logic=17.2 ms
MFSUBMIT n=11310 wait_ms[avg=16.56] fabric_ms[frame=11.20 tri=8.99 texwait=1.06 dpath=7.93 ovhd=2.21] cov_px=127537 cov_px_est=127537 est_ratio=1.00 overdraw=2.05 cyc_px=6.1 cov_src=exact spin_avg=0 to=0
MFSEAM n=30 period=16.65 host=16.55 block=0.10 pub=0.00 notice=0.00 blocked=0% suspect=0 incomplete=0 host_hist=0/0/0/0/0/0/22/8 pub_hist=30/0/0/0/0/0/0/0
DRAWTRACE f=11340 draws=0 verts=0 vp=289x217 | render=0.0ms logic=19.8ms (clear=0.0ms x0) capture=0.1ms frame=19.8ms nonTRI=0
BLITPROF f=11340 draws=7 tris=128 culled=0 | raster=2.0 clear=0.0 texup=0.0 present=0.0 logic=17.8 ms
MFSUBMIT n=11340 wait_ms[avg=16.59] fabric_ms[frame=11.17 tri=8.96 texwait=1.05 dpath=7.91 ovhd=2.20] cov_px=127335 cov_px_est=127335 est_ratio=1.00 overdraw=2.05 cyc_px=6.1 cov_src=exact spin_avg=0 to=0
MFSEAM n=30 period=16.73 host=16.59 block=0.14 pub=0.00 notice=0.00 blocked=0% suspect=0 incomplete=0 host_hist=0/0/0/0/0/0/17/13 pub_hist=30/0/0/0/0/0/0/0
DRAWTRACE f=11370 draws=0 verts=0 vp=289x217 | render=0.0ms logic=16.4ms (clear=0.0ms x0) capture=0.0ms frame=16.4ms nonTRI=0
BLITPROF f=11370 draws=7 tris=146 culled=0 | raster=0.8 clear=0.0 texup=0.0 present=0.0 logic=15.5 ms
MFSUBMIT n=11370 wait_ms[avg=16.64] fabric_ms[frame=11.20 tri=8.99 texwait=1.06 dpath=7.93 ovhd=2.21] cov_px=127537 cov_px_est=127537 est_ratio=1.00 overdraw=2.05 cyc_px=6.1 cov_src=exact spin_avg=21 to=0
MFSEAM n=30 period=16.86 host=16.61 block=0.24 pub=0.01 notice=0.03 blocked=3% suspect=0 incomplete=0 host_hist=0/0/0/0/0/0/17/13 pub_hist=30/0/0/0/0/0/0/0
DRAWTRACE f=11400 draws=0 verts=0 vp=289x217 | render=0.0ms logic=16.1ms (clear=0.0ms x0) capture=0.1ms frame=16.2ms nonTRI=0
BLITPROF f=11400 draws=7 tris=128 culled=0 | raster=0.7 clear=0.0 texup=0.0 present=0.0 logic=15.4 ms
MFDUP frames=11400 dup_draws_elided=0 (+0 since last) crt_ghost_stripped=22800
MFSUBMIT n=11400 wait_ms[avg=16.81] fabric_ms[frame=11.17 tri=8.96 texwait=1.05 dpath=7.91 ovhd=2.20] cov_px=127335 cov_px_est=127335 est_ratio=1.00 overdraw=2.05 cyc_px=6.1 cov_src=exact spin_avg=167 to=0
MFSEAM n=30 period=16.98 host=16.55 block=0.43 pub=0.00 notice=2.38 blocked=7% suspect=0 incomplete=0 host_hist=0/0/0/0/0/1/18/11 pub_hist=30/0/0/0/0/0/0/0
DRAWTRACE f=11430 draws=0 verts=0 vp=289x217 | render=0.0ms logic=16.6ms (clear=0.0ms x0) capture=0.0ms frame=16.7ms nonTRI=0
BLITPROF f=11430 draws=7 tris=146 culled=0 | raster=0.9 clear=0.0 texup=0.0 present=0.0 logic=15.7 ms
MFSUBMIT n=11430 wait_ms[avg=16.35] fabric_ms[frame=11.20 tri=8.99 texwait=1.06 dpath=7.93 ovhd=2.21] cov_px=127537 cov_px_est=127537 est_ratio=1.00 overdraw=2.05 cyc_px=6.1 cov_src=exact spin_avg=4 to=0
MFSEAM n=30 period=16.44 host=16.30 block=0.13 pub=0.00 notice=0.17 blocked=3% suspect=0 incomplete=0 host_hist=0/0/0/0/0/0/18/12 pub_hist=30/0/0/0/0/0/0/0
DRAWTRACE f=11460 draws=0 verts=0 vp=289x217 | render=0.0ms logic=16.9ms (clear=0.0ms x0) capture=0.1ms frame=17.0ms nonTRI=0
BLITPROF f=11460 draws=7 tris=128 culled=0 | raster=0.7 clear=0.1 texup=0.0 present=0.0 logic=16.1 ms
MFSUBMIT n=11460 wait_ms[avg=16.62] fabric_ms[frame=11.17 tri=8.96 texwait=1.05 dpath=7.91 ovhd=2.20] cov_px=127335 cov_px_est=127335 est_ratio=1.00 overdraw=2.05 cyc_px=6.1 cov_src=exact spin_avg=0 to=0
MFSEAM n=30 period=16.72 host=16.62 block=0.09 pub=0.00 notice=0.00 blocked=0% suspect=0 incomplete=0 host_hist=0/0/0/0/0/0/20/10 pub_hist=30/0/0/0/0/0/0/0
DRAWTRACE f=11490 draws=0 verts=0 vp=289x217 | render=0.0ms logic=8.7ms (clear=0.0ms x0) capture=0.0ms frame=8.8ms nonTRI=0
BLITPROF f=11490 draws=7 tris=146 culled=0 | raster=0.9 clear=1.1 texup=0.0 present=0.0 logic=6.7 ms
MFSUBMIT n=11490 wait_ms[avg=16.54] fabric_ms[frame=11.20 tri=8.99 texwait=1.06 dpath=7.93 ovhd=2.22] cov_px=127537 cov_px_est=127537 est_ratio=1.00 overdraw=2.05 cyc_px=6.1 cov_src=exact spin_avg=0 to=0
MFSEAM n=30 period=16.68 host=16.54 block=0.14 pub=0.00 notice=0.00 blocked=0% suspect=0 incomplete=0 host_hist=0/0/0/0/0/0/21/9 pub_hist=30/0/0/0/0/0/0/0
----- mister_run.sh scene provenance -----
scene: ingame-stage1-busy
scene_joy: /Users/gmcnaught/MisterFPGA-Projects/wt-p4b-harness/scripts/scenes/ingame-stage1-busy.joy
scene_joy_digest: dbd5d68501b7d2058247aa8a87b5dce9
host: root@192.168.20.62
secs: 175
args: --preset fabric
------------------------------------------
