@200000
0000000000000001
000000000000006b
0000000000000000
0000000000000000
0000000000000001
0000000000000000
0000000000000000
0000000000000000
000006200000000a
0000000200a6014c
000344e000000056
0000000000ff0000
000006200000000a
0000000200a6014c
0003454000000056
0000000000ff0000
000006200000000a
0000000200a6014c
000345a000000056
0000000000ff0000
000006200000000a
0000000200a6014c
0003460000000056
0000000000ff0000
000006200000000a
0000000200a6014c
0003466000000056
0000000000ff0000
000006200000000a
0000000200a6014c
000346c000000056
0000000000ff0000
000006200000000a
0000000200a6014c
0003472000000056
0000000000ff0000
000006200000000a
0000000200a6014c
0003478000000056
0000000000ff0000
000006200000000a
0000000200a6014c
000347e000000056
0000000000ff0000
000006200000000a
0000000200a6014c
0003484000000056
0000000000ff0000
000006200000000a
0000000200a6014c
000348a000000056
0000000000ff0000
000006200000000a
0000000200a6014c
0003490000000056
0000000000ff0000
000075a80000000a
0000000200c20184
000349600000008a
0000000000ff0000
000075a80000000a
0000000200c20184
000349c00000008a
0000000000ff0000
000075a80000000a
0000000200c20184
00034a200000008a
0000000000ff0000
000075a80000000a
0000000200c20184
00034a800000008a
0000000000ff0000
000075a80000000a
0000000200c20184
00034ae00000008a
0000000000ff0000
000075a80000000a
0000000200c20184
00034b400000008a
0000000000ff0000
000075a80000000a
0000000200c20184
00034ba00000008a
0000000000ff0000
000075a80000000a
0000000200c20184
00034c000000008a
0000000000ff0000
000075a80000000a
0000000200c20184
00034c600000008a
0000000000ff0000
000075a80000000a
0000000200c20184
00034cc00000008a
0000000000ff0000
000075a80000000a
0000000200c20184
00034d200000008a
0000000000ff0000
000075a80000000a
0000000200c20184
00034d800000008a
0000000000ff0000
000146d00000010a
00000002006200c4
00034de000000062
0000000000fff81f
000191d80000010a
0000000200820104
00034e4000000082
0000000000fff81f
000215e00000010a
00000002005200a4
00034ea000000082
0000000000fff81f
000269280000010a
0000000200420084
00034f0000000022
0000000000fff81f
000269280000010a
0000000200420084
00034f6000000022
0000000000fff81f
00027ab00000010a
0000000200420084
00034fc000000022
0000000000fff81f
00028c380000010a
0000000200420084
0003502000000022
0000000000fff81f
000269280000010a
0000000200420084
0003508000000022
0000000000fff81f
000269280000010a
0000000200420084
000350e000000022
0000000000fff81f
00028c380000010a
0000000200420084
0003514000000022
0000000000fff81f
00028c380000010a
0000000200420084
000351a000000022
0000000000fff81f
000269280000010a
0000000200420084
0003520000000022
0000000000fff81f
00029dc00000010a
0000000200220044
0003526000000022
0000000000fff81f
00028c380000010a
0000000200420084
000352c000000022
0000000000fff81f
0002a6c80000010a
0000000200220044
0003532000000022
0000000000fff81f
0002b5700000010a
0000000200090012
000353800000000a
0000000000fff81f
0002b7d00000010a
0000000200090012
000353e00000000b
0000000000fff81f
0002b5700000010a
0000000200090012
000354400000000a
0000000000fff81f
0002b9500000000a
0000000200120024
000354a000000012
0000000000ff0000
0002b9500000000a
0000000200120024
0003550000000012
0000000000ff0000
0002b9500000000a
0000000200120024
0003556000000012
0000000000ff0000
0002bd180000010a
0000000200110022
000355c00000001f
0000000000fff81f
0002c4480000010a
0000000200080010
000356200000000a
0000000000fff81f
0002ccb00000010a
0000000200080010
000356800000000a
0000000000fff81f
0002d2a80000010a
0000000200080010
000356e000000004
0000000000fff81f
0002d8700000010a
0000000200080010
000357400000000a
0000000000fff81f
0002de280000010a
0000000200080010
000357a00000000a
0000000000fff81f
0002e6280000010a
0000000200080010
000358000000000a
0000000000fff81f
0002ec300000010a
0000000200080010
000358600000000a
0000000000fff81f
0002ee900000010a
0000000200080010
000358c00000000a
0000000000fff81f
0002f5500000010a
0000000200080010
000359200000000a
0000000000fff81f
0002f5500000010a
0000000200080010
000359800000000a
0000000000fff81f
0002f5500000010a
0000000200080010
000359e00000000a
0000000000fff81f
0002f5500000010a
0000000200080010
00035a400000000a
0000000000fff81f
0002f5500000010a
0000000200080010
00035aa00000000a
0000000000fff81f
0002f5500000010a
0000000200080010
00035b000000000a
0000000000fff81f
0002f6e80000010a
0000000200080010
00035b600000000a
0000000000fff81f
0002f7880000010a
0000000200080010
00035bc00000000a
0000000000fff81f
0002f8280000010a
0000000200080010
00035c200000000a
0000000000fff81f
0002f8c80000010a
0000000200080010
00035c800000000a
0000000000fff81f
0002f9680000010a
0000000200080010
00035ce00000000a
0000000000fff81f
0002fa080000010a
0000000200080010
00035d4000000008
0000000000fff81f
0002fa880000010a
0000000200080010
00035da00000000a
0000000000fff81f
000302f00000010a
0000000200090012
00035e000000000a
0000000000fff81f
000303a80000010a
0000000200080010
00035e600000000a
0000000000fff81f
0002d2a80000010a
0000000200080010
00035ec000000004
0000000000fff81f
0002d8700000010a
0000000200080010
00035f200000000a
0000000000fff81f
0002de280000010a
0000000200080010
00035f800000000a
0000000000fff81f
0002e6280000010a
0000000200080010
00035fe00000000a
0000000000fff81f
0002ec300000010a
0000000200080010
000360400000000a
0000000000fff81f
0002ee900000010a
0000000200080010
000360a00000000a
0000000000fff81f
0002f5500000010a
0000000200080010
000361000000000a
0000000000fff81f
0002ccb00000010a
0000000200080010
000361600000000a
0000000000fff81f
00030b280000010a
0000000200080010
000361c00000000a
0000000000fff81f
0002ccb00000010a
0000000200080010
000362200000000a
0000000000fff81f
0002f5500000010a
0000000200080010
000362800000000a
0000000000fff81f
0002f5500000010a
0000000200080010
000362e00000000a
0000000000fff81f
000313280000010a
0000000200080010
000363400000000a
0000000000fff81f
0002f7880000010a
0000000200080010
000363a00000000a
0000000000fff81f
000313c80000010a
0000000200080010
000364000000000a
0000000000fff81f
0002f8c80000010a
0000000200080010
000364600000000a
0000000000fff81f
000314680000010a
0000000200040008
000364c000000008
0000000000fff81f
000314a80000010a
0000000200080010
000365200000000a
0000000000fff81f
000318e80000010a
0000000200080010
000365800000000a
0000000000fff81f
00031d480000010a
00000002001a0034
000365e00000000b
0000000000fff81f
00031f880000010a
0000000200430086
000366400000001b
0000000000fff81f
00032db00000010a
000000020016002c
000366a000000007
0000000000fff81f
00032ee80000010a
0000000200440088
000367000000001c
0000000000fff81f
0002f9680000010a
0000000200080010
000367600000000a
0000000000fff81f
00033dc80000010a
0000000200080010
000367c00000000a
0000000000fff81f
0002f8c80000010a
0000000200080010
000368200000000a
0000000000fff81f
0002f8c80000010a
0000000200080010
000368800000000a
0000000000fff81f
00033e680000010a
0000000200080010
000368e00000000a
0000000000fff81f
00033f080000010a
0000000200080010
000369400000000a
0000000000fff81f
00033fa80000010a
0000000200080010
000369a00000000a
0000000000fff81f
000340480000010a
0000000200080010
00036a000000000a
0000000000fff81f
000318e80000010a
0000000200080010
00036a600000000a
0000000000fff81f
000318e80000010a
0000000200080010
00036ac00000000a
0000000000fff81f
000314680000010a
0000000200040008
00036b2000000008
0000000000fff81f
0002fa880000010a
0000000200080010
00036b800000000a
0000000000fff81f
000344400000010a
0000000200080010
00036be00000000a
0000000000fff81f
000000008000000a
0000000202000000
00036c4000000100
0000000000ff0000
0000000000000001
0000000000000000
0000000000000000
0000000000000000
@210000
0000000000000000
0000000000000000
0000000000000000
0000000000000000
0000000000000000
0000000000000000
0000000000000000
0000000000000000
0000000000000000
0000000000000000
0000000000000000
0000000000000000
0000000000000000
0000000000000000
0000000000000000
0000000000000000
0000000000000000
0000000000000000
0000000000000000
0000000000000000
0000000000000000
0000000000000000
0000000000000000
0000000000000000
0000000000000000
0000000000000000
0000000000000000
0000000000000000
0000000000000000
0000000000000000
0000000000000000
0000000000000000
0000000000000000
0000000000000000
0000000000000000
0000000000000000
0000000000000000
0000000000000000
0000000000000000
0000000000000000
0000000000000000
0000000000000000
0000000000000000
0000000000000000
0000000000000000
0000000000000000
0000000000000000
0000000000000000
0000000000000000
0000000000000000
0000000000000000
0000000000000000
0000000000000000
0000000000000000
0000000000000000
0000000000000000
0000000000000000
0000000000000000
0000000000000000
0000000000000000
0000000000000000
0000000000000000
0000000000000000
0000000000000000
0000000000000000
0000000000000000
0000000000000000
0000000000000000
0000000000000000
0000000000000000
0000000000000000
0000000000000000
0000000000000000
0000000000000000
0000000000000000
0000000000000000
0000000000000000
0000000000000000
0000000000000000
0000000000000000
0000000000000000
0000000000000000
0000000000000000
0000000000000000
0000000000000000
0000000000000000
0000000000000000
0000000000000000
0000000000000000
0000000000000000
0000000000000000
0000000000000000
0000000000000000
0000000000000000
0000000000000000
0000000000000000
0000000000000000
0000000000000000
0000000000000000
0000000000000000
0000000000000000
0000000000000000
0000000000000000
0000000000000000
0000000000000000
0000000000000000
0000000000000000
0000000000000000
0000000000000000
0000000000000000
0000000000000000
0000000000000000
0000000000000000
0000000000000000
0000000000000000
0000000000000000
0000000000000000
0000000000000000
0000000000000000
0000000000000000
0000000000000000
0000000000000000
0000000000000000
0000000000000000
0000000000000000
0000000000000000
0000000000000000
0000000000000000
0000000000000000
0000000000000000
0000000000000000
0000000000000000
0000000000000000
0000000000000000
0000000000000000
0000000000000000
0000000000000000
0000000000000000
0000000000000000
0000000000000000
0000000000000000
0000000000000000
0000000000000000
0000000000000000
0000000000000000
0000000000000000
0000000000000000
0000000000000000
0000000000000000
0000000000000000
0000000000000000
0000000000000000
0000000000000000
0000000000000000
0000000000000000
0000000000000000
0000000000000000
0000000000000000
0000000000000000
0000000000000000
0000000000000000
0000000000000000
0000000000000000
0000000000000000
0000000000000000
0000000000000000
0000000000000000
0000000000000000
0000000000000000
0000000000000000
0000000000000000
0000000000000000
0000000000000000
0000000000000000
0000000000000000
0000000000000000
0000000000000000
0000000000000000
0000000000000000
0000000000000000
0000000000000000
0000000000000000
0000000000000000
0000000000000000
0000000000000000
0000000000000000
0000000000000000
0000000000000000
0000000000000000
0000000000000000
0000000000000000
0000000000000000
0000000000000000
0000000000000000
0000000000000000
0000000000000000
97a9dd64c6874d16
02d2f5b6b9dd07dd
3fc10f385d2ba410
cfe3b323ccba9cdf
f2cee7b89034a3d6
398bce8c88772b15
5fc97e16251134c3
4eecad0805e659f2
0f702af82950b722
ab771145e05527d3
3b506f1f16191275
ca75ee7cee752817
21529b9f4be1efef
8987dc94e80bbc1e
203fb93e83fad305
8035614e8c008cb4
fd73c65bd88b24f1
be102359c0fa6320
98d85923168a15de
b67da036a02d33ec
70cce9099487c55e
ca14a8b54c96b3d6
20835da10110dc9e
ee85cec4db0bcc87
077e697e3b97005e
a7e83081662499fe
3483abfec1f0562a
4fbd5a61b6187af9
1233236865c91bc2
cbbb0edf4519fc37
6ab05019ba7110c4
bf474a9f451af965
5c7e19eb1371d244
c7b48bdeaf8e9e8e
b7e6a9bd53f9fe8a
a2df42d15b9d8ebe
4fdb5b9b243815e3
68e78273a5b2b78c
6f5080b16aecd9cc
163781d1aa0f92ae
c950225a0166278e
7e172fa177e138e8
0ff9fcb99858445c
361d681787ce12f9
7b1d113e7d89468a
49e71a81714610ec
b3df17cc8981c182
2a6f776b53e86a4d
50cafd2027e9e8d0
64e1bdfd5362a878
b7f1481ecb77d7e4
bee87c436868efed
a16fb00cf2cea855
05b1eb9ac958b445
e003c7ccfc8d2de8
37710a527a664d2c
88b84d12404a2279
3cf75650663dd9ba
f49dd62e90e05d79
bd2f2a9e8d4273a3
8ad5b63756606e35
15ce6311a16cbf79
b7e5fa107fd4d2d0
906b5ad5684cbf4b
64446de7401e28b5
d34761234e3638b4
5ff5d29c33b9dc89
9208d4b923d72121
0fb574ef4ddf4f5e
08aad9cb43bca009
cc6c56afa6ab5c70
caee67a9dfd7844c
879eeebab8ff2e85
72b0795bd63f0fb9
d5ffa06cbbc1241e
95a76aefacd30b22
02c6d19c7e912f2e
0b8e27b9029f3766
3c6a77eba6819f62
96e2e2bd09fdb4ce
3ce35739f105117e
e7bdaacb3635d513
5467ddeecabadf65
91152537e34a4aa8
0abcae16edc89ad0
ea14497e1455516f
c43d057000ef1eda
b6dcf5df028fc6c9
7bbaa1d9783fb014
89af88e66869103b
6f991136221105d7
0440f16bbf1e8194
8442f74745289998
2167ce061149b58c
fd2b52876694bcf0
9adfa38768132d9b
a85cfa39b3759647
1ff326c9d331f3a4
572da58d17e07c4f
939e3b740156bf7d
97a024335bb4ad89
78d94dd1f9c9624d
3b524133e5a5d00e
7c55dcae461205bb
c5afcc831f719c15
52fea7b0eee35186
fa85779b78a38025
9d645f1812c38eab
2bd27b98729969c2
cea52ac39ca3df23
86e8a851349eb3ee
9f406935f992088b
c1f2c765e2a4924f
30f95ccbbafabb61
bca67d3318f1bda0
1d2ab39e8d9f59d3
aedcc73e4fb7ea4e
9fb4cd942e72adca
e8fd457951a0caae
cd8474a2880e23ab
086f8fe1ecc0acb3
130a6213ca336173
6d63017c21ae8f12
a9055f37faf38042
e824e070abf45b0b
dc65c29f625487eb
5c6ae99dc9de865b
decd675e5828466b
281f1c490d50b910
2cd8c7deede6c44d
46fd7d353aa86e88
2bf43bba8d4802ea
1e67cfd95af8d265
9c376a9f31434423
9d4d47c7239e2417
0a3248644f3cb08b
a7e60606c946b87c
43e66271d5a33b47
4b1214212b91cb46
8598a3a970d0b7f4
f3d48e6a1658ff1a
4c98a7daa92dc5d7
0ecad464d5597674
413ae8a8fef7fcdf
67fecdb54b00e731
ee646c3677033b1b
cd9f493dc2f3b299
96655c08a406a7c3
c01ad2cba574aef7
eee28478908227f0
1632d2b18adc4402
71b97270a2e91581
e13fe23782b17bf3
f71e846d3e943219
1a90fd3934762c92
f10829da61bfc6a9
a72a538ec88fd126
1153021c2f3dc175
6a422fb7594b6f95
ee61e6505cf30743
bfe4e8fd96a477d9
4fad2fcc5ddafd6e
e6bf92230ef91318
9acb8aed6a8ce0f2
c72de6915c81f592
c734ccbd0f3109a6
fc577d8a37b30c9e
9854b3cdb5e73a05
9b8df89fe88b4f82
b8b6033c3e69ee7f
f82b1cd9081e8fed
4eab353920d0528e
a0c4e7a8720ab3a0
c2d7e85d8a12539c
26a8e0d9656490ef
d7df60dee8373e49
e25d4eddd9d86c08
f998418df9689c8b
2c886e683f0223b0
875d0dd041ac5633
f83c4cdf0348f1ab
0aad20d4d4d07464
cceaa4a0844c118a
b2d359c9d5146e1f
0531fe3805605aa7
a9e7dac99bad2c9b
c750e3fe1bf38067
7dad07e946548680
eebeab56ab18bd3c
f04d3a5f4b74f984
c414a4517c84d9b4
f4dae2e4d9d3ce18
673363d2d5da41af
270ca514a62d8f41
2af03c05a0761cb4
9feaae4bdf2a8252
bfa4380eb0012172
172f9715d05d5720
88e1241c6ee60aba
69e8ae9d2fea6688
759277570bc417bb
d87e55c682b2db9c
251d7113356bfb87
5c01dd4ad8678547
2ce7096997464fc8
97e5c2f59afbe495
ad68c7b56ffeb65c
59afe78686b5b618
3906de1a5b684aef
12bf9192ed154e88
613209e525d67a70
7f9dfb45dbd52911
c039f0e47f6fdc6d
53c356e14e7d26f1
3dc05d70ef4efc25
157ea4464aae9711
e34797f47a9bd130
1cc2050d1bb7fbd6
b4b33eb35650dd85
b7ac7aea41404e74
8796be04a8a54a7a
23ca9908018aa518
ca7cba85af408d3c
6b32860e48b9adac
9107e8cd75eb75aa
6899a7c5bd97ae54
81b326ef5c209469
aa3c2584d0c349b5
ccb0f617b1607246
8923c5bfea13d374
a0a97e936759e840
4a93d4e78647998b
02daf9149f1305bc
5e31c4c91bce89d5
c8a9a1e6b4f6973c
c6cb44285fed786d
45a4297571a3cbc4
a25d11c2c8d3e775
37f11a2d78f25b4b
3d946115e51fe20f
3b8ee3cad91e6364
c9dbdd9200d25b42
7aee3216619892f1
8ddd515257cb9363
b9af9749faa43f84
e2f51f9b43bb66fc
5e9bc76043334395
af4ee3d1a48b939d
b8828cc9c5432c89
5d41a8eb19e628fd
6ec88172f8f55c2b
89ae137aca9c5c6e
d6cb33ec316d1319
590d1d3c5ed36924
c5f1124ea41c406e
6e24dea964e58396
37def60af120346c
45fbd560e8cf278e
c88a59eabad64272
a8e21a6bbe944c17
0b420e3b85fd9689
ebd134fd9e326f46
e85f581c916f53b0
33e131ec098d3e95
0c41e5af8024f315
9232ffa42f521122
c7dcf13ba0342103
fb45ee876f280e27
ccc406da648e89c7
427462f9feb7931f
69072c65d58666f4
c1d14ea66d622a4d
13fdd33c6cc50524
04b2176f3bec6b63
5092dcb97c1dd685
628a00567e6ace09
c7eb96cd7f52129f
5492bedfbe872eb5
3f89e0ba0b7085f9
b458c6c709b61643
8ce83c58b4890d3c
781e93f319c4521d
b1f6cd10e580e619
00162d86e3ee352e
34a1db7ae08ca86f
e3d1dd3ac5ca6580
8ee3f7686dc4f90b
3a677e294f80a202
9f6f5b5d0483d45d
1d6138bfa57698cb
30a751e887b3dd26
8abc4961886c974a
f7e9641e81ca0fa1
6965ad3fccfb0399
0ba7e6ecccb93f54
d4e039c363196162
fb96f8dc49e39bc8
7dea849ea8907fd3
333be8d026e7d6da
b955d009a3f84c09
96e4ee9c2e771b06
fc7aa75a69047ef0
ec294c168940748a
e3e5660b7ad70d87
9fd0f21bc7118a7c
dfc02791c66659ad
57604fa1721a6759
10cb9621091569a5
40444094a36c4b3f
c711ac895bf2717b
4895b6c18239a000
83a4c83a499269a1
a662b3c1b2bbab9b
e9e8cb63208a20fa
2bc22e844500b5f9
4f7ad4469811083d
380fe50fd6dd5e32
e578b1ab5755826e
b2a4ed81617ebe82
2b2a319c1a85abc6
85a2a5dcb0fea189
ca89c1573dad1021
c7b5f2fe567ef202
8d188ad730e8fe4d
85804aa0faf4969c
6e4c7ee4f055dee7
4ef7cdb853714a69
6feb8a8ec2ba2f1b
1c67122a9addb9f5
e397520eedc3583b
c05a4df82ea58642
e3e3c5103aa9441a
989a43674ab67611
ebc77e03080c3c5e
8a87e327f3033913
d555d776f8b3e5af
45e28c568960bde0
f7b08ef1baad11da
f947ee15a0f39f7f
f77083e9423614ba
f3cb191a8284b80b
ccb5f165acdc29f8
3985207ee3682dd6
fbe51cf42d15431e
6ee632e681b40ae4
1846a62ef74064d9
ff809ea77d7e7d06
c12b76a7be40d43a
ccd5595c513ae375
fda328b9bb9a0639
f0c1703f5c6fee94
7617051cb177b892
ce65e02bd1e619b3
d778337f38a37bd7
17d1550f5569cbbb
fac130c57f3dc27b
8fe290221cfeed73
f2805da20c5934d6
a2c732bc984dc8ce
2e4df71ffe2c8596
7728745dd1bfb64e
7741aece2577088e
20c7d80329ffaaf5
91ac36873dd54545
cb7c60c8b63423a1
8fcc5579825d3078
0a28df73d6f98778
09fdbd846a0f1225
9eacd8ec08d4e8b4
be5ad992bc0af289
8005d61e4c52f10e
7f351d62298477bd
b3f02019e327c929
660a1b524c435f6b
625fc2d2740b850a
d613a0b7b6ed6628
b72c2e8513d67976
1bba39feae79a334
b7f101e68d2a5329
62acfad861e2917b
2152be5154f169f4
d7081dc63d4bde29
63bd6529b6023631
b8f81fa6f765640c
a2244f29bb7955e7
b3fa31ae11e216a1
3ce8e38d1be9c21f
9a5907d9bc2e640e
d8230d048e2d0f56
265174b8a7ad81d9
c79fbaf5800b2ec3
9ae1fe5d4d7e4893
8b89c4fc9bf88eb6
aa32445b53629472
e0027255a715067e
da7dd597404af304
8312b55bbf3e95eb
95518be48470ac0f
9058ccfa69c5633a
672842b357a24ae7
55ca24160b7f9f1d
dbc62b005383031f
9d31f90c7f625276
b8c0e2aa25b906af
8f3e850a510d8171
15aca1d8d20ca4ee
c7b829625df8110d
0e61a1056e4ec508
c7f03746808c01d9
aef55f8780546c86
f6e0307c142f8857
e2d18df42bbe58e9
cc68b93211893a68
6557ac5d641250bf
596145abc0687dbd
fe00a485c3310f86
88e45f9bf71f7da7
930d66ea955193ce
492afb24455c78d5
bd3e7844fdb02b6a
7773fb54242421f8
c0e56dccb876eeca
9c0cf2f5937736be
a86005f35564fefe
9148dd6e85d7bb99
b685e8e745d3bd67
d9c9c406deb3d8e8
831334556da141d8
8b9fb7ce8b304110
ce2f1e0476f8d77c
86f199aaa15b964d
4bb93569dfc31784
84a2e12ad373d51f
f7397d8573c781d1
317733a8bd478c57
69e1ed080531436c
42d9babb1a59d9dd
49f988de7aa5360f
a8950aa53fbe79e7
9ab185b03cc5f14f
ac2e4f75e1c77a24
a1f3993fe403a4b6
f6f579e62cc6f7df
31c2c0b69815c306
33fd3904c1584016
952f406089c1d0ac
d7edb8a888db4bcd
cfb98f425e3e74ba
60cd1053fef1a6b6
3b1f6b10e1d2c3d3
71c76b503c64cc1a
6abcb5434e757e53
9732c35fc7b11647
35336b6d4b390a93
525803cceed02fb3
5f595658b8e67a18
699db851a5601c5e
888d62cfda0c256a
ce9a8af42a05d8fd
8aaa66e9162fa674
116da918baa44786
d93d756179ca2ad8
b2ef3d1328622a20
0d66bc3213fc4c3f
74204f5338485f7d
9410b69aa23d50e5
689f4ff35ec4d766
5c51630fab0f5dc9
0076d67fd6716df9
a966bccd5e65a350
feab9c7f2dcb982a
0def54689583238a
4ebdf1e6d297968d
d0629a25e929cdab
e0e025796f117f44
2b53d0319523ee31
982dfd57692bfa35
0299012c341ca32d
ad35335b57e0cc56
177095d771e66110
58abf817f8be314f
1d7bd108d60df930
05c92d1384a08fbe
e968e30d7dd07f37
22bf850177fb9502
eecf8d7fcdf5dae6
7edc9fa1feeb7d6f
b841e9e13ed88f6c
23dcc2e69e4da996
919a716076fde7a0
bf61376b6b12156f
978848158456c711
32b593e81d5c1916
b981b16da6cd6c32
31c86404f3d5a324
7a67e7df7cc4f0f0
2e8b6f3c00897dfc
c8d02664927c97c6
2dacc93bbe863dc4
1abbfad70223361d
4661edd6f9aee03e
ff01c418322d876f
a7912b11806444f7
a486903c71fd4d71
1269d06868e4db88
b779e28739d2b048
e4650d97ef8df753
603b2a10313a9e90
9a919ec686c98be9
86664af0c3cccd24
dffaaba91cea99eb
5ab21aa7d6045d11
a3b25eee54e5944a
c12d5247df23cfe2
bec363434c5ea687
0a5f704d3ecc1b8b
c18985491e06dcdc
ea7ee2a0aeb770ce
76c2a2d21e0ef967
8322f2c196f495a1
86d0c74ff90e2631
74ccf507a9251085
32fcb01957039e20
f6347f04d48824db
19eebde67d332f1c
a1ebc7a2b4cda422
bf267b629c4a451a
308ed4514c145719
aa5668cd5877e754
b68c2de269032715
2e9621cfef746ded
4031b8a973e6cc21
4e89d4d354399b96
34929d7c94351c3f
d4fa8659fcdcf027
36cbe76d0edf2a12
4f110854d2b5f708
0fd9842a72ea046e
2effc733710f1824
b768d457f2025e73
abe48ccc566724e3
0539fb89729bcb74
c914b2b710fe7f38
3547a749d9f956e3
ee520c309079c7de
20742f512bc1628f
70d0a8b78bf0a878
96f678d6e1645b9a
7016d9ff64014c11
4c72e8e3929cca48
1ff3b1d00ec455f3
ea0b18f51919cc9d
85a1da6873859a60
58f441e2ccdd6e09
4e7191586395b8c0
080fad9c0086c07f
79efa93bade75338
475b6dfcc899e396
762fd2a045c1d7a1
45143d337e40380c
17605899056d2858
ad99b143be2cf341
1ee6914443dc0bd4
420002df2bea9692
373277c1afb5fd3c
a80be4fd2a7f16d4
a0707ca6d9ff911e
feb63756914def93
ef45febf94005312
f28fbfa0f8593218
d275405b65a16e9c
75c877c706380ad3
f24d25bb107b3850
3298847cd93f5313
ba96d4308a157dab
19d933f5d25108be
da24156e3db2c268
f10c6d29c570734a
0fb3544e979c2894
34d032b48706b484
3caa003b52103c5f
ac99eadd82c7a57d
d6e83c7342e71982
d6166718b899a2e6
9140276eaca477cf
bb89e3227cdf6ee3
0a54bbf85f2c38a5
9fb9eaed145ce852
2c6057034934d988
217f0c040bd42398
e96d186a4f792a41
7f881fdae22f0af4
74b4feccf82d96d0
70100a1bbc54c23c
58b6b97135be5b49
dd36b563c25db13b
af818c89c8c6731e
dfea090d3aef1b42
fa2dfe659eea5de6
b2b11e79eb2ccd8c
161613b324f65357
be3287c2bc3af499
94c965ce03aad53a
2fb932adb101f20e
ce7d2f0b463aeab9
58fff7a01de8add3
3bc8d92e7cc88bd9
017660ca1010c44f
65dfc8a3d2369a3f
e40d207440a7076b
b0a8ccb3886cb8d8
02eb3c5f2497a7aa
71b724089e3f21b9
c48b469899483ddf
b2b0f3ae159cb211
9aa8ee7e290a1f7c
bb4a9c84d01c5d4f
b71ad3659bb5631e
35111332a5d9a322
2841986631f778e0
605afedfcd80fea6
74a8a41a1a84a01a
c29d5d9e55c83906
76e11a16540342b9
0141b768f2a1bb4b
4edeb6a892bbfce5
3bffc35dc2a99f45
b12a25ae78e772f4
8fb1909d2f9bd261
037d00b6ea2f0730
a1ec656f5a0f5209
ce38e8ad05adcb72
eff46707a1f47322
92cbb2f1ba7dcc67
bf1c0481999c4931
f26e3fa1dfd3b769
cf781baadb7182d7
789122a0d8ff0a09
9d9e5187b64a2918
e9ec4694f7dbe674
01b7e5d818f0324d
ae95e98ca5c0616d
9aadedf973c57cb1
9bf525c2dad4fb1d
1beaaa0f1beaa832
630b8a0f9f5fa6f7
3c7b46fa7ef0c190
abecccd4d634dd8a
d2dd2da8eb2977d2
cf6bd5673395075d
e6a098bfbf396987
7c2c052bd3182020
9acdc94c9d8f1c8d
78e3696042eceaa9
acd4424f4265b90f
e46b162dbb375bab
ca53fd08b644ae80
54d3f029eefc9308
ec61418e9c0aa171
d6bd174fdbcfc313
813ec4421f826685
08aea143cc2e1100
c2fbe19d014837ab
dbbc530b4089a3f0
214003ec11a2f923
90900bee14d8b8e4
0889317552c956e3
86f01ebe33880150
01cc5046d4bd462c
d48beea08a378a4a
97d473dedca177c5
a2efc83d2179aa85
5d42c5e58cb73f01
f76e59bb67f99ef7
b822d66b386337cd
2f2526477d49d92a
a206c5b848c6c590
e48e501c68ef6a30
c2df4e9d6e12c5c7
887ba5edbe3a0180
445db2bb672520ca
74d3eddc954c9f2d
14af5b792f2610fb
037399ba6e3dec00
f5f416d4079a8c08
3e551f316e77edba
627c4d9f2ecc77f9
f8bccbeb0016dbc2
8f86f1258509a895
0e4f119b22252518
699b5c86660f9a3a
47d9519df2c66d31
6c8a658627ac5c89
e0981ac2c87cbd4d
5194726930c290fb
ac3e7032f1504f0f
b7c8c6ea4990230d
5eddce693c69ac29
48bcb0929d24fcdc
dfaa7220e02641dd
ffa0fedbcf7ecb33
81ac7daec96648a6
5c6431a7c44aaacc
c0b2f592125eee78
5a1b79e633d92d05
7c76a3ca5b25af9d
0b9166cb54ada850
29dda0743b3ed4ff
4b262c5f0cc45cf0
4489334013157f14
8544f476924ed498
fd8a35f7400e6926
252d6b707a1f25ba
6c75a28f462e1cd5
48d77d0602997746
1f7987c5051d08ca
bc0bdda22b49094e
a56fc161fb980977
e4586ef31fdf78d4
0619faa3fe81f1fa
f123673790a709cc
720959be03258bbb
441230979ea6382b
1f2020b85f4aff21
9e64941127de2681
7cf03f82a7a1b1d9
225f4917a3a9e8a3
37e0871f68914820
342562c3cf6a2b06
b96ed94109e349e0
80de0b51089812e2
bf2e5746ec7810fd
516c54b8322a2a8e
ab3deed05c0cfced
eb95a06f08ce35d6
3385c4b0a06121d7
afd20eeaca4b03e8
257422927f596712
88ae1cc4c88d1eb3
0b8220dacb9d9df3
d2e1e13934a9572c
cc81cf7a6a7ad278
9912187b78d75b2e
97e3ff0cb747f261
09c0493afe51758d
64a0c9b33d3edbcf
c52ffc9a4df9fae8
d8a007680b2e49ad
78726f7b9d24ec82
c68e05d7f1a8f022
ed7c19c1b0e73733
062f4d80cc85b4bf
efb13639f40b0f8a
ee96091327e8dcd0
4a12539499772041
300132cba80f1e8f
c2cd68811c1a2e79
1ecb42d06c21cae8
2e33b6a1b300a08a
c288965890a9f212
1e51fc942d482b33
7c1e074b829b8108
5c6238841e805607
da69872c233e778f
19c052bfbf241574
84bd1c8e895d30ac
95f52c2ffd22d400
51af7fc4ecba67c7
ba029f8949013e72
4a1ccc837d428c38
4d5d0aeb5b1dce04
e1ceede4f7fc18b5
e5d129076dc14645
4e3eff861712c569
4e736d48eeaf60fc
2289fd4a7c70217e
af513867df4219c0
8f6167666142c46a
15c864bccc8adb07
41bb4583bd22acc2
28c4aa300b1e70ab
0349120ab1b3e447
b27163ae417d51c7
e2d3e2610bc69106
d7d68c312f7f4c41
597a6c4ffe15ecd8
e0c6bc1a29c3c673
82c7cbc1d0fa9e6a
ec93e905de91eec9
26456f481fc813b9
2fccf6483efe2b5f
07d322d4ece63a3f
114c6f97cff1341e
a2f2f29e36af4fd8
1cbebd6b3399ff12
ae36e6ab67c9a98e
605d3cd6ab926ca8
4314ce543a77ccef
192e4dea9970cae0
efd4ca48fd4eeb9c
fea9d18193c27c71
74b036abf33c5a88
4ef521029795710e
fa84eefd26cc0f7f
d42df8232f7ccdf9
953f3299a5e57bbb
f0f586cd5c3ec6f1
fdbf65453c241409
6951ba935be45eb2
42c12eb90e9ef242
ce3bcf2b053bf6b7
5521b8ca2c801824
6ed85c741033e497
e12d6a0437802628
a5f48be4fee27b66
ab8ea5cbac64b9b6
486c7aa9aae5814c
9efbd28ec6d34583
045d1ae310d3f77a
090659489bc97bdf
c63c539f4c3809b5
b24d13200ffab682
4c3f40d172411e2c
4c5d0bd148b1fbc7
b48a9628526be761
386f0984fcdec6ec
7430a3e0a8ac1012
5f1d528848814cb4
3bf0cb92edbc65c0
4d99271fba310e99
e6ae791a39e32339
1049e9144027ad7e
7f79557920120d05
bd99f14818dbd68e
df35b7224490af10
91bedff306beee74
35c4fa9b4dce6c12
9add886d164bb7d0
a17b605bef0852ed
c4ac662afa390d29
099536114696d205
9c2bf6b941e5da84
17634cd0bc26e69a
571a491956146129
111265e8b0ab8197
9eee834d2e326f40
df14d21ae38505e7
edb8bdb19ffccc6c
c09e37e36e00074d
eb9c7e1d63068b9b
f0079e93e3f52ace
2436f159cbedf91d
d3925cbbf5722049
8238de1669262ca8
bea23312885afd46
76625bd56d8c791c
2201b232f60c2fec
4980bdb403f2d39f
0a75e50a70f4ab10
9fef1a6d45ed3d20
e87011a00ded1fcb
337deb345f5fcace
c61175c02679b020
e5e86fe8b278e995
700c21f89d9ec226
b1974e6bbe2e0c76
e096925effcab446
e9820aabd445a653
19134cfc5c28d5ad
42022aab0384e7f6
61d0e1d96efab6b4
c4dd6060ed1cf46a
164129e69962a041
d89b932e653bfb13
f16fd49068418f75
8c2393b81b06bcaa
305cf4083c595c8a
28e7a5ef50d55a97
9081201c30c624f0
2f04803636e242f1
128110d0d8b285ac
d773157266e44757
bc724ed7c736a1b0
351385f8928520e9
94b59c329a3d3921
0d3837143b8c9269
8d061d80a76ceb0a
f331d1b84a037331
fb71195bca5d74e5
1a444e5990c5ad4e
d7558a68e2a925f8
0d822c57cbb80035
e07a9ee08b6232d2
6d75040d24cb74b9
7bd90ecff20debab
88211a47237979d6
e2b9d9b66a383c7c
e5c844eda26c137f
1006b7dd11702ecc
b43fd52e0d623ac6
23a38e241e59dd02
44b43f612ebfa8e1
ddab9f82b85052af
2892ef572466b607
f342debbcdcec80e
67754da3ff0aca91
faff062c5740d45d
8f609e2e98619062
954433fd83e224e7
8c473c9c7221cbd0
0b1929b3303be109
cc3d829486178e7d
96a6e607a6f9399d
f1e3ca564a640552
a485db5956f25388
d45d90a3034adef2
f037fc054af0cc9c
4704276b18e820bb
7e0641ee533932d0
d8ee30784440c876
a9aaf21adedb3d15
cfe329d80ed49f07
e4ad2f76a68beaf5
c7cea6032a049c65
b6b47e68e3e1acb2
8296098c049c1a91
0b8b3fe80d6124d8
e8a2d19832824cf3
568530da990fe264
d315e951caf3ba8e
5fd5699e06c34ba2
ebe11e5669533509
8f6b00f1fbd0a580
3944d059a016817c
a378faa77f8183f1
04f0c613442e770c
3005b0a250e2d61d
3ac6090a81443cce
ee53e6e047b2b01e
9717f887f0e2875b
0e9e4d7ae0f05f52
e82320bb1a41ee4c
55985effe8672473
44e46d2c17cbb510
7fe8dffc69362c14
5258640b0784ef8c
913705dad0b5ff51
c0c473ce55402e91
7201aead80b45a89
a66fab6c55f8bee3
30e07694992ecc69
38984e4d42731178
dafc49550e6ba9f9
e06fcd7a63aa286b
844d38d8f4be32ae
b960c40b03f5a3b1
0a7343e297fb43dc
1d43594c19ff1ac5
d3a013ee0810ebe7
2ef699ec4ff46b8c
763ee204c86d555b
b1c6097b0022cf35
0a3794a22a261394
39718754f2ea894c
e253aa94deab32f7
f5a12b498cf7df53
d8220dbc952ccad1
184d2bf574a179e0
4d919c9f553f3a16
a3f4ee7b189f6e1b
eadc9575bcc84099
315cecb373c3ac15
f01c41d6febaef0a
850cf5ee42dd2631
b6a5cd6625027db2
c6112ca243e80534
59007acea4d8242a
e1a731957c0b2a02
1b26fe30fdb81f26
e8f3bfbb1afd7753
643792f16947db07
24cf9e7b14654e7b
68a71960b19b2ce4
2710e2675f88fe9e
3e32972af4f456fc
47c02e2c6de49921
30f9a00fe2ab6ba6
f21808b6f00a34c5
0fe255d7440361d6
21fe3d4d9f6b1350
87217ce1456f1d6b
772a871678f26f73
36a2662f4452b05c
2b8c28ffb04033f5
23d7fc44e29559fd
24cfb539a5c7d33a
637fd3108dc13252
1d0a9af0c7209b2c
0c62812e8d061116
b7b7068c330fde9e
8e96599daf7f8f4a
ef3b6fc954cff919
41303a3f960c4206
b9eb2781752d8254
b1a34ff259672f6c
5646bb2761fcc9b8
2ac884d633ece725
0baea7fd0e6bcd6a
c8e69cc83e23b7f5
93a6af71b79e2188
f1dcf549bee172bd
7f9b61aefbaef6d1
0ea66b30f83a9ab3
dfa69be06d6f86bf
6401bdf2541416e3
30b59d09d7191557
15f78de44b78e2ae
7fdf28e80660d7d0
8956a97c35e92d76
19c46c5b2bbaa88c
59e122ff9d1265d1
a805129ecb732abc
cf6f8324aad88a22
bbcbecf6a0fbb639
b0ab733ff1b706d0
4812c5069412d457
811178b916c0dee5
8d9bdf5e72497296
31b70c3e79290703
e311341b0f834d8e
958f23c7b027e6b4
349c4e43bee4ced5
505059b85cf1e194
a993c05576d17b2d
c9c2b2ef273227fc
8f15748329a82e88
211f0e615f43a917
3f1683e65bdedf44
52705d68b7781000
c25f7a769f091898
5941dc39f56cb356
3cbc5419363ef64e
c7aa32161a56cc78
8a8970abadf75228
b7aeba9d4cd36533
319212335f829684
1d22f27e777a9476
7744d30b40cf2583
f1bd796206f7a0d1
90c2a8f4c9881725
06c5d79b12e5a2b0
f82eee0c31682af9
311705611b46459c
334ed939b5c4b3e5
554a5f5c8e87e5f9
19310076123d72f0
b41bf2b752ff613e
6a0d857ecbc876c0
e58a601e51622208
1a7db536546bb2f8
145671e63e429b56
5d08b6ad75ae5431
ed0e7e2a5b446769
fb12e9b4c85e090b
52ffe88f8f310df7
b463423710bee7fd
932383623ae3180b
c7d3048f9489d210
e6b96111f0b235d4
e1e246b2fc5dc877
add311b3d26c614a
9692f4f3d2cd9c5b
409766806316e196
7675c94080fcf24a
13c2d6e2dde3d0e9
73dd706248bc3303
7dc3870e0e4be4c7
b98bc9b862c959ea
87a751c04148e345
96cdfde6b1eab5ad
1959c76518504365
39b4914d7239d550
50d7e8662687e90c
679922851b81f554
b9832c99d3d87fd7
ab3f5dfba6c9253c
cc137bc0096ce759
75d61ed29080acb9
28bcbab792af4b9b
644765a2b270c816
c2bd567d1dbe8c98
9935c2ed93b218bd
522fed46f7946a6d
62dc547492212e62
f89b75a5ed43437d
9877dc3ee67d4aab
ebb543afb41b3f5d
0285abb3ced72ba0
360396ea7015d762
29d44351b9d0aee9
07f7acc1fafe3ef7
cb4a246604de58be
a30610738f14407f
166b104f27efd33c
1ba47ea13db2a0a0
10a42b144440f698
5bfc7b333ff4e358
10e2b9b362c5c8b1
fb6d672b1e9fa9e8
f83b769d651404ca
cad83c9c27523bfd
b85ccf81eaad229f
f43082e36fb12509
8ab46d356e776a54
bf2c43c1f1a764b7
41301dbff1aa7b3b
ddd1a29ad08ed40c
63db00daeb0a67f7
d3f3c7ad49b0b314
f29c28d6b5b4e2fa
58fb1c08a13dd841
e9e7feded77a170f
8627ec21b5c0d8d5
f37d8125461c99b8
3970187752ea6cfb
280c76d7399ee740
3c20e07bc49817d0
d8298a4fae3844f8
a885dc35c67de660
436e8bbe28010ace
08120da281932d92
5ce3e14a79c77ac1
369590e3712ef5d5
d6013e8e5508ce5a
c80ff875b1d2f889
99ef7aa58078df9a
1272f796f959d609
eefc150e5db4c045
cc02786e1d22077d
46fd340b419673d0
ca30672e6a2cca73
2e9c9b7af1cb3528
cfbaaf893230e7c6
5304cdafe668ff4b
ad5a815017ff5da0
0574b2c030937196
cb2a451ea33729bc
862fe40a0ea6d8c6
c5be51e2a193f7b2
764ce0fc89dcc5af
5e849b61344663ff
5aec47326ec6370c
84ae57565f3d4ead
dc86c6b5e6094dee
ca05861387c3e820
5e046de0cc2bbb7d
9af19254cd91bb3b
7f889ebd81953076
ab4900aa1caa9960
36b98b1e2ba24ef9
c0088740c9378418
d272d551eec5715a
5f50657f89a8b86e
bf2d5a6fb4c78c72
056de6f7cd12559a
0345d05688eaa65f
5dc2d4457b111878
523a5b1b5fa078c7
44b08d6a0a921ce7
06fc5cd0ec3f3c39
29a5b6b024ad8f14
11711471ceb75bc2
6bcb74f15e085c04
d2e3ced0caed4bcd
77843dfa2dce0a1c
cb220d4c9d95e5a5
442e3d5f474d91b6
ff8509ae8917aed7
c38c3854468fdc4b
2e2f6f109c070c50
a2131ce5ffd5458f
12b8da3ab1e3aed0
54eac55eced9f69d
84e5b803489b9d3e
8fe6ca52d73b4d7a
188b1f35f29b78ac
b51f342cb944aee0
0966cdce22f5ac96
f2004a7b8efac744
bf646317920a5827
5b24596367a9078d
85d33e06df4c3bb1
d9d657d484929089
12329d59b1928d92
7b04347f6d085192
3a798b48945e5794
591112f2ccf9207d
b60289ebc9db649e
5765285a4aed66ba
00fe4d3f7033b684
82470aacea5a14ef
0c2ba3b143569cda
775065fbe1b29f82
c74908e5198c60f5
24f99ba39c13024e
6f80c8a65aa095d1
6d0932a4d699f369
236fac2bf6c43892
73f6c11bda8601e2
e1c9892dcb9e482f
845e1598fd3c71f8
65272dafd5bd8b20
4755f592141684f1
de34db86ffb88f68
ebc1e1443609aeb0
9a77df57e84c43e1
f6874e3c2f33ba93
fd963ff4f7c258b4
0aad70dbde144caf
20564ec197f2e14e
4af38f6fe62872cd
87c52b65fc648260
42bf602f2c397b78
7ebb40bd5561d4e6
de3d4c3aef4c410f
54f39186cf2e33ef
b57d9fe1b30fa38c
613d5ebf1d4b616e
923da483e63b05b9
ca44bd89120b74ea
41b8b546cd88bf9d
7ebd92a685d99287
a23de1b03e4644a9
2d204b3853db928e
ebc6cd4c4dc35342
70e20d634ce5584e
17abb21c18c37ece
c80c9fa5ba61ba1d
8e998aed4fe3130b
35475c7e89eaac67
caf52707e3d448d3
d864e19171ccd48e
80416abc041a83ee
5b30330bdbfff209
6b664a66155e6cc1
52320da5ec52a228
d900db9abea79282
bf42c4424400f144
1ebb4e30158b556c
7705c34c7dde4860
06f171003946b6ef
716086604d145c7a
3773436e8ed2cbf0
3f0903c8ebb8859b
a992506faa4e7dd9
e5553e19db9af11f
6ddf1ebea740d451
3c0a0571d06a739e
854abf342c990042
3deb5b6242a869dd
a1a9838b3d9d418b
d94423b8d1fce58e
78fc70edfb500c7e
24ed3824ef3b3e22
fbf96291f53b3fe2
efc2d4f556ea58ff
c0b1bd50d228cc24
7ceb130297cfc5b3
c943a16ad486baf4
d6b52e7aeab5101b
e9e48c30658bb479
96a63e228aac956c
4aa57eb51ac81649
07e10221aa8e402b
9c3d8204823f9741
d86efe14f84e7ad7
6978e2356c20441e
25bd40e2f2183c99
56bc743614b97c6d
bb0b685a7e522f89
9809b7211618de19
6c0ecb8fd08c196e
170a26f30cad18ee
106be6a7159b7c0e
374889344bea2acf
4bba78c0db9a1c61
8ce10c11d1c426c5
772bbae92777be4f
564ed59901bafa2c
ab89627a5acb8e08
4c66bc74ea0ee9ec
135ffe408e19e5ad
c3c9133b5c98b36c
ac8e2c2db9456c42
942446bf2d2f4c90
9e544208c9a8961d
4371d7b04aaafbe7
c466f6e67b3be733
d033415af21cc396
110c6cf30ed416b2
c880a981e34cf3c0
0c8d094334b467a4
3198b8bbdfef2cb5
f2e9d4da2a7eb48b
0622a681ebfd8981
e018815ea4221b5b
a29dd10c4ebbdc21
bd115325a73d6f03
fb711d6a0236e4df
f2567d5827f6501f
b4dd943211afdf2d
858f394eb9dbab0b
f5a388830dca10d1
1fed4dd280cf9c41
53aa9f2ba0194e30
d2e941f0657a0466
c12302db8051a024
6c2eb3290e277352
f4281f448e893aab
97f265a7151a1f87
6935c2417f17a02e
8e3c75cdfaee6424
edbf7e081f4b4c27
7ee1d19ea2f06abe
9ad2caed69fa2811
80a19465b1879838
bc545fc70b8836fb
38b8cff29eabdbfa
5e1584628d23bee4
ee84f1e03790e94d
722278f39fdee89b
91a5146dcbcb2412
34280dbc234a0e24
422bcc2edfd4ba97
742c32ebfe4d8f31
4ecdfc1f6b7e22f4
2fca7201f15b6c84
2268af0e0327a55f
0b68b0dccb6de0a7
fe557d7948ef800e
e2201cf7e5c4560b
1d037055e9ee62b2
35c5751a13d65e27
4280a1a33509f711
3b2d8e2b17024eb3
10748d1563c3f426
9f5de84954857b7c
4c89630fca66f203
6c490565c96eecbb
66b43171d82af270
81e279e03a69c060
abe24b9f62a6b053
557ca89c0250fe0e
3eba551e1cf0139c
a5e6df0cb2cf50aa
d269ec2b32f732c7
46e1b46f5ed33956
a52682f3dceb2776
6d87f1b6274a977d
175858322c580c1c
8b85e61a876f6443
37089daa9afc89e6
e8dc1a6ae94566f5
9ed54d2d17a767dc
7c593360445514ca
da0aab643ece14dc
ea4483be04dd89c6
a7387d1325acccad
bfbfcd80af70a62e
3d7d51a8b6f5f144
e684c633954cc0a4
61c91ad9b2d4a883
693dfab0d46b08bc
4f6254c12ed50692
12175412f9fad497
2e8726ab3c87c5e0
983540181bbda082
4062bfa345315c43
c1fce55f9e9b2c5b
55fe1474689b9e76
4b6293fe0b0548a1
bc44fc0028fc4db2
17127ba859ddbe13
6de10ef9adbf9cfa
2a82109bc82a3fbb
6bcfe6ef73720ae2
194005bad54a965e
50bb8905236aac22
54e95933674ed2b8
f6e20e9195a4be13
3db78943e0373ead
4e65813d113abf7c
84657fb3325ec66b
4ff5c9e67870d526
0315dc0ca23e9a46
c1dfc8cec644b1f3
56554ed5cea7cc32
4f15fe2d9da924de
6878ce335934be19
32f37fc1bf360d85
66e8147ce8aa9d4c
174103923713fef8
7e62a725253ff2b8
8186c29a8be77e62
5060fd868dd56c73
c3eef5fb25076dcf
c13b25a87f96cb42
6988c05bf20646d7
235393240d983cb2
474bf5efa2b2d534
0b874120bce1b002
746b86d4845d0e07
3da42d0891883f14
83ffbced1e3adabd
670c474f89e7f3d7
68c93f334f40994c
b7f94fd952022315
9b609d6d4335203e
3ec44df5aa674a55
9d9e95fc8678f0be
7855a87fdcabe404
80e22b375deff9b5
d91b6934b3fdc0e6
122c66e14b8c3a30
27f69139136438af
b96530095326ddb7
450aa5f31a9333b4
3fd203dc4560d4fc
6fa771cc91bba9a5
6dd120951e409f93
d11f1732ed6cc7bf
4a6f989ecbd5602d
4fec26f14547b76d
b9d70322580fdb65
2563d10733f1ab36
2cb8068202862a67
e19aad5cd31b7935
01534311bba56097
7290ded03740f234
65c128501f6e43a7
81aa8768e12e8df7
7407995de069ff54
e80fdc9aeddd8273
4fb806c35a3420a1
d1e4696be952f1fb
3de51b216835701e
62c17ead647f29ca
814e50f1846cd838
a01e7f527257b436
980e2ba70e6b6bbd
c8c8b0653f5305e8
7f066c1a0b4b4234
ca9ce337cf5da8c2
b41e2b9b91204fb6
0dfd3e5ed86a5adb
a107578737ec256d
8628b4ba289d6c3b
1ee5dce1e9cab5de
ff32d85b2e05d869
459d0a34f633eee4
f3f511b49c0a39ad
d43a6f6b5ee6b50e
82b73ffa0799f848
7824364f6da8924f
281bc3bceeefea26
4d2634876a8c9d03
50728199286f5ceb
1be5caddae4481b9
15b6d1c863e3c02d
f5b7a254d0810f55
4a4c2b339414be4b
dc2c2f223c1dc141
d96ce4cc5c5249cc
2ed3423c2d50348d
d8ef23558871fce8
cf59647c8fa43801
985496c9b064cb3e
6d28876f6941cb44
3c4b4fc2edfcb447
6898cb4d6c7ecb7e
384d760fb5c1d563
43f8235b95db287f
ffb40da837d2e250
ffcfe4927cef50c0
3acac37246cbd765
95769bfca4543f47
4f16fabf7a753249
f9c694f89dbe4448
1314f54cf5317e20
6b1cdab5be8c4add
517fe96956e23915
f357dd0047991854
b3fe09538f6d1552
eb41370ee3fcd851
b1d53cca9855b383
a43223fc5982b0aa
a0a611735e325b82
f0cc22061ff5ac25
cfd2c857c3ebb698
e357aae46e2cbd57
d48de1f681380999
c6352d9b16b057fb
a9bc185c7649127b
fa2c93dc34393ec1
406387a0d2739a27
eb315fa8885dc238
f07733053113d51b
14ef0dcbf1a00e5b
69c7cd7c165ce53b
13d922a61793d2c8
75dc86d1662703b5
f3407201e45c30c1
f465ee53d7be98e3
2f5cf06d078398c5
7069c241d8ff4e5d
1a45127a53755202
8a3e76c080be26ee
1b8a0806f5642cbc
f7f4d2f02b1b8600
5cc94464da436411
230280912252cbf0
2bec0e65f964fee3
681351fe97af7fe0
4951e821cea6a5fc
4b1bea45ee1b16e3
7a4205a9d8a977ea
861089d74ffb0cc9
697f8625301643dc
28e2b3937af5ff3e
a8104acb2cdf9d40
e15f84ac1d71721f
5eabd62309898f7c
3c1d72d0a78c0002
fafd3ab0e5c89269
337cff6e2ffbfe23
35a9995b7f8279e5
c4378579eb488763
8784b7a9093f55bd
db7a122cce555e86
9c44a8dfef742591
7a180deb99da7f2b
ba31ad6019e5e4cb
2626c9aa343d0fc6
48979bdc27db38da
18703ee97e0226a6
43ff6fa870301def
3e19a23072b3aa54
b3ad384a1765177e
27905054c0205fc7
972d10e62d3600e7
1b7ab3930aebe161
62052f8251a11600
8c40294d45b39928
77ed29bf20f22e85
cf7d809353462ebb
2f9c83ba3e4afbfd
ed2b794b5d685495
d970cf92a7657285
1f02a698808dfec6
95e9b4d59d4731e0
b9d151d1cc4946f6
628f122720b6d70b
65849d7b98a1bdbe
0806e755fb943ea8
cd81978ef79d2348
c811aa34552d4ca9
510152eff3b23850
937ce84233818889
2475757f86301140
f22ff437a0cf803e
6dc70a886fb61aac
3495d11074efb87c
bc23caf5ccf37da9
001f9da9ac21004b
11d31738cb4b230a
d9b8fc9e7b1a1237
e0cd3f271735cce0
278a663721f451e3
7be59bc06cbd7449
292eab1fe6ca313b
49e6000773b82eeb
6cf02b14099dd7d8
339119436b1e9c00
417705d4e8a63dbd
da034748512091f7
0465b32908e475b1
7fe3b589831df062
91a16a91c55a16fb
1932d36c1f06be1b
669aa27e4f8de7bc
4978d1d3f300b6b5
c6659cd2d1388d64
e53b48d319c465b8
b052e6a490616bfc
a033114d565b0fbb
aabfe97c5ee4adcd
096694fc13b1f8ba
c8ff373fc65844df
8927df6836a8174d
02ad0b71d9fb5937
1fa11295891926ca
dab9794ff3d904a5
4193dc61d95f36c9
1ce7ca26cbd2f324
30a1e2b3815bfdc7
80b5b3cf5c613a60
9d8e97517cf5693e
4023b240e460bd94
4a1ad2a2e451c7c6
1217bf2208eae832
965ea0566fcfd971
2f52feead1849fe9
51f7baf68cb90939
5806614d372108bf
1226dff228fedd4b
2fd0f313d4a5d0e3
13f9d62915c2b618
a1ede52389d172b5
9b270e35f5d275b0
56a3bd142227b6b1
32f4e7a2c2ef84ab
d9eebbf1f07e3ec9
3ae74d8ff1e048ab
1d84acea45452ed2
6305e8d94b9905e8
19a8e02df21afae5
c5e6005537385694
ae484c2b650ec0e2
22578f939e4bdd07
ca9238efcbdeccb0
69ae3a5ceb7111ee
24a6bbae1182d39b
60baafbe90c932a9
2bc8249973a6be15
2ad5cf9ad1aed592
0f6849565e535b46
32ab8de96f7a59b0
e599db6f3ace0f89
4cdef24b727061bb
bfe5cfd4d18d7a17
e4be31eb1095be7f
041bbd636058892f
9f57f79576ffc881
f73fa240b98305d4
ed769638efe7ab6b
cd58e4358a515923
659a3b1a91629ada
a7f91be1801606e0
d7474d0a9f3cba31
4da3cf546d4f392f
966b2a19b3910a29
c1cad9c1b8676499
6a9ed6ec38eb27f0
22b12cadfa8261ba
67be150050f780c0
95ceda78769acbe4
56b3bb68d2246168
c0e8eabd8bf3a6e1
7ed9c0adb3635659
e7fecdf7eacabef4
11c29d7c206df61d
749bad81dfa93855
a3b8ca191825a53d
a77e14fac373bf86
fd6c1c663253b7ac
47bc89437d4184f6
e7a8a5c2566bc402
de671dd232649013
c477513270c000d0
7ce2a4e2841d99ad
277e84b34f2747ff
f54afcb347efe07e
3fc815bd1600ae24
51b6e4a0f18c7889
601a2781abe285bf
eeb2f85d3669f568
afb1e8534bf5802d
63a4050107f9d773
c648969f38a42b28
2733a90318b646f5
0ad91277ebb6f6ab
1933f225f4f6644a
3357d902ce3be89a
f179782e3599a118
8e53c28b45eb3722
dbcb4a81bb7a8adf
1a7aa0f879098a19
8c06ebe7a5d0ef67
8e3d990d52f43fb8
f806ba5e6710c550
fe17e73a4d393ab5
e089b7bbc2321416
259f4b7ad23fae05
0e62d240c2dfc4de
90e29508d6088f22
97b4e61c9ba418fb
286053924e593366
e559a8471333cfab
0204860a7b41507e
c254f067a99bb144
f7e8031686ca5dae
addfa7daf6c6735a
b41e337456c11ba1
1570cc75c812e65e
211815eedb83016f
6a944fb93d7a768e
a014e0b489f1ac1f
e20a675ec765dd97
e2bcfb34c2853bb4
188555a27c74dce1
f531eeeedb72f943
8993e049bcb880a1
39ea5501c8402c4d
3b5dd9bfaab5c9dd
f0786b529040c3f8
de8595acf95f9db1
07dfed64b756f43f
04d8a1a214d14228
632d590ec602825d
4d23f63cf952ea09
e2638bb408c04057
386f59dfc34fe508
615c311450eeb44e
a26dd9d26b78e5fd
da7fb9cbc38c2367
9770cc1d5f108806
308e0f623b61cc59
b28f867b2ae0f9cf
72fa34ac9cce04ab
6313c345923d38dd
443c12b13114158e
bdd9ce5f29ff5daf
7f920bea902487be
d4ad522cad85b04f
71fbae2e22d40770
b20033b49f980ade
f81abf3abb451909
e09adfe38114f106
b1970417815773cf
a86a09139e7e88e1
dbea2b2405a4798a
9ca79a9ac1529243
f3460324f5dd1311
639db5f8602508b1
3c11bee69f727ad1
6af8e1e291dae690
207c0de19d7b7520
a345b64aa978c03a
3fe7d578715812e9
ff3ad0e0f0a9fbce
eb320c848689763c
021fe6c257a6c7a8
b340182d531a0fd1
682bca6c549f0678
a7fe70caaf590ded
d315077754525106
4a1660041c074e9b
4f79952424b0373c
bbc706f5eea2b9a6
3d488ae9130de415
166432a300a215e5
cf3d34e339044b10
6716e410a8457ef2
a703ddce294b80eb
703b1e175198a683
137729acca18d71c
3bfcc9428e5caf14
4bdc9e10e247a0f6
3c3a81c290d42ee7
1574a8a4fc79eb5f
02a10bf510d4cb7e
ff3cb3e6cef24e09
51bc7c9d5b885992
2f7fa392e6d28653
c9b9149081ff53d9
444c39e3cc66a975
28153059e1b553e5
2ff9671c344923b8
b10c2d61632bf558
9295347f8445f806
cfb665e2a99cfa60
a522882387b1668a
229fb13b75f7f099
c3386ccec0dd6e3c
8d5fa83306ff09a1
8b39dd94fbff2a6d
43f6993590aa7b65
84bb64c81be56057
b9c9befcc7d82589
9cc174ba4b01c4c9
1a5d8137c6f49a59
d9ca7983aba085a9
6b578f7350956f29
66a1b75dabc1a773
42fb7c65db3a886f
92b6794d9cd3effc
894e2017a426f9e2
c9af71350ccb12fb
680d615042b5dafc
6580fa6090584715
0e2f284d5b0fe51d
0e506e368243603d
8ee88370794678fe
6fdcb908dfdd832e
425e96c3b819e656
da411796485d837f
63eda15153d07d77
384aef96a265516a
a4b8e47c6f0f1044
cce04c38cdb71116
2da41becc6fc2412
ae5e7be136cb7073
4f2a4ac81e94bd18
0ed341cbc3d09723
4964c09b572083c7
311b6216b9e79e72
3d85561900c52c57
939dab9fe89e19bc
fc3e1800d94c277f
98aa77d17d0b3e94
c4e71f0d2ec82216
4a78a6690960d6e8
bb967301f74dc897
22c33c5a525bcfac
5394db86630ee5a4
6832cd4dbfff5fc9
a9d3f710b872f120
8ebd1a1d20d17f7d
dd5403fe20a45204
89ef5f7f2f103e53
35e0fa12bd8bd02f
e3b018f6c7cd42b9
3820acff1c459c5b
3de6e00789f7f403
e89bbc229b5bafbf
56a2ef0d8beba668
fd999519fe6b668f
bca57679fc1aa449
391e7d61f4e0f004
e826407ae9261ca9
a28f19aa98547058
10f0f426a0818cee
7b91d26268751316
36e5b60d9a6ed2fb
df0013b0d4e632c3
0716842d422d9d73
39113bbcb80fe93d
da717a8b1cf6326e
e6971a351ca23d25
34b48bd3d24661a9
c602940254a088d6
30bef2d3730873f4
03837f2376fe28b9
de9ca255ed96cf24
38c397622a1dc7d5
2f9bba558e27055a
662babc6a3e103ae
6ccce8d8b57feb35
40dd96a29f5a9ac4
3444ba926efac928
93685402a41b8f3a
b3ff9a57a7090095
44968525d0c9e444
28472868b5bb4291
6167e8d9155fccfd
4996d06a1ce392e0
c20da04ee878a273
55a14610d8cae9e7
290223d840d8b224
e04300889a0da182
632d3cb97a092c1b
9edccc55f17554f2
3f7153875c7c2bda
abd5eaf7ccc1a4ef
cff513aa3b31abf9
1ad0fa592877d8a8
6c8d0ea31328270b
9a66ecaa5f6dfcda
232682cb259ddf09
a9d3f16fe900773c
c4780be73450e193
9f4ad64ae17ebbc9
509e4594e2e5ff52
da42f7cd6d92aaf5
c648de5796ba6e83
6e228fd8c56e9363
79913cd8722d47ef
335b22040407e89b
57ed3e0a8822936c
3ebe7e5116c83599
b716719d71334031
f0bf8302a123bb63
19584201880ee0e3
2881f6c5168761a0
8e1fa30cf48da5e6
ead7506bf97aa93a
d475f6664c5555b5
825c9d0e7c6456f9
d3bfe4021955c86f
76201db3f66926e8
f3b2db50f1e404fb
296a7acbec90b076
73750865d458b793
9b7de870f338b288
5f105e6b66219e31
1d0beee00a4fd30c
b07e063176f3e538
1785dcc4c88fead5
41ed4cf1b2da427f
6d6dd57a9bc9d81c
a29def70a8fe1a3e
25097e01c37a8931
5de073e9c50f0a8d
f92d2ca12b6aae56
b96d37b517fe2941
2fbe58596d35fbf2
dabcc3db6447097a
16d08f8624866882
3e67791b0e2000f8
93d9a479987d0b4f
481a8f19f659fc41
bc2b5d1b91ebebc4
f64d32f1a06720a5
e4cbf25ccac612d1
a4ee1ad7a4bd9f94
ef8a4bc1004306f0
5944155c4a18e668
a062fb06791f6d2d
1d2612318d0c66a2
dc240588d40d15bc
4f266b73b44dc08f
35d2bc042d71ce2a
5057088ffa4ff08e
29ddb442da1bb0f8
608b018af0cf9902
d3b8c204826c6eb2
55ddcb9c00d635bd
aebbcadb0d55f7d4
7171e1b7ba86758c
57db465d6ce87cc1
e133923d334142ed
3d04648322da9569
18ca38c6699a8b27
e74d888d54ffbc04
cd34a5abaa37ffea
c5cac7de54a97452
bf362cea2804d8fb
2c21a9dbd483b659
4c07a7d740918415
86fcbf639fe87a64
62a0e7ab2377d5c9
d9a9d2fc1499f98b
c1bc212731ecd6e1
449c398908417161
e41995c4dddd84bf
d55e7e3026a77ba0
a5d957c0ba85b3f4
6049908ac5208348
3cf21ac8ba546f87
11aed7be102b823f
07a69c6d63cec4f3
a9793968f536c7ae
d8e29461f3414e8c
51c64d1f1dd4f1f0
4b4c407a6d73c8d5
3228e5127aa45580
10330e4416f8aa2b
33b024330a964029
0ecd9a81d6d66a83
f11ad30d9145276c
2fbcaa43fa4151a1
5071ba0d0529f671
1d08ff3d9ee90622
c92829e2ec6a9ccc
f8204c53a8bea561
fc1feaec8f1eecb2
db58c8ae824b78f0
bcfd0cab217c8dfa
bb96e959ad01d8cf
82c21b0476d5f3d1
a416e0578ef97da5
d884a908e93caca8
4632d84f9d019773
d5f24deb8b09bc9e
33e55376fb694fa9
ab15ffe9bbb9c4e6
f6bb384d921801ac
6284c29cde34972d
a9fde17196e56254
d6c45755efd8cf20
67f8f53dc5b67bfe
b8d5ce628a885e32
010bb8e0f0751aff
bf210565c2c5fe75
b0f3ba2fbef820a5
e183c6fdd1aa1a5c
264f09b3b3e2e13d
5f477f6fb81c80ef
6765df7f65ff4d56
308856cf3bf10fc3
e33223dccda55877
42165e7e6416f7a8
916102b425018c8e
e750de81405dcbf3
29eee0a8a60bdf74
98412d60a5d47c76
27523c3c4c9461b6
6f970beb151ecca1
dfafc34d0afbb0e4
a77846a4853b5c58
f0f4ecbb1820e02c
fb2661c1a0149f30
2e07e29c92acd56a
87033e6dbb917622
4f00f8ca3d97a8a0
92d7488ecf51d401
4461e72e24a8dd8e
c23e333336ce06f5
33aba3a205a071fb
914d70123005ac10
94ebd4f2f29b1bd1
590428250cb0fa8a
7795239ccdae6002
48e64b9b9d3af995
81201c0968ceb610
12a3f8d21fb70125
fd7fea954d3a9d39
43a816862a846b86
6827e74409409f39
ff44d206c8f86422
53d92bd09a789805
618e88514d2abc7b
9bdef715a9f1c878
219a9b8f3e8249dc
465d2f81a491ae05
7fb1a904ef184a4e
2e85d46ab792628f
42b700c0d2537835
602fc7f5713fd126
fc028bc7996aecde
2424236f376f0672
5cc8043730d93581
cafe8c44fa9c2fa3
c701f3380d65ad06
e2c7a6aa9f591ce9
8645de68bf78424b
a5082a769470997a
14736688c7fa5519
baba979b594906b1
3b2973174616575f
4c644d3d7ecb8c48
6908732f67d7ca19
57d69b9e2e1d9dc9
dcfef90a6e619f6c
12942dbe44b9c7e0
c88ebdcf8f74ff61
8bd89c3af706e744
e8f32fd416d37c42
8f72eca65b308077
c9ff18ed2d993b20
dd183007eccff7ab
0b82561a236a25ca
2d37142c883b37f8
01734a5133a03e26
76c67803b4969a47
79479532de293d4f
73ecf3e6e3b7d070
69b3f6cecb8dc727
449871c5fb9401bd
ef6074328d8794e9
605aeb6dd1ab23b5
9728e80b0c3a3015
ddb2c3650a6154a1
a8dd498df3f8febb
17d8d63a836b10d3
cb815b8a5363f60e
7086263c21be41dc
beb8543d64c29d5e
eb354efb9e489d63
35b9ca2ecfcc0411
84b4e9fc89487b3f
aa2e3d30b59503fe
c22fa4ae0a6bb7b7
f4d000c9725232dd
f2d3b2b9f5be0a28
277e447722571ac0
8fa3d6514cde0f19
29fc10b1f1213286
48a15c5f6e8bf948
d05501091471d96d
3f75820c4ea5e123
11c44e8860e7c310
9f002b68ab1073b6
709ceb79d4f73b0c
4905d3abf7f0b3c6
6a7e14aa8b570031
8bd0325c59c0af75
96619ae873072f8c
c2ab249b56aa12f0
f5d4a377d99c4470
a05142d6f73b28f2
cab4a21e2892b80f
bcaef7558fdb6064
7ac1e78a5ae121f5
d66398c08b8a3285
82a759c37371e5b0
94febbea6bad72ef
ee73039d3cfd76f0
b4d01d5a613dda80
ed88de74f35f28c5
53f1e4d51f3518ec
c23a6387316d003c
c6386ab327723f12
970d3ead6a9874dd
8c3a37df3bd63d31
b3258aec95cba643
5f9113821204d6d4
2206fbd854580909
179fdc00929f7603
855ea58c527ae98e
d75489a4a7273793
00cd5b6ef14cb3fb
d6e4ce17ceedd298
4de9201e1626e740
a310428e068c968b
fa2d77a689c8f4af
9c1831b3f08067fd
636a65a6473ad67b
23d204448fba67a3
887c826eaa1abde3
fae9e7437da92fab
8ee83912f0eda797
48161ad6a09d0d2d
aaea83dda1388f06
b809c93e63b7cfda
e3462e30d8362ca8
2da0ac0c5673b732
f130a3cb522af9ea
fc25a486cc21c352
5f63bd41f2d9a3d9
77252e75bf5a80a3
163beef4a3dd4fad
c5783355874cd53a
abaf492190824bb9
9a12a704105582e7
b36c5974884ef176
f50a112d356168b1
3e6a75c6a171da44
171eb59bbf487fe6
99b2880122b02ee0
b1f8da8281a96d3d
ab4e81e5e41a6a2a
385e8e9eb23f8114
fddea74c46155a3e
0835d49349114662
c588c64a3bf9b75f
9e784eb333b7070e
c3f5596f1d4c9189
9a28b6e3719d8d92
b8a05b76db97af46
869f06099eac93c9
b394e8eafd32d1f8
b616d129e2c48057
06a6ac20306e8642
72e8d04c6d5fd115
e9f81767bf82a13d
427e1935df1a2342
50e76ae9335ceedf
a29d9057409b4c20
1a61694282e75836
6274c2899000e98a
cf819ad9cb11c795
84a192074d9aa810
5f1f522c590d90f5
22e6b2714b92f789
2aedc4018c7a549a
a03d1edfbe104515
320f876b9f77ae3e
3519181f4344896b
a64a83b70cfa112c
f47c430fb36197d1
7d36fa1c9ba4f3fa
4a483bb969038a12
bb573a6b2e6f6e45
60302bd6741518c3
94ee33afa1a07989
814b585785a7b1f7
9711d79f6b5ed9a9
8f1b9a36bec19c8d
825580583a8edc21
9a116d185937fe31
fe137515101e23dd
a91b5725a2487043
719c93291a918265
b9bd4b2c1fbcab3d
d65d006e410ce4e7
075e08c7975c0138
c035f2574e1148b1
9ac3ce6a17bd6932
bc12d6919bded6aa
67896a19005c37ab
58da11b922d346e2
e7eaeef434c11b03
bce664b3894ec63a
c02740cfdcb634d9
5a627c6f1c9ed470
9feac7f9a17113d4
edac195f499d4777
75f613c4c097564a
c8f155e9d50963ac
60c4d9d728f35aea
98164dde66e8b05e
f8ff06ae53e0ab02
5cea9f18c851cf90
c893403c9b4341dd
e926ae655ed937b9
d905a161bb4304fa
6d0ee60ea03e1a93
2a31ee8f73ec544b
e5ff983614ab80f7
c499f38f6351c7d6
501d9c536215c661
e7c5bfad760c3158
2539314d596e27c1
5aa896116a2c5e53
aa212a0377a74e02
69af1c56b98d7147
a9ecf6d59462d4eb
0e7ddea960c54f5d
f803e9ef466c0684
a50c227b0bc9becb
f982ff186cfbc3e9
b4d6f5148402baec
2475d9acfa52e00a
0e56df1d3de43e7c
b3eb5e138cb2db36
dcdc9c8897ba69a3
66766dbbe9457087
6f961ae6ed3d6cde
2878c2617c59d7b8
10bcfc0bb0495245
fcf47eebb3069910
e43b93f711841373
5977ac6ef1d99f70
218a0b6f283aebc4
d96179116f42397f
c2a4744157f3c970
663eaf0d968bf7e6
7b456d8195f1e598
840254d59cd3e796
a16b7cfe133faf05
e7bef914f8e6f7bc
a1d6c052190ff942
d863fc6e65d5619b
83373195bc691298
e13d0486efb0d037
7162a566bccda040
932ad71ee22fee72
5a7cbf10ee23c128
cd019a9c92c89087
0c54f925b8c28d01
e82f84a1054b7f70
6eec8f850df6791a
597b6142cdc3107f
a72b6a57f72407f9
340c741fda8ca987
2cb6f77ecf5ce06c
fa37142b694dc8c6
eabedb45959f3dd6
8acdabd4d88316bb
c7dd04712a86bb89
5702ecf408064599
786f81f017e7aead
fe7df77f88d6c409
98d23d74e9189a30
ffc3e7d5cef579d5
54c320d88c8f40f0
4db228aae114cec7
fe85ca99aebfc09d
24d43daac4a93915
f8b8aaaccbb1e8f1
e48ec0ad4bdfbe41
54631956cb68f537
34efb54faf04a357
c0146202f4e26e4c
3f356205ca0d549c
02968104f44299bc
46634b1aafd89a3c
6d4e8a52ba7494b5
664519e37fdc5bfd
36d8f8c62e4aa5c5
e8efc9886465aebd
1b659e69c15b8b8b
3602bd196d1be1c4
302e95e8b82f1a63
b2786085cb79b917
af2493f2d0ef8dd7
d1649e20e163b337
be098b9dda54ecab
957cfc5d4b056464
83370065362e809e
990c5a815a7d2207
9cb945b786831ecb
57f1df7b5eb33b54
a8704ad723f3295e
c5f311940ddab0eb
8c24682e4527301c
43c547f27200b6c4
4c020dffe0b84d7c
cc81275ebee45d32
9696de91fbd0deee
0ad5209906adaa82
9b6671de6ca3db10
5f52413c9fc13462
355091d6080c7493
6134a3d31c8c8ee0
fdaeb3f8b8f15ead
3495c7625ee392cc
874d565d95919061
5abb5e285689b1c6
97ef71e46f82bb30
70ba37c934cfae55
f2e4e8e724129c7f
2f4c8cfdafbaa404
3147046320f17622
eda57496742c231f
e4b489e175ce9ad3
0cc3b2c74bacbc6e
2aacbd9ec631b8c9
8c408546e34025a1
d429a79f43004c79
f9bb4e49fb61db1e
5d8d938cb96bd550
58eb8d7385ab3d48
42f857bc797a866a
b20d07d844bf493d
e002e6ec37c31394
00c185a6e2dbb3ab
76a50c43cb922868
ffc4957f9a8d8872
fd62ebfff58f502c
b7339d892dcd2b26
880165a1f33cd273
94359012836d084c
a5bb327bd76469d2
5356763bf6ad872f
5f13ad79ec4f8006
71e7bb52e4e00906
2f34bd96e01c06f5
2ffaa415fc75f544
3cba47fe3b5a92d5
e6cffcceda92209b
2f6b7c900305d7ee
9e0e08c29546b56f
13a6f2bfece2b003
dc86106e43fa52cc
46c336a12dadf084
d432778aa72d25ae
c91c4b9723c5ffd4
4cdfbfbe301f519a
2cc9f90e31d25420
05a0dcae682925d1
df6f1a6ac00eaf5b
10ce9b5651077a0b
6c2675274afe9547
6e3d460617b12e32
ae4c927aff4bcaac
1f8ebc7ee8f6df51
24f5245b02aa96ea
6c2d218af5df2281
7a5a81e927580914
ee339fac72eaf9e0
a7255fde4a7959dd
1692f8dc00f89b37
67386ce76b91482c
ae44378fc5ca1187
1d3a4455fe9c8b9b
95af1d9d06086076
9d813d289a49bc7b
a58e35436385e7f2
3beffa28c8bd303d
478d5eb64a4237f9
f225ee2902609fc5
446ff333aca9100e
5659cb873bbe8cfa
50f090ee0ceafd3c
6825a15eee33b03b
84da127127c4f455
b564b19ec117ec9d
0a7d450257879fc3
c5a5f7af01927c82
ce0418edda3c15d9
3cdd368d50cd25fc
248a3cfb43f4f9d4
265a75a0ad5c6816
be524f507132e10c
e0d27c18ecd7c696
19aafa1654735082
79aca7e5bfb15b1a
8397c195a460846b
39475610771d7882
781e9ba9af66a8e7
d6ea7450fca7d0a3
52b22ed7b2c9b09e
2e7bb74f4fe7db85
8f6d9fac22291459
30f7603486b0cb30
38ec625c7a7f1650
e7980cd68cc6abea
d3ee37f8cb348c62
87c455099a0c04bd
cde52e6f82928a4f
049899178a7b34d0
371ffbdb32ce4db1
91cb62010a97cd30
a0d858135b109a03
f6e6e840d9ae5dfa
152864681e787041
e7d5c05a5cbd7995
4f71e456fd7b5689
d207a305bd7ebb13
168464f42105db98
4b4123ef7e0cf802
ee15060164320f56
87db79a2bc1b2cba
b50380dc35eac783
44276dfbbfde312e
ffe86a489b3bcc99
9898e71dc4dd6e4f
8ebae33580fb9e50
d6f64fb205cfc1c6
a97a009e8429a9b5
d5cb256049663a63
a3a7c0e6320deae2
85321b3f0b7e331c
0142ca8b887876ac
d3f5219338b06164
fb99bdf6df013ef3
2fae7eb170f59399
fd9f28b44aa3cdbc
28c6d3139bb0a942
f88f094f43316ba5
e58d2551da9e8f16
1b0eea2930459b86
dd1f4267cc3f41f7
9ee64e47e76a5316
06d1b75559cfc4e5
65b93619e631687c
1388c8a409a31ba0
3d35bebca1c1a6cc
35fb2399d3e78af0
54d9896b0815d952
af8cc8fb7e401964
5608f3ff2ddc4d01
66337aa8e0fcbe9c
e4ed75f6df16ca04
ba5b242769c65282
d4102ae7b787d9c7
fed13b121c32c783
da5480b962c3c1fc
e876975d9732372e
c96c8073b286975d
0d93ca6e4c498e18
fb0b4b794d16de1d
01d5a208d3f135fb
0990103718d8ca40
aae900f131e68578
bf322b5d4278a24a
b735b35845acc93a
9680eee433c8162d
5593e6812d809cc2
cbdc99f8b9a2a6f8
fac23286fde9739c
40eaec69e9d932dd
e31e580b5ee65f25
686b1efa40ef9cfd
94d44094dd31c376
3c6897cf3b9a935c
2f047ae2ad6b4751
68d99b39cbdf4277
4b657e489872c1e1
ceb64dd0948de8ca
8c29cca36ed73597
39362e098b9bf378
be2f73d74763fdbd
ac726eb5dfbe6b6c
aa60aab2c0141e2c
3ddabc675e650fa9
cbbd5b6f008bd379
2afe7a7c568bdbe9
f31cb44d00c467f0
f4e9db1abfa3aa4c
778ea1fed0173465
216ce05542a33500
fd6b00b967090dfa
71ecdcd579df5c7c
d4bc1d37ef9bf917
e818608a3537abc3
b95f688c54452896
16b537219c328400
8366b122d130dc02
63a45bd8ab97b1ac
77401013249a4bf5
75b9f065cfb44f86
e0363e8679368f04
d995cf95a7882a26
ac14bfc14e7610c2
9e1b3d09def3c3c1
fea2c3cbfd760415
4f5dd346c2d7f10d
856dbdca0dccedd4
67b37e74c315b57a
51dc2f6caf337505
e07e2d93f69b40f2
3057e6060130fa16
57bea316ec727715
2a2967ea71080531
bce62511d3e92cf7
f5dcf6b2d4dda3c8
838d0c0305566bca
b6f687e789597fdd
3b2163a041cac7d7
6069dfa717209cb8
8da4f202a90f1c0a
bc9b05838b29f335
8e85a15928ccb1c6
a4bbc1d45b95cfd9
09069374ea5cc9db
5d2f92c91ebb2557
1f1e387b41f6f6a2
a5eca8270dd89b8e
91016d2c8cb706f9
494ced25d7a6d24a
9a885b6533a597b8
921511d6c7ab812a
aeb370c020b9eda1
6860a75b9c1f87cc
0452f392efe89c0d
b0b53c32bd5c2b5c
5b7e7c51570145e3
ebc03d1131b92ad1
70d72b9706c0ef02
febddfb3777afecf
615fd37aa21224a1
57dab8e0d215a2e0
c3dbd1082e123152
c43a8852c96d3586
25ff30ea6b96ad22
6af5be1d858eda37
40b482b88943acbf
ed722356c15da8f6
6717800bae81d5d1
3b8dfb91b00c986a
6a4006ebada82570
fe954ee7783104a1
91654c5fb2deb9ae
12ff62829a0125f8
441c964ecde70523
b5897029cb34faa1
fc931058d9b55a4c
d89c65b3b0142ae7
7f801ab0d5ed3e8e
7e3da98e0381cc7c
29a7ce4ee771b4fe
9e60a2772bf31051
0c1eeee556305467
07cc065376444c3c
207352856a955d51
965580fcba849cf8
726a6556fc6985fd
889f17ebb5d4fca0
b5126e73693d0a9c
cfc88f284c8f3870
c2b89fe8027b46f7
9b0d421454b0b8ea
2e7ec6e0605acfc5
bf3090960ceb1e62
7209c5e75a9ac3c6
b6398ef07276a40b
f70a27a7c4081493
a3e0bce37d831a2e
332d2508f80d82a8
e38e78961e1bf57d
21e626646a435dd5
05da45f882598d19
e41e17a268d41a59
e983c030a0487328
64506af3247980a8
4d987a0a74411c9d
b18b5322deb30a73
c3923d2174541e3c
8ea0ffb80d12a2ae
763931321ba52374
d5d747cb9051bc38
15e088671ce047a4
f968b830503e8357
3873531049c147de
09904aa67c1567c3
8786f7ad21bcda50
3a18cb75a7aa582e
c259a09f9ab36a04
2794662f0bcb8e1e
1576e918fbfb9255
d58f3fbbb2774b39
ac4704c278900c5b
c7ac0a65fd37d347
357b2d41f542448a
43dfa9e93291f027
908acd32f64d5e41
e4dbc29eded68f48
38bb0ae394718ccc
d7e2d6266b81a957
fedc0df4ba02cd57
d2e75c878377e0d1
13d1b96ed10cc0a7
1f68ce3e3d39515a
ef78aa9037e39b64
36504dbd9da2a6d3
edaa2bb69bb2d203
2f467c51a1de835e
5a8d55a8a30942cb
904022ab6533bd8f
c0ff8109037ab32c
a4448a8f0e253fe5
52cba28f835d1760
e412d183583b5361
fed11fb0b6be136e
5cede1ef2ae36021
bf5fd49588e0d626
c6d8b4eb869d4191
15b5b08577896a68
758376f5a816f40c
67bc0744e05f2b41
51d7f6a58605464f
f1b1a10b941b079d
7be7dff5d39cec11
66150d518d57b401
7495ee29b3b4f82a
d57c86afd64847c0
72ab8e292356cce3
9e633872b01f867c
8c8453a6ab6a68e0
dc8cd429eb237295
93a842f59d81217a
c2ec3a98e48337f7
cabde0538841fa98
94756d5c2701ee5a
07a9b2715195860d
659b5251e247ba40
7ccf03fac3e68226
93e3cef1cc66715f
f4c3501e7d3f50a2
61b1d1451f916eaa
ae93ddc07b61fe06
3380fdefd1e90a41
a3ed8f88cff118b5
c99b3c3422a2580c
b1f76a34d74cf38d
6c91588b7324550f
d6a4ce7ac77fb0af
397d12d5802d93ce
03ac999e844dc686
477ad321c30ec11c
c4159a41b5961159
759ac3aec69e236e
870f948c14ff33dc
8d0758aef22c1e9d
f8a5c106c51a25ef
4d94cc8771c5e1f6
c849187eeccf95bd
c25dc06869f8ab5a
dd73404d4c816573
251a32233eced417
a2684e1b7d154822
bb2b59d504e7eb62
fc6a1fbdf81c5a15
c075f6cc6eb9268f
c8388bd3b24ef70f
c50a7899ac909f9f
bbb0f3a6ad69f086
fed16b931ca3bdf4
c8efa50de3fc3679
dd127bfeade4d82b
5eb60b08233e327e
1fc35738fe426bc5
6d695a57390825cc
a3ebaa212945642b
a20b5c658f626cad
3a7ce866ef405693
0de94e9cb50949e8
fee47447d607bf51
29faa439b4607f85
8b2b55ce43aae147
cdd483761b10a9bb
a8fb6c89040bf5c0
dc7078ee44ee9dc2
f9b25d74c86d79de
5c2432e34a0b318c
659b24411cccdd92
910cda5b1c63b3af
f3f17117ef4e0de1
8c5d65e60a868c5b
1dd7e970ac463592
91a6099db9a98172
9ac8e333566263b3
f46fe1e2dea01926
5ee93a345ecb0362
e1caf4433110cbc1
8797f427881411c9
0e4585eb14977585
203e80d5dddeb93c
e079dacea80a5c0e
c9802933a1935e1b
290b4fd765c3c669
83188fbcd63a5851
c7a2a68fe1b740c5
bf23a73bd0836566
5c42ab7a12c88ef2
03326d5b0db58ef5
7d57b5ef4b6e4271
6bbaed597d18187f
ebf1d3f827e783b1
e1b70ef99ac3fc79
302ee87dc6e4d748
b545e8b5b67e53bd
f7ca2ef22eaceb8e
35ac873d711b3379
3d0718287ecf0b4a
e0c0be7385998831
99c2c162a5522dc8
442f2ba7b38bc10e
0ed750d702d190b0
13a826c04a13e3e9
eb01cc788d6a94bd
b131f43377788236
9086006acb5d0b87
b6ca4cdaf01d7d89
635d606c6e73fd58
15f070fd141474d8
65fbdcb5e87c09f8
a5358b90099ee50e
83bca4c16f201924
4f29aa86fd34cd56
87969e8e8604ed9a
d5ecf97e17f7c4fd
d138d95208f950dc
f4a866604f6312ae
82d5b200a1fdbf29
b9a42a41cfa01d15
d6d37516bbc552ce
fd3c243087e3c142
444a7cb1a51b7bc4
96a577d7f0f991e3
fe4aa95037c0256d
26d48fa511f53299
f5768354a315f6db
67ab7ec73150486a
edd42b798547b043
b8637730c232275b
55d9cf1d7de9ccb2
791816993a567008
dd4c6eb8cb2814e7
60cd4f5e94f906f5
90d8fed7d7f54626
4c9612fd88b348cc
3e970e373aa63b82
29c99a78d4382fc3
f04ac1746919edd9
65a38053c54df710
8e206bc2e05b40be
514e31dd8028b59e
994a28f38f755fbb
6c669a9de21d98bc
9fd5bf9df3ceab85
e4b5aa2ac2e27e8c
26c4775ccb591eac
3f3f4181658814d9
8055922585780474
01441632b41fdd21
8327ab3eb488acc5
703ce7976b5ee6d9
fb293db52f27b22f
122b668be430e4e1
e059447407a347f4
0eb27243681b6ef9
d38f397b9e8ce17f
dbd193515f15bc12
ce3d5bd187fc35bf
a4ad2c2f38929b29
cd1d1825ca61a461
73cb1090adcfdf4c
4067bfe25fb43668
353d4cd0d9e091a0
c5a1ecd83d46d35f
2c9fc57dfd871d4d
bc829082e1013de6
32584d41eee72473
72b95b00e891e2a7
3b68a9cdb6224691
8edcea71ca2bfd87
921a55f79f59a332
f64a5130e4ab7739
7755b7143accf373
7f8d2e4e57249d6c
b23c888e7a124402
98d02744924ccbdb
8a497eadd3a1a4ec
b5196d968767a13f
2b3032318e0c6542
dc02a3d5b6a27d30
4ae59d7b7bb604ac
5953dddaf81d8ec1
7c04a0c1081bae1a
2576b52038661d0e
59ca7397b488d33f
bbe4add5a7fb4124
dadb595e02e2f4fa
16683139a68f353d
7301181df93fa617
39ee83365e72569c
4c72be94b019a3ee
76ead59e70b553ad
28296f7871b44aaa
a89172afb1b28ca4
0b063a332b9d7023
efa7dc8c84baf332
b032a20808a3fc73
6100ddf05546c0e0
81c59be1714062b0
0b399147803c09d2
78352866d55d3553
3ad90af9ce283cf6
d3f8ded7ff7532be
064b1451a1d70089
be2ba9ed7e3ef3b1
975721e54efe1ba6
9aff2f79a6a31a64
4faf628d846df6fa
3088a2f56fc9df48
1b730b78c8933f2e
2f3e957eaff3feea
4d55ffd1e7588e39
43e1bca322ec2e7c
a00e28c360a3df0b
04d288cdf5e31682
c3dde41f2d382851
31b951a92e0eb970
71cd0585702967a2
34b9541113553851
655758519b10bf01
8dd75930821208f4
8faf0a2c0b9f9cdc
bbe1494753951ac9
90bdbd138909f777
aa562221aeb12a36
2ddcfadbb43e2ec0
0ea122e628b8e24e
e743d53d27f112e6
077faf9745a06f23
0423cea936679dc5
9d3b7e3f81833f20
6a03c49c14737878
7b72a4a9ce74a21a
4c84e2560367b1e7
c49bb4163181ae91
9d3bbaffafa0c5d7
3c9111cf93454c90
3d9d859b4e228692
96e20e6f0765c98b
ed76a330dc27ff03
c9991a1c814a25e6
f4c866d0df36aa1c
df96bb0307c007cd
284ea7d075ac67ee
4f9178828be7b11c
bf7edb75a9d3cfaa
6232a1e0eaad1c70
732ccd4140d7fc9a
a2d32f18290930ce
44bfa3fed1042c8c
42dae3e22d94c44e
843dab538deb4296
a26a3712d81e905e
a76c359b08a865d9
99f6d2e159cf4366
37b2a7a3fe1cc86e
d7ffa78750d046e0
c32181c154ffddb1
7a7059a2eb0ad8f9
d3947af6dfd0cdab
fc17cacd070d6606
ac99cd2a70c6fdf9
8baa12dd4d8f3ab2
46b29b4c1fae47ca
fc27eeb1b23d1bd9
67a3e6433a8a079a
a52ed5d36027ac84
420203818431012c
e77328a0cc0343fe
0df39b687eae473e
7dc1867efefd7f40
a5aba6f9e01ceb67
57c1cf73a1de2ebf
f226122fc3c25c3d
0f4093761ca0ae7c
a0a4d1cd8a947dfc
a96531172e02190c
2dcf5c4c5eec4456
8f6396e9a77225f3
0a0b0fc3d6b3ad27
1fb85efee84ff947
6613f6e3b54739ba
42e99350f15409fb
a562cc95ade20d94
55fc3c9892c02944
3546a7b1ced5b3ba
f50efead66841428
6682dc86836b664c
1bdf1f54ae3b66cd
151294792f3bbc68
b1d3288ab9fa074d
6ee9a8340c9002ec
0bf9bee063a126b8
31900fc36e9bafa2
0060e0aa040138ff
68f8a28aaac30c35
b454ab60c01bb3b8
6a5f79b7c2564ac9
068f7abbfafa4154
59d40fa0efaeb110
881285a4f6a55165
07f6e95462058b27
8e1dff04274cf185
f885bf46087cefa6
59448dea980293b5
af7b67a4ab6e3b3a
5148050799242f90
cd613608fc541666
8f4d95f15b5078c6
0ec3059215d73416
10a9f661817c3410
ad9db816fa1dfb60
dfe1a990a30c1c0d
e9b753c48a503ee5
32f293dcf9138449
6add93c5e564104e
fd1391db578a39c0
97d8160f09624212
9036f4927dbf1c61
2719570e44ff0fec
3c66a424ac750087
491f2660c17e193f
d4529b1f34b0c01b
97faf510ab69408d
b1d00d52a30e0448
8e157d7f0a2803c7
e0ceea0bbfe95a43
ce96b91d87279688
cb381cf8c4d785c2
5578d60c63a7cc69
d0779a6260540127
84f6817db7f67479
dcb2ae7f1bd11549
e0db452b20b388a8
bef3c20f92a8831f
d2a865431521ed36
046866e498fd5600
d6d630b6982f0fc3
70d2913363499030
0195fe4dc0596774
4cdadc68ba595f63
18048e7610faf8e6
251600641d0fcdb4
6ea84579cf7fa467
80a668d4987db2de
7ddf7ec521245422
b1c1ec36d27d630d
62229e6f63d54c2a
81239de856255cc0
9ae96a6de76ab17b
12c89395118ca6be
d12175ca3b8bee24
5af08777570009e1
9d407a4e3c0682e4
47a3af3027352f8c
0185c42ba0b8c6cd
bc8c4850def2679e
cbfbf8147435af1f
6878331dfc552065
ebd027263c9d0582
583af653d7a1501a
f6b849c5c853048f
74b26d8cf42b6733
5334bb7f459c0f9e
f18b8d6cc8329e0b
7b654b9f71ffccc1
15b7a355250fd123
3ecdf66750533021
d4a1b8cdf7d544f1
dc932eaa3806efc0
4063ba7ee326da14
6cfc4a47ffd1ddfa
d2d32bd4b878dced
c6a9283092ad3e35
639970ab3dd851a0
15a18bf96086f1ab
31320ba2bec5601e
653ac27bb626e1f7
2b727614669682dd
cb833177fe92fdbb
1a3c60554869625c
400b16bd8ac294b7
72b5fdc74679b25d
50b978a756cec448
7a44b05d16ab16a5
d1e6469776b7f530
3b172d71d9c3e2dc
20f32e9579da53b9
db73ff62151d62a9
a9c171d7f15b4653
9a23f983c5a6e78c
b929705be7a6b8f9
ea91383bff5ce27b
daf17fff207924e8
061346375d7adf55
a3f7ccaedf6acbb6
42392b1cdbea9099
ca25fffb847fea5d
d2a51304943e894e
596e64da82057404
835e6ec1667ddb7c
1acda67bbb3bfa00
80c766cff5bdf9aa
e07dbfe0f59b0c25
b5543d0c54261f31
9950f2a0eecfc6f9
95ea28f195f1ade0
c92cb1cd6a51d25a
c561f9de3736fc3a
61014930dac541c3
7439ce14606a9b15
1cd2f1f1613b1168
79bf81199075072d
8d258258e34f8f6d
fe7f78fd7ad43205
d5ab2e17ed7cb773
ef569ba436bbd846
0dab71ca799957f6
7435e0ce1cbb81f4
66a3bdfbde3d57e7
6776e6bf95a8edd1
61fe19a5073ed4b8
da22b69f8434fb29
7d860ae6a2273ecb
359a961495563726
9e0436199b6900c3
d1ba24f1fc8ed6d5
3cfb153fdcd6dd58
7996d129217b78e4
1150dc72dd94a165
d62eeda68417f1da
d0f65181fa4ca42d
2fb1931fd6216c6f
d59bb36210a3e06c
618dc53e2eaf8c6c
ece6c1eee5a31ff7
7d2c8e0d56bd2f65
77594a16d6eb3d8b
4d7519ee42b6b86b
77651380b05b4b51
42e2744a2e3987b3
7103888dc76d667d
11470025b5a6f914
6b838892fe5860a1
b3be676193af69a6
1b204e5b0788a37f
f7ea7d5d2d875821
46035aa14489de35
04825c34adff1b41
b854a10e0f5ac9ba
11b323e1d00428e3
1dd0561f633c868f
758c1617f02ad7a8
42c1a9144f24fe87
d074507d08e32ade
fd9a24c871b9a771
97d09c265f3b63bb
462645b0dbeadf42
07acc77cc2537a95
4b571a8399d48bc2
9e0891012c1cf213
a86c47786de6dfe6
921e5829bd37746d
af3dbc5bc7ff6ccc
62f275bfa40f9a16
0a17c61cf13a017c
a37e4316cdaf09d0
75dc461bcc604de2
e2eeb096fb6cf668
6194cc64d4d92d13
809e10bad8dc8a60
73955204552d6037
b91fddeba3c7de6c
6cd320c51f56b9ee
a2d9e2d40e27c41e
421a41a95a20fd30
e75dd03cee1dc583
49e6827189aee50e
d9dd9e3ac7b034e2
b90df2085bcc0f0f
a6fabc723cd50be9
37624c2e933be5c2
6dd3510b5ab15ef8
66fecd82fb682e6d
2d0492667028e79c
228bf59130a16268
310ef3a74373e372
3d43a4eb2c7c8169
e9e52bf4fc6bc5ca
878183754d51de72
ff0f56ce7e5c4aca
224601cace278ff5
697d38784e2438c2
d9175a4908f02b05
8fdd90eaa0bfbc27
dc8ce1d1a0c58180
27b8169c913a5506
c8159a4d5d417f83
0c50c9b6c24d727b
04886bb91ba97495
ade1bc2c5f2a5172
aa852cca1495d4e2
f5c654bfb6e819ff
e60375855d4fdc36
2ca05befc19e28ab
a24ee6ee82446091
905c0b28f4557697
639577c053573b59
8621b03b1e791a29
fb5bcf23fd453a2d
c2c4210099ba6198
eb0d5a304bc9f94b
f3334ea04ccbf186
7d5c6e63a5e0d7a7
46745a4e603579e8
df1d4f5e1a4644ab
91dd68488c70519d
ce9e7bd4871d075c
bf09cc9cba0dfa54
0d5412133c733b93
674698830b974e61
02daad511f64a6b5
450304d170ccf6d2
9879633e5703e885
281c58782f965b15
502ced3020ce409b
446af4a80aceab05
3d58f3ff4d6ee3b9
a385b725b7f7f6a5
ef7ad933649f44b7
f63315cdb7c40e47
0726bf684997cddc
53f9b1ed9b044525
afccbe233d9c81fd
5430530311c601cb
562db894bd87d970
3f49ec502be2c615
33011842ef8bec20
f38f2172633dc892
181efd05a9f5a926
e43a857c8eb0cdfc
b89a8854ec42a9ae
8ceab8815c7f9941
ec7933cbb0eb63b0
862f3518f0fcadc6
86d7da511419a3a5
5285b16fe5ff23cd
4707a67d3db2d88b
66fca49c9d59ab91
244940f6ebbad2e3
67e453da8fa26d33
e067c47be0b5494d
b40ae787c05b907a
c07088a828b61d1d
304988ab4567adb5
4663dfc22efbce69
8ce8e7d9d684930c
b3ed940e4f3fc7f8
6139ba4d6cb7d42d
5b41e14d00dbe740
a7e6dc3206e58697
ca7356249733860c
791dc42af66c4e58
77cb6fa4e5489611
f7dd753f6a9cf77b
5a1c09061fc078dc
f267f0e7e1b62133
31e762b659fba7cb
4acb6a5973ae7aac
68d4a86b4c1975b9
4eecbc0efcd728f7
42945ed2f4310fc0
e2cd848d43a41182
b5cdd459c5274724
d2a573e73d8007e6
e379f4046da07469
65bac115fdac5370
a85a464bf5beb528
356261269ef2334a
0ae0dd3336cec758
7b6ed2fe0a994ab7
ff4f5a5bff1b9c6d
84f335b9ac92fddc
b6d3c757517f09ab
f0018ac25030516d
e6827721bee8884c
d0fb8254f9efda42
35ea36e0780d531f
511167b8c7c3f73a
97e72d3fa6930703
3a9aa3d80930729e
58347df2a9b45aa6
1924f13c10302211
e75ee8b9d37bc6b0
4f9935b2417bad90
87845d7ce55c6f82
085977c371a4736d
830dd58b8990b10b
3300dd3274e8c408
93a0afd9a44f1780
e98eb24b2d58e320
3cf5e214ff3a39e8
0a57f16e47a7d9af
87c7a30311d02e6f
82d0780a21773622
35d3d39273d3a930
2b44e69dc3bf0e5c
696d2904c8a733b6
2af2042f8f7877c6
946a9f7f171c1032
098aac5f9626fcc1
3fb8864fc6a2687f
799cd54d5ec96295
2875d0a79174ba7a
85709fd26c07e5c7
b672c41e54d4100e
d6d9955337624b70
b8f5ae464ab5a3b6
13db4e2c4f9da693
219815bca8125396
03241d2c50bf6403
efd3de26bcaa82e2
a6cd144f4770eb8f
a6ad7f7325668a26
880783bf1d3b5459
5c50e20985cc226e
7d13dbe2754017bd
5bc23332d6ab9359
1f4a21d0b71f24c1
ae00f156cd75d446
5816827031018a97
4c78fcd01a688e04
73bea335288bc4ea
31602c57fd4c4360
e4f6872ee3fd4331
608e69f9a2718cb1
ddff56c04656b1fa
18cd953c9ef1ceb7
527d4324d60fd9c7
d746db6e3e32c480
241369975f0dc59f
2757d56c880d430a
5163de37a385610d
7b9346f50e254370
83dfde9012a32c81
d312dc8986f4653e
8a33a6ee1e73a156
8297e9f4901a5eff
598a47cbedf11496
004cc84b06b5ce55
c8410dc673e16a70
3fe7427a1b36a46d
bcca794a09998ab4
410fea061736333c
e3c4250494d0cef8
b4306c27c4a8ce0f
ec7f5ec5fa471c86
ee19b42671dfb350
cd1dca6614338d37
b67c6b4a452e6507
1b165fa0b34af3db
921e54a71989e495
e0c2cb4171be6751
254ece784a871c4c
ee828b043c9e944d
5f2f712acbac58cc
e0e94230ddc27aeb
6f91b8f5753e4379
56a23b6aa0435493
df9c1c6ebfdea4a8
a0161f62f8999089
82a7542b9b7b219a
cba31e1d8a5c14ef
8b074ddbf5a604c6
50a713b1ebc1f72e
9e1200227839aa5e
a2906fcd87f780fa
318713390e2f7ee0
7ebae9f9cd96d68e
a3f203f1d59c9efe
2d2ada3285ce9d0a
ad7c6ce08d9e970d
4001201aaec45920
c8160e7c6ab063fd
249c002986f1d0c1
961e25b11068d24c
ce65d293bae4e146
3a73bc8b55c96f15
9bb994b7682a464e
a8687f536288fe26
1bbf14aeef9ce97d
1cd114d18e3bcb40
752eb72920f8afc4
3e102c42c965cbaa
120eb89d51be87c8
647e5f2afd2fc81d
9c83be5a94998b21
39907b0b52a8e394
e80fc3c3e1dba288
f904d78d01fd22de
d4a3145b6610eb3a
8e27e6f9a292463b
943412d76299984f
4c2bd702820f1efe
cffb33a2ba010f44
a721645f8681e7b1
17de628b394877df
60f270e2cfa02b93
094d1fa090d555d0
00e3528eea8b8921
bc99f5de61faf5f6
c521b947e000af09
6a59f47ea99c8197
6a976f96e602c3aa
c7f1d4a9596e3d14
ad7af2a6372e48ef
03f6841d3b20aac0
11eb52aa4e178064
ca8b561282c03ac0
fcbc5fb3617e49ce
1a42e8e80e6e696b
9b671f98c768debd
d75bf427c86ea492
9b9236844a36c5a8
05036395c5bbab9c
09527f7440b2c3be
f6cfc1d6d5d9c77c
09fcdef1996b280f
b06d853bbdc6a45a
64d8f689d55734fb
2cfe8a3c99a4f28f
85678be1349f4287
3d44eee80d7a1753
2cf993c70b6328a9
ecca3f402f237e49
e7b4c86f59c1736d
4c823c45edb7484a
d1e7ce25bf09eb52
b6c9111ce4e07c47
4efe40c7465e0289
d48a3e3b26884593
cfb52de6e0602822
d2e6a3c1477c04ee
43fe9e65414e7abc
319f26331bd5a58f
2124825ee0c8a705
9e0294c2b96dc36b
6fd154f186c44d8f
23a31b59a41b6224
ef633bca87a49d17
cb322e5d58f58e70
9f48922e1790245f
3e5fb5eaa40e2ff9
84196ea4a4cd5fec
4bacfe5e22ca71dc
f2b50af9af88fab3
95c37d6c867c869a
ed908f2733d28777
5dcdbd62ecd37a90
0a1264684485052c
a22875f4e304aabe
2e0b868a266e2626
7635915190068e3c
77135e6639da57b3
71da701ba10a4d96
0fe1800dba1707e3
bdd99233bdab5d7d
2a3f4e78b824824f
8bde1fb283acccc9
62b4401639b1639e
75275a12366c12bb
d22d7a1f3be0fec2
8cbee95dae3e5af7
bd38137468d135eb
0b9d1176ac0791a7
630d6fe8431cc066
d2d3fdeb67757857
8a388d6bf4282e3a
34f96609d9b2a141
d6b9b0a3caad5ca3
0c2cce382b7a6401
e7d8224743bd37c3
a8c942488426a238
64fcbed36527039d
356fbf1170d01364
15f8062e811659bd
f7de8061488bb059
9c0741bcb42b7221
7e07343b828aa3d3
628d2f79f8fc2cf3
db8582721c39b5d6
cd8ae80771a8950b
c56eabe6e8cc2b1a
d123415ad7ddc243
b2e3ba92e4d32497
9280cba476bf1369
55d1e14bafe56edd
235ed25fdf9d5555
33a6f1239154bf31
0649e01be8ad5a53
27ebd2a2fa8c035e
1d4255b24671b91e
98d24f097449c2b8
5a92a83c09c4246a
b787eb4fdd6ce89b
7cad56aece13cc84
40bc18455264dcc6
a0002a1419915c45
77bc14aa317d15ab
4b1490dc0f1e2546
050a9ce9dcefb8ea
f974bb68754f40f4
e3ee2a478b3785fd
2ca234f3df701ed5
d009e16a6c0a896c
26eef40badb2caef
5de4d3c00998bce3
babf1feb84a9e903
7bca9d598cada229
1ee0bbcdc239dc9d
acca483546273ad8
5ea5f03c56279d8f
be962fa905922f0f
6088d4afa91fcd4f
ad968e64e814280b
536e5782508c3d42
6d7a7342ace62edd
f0f540019b748380
5486e8049180116e
8011cda46b1d61a1
fd58f4319e20483e
6dac2c36e34231a5
719bcd4d9e94952a
9d562e481f4837ba
4c8b4f5d31f79df8
785571e70278c334
3f30431bbd6f8cf4
62fbfa88ed9278ac
51f7d4f5749847a4
7065328fde568a48
139ce838e875aa3a
cc5536fe5e9ea1de
d02384e1a9c2ef14
4d990d649759843d
c07be75edc2f7ea1
d39a23218ac928a9
282ba6fadc7c4a96
1fb38a7d804a1272
3ac1eb58e8762599
5551f6da1635fe2a
07474e8302906cdb
263d4cae2cb4932a
b872e96f9d0b5914
8d37807fc601e5c3
50df54f1a8f1b3d6
145f594bce05a049
077ba4cb14b37046
c4428cb158c8d3b6
ff22bebcfdf08a08
3b722a9989da3b6d
a6a7327fd42491c0
617ca2f3e537d98c
6d3e3a787ee7d60d
e0862b0ddf798680
2542c2013b3d755e
7567af99049f4ef0
80fa5223d72d85b6
fc2d78f02a33dd4f
fc88b1b086ffef33
763d27d084b3b6fd
95c4d7d7961767e1
51d57617fbaccc62
c8cb9404350115a8
ed45eaa00cf5a65b
d73776158068c1e8
a22a0f5582739901
b7b5663482321e86
ee2bc100fd68f594
c831d8537122d589
3e07e4cbfd5e91d0
614ae8bfd04cf91f
428018d0188974d2
463d474a930a0dc0
8a904f5215441b5a
8dbb9171507c9830
d5373ffdb2b2f04a
7040562293899ebd
474a9d1bd8e854f8
f3521d10a0702893
a0749a369272625b
20319a90b84b0487
729ded702e689e7a
1f87d1a24f19c60c
33cd0d50bf2864cc
e2802f4ee707cdbf
3fa3a1d9cc67a810
77fbeec478f54d36
b90310f48db9bcaf
8410a84942b08704
54f947a83f4a2f46
876422c9eaa2d542
9bd5eb49289ff138
e7bfd32cee43f6a0
db341dc780a3715c
c5f17d3b0a1a4ebc
36f9e59d2854a453
4f47cee5865289fe
abe633c82409a967
652a8bdf4f2974c4
25ebebbe22f95903
8b052900a06a0304
9fd21e577d67e27b
896e587de9f1844b
7d0dd834a920cbfa
d00ebdc40daea14d
64c174cf637d7766
9ed33a61330d9628
f678aedfd9a990ba
b851ea13e2004c0e
fb5e2b62b22c78c1
360e42806fc1dbbc
fd855a2d5d62e602
660b6a90e3578488
0a56bf91f0442cc2
1c31e945fc63096a
a69600008577f02f
5ccb0c3aa1edae56
988ae1b2ccff1dc7
7ee8adc4c9c992fe
051bf81d2f8efb1f
f67baebb7cf22e34
c9da3e0694b24923
250f516aeca9a96c
f20b359c7453fe8a
268aa47e38130b23
d49f2c3a70faa67f
2bdcc70b1ffeb8be
425fc0cff69400c6
540b7313c1b2825f
0535477b56bf4b28
8a9d1706b2b73dcf
94b616e5d2d76ce7
904b98e934a70adb
b81c4823129ee787
0527f887033957f8
b45ca6de9e75fdbc
9be132722a5c9133
d1fddd17284d5e1a
a1a346df82cdd51a
326c194eb8a01277
9a57fd9a525d2922
adeef43efd4e6c50
dcdc3be7d1749649
db1c4320d5699b1b
de0ef5ef49b346ac
088cbac52e524c11
e9375890cc3087b5
56477168439ff465
3e9c582517bcf126
a61f7e646e8c1b25
d4fb0b4f0b9f882f
692338b22379a139
91f6545bebfd8143
fa4085bc3b41307e
77489a7a2c639689
3df876a89de1de83
fa0c3eac2ac63a3b
98b7d14d8fa93aa0
4f401fc370bb3fb5
2bdd9a02564e2a8c
21082a826551daef
7700ee5ab18255bb
1a91148f40bf6d50
a344177340998f31
5cc812071d5bb5de
02420948a92ad280
312596f546a175f0
23d5af94ccf82c98
96f9d93970201b3f
b0ebcbf061c00168
15e787cab0c33313
c7c5bb68e02afce8
1cc728e660c17d40
d579332783de2668
f97ccbe833b85a00
b330d7d2dc2630d8
4fdfb84b3596ef3a
3b0d70bf98eefcdd
97fcae039401cc2a
1db98226aee8d20e
0cb803af79a31bd6
af9bac4fcd977c02
c3c8dee6bd93b592
b315a1ba7a6b6d7e
cb218259cc86c6be
e18a33f1cff1fc00
66f29840219eba85
5a488eaee1436970
a782ec84a0e93f7e
5b56babf39eec3fb
a1299a2a9d2048fd
15c78b6c67a6751d
cb2811c17edd0bbb
7072c45b82b36053
b1f3a78cc92750bc
81b122843097aafc
26f48e2b05bcd8af
c2b7501f1e167511
d3866c9f1ff399b5
f6710201620c3f73
aed9c160c6bc969c
cd6e52376762bc00
e546a0f143f218fb
4f44c002e9b2c026
08beb5189682acb5
25b5af7dbf997e96
0bc1c3c499360f74
c441ad3810997cd6
d58e94c3c8eacf7e
13617c919b82ab3a
af9080dad2152ab6
60cf334a4464e1f7
4fa4be9dda09c109
4de513f5c2effb3f
7cce2fb6319c6d39
5b7a3a48bbae778a
97f6e8f0cd2aa237
e2d1c4787bdfb809
be536ad44a1e2ddd
9853a95752cf25bf
aa877ccc190fc755
2f7ab125243e02d5
275a6ff3f060412a
1381365bef982e16
90a35ecc4fabcce1
dce6ff1b6ba57005
4365d66802153140
250d69017e996fbd
7c775b0e5baa2976
3a923d90751a3e9c
08aed7dfd7da230c
5c4cb96c58bfa884
de0238aea2737205
0885d15159a41306
b09b24993178b4c2
c3f47ffdd413fadf
d823fd4883aa3db1
ceb7390b05ad5bac
e1aaf700c4e80286
2164dbc24334cddd
a04aa2baaa5ee41a
e0e6427582bb93a4
032923e959d6c026
89628fb24ec726f1
764c2600e8dc0d85
a0a7717a5f259ba0
641bc4b46a208b22
cdd46d8492b05f68
2576099a30528469
5524d65c3cf209c2
aa3bbaa8d380b830
24476b8b8d0f3dfb
eccbdf7f1c4849ba
74b2fe7553c3a8f0
828b99bbf4f738fa
512797741cf880a4
1c0c652b4747d0f4
f6f04900e1af1908
1ac926f3a08f2050
0688f83ef6e4c637
26a7a11d18795bde
8e4d74266a142508
290768baa79077f0
635c094d2395c4f0
dcf9346a4b227741
742608fcab5cde30
7fa9e916ed16a792
30a2aba18496dcb7
aedc7b0fcee44437
62ad3b157ec1555c
0549c661a5117a9c
f99f3e3609965721
eaaf09a02a5b2d4d
e7d257d60f0cadd2
0c1e9c1a88f1c881
9d7b774850f0275f
e5df32e3981e51a3
1872c86c3a64fd46
0feec509d4cf1cab
d89e13220a338f68
24887f1687a05920
a4d290af226dd520
4b20bc0bd600ba0f
75eb282fbf920e7a
064b223013e12046
b3e094c940b3192f
4ff60dbee8aeaa60
915abeee880a5a59
e1f499e03d5fe964
f71e0cf8eb29a33f
4fc4d4d8e9e4a1b5
53589d4b70048021
178f64c03d5caf26
cf50e9757aea9c60
b0f9289738322306
2976b702078cec30
d54f710cc996bcfd
94970542853fab75
899de9bda230f9f6
c0d754172439e1fe
6b1d6ca4973d2f25
e119f29f56f8b153
0dccebccce340d4d
4276bcd706ea8fe7
1b028381e02a3db2
e4de28e57729e159
7c7c6bcd972a78ea
d38920705372a90b
092a3d6b4715166f
5851d58a7a07149a
91250229f31fe670
3b34cd9bf8cf045e
009ea1568b65a92f
61624b4a3cbd8d66
1ddb2319e4b481d5
1df9a8a55e69bfff
57d9cf38f0f52455
969e51058a052c6f
da56608ca8d18248
2bed84d0ad641747
908c46ee0ae0f1da
81449b3e044a47ad
52b8b95dec47d2b5
708615da6843449c
3788ab7e9213cd1a
2fc72ebe02387c67
e9f79fa66c543f94
e74f9a72d8c20f4f
80c401c8ab910ca3
29451780a51a206a
8e9a85e294c121c2
0b67a177d24d560c
7b8fc77d2eeec089
2b4e0f52af4f7810
2b7038b633a0a292
2abdfd82bfe9eef7
b48c82b145d05adf
c65d031ea0a9d9b0
c4f2f5d4d3226253
6b22d5bcf7f3be3f
8aa0422af637abf4
4c3182c627737929
4157781fc3ce3fe6
f62936cd976ee582
06f3aa7475c867df
ff855ddf33f8ec1f
3d41bbc9da9d0b12
5d80e4080a584843
639400e00eaa2e2d
8b723be5c1407f85
8770719743b08c7a
ef92508d6201ddb4
80c3370ebf6f1980
0bb7009952eb0aa1
5cb2a1b0fd8fabb2
a2ca05f956432864
6e9ef4f6d0761a63
49f7d13197a82f9a
7298ebfe0ac0f292
cc1d01a0dee47f00
2394fda4d916b4af
433437ae7f9581e0
b019483e05071d75
7b928ab96e99db10
b771b10b5fa8e2fe
edec3c1baeaf6123
682f723a409a52fe
d378cb25494758c5
5903d37967fbbb42
953901db05f77a1d
3544ae56c7d45471
2d5393f124b2ca05
4a45e747cd189088
c5106a708fc8037f
b39a56497dd6b397
ce7fdc8fa1e3a6a9
7f28c3562561a525
fbd2cf70fc36e9e0
496d55971b394c0a
685c0694b09c4904
acd4138cd1f97331
727ba9c88694f1b6
f145bca0fdf663e2
771d3f8f39fee3b1
b75764ea6292430e
f9f96e45d93ee836
b330baa88014ca8c
b586885d5bc41a77
a979788aa9fcce2d
c57a2b92972f3399
0d1cbe99d332be41
6689211289beb13e
789be6b0ab4f267d
6ef8f37dbac3897c
9392d8d3b9d9d800
796c22cf01c6c1a2
90e1cc49e24588d4
8ce1e8ceb61609bc
24121df88cc1f897
97078f8c0ac38dd3
6e94c606ac916047
bf139a2cebc9d69e
b2a5b08ee9388d3c
1b6c5af826e48e20
ee7bbb9ae9750948
d57906cc37df6b24
f501e4a73b918139
e5f9a1647502b025
9e718c58b7725040
8f942f5db5ef8548
31aff8a3602781fb
c365ee23be3555a2
9240b749e029d06f
eee30fdba0999b27
dce4618c0f15eca6
45fedb87c7bf6c87
19139a17292f6ff2
906ad705bc538f66
b10aeef50e38f373
cc2905fb2231a084
4067988a50102f04
a570827938fb3d59
c42ddd0a486cca99
d2d6957095a4400e
12930fdd4e5fb658
bcd1ffdebb9092e1
f94ed1d72929d24c
a4adc83833504e1b
66c96ef22dcd1b37
bf512432a8133433
fd96034d0849f419
9e79874b81616388
d431b08471874fd1
b8e7e6e307939fc3
80d21c95493863e1
5c88604d26f3ff48
2030115e1b5a347b
36cbedbacaa13454
85dcd091c719d4dc
0263e0e18581bf33
5dd190824c8dd9cb
689efb993b3894f8
bb58a441142b50f6
58596bcbab6cd543
07a9ade5f93d3a21
b887ec01f18e7cd7
ea847a35b0c5d9e7
1ec22cf87c094271
cad38c1ff2bb537b
481b807b46763dfb
913995ec78d82e70
7ee81aa0c891deff
49b7e3e06a52624b
49670ec6a9341fed
318c918dd97793b5
1568743bc98e366a
d82442ebaef760c5
2c30dc9b54289a05
40a39b1055de3a4c
1560fd0587030a0e
0804db588caeaf8b
0762659117189c47
2225162cb29fb421
3fbdec51c19d4642
9e6d6fe53d339e09
a070f0633cace4c4
17c83dbc710b68ed
edfb1636325d55ab
391e78ebc0067318
d8a59ffc60c579ea
2a0504b29379d992
b25a2906abe90bb0
07949d5df0340c0f
a05841baa788abe9
0fdd26881676cacb
4ff4d41748b7f70c
d92c5ca6aa1e5974
4e1ff6d1818178b8
a44faa78c7cb2696
230fde5a1e8f6246
8647b81edc90d188
2b5f7f2d340a0262
b36a837762ddd6fd
a1b8c757bc4dc35c
b92aec640d1d8bfb
cd0035f3dcd0316b
2cececc6e5cc48c1
89929104c8071b60
e7f8e28c9fd0023b
f33f6d2499e54da5
6e0b3830ebaa1cce
b44d0d2d708d4eb3
98a830b10a100dcb
8153085a5f3d535c
128070bf4b3ee02d
e4a3875fd401a410
778c18134159a4ba
a0c773627fadb3d2
e21bd7411f05563c
d167a2346cb193aa
fbebf390bb56afdc
467fa6e3bc5fcfe5
26b048eb7eeef0ec
3756a80401676eef
73d2e21def5760ca
a850c9ebfa0eeef0
4051c286df546de2
2fdcd904d467605f
91da369c09e4d64f
5b5ccd71c0249046
a75b4be232f8d80f
695d48cd4e4571eb
034b87688ec3e1ad
fdf5ffd785dd51be
2e389439f4961e78
257bf0a777e2c959
7869bb79890c337a
52b04395298bf8e6
f65ef723834f2592
0401cfeda4ada27d
f0c421cb28d7cf00
f989d143702e327d
355c65c024c7a9eb
6d18114088eed9b3
bf70ee7536f41f6e
538c74480708a229
b3a33dc6d9bae720
6847eb01a7863089
9f5073fecbb7c1b7
698803cbe679ea1f
5021ad0fa55f0a81
c267829000a3a208
93e384e302275f80
e5c39d32aca4ac14
b8051991406ab582
3a7d2554a32f4d46
a71a46f9792a1c0d
cc11e288310bf33a
e207622e00768b2f
10e0527e1ec59fa0
7e118f591a6b6680
754650db1d091503
8a8750fbb9c37168
a3740503ea34a06e
8ce8ddf3faaea4aa
be64e36268d8dbb4
8957523079b1de75
0a1afd02b4ce87f1
83999f93fbaa8bce
e790b0ea04715350
43f96d9c26df4af2
efbb3e12683bac35
ba5d57f270c843de
987f877e54c9d079
28ed39d3ed193974
31b5bbb3be6a1f0e
084e5a72e531d0f7
35a5990b8db75617
ec30bf21b75e364b
1d524e57f79b5d54
c92b5a1cf3ee0327
f74231dc631005a2
0b3810707b5cbaab
913631825c6f6484
819469e27bb05891
7f16f8651dbdc1d7
2229949f765e2ec1
f23a6e4f3fdc97dc
6d1726e71ea232fd
b6601baf77383962
b52fe8a2a2d59b42
03968f529bde5688
27826fed09844778
1a8224da66a66647
91a5a66d7e737f40
637ef4a5a4525ff4
e4b308256135d2ff
7f6d6d3a410b654a
a8877d88a5f9b95e
93c2c9b7537e1c03
7875a3cbf2144272
ea66e4c1158fa437
825780fcec3791cb
0dcab03033dc38aa
514a0d0e0653e482
1eb0d6dadb968332
e5db1242a71f1748
d8868b7ce7dff946
c8c97b42b92a1ef5
8927b4270b863e8e
f32d520d1988d604
afc5c089d41e3d80
e31d7ea770c48f34
5dffc202c4aa0d0f
ccbf605fc4eeeb9f
858a4c9b0648356e
f0b45bb371cb406e
b3911da312a216fd
b9adcc6ead46c788
e3220f0bebbb6537
02ae1dcfd3187a9c
48ec254232c8d59f
cced5621bdb3a68a
d66d6a594de432b8
17045d7b4f3fe410
7d4919f5151f350b
e6e957867bf70793
9cdfddd8f5d58a82
34d2dbfcb5cda8f9
17d5928878f28b53
dd1bc557a5a2e4c6
50409ea82bb28a93
87a4c2cb0ba3166c
01b699e1751df763
eac3c922382ac2ff
da512948073404fc
9369fb19f466f9cb
5e1e9a305345359f
58feb2cb739cae54
1a9305a4a7400edc
1df559446f471df7
79d80506879b7546
d5ebc6ca0e59e1f1
220f70bbd56931fc
d2e0e377a4ebc3b9
09283c178daa776b
d7a302c274085e65
f46482bd5385d6e1
dc9b02adbfb14e9e
b78318937972d7bf
00c28d069d3ecf74
00e7c409f33f44ee
b60703a374d38119
ba07769a18c280d2
f5b1c9d07bacf7e8
abae9036eb177d66
6ef235658abc133c
60ad0f0e4225a17b
679c61b51c13211e
117b23d1c4fcbba9
8eaad8d83b8d3c26
73d407568b09ab8c
04db8ffe1e792c31
c7cfd9c2f369fe7e
bebc468ea35ab740
03e1733522155956
0d65449d4fe9644c
b1da8b9527e68e18
1f51e5d0bf145c4a
9c064fb3e06fa850
b2f4a9425ec7af6a
47dfff3a467b87b6
2980194a41088ca8
20c0080e9f7def62
cc3f859314287dc9
c46887435a270aee
6222ebc71baa1e93
23fd03414ecfaa89
1b29d2eb35ad17f2
5c8be44fe7c3e3c0
078abaedd9d414c2
0cce5e7832435aa5
b711ac83167466d9
11a0adb7bfd5229d
3f667714f4bd937f
e89e62756d2a13b1
95abf84e72c8c1da
a3aac894f7271fec
6c2d4af64aa55c4c
28a6a31169428779
2b0f9b40b7feb891
d5c0774a3a213efb
995cf0a8a2813230
4a787c21fb933a90
e0525ef97fedd857
c68527659386ef7c
e3beca9d4d88c42b
b10fdb9554c3a270
82121dcb7035faa6
87124d16be5ad5d0
21a66d6a3b9d8beb
a0b1dec49d4f8a61
27132733d589597c
5d4697d8a84ea13e
1f66f8258191f372
f0067b996ba86d12
ddf46d3072473696
a5bd82b36c94ebc1
6b868335a154532e
eeb44b667134aab1
1e14b406fe81ec36
4d4f6460923cb624
93ac979b52b14b07
2d935c396534bd24
d7ccbdb3cb64bad9
38ca2a35aba7964e
99f4a114cd614026
8fe1f6d59ef1a75f
f7ae65487105bae2
ea6234cabc75bdcd
5a3ca5d296405123
bd63958398a247f1
be0af270b4764598
34f6fd773f52832d
47cba47d3573e37d
73f1392a3b766635
57f6d158c3ed6564
794738e316d46ed9
188a1596ae9b4c0a
95b67e89db917d27
bf7a11f97a4a23d7
f179d32882ec4656
90d503995ab078e6
44d2a7c463fa3db3
a3b458aade425ba4
c5059ce380f85b9b
219f0262cb558f22
9532cc484de9a9ae
ba1f74404758bdb7
05b1a408c32f80f4
203abd9e9ef26776
9178cfc33e549e9f
1a78d5cfb2780966
9c43fee44eb31f3a
3cf6f3fb4632e4c6
a14e702e466476c4
529a3d515989dfcd
5dc59a2b2196380a
38242edee802f5c4
67045c769a9455ad
c6bd15a49461665b
a157fda76685f111
c9c7963105fdb1ce
b16a41d2c3222d26
18df0014384316db
4f08a3f54f05fb43
f83661cb68afccfd
43be0aa92eeb1d49
95fcf710b188ead8
a170842ee2e79138
21de2b8e716cc2ff
7dfef5ff29712da8
fdad648ac8049fb4
197e3d796da9c526
88a4b32a1e8c0233
0a0b42b50274995f
553e57549f123393
17c2252e87b5105e
ca8fe3c43dbcdc0f
d8f31dd19acf2366
35e4239f29003ca6
1fd6ec8e4da737b5
aaec21c6a13fd1de
3fcfa766986dc992
eee19871c1b3505e
648428f7c695189e
cc36f5628cb1a0a3
2dbf9365248bf317
43c8c34f26862e09
c7468141c79530fc
a9f0832b2a181d25
051a83c2ca3d0d15
588101d39431448d
f4e6d5ff1248c86b
1ee0add8d3bf1ee9
3cc518dcf0c12278
d64b6c50fed1b437
1a594b1ea2f1f41d
383fabfc7780fe6d
1babeb373678bba1
ab918a3cb4b0eaff
aa25341769b2d926
6f159b1d055ca837
643baad1b72e43a3
2f3996d98b414bb0
e84ef288818dd087
11d8b040e787853b
32e07a94cc7d0b0e
dbbb3746d8477b61
a0a9eba565c38383
96039159e2f24cf7
1c5c2227347fee94
602f2bcfc49fe12c
bea183c6e404a7db
dafe482e4850678f
f79f16e926639f7a
1bf6ecf8010b2495
d5806d73835fcb1c
9fcbb6db97ba64f5
7735cec2cee62efb
1584924580b0e7b7
9f5c4590ba1b86cc
e990f83f2501609e
e7632856f91e8245
0260b5537758d563
dd5a659a33a215c0
76e5eea5e2de114b
355737aaa8f1d783
56ebfb59fff5e715
99eaca08d8092a05
f59afab51664cf98
cf3d72c103a15360
bd421e301c1a022b
5c0b76ccd8968bd2
00d1a3b4b0884084
8b2ac11d4c97f162
5953fed0584e4a4a
56baaecab2f1cf4c
0df5727556e3379d
ecfa17979e306799
5fada1ab8415b7e9
40633fdcb22d7aeb
1a4c098080d74273
e6d1e9765dcfe83d
18b9a8f18b1467e3
c1fe4b14200af70d
a4d1884c28595024
460de5ea97566ba0
2dc2d554bd917bb2
b9c258e366a7f309
93b08e463c33a229
f18b86cb0bd4182a
70e3d404089351ea
32439f3418c3e683
4a604aedbe399d86
e728de1ed7ad2603
955d6f830a94ca45
65d74c63fe3b68b4
626ee47ba33faa6a
d205db916665ead5
4fcff13b8ef03982
f918f66e61d99c81
84e37d982aa37a3b
34fac05f90598abe
4233856bd564babc
4ecdbfa1f13e5857
49034c06600ca8e5
96a15248322b76ad
77616325bccad4ae
7df7ce35c5752085
de533a75d9261046
6a2b2ad4361840fd
681a7dcb9ddde762
f6661fc07442afe4
7c5b71582c648ad3
725fc056a84d4d6d
8a4782f17bac9d3d
460ce7a3ebd3de43
b9018b841d1599f4
8e2ed39f58544095
cd110ff55d825933
aa29220f61cdf3ac
9b5a0c933058f261
4b7449e09b853237
9b727c973c7784e7
b799b4bb2a1e358b
87a5189623e3b9d4
3698514bd41f2a24
c61acd46f5ea634b
2d38caf7f53fc85f
61de7d12913aa0d4
36ae4ead7c4954d8
daf53d0606e1765b
7e4cab5b572bb315
492ced5a5e8e92a8
f27c66282362c7a6
fa1f8200985bb549
ea4979813f4ab19e
62407989efcfe150
0789deb1ad115713
d42c7f5e76f9c56f
36a926bdd48387fc
ee0aa7f410a36bee
b6aba7b988d83b35
4bc0f30a9c9f45a7
226a9efe0e9c5107
c6d90419b25197fd
718844bf7f0c7d76
575dc5733233d995
6fe112dc13ac3618
31118d76bbe2379b
865bae5e35fc3126
569677ad945b2a4d
9ba170bfd9955c7a
5700942d2ad22429
b5ec6f75622a92b6
2b454ef9f337a2b7
205add03782a1165
1a35616e84c85c18
c5e75d01cc5a3fab
e2bff8b72af83302
7b3e14e67663449d
2965878fda03cf13
e325e9c8503bf7e9
2933c80f29840e91
bfde066c254caf18
2a9f7dc2d4ad8743
1d27ad4e0d0e88da
6961d70f396085f6
c9f74050b14b9bb9
fc1517073b4d1a2a
79f6f7df14df31cb
5d5cbdc875fc945f
d0791eba04ea86b9
cc06658ffb43d002
8206000c4d7b69ac
511b6c485ced2b1d
8220ae02c2596487
0a437d07a124160c
e9b946609ef0e40a
526ec010a1b9d7bd
4ef896340ca897a2
5c981cb98f62eb6d
f7ffc2b20b683b8b
269ffa03b7b41cfd
e06153c6c894d084
fdf6959199df3f7f
aa086d41ded269b7
ea027d2b19908419
9a54688002dfd81b
1856223ba596366f
a2297877a9494b04
888c1ea5701d273a
08e8bb9972eb3f36
723759c360d1f188
60424b3527647a73
81d0faaf5bece53d
8c4e99d499fb04b1
d5b008177d85447d
09ba22d6c72080a2
189194e10065bde4
caf6a0f916198682
6824e43ee831cd5f
b59103dd7e3e88bf
195b839d67b27783
aba425aa5e388212
f69c0e635ac21603
1b1783ea62b0d983
30c01b4b821c8649
4e7dc56b55f51711
0bf1e3f9bce7026c
77475a0012bdf85b
66a984d39aad66f7
f92dc3938598af1a
970a5d739266a78c
7f02c10adda685d8
8416225716c454c6
922d6b9b8d47f816
5a1999f4fb1ee2ea
af95032fd0644951
9de6450e182764b4
7405042885690013
adacb2cabd9385e0
ca20af221448c9cf
90fdce389ad0b2e0
c3ea12801c46a31b
80c78e7695c33c4f
084161d232eba785
de6b047fe428be37
86505790bb452f82
8de155b67d4bdc44
3879518fae01ea0e
1a775f21943e9383
5291d00dcbe70614
e7aaef14d7649d91
e5ac84e195efe6e4
630f1444e5666524
dcfb1d220f228687
86562e7263e48186
142817fdaa4e934b
01a0afc270b85124
30842f4dd2f3933a
a2656bf9b5b54e29
133a9fa1a5c36eb5
f9e67c57695115dd
e2f20f110d23fd4c
be9b4511aacf11d9
20e5d78564309372
00875733b701eddc
8c6d4b75bb4aec8c
4b4f9ca14af912df
95c18197cd6fa94f
c67829a784b032bb
55a2281aea7ccfd5
70777b85d2fabd81
6ef1b110c3c50788
f399c70d52941b86
e6f59b932314edb1
f02590097784e4cf
53bf140b52fb1740
b5d085f3ae8d6b13
9339ad83edf62e99
cd61f03e71840407
d62e68e7e3b9f34b
1dfc6b486349fedf
99ee70bf75502d18
e71226aaf687501e
03f193d1bc139d32
fcbb0c99060d287b
d201af19380a45a3
0ccaba361a5ff919
06508f4c21c40c2e
c614034cb6cf690f
7a9a87d35fcc5399
7c545bab20433d2e
c1edeb4cd6bd821c
1b86a5e862e8c0b7
801ebf5b98074ce6
49e16039baa96ec9
cb40f75f1cee9067
4521d5c71dad87de
2b9a1bd5a312744c
701e080df66a71ad
7d61f20052ac8b04
44f81988bbdf19c6
e6dca20be9dccef5
55566ab566b60ef3
30ad2ed33829d718
97e15e569fce4089
6268fbbc9c0fe35c
4c3bbb02a7e1ab5b
24c9ac14a5352608
a443a570cc921e97
b4bc1313c59d3bd3
3d6b1cb6394499b5
aacf904a0c93a154
c799d96cb3b0d14c
afc63e6577e7fe5f
11449a8356ecba65
7e2514d370590c70
2a661954dfdb2d5b
c5e3271928ed7731
7aa1fca84809132a
ce2267d717acc10d
38a1ee0c4547dc9b
c7d1bffe5d52142e
d247c4b42d9cac35
43ee99cc6ac0b801
669b644ffc9e0662
a748fd769584d3e9
e4753b4014aa4a07
fc8ac4f02af59746
55f85f499c32582a
d7daea46b17af143
de8c25c37c058517
c9cc1d245f1701ee
9e1114afda5e12a3
e6957b64b8c5a7e8
02c1c95927d05b63
753e0d153e0b249d
fd4336ca17130513
bd54d96b0f6eb52f
8ac59527557156cc
87708690106a01ef
e2eff5396d742d2b
92ead3652f6ad29d
f50298b69818567a
5da4649329b5662c
af6d6b34668d6954
560e78c494021155
3964a97ee9f63ecf
437095ce74b2aa55
6c30d387199c9b7c
fc5e5484c34f9ce0
274a8a234e0b8828
0d119226a40d6765
defa375d9a0b6686
70ed9285188d0194
3359f66ebd57409f
7c3c4dd8d52763da
9a42993d0789f52d
206272892139addf
74263a51391ac57c
f6340788bb544b3a
06de8a4753e21203
69712de7fe4175ec
c568c6057826f8ba
0ca7b33e9765ef12
ecc3b93dada21747
66086d29fd4b05a8
89c4bd7732a7a4c7
66e06872644a0353
31875e85020dac17
ce34c04da8db08bd
e8dbe5f132d9e6c5
e6127b742c6d3b70
2cdbe688fc43f77b
5b1053f02fc6964e
73be895da884c1e8
025df046419dc6be
2acd3434a82591be
fce59ccf38d58e8b
368154360e41c1ae
67bcbb632c87090d
f40590564944646c
43cad89ed8d222ac
6a835a01edebfd15
4ec4db806484c582
6771dc227d2e9986
ed314cc1a390db9a
9fdd5f6ff2a85920
26ac302a1725776a
519bbf1a4d9c9755
87be8c8c27489647
5e62c64f77d99e2a
be5ff453476404e3
32ed46f517a96847
1055c12104c46db9
cf243884b3ede973
5dedfaf2516473bf
48004881125db49b
9e65b71e18d74531
835ec9d071b77266
fd6b009602a3a43e
e0857cb68123d672
5e7f5395f52e366e
416617fb4b2e8537
d2c11c13b60aad78
bf59371d845ef10d
c679ff8849dd5838
753a452edf15b4ca
58eddf90dff8ede5
495cc62a5e7947e1
36e20501d7b69bbe
1db47ab2b5c80587
27faee61e057df4f
0c4281a938d1f8b7
6b701579fa8d9f76
a9740aea723a66ee
15c6ce7f3cb01386
4ad6ecbc226a03f5
ffd7254acb0a3d71
dc844a19ccb7e51b
bb8470111b35be34
0351401cc8503022
b10459c248bfdcc4
245a8ec52a735ade
3f8ec6e4f67eca19
ccb51947e32efd93
6293871fe3ebcd72
87ad0a90426d7015
c6522955ba0611ae
fc8b5e86d3e13a93
95bf8411c10dac53
e4e1b3796c57e2e1
5072c15209d3e5fc
175a2f9a217787e7
55064c1f097951dc
bf7c35611f035a29
000ff0bccff7f22a
989c9a4ac4ff7021
350f30da95993faf
85c9d52d96d26f82
1a6aff8672f5037f
1f373a659800c7d8
0ba1a6ff93205afe
257c3a8c9e35d856
fa518089ea0da1ca
95e9ec8e848c0958
2f99f7b5155774ed
6568f8c039d33e61
6072a1c86fdca431
7c89e6f512b5af75
55209acc28c8cc91
75b9366c23a7f516
ed797bc1e01d7566
059f7490454049e1
d4eb032d60f90807
a26ccce34b0ea413
d73f104a0b15c90f
c40ad39fe86e93ef
e4b7e48b3a334547
614c032e9ef5e83f
51ebe7057dfdd30c
70c3a6f9d1b212e4
480b97bec805c3d2
e333b10a955cffec
0dc18ad1ceb21a06
c8243cd13b0ef4bf
9e3119f39de1d3bc
6556f07c8e576efd
12148d97fdd7245c
e8b9bf8b3c9f0eb3
ecb850d47cec11dc
05ecf0069b2adb52
b176eb81cbd9ae79
aee05b9b006e6e4b
c43a714c016f1f35
af766ff2767c1eba
a93e7c92d3c9e4c2
48a4aea1c935964f
3e2f751c35e3f4b3
f1e6523044153b6b
e17c3ecfb71bc99b
5a8ca60906e7a6ee
8e1544fe4c694344
73c6118bbda78949
2da05632153bed9c
a8c4c466b15f9bc2
e13430909738d8cf
9b0b3218d64a29b0
c2a64f62047ff2a6
89b3e7dc0a1b7e62
0a23178136dd5162
d149368ccf5491a7
3bcf3da8fd2d7daa
5e07304e29a32bfb
c8557dce1ab96dc5
7ae26a866195738e
50b7b1816b38e9ac
3a666ec41a90b094
be5288812d488506
64e90c6d121a8535
50a393217dbc9452
20df4cd92d0d7121
30f0c06e1f8b5171
66ef5592b8269e2a
c54ae16bc60107f6
485c5fba6486bd8a
3c89340499a7e031
63661b2db8750a9f
d269a5012525a447
f25f85eb5e5d12cd
dbafaf052c9a0359
57dea492b97c1f64
2bc56cad224b5e62
7e1938fb8b5d30b8
4cf6c631e338beff
7b80f44984d3e247
af7434b9a3605d5c
f5d2bca2631badf0
2ab59c07cd668baf
c47eb548a6b0dcbd
c3ac2e2d8c3404f4
e2f9f54ad687e8df
2b892af1bee0a036
0461d60e3aeafb8b
306dcab6aaf872fe
4f0b290dbd6b8720
a9d1fe00a99812a5
8b5bd9b474e2ca0d
39356b331b9c5707
701524093767b5e0
00f1ea84ed585950
f889cb758cb5806c
4b436a83837b95b1
915a391f5bedc784
b8e9a38742f35922
26974ee6797aa1de
03850610588ca126
5ef5ceab11499934
e928402b9606ab1a
83675ce338cab449
1bf7b66377e2c968
ba01d88e856ae590
62089aa8a4fc78ab
77610d4b705f9233
16ef6ad603913a56
48f0f2f5b74450e5
78f68227c5b64e8e
8b95f92ce4ae38ad
37d57a01125816a4
1d6254913dc3c381
00e849c7f036d101
3c79c061ffc2e254
71b6f0c23d3ba3c5
1bbaa15a16a0546f
21aaa47bad20b15e
987990a3250b001a
e1da7960f3edd7b5
f7db952a503449e4
887ab555d8af24d5
fbdc1c46c96abe37
7f4dcb11898441bc
e940c5fc6824ae0f
b5492e461134dfd0
b4e374852b6267a5
05187941152e50c2
00d3eb32d901d345
d6bb6229645b066a
46da18b0471bdb35
6b3831e00c1e83af
b9b36d87e9e5680c
c8b23ebaf2d8d785
bc72bbeff437842b
63e18e0f152d5aaf
14cd1919c253153b
bf6876e26a3c0559
d0c6dc45ac646bf0
a2ffffa06b86dafc
e19007b3eb90fbaa
aaf4216e1340cbab
d81391bd3996fa08
124fd5d803e8578b
5615ec41562c7fae
e79b149bfb6e4d0f
d45551e50ad96d8e
c0772a5dbbbcd9ba
578c85c0fc21a3da
cb20bdbff631ee30
bd2e2fe1455d9231
261849deb340e9e4
e810589f7a15ae13
227f041617ee9286
ba7718eea91d2f60
3ede34a4817bd8df
209cebc2373c47c5
c11744eabcb25355
1cb2bf7ad6a9f4e1
fe5495bfc9418d75
7cc2d428b1001465
d673cdebed3c4fd8
aa6865181fc5a13a
87531936c595164b
af347253ac5c3b99
a34804c1b4d1dbe8
894edb867032974d
f2932f13a7f8fb59
ac25c6bf322569bb
3fc907c455809af5
be6e81d1c4d6bb38
c6a8b09b1f0cfdac
06dc41976f460947
108c71f84102569e
aa01c3c40ddd032d
af8100f1f509e79f
5200ab95307c1562
cb91b789cb3c560a
b1be70ad5f328e4a
f8041d2da6c15d94
d25ebcc4bfe83ce7
b8d071dd6dd29835
43a9f9bbf928bd83
d95ae09dbc2c32f8
4aff145005132d7f
1ba46667264d8383
204804d96e4b838a
dee073b1e5d9a355
e9c9d992095c3e1f
07bbefdf523e8bb2
8582d089644abf17
89c2826ea83cf08a
1925ec6ea02b6289
f545b704437aba0f
b370df327576756b
e894d1d98c875af8
e972f95aa0abe02f
a826891b23c05234
cac890de31d7c4c6
305ed02b10c03170
ef80abda8d29666e
1cc69006043ddc98
e56c73a8f43195f2
087c5bcb84f17542
47b16665ad1f8691
15d505cc3ef854ba
d4cb725c50599c06
ca07cf37b6d97db1
2e9ca1fa973fbd33
243245f468702a03
fce80dbe5e3d56af
3d9db772f6d2166e
4a65449fe9d1b166
acae724101603812
bcd11a798fb5f4d4
b34cf24c29ad78af
6abe84eeaf60001b
0ab2aee68efe4cf3
9f8ad1d30f05c7bc
1d2c1a34552c615c
710ba039bc6c8ff0
5f6e188a72b02e18
0ac18b09b53d9914
e270a1980b289dd6
bf00783b85ba8564
7714e203624e1dd5
93f62c48c894dc70
3d04ac2c08584d6d
1e0c170ef78bf004
53a11f329b41306b
85332e47839fe746
710f3294253dbe70
8f3f331d53b4fc60
a022551833293011
1abba9fd8f30a126
dc3a15881223281f
22518919fc4f4aa5
62c3dcccbfa25a26
5d3f544f24d5525b
9357f8342767e3f1
5f941bc74acdd246
6a680b42af124558
f87292fa2c7cfa9c
106686eea3c597bb
4f0f96122663a8b4
22b4c48e2a958ceb
c0e6f25fec1e842d
a1924c71289fc8c9
69e78b1d885d01cc
a78c84750b84d379
6260e97c685d24ad
e6e405ab8ef3466b
0df982c721ac7d21
fb93a7fcbb60a3fa
c1dddb8ae4ecca01
8d8aaa8ff5471161
18e81c9b6ae9aa46
89eaa62eb4810e14
ecb0b2f51e35aba7
10b0336928cb5e86
70969e813d246fb7
0270a9e09fd92a57
e62315a5f0a99993
74da4f59657bb805
45c67058992e84bd
36410ccd6a72ec33
0de07ca323a45df3
95244dc1934ed065
f88d95c3df4e65e0
c0aa815e0237c555
c95b073dae961846
90ddfb95d5996bf0
e7d81ba959435f90
a6b178be3c1ac422
b4cb85f4bb5ba079
9f85df4f0d436478
cc5cf1d95a7a6e53
723b4433210f25b0
ab866886eccf827a
ddc0026ffe4fcb74
3efc2d13f23afc3e
9cec6ac0be62e04d
6515bc248350f714
a7ec404b095befe8
a813caa920b44370
c3446e2cfee5f8fe
fd6af1820aa095b6
8c6640c4c70f9259
8a5bbeb5fbf92479
aa0724be01f739a9
2f83f7e7fda5f80e
61759e026fe58143
c60651832011b2ca
4051836b9de37ee0
3daff24debaa25a4
b175fe8d778ca88d
18376173b50ed35e
917fa7ad65ec9751
9cd8034673944cb0
ff0a4d4ca52abfdc
c724500c673ba00c
b06e3ae75c770568
edc1a1388393014e
1526c1b3832a148f
9457af4dacd6fd89
df307968464824f2
eaf6efb48f0dfb01
0b78024c96559f2f
c2cdbc4fe23c1a36
d0b3781e68f8c0f4
e9bb4e0b754742dd
e65e963f0cf90c84
5f13bd8dd5569809
083cad906cf75f84
930c283864196b3f
be7d3195d4dcf67f
05ae3ef460a494d4
d0b87280169f8576
ae0a0ac7118ca0f1
9a117721cc45e743
b62925b3c24a15ae
9ea9e464174c3baf
4ebe7bbd749add24
2dddc8e47b367d2e
af8fe23d67a30bcb
41b045bff1468390
d763bc9cda04bdd7
09a0163aecafe91d
b654dcde8b4b977b
a6ee50417ee08205
5781e335345ec411
399662deff924918
aea23f9151501117
ca64083876373695
03f8cc057dd3a62b
34e1394d2b85c91d
742e0bf7cbde43c8
4882f22f4c68d6e5
0019703ac7adbf59
c21878c0fa24a73b
01d0b7ed5f310d1c
303f32ce949e7c79
3b57ebae26f0f7d5
7d3cf2122048599f
0d93d3bf339c4067
96d8cf8337dcba98
5896e96c32d45129
68a870285e024dd2
9b5348d418daa398
57dcc13e0e3fbc42
5efccef298566368
3316ebc18d3c1fbd
d8ff172af637d156
17f1a1fc22a96704
01beec23e56a6d94
bbcfa09b1ea4f561
315ec3e38c422956
56b6ca343236df1f
947f67d15916f768
39122075452e160f
9b0c694cea24574e
05de34f626e0123a
f49979bafa797b9f
ee13a8022d125f2b
a5c6c5f35595496b
eb2030f88bb980ef
393419fed061d57b
7be2f3dfed2dc568
119452ac336f881e
e0b6896155184093
5d60bd546ab2188b
277011e6dadcd38a
3844287ce2196682
45d150e684890822
987720c1549c7790
977e0e3d3f323ad7
f7a43ca8f4d3ba78
c906a709b22018ae
1024ac669df56ede
45d0e50284e8d9da
e5b00b6c3d018cab
226db66cf025903a
b1fa8b2eb78079a7
296a73e0a4b92242
568635a4546239af
f1bfda76958add05
7292fc24c6dfe4ec
ba8a5d6379baf739
b39c1bdfca7449f7
0b791eb654c47dda
8d3faefc144b1c10
3ad754bbda358da6
b06fdac0429f877a
8f49bd883ffb9029
8f962c33acaaaf45
be835cb44eb2b241
90e2440cd6c2be4f
484496a5ab19d00c
16d8dbd376111c54
828dc40008901f30
51d2008814a04304
42e8b454792c6da1
c57e890b90deefef
a7cb1fbdd7b9e1a3
4decaf7fb70963d6
7b86f42eb88234c9
7eee5e63992fcf9f
842a6e2872f73164
4dc1e34beda3d7cf
fd6b95382b37447a
561cf84e77788a5c
2f8ac4ecfc435364
8364df3972f4aae3
fb08f193115daa56
095323cf3fdea30b
e95c431f266f7ace
826aa253fd945a56
161fcb5221c3e6a1
cc580505f84ecb48
06c343078ec15168
7dac97fed444e22c
3d7060f6226fb75c
c6c4f42be6147ffc
8ea0a1a4b141dcac
0019fa680219d947
afa63db48fbc212f
97ed87b54c94264d
399569333e2fd712
eb97e7b02d152f76
72fe3dcbe777cf79
90cc3c2f920780e7
3ce1126c47acb72e
11389c20579b0c3a
c5ba2c3f789e87b7
fe143907a09b851d
9249db96924beab8
12b76b5488cf9006
ae7e620a355956ce
1a0ca66495bacef5
bc3633cdde64850c
383dbb34c5852b6c
ccf7c6ab4e6fba38
5414aefa109a9f2b
494ec0abc1802b38
1efb13ae277888b7
d64692a605372b5f
02c08b510ff6af27
1f33e480ae460ff3
db42c30ae86eba94
af2d4451eb74f43b
ac9528f6536ff904
4a79ea35e9476d37
de14f365843766ad
3edd12032e0d1ffe
be5128377fdbedc8
770fec0430563e45
8625d5388db63b5f
cac2396e8500f41f
ac5761bd43c5e9d3
c089541c3d547493
7d55c9aa8475670a
a651f56c673da690
912c97bb31dc3b1d
dc30fd304d4316e1
39e977d01997267c
b2fa83cb94b5df6b
20ed1a4773824cab
ba8565ed62a6c4b8
850878bbb14a8355
823bd95eaf8ca73d
1f2d444f91752b2f
9059ec968e624ec0
36650673c4d522a3
67bf0a4eb9160553
cdb27c6343c02e39
19f88fcac61e3a86
4a8df82935054624
052bf284d178c084
f171b8f7d74e3d7c
1cfa9804a4d9e0df
4719b196cd0462e7
b161e7eafc7b6e61
5ce0aaeaf5b56fde
1174b111e759fa4b
85f0573c09721379
af52ee47405100b0
f25e6e606cba5a62
39502c552c5b0f6a
faed040e2a41e44a
0754e59e9112f746
8157f63cd631db05
2bcb5542544b194d
b859d6faaaa5a1e8
0d50ff98847ee352
bb6410a29783c1d6
fb1c7d16797dfc25
e7e636d48e4deaaf
243c484f6c18e3f1
50f4eb35da2deae3
fda86ac90e97e1aa
64e4a1bb53d1f674
53cbde729ecb65d6
6e3b00067199d068
e5966dec64e99449
ae27f7e99b4c6d70
b4230e6bd3a4baac
e9a7f2a76eb3a3e3
1932b64842d23732
3e76adafd4b2f0a4
28e462b3726bc08e
7cfc8ba861963fb3
0726367c260cc86a
c1fd6fbab21e9303
a3ff72b553e7b5a6
70a531d0d8556fe5
bbf578671da804df
53be73b30203feed
f5fb121488b66f85
fe69a08c664cfe04
3b1cb98e3e48a12b
cf6ecc0f1e25b535
2fa82aeec5ef3697
41b3060bfda66b06
df9b3b8b1f76907d
82ad7e86b86ae204
d5b528f0d89c9255
a8aee900b6ec4465
0fb50c6f152e7bbb
ae27040d3c77f525
fc930302509c034a
cdb0dc799fb0baae
d8a1839b0c039edd
71cfdc88e3bd7442
9b594fce744e8c97
b9de768b8cca8802
62035bc5b1d7cc7b
706d008c43945f58
099295217d09316e
931b8c24e40a9f64
c76d26d21f93094e
b285eed450216bcd
a2fae8cfc37fecbb
d82d44602093a99d
80379b6a2000f154
c567e633d9c352e6
8e881ca3fc50d7f1
36301c8cae384885
6aff50262ce4e597
be72542cb710f62b
ad7f2b547697e3d4
ba87cf659173a938
273b95633e64de34
0a7d61b33d5dd201
5d58e9bdc424f46d
fcbdc6a857be014a
41803508e4b1af30
b82f20de02d2edfa
f2d0fd8f533d3c78
b693c1622c05bf4b
852820ddecfc2900
a6c5e698681e91b9
52a592b87c2feab6
4073f2d6aa30fa15
8b5fe6fcac138ea0
ab01b9e6f9402ac6
a97c580543375a73
29cc22e41e834052
fb971723f6a1b9f5
517186ff2cbcfe32
9d61eb8e370732a1
6d282f96d56aae17
ef191d5355c0f2e2
754f75df4a833c8f
457390c81dc0e813
9ddc3f03d3fb4522
fdfe285e340e94af
2abf541568d6e65d
f66109e59c51a6c1
d481acff6198f5a1
a8e7d4ac9a7d7065
1e624822a21f60c9
18a20db594fc426a
bc017cd1ccfddf56
fd28f0d9666a1cb7
5ac01f85794f34d3
0096c6fcf6f42b77
c301abb0d29d0c47
ce0f2b931cccc156
4dd6f8a22abc7d99
bf3dd08b54b6860c
fda03c2ede01b5ae
ff06962588ecd178
ab841ea9ebf77501
53e4310c1dc10082
8b01e2124b32d1f5
f3fba1bec900b9c0
4baaeebeaa3ce555
bc4c63abe75c2c83
cc20836c45aac376
27f42c50553bd213
0f32c86f6ec2e609
a9d16b52f42c67f3
3c27e930a5bc6105
d1099e2288889318
c76cbd64b509dafb
a42deeb3b832e9b9
004a3afda007602d
11a39c70224aaf44
39199e76f86320a0
6ac71149f39ebc1c
7e49416d5c7b9d27
3dc68a242b539227
1ae2503a329f4455
c6b9f573acc9d3cb
08f35b561cb50583
2f986a079af80e6a
9ae283db3f4b894d
832128841b47bad3
9a308505c720032b
84a051298cfefd16
18bcc1d84e5a6dea
ebbf4f698d12d44a
43198d6ba1613f2a
67d45d440986d305
0185f0afcae155a6
ed46d3014f5d1564
0ffc403bdbf4fba8
db5193e3fb7bb26c
39ee0d2a08826d5b
8eceb64eb7a0b3dc
c3a6f33ddf61580b
ef789f74cf5f4e81
c739cf3745d834bb
74c0992452fdfd55
c6da410c16033c8f
2f843270aea8e10c
9e4486003bc721f2
f4087204254663f7
15cbcb11549634d0
2655411e8c9c5878
ac16ffb864bf3617
6c1ce9b443a27a22
28f0a293da46401c
4fea18b8c2d9e51b
03f2392f3e79fffc
0fac53bef131a507
1f7a5adabfff8192
df055eed8b57a222
fd83d4cd8ad62a7d
fee2bcdd27521841
148b6f1f1a394849
3e8f73d34e869c54
7a52a2364bdc267f
3e7351eb7a90ab90
bae9498ee95d4d6b
3c346f8ddf627cdf
c935a9f0d94bb737
8d34400adde1a6cd
88b7e879644bd8b3
7acccdd348823d80
e1ce9db940bbadb7
a77b697659267f73
1c3c8e77388495d3
7f6303c11fcf7aab
9f17e70359358e45
ce96c414f771e9de
5533afb04c6ee6f6
044afd67a034f19a
049f960bd4e8a6f3
cd4fa142b8db0682
1f920f4cb9cc5858
679387a2063102e5
573e792083b36cff
a25fc95550c958cb
08dcf9b2fc023c7c
6224cf53035a3bf2
76678873c5bcd1f6
265d5c20cc2f9681
b5b411004b0f2fc1
e77c91c0ffa1bbb6
c286b3f94a389799
8b088ba49f25d580
907a533455be1590
0dd684cfb141dc65
a172263bee8a92e0
b29f8bfdbe0c0444
0f63e8f939e987a5
ef62751b7df6e622
499752c4f1de5005
762462af653f9ee3
44ef8b2cf1178b79
75d4e406ed3ecdd5
f92f56e3f8050643
e68d68be33a65ddc
06a41b039e6c56a4
5dc79bb5e594f134
7a5d1fcb066109a5
c5096176d0a37639
3b0decdb6b03530c
90a3d28dc4117b28
01ec6f2cca0e0f20
59e984cae5cf7ffc
0d8f80b7848cfa6e
3bbecdd3397db2b2
effad9864297d4a5
0181ff1536a925cc
6530dd161adc18c5
94bebb22964787ac
5692b8035bd214e1
f1cfcb472bef8cbd
0b49297f18d4be48
9928f4cf062e7722
7666b650c94b14d8
78d48bb9a935b13b
0bc9f50beba3b8de
4dfdbb42534f3cce
19a713e83c73dbb5
ed9a0ecb46c01bbe
353453ebd64b1b44
c35cda5b4c8b4fa0
9c30a0993c97f41e
261400e483f71c9c
7532a541e2f4ffdd
6b323c1267254f90
d7b2d9d5c74fb63c
f274e4426abc4268
be8c0cfd0454c6ce
518cb2383c130723
a3aa320252ff9fb8
47276daab0492bb9
fc627c4033c05bf9
75ce507b45525efa
d7cf6fe38341d650
807b6f676f03e91f
ca56bf427afec7a3
f0700507cf454a96
8020396019c061ce
8d19b5c5d171d229
91c6c46f15cc55a2
616abd45ff67039e
f95b43704ce21ea3
50bc87be4fa4786e
9d4bf709c0cb5494
6e2cd42179fca25e
867427a90d8d05c3
0a189afca9cbcdad
41b222a924f8f006
6411ad179e1e10cb
0d0a3ea661bab9e0
4bcd046ae6850be6
e06787665371c699
a89e7b91f14749f4
00ddf6d1e4100963
4f856d94646d07d1
2dc7551bbe7132bd
18b5641ba25d1983
f5c026dd37f58017
cda320161f58edae
c5f4ea3594d124bc
8fe2a883fe18af4a
5b18ae1c36869c32
5fbd3f121d45e1fb
39e56920de2c6579
570fbb9efa4535b8
842d8c39c901e626
c4c76d15f74e0a7c
15fbe06e94f828c0
5eaf9626d0d36ffe
21afe5be72fc6351
725a9172924ad8e8
493d5d364433d806
e1eec4f5eb4acba0
cba8d97cd8eedbab
7ff9c931884d3591
d48881b262230a96
590aa06dfde9be67
90f91b75cbfbaef1
586c03638cf13644
6df4ea6f3d3fd879
8b36096f478083c3
9cb173f2bb457c72
a3c83a64b2b688e7
cc6fcf669c381de2
26f491e848dd5c15
f7d40b663915d3aa
3063d9efaaa2f5eb
b5c0fdd385904b91
12233dc85a434442
7128355ce544ed35
0f1d6c41557187d3
6536232874e3228c
9dbf9ddee25cae65
00c467dce2791218
4422a6ae83d7dd3d
0038e4f8e7281ac4
8802ea5cce57041d
8f0f5e28c8adb5af
3149ce6bc959e148
959390ab728e7fc6
3499efe7170ee27c
22f95458369ba987
86e6f48caf95a294
3ae14d90c86c85a0
57578c0c92eea364
484f0b54696f96b8
069c98878d72a503
829f51d987fc0c09
5148f1ebf54089f3
d72fe19602c1b167
f04eec5490a9e0e3
f731ff9e26e088aa
97f51fd9fbd29269
bfd390ee0c4f4596
d1ab277698c615d1
4d28798cdbca3e7b
56eb2efc57b5c384
5e7ab06eaecef3a7
628f46a0952c20a4
8982bd85f92c236b
3b6a56923a850b82
d2d7658dbbe08a76
f6224ac7950af6d2
53c74ca246bdd249
1521201576d6c38f
c421cf2076f4a679
4a279d4b29fd063c
fc47fbc92d19056b
27895b778877ef62
64d7e497aab62e31
cb5d30bfc2f8f14d
94880dc6c89b20f6
ff78adb9813171a4
530738c6b2bca901
918d4f699a67d037
0edad0ed8b80474e
a0d137a33672e5f4
f17bda0c60853151
2cc69dd0dd71762f
156e1200b1fb2bc8
98530457bf54b379
5245484484142ca7
b2851899dc9bec4f
65376b00346685dd
5c540ba7b6b21e54
3c7ed1d6e47f5abd
2af67165f0f97c7a
096f56122148bb31
f3b5b15a4e0560e4
c399bfc1a0f6451e
8ec712472f444957
faeef1f4ab4fca6c
0d8001a7ac62a1f9
1434b7ec9faaefe3
12b47cc58d7d5c1f
d188c6ba9f2f9598
1ca518bf791d70a6
8659d276d2dd1006
50c8528084272906
d890f2ff5726abfb
285b31a23b071760
1e3cc3ef8b634804
f5b857be52fc4542
cd75265c6c70be65
be2c1651bb41ef2b
d56921e24b8323e6
396450b16ca444cd
b1efd0a93f490762
4c7e678a0ff3f052
29ff6504f4e98318
11039b06d03573de
aac12e966c4b5d2f
e7e6161c8ee52da0
0e9066d91c54129e
b7517aaea9ecf460
632847dcf6272d95
a8dbb43a0aa726d1
95fc9cdf1804d723
8a7bdc6e12bf59c2
967e4eaf6bb1bba5
aa15930547caa7e7
cc4eed0c673c51ff
3245ae96b476893b
c1ff0074efe69980
1674f386410ccf8c
59ae08ac2bca1e3a
76e4afc161f770f2
862efcdb37752c21
ced0132ead70a7e5
758ed8d58f89bf87
2c19ee21b6d866f0
15bf4c2dd1801ec3
321379d5a480f953
86b7ca025843c38d
332771502f5c7c50
23a09ec21990754e
2d2b2d7f2227d930
54e4807e0ff40be9
54f0a87adea85ffd
c04f007b0779ab77
1e0eec57cb297815
bb0c9aa87bb03133
4cc24ef155bcd2e3
9ab990a76374484d
fa92b6368ae8a624
5a86f04fb7601d4c
078b6a22a25f12dd
fb23172535e2c0bf
b05f2cc6359c27af
f6fbc8a7be2cf0ee
c6d3951ee2cb85e4
8882c46c3605a355
d375f1bbc0a3b5a3
e1f7e8c33f7f8aa0
f7047663b662dd3f
e202aa7ffcf6ee82
7df579b36efa95f6
40dc7ae35bd9ee19
0a4732a388fae22f
f06cfaef3cec9bb7
dd7a31aa6ddc7780
2e9c3398d98f1e1a
5a62cc377ad4540d
13cef049441c8ed2
08d8f29ce1550616
d9fa1e1b37996177
ee027860e5f427f5
5ad8a85b422791ef
20731cdd30b77216
d9212407912b5b2b
56aa4242836b2c3c
4f1224c5ed83aae4
918ef5f59f36d7ed
7833c1e03d86f905
3b3b80f6b17ad282
581602bf6f46cbe5
43612f350efe7139
4b2827d75fc82185
66666d61a4747a72
e8994bc76b3d43e3
d35d290ea5d97ba2
e88b7f1ddb4a0f64
76d8a34ba3c1ddc0
a9e3262ea328f8ed
08452792359920f7
8da4e7a64e52867b
d1484b934a30f732
33d3d4d906d9356a
c4412f89f9677af9
8633db6f10f255e7
063d1cdf9a81a74e
de7d169c23cf34cb
5e4a6ef9ec3b4a36
30ae0585a46bbf45
fae27d6cf79de75f
338f82ce58ef6caf
0576bdaef656c711
c199e59b8df7b52b
499cdb67b43fa67b
b35f7c73a364a837
e881de82fdec3124
b05d7b9df4a294e1
0691018cc9e11ba6
82ad668c673e8517
8871bd4d56a90932
d4b236d23f9e2fbf
ba777b0611527058
48cb4f1a17df3c91
a801ea7ce18f2526
41487c216b6d9891
27baecdf7be9dd86
ff5b41362aebe0d5
82f54ac01f94c2fc
a4a29eff0065e494
2e84fb6d423e2bbe
cefc1cadf6bd7302
4961a02dec52a759
12d8789cf64bc999
23513cd31cdccbf6
0653db535fc80b4e
ec7e52d7dbfb6f07
8a1f8b783a5fc95b
d5808573feb9aae3
ccb25dd9d9f5428a
45abbaa0296cd11e
a56af0efda61ea7d
c6c5384117312610
e90a34e951070ca2
b6589ae197e9a55a
988124c1bc7921ba
8e539db76b2746e6
43b98d4f69fa638e
69acd8afe5aaa0f4
7b1fb621c82ab912
c99abe8037e93187
6251c1b3739d3ae6
ecb4a9760dd86213
4904c2ddcfd250eb
54b98e382308d247
4df8aadba11e1a0e
2832f490953903e8
9419c9bd9d6263c0
21046b48de3d7e61
7010d1a10d42c320
6fcb2e9deed3a36c
520c30556a9e3db8
71e263bea59d56b6
e535ac74451bc184
209f14e22b6a34c5
f11429595af425ee
2cacd41a7ea382cc
23fd0b74226bb124
28629fafb1fbac73
5573637adc67cb40
f71affa738b12813
c1031573d7c7de66
76a84a919bc7501f
d6bd7b99c71b95e3
1fb10444a2613402
84109304d372c2c5
71bf32a6f8741d41
ec060a2005ae1de5
25fbe07c6f56dec9
5a11e5f4fbbd4377
9f963ca128543b36
37fd9e75bbd37b0a
591d54b29a0a3e96
d25158bc0aee41a2
a840942b149a9883
691f8388f5506b25
bb5f1cddb5b4369c
c79b61272c94d9bb
5692e92842b13339
04a2e6eda641fdba
b2a89b89e9f7d2ae
512f477429b12c4d
8507116974eb909c
11eaca326d2e8538
ce22abe3fdb0091e
95357088a8ca13a4
3cc026475b2733dd
e77cb3c8347172e7
25900d6985c4e298
7c7f41ef83f057d3
bb787564af82bcb7
1696cce41884752f
f2c5daae111550b0
f5fa6943bb9747fe
999b6c0f42f322cb
bbe53e27dc066762
cc0e13e3627e354f
6d344a6f6c9f5456
078151c24380090b
57706e4669965a91
26f7135df6d12079
356c0924dfe968c1
33b23cb27e93f697
1b3ad8e45b44261c
854a4c27b55dc69c
89065c36bebd7359
486a18333e964131
25d56335b189b20b
8f22678dad31a778
55c764322139da63
b5c189d8497d1336
ed924ca4bedde71f
5832c2081a658ac4
212680a934ba9f25
c2257776a757334f
f623a9a39c4abcec
1c1c15e1e634020a
73ab67fef9ac64f9
928037c52c945d81
359e47d4112920e6
c5d67703d8aacb5f
6ec4adbbf4a0d532
62064ad94975a367
85641e3fb217a5e6
766c4a0c7bd8ec3f
3ee0a9028ea6712d
14444d099c1fe4b5
8379e07927faabe8
39010cbb40e997d8
b328ff0f2ae93173
b20205e1d6547d79
4ad06f7d0eb9b0f0
fb95bb5c8e501f03
57b4db545ecb831d
1922e16b5bad6bdc
89df339d01c9e757
df4b4423a7ef0aaa
0f1f8eebd9b340ad
261dd17bc955b270
d50d4d08d15214ef
1a37d8603f90404f
2175ee422b2f5cfb
81ceade183f30124
f2e9e4f3b5787013
e9a24d285f1e9d61
4066df69a4b3775c
1d8feec415cc9f19
81be58fb37a705b4
5304b1c26e65507d
95c19b412cb84cb6
34729bacf8f92382
bf0a176e45a572b4
ce161cfe6032b852
abf167c73d3e721b
c7fbbbe793ee4b85
4f18cad2cd0ae1ae
2d2ca13387d1fe62
956c768b98238d72
3d2c794bca8bc3f6
fd37084f3c52770f
857b0228bebb02a0
198513932864fb1b
eab420a858378ed6
17461e72ba384476
8b8378472fb2fca9
c5c6da332390f1d4
5b9ca85679d5a1b6
cc0b2eb754616f29
f8b2c6a8aaa9a879
f12facf93bce0eb6
7c32eb9e45ee1eb8
d95e53eaf0c0b000
62c1d6b30a7562ba
f475304b7195657b
0a0f29ec6686d6db
df397d3d2e03b3ce
173723b3ebddbccc
702946f24ea87999
02c0824f837a86e5
7d0dbe9007a5c04c
c74b8f98d8fd08d7
2839566656b8437e
a799cb0527cb62cf
7c9da5a0fbf6d6fa
3c004cb1bc1ccf6e
795c8e716576e36f
4552c8fa02535313
d3fa7c8d4ab972c1
ae4f6460c91297e9
27551d3ea1eef758
ecd5df9c292bc47c
3638e1b7ae1c1ae0
e01ccbdad6550b38
cc44ae13ec8f6914
050e9b78884a2dba
2136ff03ccbf5ce9
126a4e94a6dfd742
7ec55c69c5effd51
7c54777078dca33b
eb0a33a4f4577e23
08578aaaeb975291
b9856afdea58c5b4
acaedbda90dbd2bd
b129f5257e3d2359
ab01a5880006563c
3dcaaa7986e574d6
df268e9ab768767d
c26696045f8472e9
ec435ef5c524aa12
e73227e700d22ba6
522a9dd0b1f7d3eb
916852f414d7136d
1dc57c7984fd6155
53cc80bd21e5afb3
1ee0529044cef2cb
39671e4fede88125
50f6540a9fa03cb3
d8330b3cf3b11fc3
628b088f4bcc503f
43293a479457bb6c
d9c02edbe72c654f
4f4e41525a5f611b
c2e052f761e56187
1e6f6b18acc39761
11a7293799b67652
3f97b341259d8068
741d3e2e66a85da3
045b1c8edc6b9147
b772ea7a6f5e2a0e
ba59da0d77d9bed9
d6488de5f6d44d5f
0e58ca869b483a9b
8802dd3bcd59af4b
1f5a574631bf5b1c
68c17297bcd2beff
30bf8b9a70883c09
a90ca9649b9625c4
b71d82e81522fa41
89b0047a4bb16b1f
597a36bf38f9bd5b
0229345e9ee54298
d6202482da03589b
718dc03fbc8b197e
c1c266d9fa342cd0
bf11006a96fd3b48
9f7bb32184d464e6
181bfef4689a61aa
f1d18e221a9c8ad5
fdcdae4a980dca8b
c46d17e1fc302422
2cdb96939c52a142
042b9f57ccc37c0f
de1d199146d54e6c
f31652b3ddd5ec83
6d25ea68175a7f37
594a3cfe17360aaa
054834bd34a38c61
992c11990556a952
16efc297b5d5ae42
a952bbf747521680
905976dd7a85e99d
0ebbfb248d89ee97
fb6523004fdcafb0
1efd31044e3cbef8
ec540f5ca1cbe689
00239e6b1d49dd31
a614d4937d15384a
c3d74e3688ef9cf1
24534b578352592d
c6b6ffe36fcb29bf
6ab3e560aa5c9e62
746ccf7db3fb27d4
78c04804bad2cb40
471eeb233f6cb758
2868b36f4c52760e
83567a53531cbf39
948a78a6453a0c20
a510a948e50e6988
a77fd0efc8a4e1aa
18d43040d7c36b1d
581812ecc76bddcf
8668f11003e287d1
f194822090ba8cfb
e1e5375388ba0c49
0f927ee0785b28c0
6c0521c557d099a8
7ab5539e5cd51a6f
55a539a14fedbf7b
934b561d5f62b75a
edad0b7efe75962f
81e6a02a6e3101b8
d585da818e2888bd
d62cb92e8562116d
e4f60f694b1f2df5
183ca3cc317d73c4
f389a76aed4378d5
6ced5410ba7da3c3
5416c71356f8826c
8faa2b2e28a780f0
eca6b74d8a193bf3
ce5051235218c9f5
aa6f64b6f25c9b1c
078ad7e00b9d5b66
8aaf115d95e6c58c
9626874e2f90bb7b
b711fa3e129f62e3
9c594bc132f67d11
b50757be5e805c29
df003f007b63ffe1
b2e24679e85ea79c
712b8e21f4b5b94d
6eeb0aadefbd66a5
12e5c2d251fb01d6
304154d2bd030249
fe18e66b95f60548
439cbeb65da56c97
4b8733df067e2e2b
c79246ea0e3d897c
38defdc822bc712e
9f43a2aecfc3e1b6
3e540a15cbcf209a
a37b5719d5cec362
7281e77edc53fcf2
327580fd126f00ea
8b2eb97665a5ef97
2fa576bcb088d4c8
904ef18b985ea08a
f1dd90daa2b33c88
ed9fdb64ac283f86
3de7d40f87219105
70c544d662e069eb
6bcf48d9fe7f3385
3449e81ee478d15a
990697e70519b567
635ef528b6f81558
dd4edd13a11d2c5a
57061aaa131652a2
759d51208f5c9567
49866bc32f2c4e21
89c1adb6c740b53e
03dcc3b8e1097786
c28102ff3a2daf6d
dfe320a5d0c8863f
625b4f29a1ef95e0
c80b301524b3d83f
6df9b5ea817398e1
2aac3c735efb1070
a8e04b3b0d22f7e0
7c1a45febd89638e
86d9691fe4b203a2
79242418bfa9017b
849ea559d9257dbf
c29255af484d4e3c
58053bcf85749ae9
3096d11a71b30938
6b7c7d3f02e077b8
cfe6db374715fa9c
f48e9e2b4d7a76f1
ae76d94e497d5177
7c89c8adb43719ee
d5c70b42137b21ce
35b557626811b700
b8541920cbfeaa8f
c6f6ad98501f49e7
d7f61d6b02f597b7
bc1cab70c2fc7aef
911d222afe28ad6b
5a661c3a0d4bab50
316581db62fcdb7b
21b989ad38df816f
0a0ff6c7977692d6
d8b51ab06895d90e
49084c3e5751c752
0792b2c1bb7edcb9
f79e07772fd4f77f
1229edc102f1eb43
51fd9a075cdaf0c5
8b9c07250fae151c
eb69b5bf23619853
e99abd26f7637572
f941030900017b7b
c763377615a3f9c2
a115659c23cf8675
51c54f8d728ba0af
94ef90773eace3ab
792769a2291dcdcc
4e91f641739d0e1d
6227090aa3300c25
d0a5113a5e0aa30e
5a0ee1cbe4bdc5b2
9745dded34b1725d
81b899ab4cad5806
fbe605dfa7461fb9
338ddd95be9376cc
3892730a7d348ab7
19574b6ca071dbd7
3b44cfdcfd63ab47
3c82b6e36977e69a
0c14164bfc76f76e
b8b34159cf110f08
c550281f8d22177b
8ca60d32d5d604d1
793bcb1d69f04d04
4a8c2ba7d79f5017
e07eee17e32af607
793d95fdfd6b7e09
88a880a92f6bebc1
e4dd92f74af80cdd
63e7b758a8b36c1d
4cbbf63bb6445a20
7645317d41aafd30
fcf9aec5b758f97f
3ef4827ea69f66fd
0e5b85c186882b1b
075cfd1853b826d8
0c81841943187154
978c86d6287e85ce
96d52e04b120ae18
de6c0ad40b5bf267
c8114edc9f31660e
89ce3b7db7ee53ce
b26c5052f0af6ccc
c7ea69ed3da41a1e
bffcb410f6b5ccb3
b407a0c81eaac16e
c2c4e30bc374abc0
157c63a71f4ee0d6
aba950fecd42f6c7
0e7e206b5da5d5f1
99ffca8f907e1df3
7a515dbeb4b2899d
2bb91da16ebdad57
7aa77d00b25ff950
9926cab55cf8f7a7
81045efa94ff1b9b
32744fe6d2d254db
c3b56c5ab19a16f3
94a3181f5b572128
73162176188bf9c5
d5baf3c758d62c4d
9c17213ce45e7099
5a4d187add374c4c
c9f8cd678f8345c6
ac5b0be092ea0cdd
59a959e861e5c786
868c786009588cef
6c4aa75de27210fe
7b08254a53a62bd3
69ec29b9f3c4a503
a1f79c4325862425
204aede73d3829e4
d5fdf9b5dd3538e3
ff72873eb9f2738e
678193080ba26580
247e88ee3c65c69a
78aaa1c027d60360
3d624a571a90b5b9
19420f49a293d91b
0d2deb1c909f803e
3ce3fced1ee10a7b
863c104d0624cfac
f9390141622fcd93
47c61dff82cd3cc5
54aa5ac5b3a22ff9
2a7cf2aef2a274b2
ef74ec04216ac8ff
d953e26ddbc9d8a0
33c17872165cb6ac
c332c64a5cb87840
e82d0be5ff736c4e
391e351f7e70172d
27f521831c152402
8e70db51d3e2ec87
5944933181aaf2b7
b19a1d899bd5af17
2db37b8f9cde8216
8fcdeaeadc9f75c6
a17e3f0f6c13ddde
502840ba3dde3ba0
adb2153c3f1be55c
604b02c4da4c4dcc
344d50146df758a1
544e118438204a30
740775832866508c
fc4ca28dd0812c0d
5acc5eabd084a9a7
ce99c3b862a35f5a
69a2daf091cc7bb0
9e50d805c1c33658
685d4d9fee739c30
a46f0b59c1ca919b
7cf1ab299912e7d1
ea565f9e6429dbca
9d73aecc9dd68601
fd8a99a7c34aa337
5c18db628cc1e0d9
285f4f6e5c50fcb0
1ba21642f9650470
24cf66dbe37dcb87
0fdc1f3665009fb9
908b6ab529a3df7f
fc5a19e662182ffe
7a64a4292ac0bd10
c20c498775e5c302
4bd1388f2cdfc797
2dc4fc9168a3eb71
d73633d42956e4c0
7c7b69ad46fdf276
83d4df574319a509
d5ad92930ec12224
b0e7d9cd96ac8377
9e5de35c6f63b418
59b20b408e76f1ef
37d5e94a8005df1c
9b106e782b421348
0748d1ed1f165396
db6be8ec1eea44a9
7266b4b0cfe38bbe
d31c1b3bc0b2a293
208c376588b5c035
6a17ebe9ea27278c
3e9e422c9d26feb9
ec9b9688dd491839
3157665f8caa580b
c383605c724e68a1
93eedf3bc15e7b21
751123918e52ab79
1ef81190cd88f450
ba42e2aefe087238
9d1d28ed07998f8d
6b82ed9a942abeca
312a59f716b0bc88
4265518714f778e7
7a031f5eaa55a421
4eb6b7c953ed091a
945a393af5af57c1
8c839cd2b171ccdf
349cf67508ebb167
61e68c7298fe8c7f
0fc93d4472148bcb
e03a120602a77556
92db9827fa35363d
0164015784ce2357
51f9e0554d54c0f5
b0303075bc26868a
b548b515f85bc1bc
c3fa0cdf01bd055d
f0ca893ad329df5d
b956a8f57505b91e
377ddf7ed43951ba
8620ce6dd0b64158
f0e16ca61ee5c314
d14ff689707b9b1d
dfdc624aef0109d7
dc244fcc2ab064e4
13824fa5c4d6a531
17ab53832c83be64
3494cfecd427896f
3adb8a48ab1ef33f
73f2712a638159d6
400756f5e4267ee3
9247d66075af46ec
78a6d24c555ab94a
e2bbc078fa07b18f
bd45882a40fa8933
057f0eba4327712b
92297f00f97e8d4e
08a1747d9e149b11
7d1f53542c73ca03
2188dbaef0e2f638
e0cfeb89899b6004
5ede88e3f4e6bed2
432e904499ac5a30
6fb769a98424dc36
d7a0f636f76a5a89
ec47a5b3adb4da89
05af7061c4a974a3
6892140562739d93
b864049ca15de2a5
5679e26690b33b1c
e7c1a7c5332e64f1
28db283ff46f5a66
12c002df2b7dd01e
3af3f442bcda4e23
aba4d969a56d6c6d
43d8425106cb76e8
85e3ce4f9815eac8
ef8582365b1e52af
1fadc0acc2490d98
d51eb86e928f66f3
854fd14aa97d1166
0d274a39cdcfc211
4496cd2b8ed5e821
ae759998625a2604
02b189102f4ac9b4
ea87c047075331e4
bf7f066d27f47cc4
063ba227819be73b
da6def2d75ff8116
979f126221e765ce
6eee353feb8bb8aa
ad8b7922185dedbd
4c28304dc5d1af1c
c14296a1292f03af
22a29781ad862ad2
f4f8cb0421ffe91a
a3fc75bafdd8ee45
48c7bdaae023e1ff
e22c8f782050a151
29f291eff4eaf781
7fa612b5c93ae588
66ad7cd56e8b7e88
9c3520fb1a7185ad
ccfba1f2c671a39b
e08ff62c81fe152a
5ffad5175f25ef31
f4a3dc3a2ceb2af8
3fc6ef01b6343a86
c6b5026f3aad80ee
982dcca8a3049c20
9995cf79891b309d
8e96856b615e8acb
548fbe4603dd73bd
78a6793d7ff0bbb3
6f6f2c911050e857
28239a8d65ceeec9
6d81b219ce643fcc
a0e9a91969fad9ba
e0d47212418f4b28
1183e836a5400c93
af4fddf1aebe4f9e
ff79c10200945b77
940f33466813891f
214be3fda9a15234
123cc4750094ce4f
e191754ebd093af6
1284c4714d691741
36e87bc20d6c3167
06d631de29dbb8e1
b93696c0dbf77f3c
c97e0d00fa7756c9
3990f08e28395f89
9db9085525b53f81
2a995a9bd7a12482
1c9295e2f19646f2
4132ba1ec22def22
f82a411bb73aa12a
0064d4013f1b6542
53d3296675ed9b90
596065aaf1a0520a
d0a9df98b117967e
4b9873a1892e7af8
bf1402d5e45d6454
014a6e4dd4ec4901
da8083bfb75cba99
c11708a3cedea5b2
f6d8ce83c81b838e
5b153d5db5b9fc34
954fa5a6ac8e12a8
901d8fb28d10b216
a88d40f432acdbdb
e4a97f3f3fce5ab8
8705ab5516068357
813ce13559e2a834
d4c3d942de86ea4e
927c4352402446b0
163c8598a1f3da44
bad133e8a3c2cf96
ee12e7759ded8f40
36cdd5557360a415
c17f3458e133e670
b7401cb8dafa5e77
6002b4060e63f836
0591868aa4edad1c
fddc7278d8de1a67
9a14af087154426f
af3652eba32dce50
002099f2b39c461e
facc29b360a7c15d
59ac3a313cecd7fc
99441ae1e5557067
4512d4fe3105ca4a
3b9bb9a0f761d9f7
07c5ca6f7866358f
5ea2029ec02b8dc9
f36eb52c4bec4fb8
ca1c4fc7aa5b66e3
0e98d4b5688ee6ef
b940ba8fdd43f2c1
bf439169ff036e8b
8f1b1299af268fc5
8615c5b7ac8c74cf
1e52aaaae2cb8305
3852694d01a1404a
0753215bb4811b06
376a7fceff712bda
6ad9345368b8835a
0f264be0f3bff0ba
1bfd324afdfb15c9
772fe509e7ae0c09
1b48dc8c4ed68eff
3561932c08bfb965
76e50326080bcacb
73bf1709c8f2a06d
5482ee802741c785
9bea5f3dd221cc33
e56c2972942e22b4
66088ad671ce36d9
77cd40ed7d858f1e
c88f8afb966a7f9c
dc37f64b2b260721
360452325d3099a7
d98aeb8e2b6dc388
8fa820a2050939f9
6074d13945dd9cac
b0d236774e1d669e
5234cef2595363d3
601255d6a56a98b0
0f7b4a0e8a1730a1
65bf2d4aa2f1434a
b5c0a583677e8302
3041654c6eba6f91
226acd334b918219
bfa24a393754a72b
36d6894bece59241
4302ebe3da71844b
5e2a9d2deac45e3d
de3d7b091503006c
87299ed4ad3b099a
6a8dd96d74f9c1ea
4c8becc3bdd69858
fc5d4ad6776207c5
ea675da29c065160
f65f3c5bf536fb03
cb1c4172b4a2f3c4
54c27b2f918e9333
a8437378f870574f
14874b6dd576bc23
92ac617ea03b5a33
2cc61e762f1f0176
7e42be4bca973b04
3bf498cc3cc8bb0b
060f5c5b6309a523
ad3008d0246e1be6
2f734756e35c59ad
3c6c6e0f4c44e6e9
77ac69c805caaba1
c81685bd3a7612ec
3ca21e6eb0e2d120
3e387f77273d4f33
d530303529dc35a8
ced31496f10deace
9d6990f59a7b912e
a216f1506c032eff
ebcf77d44177662a
5c274ac6c323012c
e669c6789c3366b2
915a9b69d39fd075
77b44c6cd76cf0d1
c37c684eac831815
53fad7832aa805cd
0c1a370b63b67392
d6cf960db644ce29
e90e96d306017235
563d3f5fa2c8a196
2a3511f824076082
f6fc80c857710be2
4a3466455fbb1e3b
bc787bf7339662d1
ca7b19d3895bef9f
666610586c164852
0961d0cc1a43c4e2
0a49a5a10e908e81
11085647850ee491
32955fc1af55224c
c65b86045748a15b
50e7a4ec9b7a05db
5cad3daaa7d8da7a
47843062c5da6ebd
3521ecb22c6be4d8
e3f5738d2f67e51c
7db02b27c37091d8
6abbb11b2b703bff
8acaf1d5d6b25d10
fb053ab848229ea5
fb03c021d5b6daca
c9798671b81da482
ccada5d75ff54073
61ee40f7d908411f
a6f7bf801dfe67d7
8527f1d37c33b5b4
a73870b6617e0579
69ee5e23f4ca18cc
d175f3cd77b2df3f
d9ebb757ede82c95
c4dd13db23a465a3
49e396de6b100579
5c15364db919c5d4
4422782da08cc34a
46afda6cdec12a9b
c27c24589d3f3d40
83fec15ed1b5d5c0
6e67ce982f5135a6
b35cc5f727eade27
2f8b8ba489a55db7
81debde6e3b1f3f6
2a36acd443764f51
578836542e604ea6
c5038cabb1dcef42
bbe5f3d8df37bdaa
d3f1e7044dc77197
f61fcadc68086ed3
5388b2046bce5874
590cf78c2c51b2c6
22e07367c82f2f9d
24c75e822c24cf78
ab52a0ccc2f08c42
330bbbe8782ec550
543f6a77762d8b07
033398a0b61531a2
cdbc0eaab3be3b4b
0211b529add79c06
04fc9e9ca30a9b13
c545f528bb66e8e3
e19619dc2c496c0c
3a998376b655ffdd
472f987c469cf864
fe3ac4d0d456bb84
4d77f215c28b28bb
2c6c42a7c72dd295
7a0f68319ee3325f
f51b641ba466e2dd
b032045120342906
540d5738ede417ce
5e3c4d383fed90b9
b4225e63d6c2cb4e
6536ff43d30dfdf1
23243a82f3e92882
49785e3cff99e239
2d67e8d739a31664
fa5f5201e3ff7d69
ef9f2fcd42d06175
9958c808bfd3547e
8de204ab63031f84
104cda2fb76bf8dd
b69a8aae158c7289
28d508173caeec2c
41fc51998c9b33c4
b1c21db90e645a86
c4f716b1314948bb
119c77c362f49845
5f0f5c257873c627
85ff422967995a6d
eeb086514648985c
8be89c98468b953b
770e22d8df770f6f
2da47c6775a50f21
eeddef8f6e94c574
0aaa88e59106af68
703e6d484cfa9b79
9b43aee8594198a2
08a08b4fe9e0693d
2145fd9ba5c4cf0c
a69c30418f7d559b
168567f8e878428a
442014ea17a3c42f
9469208260a04c79
a7fa8d5d1912a09b
40929425fbe044bd
96090cc4f2cd88ed
36d544bad9db6c75
59141e98551f349e
c57381c3e1e1968f
4240e42938bb4c96
83e76b5355fff0e5
5ae39a280eca01bc
e18075c58ae01a38
66ebb89a371b2785
1cf39319ded53f17
a711688c065c6d02
3a48a7fcfba3c704
e8e02569f8cfcabb
a675310832b67cb0
4d605a81762078d1
41f034b20dc36d0b
7d21ee9e68c77ee4
7a9bbf1df5bfdbce
f95970cb3bc43271
a7f8823a14eb100c
43a29b5a6b530894
71f701cb9656724c
589a54a22ff2273f
41d64a9a78bdc21e
b181e2d76fe77994
6cb00a2283ac05a4
239cad4fcb36630e
5845fdb564985d17
7ee40bec3ac30285
097f6bc821704099
52d2fee00d7f200b
16b3f277d0b5b51a
82a8d07fe1e5bfd1
821ee16ffcdf20d5
d4fca02a2f3ab068
8d54e4465ec3a301
10dba7747d4c4288
f34f5ab5b9f0b993
183d462c1c857a3f
993e908ec1ed2b9b
0dc8aaa3cfe5a846
3419d0a1f151fdc9
820f80eef183b2f2
f365e9aae75ace73
816a496dd5a2c03d
8883ecc3ad501abf
3b28c1031fccda08
ad7bc7eea3d73e95
68d02bf4ec3243d7
89de378d7e70657f
bcbabeb788b86800
d916be07dc66e9ea
ef69918a37f4a557
63e30d5c26ef8da7
cf9ba4f10ae9a2f9
441d3a9cde678d1b
71e9d3deefdea58b
bbac7c1dad4dbbba
97fb6d04c28fbcb2
388429f24fee350f
943d9bf316704d32
7834d8b13f8ff0ab
f411b52e73ad655b
4d9a93ef6e9f001e
671be27468192ad4
ef84b4d0b8ed0743
596fe7f2517e4d96
da71492e51b54888
e6540797a0ca7827
1de6173f989dbd2c
543358251f0e8ccd
6446ddcb103813c7
e15f52b079f39d29
cb61d1c0d79df230
971dfe8d69640628
e8be3a66f3489cd9
f4974a25561dc713
e298825f79f9dd90
1ad78ae35b0f803c
689c663da03ae31c
5d75c0974a88f841
36c2baacf143d038
dc9ff13ebe76b97d
4443dba92b7c064a
fd175bf75a01369e
86e771295943c306
535311fb434cff6b
af48d0b51c83924a
94e0eda0ff409c59
6a70b6ad8aecd02d
f50507fa1914cd0b
cc75e74d3bc78585
09f4fb4b4bce579a
03686238dfef5a7b
0e40103bffdc93ee
d92c9d143f71b78b
2073d99c8c6e600b
4da04cfcaee88fc4
37b260dc578563cf
607bc50c434227d7
41d1214b3615a64b
b35a31d0ba6e68a2
23e17d3e4961fbd1
c2dedc9cd26e9323
3484231c529bb456
1e36f92ae92b069b
3a37b22ea2e2cf4d
830f25647ad83bca
f60ea1748be487ad
0f03d23cda2eebdb
46451a5b330334d3
aaf594612986922e
831bf064899ee5e6
c1a909c5b864f7a9
68fd4abc9bb354c8
6748a25b7e99fe29
0056452c018c5496
d6276092ba032b4f
d3df608529771a79
00f683a17c692a84
e62e4613b490dd0d
bedec41f661bc649
5652c6767d3e40a6
20a792d3aa7da622
40b9993fa79bc3f9
f007967599d2368a
80d85d7fd32f8140
83981090a4f4ac2c
9b0648cdf570e582
85548e7f9971ee5b
d03a55d71e1deddd
dffe04ca54020708
58e00c020e2e0b8c
2968b882296a4a17
19abca3214af4c4a
930d14d7feb51336
daf3bcff1c895d26
d8a4fad4821f56f7
e7fea83bf0895817
7c29c1e6d94c6223
3ce428b235333460
fbcd400782d30f57
97412611c7302cff
19a49ed014817aed
d962bd4521db722b
9acfcda0e7362c1b
bc1804113736ad26
bc7b77bb373f11f6
c45c256b662154cd
6969e015afe770e1
e27746841f9da2bd
0281b6bf7c2ce551
abeeed1ea15bf032
1df54093a3388557
8c5c372efd9de942
5cb492c6e38ce960
bbad1cfd904dfb23
ac9f744cd4f0eb99
a2028ca75c8fbe55
bd8e27db377c2bc3
c3d9e80a3544f7ca
a6571a1a0cfb5843
c36bc552d0f09f80
30521d82fbc23466
3b0d41e1208f10ca
ff75ce7074df8197
4ec97b0e4b67d418
0f5b91cf70ac35b0
5fedf3d80eb550ea
0fcb7e02af6d99c8
7ae2793fe55edb23
fa4a485576df9361
2960f43861c044f6
9cee1f53e7ebd0fd
ec17b680b89b3a5f
d3506c0d3c8c1a0c
5155aab0d12a859e
c7be3c1612e0e361
828a73f72c81aca5
80638b53e7698d07
6676a9310e107920
3d4ff771ecec72b2
7356d632f1eb6290
29d179901bb36073
8021822e41f57cd7
a47023243c50a81c
cfa4d78a1a1fb8e8
27858629a984c8c0
10866110d089a488
d12c48e19d73d41b
05313c3a1f8f4360
73cd209aaa8195b3
2f7a36589e0f262a
774d3dafae287632
70621c07363452d3
415ab42f11d04521
195f3d312aa6f943
ec13f274c5c7fa58
eeea182162b919f4
79af8b10d1e8b74e
3a6341a3834f3d94
6502adc458c2847f
976ce99c805abc57
de6ca053feea814c
6eb0f19af8abee6e
e5b5a5b403a4d224
192654374c619677
67fe5b40f9dbd126
42308080ceb433b8
33ac75a6106b858a
0d2da7ff816ba8b3
086daf8e47619805
a27930c7fca66889
a45eb5dfc8af0185
dde0397b8329de60
b8a37e6cddefb1a6
a8da0cdf02efc5c1
80a09db4b941be4f
c27b3b87844ede57
f9d0faadbb85dfc0
7a57e1aebbee9553
f5a25f230b81ca2c
3f24dab58b955aee
6b8a7329dd331f7e
c0b1554827e5301b
762cd635c26e06cb
9352ba410ae886cf
ef764c0caa294ce4
a28efeaba2452e04
61a92b4966cc918d
f9a7690e66f791c4
eb26741767146b95
251fd9141e36de20
c51ec45eb702874d
cf606d60ad07636a
ea6630081b1d07ac
fbe2e714eb29f6b5
61a260cce8ef515f
50b51020774aaf16
ca2e31f2feaa8835
06e81ad1e3b49afb
42bf828f4611348d
991e9775bd06cb01
2841a3699d5fc86b
9f80f4b1ffff935c
f7d287984f0f2016
6822cec8e917fed0
bcd3ba1106c5ce29
552e4f4fce9a6409
0214e6876e86c640
5d0a0b4c6593b3ea
10abf340cf834506
c8dd7246de6c866d
2e04729965285870
4a1fc5a63f4e47a3
4a6bf2e3c8252125
b01368f3d21c7cd1
0fb81f899d14df3a
54c8ba66a566e290
05d343db1796d2a7
df1f54442e33ad64
ee68080fa227395f
66d563114921ca0d
951263d581e0275b
a72d0bafb89f37f6
abb1f588a0678b66
4e6b050ad0d057fe
3af99b70e6e706cd
10bdfc7b5da33e82
39da8d8720078c1e
75c2d8bcef3600f4
5fe56debe3a078a5
65d85131eea36a26
cb3027e00ec46499
13a85f0379a4051c
76083c976f8942e4
b38ba0c4277ec0e0
2584cedabe2bea79
5eccbd6b38b94888
84707b4d60f8edb7
3ccc44958c74b127
c942465e569d1b14
cd088b24729b2bf8
b64252af4f82badc
66245210c5abaf5f
5568f23db83a1a58
e8fc00542b7cb589
1fdec67f610099eb
6ce7891f32bc8d81
f92047499a01559f
96ca59cc82145d75
dd4de57286a7e009
ad03eb0fcb0c74fc
401191722cc9547e
d1ed171f3244dff5
24dd69a1b21df412
3deb8c785e2fb006
ea8104de337a75af
a509c1da487c399a
6916437f184f4664
66d10607624914c0
f6e6c395ee81b89c
b49aea0ec60cbc6b
fb81ad6bcd5af686
37bf16414615bb2f
3d2c272d4e05cfbe
a335f7f8a89ba895
a771b454ad9ede8b
08fbf4555ab072d4
78717e7dca471393
c1fa459819aebf6a
9d8b2099b345bf9e
f9c6a12a74dad363
82472560f20ec875
55d029e2f0f01f62
e3c10935ae3928b6
a26514c7c321f391
131a227d43c808d9
33f0004651b4a66e
975b1cc2a72b1bd4
eb95e31ec84e42b0
a1a5a379db39e5e4
6b8f00015a345538
b10b1e3a059f49dd
db96d41bae8bd3ea
2449aa0ee15936f6
c668c47dc16d717d
cdd0d9ca3f83dad8
14c688f352c24634
3ba2eec7b3e2d3b2
2f34ffb1aa1d2d5f
fef79a8d31f82bea
46804af48e59242b
2d95febeff85b5cf
620d4400f26ee9ab
1bcfd7c1b1e7838e
30592169a72c9082
22760d199b355d24
14478d1c65bc7e42
55ec8f2ea98f33db
abdbe45d3a771cc7
d4f61c720b8f1cee
fee09b327b648faa
68d9b298da90e153
77e62beab3400d43
92780bfe49b743ab
a999a736a6903ddb
6afdb5e7238489dc
07132032d02c84d7
ad913ffdca152507
fb7df9c80b197e79
4ee6a4995ed58c35
4fb7c8a15a740b56
c5c64f6057faefdf
19f0d8f69441cf85
5bb490ec4632c74e
99d14a2a1711ced5
8a6646d715bd6832
78cac7bfb22421e5
8ddc42a1950cb94d
9de6850cda1add96
5c060f4388eda7cc
3a53dc5d99ca71d8
626d60f97d49cd78
c14f5e76391927d0
e09c0288bf86d340
cbaf087af0c8d743
0c24453cd2f12855
eee3fda97fb0e010
96052820bfeadb82
b27a418d06399ff0
d8f57f9c59a52b5d
417826e51f8cfe49
b7f4f4e92136825d
543ada9b231da499
3d3d02bacc8a818c
2fbbcea3b6f412b2
491b42d2596119a7
14eac881ab06e0f2
272c4d4281710d82
be5be1affa80d426
5f85076da976fd18
927f19bc12c412fb
b4567c8e4ec33505
845fbc5568c66d12
85d63505c23e5186
ea1f5af7783243e8
d904c57b1ec22ed9
555bcd6509f4e1de
ae0b52d4a83cfc12
7d09394c8927d0f3
89166457da3fd409
642e662a3022e9aa
8fdb65c33c80dc63
5764b773f63d6964
8b3cad1de92803e1
925752ef9e6e7407
654438ae8a62139a
b92840fa68fc1219
d2bc5b0ef77fcc72
8dc25d0532ad36af
a0fd9f7492213e5d
3ee435ec02987905
6603c74878effee2
3cd952b54e3a98d9
bba253551438280a
841aca8e03492e9d
ff081a051f0798c0
6af6823470b37c99
cbf48203fc181d88
e6d45d490a79d882
fd699fc3062fe285
86f1b21ac1a05f82
a1ee7b394c00e13a
882089f9facc6e4c
e974b03d1e52c3ae
10744e6db252da8d
c1a3b62923a458fd
0e169193b8b71e2a
430d9c987e7857c8
5cd0d3308b004d02
f55aaff95c8c04b7
4b86997d3cc73d4d
26d3f58806fe70a3
73e6df38544a3e19
d43736b20bcb44d0
9369bdc975d4f081
3d9f2b29002889a2
6b6825f19b86520b
8aeb29752c8a99f6
03cad3afc1d441bd
959867b32d304f84
3435927d940f3cf8
792563c39a197386
0992c95f98f7c105
a7c8a6170838d655
f2ab6cc9ee16187c
5f934c079555acb4
ef8d11775e3e6dfc
790b7b47a845e6be
187af548ada17168
e8f4be722bafea86
b5a5cfa26844cf4f
0fda33088f2ec787
f8cc1eef503d9508
14772ea20ae37b8f
a023590ca38dce76
4475044f30153785
79c55aebae6b03e1
a4716f325d4194f6
8faf75911b4509fd
fb15ca5740ae05ec
7975a02b0cc6d12c
9cc7ef2e06887a80
c80cc3e5792a6e63
79c1b3de62c8cb47
0d12b391b2078753
672eee950f683254
9cb02fec8ec6ff4b
2b67899686bd76fc
65dfadd261f266a1
21b6e473bd3e5a04
69fcd216c8a596ec
b100f805920aaa80
631e5410ecb274c4
38c3601a66ebacbc
68a9ad0071665a8e
068b0a7b3a857624
dd8b445d2e9c89d6
0470093a19d0f1fd
3c5068048586fd8d
b5d42e2e12062349
73dba40369c5fd7c
73706e3ee32b5053
a4f219dec891bba7
77a90cf5573d74a9
6a774f686fef1dc4
5ed85f073eb37445
7e3073adc77cf921
5ce0243103fc9654
ecaf01e95c74152f
f3adb2167d2008a8
f4c24172e6ef859d
67adeadeaad739be
d6b98125a0d2bdd7
186c64843ed06e2c
578e1fe9723828df
986c60728591dc09
c43eaf5b18a13f24
2222e1cf30e80c27
d7950a6cab59f2bf
c2cef3265bc89bbf
62195bae2bc1d839
daa2d57372c654f3
abbd64652dae35da
f412fdfd4b501034
1b92571dd00e4c9f
bb338f21c12f54f7
6b96a7328978c527
251331c1f7bdce59
8b21858c73c75720
2a60081f74912f77
3ff533c61531b59f
75d7389906358413
8bca14490ee45163
8e591d24639890a6
6410ad9671e22326
01611eaa88ff95c3
599961acb32f5f38
c87ac6887c097bb3
aa30a0825def7670
efdc9a552b9a228f
5ff58b39d2fc18f4
f7ae5095f554742b
ddb31c5b960a34e9
3a1626c479244662
37ca57eae991cb94
7dd41504b5175e62
d37ee43591d60503
8bcd10cfd2102bcd
34c9c7531b9d168f
bc20a82f9023b001
6a177685c53c2413
2abaabfc8f80d112
914cc3e916022382
9f246c30bbd3ef0e
b63c4727be899245
6e1940824f5b8c28
4d8f86f9ec940027
63a43c9a2dfa34fe
711c3c20c7072079
c529867ff13c6cf2
e6fa61ab74720ab2
87633fe624a6f3b6
64f9270bb132c1d3
e9d8cbac0c04c9bc
b7b0eddbb4ae3e31
313d465d1028d9e3
0a64008983022f92
61dfc72dbb53dae3
011bdd5928c5c311
5eeb056f261efbb3
54d64e49483b60ad
c0dff5bb95e530f1
437c183c2277c239
78f0c4cbbf04b6ba
444ab50811486231
a3d7699151b047c2
034923d14df9773d
23c3a115ece680d4
6222c21e87be13f0
59d1b332f6f4022b
dd458efc1c01cf1c
3cbfeac4557b53c5
2cfa8cac59f4b366
dda3d86b5d4afd2b
550d3ed041251d6f
acc3d186b1a6d544
5d676a108caef2ef
e214fecae11e3770
9e3fbb9f46cd70db
386358b324c1d647
01884162e6ae44b6
be58a969ee6cd6b8
296293b2d1bd447d
39fec2692aeb3f57
726581ddea2b3ba9
635c2d6a2ea1c157
2cb49fa009d04879
2c8be0322f23369b
d55462b4b296f0d4
06ee910f6a603d20
622bfaeab91fe6f4
420521006be0d136
33b9742fc30e593f
761e709bb7e80d69
c752e257ae121c76
d91d2f2076907266
b192c82d0b042cb7
f6ee4c7f7975644e
d16e6a3f20f5ee2d
db16db183cb8c981
4bb0bb2a20bb4b15
3048400d01f9e82c
35093231ee2445e2
c98c734f9607708f
9e76afffea17bf41
63103be9ee2d563f
ef3a5f54cab58cee
f5311a7da73b173f
59d0a58b479057c8
5a830b1b3491f0d0
e6fc208d4aca6e4f
6c55db3a6d2209d5
53862f5018a81320
6fff9cf5e136965f
1164af9653646eae
24e1bc99c6fa503f
d6447250d5858d11
6f7d3c29adbefa46
9cb3b53bcf36ff39
80cfef3f4670f13a
6c00e9411061c847
30777f5a92615efb
fd711bf47d4b50a1
d6196a8c84388f08
def592a0cd47dcdf
0755e4d9d944618e
bd31654c377dcbce
9351817b433bf80d
d59195f2a3e111d0
4e758f77829420a6
75a51da0fd269131
de6a7886c7b1f789
523ac6f310574f8f
60755c2c5da8675d
9fdf25ea0060656a
089318bda3595d58
60808b8f1c8eb1cd
f8c1abe4681f9827
dc6bf6d7fde2ac80
ee79d00f4911a277
59f1791176598966
903d7a1b7621e315
bd399897988537ac
4425a5a6065df80d
e1410729a62a1816
e4a29514ef38d08e
a6d11277b49a0fef
6ad283731afc3f24
4f40173ec8fc1c86
449e1e472c82e400
35c96b9e88340aca
4c4ca84ab3cf9be3
0900a2c51bab85d3
01e610c559970d60
ba340ecae4f4ad5f
abaa9c8a0165ba16
3d95f399c0255c0f
6ddadf6b5ba45156
7ed0dfa82f476a62
2b6775141ce2acb5
048adf5a8f379e35
260dae56087a1337
e16792e415eec087
9136850fada59b44
61b56fe33472b738
523b25fc94e7c103
1c660876d0219018
8d6df93708b5fc13
af7258a00a48755b
73b5be250c14729c
bcc2c654ce74bbea
52d566a5cf59d39f
e64834603e98e760
472efd5bb58204f7
eca45e217566ae08
c7a847d729bcdb8a
ae948f66d1b8e6d2
fd858f010c3cd229
a263f282fa2aff4e
04c6ed78eeacd6c3
111f986e3c2df08c
851acc74eb08f451
2f6b08f656586dd4
5c6000157b84296d
00ea78ad06c6c60c
d442413515d33d09
91fececa20d05afb
978205f59854e829
86be1de1bd01eb11
667161f24004bf2a
697f508b638d38d8
03049ed6e5c227fc
2572c064fdad4d71
824de1f57bbca158
a37d889533fa46c6
7217903b5ea6b6a9
3b5b2c5236aa7fee
fd747226833f428e
d9f09b5bb9d031dd
1bf7fca95f9489b2
f878b41dd5b94700
9b99c7e9a15e2566
5564974fdadb6325
905827abc24cc9c1
ad2fb2c93c801b46
261bede66e387079
79c454fc7e5e1b9e
547c562cbe6d86cf
973addbd82ffec50
e07cfb6b2f2dce5f
916d73c190502b30
80239a2d80449ad7
e0a03e3f7ca61941
108df479ecce6904
b7e27fb15a5c92bb
82ee72f526becc5d
ac37c001dd07c76c
793878ea9414a391
4a8657ceb66f42dd
2025d66736d19a21
737039e5d6abed5a
54291b234a300bec
f73d63e520f3f991
e472dd73404c51bb
1922fd2f2d8b304a
3d8945607d59d4e0
903daa2974fd2d3b
78e3a7a610357a42
32be0774bb162f74
3d96f1459a5c5fa9
048a01ee3c01f49d
8f98157ea6781bc9
79ec3e2c76f15c40
ae5696e7f7e2f1ce
76b5c2df7d71ad30
fc7f48590f86699d
d3a31140fdaa3bdc
ee684015dc381a11
a724fb4b258e6a31
c54595d7878137b6
9a8419930cb0201c
80e065d53d225863
c224ed27cb2bc30d
955dc55f4a28b071
90bd37152a42c1b8
3e713baa42a1df08
ef526618d5632610
1a3463293570c9c3
dd7613eb9e082753
eba39b321d42cc2b
0fb936a74718523f
33b89692014d3395
0fe942d000501b53
32645a34132e0f1b
92b856d1f7663082
e7a93bfc0fabcd6a
82a4d750e92325e4
c84d63c176145182
903367eca293115d
a84c0cab63319c04
292cb9b40201ccf0
aa2ea1e6fc4640dc
44f02c208df0cfb6
c20ff0e7fc9cf395
1130ed6863e582f1
944d75f62a3c4035
1c8289f3fb8b7928
9d1c7ecde7d250b7
d3551102a9e2ddd6
701b653695eeef1b
d3e4fa58f9e5f2c5
61c493eb6fa860e2
d149600a8440796f
152832579c2af7ed
6ef026ca95442ce8
3669f83051843c97
797e6ff493a69c04
cb643285b7222d38
d693450977f06d83
11ffc638e7af37dc
e8f4cff77f779683
20c21ce5dc3b1e33
59a834616722180c
da654f4fd5a09159
e9cb9a9a1ecdf170
3c51595db89d0fe7
ce1051977dadb41b
fc33f27c669a76bc
5dbfa57ec7a78aab
cc4f0cf38dc6b872
0bd12dadf0b32dbd
dd849b84f68552c0
3d083ee7d8182447
69b21e6b84f5e28a
e0707df7aaf9156d
747b0797c8a5901f
bcffaf671492c4e1
3380e203af1c575f
1ef467543feadb67
049330b551631f49
48941167525400fa
52ed3313a04fd334
01f45f2f4580d1a7
332a61dff2729f56
a175e5358db10eed
c0c55f824fedc12f
28338702047f1273
c3911a169272a46c
4e94244d3a2806df
dd36d75820ed8b40
8ecc03d0c5821994
aaaefc063c4e128a
305c9d7624eef789
355fedb14c4e3bab
0a47075c523c2525
7d6e3a6a00a46bdb
1dfb8bf86e3a6bcc
59b502bed94fda01
c841f682e8ab90c8
671cbb63059835a7
50fa21645522a934
1995a80eaeba50d2
92a09a543b1aa43f
634daf0edee91815
1fcc9c3bace91901
f26c930060547c67
0c27efa0ce2e6a27
c311c400ec21debd
ca4247d4151ec1b4
aaf03121f39e9e61
6ea07af92eff79dd
f22269c2199c9752
f5c04883c8188695
de9550b56b7e5912
f67eae122f1432d1
20e1b4b8c8f09cc7
9a98ddb49bda40f1
9cea7e56be3a4658
62dc31e125782f26
72e6d39d3b3ac2c7
e21c30e51600a071
81acf32559e8176c
bc8c553a82274627
0bfa421bdd34a54e
143559d01e9a50d1
77e5bff5fa2ee744
201df38ec4e0e841
395ac531d7dac944
f0b00b094cc8126b
9266e69abe68c50d
e296228e5d324b47
32da28e56f27769c
e13ca5f6275127d9
eb16cf460dba4ddc
f9f0d4b3dce041e0
9436691de2e8c588
2e82d03e9a788237
15ff2b0617ced0b1
8c855f8f38658bf7
24701d8349afffd6
bedbfadba043418c
beccbd9fed567589
3130772e55927060
83d6b4c91edba2b0
4950784ad7217ccc
48a1a9018c6b2e4a
ceb0c13d5e84e840
5636eb17c2a61905
560048464ce72de4
999e11ea819d0ee7
b14890efbab59e79
7160c03a03fb121e
7db82ca9f1208302
5d6d91cace6c5ab9
28e58fd8f35dc2fc
cee5fa41789cf5ca
37cf9e12df0bd49c
6d560ba55d02253a
dcb72bd2db3ce27b
e5d42d905beef8be
5db0d829acb2ab2e
5937c9afa6fe24d9
303882d53e9da045
6b177eb89d979eaf
e07dfc69de6308de
6165a4a56a055fae
c63849ca320962a6
7d121bddbf6e3f1e
2152d3d4f9f2309f
1225826aecd8a968
217f99b5474267b2
2478741cf15258e3
afc65723c24a0b4f
711c9a2f193a4847
76c994cfac2c1f50
8fb828a7a1aecb1f
92b2b67b584b1912
34b4848a84f0c6c1
49283ec3504c8d1d
41c3220f4ed41ffe
81084e005229167c
3cae48bd8bf14508
95de096e9af97c78
a9ef3098e285fed8
11de34c50ae44905
a183347064b494a9
19ef5eaf12553d8b
93cdbf964470fbc8
eee71ef4213ed385
2ff0b545d47e447b
31911cc7e12bc230
bc39a4f677b6fe2a
33c659456ca53c86
475723f85c016000
8d316bda84859262
a5b8a36e5fdf90db
b1c1b41bd8ddfa2e
a794caf3b487a364
4905280d3c24dd24
7bfccbb8d5a28b6c
82b6cf745a9a0acd
440ab051f894f33a
40678e685a5d9041
cc83a1f79f744877
8928db4bc6926783
35caebb406890b6a
17d939e14cf6b430
6a17d386c7d94bd5
d23cf241c5fcc7fc
c3bc5b161d24dfec
d570c3b6aeb882da
15bf3faf5ff4af95
5947ce304d4cdeff
7236653ede599197
7c3e14d41d0445d7
cd7eeb1c01333282
235331642043988d
6f781dbe0a801bb5
3882cb656c2d4e15
9090c5ce804c5662
b7ad24d437b3c651
dce9b6ed078fdcde
18b8806f9a23449e
b71442e47e2e01b8
638c1bae268799a2
adc34ceb4f9194f2
d65a16f0323d9bb7
514408b157319d7f
d75b0c3d6c01c25d
bd71b4a4b63b5da1
8c425514892dd9c9
d3ba3d7304980c0f
4680fdeaa3fafb4d
2069e4de34cf5318
418c031f36faaee9
b65a9880e14c13e4
0de333420dbcf81c
bfa297fbdb823f82
ce5c2db2b40eb6f3
7b4251225c434abe
ebd497b478240dc6
0c18d9d8b1ebb79c
17a504e285529283
345c1849c5c68eee
dba7dd13ecc3f6c8
498ca76719c05f24
c27c01d1bc2ce63a
439118b84654b09b
30aa2046d6eb6051
b77a86e3cd2ee8a8
c30fe626cea47059
273fab1d4dea6b89
955dcbddda17667e
3928b3b5331010b2
890358855257336b
084f874730b10718
6087da3eb6b00061
c47781a62c4e4b64
ce176f9cf0de024c
489389c47db02823
e450af19011f084b
2d4d9716e5102185
a0fe8f91234cd4b3
1106c6655abbfc9f
78751996dc3bcc4b
81794a6e1d70d0c2
fefe7efafe7e81c0
3d23976fc63456da
64b5511de8dcc295
1213abaaf822fb78
d171d3c70c2de45f
29eed3910ea8738f
de13cd04ab57ff6f
c605388cced57451
58c21eb54674130f
2bf44e182f1484e4
731e0cbbe1c85edc
31dbc5d57167dd9b
2a1fe0c58d7f5e51
fb1d02806e653e1d
97ad7cb6f0b0c1d4
21bfcdd7d87b2c39
10b2c01f15d373df
88029bafdb6c622d
02c6653d23aa45d3
be37690199376c58
92803a81fea6c60b
2a7056c6d6285336
682ce0eb34759f63
ee2c99a0602f529a
d13aa0b67989b911
2450c6f57b812967
dfcf9abfbecd2f01
359726ac2a12a3f6
75a58e434fc2e90e
5f6212938f49ea4d
63cb9cac1a178531
baea45cd055e4d40
f294de41e81f1125
ad2dcad5c8f25691
65eb4a1fdece7613
21c49755ae3e09e0
fcf47f62944e17cf
a974c4f408d64c08
46f84055190c861d
118f3f6adce975d0
2c0fe069d9fb18a8
17ebb08f78688ccd
765fdc65274c851e
64aa8bf2d9f1e1b2
bd0f5c5230536258
b7597c54fb6e36d0
a0e51995fb603259
9f9db8612f2b9f7e
886b14e1377126e7
816a5711052d7596
2657d843cef84b93
bfe3141b2bc663fa
dc284e5a963db7b0
80071b5dde6fb2db
d3b9876239fff41c
36ba2616f8056164
0cf36b2eae1f4bf1
3930ca71e8e29c11
069ba952a47e2e04
470d20a0bf58c8e7
c721f0278ab23f25
b8af054828bd6d98
eef5f6d7ee418497
4c3e6b75fdaa015c
fe4f10b2a6a4a57c
2e70a31b4904e7f1
00777de2db7beb9c
86c38a59f4ca876c
638dc75840373a0b
0068e49705318381
9c711f8725ea8a74
23b4b9ba94f9a820
68286c38dda296c0
aaf64987729cc508
3bee7bddff874e2f
aab615f58452e3d5
29e49240c63f4bae
374351f5bba3ea55
169a33f1faeb7713
5d5a408e643efad9
96155e90b9167015
3efe645073b1fa2e
25622bd4727c40cf
b125460f76a177b7
f936a86716a02e2c
130a63e664e9dbb4
686088fcd2ba4873
95c29d01c678b2d1
0da28d034db0585e
1eb0d8e9f935c3da
273cf5055144e3c9
cb5d64084003a256
64da8a6982eb5f6b
8b26a50deed9b306
fac5e7c1c916f4bd
1c34d83d8eb85959
4c8d779549c86c38
d7a0b2028e83f998
7372d7c510421601
909b652504a58339
48dea2be4fbbeca9
fbd6a408085f340b
059014c23aa8834c
a67ae2700a80e549
6f44610499a7f9ce
cd10618890161f6b
60ab7a9465cfeb75
00e596e7135f9afa
99ea936c10c6196b
0317b7bb91caad6c
79f8dc9f4053f1f5
ab140411cf33c271
6a0c71d4229ffbc5
a1ab381df6000929
e5efb6dc4ffd87b3
8c26236617741323
9237384ef3544a45
d693be20ad58c4b4
44899da1426c0d22
c6a8e039d8fac17e
ba08f09dae2e9b35
794a33ac5954733b
901bb5e6e3f6734c
9ab23bca6596478e
446288ee6cb1b8d7
23c6a9677aab9b04
16da45757cefea14
bf4ee5f44f7441e7
5d9bc90de3fb0b36
ccf73247c7359889
d34c4f230618a112
fc53e09aa088f0d9
6795033da7035c1e
1315478eeb2b459c
5f48cd79dfb1e17f
456e773a47521b77
c475f81e84d71b4f
125485e687550fcb
0190b1209788c806
28066746d7018522
debf986b9ffa7055
9532beec99deb002
f426bd301fd0ff8b
e32748976a8b171a
bcd3e8ee08729a1b
9bcbf96e3edb6a99
923e6b4abfe16a86
1cb863f45f615edd
d16da35974cf62e9
9d1b6d6ce9f464d0
79783acac3de4912
7d4a2a1ab02bbbe6
e59d669234edc721
227612023725051d
45b672a00f7d7f61
051732255852f683
68aee05c6e5d3655
abc84a376432f3d1
63d490fb32f63809
858aa507fa5ad200
fcdef9ceafe5f7aa
9b949804c0845cc0
a5b2e6c6ff82750c
28d541b96fa3c29b
b30d15a9f101fa84
0139c7365f48d581
f8a8fb0f46474e5b
d0fe33a53a1131c3
8f60de286d5dfb62
520495af83fa3ec8
c60a215bcd74e236
239dd79c27d111da
72146f2b2b87260d
0d5925c189ef3b39
0a59c2681fb2861f
eb4313f08f18b740
5a7d5700844ffca8
b0e4a31b73e1f075
ebc39a770b1ef510
83c087955a84fd11
665b3cad4314eec8
af0640c6c6d5bcd2
3f42d4e5844c63da
a0b60afdf3e6e864
858843b86e1b0977
9eecb09922c93f9f
6756f5195fd0436b
d3eaa9eabb195df5
eb26f8a65516d8c8
0aefcc376b6c92cd
7725505f8be00d93
e015d3cf4b5ea609
56c4805bb4085d0b
571c24ec183a8a9f
b778c9bd6dbe6ae9
b14d33d56d2eab3d
e94022f45c71e061
6d08a877f45ce238
0d1bf6c69f7ab21a
f471698f3a7aba86
9939052371060475
8fa3bc3333be51d1
1e1c8ade26b987e1
94c0450caafd4d66
4ee8deeef0c4d80f
a84097da0091eb4c
889c7917c158e148
cbc5b776fe2ec40b
0db6868ed4d4c292
7539f8e67d70bd73
1e5590f26bc0e511
2b89251c0a9242e9
248c371e63783a34
52358fedada74039
ec0536637868b206
0fb832659af1797d
f29344f20cd040e4
934d9496379abb85
31bc352865aa629f
3e1d1612454c584c
247c21470ceebdc9
1db5a50f09f9e975
fb1e91020eef3a52
7dc753646ba1933f
2cda3319cd44c9aa
423c6cb132b0fbd5
84f202d14cbcb3dc
d5c03f4cca9c6007
f2da8e186eeb15e3
a27a1ea92e0caa2d
29b33aa9e0b9f96e
4507ec45c60e78df
309c6fa1df246f02
8474a84443687137
de209a0a9f928bb8
a7836f5be1765473
b84a1af9ebadcddd
c9f29092242b6c51
1912c9a9ea0d1043
5f2e216e717d7eb5
9cc8e1b7b4b30b31
35fd060618aa39cc
c81f6df3efd171cb
77abb6e0b9c99175
cea4c647eff80803
1272e9c4763904bb
9d888fe12fd0a7d9
133b3d35ef553cf2
1bac0f90ad7e742f
81a64a67ea659fc7
3d2d7bc8e3222f0e
f131810cc10d9a3c
c7c163f6695db8af
c1b0675fcfe3f712
e558b167981ef289
42b0f714a70ef9e2
b9e6db40d459e0dd
dda4d98a7082e22d
0486a02e07abcd18
95ece7a463788af9
4785ed5955101791
4aaf20e7f6f7dab2
b22518227db36fac
826e09497379c65e
b69afaf89a41b608
15553b976cc7e43b
3480cba06ed9925e
9df9505f16039c7c
6a4ed384315424c0
5eb66dedd7329cfb
dc117d3c14e86814
f90bab10dbd89025
8725543ea90a45c9
de00aae88c33fe29
f5d7c734606ef8da
a0c6553f6ff43dd2
6478016dffca836b
5eaae8fe00a9abd8
a6bfec08e9d80ddd
dca674981696c505
2d13e7d67bc222e6
5bc5ed4d3133a4b9
2c78b4b8854100c1
6c9e587afdd21e65
175817644cd6ab88
0b61239091342b2e
1882cd83fa308018
79fad7353c6ed204
14bbd62ced795b75
2baa0da7aa252cfd
067374929231a5c3
ed8fd0aeade35484
82006f600bf3f615
3d137b3b4e1d73d2
eb21c0e5a8dfd820
6f645ff2182c962f
d5d1e84e975e6063
74f2683bb8308fa2
01ada2180b89182a
00bbf059795123c0
f1303d3b96be7af3
2286589991ff7998
a50ddd8c871ebaa8
9bbd2eed9bffb432
53c0ee8938151465
a2c5e1b8965e4e6b
a1951138e62a86b2
0e1187bcee50f948
c42e292c7d0cd46f
f983cea7463d2942
86c074505f8bfb16
e59a763ae941d377
b08e232a77707342
003a58ab41a2f6a6
5550fc958daff634
800ab79d37ab156d
1ba4993f65a530be
0622ce729cbf9cdd
f0c85b350e8fbe67
decb75a7b89b140e
0d3210ca203a5274
fa015b15604206f0
3c51027a019eaa68
e9c3180b0aed4195
8343e38cc9022083
2fda2b9e556eb633
3d648dd2507fcb7d
443ae0b6382d67f5
8377b57138ecf692
c04a0058bfa6bd71
30d7f9e30f597420
812cd33de8e5dda7
e188ea1179e89e35
132740088e741a18
e9f65f966c2f3557
179166db1d21600c
8d14fae97b45e2f0
39f92eb4312933dd
edaeb4e97a8e655b
87c5f888d81ee186
fbd856e796a486b1
7f4cca7003805331
3dd171c40fb50338
1454f4a89c2a0b5d
e0c1214e1df20735
d5b63311e7f27a73
e70426cd0eae14b2
cddd1d29f1f97104
8bb3800d9146af28
fdf6e6c7013faec8
1bb13b84d4c3ab05
f4cf5c19edee1221
70c2f2824d93f747
e7e7c0e3530218f8
4221de345418866f
bf537352e3955dc6
1c01c6263ad1567c
a2b01e76120a01c4
b0e6d89bf54593f1
8e1633a732438349
c4b20cdcb8e45a9c
5af62bca213e74fa
eaddc63929f15c79
60ca9a452737ca09
823eb939bfa325d0
0156bbbf262fc098
65f95e36de365009
e6fa6115499c2c05
e645f188cdb5233e
d1b1e31893c7dcc7
c141e4ef6c167ea4
4def75028cee463c
5e1acf2dc2c5e78f
cab058e502b33d0e
d6ee23ce7ca77bda
a6fe07a16835eda0
1087e19be55705e8
95f03f412cadc63c
464ffc1ce69af9ee
6d711562a1608e08
2922064ba44364cc
fc4d7f430bf12867
cb76ebdceae3189f
82373dbb6997fe21
47ea8c3c919c39db
e383c925a0f141c1
0809aa949af17c3e
ec54bde281bb7d31
d4ed7b3bef323c80
947a2011d00851fa
b68631d7a0b96d87
6e460e3860c9b9e8
e134f3547835e496
36c60a714a6fb06b
1aaba62f61016933
05714e21287729cb
7a790b609818768c
a40f09888559f78a
d9ece8e78f1023ec
b232e3680a6d7c1b
05b26dad0e33dd6a
01bba0862d3691a1
24cdeffeefbb53cd
6717e8cb0f46a197
5f5fe2cbfeb997bc
22243ec0e7185960
1eadc5de8e512a2c
806c6d958436922a
b0a1c56f1d89bbef
bb534e429d9307ec
fef6e279715ebd35
16bafdefa58b89a6
2a15f058aa8e1240
1ebcc395c6655194
9ac3a19b1086d300
efcb1c3bcc020087
dcb2c9d650ead838
58be69fc2d2797c5
da15368f8cc426c0
1bc230bf546fa705
1767130f24e29044
2c49aa14943f69f8
f7b583952b8a33c4
81513f582abe384b
714294510e1c88fd
7b6f2e8b086370a5
6e35515e9281a93a
bcda00ab289c2fcf
920fb65011fdc525
a67df987dbe57e74
84b8ad8f89e8efbc
1fa748d866096357
6bb2d3ae921994bd
dee8e17a5f9f2bf2
1afedaeee1f45cee
ff2ba61a6a8cb6ee
05a6ac2f5d774312
0bcecd2f79611fad
de871ca85b943ed3
4a3eaaa6730f2d19
1b9b0368a17d96a4
36bd892e1f1dfa8f
4d7a8ed33f067227
4106dc21890d22e0
68fbf685c56689d2
84bfd3346998c9d2
6a435d1ad7e23652
ee1058461d90ebe6
b122ceab914a174b
51d14251d1ee6f98
b3f897e1c537f66b
2f626dda37746a19
03924aadb0639d15
d1dddcdb40aac1fd
b86164387c69eca4
4c8854244da7c14f
7a1c2316d4e4fd62
d915b3fba0263431
f2650c28918a5892
42e4f3dd9ef7bd0e
2bc2b7560303a1c5
c5493dd78b782418
cdfee8fc83ef9262
b9efa443827ed59a
f6edb325cd580069
0d6fd3e0b8a575d4
d446a0d0bef84a96
c455672d0ddcd08a
a879a628e5e86a2a
1a678deff1162acc
c401116c558f7236
a4c6a0dfb7785ebb
a91e8cd61c9c1086
a35281f3e0b565bb
55c488dd81c3c4be
242056589331c424
ea1cdc3dc37d2d68
ce22173848557696
2812769595c59eff
d7e5fbb24509e324
db3251a16b4cb600
f787c83780a421b8
a07403ae33132153
32f409f060a5e9b7
510e70d5b11b1701
699141ff33d9469f
be9e4cb57ada10a0
6e9b1ad872d889e0
aec55efa24751bf4
17b50ed9d7ffbebb
86304a7088ea0478
7ecd29ea76d0fe51
f3188a82652edc4b
3a212c906d9eeb42
4ad9a578bd2298a7
34892f25211e9241
27b052220ce89df5
38dc9ec000682d90
c93e8d3101a0b33d
80da3b64f534e359
3c46df705e3298a1
9464dca045604179
4824d853d829409e
1bde82ec94da8af1
4fa63a474d128ac9
1077ff8e251f5d5b
8fb782be1f70f174
59aa22957cd8dd63
890549aa70a6fa2d
310eeeedd1a0534e
d425482ba4607179
96cb79f2cf00cf6c
fa6fad6b231bfdaa
6088e85e404171b1
4ccfb406970a43c9
b92636293965871c
56c03a97336a3a76
5b091fb4b6d40e7e
e2c7c23175aab045
933241ca4a05191f
29c09bb952cd1146
0d7dc164d7b148ce
b824edf57413e04e
6443aa7b131f9cd0
677b3902f381c2e8
dd80c4c881e1554b
1f8e30d9850a5baa
94029f7028130a26
19fd575ea837a9e5
345bfb7e6a357419
b910aaa7116a926b
1d20ec677ff68723
58d0e38aa5be40e6
5089823c28dcd8b0
b06cce633d795f65
cb98c28b4a95215c
f0c8e24527912920
8024fe195f31e814
720c64f6f8534011
374a7ac8a1a8a997
46e8197fc138a9d0
1a3736a778e90614
26b6add36c801d64
8e0e89c557715104
c4b5a087e3372dd4
5425a3cd66ea831d
8f8b66958625d8a8
c3239ea37ad621bc
1553012b72a47e4f
cecab99d8ced0ad1
1867223723f10451
9c8487bca0782a70
0eff68e4e637f946
3a94a492c6b564a6
4c51c47e0e92f383
1d4e6607037b683d
0b7f79cedfe9e033
f176e42d4506c6ef
e602b52b225692f4
5ac5221914a23119
a90e4bfc964bf1a3
840c85cd4561b421
95ea61275b67d539
6f299ab713abe902
eb9327d509f959c2
98932213be385602
edb18ce7c2961d90
9bb9202823c0baca
bfeee5b4f3543d4c
00416aecde88d3d5
a9b2a6a79c0072a9
3b087e6e5bdb1c75
f676a53215fa9bcc
840b8f3cf8036b84
38c19d9932fea24f
d2bf490ac999b7c3
901b551a41b31970
09babadb52bf02a8
f49f2ccc618f1183
b035fb62e5132632
44a48da126a1a904
1777ecb07270fb25
bf7fa70118d7b244
6cb07b1eedb5b596
b75d04f115757c6a
88f98b53738325ca
6de23824b4f976f3
96985c0f040c01ad
8461bee8c71d7ca6
5298ba6f83dcf682
021396f491840482
d0d44f84b5073c3c
68e5fae58cc0082a
fb37490aaab42ed6
fd28c8a375132cf7
cf04cc37690176b5
88f17a8909d0ff8c
8b7a2ccd43f9b75c
c03fe39ef4cf5dff
b378caa98f343628
23d585a553bd740a
7dfb3147fe6ea39c
990a1a3c504bb7da
1009af4a851d18aa
1522eeefa75e366a
a763c0c0a22206c2
be7b851c70a25cb0
2992b3679a4c9477
786fb441f3e9d6b2
7915af63f38480b2
ca41cc5018787b79
cb58c3efca3ccc92
c09fead385ded3b1
533fde01a20f7720
928d73075d15f551
202aa7f986664aec
61f1526898a6e93f
65bcc3a25adf67b1
37ae4d68013959d7
580fd8c59b22be81
ee642316f68c9bb6
2aad65f637702059
ed6fafbd708c48ad
34f9ae7bb53134a3
ca7bef4efc3c91df
791b01755513eff8
43dcc7d77664c389
d906100cd41930ee
0d4d647c47d13e72
6e071f908e815e25
e364713985258731
680606adbf4b9bb5
d21ccddee0de8a31
9f8a563d27f0ce08
82c0498abc649ecb
e7997ab50a9af4a0
347ecf91105b0f25
3b27fde3950903bd
917e52d25c7e69da
3f654b5ce33f848b
15084c949fc5be1f
dc6933b7713b4843
b0eb4d11dcbca7d3
fb40138947296ba9
10453b0774d060eb
dafa903958e7a510
b5ec9bc500c76e70
0d34c0c0165040c0
9a7c173cb3168336
82b29cc3583f21e1
4942f3fd6554e048
7d38f13fd115c7a3
dcf7b7bff04c8b79
7c493e9e0fa0fc1c
27d481507daf87a4
61de987aaf6348b5
f31c261848a259e9
5435ae8fd9491de7
26681f7c9898bdb8
493ea71408cd075b
7da334b917ad8ca3
b7f484d46a2f6e8e
c37825c33362b767
eb6a60157440f95a
4db03fb58a881ef7
d30ecbf871d85113
7e1d6bcbe23b6e7a
04f238006ace5525
b6cae917de24e118
858d8e54d0d89675
1b3f520e500e92c1
7d4a377df02201dc
e93e63a03197a71a
e8a68c8dd3580431
c4965d71bcc33e4b
bd4ce81775da5460
eefea45537510773
ddddca3511d595f4
fea2867fdc407566
070c5722881a565a
1f989321fd228e2a
2a314c88b7cff489
6d57c2dd166a4d6b
46ad132bb883dbb5
651942d920c0db30
7ad8a669efc9fd25
3c707603d4d349e7
d1c941bcb689f4be
95ccca226349eb5c
5e42241919689126
dc968222256623e2
3540228e3759cfb9
233ffd396e539510
b907e093b0c76d83
c03c1dbae526da0c
3adaaece4dd83892
057659f9a1e2703b
36b3b8b1e7bbac79
37863832479faacb
f50089fe48953652
dcfdee35e4843c7c
6965898370345991
80ae344c2d9986df
fced75498b506e62
20dee045b128a9f1
943f2f9ddda35592
55f4e1b90640bce0
bb338f14fe93b3be
11652da8e4a50fc4
ebf94adaad84d35f
05f14acee54c9316
645e134360189570
d0b7636c7494c69f
5e82464c3f6daf6a
1fb91849f2536b21
06b64b4c3d3eef04
4fab305d0654aac7
19d3a245e49617c5
b85ffd8bee8a5041
2cd2bae39ccdc425
10c7536e8c61186f
366cc22969665fd0
a1b183bac2a24b16
82fa1deb64d606ca
c6b06ff44663a8ad
1b5c86d791a74073
c16968b99b921ceb
711cdaf780d8da4f
6213ff31266712b7
c3d9d2d39806e8ad
1bf4e286dd947ae4
44619e3d4b7f052b
6faa9fb6d24a576b
70157bbd52611931
18495188d6e39d56
d85b73bfc7a3a0a3
2bd42c31869e6601
23752e8843433d15
ebe1bf758f220812
090bcd8d6d06805e
5fd4be304a6871d6
33d231d10bcbc9a8
63106fdc6bdb36c2
13b39018bc794bbd
826ce23753bed6dc
b6d36d73ecdd28b3
c45db5107bad6052
8ba71be185e95daf
23cb1fcf18318d5c
4c1bced2ecdabe55
fc3c60a2f8886512
4e7c5fa764d6a8ae
c14f1b6e181ab2e2
823f376c6a428d26
ec9ba59ddfb7dbc6
9e75408f323fec96
2b735abe5b15e9f1
b7a15b9a5dda53bb
3e68a9a35cee4eea
c32300258d5def20
cef1257606bfe7d8
722677c6ea21f55e
8430ec203d3d51f4
ae13fb62513dcb64
73244043796a313d
45ac1d0b60ed698d
c846b8a5c0054c58
125c499dd0cf11f2
e0499dab445d5722
e89d8a88a9e59129
93c5b02e18e746af
1742f422fe30e865
e8018d68478e403b
81fbb5aa8339c505
6bdbf1750f162640
a208c0c1a4a5fd78
0d34c0fe7a2bd9ac
d404b66047a65e5b
0f52f5758ef33506
0a67106454a02350
f6723486690b4673
9b150a27890c1736
1d5736cf60f7ccdd
05a1ec65840ad4de
7eb33c5c15903ff8
e61862b82867a4a5
a329930f54c69704
1bd9836a9b6ac2c5
6c3af5d9308482c3
a5f60647bea4a9cd
1d831d9c9b89357a
391492a04e7da0a9
b3a9eb8f8616aab4
8e9d4b1b7ed67126
3d2ed6e25ea7435c
36cf9c212dd4e6bf
ca955f8de5686d1d
3023ed55aef2f639
7faf659fb659f613
4c2774761b139f40
a1e1f7af522b48ef
57e2eb56734ea4e4
88cdc321f8a0dad8
f51333ff80270003
c7da4b1bbe89c9b5
3579197282069c51
a6d7af404481bf1c
47af9a0d855164bf
38cbef3a94a04c40
a629729cab13ea6b
511b9ed12a2f572e
cbbe7b2e1f33e13f
58cb809407542f96
09e13c9b837ee4d2
74ef9536bc3aef0f
ef13b4e1a5e05fc8
71899e41aaee504f
edf7a47f4db52f51
073f10208bb6072b
c8ee0ec71906ed8c
474533e30ae76156
5f8c29c419217ed8
5a751bdf92e39674
be237bb564dd8bae
e4de19dc032c52b9
2f7ff2a7736d99c5
5c0c147affeb6d87
97fe54f5d7082e21
058263bd02f86811
284430e6cd8b983f
934170ec4b2f07e1
afb824754fb4bf9e
ba55fa7c6d64a845
21da472f47c0e0d6
9f879fb284956ded
f18f7c649c1e525e
812f1382d736ba08
dd42d65e215f382f
0137b1e9700092b2
e691c58b508235a5
27712494338fd5f1
40395e057b371c5a
aecd7665e3211cea
ac0c49682f2bec73
8d900f129affba81
b25e724a0a4d5f34
a4491d8cdb876b0c
752f85fcb80dffcd
16c266c9ec2b9cff
419460a36d10d363
59286f169ea2d694
f2960fe2d4dbcbe8
504b0c160d8d1017
152b5859b72751c9
9f330b58cf019e06
4e7970acbc936fce
1d1e4128b707205f
c3f1253c523d445a
afb4c5a2f87deb57
3f28716f62c8a282
5e05e46e92fb1d62
86059f8703fb935f
c5bf3a1248eb2dbc
ea829903c0b94260
a25ec6a69bc959ed
9ca23aed1623b1bb
dcde322dfc7e7be8
633c6bc76a30f5b4
d59ba149b62e08b9
846748b779dc1b84
2af65b56050f960f
a6d93861d3852a5f
fe972ab18ad7add2
71eff03876df2484
a5fb12d5fb7d2fa0
4a6aee4ea7ed6ce6
a53316dc13c889ac
9b655ac2017a4c31
ae4209b8347a4101
09b6d58bbda9356e
f4e100b1a5eb6f8d
019e4266d3500c26
a06d87caf233651e
0752cdffe484762d
3c88f10493fe54e4
fd715727d1ac5e3d
e20dd4d3a3e8c8dd
66f70c574e980de8
ea8ef3967c58fb37
61e0d000790c499b
504ca92ff3489e4a
f4c2d27e20da3569
7bd62b21fea66311
92c94103d6991342
3dffc7760b429ef3
b3c67b1b19b2258d
0934569cf91d3860
33a0ef7b4a3ab99f
37beb69121aa4cbe
4990ee3122b81d68
e342fcc97d50007c
e7ffd75ec985c242
52d7a2c9b9649828
30ac3cdbdabc28f2
1146622681629f7f
8e4a7992a63ef4f6
0598d1e33e6b3bcf
b5375b938f1aaf15
c4f787079f735e99
61ebd5b603c81068
09b18695bea8b8ec
f0b3d25ac8905bb0
6ece5f72d451b95e
90300ba41f22287b
c6f0422b21ae63a6
e7492c56f30fab69
a5aae86c5cf0228c
9a8259370d8ac80a
3657db4d9c6885c8
8078c6eccb98e168
8a7291d4ee14e1d9
6fddedb1e684aaae
46ea723a5b06696b
aa3b8008d8558c81
ca9b1eb1e43053ff
513871b896923bbd
d579a7682b31ba1c
aab46c5b9af61a23
78b1fc73c066aefe
07815d8e3f5c681a
72d01020f84394e7
fabdf254a13502c3
3b01883851980d2d
bbb033ced480ae96
6baaa9e5bb1c1f9f
1590c30ed3e3cb49
a1874e8fba3adc71
bf3a2d03dff54f15
e275d59a3e8dd265
e18e5517ded2a60c
bf49ea5b58c24777
36ab1bd79b42ad0f
c350cc64bc81772d
e8d38582b253cc77
94aface5cd87dc0a
d0604ec017efae4a
e21b217c1055a95a
b53bc5ccbe04fef1
3334c653d4d805cb
4c9de046502d26bc
8ea7d6228dad8265
f48f51c8118a0be6
be7fe727202a863c
233b85513c052263
ae5e8dcd2847e47f
e1077b0677315555
473bba7c5bc2a983
8d8b5ef040703dd4
bd3ec5130261c5dd
83ddc127f8881aa9
86e9b3a6ee410555
1c6d0382396e2d01
4fbb8eeffb9cf0a5
c6ae63da4fec044f
87954c599b86d334
35eb374a5a35137c
b0fe9d5505727740
504a390b98205e6d
7df066787a1e2251
3dddf6bd826b9976
f8dd044a8725e505
23c05e8e40cd5c1c
a5bcd25ac242d055
27211851f5eaa86a
84b165105d7610d9
a422261c5989f144
0de8c386db1c7375
9f80fbefe0d913b0
3555576be3565484
64bf43a8aa390108
913ce5611547832e
738bb4d287e132fd
0889e2aabefcb324
d0a6959f745b846f
3c47ea922801282b
1c442b24d8007ff4
2e23e57e37b2cbad
efc112c3c2cfe093
e09f3fbdd3e13173
b3c3d5cad72323be
664efd9fd5d0ae31
57e9f719d9162302
7cd28f285f912f94
fee6b5cb54197f3c
92c1717bb637c2c4
abbbf5da977a940f
47e607eaf60799d5
8cd815112e530637
1fd4b5f6217d9610
e58fac3e0a45dfb9
391ecebfc6dbab51
ad329928213374bd
a5c79ffa89f64980
da41c958468a2eba
93409af4be7af87b
7b74324c600a1326
31f64c4ef31583a5
0f887fa9425642e1
2cefce5478634ca9
adc50298ea90e58e
daa88e48825523ea
bf1d0afa4eee512e
af42b10294407071
e036bcf5bde9723d
6852bb5b076c96a9
4e44cead65910e9e
321428d0bf29eb37
dee52e154bb66a76
6b65c90500102e75
7c849027e9551df1
f9f0b3d08ccc8ab2
8717de2219b3bbc1
a07e0ef25a2f3d67
d50b99e7cdd2c6b6
ea43dd4778fed3fe
dd4aa2cc09ee90f1
dbdb648d915e3719
a03951d0ba79df68
54400636badef7b4
c3d5031a45f1eaf4
b60aa74f99179143
249ffa8c250bdc4f
2a95c72f12ea31eb
e3c67c890b30d2d4
864df3206b5603f2
9d3c0e64be469eaa
354648fcaab4b28c
5256719e7ae8bf69
fde649e7671a282e
cb76d0d93ceedb94
d23c27032b8d31a4
66329780f94302f4
38cffa99059806c9
0730a6bc08002a42
72ce7fdb5ab085d7
c4c1188caac09d9f
220eb08f3936f27f
20133b91f2b19fca
d0a7f83229895b0f
cddd167c03cc1b97
1aa95bef6d20ae7c
021b22728350c476
e33cbe31265b6464
85b859835ec28097
f87c909c70abae55
a577d825e556a198
8277d8049189fbd6
67d934a29c23acee
c1dc0046cd159dc3
caa873623594a8c5
f4ab4eca14f15c45
29665b81d8b3f3be
b8bc40afb07a1a7c
58e8988c042fc7fe
75021b222455495b
8be74948df15dbd7
f03e3fccd72cbc24
75a55042a9f7f15a
8d78988e86044680
38bbcc81adbd41eb
0730a157679bec19
53ecdc2e0804e241
5cd600a8a59f375c
1dd60c2425078ee9
371a4669d3163dae
26dc709bdff2becd
eb7b6b98c7a0ecb4
55c0bc01ba68010c
101ccd79b66db306
dc9b59e6db1f02a4
59d7e4397e3141d6
93fd7e2d50167236
53011a50af7a4985
ce5a8026253f34c8
2dfe2aacd7d08d21
8a4abc77e837f166
4dee991b5a2c4264
e485f295d47e89ce
229b75ea2c24a2ef
04da8b04cf00be29
ed98d7e1e74ffde6
7f5ebac275c4ccab
3ce3ff5319758b60
d237b15ce29e7f5f
f179b8d1870a229b
2e473b630d4040bf
9d4782e98c7a2246
a56c73784f4a79e9
723192b80939ac09
278151a836500dff
ac0c0d33ba63c430
9c40c5fc38e4e6e3
787f5da47a457bfe
8b036770ad912169
421d43bd19059efb
c5ea9ad4fa4897d3
9e1ea8ed2cf49bcc
c6e72bd97eae0de9
20df667159bf23c8
02d5aadb90a279e8
ffa882a91785216a
75f223a0af71c3ba
3184fc36e6464149
a831aa73fdc7002d
f12a807ec8fa6797
0eccdd54af12fba9
41cc65952bed097c
517f06b9d960e296
118b985533286884
ac8ec22ab0fe6e50
aff80b480bf01eb8
692010aa2c433955
4cc74b40bb0acdeb
335b48c09f38d688
1a17457d4eb7a471
5fbed769d1e913c8
72014bd977589aa5
766d2eecd27592ee
e0f25edd8f1f1b44
a6cd4e3f373c481c
a59abc0a1d5368f7
f713436575ea187b
47117d6dfe298e6e
fec84ac69ee909a8
e1fa0807ed68380d
2f7330630fa49377
c73d630e551b584b
91cba1e0c185d65a
ea06e20d3115c83f
06e633da989faac5
3c0ca8f17ddc9a67
3f355487c8f6265e
b8c1ce812d070274
9bdfa37f8bfc5ee0
b2a3756488104627
3a7937b5e80a8611
3eeac8ac609ff8a1
04e601ee18e04d5c
53396212cc671da2
34a49aec6e7a0641
bc7a7c8784ac7552
5111ef5679f2ed57
bb4480f9c4eb4ee1
5cdab8913e0648d2
4d1fb101950d298e
bccf67af9d4da717
584b1bb4d1a12b8f
2e684fd6f4458449
74cc085328e30ce0
b5aa1eafde890023
400a1f75cdd8e0a6
e455905506444863
dc623f2da85a6b15
ee8bf3d5b6ea40a2
0471ddaff997ead0
99d8be0620c55e70
a52537465cf64e86
5901fc1090be2b03
ecd19e762d14f3a7
098a55c0e162cff2
35390319008f7d93
05161791d314053a
2d8506105e3da413
871205114403d2a2
b0c4a6222ca0f50c
a9d57593a2db3334
d8e54ad8e0ec7ffe
8043d594e5562ad0
436aece36d6fd0bf
acfbfb7ee14d65c6
124df0a297d6a069
3851616202c97414
59238d53aa620071
b8325825f11fcc58
45442cab0848441f
ff776a87fd663055
b693fbe88a33dfed
cc14b1cf0107e08f
465641ca1d1ab4b5
3ff5caa83a9ea1a8
8dad24e9fc205fe4
8fd57a85ca2145b8
120329219fc29161
639424a5ac83eb37
f94fc5daf3464725
1b131fe799c3c7a3
195298394b789f03
1e42b5c8b7097e5b
dc9a13c9a2caa255
24f344423631a125
06a79c57e4a317bc
c0bc6ad94f9a88de
6631ae453ee94681
b609d522c0eaabe5
6f2df421da599fbd
66584bc3bd30d8bf
f58ceec22a83b15b
2aa046f3c5bde392
3de5b9c8c404f646
a11bb1e8d6ea301d
5934c317d09ea240
fc7c41a6f8811791
baa55490d4127e12
f2ea070400861b77
fa53ce2b810925f9
c38f4db4a202f741
3b8c4c3043463121
3a52f61ca3ae5d57
e0f0f722c8c2b571
866e061c64075085
2ac09e6387db9cc6
46b1e4b6a99e3f01
dbe94e3ae13442fe
8f02e5b9a5832dff
33d4687f793c481c
7e3df7bf671ea54f
12c82cbe14e23463
8edc48e5349556b9
c87f8e1595686a96
7fadb59795f17dfa
0844583a25059249
52ed44574cf4483d
d3495b8c11fc7622
0be5b97e3a6f7df8
236d35c8ae77bb07
70ef3d56b7f2cc20
a56918d3f38f58fe
280b1d86313c6990
04c90cbdf6b37ef2
9a7c334beb8f2b7a
240b35bc6ec44dc2
9fecc28f3ed1aae3
39cb830a11afb946
c654cc779255b960
8d17ea826002f10a
e97771bd3dd0be39
55adf17f4098d30f
835c83e471e59d78
bee7570ed5535c2b
0322d2596a44120f
9cb078a27255ae1c
183e57548ff49410
7e22bf8ffbcd65c3
25b64750476f3363
ba93db871ad6dbc2
f4fb8dc50a6b704a
7207705b05e1cdc9
a289c121241bf51e
fb409cfeea79645a
5739d535a4d086ea
d2bc72584e789d31
7cdf80021d7fba9e
54449d20754e0152
617c0e4243915c2a
8ec8b77d35b29a27
0e18e257bac9045d
a4a7441e163ef3dd
7fc41a3e71449f7e
36031f3011ec51ae
3d6ec9488c97f5f0
7fa21438b6969d50
9435af00aeb2253f
612f4a0d66c9e799
cd17aa7183a18854
79233bb02ab7e5f7
ed9924c1299c18eb
86af9d49f7a78695
6d730b0935ff8a5e
7c74bf46f7af153f
a8039544f2251ad8
aed73ef99de8f73d
2b2aa909c4f0e828
bbf2cc3df688cf16
af1610823bcc0995
a7bd1a155ed211c6
cedf0e39d06ab88e
c89e39451353d47b
10ba2f9d0bd935a3
b2ec381a09ee7c96
d8834c4626dde94b
18cd43e2c88692b2
616a398626c582b1
03d7d04548fd64ff
18f0cb45136241b3
0204a2b66355176c
c6d8380e14ac61b4
82f5dfc9f93b9576
38ebc690e7687e19
cd4562d48009f0f9
96fb287ae8dc6282
c661336c0e04ab2b
2b7a4a84b4b339cb
95b151fba9fcbffc
00ef68fba884fe98
fb3ffce899808ae0
3659a4a2042e0f94
67986bf6be593758
a5b2282f83c7ca52
dedc281fd0952f94
06011ca793db7454
b5640d8a347a7065
def63dc8b93a8d48
b6d05a4944919e3a
aedfeb054ae57632
999bdf383a97a9d1
98807e923b8ad2dc
b309984d06eda8c9
f58ba6d6c843b23e
a0cb8c5bae1c74d7
0fa9c3ff657ff6f4
d569e2aea908444b
f834952cf071e4f9
da8e0a35aff8727a
33766b4a5bd2d215
973e002913a6667e
f031f75011b6f24e
3784c67880deea32
6e6da8780f961829
70c456b24279d4c4
c648b48b3eb662f3
00074f725572887b
af6a1197444a01d5
adfdac8633f6339d
a05ac284d38238f3
ca345116eebd7a5e
e572e4eeb73beec6
ea3622f4af45817a
2f9a36600035928d
cc16ac503630e70b
53bbd81785ab203d
b51189d2ce0518fe
7523865dff71c608
9bf371bdf2cc832e
0e3dce86edbae50a
9e7c534ea89d83b8
9f505dae43f6eef3
edc6ccc6f24cdd06
362abe5159bc98bf
2614d071d0d8812e
9102161eac757b56
d5199585926b6468
9d495b777499739f
14465e7e557cb67f
bd2c6935542deaa6
62ccc3ae446078ab
2438158cb0b6ce7b
efcfdee19e4b4305
a19ed4a620e2fe11
11e9acb2f4bdcfa8
b0f399bb8396c104
67b0ed3aac0c7377
8aafc9eeb9fa178b
7e0976b32d8741ff
a168ab09c22c3019
28549cac4950ce50
40e1a6f6c16ce9d7
91116d7d51b12e09
e19c4ba31a3399fe
0638a7b30ef50e07
55fa41a221e1130d
e0e8978ecdec0803
db2d6d438e8dd63b
a42026cdbf773108
f0c67b62d155b84b
862cbd656341f822
7dceaaee60a4156a
21b2d2251521a5de
7a548cfa99c799b6
dbca80a3ca1c28d3
86909fb37bbdb191
1c9f558252cfbc28
84f8c534447efa21
78e92cc729c00225
3a3ef06890da1179
18c42774863c73a6
6b74c9b688e3b90f
9450f142d81f9bc1
ffbd24817d25bec4
a0529abea7e2ef7a
819beb704f057ac9
5fd706a761947022
c08c06f184740d01
ad62d086ce426ce8
f2d7b1b2861700d1
9b1316a923da0c2b
a11cba75190de1ce
fa92a9afc7468019
673698592371c0eb
1881817c95c16881
aef06aba3a4502ba
9b4635b19e6b124e
2f36742ab45cd78d
b7f2ffac701f13b6
1bf90b74afcae1c0
3f50edefcf08574e
d5366ce44a748d8b
9dbc95e997c76cef
318213d88031d876
92cb2ee16c73c941
7c66724bb7d88890
29a97a66fef0329c
5d84e4d4f62d3f96
d8507e43c3c77fee
8f71e635fff5a02a
51eb9f56577c3263
ff32fbd45b08564c
207f8ffb03ec2ca8
7d09c81b9c23d75d
3287fa4ac0a8906a
fd443d5d6b360f1d
8c0d95b6f20e9412
0be801b29d7add55
b4129b79339e672b
a624f7f021571606
33bd6a1d5f9bd4ff
7d7b512a747c77dc
885c016066f6524c
4558a5df91cdd27a
805895b61a523df7
03f448c73d7a0442
95f93232aee9db3d
8a38316e8ff231da
76ae289fbf9a570b
3dc4bc6878ae58fa
59626b8ef74e0f93
a3a21b814b18fa62
b7d12f1858629cf8
81c783714827b859
aa805406f6eaef7e
c06d32d9e833ee7a
1c7c26eb78d668f4
57776d15772781e9
c43999485c7762e6
386ce05774c1de99
2d11a7eba7e6fe26
ac62ef27de8f5814
6f62d450e3a30d57
066d6fd4a055b45b
ed64a7a4768287b7
1e001fee4b8b9b33
a922ba9a38fadded
2420a41196e009f8
2b65750e58eaf7cd
09f7665079355071
69fd6d1ff18b7230
68e2f6ad6d25eae0
7676dd3cd337a890
6119552203b45a71
5d6aba66f8ee154d
3e588172a45d939b
6c9bb4b7c16d379b
967557755aee92da
8fb2942ad23c7151
c7367d0ecc1d5da6
43daf709d291e353
58c23d5b952828d6
d32d3f55cc935f83
db6a4aaba5797726
8e7a6c358eb84786
befd6a0edb9dc4f2
972dca54624df145
4d409d4b98456ebe
9dd1f5fc9d3c0673
8190bbe2b77d83dd
78cfd5b57d7f486f
f18a989738d302a8
ff72bff05fda31f7
a3c46bc2a264406f
5433018483891813
7752207c67c076cc
0a8c3b6eb59eefaa
e80aafcb6fab4661
fe45d2ba694980ea
9e35072d9aaaa790
c5a96121ec1d8fba
d989ec67880764fa
a34a69e5e2f2e39b
21f2681bf47f19e0
5b0c20e5900fc586
c732663fca22b117
d81b7b34f0f385e8
855dd252e632f953
82d24b5573e3d9ed
9eae7cc3d5af2a30
65627ccf59df1ade
10b4a9c655fd4617
3577a662b6804454
53cb71675e2efe36
3f83c1bfa24b8496
99f244d452ee013d
abd2869c4eae54da
9a60f4f43e2986c9
71939370f4d59472
ee46ef2abd3c06c0
0dcf6786732bf297
23991050a6b2d1b1
3212c19d64f61e71
45e01cafbb010b19
5880a8db03be8481
88a2421e718a4a0c
b5bdb0e8ec7b9a67
f1a056379b845505
ff8136493b2d2821
c614cb86a39341e5
041444b9cc2ffc88
bed29fd596e8adc1
4b0758bdc6af1d23
65e214dda2d9cb21
f6196f78fd8a60d7
df45041c768fdc8c
a1ba421b453c00f3
393f134ab300fc73
def169089077aab2
980769ffd8085f10
b96e959c239c4215
d9ebd8568c3af22f
520b01d191f90a08
6be832c368a68c00
f032f156292961a5
8f012e11f1cd170b
9911e42bb83b166f
5f72aa2b5edb4dbb
133304217f315cca
8dfd3f5c351eae73
9804f6e2f5225737
c4538e7b36d1a67a
301e272c6e44a426
9a310f95915e89c9
ae8b0bf8a06a39b7
9fe126168c54b0d7
d394689e3b67bd4c
3bba0871053c52ec
5adbd9d62efe1df0
80102716392b8059
ed33c04d6ae39c29
c4383cb54a6b6186
fa2790c82ff55176
b1c1ba5c65545ecf
e08ead24b261a913
4a6c9b0db0dc9c5e
986eac9e0b09f9ba
e218319d901be6cf
e2c387815563f9ad
bf0d10bbb39da52e
17149684c900156d
eacfeb75ac6d6f0b
6400fa129c9df647
0b18f74764b6ee66
8081c35466a03905
6e60b23026688cca
d27da4bb7f9bdf02
dfb94848004414fe
43fcada877734e7e
15e2a3483e061664
ef51edbcad864706
0a5a5fb77a07d0be
9abc779910384882
0f2fc4cc732cc38c
83d8482f4c44fb06
001edc10d31d22ff
16c591610f5765a3
61373fa9199866b8
c0975bdc0a837493
d6435ec67e3729cf
34d2c0eb7f06d849
909cca22aee68f45
92203a617588c8a4
877158a7776c4bf2
50e1ac20e829714f
39ee16f76ab5aae4
964d0a5a6918d36a
e7ccce305cf568a6
7296ae8cb05e735c
ba486262f1eed927
200dbecd8b4fd687
f22fa31409ec9f43
d1c277e84ded68c8
ec5ac96262aaff14
5f588e5064a87a28
0d71d22dd4096c56
af1a1e08902cade0
fbb8e345dc451e37
e11179083bc4adfd
d3508e32da1b2d84
88a1ace026699dc2
8eb4def0d293f219
d76ce29d87c94668
a369a3cc11532af4
df0b1faab926097e
9580340a519711cb
6f7b62eb2bdcecc0
7ddaba37836508bc
738ff490e6eafe9e
ed4c9529025f52b7
5b35eca05c98aa2b
e9bc7d7cc7376b08
f09e65e0251fe036
be63b1f22b2566b7
dec32f86090ae3e2
9200610d39f83ad3
dde93e7c9aede90b
affbd97e42c2457d
0f9a5550f115ae59
4fbcb63fa9947fa3
301ee42ebcd9075f
b3b1bf6e09aee521
ba8f58961ab841a1
0c1b48aa6b9370b1
9f056502c848859f
5c708d3e23e17b1e
93b5978f7a26a62e
9d53c3ee02c76a43
39b13ee6bb0ca4ac
5ea5c0f902ed9d8a
832eb59abc9e3904
c84242ae93f7ce29
3691583737cd8357
5c926d58915c49a1
a9cbf648b564681c
ed55abfb0acca788
3172fb1b2f0da40f
449210f762022286
9ec601216ee574e0
c9e50213bbd85f3d
80b29bd0ae7f8697
cb7de051f92ebbdd
fde06d49b19cea23
295ae041e6b43013
74a5538d337af775
1b620d45c25f03a3
83ce336a82e5bcce
627de0931eb20b4d
f54ad07be10bf8c6
334c5aba0f9a519b
66417c45e873f0bb
302ec01558f8f10a
a04397478d375e04
b3c5e173a8b467e6
60c37171f8b2c59b
50d8fb0f3d8b0723
67909361867e7e28
9e41f814a276799a
2e3130a6c4a1e2e1
806ccbddeb96c266
a334819494d8e970
a718128259ef364d
a74d012af580a83e
d23df4f11bced543
f04e4a9075528247
77dabf82533b3492
5170f5b8c78069e1
e5e41f9e6b997925
2b78f02c5b049a82
d32d2cfee2882734
684027dcb47a6391
6619afeff1358c6f
c887a206dcb5c9bf
c25f2ab8488a8f79
db7b92402a376a0c
f78e5432d5a66de4
4947accf9aede006
b9f4a1499491b80e
173521bd45a2329f
d325184b4f21144a
66a497f70451562c
d5c000fe2ecce282
2db98fa592aa7126
55545224870a94c1
1946f3edfe840de9
cf27fb8bbcf23093
178bffe7ac5bb7eb
6d3a66807685cca5
99321e17b29eb096
25d8e334b9d1d330
749cc6935a2fae70
c13a912c5a791990
1c6a0f441e33fc49
ea9ddcb60ce10f7e
e4b4ee0f64a10761
4cceac0d251f3c50
7892048e1261a6be
95beeda6ceff8da2
ae43ef6353500e0e
a1f8fb767c9d6757
2f99c397001155f6
4179e2ba49831b32
9c9fc34c6ff3f3ea
a5946c94ae5c1681
2c4210d11574a2d0
8765590366a8f5fd
bb36dc4aa8ade077
b02f0d286f2f4d98
6dbe664152a7034e
ee0c95343b338c66
4541ce405a05eb5c
9c443515f75eb03e
7e081553f02a5539
08ab80dbaad7a64c
e3c5c4b9f6c491ca
901170a83def31a8
f69cb4e45ab082cd
34424865b17e7d71
c274d353c9589834
54f89e51947c48fe
4d0ba838ed6657ce
aa3a24c691eee9c6
10be475a49271551
c28a093b5e14010b
71ae51806ba58503
e5f14ae998361692
da63fbd56fbac373
f6e0d7649011d280
1ffdbc59e855aac3
a3fbc200ce80eb01
b0f94be6c63268b5
93f44696781b9e10
ba8b92b99d9c5e9d
1bccefc031834afb
d64fb408b873a48f
617176095d8c9a6a
f795fc0b71af4254
72618c5b8a0860fe
e23fe018902fcaa0
176167657f809aac
439fa021b4c722d2
664879d1e9d0a595
154f6a1a44cb1309
c6c171d2f1541104
bcaec638ad4c1611
d3cbb993df00efc0
be98354d343da54b
58912c87ea3e3a26
078baef60531aba7
2fcb1bdedd27fa5f
51da2bd7d05ac76a
32134cd7359f42b9
6d18cbfe9e062e43
55c13d1e6cfad5ac
ce025b87dfdbed99
60411cea22b2f48a
43c49acf29af0662
935e76f043d75f4d
ce7b8b7fb9b75cca
1046fddb9635e17f
f2d8a4b340f10f9f
43fcb063074fb625
4157d70dad0eb29e
accf9a902f33b7a8
4cec5ddba097f14a
4c8a3def974ee9de
16b8621272c02833
36f4cc8d8e0c2e51
554af0c55882a143
dd3b982c00174ff6
a8d35cd74fc4c216
bd710eedb8b09c77
653d58378b546b74
42e2a708598712fd
adfe13e60358c257
668c1f8ea4dccac7
83d5913c4c971789
304616775b455a98
d4132d57fc0db43d
24e59b3795e0c4e2
a72bdde0307e25c9
0b66152e5336a3ca
b58de3aa2595630f
ef4ef2ea105e53e9
0a5424823046c667
e3213915492328ad
14d6fc21e3738e54
d931842a01bf44fa
95bf3cf506ba1c62
4876fe8de3b82652
30f9ee9114de7d71
37bf5d9c0bacd6af
364cd648ecebcedc
ef2ecfe0783a0d95
369c0abd75fbe8e3
c93d8c56368c9cb6
503c31e57937abd0
562a34f256f673c9
3b6604a063de8404
c40546eb3636e316
7b14d27b5ebc1813
cb4da00fd91af02a
bdaad227f90bfd5d
cbfa4cded08b9932
3536e7779e15fa90
7c90907fc7d485d7
f029e075a0add1b1
a0fbf58be0cc0ee6
e7784dec4e629d93
550fde1fdad99b4b
deb1946fe2fef8b1
f818e573e2028f72
8a5fc88c76a4f5e9
214dc3d50664656e
133081ac7146e89c
7d1d4ef91d1662b4
2937b750accdfb58
4b9292491620db68
03cc0fc0bdb65e0f
d80656628d119fb2
6a92a7404b1a85ab
460fb91d2af1a6e0
2cd200c5f5f9f302
815af76c32b5fe7e
768c060bc73181aa
2239a1741b2b45f5
ec5d6539551efb9c
822191093f0d343d
17affc7961cb4a64
c21fb520bc0b90e0
1d4bb9163d78ee51
4f4e18ac0a150882
5633f71a249b136d
951a7cb7cbdbd34c
5369de7dc3e43126
2a171cccb66fc1ba
4f180c1b192a767d
67e1880318c9a5a1
6baafa09b5651657
15037d1462d4a5dc
da15d34e94c6caf7
ccf9a741171d8014
6a26934c18b693e1
e88ab7df0f90ef7a
a3c9fec1055b7a96
fceb23c4573c7071
29720b1c7010fcad
84b1c1275791a504
560db70cd297a98d
2d1f856801283010
1aa6582dde258cc1
97e58ebd0ecb07d9
d4fc25f48157f1d8
be1f0d8f3272f7b6
7454cd1525f1be74
41a2c8d1398d79da
c62e04453f5eb281
3cef2b2a9aba8745
3af4c209ff062b8f
6857d1875b72bb4f
6efa0697a1aae9b6
dea57a2cb23623de
079f7f3409bfe28f
39e0a00c8e7a18c6
6254dc95052e1c4d
17ccfc3859366ba0
fa3d19b96b679f2f
3886a76942bd0625
addc45b749788c7b
089c95862b8049e0
3a4ceeb3ae90c3b8
98d1ac3a04211ce2
48af81613a2f5dd8
b568e7cd9a2e80e9
8cc1bb87451593d2
fc58c3c166481376
2c22fa16fcc38364
141d026cecfeaee0
1da477d1e983a216
7de7bb7deb8ad107
e4aabb6e4f2a28f8
50e1b95c0aa4828d
d6f5a82279226755
aeac6a9bb400fcd2
c370f8d339a3e585
acc18326ef8a149f
6fe2907f4a821875
63e1d702cf701a55
4d58f526651292be
06291579c2b20901
1d927c0bc6dbcad9
2da739af1b21b185
a3741dfda0ace4fc
5f6eed94e5160c71
a3da425a74628446
b4b8559a4b18e16b
f66c71af71f03105
89181db0d5b71c42
ddfb255cb0bef358
42a9e6e58b53ca31
c106d243f3dfba35
6b76e61b0b9895bb
043d685015ca42ec
623fd5e28ae44a51
c8075fe0e1da20d5
3ed6d1c38d604554
8919f3396b164292
e4a3a31f8b7edbd2
9d3060909ae3e053
8e611ef870970019
0f1d1d5d7d3c660d
5edbe7edaea5fc3a
04e53ec93c6bd085
aa7c553dce6b1b03
5e5aa0ceb74a8c66
2a0bde761b6510ea
3eedc871abdbb43e
0e2146aaf50d52a2
aa67270fccb6f0bf
91ca71524e486d09
ab494bf15ae60c84
b483e8da9ddcd989
7124279c428c52a3
8bc92dbdca5e9d2a
4ef3e129928bba62
58bb1cca96069de4
cae26a474c482868
f5dfdc4356363e63
e9a305cbbfeb8a7d
e27ecb2ce4003c54
3a7cf3ae439572b8
c3e93932500cf8a1
95ebb5e66defc77a
2560317d96c1fd03
e66a62b036ec3f6f
365b46b4752f5008
ef44591497dd3e4f
0ca41dcf669cfe0e
e3fb5011c50b191b
8ad3f06bd26f4443
3a6bc2bae098241b
7b8d28cbe9a375ad
f0e7e184602538bd
7d4d41c9a08a945c
0e3a50f06ff3ba4e
4bb09bb223cdb887
09e5de55ef66100f
ca71b034620fe055
bb4e9ac888376585
378006c451638062
864232497caed551
e03bef0b1a03d4c8
e802d529ec19ecb7
7925faf55584ccc3
2870938b2ef0be3a
7627ff84cc89e3a9
59f52ec5929513d5
36f178854103baf2
4a42cd5c0bcc21f5
53bb76e8eefcc940
ce798e48849b55eb
a05f6a27bde890a7
84a05f67a70670ea
88077dac08d81cff
8a97e6cc0626093f
7cc7b3f57b2c39f6
9ff48e12cc42f636
813506ac72943c1d
655eea6a3b5407d4
5d4ef02062052ae0
a891c1465ed7c945
bdc25cdeaf80f751
5057977e38e10a88
bd62ad304eb375c0
7b0ee0e681477b11
6c49d0006ab33aa2
53d8c52600bd1632
84c6e2353a8d82c8
83becf5c2c926b56
f5992fba829dc762
66848d729c57258a
1ebffcb144668e3f
9b0857da0ce0e0a7
720ed2751753798c
f45d92aa508753a9
a71370c1cda206ab
7019f54d2b75ebce
6df9d217c7d59097
20ea6435a433e963
642bbc15d6ac8822
2d7b222c51c461aa
0d1c05c3bebe9ff2
78138c8f98ca1bce
08c946e59cfc5308
1b42506ad19640b6
08fc06538c06dc4c
6df5482a0ea3d6b8
0f824f0d5d24be3d
753f72c38e1f2d2a
4faa5d1f29306dea
8a70fa6d9bcd3954
d68d471f6be1bafc
3f89a487aeac3d26
c968a8ed74c823d2
0c863b4a9efa4e5f
1be895c7ea6097cd
af2df9a58827a5aa
66d315cbcc0e976d
aabb3f4e2b8851fe
b8e81fa3fafee524
030c8b0159a6d3b1
b43e33175375f8f6
704ea44078291728
f3ab77dd5d50bffe
0808f60f5a99f3c4
fdf50da15975d3b3
10fcbd1a2cb26761
93f42429969d6ab5
6fd77d6474bed859
29992a62edf2f01c
8c89f3afc0e9c55d
5c5fb733a661ba36
ae4afde630181a07
73d28bb313899780
ae5a18515648558b
2ce8f8e55b28873a
2825ba437f363dda
f2d1fcb53d7343eb
55fee01c7b99861a
cd5fc6419a6d3498
a846cd2777ea5e9e
77c227de89f0045c
ce6680ba1a4f5bcd
908ff85ee3dfecba
0d2669a8f0928b67
a335a43fb54c7fb7
d7c15e49dc9fa061
797a73cab7e37533
107ec8801c607d26
03d020ff8f992045
d1172d2a730fb785
37859128f5fb6acd
8b4c01bb814f1ede
1a178dfd30a76945
082dd9676dd2c72b
6cc97e36c132e358
17c409564d64767f
177dad040207d375
d5a87ffb487f8618
bba3618f902ae4ac
fdda2200b1b872af
d2bba83266eb99f3
09b26ba5956fde8c
452ca64ed677e420
d1f2c1b99f211264
edc75be8a9ee02fe
d7c9e518695f01d4
35fc31826b7c1ea3
f51f7d3508e8d1fd
3591fb496efc5dc1
6d13c99fce4a3621
2cb3710955d465e7
6e70ac7750dc6f23
57e0feac3f097756
31fa2bf03aec4d44
2d0dbc8d56926e2f
e71293bbde1cd51e
d11d3d73fd164c69
c7f94621d5fce215
8bb1ecd4f7347b2b
0292b7aab012c3a4
82c2bdb5e6e10724
28300ddbc277194a
694a9aed457d2bb7
79019398c150e932
a8621e020db6f5ef
6fa73cde8257156a
00e0624d0be2861c
6ded34f891b8fbcb
be5f43e0ca38c90c
e5d5bbf6c3e0d785
baf1f9a5c1f9b30c
d07b1d6ad0055c3a
3c900820b1f07d01
b9f6426e5b8dcd66
e51b83d29dea4338
92de3a2bfbafcb45
40e3a92467c8fdcc
6a862edde30113c1
5fa6467b9ff9039e
cec026545a4db8a5
320f2630b375f591
ddc1e1d3082b380c
471c23d6400eb7fd
15b6da927813d4ea
b13e648c540b6816
3773724c08daacb7
0e622040f928b6cf
43626242518a02ac
1fcc7c2cdc613ecc
fb88e8984fb14377
59ea10692bfc2884
b2adc65a6b2963bc
a1a1cbeb7f90be69
256b6f7e6be5b44c
06c61d4dd0776b53
a3151edf5606682b
8e2b66cc6d72b0cd
72d63731ed3582c5
17d8813e9b2eb2db
ca9ec351b51a10a1
b99a38fbf68a9864
68faa33d0c7dab55
9933fb52eb7b3f29
62f5ea46107fcff6
e9bda0274f61ef58
8c6d6a73c85af82e
9d90441909961074
8f4aa4468a3e521d
6990f8bd6ad52c80
17ff6270f1491cdf
51a16f5d48c207fe
bca3ad5bb1be3d71
60d0a4683cdc7f88
0916b091ca527780
867cc383875772e8
ba0cd799416ceb38
4f74c75afb9c27db
85cce878c528bb8c
e9a0ab4768fe6138
e3033f42414639d0
9041af43b85bedb3
42e2a3540fa2e90c
429557e174a811dd
6370a995553d11d8
2ca568deff360e7b
b5e858c691e95604
bd0a1af357ea0ed6
d1d2a7245c7a7db3
90a943b8d03e00f7
8232027a53dfb0ba
c8fc6ef2b9bbe2d0
1a1dfe65fb14653e
d38093cd513643da
c64aec22efb3046a
218cbf7e58d1652a
f9e0453ea31cd29b
71996f96e60b0b3f
ec582e3575feaa52
bf9e7d36c6fb3e8d
7e73ee5343bd7fc8
1c54ade89748a10d
8e89059650959ec5
7d57b7d3b4d8acc7
d83e195ec8fca5d5
90477055711f602e
0652fadd7e547c96
31078a04e68c3799
cd5154a78c49312d
74f67a470d93d936
0cd93f7ce941d691
cff2a994e28f2f73
f8efa237ee5bdd97
58eb1b8cd1256fa3
e47212d756732187
01cf56b6e4e1520f
f49f27381eb965a5
7c89fdfd8f539237
dff17940327783ba
d56ecaffdda14d5b
0700a9d965d10546
428022f3e4b31a94
897c6929a4ede7ee
d57f3bedc2c79441
bed0b1f0b61d2a17
d077676873972f44
b228e29874e54119
d2388fdbb16049cb
bf7b07f5aec3c6e4
0ae237fd93f568f1
2fb87ed9d41ce94b
b63a16a2bcfc2ebc
0ae943ad63f20af9
f63e1d0104d65a51
9592fe9f7286040e
1c5577535bd7785f
d26ee4cea84025db
d0e02802c1d4c55e
57543a135ac1a9a1
63a4c5a1a9d4d550
ea6c6d6b85399843
caf0544a0d2d4195
3edc2c1d1c8eecf5
f03cd84a60b3c506
de0b6e6653d79bd7
49da156d4a73eed9
cfbd5be649ed5dc8
4871f1ada1833365
a061d21b6f436a95
d429a2768e441ecc
0669f019214277af
4406710a76bf48c3
fd08de257cd9d1b0
a71b2fb6a9a48756
60d1692561563a6d
2e087b511de83ebe
e370631bfbc28f5c
458a9356a83c73c7
5b56d239de93770b
034b32ef9345dfba
cc0a4bbd35a57847
985c4fa7f7272291
acfb0206eb8f1f57
2f80a3f36a4cbcb8
968711d7c31da41b
801656c32c670005
b606447f8ab783ad
608b5475fbd48985
9589bfe047f9c4ca
c349f0d9dbe5878e
9e8bd06c6d50e6a0
55d84f6047605f76
7eacc508d059bc5a
5cbcecc2bcf26d80
eacf34b1abfbd1e5
266f272e74531541
a3fa8d3d2b16e703
f0c6a0fb2ba9fbda
b1271b6c524848c1
6d00750b7036e1e3
f4160a3b6f30d8ca
a0df723f547ad1c2
b38f5a77c54769b3
d6e3ac5595893521
aff44d409e43e35d
863602571a0fb6b4
4bdf71e54762da95
d9f9ca55b6a6a0f7
eb90b47fe700a0ab
5d3175f295a6d2dd
600df45e5f49ef42
d2590013c5ca40c0
730c9d31bd93bf53
d61769b7d16181fe
1eb163de31d3d65f
26a79fa8790941aa
b175e7897d7c766f
c7d2bab99cd064c0
21137c216b292bc7
53a7c232081588b7
0c3dcd9aab74e51e
a9b089807f8a9080
7323b1405fe6a846
50321a93093a4000
3b578b59befea14a
b0ebac38c2e8b8f2
4a87815d0c883484
e4d3a94952f30731
40b2ca03f56b6811
4fbca1e2b03e139c
b44c871bb864d5d5
2948b81fb9c5f1d9
b5e6b13728756d0e
2b8d003b0254eda6
ff9c0d6872882007
5d3d875532625ec0
a09117cb30281f57
7672544fc77f1eaa
68dd80546f08576d
060d17232424bf74
d3bccc6f0708640e
5e79e88cdba9f2c5
fbc2e823b95f9a1c
ddc7af6f1aaf441e
eabbe422892a9c5f
a9965c9aa2dab732
913c5551e0f16a06
d527946c29a08762
59ffe59acfb28989
f234d5698d90e28b
d16d77549eb4a567
c1ac85ff92a8d625
b7d6a5930449b00f
10b2f884acb23e0f
678a41c619975557
fc8d00e9e199298f
09737cc53702dbfa
0059548935477993
17a1a4f5a5567d16
41a09f9f9fabb94b
83adeb59c3d719fb
90840a1354734317
46f6c8762ac6fc1f
6afc71932929430e
b2ff7bb2ad81bfa7
c2a95ec32c41ac45
330fe91dc595da11
176aea380030dc93
9d74c1256b6ff2b5
72d3b070d60b9f74
65d5df635c207c62
d99661d4b3d099da
f101eae4d9a8848b
b4dd3004535f07c3
7cbe8b8003d3ba9d
064ddcc88dde505b
bb1d99cd9648d91e
d27ca22223987b3e
c67cd0051e25c9d4
dc44e2fec961b2c0
8c6ae0e35b32a34f
08de788a86f7d6dd
17c7f4306ab0a4e7
dbf095bd52917935
126e1a41b4204e0e
da18b45f05ebed28
02ddf3b79b1eb272
030a0d4532e038d5
b94b9a8aa0e8ef69
f6e1936484adca11
4692154275feafeb
2d7073120bc3c824
a981745eff4fc9cb
f021a2854ea93076
89daab5f3649476c
25f5ba83d806b4fe
53c5eb2e121a1975
b71047f8b2cbb308
6e8a8d2af7c4067d
90203c308f8f5508
4a05a55e793b7b32
46f9eaa390e51e9f
69e778a2b2de272c
604669b938623219
0e994fc0b17c7b37
eff6a64e7b139e24
e3d30a54d1de608a
04e4dadf605ef040
605ca94a79b7f5b0
dc5920769a62f47e
b12a05a62f34bac3
e592b5bbfb291e88
eeb373add076ceb5
de7df2055c474d7a
18063c5cf05146b1
4c6893f42e18e737
4c913eb42b1254b7
030dc0b813393ac3
278278b905701cb8
f9e5db8c082f12f0
9b7d5409c7065c82
d9d8c20216dea337
2febe53be57504a1
b776d19e0ac7edbf
17ba22b5cafa70c4
6929a500646fbcf3
5097ae1106ac0b88
88efe122fc2294f0
00bf44a80b6f3894
471666d0b3e0b463
90ea2caa5580bd29
fbd884098e3bc997
bf7f99d1ea0b1455
6130240087946660
24460d0f35585d6a
1a344458a7e20774
51aaf151a9510fe8
6f876bc19296a5ca
05aa2ef5eba266f1
49dea07aa8c0afe2
9c85b8260c001219
30940a20c78f4913
b817d00562caaf45
839066bdf8cd40cf
641aa096885985ed
be40b46979093a0a
55e269b33efdf196
a4bd8a83e2aa9263
7d8aa512537cbcc6
ea7f6bba26eae025
608dfa84e517932b
cc0ed2cdb6091619
dd6c0c6010987c47
fd909e784d885413
66ac74915ee07128
0d2ac285f8c0fb47
1a41b8e5c9a33380
f40eb5a5159772dd
fc2133910175aa37
446e5b8a28303cac
2aeb8e94228e4cb2
984eb9bff28c815c
b9bb037d04b583f0
a2633b28c58adceb
5b40786cbf289bfb
faab38e4045ee7ea
fa4765c48062dd69
12a3b1eb53125109
ed09b6ae15e1db8d
d5accc795484b3e1
1e219b1f07263f4c
42ec9e3810cb3e6f
9f263beca5f44bdc
8ab9366885566376
9b212b7bf36ac494
c738b50f6f44d76b
cebf06cf6fd146e4
276d7280a1e64768
c850ede3a302b94a
54103680d75a727d
eb63ae948ebfcf04
d9261c662dcc79cb
2dfff6f07ba96c8f
662aeb42ba524635
6049dcb3a69c91c1
06a892d15ee0b7b8
d3e35f26c5fac18b
1930fa0f5da78035
4d764156d3d7b2a5
de5c379daf029191
68347673868f4e2e
b0bdafd98fa211e8
d3d9241317acb7ab
a2902ed1426e81db
78ec78377870c0a3
5f096c9e5547f13c
1f29fe7adc62e8cc
547dc5cac2e095ea
d50300e9d8decdfe
cbb0f3bb44a903ba
35b515bce7306ba8
c6c427a2a1344dab
fd531fa2d5c9933a
2e3ccb98ee4e3fcc
b3b119a3cec39636
7d5891e09709a333
43803afdd7a0a20d
3a7c994dbcc1db1b
bbc68491a15b349f
dfd949a0b702274f
5d99b9fe57abe1b9
7167d76187354abd
365074d8c241d31d
f8e3f163985cc673
1a29c1c6d8657758
35585d2593317415
6542e37ae41b30d4
ba142aba018ce7b6
83ff84f48e804485
ac21d72333ada930
a0869d75310b79e0
a87f9fd8b943aed0
7f1d21cf9e563126
59469f8cb680a207
d10427ac99b88799
2342ccec4e71853f
b9115febb13d688f
92a3d2af750ca633
534402e61b4f3631
12f1fcb46d06e61c
3a37dfd8ef618315
52cf444328cccaa0
ec07c8bd8f65ad8d
425ccf83b864c8d7
36ed4d23de7d68e0
7bdbfd1e818d81fe
b9a681b0f07c3a67
d6260596ca896113
ed9e0c1f65892123
74cc7c45f4aa9e0d
381e1a619fc9c653
8b1dc03323b44f79
fcc007e170b5223e
b2bfc5e05d2b0df9
0d74bb9eca7d07ad
3944d34aff8e6952
7b87d8b8cdf799f0
faa86f3696448cf1
cc7f3eaae442bdb7
d2bab71637a8a7f9
1a77c5cebf831325
49278c293d563868
58a9e63f93c3b3d5
6e5575014f37208e
0fa60425e48a8cfc
8fd44309d08a292f
6c8bd4246f583e11
7a14793ba7fc8af4
b8d1b7b38a2f0154
2b212ccdcc804e67
77a4e10180fda1cd
52e06db30d7e2224
5848cb494b19523e
88f7f269687075bb
09d90f447f73cc96
bad976b7e620dfbf
a8fb7d3abc9166bb
c2d6222446a0c19b
56111382fd024afe
080a6ece44e878f7
6b16d7ef8902caf3
057395f4780870d3
94341b93c3b10b5b
e81c46c1a0d2a0ab
7d1d7e69ddef4b72
da3b756474a9487f
6cad7b4495c25d42
569e83da2604b242
f9761fc06c398193
771d4a2557e2ae63
461d4f328c30fc03
42782a3d54b6cc7c
4e32ed8f65fbebdf
1a1a10ec9fb0219e
12ecdebe491b1a8d
c19c9e441539b836
0eec5302faf41bc0
e61304fd484d62e0
a5d4cf6ae01981bd
fbd93ddc51e8b0eb
2a746d0cfabc3564
dd857db9388f4cd2
35129249c4a5e692
56e1d2af6fbfece5
5c7236f1fe32d190
307f863c548b55c0
576c4b8a6f33df59
38cdc647ec8c0226
48cb233a47d5c2aa
35b5c1eb7e4baab2
8b6e58340e081d25
eea3328cb089eacb
93d5a4ddd634f4d2
19343526786b11b2
c8e179d527ba8be6
199eb5c022d0076f
ff2744e502a146a7
2653b34995f7c6da
bd5a941e4646bac0
82bc74fedf2aa3fe
e6af19470bb3c905
5fb87e54ebe509e8
535db2885f845b33
3ff1e220dc691552
120e819d980eb2e0
76af1062eaf70cf8
739a8c864d3d428c
88ce757cfb6d50c7
7e8e67d0d66f1745
e4a9894ad9f0465b
bd1fd5b69c693b5d
c268face2d61684c
c5320a2ec2fc3329
87e5728ec5bf0f9f
30201bf515e4008f
6b99d1402abba1f2
c0ba52ba09ede525
c00076e677efe266
f92475216104249d
e4f2aa2472f98ee3
0fd431f44231e69b
63ba066721f66cbb
abe163e8f493ca54
5613639363021626
289947ecacc1daaf
8dd1fad9ca274824
dc0739ede492f401
c8fe3d70d7809b49
0fb9c79e9cdf3fb9
132683d994e83205
3f415080cc22604c
1279235d2dab9f8a
b359e96df8f127fd
5e191d895ddc6601
2f14e76b329cd838
fcd20033508624c6
4436e392a696d7b3
f8a4f16f548158af
484b4af375a10a99
344d668e0ec7da1e
1d03d7b6ad069334
1e99d192a9e68724
73cecd4b06a8df1c
215e275fefee58b8
5a87b5caecbd531a
86c3153ef0505d2f
0a825087358d4594
1e289e24dba37307
1fe3eac655a5bb54
0a810b7b9e7eea4b
3d3fbeb230863d90
b9152addb1cc529a
6a6135197450029e
2c627ec297af6cfd
d192f5f0b30d19ea
055f5205f97683e7
77a983540b2f0044
bd8f62fe9b36aafd
1d3e727249fd8226
0338d01498896ce3
4aa0adc3347f4191
b933fb14c5b29b99
4ece61ad52416845
11a76c49ea1f9263
bfb9a972ada0def9
88a7b3c0099dffe6
4898f9ce0903369c
6db24c820f9a07eb
b606837cdfcd9ff8
12ded3b61f2d8281
77c540cf2ad35112
3cab48ae835e6f1c
df8cb849ab05d149
91475da425157fb3
d8a5c0be42496d03
f2a0308b33dead91
f14a9daa1ec4de3b
542d89191ea0502a
2becb2dec2b8d46d
982ba615b279a0b6
c21761f101f83de9
03a1e94e02f0ee71
fdd2a48f7e17c416
f5d231e619fbf317
b54df25deac25621
2e67e2941f2c007f
a182cfaccface29a
4abf81e5dac2b786
790a5c52c015f221
2efd73ffab707021
e64cd9320bd7e1f2
3226a018fb77d7db
9f5063cf3a88d382
81dad31e62f1f12b
b354bbf4e4280e90
470a335dd724948d
212cb2561ee19ad0
a299342afb79cd00
fd7da294fe405489
b16ee314124de48f
14996d5317ced548
2d1d3b23cc494af9
d485552351cdba5d
233f8afd4862368f
3073a041aa77dc32
a3d5c35292a43fab
52e914e72a25a6f3
f54b5e932c2c8542
9f9e58d111c5515d
41ddc442bf90a44c
34cf8b460b85627d
4237b0c3263ea334
5f468f264e8a3e20
7f287ab8b08a3396
72ddf1088583c901
32ae943f9f1c2c74
77f194ba8925423b
a8f649f72f2c7d1d
e5ca3f9663175ff7
fc6d7740f3b87367
4da5c0c0b7735989
33376f51ca0ad382
565dddc01261dffb
3f49a9eb491e9302
c6d74825050a49a5
a272b74fb951a51b
89edb4c5bc8eb1c0
4138e6ffed579722
de48b036796dbfcd
fe94fec8d0a784cd
77a2cf6411eb6d8f
309548156df0630a
a4fd122369922413
a75134c3542b3e01
ac969185916818d2
79c671fbc4822bef
7afe365b46ad9ce1
12340d041bccdf06
d98e3eb3ad7e080a
a6e8b4f1b86c68c1
e5905fc438521f77
b24798d3ecf11de9
011ada5a5ac38194
402b8da029322f5d
6729c9b88d7c0f5d
1ba32531fcc10844
94a71483671784ab
625fb9975ed745c3
4941f49137260d54
01fa30b6bdbf1dfd
bbeaa5dfb3686ccf
f67c635840a7e425
0286beb8830cbc94
4c2cc868072685c1
8dbffb44f431ed52
c213634f52d3f6d9
690ec604ff622a8d
aed03b79b90524ee
a8680f6ea2d3dda7
4c5cd932e207aaa9
0d4096d9e178cfbc
3c09f461debadfd8
8ee93dadec1e5c4c
cebddb1ffbdf105f
ce4ff404b5552a01
d6084e2d22fea983
7dc5f3562ea2d42f
5dd83cffc98c61f0
ce4412976d6325f0
198d2b0a5f6ad6f8
b46e22efc4db9216
88da977cf982e329
893d39a0928e3986
f72f013a1bde365f
e5849f10b853ceac
659e2fbcd5615c3a
7b6446440456d844
7a75ee885b71aeeb
0b112db02069b5d1
255e1f5b9fce2f5a
332ef3045c04f386
214b2cfd34dcac8f
94d557b5e82e1e7b
b678caab66d378f1
e3235fc136fcfc75
300a2cd44368f16b
41ddfbf3d50b8c80
cce80a718c94bf5c
5e9a759fa5578f57
ad20e0fef350336d
9c43942b3faae6b2
9d4b8b78a616830d
5e81e615c98c5586
70c946dbb7606ef0
3166a5c33e937906
ab725341b6f6b619
09236e26f960a114
fe1ade5658652bbf
c7bb58349011de44
a5798c28b9cda4fd
58f26359df2470b1
7bc11200239a8ac2
3329692763301dcf
cd394ac1734319a9
5eb445619ca67788
7696cde13fafbba6
c2c4e15583a0f62c
328b2c2e753961f9
07e758f47010d845
d26daba2c133b943
c3a8e0ef90357784
304e7d857485f86b
18225fd7f975dbaf
725eb4fde81c1e02
fce9124e86176954
e3c8c72383dcda9c
988fc1f7c1ae795c
f45ef15b8a4fd62a
423b05ea0735ea1b
40188f218ce73630
b608e1741f0e32b5
f05aaa6481caf423
f0fe5b03bc319857
32cbc9089b172b5b
6819954a169322d0
a744a80974c19701
03f1339b2ecbe266
04cd1f9ddc17c2f8
48a1317355d14630
b253fb380781bc65
5134ba20a63cd086
1516918b3c335b48
b9e69f1565bba195
63e2f045b8f35557
2ed560436227748b
fb8053839100e649
039a991c9feef29b
f175151400d236da
bffdbfc3882f7e6d
ddbefb8511a643be
070ddd5b7ffabdec
bcf59cf39505c66d
11282cf0f038d2ac
c6c0e37f6adbe407
f1ef1a3653ba284c
44c734c17e41b04f
1e2ecf16f20f3e90
4b18eede3843091c
677f732b887f3bf9
bb9352f2b5201138
adbf03cbf176a68b
4729e52c0459faf5
5f9c715d11a6566e
d054b8b2f0137b41
04cb38280194d99f
447d6a1d4788c420
9b57c832255ac176
4f916177d0c15a7e
f814c7ca17bcf8a8
6947526c4bb6e49f
4f6ce5215cc62861
a104b420d589ad7c
15f1aa24a73658b5
88f8f16b69af4711
067ed8bba0f35e7b
b62232f93968277c
aa0919bd7c1a401d
798b960146b10aaa
a94e8fdf75df742e
ccea3ae4a107637b
3bb6a1122dc7b428
359b42d8cda34d06
8248e5889d8e67cb
665d8a91cbc6635c
1f90d0b7929e5b06
b484eddc2b94207b
e8e489c67cc4099a
4520aff37a587551
5077c4180aafc3b4
09cdb383922f2c72
fd56a947b02f071f
6012ca6afca91bfd
e44875ad51ffc4b9
362b37c2a0d95276
7c9c7dff795f25ac
4cb7fd147e2d3e1f
bee52d3b8708506e
71f5956c7a198c5a
50d8fa53737c68ad
98cfdef98ce3129a
197f4dbdae803efb
5b6b13d2efe22a76
cd5097b908dca19c
926d41802687bc07
9edcf02975eda376
d305a9fdfee088e2
54357369d7af8342
b088cd6de6975d4d
3295fa9dcecf77dd
e198f2987b91adae
3142e628ad39e047
90e6acc30c20190f
bbdb6fecfdc5ed30
a251c86125070d58
b92d9ade6bc80a04
fa7aaca73b84b9b8
3c687a8f42fedf20
ce205c8921c09b57
c2bb215a32b85dd4
ac1cd441fa02f92b
c8dd4fa52069f8a9
b1960bef0ead16d1
9845ea8180429837
bcb7574cbb02cf8f
f19843a4dfe7c04c
e0ab5c41e572466b
77064b8a4baf7624
f04f802ba3ebe12a
905b2202fdfb8c48
48ff868a7b4ec4fc
32522a9eae4a28f3
f1a29200667bf1fe
dd2569e6b928dd63
bd499e99a7dbd69d
a08f480c659c035d
ddf662819125cf02
09d1ce37db418f74
2bfa57497138e334
15f19e3d0dc27eb6
638b3ee6b53eeea6
8fd4fd5d99e39b3b
fa16fed09e731c37
38ccbf97971268d7
c52574e776119d9e
1a9cc17aa3afd727
67888eb933d6f9a9
955d8cb30e85174e
bb5dfc25bd286170
c0c3379b4c38646e
d3d2212f5a7e9bc9
59ef98c8940a5872
44782a44bc0d63ff
d2534d0b32edc15f
c5719781fc3ae669
2c13a18b8375d328
503255ee7754d556
650985dc603fdee9
5cc0df2800880511
6783ab46d3f1c809
351e123a8758a756
3af28f180e10f38a
d6d552f741ebfef6
7b0b7deede2d1ce5
edd2643168b87a64
abb95ed9c05e894e
2d40558091cf6ae6
f45c8ad54c9ce8be
5f17b5cd9575d897
f07c340fe75be728
17d44d844886a03c
03d7aee9ef80da90
a507d9736716322e
58a7067a19350909
456cf17c525186b4
b576728f11a3fd6f
33955c2ba6d53ee9
1232cfc928008fc0
88198ae4354d4d2d
81d34af18357b0fc
a5d8c5603a259a92
e7168bb658e9deb5
397c391915f48c96
9aeb76f779f8c3d3
2815f0d2f4d88808
586a2a6d9c77fb09
8d0cd933020d59dd
7fe2ba64e847eb07
660f8cfaad0bbfdc
a5c5776327d2dc5f
655886aefdfa0fc0
c9a2d873c79b3db6
fb80cdb6f67b0539
e057b516bdcfbaec
c74647abafba3a54
4dcfb193fef685b7
35747a08a1a65627
8acc730bc7136603
459e68bc0b179b76
d93148ee312cd765
ad90c161890c1fa4
4333b0addda20d2b
4fe22836090b4a78
4a84cb547766d2d6
575ca1f5ce0694d5
76e6a62c604de5fc
3c79da8afe8862a7
af635e29d8616870
6690b2e3a4cb0efd
936399950b3eb819
4b327df89354a1e1
f95e688351b2bc7a
4ee0af3a90b2d345
efb26aeb470fa042
883f9d73e32c7a1e
00e50dd8c0c894fc
4c84c9fdfb7c2bd5
9a0a624d4dad3faf
fdd71613650dba4a
045a452c7dd6d125
d4cf390aa68ff000
3312b31fab5c121b
e13daf5dac2126c7
bea4063c6c742ec1
ad324998a152663b
a542fe8643105360
c83b77b15f989c53
5e62a69b54802b20
cc0a045625cdf06b
ff4615446a9e3c44
f4e0ef8ffd17cbef
2924558d78c18bd5
f2beb9f5e1e939a7
e49ae7229d63852a
5e67a472251e9c87
4e9ce9d2173674c3
20d48a68f7907eec
174d4103d6def116
fce1fac19097c398
84ced291c9bb4696
98b63b4b0563fd08
b28fe7cdc31dacf3
6bf390e168af9c87
8a81e2a34ec77f84
f08629280e7b9cf7
cd33c8c90c9db0c5
86e0fee523dca4e7
c260e5b71cc1272f
c772a717bc3cf82f
0c19b26cdbb57a94
3c50748f55082e24
3899842411c7a668
d60e0ed1bd7120b9
d94a17c1f5d59d45
5ee625fcc289f979
e024bd3195cb52b3
18560c4fb7aac123
132c404b9d3fa7ae
7571b277cb1af5f4
f88a17587cc6107d
dea72d89ae165731
fbc6513e54828fe1
95765ac98d65ebef
4bdb587d4e23e472
b2114a473213c52d
a7bbb3b399d5586d
eb169bccc05f67cd
3fd80facc6acf594
327c79249eddb19e
00d0e72990d43eef
1b52cee8f33edecd
f21c75f68e6e6031
19d3aff4ef12b65f
ca7ccfe69043abe8
9a5302c8c5bbd15e
3c3dcaeeb5920371
5ece0397dbd8c527
61e303742deba6d1
6d537c0a8800f124
686e9ed2a9712793
10f29e7469db18ed
3336c4999309fe84
3cd39a31a74b148b
2463e1e34a9cf658
49c4716e901da5f6
45e4de6654038f7e
6ad3cdcd4138c4c2
db460d004c58e064
e05f93231a6de478
5c2cac64da89ab7c
f67ce036c3f478f6
483dcc31aa5fe880
9ab74f855dc42a66
7a4d202d457e9a8f
60f91d23964ec43a
4b650d181e0b6030
de0fb2002421e6f8
17ebe4b0e42740ee
c96f30fa7536b775
b9cf58e7906bac1b
9f46f65aabe275b5
1b543bcd6db6cda3
79e2caee125a50a1
1e4784794708a10a
185f44eba9b5ead5
1b0471924aa0d459
18ea929baa75ea66
79b753b169df150b
81c29bf7284e089c
bbccd1b0f42759ac
03c458b1ca02ebc1
5c2777d3cf6abd57
92e584392a730c44
793dd5232f328ace
5db68add68348cc8
d88af0ba1fbaca2f
2ed1c5cf0d5475e4
7451ca4d81fe7c0d
ec7bc89ed4ab63d5
8f57e84b336b8b92
641301c2151eadce
5a8cf848c82d2408
14e0463376fd76be
0ed9f23909667c06
69aadcd744f3b477
c33b873f490c3fe3
cef4727a94d3d901
be43195cb2ce2d50
f71fadb202bc977a
ae41a556e696f733
4ef055bdbb21081a
742b04396207d7bc
73f8d20ff1de50b8
5fc00348ce93d00b
459b0687f76c48f2
7a9f66b51d3d9884
3f556042b77fe2ce
12c6f7a3aa573a47
04db147185ea036d
7454771ef2e40af6
c3f3fa1f22a71b9d
b4fce26c2f10c849
a21de2bc01392250
7d62852c7f3f6352
d2863ce90a9ff863
c73d430000bf30b0
860972dabae9ecd4
b8fb446a73ee13b0
9b2ac84aa74fcd6a
936f4b5a5d477cc8
1db013377818ca72
fe3e4026aafa3438
63a673efef265933
95ff36bdaf956e9b
4f9040a977ddb181
047570febef150d2
8a45b51d0f4c98ce
e71bf78c8736fc64
fc73e59eda6fe329
e683ee664fdb13a9
de6c0d57d437f230
bfca0e86bcf8f491
6f8b4869452b4d66
2a85cb1f91d613b8
a9f81a77b4397447
a83b66714791c8b8
6a6c72586cbbeebd
23616b654e6935c5
20b08f0cdf891e4d
398d290936edd67e
7b7cd3e4650cfebe
a884597ea8a94824
a2b083a2099177a9
afc99471bc539519
efe3e70e3ea70864
737c2323281a4435
29653b09deffe57d
4a26b63ced43575a
2868c157dfbbea4c
8f88e431c7e8d621
f7e39fb1a5115f26
beafdde014f9c695
97cfa0c1a7d44378
bc6b7c4b7077b661
f1aa0201c06b5fce
7e05fc4de7567a50
d3599d35f2274455
015e11967f839af1
e670f398edfb81ca
c958400b13fa110b
e445336a0d64e737
6f076b568776c300
04addaa45740e082
83478d3c310ae6d8
0f4dcfe24b70c973
192181ba7df7f5c8
930044cac225ad70
13e10060efcdaa02
9980323e77e44dc1
efb15d278ce8628e
0717d539ab7214f9
bdcfb825af5427f5
74fd152bcb4b5bcd
2baeb96e79b4e5a2
5152dad05a444ee0
10cedf7a74233e5d
20f6700651ad1dc9
d8600768c7723539
93f6192e96aee0e2
5859c6a61c5068d0
ede4818629deb4fe
7dc5dfaeeb65a89a
4cb9f9c33dfe00b8
ddab50fc1e4718ae
0d3257fb2e0baed7
ff008a1428e50ac5
9ea20233c5543e9e
77942b3fe4796c60
b3b22a9f834d3a0a
6e3a27378a679c26
9a46f1bb2f2040b9
41cdfcdec8a3b845
45623eb8857f98c4
14690cf8849423ba
ebccc430a84fd294
c73e8b085294c6ba
38c9b95630a9007f
43d0b6a3b7cfc124
c5ed9f8005bc3656
2206e38bf0de2442
ee12e8f66a585c06
dcccc1fba4c9b836
4550ebf6790f28b3
da9c56daa79f96ba
6398dbb0bf914d45
62b6b6f8317debed
b930427df742e781
38a0abfbd01bb21f
2e79748eba7443a2
82bb72cf0d39c656
249fcd09dbc9efd7
829bd2b787c321e5
08b48c2477ba67ac
782121773b28c736
fabb9948b8a47cf8
9d0e48c4171971f8
9eae5a03e4c9f30f
8b38732c7f3e8508
2ae0a366a7361f27
0630a820c9fa94eb
9c71e2ac29988bd8
dba87a548f9098a4
b356e6d695e2872e
d713bc99036aaa5c
4b06f640e0799834
1c107ae1ef7b1d95
70a7650ce97034bd
963ac88e036f7503
4ac6f66cb23dac74
eb915b8220e95da3
428041e176c4f824
51973900662afe36
9c35c1f5fb68b5dd
6aeec8e450aa8a81
9448311ffe433c2f
2b7d82783e468cc1
2d967532cf60a0f8
4618ca44c9202707
f9257db039c71d56
b5d2a255655e2b0f
1f982f99dcecf17c
3083adadf1607e0e
0355fc6dc471e7a1
299fa185f9cd88fa
4b1fb64dfaa84342
a1c10eb41166743b
9a2fb415262a0fa5
dbc196ff08c39d73
6e9feb4eccfb8ac4
9d3980c863c39f53
83a349f7abbfb7e0
9505b89d71183ace
01f8bab36651c9c9
35714a9d8ad2c58e
fca0805a7a400bc1
1c40b45dc2a45721
eac45eff775dcad3
11efcc4d775e5589
1948c446d650a214
18f1641fe1e794ec
161a57f1ca5890c5
f3893cb838013438
f923a98f882349ab
0cb909dfa34c89d5
bb150dd570e5b5e6
73301542bdb77d4e
c0fed900db15b031
c9cb443f8a715502
2a1dbcacf9db1f38
1d00fa29be39c871
0b69dbce3b8da8c8
996d026bc323d606
85101e3fabb7e562
280dc8f1339bb32b
f55e02a7a7b1600e
7bae273a3b3b54c3
446838bb960647b6
1bde648ee85e3035
9906fb6beba43f67
cdd6d75eb2aeddbe
469366ede833cf0b
3e8353fdd5fb9baf
06081d4102e0f9f4
22b4a667e271300a
77d4b0d3de0ed5b1
b1982ba8eba8d44c
183a197fda677272
68437dea7fda671a
776ef0d6a99c6e7d
d3f640ab24a71162
11f244a8e682e589
1194a5ea4faace18
055a240b59545ddc
309f3c07e9807ac8
4f0c2b162f4eeb5a
4fceb5d115f65d50
71e70ff8bc81e8e2
65f72d3b11f0677f
7172d248267eae3f
ffb754f7343273b6
7c814535401bf022
bf6f9c40125a286b
31264950d98a772f
3114b32643070116
ca05cfcbd6e70543
6fd1d5bf1fb4e499
75df72280e9a821a
0fd2c214a28f2b77
ea69adee969f37b7
0ee1e8fbfbd2d0ab
04e8285bd43331a4
5445830602faaf9a
e08c1920c41e4019
fe6804b3c02a6f20
f6b6eb61ae0c74e1
c99ef78f562db790
383de97b3b8ba2a3
5db923eb532d8317
670d6d6cffccbb08
4d348f0482698c1f
842aeb9748027dca
27302566c1d485b4
c4e2630e5f10443c
f82f1ae3806d4c07
61a13a2cf3071f97
988745ad5e4eb703
6b8005c3c9a5d969
ffd0e52f37801961
6d92c3e1987dd5ff
1e848b9a15cb1399
f5b7aed426ac41e4
737d8e46cf20b3f8
d2c59e406f731477
6446ac0b0b227baa
e635e258e94d94ff
be7f8171dd95849f
88ebca2a25f02dec
f38ee00a086f8b44
793210e267bd931e
c914e6adc0c77299
b8fb96c18c046dac
77ca240ff6e98b83
9157c53cdb78ba92
ce1d9172e8b9243d
dd28dd2eb43a6b4a
8364bb6822841ca8
d111e099dee62fa7
c8aaefb941971787
7bf472fc29446288
d29da621aed5a352
81834d6ad531d9d6
68b7461e3d9a34fe
c7da0ebaf8aace87
7f961fc42f53ed3a
c079c0b3045d2c7a
78fcf7565cb20d57
c3ee47b22b7407e1
353a8fea884d0802
4b73d3682f0f0588
8fc8a1566cd4fb3e
afa365caa738c8f2
450c2f7d177af239
83de0a98adf2701e
6a802a5f6cc543bd
aa9bdd38e2b6831b
775dd5cf3efe79e6
a79d1cf7faeb5994
a9709e21822af30d
0160f2d7a4a61d89
5e62511c4679c857
19cd09daad067b5a
f2df850293f4802e
5b06244627aad596
4fefe44efb2ce651
9f2f7f9a1d6f81f6
8302537a47a5f9ec
06ab4c0fd45e24ec
4c397168937e449f
e80885b393117aa6
a13379b787242be6
e097e950ed2db73e
b75bd2b6e1d5cae1
5b9b1ca7cebaa862
c2aa8e255cc30569
dd52dcb6761f8399
84dfaf63cc2da942
5bcf8bcf5bd268e1
435e7ebd577c7979
687661fba37c0541
26ecf27df8b05acf
26e3e1bf9fbae046
7dd18ada3ba6a674
6b10c81f2d7ef43f
4a42b2f09f0c918d
d7587c485d76f3a6
fc8bcda07ba22d68
8907a7ce4e83f783
15982f939580f95a
f2b0eb111dc17741
e82b1626335f1c58
44436368d71a7194
edff28642dd06e0b
d6ad555daa559159
563feb87882e6a32
72d8f60d1967d38d
c33e7192edfc819a
413eadb6d0ba2a84
d2ce01f378a67020
1f6478d00ea70740
ba86c982b7c3ca72
2fc3f885fb73fed9
93dca7bfe658cf65
03a4cd27fa4de99f
59f36c198de14389
db659f57d716c27d
191a48d29d6dd5fa
d71e260b3137bf95
517a038816b5f744
9665691c07eafd37
5abb24bcc4889196
1993e2e3e04b0d23
0f46fad946efa49f
6d8a7dc451aec85f
b7a5322ecb163e61
9588728444f145b4
c932f3c1c13109e5
ec4e2453844dde0c
75bcf6b82f0c39de
2ff3b45ec496c0aa
305f97740b57043f
3c156be93a46ea7c
ace7f21506ada720
62afe048b40dbb06
53cac1f182e3fae5
aed4e28ecf826fc1
700d740dd791ac4b
c078e11f63d42ffe
d506e6af86ecf872
1f520d12a452ff70
a6d6bd597b4eaa84
c6e14649edc7304f
ec6d60b22acf9a51
67e36b47fba4629d
4295a0e4684c4ddf
5b6b055c46226c0c
ab6215f39d7e01f8
1afee834dd08186d
b4098c182b9cc0b1
5e1b3537e7a62ff2
f20b1e1a5797b565
4fa94eb0659a614e
c0c3e42ee48ede4a
d9df1b0d80b3438f
d804bf53f2c85b14
df036842e422962a
aca201e2925b6cb2
112ddd49f3ba6688
a9c5d18ebfb3f5df
23284b8e533938ab
c123205f2f8ca5bb
d4789393e8289507
666b64dfe11948e6
6be2ec9fddb59225
8319410c0cd841f3
188abb72dcaa5afe
ca5ad1642cefb1ad
1ada96508e01d6fa
ee92467e388d8bd4
37371470cb0f4fa0
b6b13059db63c15e
87d3d3a80cce9173
1ad7a17e03712017
5f3f523af6661166
3801bfab8f1e819d
2619c99a521f35ed
88d2d23fc7b633cd
564a284f68c1d26b
0b8db04775f2a927
145f809358e66aff
0dc065193bde1f88
bebd5d8117a71026
04986517efad9b25
83bf3a3daac9c26e
d8d70741e2025a3d
e79fce482e4021eb
3c7ee5ee85419b9f
4e4c8cd191a43695
621d93b393438dba
f640a120f04ab45b
7782e34acef74ff8
30d6730dad141580
76e5f47a5fe3c3c3
20f2ff23fbeed2aa
aa40f1c543ad938b
775b4db1a7e0713f
422157a85a685318
bf7d18cd3fcae29e
dec6a69d7a637a6f
02ffcd8c610d2771
2ecf1296b43e27e4
2746df55f8983562
4559ca0198be9a9b
e42c04223bf35a54
7a3e8aa7c2b6339a
59c1a7c548202b25
fb8b59da2d02ded7
dc84703bae2dbff7
226b304413acd3a1
b699929e6af67f84
fadeb65f38d14895
9b282f1ae75c6b4d
29138809a67c5b47
db705547a87f805d
083162d2d3ec90c8
3839cae1f3d97a89
903208c45b8fd37b
4f8f0305e6728899
a809c6e2a2cd8853
6a73c75bd86bb106
6a2b1c99761c23e0
0f22c12f696b7ab6
dc037f69125ef73d
aa5dbaedfa7a6852
cd41f9c52704015c
93f3f099366dd82c
871ec454f164473b
97053c8bc90f377d
c2c49e96be80e97c
683a35cf8a55ecb5
4bd8cb5455d8383b
c6772614e1e6e843
5e29dcb7300babaf
83b075b1356642b4
67090097d76a0fc6
051485960c71a3f8
5b2cc7368de17375
6327116454ad5253
b41485c54d219d06
36a08623c1899fc2
0bc2bb80078962ab
1f8455ffe354be4c
17697b23951656e4
42be7a9ab1f15d6a
1aa7e86e9a2b08d5
265cf774f38a6614
bc9821b2e692a2e9
ad6d773d0e1eff66
73c888f896876479
b92871d9ac53f210
a474d3e5115b5fa2
424913af03da7643
397d22bbc79f9097
a07349a6b1f6ce44
ef45db59d2d05006
66a71d38e7c859ef
01c91bebe5e8e02e
c4ea55eef44cd13e
1a1700b124162ab0
5c9bc995afa7bb45
6bd57e0ab6909a78
7462f6b06ad4c6e5
84a5c030ca885bd1
a21e76704ff515ac
a5ef046825bcb73f
dd5a4a6f085d4c39
796c9d8a6cc23335
18bfd592bde22558
ace5ffc78026c587
46d51d8131912c41
72306d8ac76ac918
acaeb71ef84dbfc7
3f7bc1dac37769cb
4b09bf229dc43573
b3bd56511b1552c1
970cbd8e41f2e22b
0e2942d8d851d90f
7642cef7d70683c0
d75a7cd6f17a54d4
953873fa78d4044d
abbfff916ac6cb7d
fe9b3b5eb906642e
4c2485035bebb73c
35738d68aeb6a4cc
b16f992baa99d90d
44f62e7ae5ba83a0
acd6febd97e5e93f
a32ac64753ecac0e
deecb0371d6f1d57
f354e36964b2dbd0
3811309a90526985
2197c89b3572d7ed
eec5c4e9efb31b2d
70047b5e9e031a0d
1f7c1fd24254c5ce
75b2ba3fae40e959
a9bf5748bb812b08
a74c52b6799de993
739c4508b644aaa0
0d5592a0e5062a3d
bb53337ff793913f
09da4c6492b0db31
960a65eafdaeb0ef
4bed10990a2b50df
585fa48b02f8b2ab
7c39a84b1ea1559f
0c8c07e015b7d2f7
8e5b450febac69c8
d08ce629d43a401d
ed9988df0867fd37
3548b752305cb7cd
96a53347c7a1d4d0
6412d89f38a7b80c
636a4ba9443ef0cd
9d553b9d3b520863
c64fb36eb17ec279
b4ad106396f2b922
6ecf2463af21087f
9ed0f87e95893b60
665d914782ad1e4d
9dcbac5ccd8d2bce
d972f5f465ce8990
6ec7359b722153a6
1b37453a2cd889c0
91e997c64681d1b3
4514360bfaae2429
a063d6679474b1cb
a54e2027413a4084
9ac44ef2ac7c9b95
3d011d71fe6511bf
b9ff92759cf6a67b
41728201004dc334
034e6e51374c9974
a601e3189f27636f
87c5370b7bbf12e6
c08dee435d7100b9
09230c3d24b2e261
5d62f57754bd0e3c
e2fb4cb3ab610533
eb622cdf08efc1b3
3c5b25b1adfe1155
f34d621fa0c96457
9716f3f51cc4b68d
bd689c325302f328
b5470a8a4cb7ed57
9ee8041afe8f22b0
a80dfc02c944da70
ca2443cdc7b0d2ab
0690315bc0b715cc
811676a7d0a22e20
5c88f18aee46a4e0
e32e54ae8b403eb2
95d35786c0c24cb3
aa6967669b5a297b
fd7d6238c4a08c07
3b93a76cd5588066
07d6a52097319d79
2e7d283e6549adf7
cbea9ac3324e2ce6
4a2e20f408e23a0e
8f98e6825d0b6ece
d5f6ac066bc209d8
bc217b523886c4d9
8b09ad13b9748591
3d7fe024c4384954
4c92394c44fe6204
da2f20a43d214d49
112f466d584187c5
b3450178c1462f2d
ded84c6b8f20a4f5
038f148d22c3bee7
9fa31b2f91b55492
a3df0ef0b52f09d2
303ecf9308516a19
ac2efece4f860af1
81ada88eb004115e
cb34909cd04bb598
fbbc82a94d66cedc
95a956c73341bca0
3439971ec0a4a541
2eaa2cb0fa4780b3
1c136705700ff5e2
ac759aad22bc8dec
7989c97301ca0a25
178e0f188e14921f
168c45affd1980b6
052b7798bf878e13
51d8505fd1d97c8f
2a57544810a48392
a916e08f62775602
a1edc6d5b1e26aba
8903d92e6b070889
59368d17d035fdf2
07342842c79ed928
ef52e18383376ca4
6abd1f4e6edfb855
025aefd552dd4ad6
727cd70a86f6a4eb
a3f705ef03847ac4
b316093929b7b922
050a116d348f793e
a127c62d17549ac5
4ec1e71a169ac39a
3eec2d9208602481
f1fb3d378e05c053
b9297c9c947dff33
ce417b9f09576c71
6693ae8f2f5a2f73
11f80979646a444f
faa76e67f3d6d920
750d19b646c47d87
28c50d6fbbf6ccd3
6de6d701158fbcb5
641c214c0b99c172
3745b4dca4a2eb35
a640cb4926223747
6c77f6a8a962c18a
999e8ff7de9c3d18
dfbb5ecbe7ed9411
c2b1f7700c6d9404
7fcec26229f11fb8
2279d4bb85ccff00
19c2f171ac67c0cf
5368ffa7857de6f4
8508678cdaff61b5
3be8597a2902c6d0
fbdcd413b7d8919e
2dbcf30ad30a6e7f
d16846b466b6bd1f
56f2c902f72cd429
e4d7a466bad438a8
1a3b88a947169aa7
d2c9edffcbcc0bdc
9d40e4d4210f6a53
f7e0835ff12fb4f4
e0c0ae73f3e2a432
fec99a914f4ea3dd
091374f6500a41e8
4bc44b6445056c22
06035ceef598348c
6b9d5e1040a2993d
1361dd1b1e7ffc19
c1272189be51dde2
fa1d0732ac407026
a871ef02a718d831
1c9074f44ee2aae8
4c818fc43543743d
6c1b49d9819a6c95
13d63b30204216ef
b59ce15f6906b3d8
8c9e02d250b9be19
cf258a68b1a0b211
61665481b3cdf243
27461e8ffb582275
7112f0be6de10114
96a3b04b54e85f25
97a4bf92858dea3e
44d58b56ede7dc49
77ee6cce80f799e5
fa640def567dba38
5609bd93c9573f5b
d189e121b320ce30
bb7601a90840d924
6f9265d2244b931d
bafdc71ec0b82808
9a55427954875e8a
67a45b21d50e782f
e8cd76d7dc146ca4
49bf708f029542cb
79651b336e4c5a91
6d7758829326e7f1
b304be04f0c72234
ff3618e2f185c9cc
9bc9fca22b4315fc
9854a24820ef9a3e
cf7230e1b0cc2424
945715390f5ac760
98b9105a1f7cd852
6e6dc041a798a58c
11f5230456cf2fa9
643180d2fec99ff5
19539d788077b809
ceedffd5ebe77154
a8857d3e8ede2c0d
72f07c97d2bb8e0d
185537abb5dfc3c9
4b75d506f1e68199
d56b07a7def49238
51a79440962400e5
601cc920884eae14
8052b3ab54b5214b
a99deac64cb3e45c
7e46a02aea5bc0f3
b85a3e509ea8b815
b3159866bd2b22e7
2b886dd0ae5d7056
85d570af8f02bd47
f3a56bf9cbd32246
e324ba2468b3d36f
1bfde2f765cb93e9
c5d6ecfee906524b
29fb9ba6259cdd26
6f6aabbc7f281cce
8c3cd92af4262f42
a3cfcc7868d77659
e3e0532ea6b49120
61332348912a3d77
28e898a22a5dd1e1
36e609cd82aa34bf
b483908b74e7cf54
9c4ec6fcde29cc19
fe820e6f49e7db64
8dd6d5957564d5d0
72b34a75f7bc3de5
66ebe8424623eca1
be014dab445e3b83
3ee2c9ebfd804d7a
240c5035ebf8bb52
f435ede0b7b2a5fd
069ddd34e9a67e5d
0853f5b7647f5a60
45401bc4aa9833ab
4b54ac6954cd70ad
1d584632dc61f0a9
5f62c1c4b28047df
ee4e5599c7f68e5a
8dd4d72903f2ae65
5d4c2b278b62fe0e
18b1c6c180edd49f
d65b641155565e05
9522463b76f86c89
0596e94f12bbb8df
4533c009f3313f7b
be6fe4db46e914ec
69bf21ab04b28560
49d1d057975b83a6
ca1f0f01ea4f4434
4470b5c827a74acf
16bc5ee7653285fa
9964535c9d50a39d
b0d5d7f3cf3c5eee
b9a87ba75aa50615
df96e5f74264c14e
39ea4b905b3fb1c6
60b11fcc3a3a6a66
d71d2970ae35960f
14722e79c227d97e
799979c68c7bde6f
ab83c183a936669a
2d5fa2e57521d74f
95eca7d06825bacc
e7f5c64f9bc8fd37
3e87fadc6df549f1
74199fabed888d9e
22d0e2bea7256851
980f243fff0d3728
2b920bc4c864870c
5cf6c5faccaec14b
4fce1ebcc84efaa6
89c308bf4e71a410
62942631398b6780
a6ec40ae09edc0a9
4d60e11a9bad23f1
c85f21de6102e03d
5636e72c58465874
4678750463ec2a67
cf81d27b1acd74d4
13eaa73ac6a0011f
a88347c6b615cf40
6aba0fee41a85c75
9f6db9fa6ad68f85
f7075fac79b76fee
9e5f4e531e85a404
0cb7a7053354ce97
f0dc472c4713398b
532216ebcf0eefb8
d1cd06da05603f33
02f3a93752f5c93e
b18d89f5feec53c6
1ecec2a6cbc20783
40904e3b1080a3c3
bf3b265f92100186
169647042936b801
f91afccd6c63c7b6
205a111f02b8f49f
fc5d55e7c6cc6231
9833d64bef402c32
fe13562d2699686e
74a16f381c64b010
fe27c2a4bb571275
6ffb9e116aa0de44
00ab1a2be2cc7738
bf8d1d32ddc33237
19b3669cf8147fca
34ec32151e295c39
493871a80a64a5c1
421810ee91230bb6
05132eb19e28841b
d26070569e4f987e
a518884364bb6f5f
82ceb0dacecea86e
bb55ff294530060e
7507d7f15558a24c
adf71c559ff11d0b
0ddbf99506a801c9
e1cbd6802f60a3d3
51966c0551afbfda
5edb701c5ceba26f
fd7bf0e4e045ece6
0ac898c25267ad26
a5c6a960228dbe04
bbf6084e470151c4
6ede018ce9d1c1a1
bf89fa6371df6f4b
ea833158b6115673
900a6551eb5e1d13
39cab3902a19bfb1
5e963068f5f481da
5560cc93d3405340
237667536235691b
2bb31d7a2eaf7cc7
5bd07d1ab7965516
07b0a3b3ca79d3f1
8fa7353c15cebe1c
8ff425702e39ae20
ad35723dd9d4e03a
c2bf418205ba0434
cfedffd81dd416fb
1285eab4969b6681
b0bd3c231fb4d15c
78e5571a9f413d6a
f410448be53cfb83
42b46f618ee0ac91
d08783a3ed4ba04d
fffe70dceeee160f
f366d191426f2f8a
230ded8ac50e6f90
25beb54280269a1f
e85f9e6e3cf52e2a
df77d08223775b3a
20207c1ceeab8469
13548866ff4bb75d
5135f08e63e5089c
2c5b5a91a9381596
28f9e9c758415996
1b9573fb1b2c1cbc
92d8cab2a529ce0b
890883b707331eaa
69e4a94c9917458a
62922175710bba8c
7def4b3bde4ec502
2edd5a80415c0f0a
672cb37a38261b5e
fe9a3b984a0409c5
29a398ac66b6fef8
870b73b5d5dfcc81
5272f309d2f63e56
3b2265af4fcbdb36
1f5d737e96347bd0
7f939f5111b6222b
bd6e1ac851c4deea
8767ea3de565f7e6
b2af2bb5296313b0
a86bfd5be2545105
c0b0264437cc1c55
6d6120d626789c56
4e314a8699d20e25
aaa0658ca92b0319
d64b8e03c90a91a3
ea04cb5a71503273
cfaced348eb959b9
b38c7446b1fa269a
339010d5cb5f0b57
b6f0b7649c842300
0622f5cd5cbb267e
d02cae051c7a9465
ddf2203e5e78eb22
70f2f29708f77d4c
03c27527884a3feb
f56899037c6bb87c
0fd75d417fac1123
6741a30ccaf83e2b
14abc48ab8d3ffa0
41a5f69d5644b13d
38557a718a5b0250
6ecdbc72b43aa345
1599884d61acc9f8
e7bf361242942915
2bd9f7ca4e6b54cc
96483599d0501bb0
f10b05207a0f557d
73f7f7f191f782b2
f285a77a7d8892ab
129c27d0469d0fff
c600420098c83898
c131644a1840785a
9ea1d5970d4abeda
8125219991997ae5
d7001ab8ee7dc26e
3021152fdcfceca6
4a0913ecdd1638bb
f7eb5aa6218ee11d
f09e25a8a4442a89
e8d924a79d503649
56b8e04dab2e0e8e
f188ea531c7faff0
f2400eaaf1556251
01f27c01708c195a
51b35ab8062366fc
a71ca68031d143b3
d3b634f08aa23864
47d2dc56765c0eb4
30b4aa19bf2bf292
7062b230c6751487
10495afdb24da920
43b96b8a0c7041aa
02a2ec6789cd83e9
7e8a3fab79c28aa6
124b7642ac2fe8b4
c95febed88343eaa
1d1281f2ea9bc4d9
d6587829b4a44c14
fbd6bbe5602aaa67
0ff76958299e7107
8842a7aae8ef4f1c
c486279a311a2313
16e2df555c34e833
fbd3e867681a6377
d91c5cf08b2a7224
7251d9e7296dcd42
f39635d37e4bda82
4a93d34f1f80ac9c
6ec98d69a6e7b194
9b209031f3ab8067
39493fb1f0c41a50
1ed8e9415e9e9eb0
13b6820f7dfcdeb3
137844f4c37363ba
d21bd5dcc2a45eb7
bace0b72f83534d4
08ab79151c928580
61f38d169fc07ddd
23c6864fcc9c12b9
bbe7ce65dfc39721
283b6c1c01c76f13
51419533850106de
27bd10288250d6fb
d3c9d462b4be2148
54bd3a5c60861540
ec381221eaca03d5
1edd258ffc20f937
875c63723c309f03
aecf06b84d404571
4b695819fd60ea27
9f4a8b1253d84206
4dbbe15bdf633828
8ef65090e2166f09
ee828d577a583ad0
1ab203d5ed30fb10
2641ef47ce439250
739c100451a9ebdc
4a46c77b9653155a
e97857478cdd7b98
5758253038a80b43
5cac7ad780fed0cf
b54739ae5fb0aee8
69f1a31ead81923c
942cb1ed3c3e8b5f
d8819ccfd0bfcd0d
78ab5023e483954e
90ebf30593ab99fe
73409988b316244f
33f9f68f94bd3f4f
4b830107c4dfd703
7f5e820ae77b3648
6f07ffeb5028c823
71f2b174e52a9fff
bf853e7b55dfa895
134426ea65ccf290
43d6a4cf4d77a089
517e79a04b85f6a2
17452c20e0dea808
41f0a380543aaf26
91bab37e7bd839cf
880ba76b3e9794cb
a35dff90303a80a8
edc180c4c8bdca93
0e7200f7266bb165
72f636adcb45c449
120801ff3da6fa92
52cce22b5a2f336c
a5ed6e44be7969d5
bd7790a698c9bbb3
3317457a305972a7
4968fc883ff34a2d
c316fb6390a9c94c
837cb2dc7dea79e0
b8a5db8aae1f534a
5d00575010bbd506
b9ef80c75428a23f
c2dc6aa0592e09a2
c3d3c246bb0761bb
c9435d698d0e43b4
62114d8ca64462bb
ece64082c1d5980e
de61b80e8d2b7daa
15e24a63ba0d29fa
6caced77a58dcdf5
4dc03918d99d192c
d6633fe8e39447da
b0ef57c79ca4d6d0
f36526516d927fa9
57bb4cf69fbc12c8
5d29713920a938e9
aa47abfe3b20dbc0
f5338c0e325d417e
fedbd6348477243c
664bbba96e18e664
0a1e54623c13793d
93e86b44b76ed71d
e651637c5e27afed
6002b3c15c7760a4
001d8972d7ce1cba
78fbf9ef434ca5d6
27136eda92bcaa68
53e637f9db19371c
600a55d786032fdb
32c6d9ec72b082bb
efa3b9468877fca7
c7ceeed72a824c5e
145fb904600a7533
b576e507b539a6b1
e8ae9ae5bac2ee5f
fd481675a7992de0
95fb872a2a8a2a8f
ede4c16377095808
839f9874050defa4
22100fa886d31b87
c74907e7f563a5ee
9633a31f383f88f5
9cd0ffa93c49b159
5b2b9c841f29ca4f
23827c171a6a95f1
5b3edc349e404b5c
c7f12c3ee3fb89cf
ecdaebcf77767a73
86f172c2b48e3a68
84ea00037f8a6e84
0c3a1e046fb57d96
6894d6e0c3903470
81ed6a31b1a450aa
d4ce3d42810f2ebb
b815328ac2d03caa
1843efd8e2ca4ee7
75fd0bfe39483495
450fbcc3e5e39a9c
1f5b2b74294caa38
777199755369639b
1a6b6ee3ec13a394
c722e43f05026f32
f3188131bf24deb2
a7b6c3b714b9f8b5
24d75a0440fbc2c7
06787bbc4d947af6
7362a9a8a7a8b0b8
212e577620c686b2
f8c16363f0a628f1
791fdf2d88ced497
426a9b7221f3417b
94aa566a78ac000c
5ee79a1cfd0e026c
6714497b2213e768
f146cbba9df66e4d
ebdb001c0a033eb4
45c285563580c7f0
d8175027a9852c11
36530274c43faf07
8d4291341f934e32
436668444b82291a
c3e0617e7620e5ec
760bf9f106791b3f
2949f6471a7bd9e1
af24a8000ee3dd97
cf38b397bfde2bc2
a061ee9787c8492a
a872ae56c326cffc
ee5975c076bafc72
21fd9601fe3df52e
9223453640e44fe5
73ed5ed0bab6c6a9
1e54d87d4a96a3be
abb2b0adecd1af49
6be8a6dcae0e4e1b
c418f8147f25885e
7d0807de009f21cf
fb984b0c1f9487ff
986461575ac7cf77
3272f0afb55b78fe
cf5ac216040f2e7e
f83aa10c2095d071
a11df94c20c52dc6
c355dfe89b366fb7
1e39dc9206faeb6a
a5954d5a1c9a4f3b
53e961f5e40ef8d1
f106619879c1cb66
0b58ccd3cc621457
e773eb47cefc254d
2da71736cf99de3e
340d3d2830fe4246
ca749fa8342c9ece
fa654eb153ee7dd8
a7982716550534d8
782889e7c0b750fb
6fcb31a1fc3ebdc4
75f7b073a5e5eedc
61e4c83efca261be
ed086e37c2757ca8
0bf3f4b381d7df50
48323945dbf96fb1
a22bb56b7426882b
013af54680aa7d3b
f9f50aad30145db3
6039b2963db11447
c8b29f4e38804fc5
35f7f63fb4cba0b2
8be8b07c91c025e0
13d0fd9f76ca92df
6b0ed35d4128fe42
9df3bc1b06a72833
677fc6b740c29d7b
fdaa12130514d8a9
8ff128aa336119f7
8a871eeaf8dd73c0
7f06e1e78bc9a9ac
ca38fe005ef7ac3b
b6d9c95a08896427
f7a609bdf0c94d9e
f9bf5e3cc8537b6f
94d23d7d2e24d9a3
e17283c3e7d966b9
92ed0ebbe8bea93b
10a27599e756cd33
183ac2c14addda0a
f5861fe810c61cb4
fce643315c1b87f6
7b43f1627f58ad12
12026d50cb634f18
97718971e303f159
9e2ae640fe4bd0e4
517ba4998fd9136c
3ec3edd89e6f0959
5ed310627ae4061e
a77f4914cbf8a821
13e8cfebc3dc307c
cc07b18b441053fc
9e0fdfa566e57cee
68bfbae24db69c34
652722f45429b66d
60a6095d8e9451cf
203d63d869c25284
8a1df530897c40a5
580e14dabd476828
7802e623a20e3b61
8ed4ab04297ed7e4
68a7e27cfec4c56e
320eb5ed7def2a8a
43056658ef2d1d72
ce7808797ed9f8f2
76797bc94b8febe7
2b118276002c9841
4c22f3de71056013
615188c8b9d3199d
2f4b95ac168e4c5f
00575f0abd2513ad
fe3943018a41ba0b
901dc171e7a26241
3a2eea74f7979a73
9cab55882fb44d52
1c8db45a25f09057
0fd6a4212f8af17f
948ab4f506d02fc1
890a0df77d044139
8add3867f5b5f1ac
a734de6591de330a
5124467fbf746412
347c8852acf4afd1
33f00a21f15f134c
4ce27318871c2ab4
76451e5f26715bf2
67d1b784af3c2ebd
2df98b6560851262
79c8377bfb3da429
e876cee7408eaad4
1dfe9882fec41cad
5aac19835ef5d4c2
e3e33faa0eaeab7a
afbad3058b266b96
36536d406fadf4b7
2083b71fc56ae3ec
d35dfd38e9001f37
7ad1191d1f863eaa
1d71d58fa22b4c99
ebad8dd5f94628bf
34380678dcdb46d9
633ef8521e272319
da0755489df391cb
6e700e0b0b05a5b7
7ff3594ac5d94a98
79a0a2425d7d24ec
658943fa36f67709
dd8e23ea5ea5b1d8
b7ffa1ccb4bea8fc
e9bdc65bdeace4e3
d52646969f00f736
d34f62850d7ebeae
f3bb5f3373e15ed2
739e554f2b4ac541
28fc3b3871e74690
0879cdd954348c42
b0f3f740d7dd3c1e
2155718b6b501be3
c2b008a7eda65e0e
158be45db4f9f313
df4d0a2b714f88bc
9ea7bb289b0cb91b
49e2a5aa8d2ecd0b
beb77d9fdd907ec0
c242bef4ccef157f
8b1697aaee6e42c7
5a5307c56e1221d1
491410596796e938
8e3a60e0fd342503
c015b8719200560a
ecad533624b209de
658548e38b198d8d
927cf7ee74d3f729
9a1b4f882d24dd18
081165fdf4d14313
2263f2b8fd89bb64
37632faa4d6030d2
bfd5246d3afe01fe
304cfabf0481da18
347f49fc7a7bf87a
168aba707baf8ea3
15839f2e6eb9e0fb
40bf6eb8992f6776
e1f83d403befeabb
6e01c3afa0cfe3a3
6d71a5a6228277af
e6920d451afd6322
768a42f758146113
c0ede1b047bf7756
0373598a752b0f9e
ffdcc0124629b543
4af5d90ae7b669b4
b078e27abe472e76
7a62a76a5692cfe1
03e939aba3cb0b91
7d2e7b3d26b3e710
c2830333c7e92184
207b3e95492d6f17
8f864fb82e5839ae
37bfaf277c404a35
621aa56a52e596fa
8b1793cc5014cb08
558ac920ada852e0
8001fd629a4b7787
17a49f1099f88994
053c7c80346605cf
a481c7c626a7d64b
ae8c6b555b8fcda2
a0293e0a034aa320
5b7eea777728a530
42eedfa7999bbbaa
15e33f8bb9f8aeb7
2043e0a2481dacc3
4ecedc3f28ba7352
bf6cbb07423dda97
26b0961878a53708
47dbecd148fb43aa
ce9b3e3678d17102
ff1875e7080e0967
1c046c6307a8a64d
8665bd6365e7d619
3ab0368ec870404d
74aeaefe2e9bfd95
e16b70e5016afc1f
82f44dc2a611e1f1
863ea78aeb746025
dca71d580df90aea
1ab3ca14e2b0e518
9f93101ad7a1c41e
d13af6b40a6bf4a4
0ffa44caaac371d8
82854618f628b04a
9ebfa04555f18624
3ec61d3ad5ee0631
ec4f35849cec1f7c
5723104ebb6aa205
344aac531a64bc42
7e827688e8a39c82
933364a73abaaa3f
b673273afa25c746
98b9ffff2f9f8bdc
9e201c59464bb64b
d935193e00282a1c
f4bbad4b433c9acd
230b55daa47ddb56
401c3db29b9129cd
b3eda833ce12f7be
26ff9a374f1b96e2
bd5c6cc8f95d0a36
6e757ab1c8958dd0
aa9ab0b29fddb1ed
492864c33f11664f
4e064498e68ee438
f2b811cccbafb055
234120a44f951a1a
d4d02e46950f94a9
d826338ddb4c4613
2d9d2ffe8717a8dc
9a45c92c4323d42e
be531b31cb3eebaf
9102e3f86f319dc5
5f96a8bf92e305d0
d205c6c52dfe9707
0313fc498d089950
9e5903f2501d4e4a
d6b3fd63eee35d7f
32e1ad75d184e919
31e0127bb93122bd
558c0f5c54b17ad4
32adf441e9eacde0
ca517cd3205636d4
dc47eff18da8c37f
105b2c13d25911d8
5bfbf48474b01612
ce2dc1c9872b9a1c
25adb14f0046dcd4
b65ca3d3e6c91015
caba53f748bedfd6
a0d0d70c882421be
d5591c6e9fc981db
169948bf16b12aaa
6875eba2ef74517c
703097f3f94d848c
db92af9ab5c7e659
85f9b4dcb9ccbe44
20becb72922f0fea
ac9cf0a4d13ada85
0a70139ead2c2869
03988886197408f9
05345c7593e69e97
ba5f4b7774b4f5d8
e26038426e32b3e6
1f90ccaba95ee89d
1be65350d9014ff6
0f623b5a868bd56e
957adb2f01d5a9d0
a9a93e6c1ffcc7e6
c7b243bcc6d74650
d8b0a2233b2b579a
87aec7246569a97a
52aeb5ad405279fc
7d32a77fd64b696e
9382efabd0f0337b
4b2d6a591772d22f
a1427029cc2c705a
8af991a40b5efbee
cedd14d35ed3e90f
e52021ec4d686ed1
19e1f88ab1792747
d94384c970de3149
d479a2c1925ef723
5daf47ca6af606e4
079d6a3707977264
7bebd01efa3f1820
0326fc260ecc2813
505be8a97f77a236
f83a25bb66e03b04
98283aedede0cf09
dfa0d8ce0c5fb895
82c0ae286ba81408
fb10f9262051ad02
daefc5af8f7bae59
2a077fca70077d5a
3dc66532e296a577
343a9a97fd8aad7f
6a640544d35a0f84
fb7ddddffd3e0720
d07a6c95fad76ee7
44a1561dc6a612a9
5b8ca3b0199ea401
564d6ba51f012167
83f01a42546f76ac
b08adc439d598898
dae4b4d4c4d6f947
4f7e70a53315b198
7c513809ac2953a5
355fe55d31d8a358
b5e2fa48520d68a6
d0126f753a19f799
cf28ffedb7d9d7e3
5de3d0454d372f52
6c4bf884fe223f91
7a1c9b2b44c3ff6d
4556b0ff3ff9be3a
36aeaeae286cdb8e
7918ca13bf945327
8e2a746bd6540c47
df7291d76cdf15d8
78bc6ced8d0e04e5
7ce58bd0237dbbd7
95212c3096a4f61d
b52e22ceba5d0519
d4759d8daf187b92
313ac7cafd6f8315
74f02c9ce023adfd
a144778fa8a6d4e8
e251f41fa3cb6051
b054710a80420df3
86b948ab97dc75b9
dbddd402e1cd9ee8
fa72dd316cfaa5f6
f729acb7a4721e1a
046b89c54e9145d2
85274dae794b00f6
21241f8e4550ddb5
b441381d10797aa4
729052864febd571
0dad6325ec4155bf
4bc42351fe9c28fa
82ab06961b58a703
42bc067f270b7033
4e00fdb0fe4abc5c
8e70423f475b776e
6ac83c352e9dba74
b15a5c1114b95ad0
b97473fd6c6f8198
c919d16c0ef17ff3
b9e7b513b5815cc8
da5c2b0fba21af44
5b34d7ca20249a20
177179469904c9f1
8197202dd7a73782
94509b963aa355e2
703663b058c45b38
827806cd0acdaf3e
480f4ae6b3456143
c6a53e089f92348f
fcc41fa0542e8cc6
67e46234826d3838
d4909d627fc80b07
b57cd8d35dceaccc
abd7571459ae2c54
5b2a8de48305bab4
6c4d8d0ac0c1b563
8aa2db8cd9af76f6
4fabf794380e1a00
84259e3ed803496d
928623e407109301
e9ebe30ba77a6a22
4a8b8321129781ab
41e92100f2801d31
4e6a99d7451604b1
432f487da3722865
8d1517bcf4183d00
b0f2c4bd5737ee61
7064952e188c0b52
1901ee6a9ae4715e
30e29d26dd904042
5fee63ca5ccc6120
4c3037ae793cfc5b
c89bb3f7be03ec2f
ca24cdcbcd3736f8
c14f5b4150ff18ba
4007db615c41b6a5
6b4eefb44c0ad01b
51fc0d314a48560e
28bb9886f30cecf1
b6055f926fff516d
cef06e80105c7cbe
3853330fd13e8552
751c909211b769a4
4cf60480696ae9ed
88e1d5ffdde39d5c
a4ae68bd2c032b79
1c9ff9ef8fc37910
2d065b863c2911e0
ab96c522d5f27534
990aa8c36915a643
130d47b4e5ef0cc5
ce2f00c8dfae99c5
a3b9540d197c0a03
d5208dc143560f27
2b80b4455d7aced4
f8f6de03a900227d
c3f2db4be199f651
8516c7a1b6d75f9f
28f49ff5192ff590
e3fb80edc4ed5881
85d862bcd89959af
cd2027f57c87e5b9
6862c1ce60ff3a28
d8042a3655213bb5
a98c505129478135
e3da1119798e5965
e6267b426a49178d
8f7adb6e432c861e
58805b65e2d3b22e
a9ba838a04af60ac
7cd5c907aa09086d
6ad6a105df04ac1e
2f1b40ae1c07b19c
8eccd5721f083f3d
39ae8319596aaa42
284a3b0dc0c98725
936c293ef4c07a15
40715cd86d27c051
97e2a7e3df58dfdc
52639b9dd8d20caa
042643c583cf7b3b
5cf651a716a7be6c
f3b9f43b322afece
d419463ae3a33228
f55f26205eb40bbc
2cba8f0c7d70d715
9325bc3706cd647d
6e5efa4c305a0784
fe66731253964867
413e85407fe2eb84
b37454fd85db6441
1c38ccfe35e02406
5a37013b5575317e
c15a71fffd41e1cd
349a2ddf7fa88124
72c45872bf623215
29cc3d3d2258937e
b7fb9eff8460542b
ec3892e703188e35
36daa40a41ce427b
5e94615203af3619
4b2b2ddc8e503fe7
bdd60b457feed3e8
6051e3e80befda1e
d7a2c8b20762539f
c78711916b2ac9fc
5effc6a84306b49b
01673fb3610dedd5
f79961ba08aa7501
8edadc530dc41c94
2255ef786e9770a7
67ecce59296228b3
712b02b29a9cbffc
16ed25254a22afe3
040bbe3ab75358ba
402cd3ae739f3aa7
5b8e989fa013c171
3c8abb2c4eca8bb8
c4049f99d1432aca
0bef3e1c421faca6
59e67ab56fdd6038
e16d38cdd5b65136
489a84adcf193e47
f680879804e87290
973d8710562e18ee
4b6f54bffdb24674
f002ab6fe5d45f7b
19f8a2fa847386dd
365f064ae5cdc7f1
a701865ec5731f7d
ce631323be87f901
6d6a5e926faf0658
84af00fcd7293ba5
3d70f87c514a1a40
b834845972786f29
d312e515845a2c30
605c8cea4d0765e2
cdae7834abce36be
ffac48a4001b3df8
7784f4ba977ec7e0
892fed50695a3b66
2923f03af4999530
ff339825d1b269dd
cb0f3f63e7b6e775
6399932f3db74bdc
cbacaecaf52bb769
267063d757bcd743
1e1ca4d5199ed7b1
1c41fb3828256894
6e6b9f1fbdb59a8f
49d05142c6b3a19f
4d98d56ad0a736ed
34afe3219322e2a4
3e09e9bc4941e914
d2da3fa4f0b9fb73
38676b25fe64830a
795f6a918390ab5a
5d0da79844a27306
e5ef285937bfee87
2569736aeddb48ff
b3b91ab4d6267061
6dfbdf62be991c52
22bba0f8efa67738
a1a9486dfa0f1772
067a76c20d085ffa
ecd6de3a8182aefb
37c7fe5bc969f8e4
d9775a77e77a3c25
6d43fb031e0eaadf
59f2ae5a45064b8d
8373ae475f47da13
978e56bab3c86fec
e7f46931eb252130
b3e6215377e23639
9dcc11177aec13e3
baa370c715ad48e2
00ffe6ffb15e8bbf
9c8c24b98a4a22ef
3794d863d49ad41b
4af2a54e389235a8
491e2bbef3678ff4
ac10b78a69884782
c99d16a3cb185863
5aede74ed5fa9e6b
16bdf97d8ce9ac49
ce78be3710559c74
893377a7ee8aee64
c9c9ac1d02ebf64e
d869435b72e4161e
0370728bc73f225a
35980765226cec0c
4d9fa2932933e12e
9ee640d429179cd8
e31f88cc7c718e32
6c7c81ea453f6425
edf696de7a162e4c
e35e81d3833c7d6e
b733ba0d1be72f80
ba408ce305cb9306
e533022e95716d8c
fb79046b00c0258e
f4132f504b9e85c0
d6fab0ee70e4f498
4e78f22de90bb304
f691ee0b3b4b04f4
91f42664f92ccb97
4149dd222146d6f8
5170533fbb83d6e9
412321449aaebd7a
ce6e0eecc095453f
612d0f474208224b
f0bd95a469f17ec1
7ffab1e0c93fd58c
46f3b7aaa258fde6
3a0d6d7230c7fcf6
953ed984a5aede4f
e9fbd10cb2ed6a82
8bf876fd19081144
d4fa25420758682b
0a49fadd3dd327fb
1646843912d7b16b
f2284051bbd864f6
879540d887bd7857
2ea0226623578a36
14b757a58ed8d53a
408450ce3a365648
8e6dcd50a5b4a9a3
d4e023ae4d4b15c6
c9683f10ce352061
20208fecf0633a90
52d4e8e846da4a46
3bd0e2db5dfacd15
8f4d6256271b3c21
81f8fa9d01a097a4
7ca10fb7218eca37
561d0c9e190b9071
e28f4a71c41f7954
a10e663ce82952d8
6c7694534e3bf1a8
ae7f47388e09601b
60a98dfd452df4c0
a32e733031a805c8
1cbaf82c02d3bb16
af96bc7e3f5df009
395a2fb704c3eab5
11bc25e103603272
be06f3c6186be29f
a60ce1e50ea975b9
003853b046a70cb4
08ee909df89f5421
9298d676013c3a1b
c864db74b163eeff
8bf2059b0b98e554
0e09afd590b9d8da
4cedf4830598fcf2
ae2793f906b47184
5c3d14e82b25ace4
d3d455727769b391
67eeae8139578481
7dbc8e89abae194a
be3f8cb478657606
4772af9ffd4a9aa6
86753cc2ac35408f
7e11f1538fa116a8
78bac873102e5286
40e7944164abd059
608689a83c68b9e6
1e77dacd2295eec7
0313c46514ea7a9e
ec9d29cae256e5fb
d0dc49c07896a808
b4f312368e3a699a
6df001bfc52b97a0
a3f50227abfbf9bc
d86054f1c098fe2b
7433e23acc709db2
a7a42259170e771f
a87d9171bfbdaaf4
294e69a403809d14
9565cf6fc905cd6b
60dd03d89f8837cf
c3e2299915a1deb4
421320afcd43e274
7f29591f39a2c659
2109ca7c584e3901
5d0d9388638a9dec
5c738079f858bf42
9916ef75fb8fa826
9ae7dae571bcbcbd
cc11fe49ee872e78
d2c9a159cf983fb1
5f39989bc7587bf5
ae1ea32f7e8a032f
ceea67f13a29ff62
82256fe9bbac74bb
a2e7236c2e3feef9
1466d912f18f690c
894ad852847fe397
6a12ea3f96d48d06
19b1fae3415eb4f9
26206ed92ff988fd
ef95fd948f4f6b6e
aca650341cc2dc1b
ff9ed88cdae48026
488a582cbd1e4306
f4f59d14d452385a
d84b480c4da0aef1
34434fc687e4bf15
d84325d7b090d6c8
8f634a56b9da5820
9736e86bf428cdc6
5caa3ed228f387f1
eb1a0de589ba55ab
57fe842948b6817c
93a901e1fcb2a769
ae65e0dae126cdb7
e34150cba8230b71
ed4832784f4dc777
1dcd5648e2bac9b8
b44c828bed7a2781
76704220366b5b50
257b80c51dd76e02
f09db4513f1f53a1
86528f20a4c64492
1c6423175b000825
9f63f45b6efe9a54
823c9ceb8278b566
2357783dfb045bdb
3be73d05e79ed470
e8901b79c1189f9a
94c43d278f9bd9c1
772a53720cca62c6
c3be02449c9cac8b
f52a79eb7a52dfc6
1a8ad26d2807eeaf
72d16354f4104079
93e5b4017f1b42bb
cfa05ba44c5f9cb4
f2a5e9b1b1795eff
8e8bcdd0ffd9fa44
02b6af92c87f0ebf
879b3316ad237e33
54c10dec51444358
7dbc3cbabaf151cc
d560d170c11e4325
4687624c1b6b1a18
d9a739b9c50c3b9d
0f7cc3157716f1f3
a27b5be03677e873
a97335142b6a2ed5
3813dbf420355a47
0e2968bf90e9b707
b131ea2f11d93ed6
50b861c80def9e0e
00faee5586004f92
e8b20ddaf37b210c
66431815abf95ad6
ac082e682e1c2213
7a11a9847a044762
7c5abd66f03194ba
4f508cbd590e9da5
b7a9f53532bcb8d4
9a45e60f32bbc3d4
293b73fcb216d484
dd7bd3c47792e4d4
70481efcb7c30675
eb991212e4ca4db9
a3de1b640af395a5
81b408b0da20c904
c6e8be2dc758b646
3d3ed4ddb47cdf42
0a8b00fe23a08f41
408a6768b9adb7c4
ef90229d754d63d5
0350bf6322264efc
300a0af1d34f222f
2cccb703c9714a1a
7f11dcbe3744b349
76a1ad099fb7ea24
61b4551f97e6b6af
093be33a3ae4b7b4
ab016adb8086a6a8
7ecb4d99badf0b04
3dd32e6c85de1e94
95c99a2c87b141d8
3187ab251cb16f0b
855f26e6d200d12f
32d06491cd26f19b
feda9a3128fc8feb
38e735a8e65a5cb3
01a5a78055ce0d45
c827d09a507f5d4f
e710c87b7f132277
38d5d7c770ec7498
bab6f908bb0c0bea
c59d42e654745798
66bd52cd7047abbb
32d27c156a7929a8
2e18f41d67a4446b
4dcdd36b104eadc5
5852c989e9f93508
7d69c2bf8746b1b1
abf3ac6a6c670805
1074c7a0c07b98fd
4fdb6fac7d97b70f
10c7fc9eeaf4e794
f3ca66296cbe96da
91369c1e675574e0
5735900ae36dbcfe
7dafd67e29d46201
31c4c63007273c57
2b26a4dcbc99833f
1854551cf4366120
85686774144972ba
b13fc5cb49ae3804
b785fbf0be9398b8
d8a146bf59f8bef3
97967c2d55ac4726
b6b307e2fc8eafe3
faf651516ff98efa
473a7fadc7fda2c2
9faeb8eb0bde2215
f85f419cbe7787ca
bb5c03ca23d3bf5b
331a50329b4a3ef6
fd062f90e73d6810
aa346a6772ffe82f
f9ceec08cf6be426
70b0c3319006abd7
7361efcf945b71fc
d4f606ee02d577f7
393c3bd9bd8690b8
55b852632ae2edb6
df7628651a7fe381
5c0092e22ebf4ecc
784718aba116140f
84560231d2cdb0e9
7449818bc434d6f1
399654d424a62947
f1f79191ba61b8ef
433d7f48391bdafd
6973e74d8767bd31
e03b5a84d6ee6a7d
f56826cc49697f67
b7817b0d7eb809c2
507e2eeb42d97fc6
a98bb88e37b8aa6a
7bcc4571e66fa1e3
ebd5f74f80262d82
d50cc2d7de723930
25e2442b6c280073
fe931cbbea84a560
0f261b926c5e9b72
bed9854f6b2da94c
1c319af817d2c06a
0bcc6bcd9861bfd6
38a0dc70cef8282c
59edf67fe0c0361f
d1dbdabd6bd22b05
8526bd5fb6d8d49d
e64e9a485c4bc8ca
d506c66a5c6f5923
0016e71042e849ec
2b3cdc190aaefa8b
f68413b68e408ea9
be12b628c7fdf55c
eda90ddb301ecb23
623b0e3a2d69877d
1c28487d0ec7a600
df892b980be6e935
ba7191f4cf793e38
fcf293546aca28ee
0528e3d6f80c7011
c26ed6371f6525ea
5dc801cd44ec4f43
8416a8a1690667c4
b21d4cf2cc1231d3
31b57a6cac3ab070
dfea29d827237479
81645d1be61a6c92
b4c4c0a646a1e3bf
25c6530630385f99
c1118ad724f25f29
65903f6d9e49aac1
8f94725083404dfe
ceb2ab247d18a3bd
de0c4e291f7d6a71
651fd7ebf2d54df5
7a3cdf2247bc48ac
2263a2fb96248555
0f43ec6bc2450f15
cf24f8df74d732ea
c9613c224002e95c
63a24aace76ad0af
af67c0fbd3e8a683
c902e01a68c0c2c1
0490844dbaa79b59
d96079f4a6fd2934
bd973a0df68349a0
7acf40780e03fe2b
9feaf382620ad164
838628f4f39c5b1b
a28f61113bd8fdc2
7c4b4e09e4ca4174
3055296234737455
aa5b5eacda790d42
f5a8408bde05b1c0
97b2f854af0a3cfd
a8c668e804826e9a
1aef1741a0a5b846
ff3c9aa286eab272
a6d93766e5abec80
7d848445ca52583b
0732f9027503453a
73795ada263b0bc2
1496adb986b831eb
7b548bf46e6f78c8
53cba4ef1b9e66b0
f51c5dac5692ff63
aa0f90fc149fbc9e
9358990786f8c753
3ac66499f01c245c
f0e41e564c3b12df
c3ce8ac15e9fd0f1
1b3f683c891e17db
6875f9fb0b7fdc26
5b8135a63af17ead
dc02881715e3f155
8174f14d14256159
2d81517765d09a4f
4203ad44a0d86be7
86fefdea9c42d0c1
3fd6b052c673c7bd
2cf03294b67a2834
569cbe0f828502ca
a0c543815014d5f1
4c4ded603c126d8e
199d638bd748b955
b65ecd9774e31c15
720b55ffd2d8fd10
6af376b051e9a6b4
08593eb993c6d100
8ad8a100c337ace9
58796742556cfe5d
eb596fa5de08b7b9
fea9109bfb20b270
e60bde314bec9571
19d90110864fbad8
ad1360ce0c67e362
eca96539f41188d6
de4d4a2b15fba1a5
4820b3bc66101fbf
f1329571e5dde5cb
be7f085c477c81bd
9108fbada83b306c
3ae9aeedefd3143a
760a76d5d46e3213
8e8796b94ded883b
7e32a569792085f5
d27ce4120de5f1be
9a3ac0f6eb305947
17aece2764e1c99e
41edc5e7b084665d
37d027e1dad41690
e49e601adf866c63
55acf74cb2082238
7e9fb066009e11bb
4fac5fda6b81f3a0
e20f1c41e6a2d7a5
ee22473199260a8b
3064a9dfb2b531e5
a850478e55b805da
5d7efa8326fc1e8b
a324b9e3e58b23bf
aefb1229139c9b6e
79dfe0e619c32985
c84b6d8377d94407
0f0ec0e6690e6c79
4798830176409588
88b53e5524a2f0a2
62dc7c008ed4b3b3
94e3e8c7071fba13
e5b6088a8bce9ae3
3be99fa5e4d9f285
95193f61f81b4030
9d169e5b40803ed6
632558e7c6f8d74e
9e83db67e91cdff4
d0b9a17f294aaecc
b2af349f50a3874d
529b0e9edbad3adf
aa232da5fe3317ae
961d875ab65fba42
b12c4fa95a9abf7f
2bfa17b526352108
855de1328e976674
de0743305901608d
f26a90f1d8f70907
d3d89c1d760aa2c8
127951e69a80f42a
169744e8507342f7
497f452cebab913d
0946d19e581edf5e
bd90c49e9b3d214f
a9329aff3702c088
f8b5bab21b2285f1
fdbb04a5de6c5cb5
2c83d1b954dc83c4
2e416a2f17711d73
62dda2dcbe837692
51489e53203e3cb6
415a9a72b2002445
b4e6d032e25f5b11
e56ab151db48f207
505380668d9c3a82
d8bb882e92af8e22
fefeaa806cb0c98e
0386d2fbff47803b
1da8450782d38453
aa006ef19226c48f
b0fa92c77c383112
4e8a4b449eea315d
897d619fe43aa6fe
18c9648eb77a39c6
2c4012f989d2f51e
38eddbfd5ebbecc8
a60fdb334b362c02
a2c5b0cd252234a7
dc92877593a2d5b7
40c6651e7a89d426
75a0e08d597f4211
e5a000c6b3f8eec2
a1f095e2fc6d20f4
5439c642ad26fc92
1674394629b1f0eb
183c0306c5e6c8e4
413f04900ac3ee2d
636725e6f7ed9da3
6945fd4b495d79f2
40bf2678184a262e
650e7f6d8155d498
ad4d263e2a90df75
dd36d369f675068f
8f7e76a4c65d2b62
962cd768caff64f7
28774f07abec9ddf
71d525611c39e528
5430fb5a66d42913
e11380c5f48697e8
604eab7a101d46f2
ce67313b901518b0
3e43472dc633937c
7c0793929d42b049
3081267b8bfe7d10
0a866f9ce31d4767
e3b4c9986d1b4f12
3c206988ead199c3
43f78dde3c8b8b9c
3aca131f585b4692
631464e36534fce3
003749126f974599
a8f38d6b1f640686
c1d2a5f4a50594d8
7e69a90ed1f1c8eb
ee26228009fffe50
267fac82dfe474d7
30623680fe9c119d
e92367d68034c158
d19b319b615e0e3d
02fab91c8bbb850b
9c44ec281a8eb48a
17ffaacb39184e7a
aafabcdddfa57cbe
9f829d9d2a667e8d
66b08943017d5e80
1343fdee1fefce05
07e73928923bf9da
c5248dffd70c0beb
d1496af4f5745eb5
3267c0225003379c
c743f2fa1e2fb370
c6240f08d4eb61be
492ecf1775399237
c6c0f237a28eac84
05f520ee3971ef56
f6e23eadae992f18
53b7f11bae1200ae
a7e628c727a8dd81
c5af206204acac6a
4555bdfc1bc23af5
b251fb9a41db9ebf
1b2a70440a6c2d25
34e6f8ec597fa002
27f43772d411eec1
19af9fba53705ea1
b76d223317108ca6
49e22db02608b0e5
146e15e7e32a6ffd
4c38c65a26f94f45
715a7d0d5d7400bf
ac6e32dfcfce6032
58b57ab1262d04de
0cfa446ca623c185
cd6c4be1dea9afb5
54d3cedab1b6308c
e9a6dde2eaf1e4fe
3b7248a400a1d015
c3f10d5412ca9a55
c14b102ec114ce7f
afa0043879d98893
c63bb1fa507bb78b
287921ac16df3043
c5fdbfba61c89680
c87f1bf3683d55c9
fc713fd9a1280476
fb03660ef3506c9a
565daa8d4974496b
0d5f3a01d75f7b98
c1b5b06404ae75f3
2d833dc2dc9ca3fa
6a6b5451c0e31c35
a46f840c89b50106
53c77e2b0df8aae5
596f992b96f536d1
fe58186a99c0661d
90b2537a0bb7c1b5
bd6a58d8cd64132c
7408ff3b133586e9
d26534b0921d1c10
b98aa4a1f9e468c1
3182f71f1b6c7071
a714a752c6fff921
222dcc34efefce0a
d136676241eea431
3b09453b39cc4069
bf4e478ed0c2df32
4ddb1b0cab3d1cf1
59a935deca5fdb37
74a9a1aeed10d09a
acf9960cf91d30cc
453c3b0ddb5c4f88
0e8199a0850b25a4
9979778473de3fcb
b67440ee2c3a4877
3e81b5b26466caa9
73703f0240ce67ea
3d8e78c0c8218bad
a76c3d7c83e5034f
3afbd20370a353d8
5967db79be02f7b0
c4689ef408bd2a04
176ed280ded065cb
a94446491d8d0a51
c9674460fdec6c0c
ccbe788e035abb17
d7c668233e2495bf
49b01796b0ce076a
bcc21942a7734356
f44480db2c6977b0
85abd275ecb7c611
b247a2625f9c3a36
b177b36df930de41
0666f3e5cb2b593c
989329e5f96ba80d
9e6778262d828eba
8d9d10989153a3f6
e578c9009fdbdd12
80ca49fed61e434b
b56d6c56fbc87ccf
1d56c9a1f734bbea
2663290b54d1db0f
9fd290b0390396b2
8b4ae969e82650ee
55de57fb75738678
273214ccbe52d5f2
9d0e696165e86359
aaef67cd869cb73e
1219723a3aa0b0c5
520589d958478170
78e63005046a3f3c
752ccab7ef49e835
9794d5f47904a98f
b05c59f8e9147cf7
d1bb48692b81886b
04924087d0e4811e
3773dfd90f5016b1
f3d745aaf2c1502e
b2d9711da4ca34d2
408ef6a4321f6aec
511fc1363cd8734f
2270495b17841eea
e08fd8c70a326d6f
33608fd910061a72
5872e7a5d9b294ff
7b02d4ba2327db0b
c0585800fa463900
ff86554e0237e8d4
c432caa6c86acedf
35fec38b2756811f
95b79dd4bb7da263
87d05bb3d4e927b5
37a005165d69474e
f341d6974ddf6075
cc36964d4a97f2b4
a2fa6b94621424ff
0a86b57670398bfa
eeb52ae39d768913
b9a285672bcb578e
6a9c7dacf3c82a06
3037a56e2a5dc0cc
fd8585d67c850bcb
a5d5419f1e26fbb0
844cbc1775adc5f1
bfec3ae37e9ee838
0ab8d4b862d37fa2
234269ad922e0613
21bda7827ca73423
f8a9a8dda5dda8ac
eadc2e43311437d6
bc378c90b7f05e7b
55b48afb7445cd81
e23679b1d07aa5e4
fcda959de2cb7c3e
06cc327fb4f1e806
157e83b51ae51364
ea31723f83fa09db
aefadbfcdffe053a
68e8771e8e56e312
c0573d2879656784
053c0ac492712a97
2819e2a2f8325d20
434aef08eb8c7403
4c56698125e131b4
359a0c792a56d035
8c91f836e1726df3
f1522851b9681f6d
fd8bd9e0e23816bd
a3ea52e8c206f902
f99c01ec2b185a3c
f9141aff4e6d7d07
72dc1f7f54a8510d
b88dd850d6c8f97b
d54a3a38d4136ac4
197ce2669816b576
5b889f946789ce42
a0e671af0595349b
07621fe27ebb5572
f1ca21fde7fcbe58
1f4e40a08adc8105
64cf80d9644a44df
61a72a7461b74dfe
046129d85455b9e3
5d4efd854699ca0b
0babca11cf9b2167
d5b892a81e642d7e
727e6b2c90ed61a8
e700bcca13ff420e
fc086e7f6657a597
6bf0481827095db0
11298604ac8fc521
9a8c12a08de18afd
0dbcecb04374abbf
56b69c42b2e4cfe1
5c3ff2d428df0813
b0ff711ff41236b7
d0e67f5369688753
54e95965b1e7df8c
4a5bb27aaf5a1eda
c825c9d4a83067b1
f6b103164c310fc3
e2eedd3d8db2976e
75d13546f82700f4
2c9c167fdea3b2c1
7cb687cfffbb987d
2eea1044ecdd87e1
0c8a6a047494a846
37d2df0811295e89
045bb10e0382583d
a7ce9a1c3d5e5d81
c1c7177dcd2e57d1
f3f0fa47f41a90f6
8ff592fb7c1c1e18
84215d48b3907947
85296d569996ed59
13286776c2f79c8a
76240c1fb82e92d5
44c1939351db8b84
58ffc7e5dc3d5bec
0fac1d2ef84e013e
32fd7ca3c8db747a
73a0783ab8ca423e
e31d38231d499799
999a6812154b2102
2d0ce2468f3734ee
6411f73b88983c30
1147c48702d58ca0
83815e8478b32672
8ffbb5e787566077
c4c164a0f250c641
7c51a4bd870f3a83
98fae056aa4b5c6a
2a628258cafa9491
7574af05e425b05f
69791b2dbb557fa5
9c60fc09cc051840
57fa595890140824
8055be53779ec167
92a445713f1703bb
4653019113a6cbfb
5f2172c7eb9a7ab3
058fff52a9fcbd9d
14c819a759296910
05344da9f0be8233
c5131b66c28aea52
197f10a2e10feffe
9481a2fed7e386fb
9f39a1ef34a4243f
80d6eae77a05990c
997e98ac7b5e2bf6
cd42ff8280953675
8fbb746751350564
a0cdf78bd28cfe4d
eb5e753e18674991
ab238f7b1292dcd3
5f4d317cf6c8a09a
fa163a51e89896d9
a16099075f30e178
da86b57cc992d623
b9c0c0339cb77aa3
350232101b86eb07
7d031d6d03e63cf7
f9193334b2cef869
5134ab0bf478c9c6
5806fee2d4124f1a
273e6a4e16e5e902
f4bbb31c7e051102
3d44bdf9aca441b1
3df4d795c7aaabbf
3835aa410cc07ded
19c3fc6be75b87f0
ebaed8bb71176e2f
a404c4f92ec30edd
2bbfea31e1e78f76
376373d377e40ee2
cf0236148bed79a3
6a51baf05b53d2a1
5312740a1d230a56
e207efac0c52af7c
a9235f7923a866a5
2080e6b4e321d17d
48356087f15f1b20
affad33edfc6b51b
6387917fe9682902
bdb81cfb734a98aa
a063f01cba119289
842377389809ad2a
a60628165587a198
50d8a5992bbf44aa
c30db1901b2b269e
b78c4aeeb30de994
1e1e28f5aa473af8
5ba02d1a70ef88d8
d4e98d550fb4449d
d9136372f323e8f2
67555cb542b07037
878f56be002c183f
7bdb3f6d872ce4e8
768749adc1e04c65
15a9e7e752cabb8a
4bc70aea3b25997f
d2de0a7433d99a04
7b3429cd398ecc4f
49fb57c86677da16
15bcf176540bce91
3dacb98d0cc0d554
752c9ad0d32f0daa
247c6901313d0a4b
db01980b1e5d5c19
f0aa539406b4aff2
9a8f9ea368c6018e
eaac166c22055e04
401fa2167d0dd404
7801a233ec585fba
0eb1965aabafb65c
50b344b4dec1a085
fa4d391f9ee4ccc6
729d3f23d717f8af
88395d074f7ee8c5
40f8dc679ba6a60f
350a42cd6b3cf55f
e706ae16db2122f2
3b340e5931e0e114
1d003a94a80971e5
9fd222f52903f3f5
f416f780d68884a6
49cf583cbee6119a
415403d151035012
b9b33c0f7933ee04
d16f65ae62295305
8a2e08f753e5dab7
926a688b110a17db
9976f3ae0b032f10
872b1c5b306154dd
59b80580a9b38b7c
69cb85a38b69af7d
0c32b25b3c188c5b
aad2b95b16550f90
dfb44c5ff1d24f74
e33bfcfd38170b68
c5c7849fe32014b1
c6417a043eabb7b8
246d47fc38bad2e7
7b5f03cb9f85c0f7
d082a36ad5cf07d9
f2a851871fbc794f
efead3b8d1b4533a
9513fc63f439e431
f1073f7e2972899e
6ea30361c01b73ed
50b25659f27a9ca2
79225fedf6b61145
208dcf578fe6335d
8f5c0e6458cbcfd0
01cd808f366d5940
20cdc8b88d87ad84
f38bfa7e77187d15
abd6556f438e85fe
55777a42c71dcc88
6e554b654a9b322f
085bcd9b41ce7c50
6289bb109d05ae22
25eca5e66738af56
0fb22407797d8e11
cb7ef55cab64a609
501c63a29a64fb5b
b0b2e63090937ebc
cbbab8a37cb60db9
1ffb9b8cbdaaaecf
11d3a2d7439e3cd8
cdefd38e44945eef
37ef9f8e4dbc5b46
f1575bc8e782b199
e96771d84d8a9848
0c163d169b9f5fd0
6fedae831016b043
55c19b7fc1292440
be6c32aa61de297c
364302cd2e1fa740
e3cd5505d676a397
55a27b7827f48589
3e5abd0daede2868
9040fc4d6f0ec18b
f9eb9d489feff326
c6aff0f9e13c4d0b
0477eea5445cbc5c
79e35014434969df
bffcd96e980a9f18
04567faff4327941
ba6c50aa62d689d0
dc9c2acb33ada2b0
95a4684ce83c9dc9
9f167bc279312fde
fefc27ac390dc409
26fc1b0de088476e
94dd731785974293
ec9ba190d8837e13
06bd5a3c518ddf12
e6c575832e8444f5
d4e422c76c6176ec
daf4ea5e563b118e
b79558a27b5e6762
9c4a04f265b77b37
79f45f69c0532240
f7606b0dbfab8cfd
78b3cafdd895ccdb
ef0c22715ee2d770
d5fe71bc022135aa
83bd657919e3ed14
62ac78ed96290d53
a23232eb88eb60c6
e309bf95fbfa629b
c04d776de6972187
5ce790ea4851f3db
411f0a48aa3042a0
999a14a7a4de6372
90cd44945b95f851
6812ba3f602c8bdc
9c8359ce15f45f72
1ac752721a77d17c
16309106e8c325dc
f420e0ac4f9b74ea
eb5e203f265f8d45
ef7eeea6742ccc18
6feb59cd1dffbda4
d47d69babe163809
4c9e40e3fa09f931
250641d777d8c901
ce2013a19e10a7dd
8f020cb70b20d412
9dca51a04c149234
2ffdc05d09e18b59
7350c3718910dddb
fe20d791eaa587c4
1722d57c6547f133
3d4b35b4649d9c34
d808b26d363bacad
f10b8492313cc6a8
9c886669154aea86
7607254beb95d1a3
cc4f440f4137f186
2519203e548c2f9b
92bf0c1ef13f9ce1
0be6a20d21503d30
7a6a9359d36d5653
5d6ae0b86f304f61
12b4ec602f252806
8c8d1d2e1292ece6
97c9144adf749631
951bf96da61fc936
e56d751c209d0db1
76eb626365a388ed
976319ec10cfd7fa
8e68e54df83a74e9
2bef50dd9cf7d2c1
267e35f588374b2c
bb3cb554afbccdf8
3c98094365c52c2a
152c3a10e8c0d87e
3012e78219cf1e45
2d0ecbeff65d6034
8cd3c4c19062cf1f
31398b8c64eb11e7
e616ade362c75718
23ea44ac91fb061f
6ff62ffac751d391
354c7ae0fb8d550e
d7e99d546e432515
ba884e846bced3f0
a3b2f047b3d04cda
b1893c98568c6278
e99828e431cd0131
ed8463462beb5404
b0bd89ffd341f1ef
c2a8d1ada641dc00
f1dc28c0db23c94f
5e807ab727a366d4
84a3a71ab411e0f3
c1c92c12c3317488
416aef5fddd96b3d
b66c06abeb07b310
ddab336cd1073565
767186cdf3148b31
6525b799bf2de6c1
b1a258e60cdb443d
3d70e632033eedae
8949e7274413d269
c57a9c7d4fe0c6ca
8f8a92cf91ae762b
2c1d35bdeb7e1ec4
fe9d61aa18974d75
5c89f0749ea70a71
f751c3afb6ebf153
a6c568ef1c97116d
d415efd7b4dc9273
f4bc83c6ebe0ac2e
3acaf669b727d14b
f8b06fb96a83b004
fa68345bc8d05dd4
ffdf8b46390da7dc
3375f556d3245a21
e78d4538a7bc8377
137f19a8cf4b5ffb
634db96c2c7be5c4
064ce5ded9872dfc
a1ba95dc8d32217b
e7f6ffb43eb5b603
b69971879f33d688
ad82498937b43500
5be8e025862049bd
550028f6cd50553d
668fae26e6b64ea5
7df5b45fee47cd99
fe5f50501782fbaf
73f3aaf2f47f9896
e8559843cc21a9f6
689682f05bfd9a74
6ed77e4f80119b7b
59de6c454885d70f
ef2dd42ece0150b0
1bdf7445a3ebb297
23e592cc2a4f9543
0598e0356ed4d2ca
e1f02608e6e36d58
9ac176f1efd02c1d
4cb4cf4a05f33429
1ef7e90217ed2f2b
dc079ab059c591e2
6c31bcbf25bff698
f40ac9eb98ae701d
cff1a4399c5bfa66
cfc80230c7610275
6388ccd25a922096
5375b4220097c50b
b9787e6c2516e4a0
888e25e1eaf9ec33
ba135ac691d6f56e
b27230ff3adc32b0
070003386b9ab8fa
dd63e9da43528734
e8f7410fe3e484b2
6e1a96ca67fe35d6
b805b39d3dc47445
d5a588113e82fa83
eda27bbb3fba22de
18d95f74ec606142
a2a90190d185ad48
c345ff234c3dad2b
457e5d2b51a1af8c
a07e5740d885a2c9
c421fbb619b7a94e
025b359891deba68
9de7c332ccc36b6a
d74237b603f4c727
bc75ad7b00e5b258
f2828431cf57c5f3
3ada90d3a655e0f6
57f4a34236f558a4
e9d6e2edcc7c61ad
a145accb70fb210a
9bb1f033192cb5ce
a2e256365580ff89
d5c3ceb9e96441b4
7e2b600676a5c1e7
e2c96dcb21d2a7c8
5aaa762c79f7321c
f25d8b3ebd0f7f22
93f1affdea1cdd7f
fa9f185e35d9bfd8
893e7c99a39c1f53
1958f278cae293c6
a9bef91166f8312b
81fc3c82558ff8e5
72270d64095f17f2
8ed10d99cef2223a
0917d4454a6aea5a
d8f2e13f0cb5c41a
3fd6412b96f98629
6e9fcf1ca37cc7c2
d8d166cc9626f15b
fbb348a11cfb98eb
a4bab83325e4a986
3765c50b8e49b114
c1a583dfc71ad8ea
8fc672eef19f7852
fd2d650f46e0471b
66f945d87621f9e2
bd0007a7731b5a0f
6388bf3bf11cc054
6cde45e43fadbe72
61954f71eb359bbc
12be4ad93077835d
5e15eb592780735e
17851b360c2c4d61
9ef7519e5d1ea587
7b057f634f14f61f
67534cafb0aac1cd
699808c9169bf23a
28d0d37a7051be73
767fcb994d7be74d
443d99cfb7b11c9a
1a42d0b383925fb7
5780ba22be6bebe0
acdd043e098c7ac1
3cb2eff13a4208f7
273e00915f7c1aa8
78b2e60eb5c4b9c0
a0297fda78e73461
ccdee47bd0d4cd67
4d16caa03a1e042d
2b185e5db6ced3dd
2f66da6a357ba17d
12b48c3af8359cf8
6d195df1f47fe3ad
ec301e4e5d62152f
e80fe85e9312ba20
f095e995a807b196
2be5ea1d7e7c5a18
7ea876f9e82c054b
6be40eca8527e076
bcb448756b934596
a19a3e0f733b8626
26c3a5bec2185204
fa474cc9bf4ab549
8b0c652e5a9b3581
38a9dfe0ec0cea78
7976473bb272a487
06e67554259f4d51
9944c5a337e8b8cd
2003c6bdbe8e2e0e
deb6d12efcbcfec9
ebf2518bbc5e8443
3c9fc194ed979f22
8259c482ffeb8c79
e053c2afcf158dff
77404dad5bee045c
5e094f383da915f4
86945c9c9e7caf82
6d6d3e3f40815e47
860a4c87bdc9b171
b24a61ad297511df
107d1bed97fcb017
25e178ebf746795a
26e34f57a9258e95
7c14286e82b793e1
efed9b030eefa8e7
9cfb3c793e6cacd3
903d7ee32774bf0c
60603a4e1ee3d153
a7c2c398e2c7d355
51a6038e32d99a5e
e0610fbdbb9919a8
e0446e0dcec8716b
e8cdf2803638529b
ec293dfa60337ae7
dfcc9fd8d71fbb1e
e9d46c4e3cf0065b
3c91cc1ed99a9bfc
e6364e0adcf656f5
c05f0866220a00a9
4398f2eb6c6e71f6
133ad6c8a504dad3
1c6da68caa9ed997
afc38736dfb46481
125ebdd10853ba17
39feedf3a28bc992
309361ea2fa7544e
57d6d36fb66ffc16
d977005999e291cc
c8183a85aaa72c7d
da694c430f527011
8738c447da477888
7c4507404c98d511
39ae32d2cd1c82f2
5447db0d72ac6a3c
45873be1b1cef0af
5b050816258b6671
c30b662af6a52c97
98aa968467e91222
435df5c715471a23
fa09b08718bdd599
911ff85fea2f92a2
62fdc3badffa59fa
b18d85dc6651d3ea
fa85f2f03e5c2163
3d289352bf5de574
ce0c098e2647d438
6c0b4057433451a5
313d16859d2d2de8
546d54239a02e842
bcd297e2a04dbb5c
843168b03677347d
be07951e02129827
914f11e14bb4fade
7aed10b7ad3616e9
de57411127d605df
2c723007114c0c84
da663e2f7ebb0536
5864fa3689a0670b
8228f0723880f665
cbd7ad8f6776b2c3
c6766815a0cbc140
656fd5366074134b
067087162c44cf3f
270a24b68fef2fa3
8251ef8f74a80c90
20f8bffaa49596f7
22fc7d1a2d091612
1796c02b85a8c56f
1fe6f19b50f1c62d
16437df48c8a6f00
be74c207046d1332
9984d6a6322477e7
c7e8aa8509a06ff2
5402b3709bc1a922
27a76ed2110da86c
8f01b3058c62aad1
c9010686713f1881
4f20cb914b36527e
aa6b429d1af5f592
adc7cb9587893e42
8ddd047ccb0c10d3
08ac40605ee7eeed
98c000504ba5666c
a1eb18a6aafdcaa6
bab64737d7867165
89812caa7d7c1822
035be1012487423d
ef8cc291f245d4eb
d1db35b659032858
6a00d3b061e30f54
a511c477a5ffd78d
199065941652a920
74343aac07cb5dec
80fa9a0dc6c90c20
f333920baa7745c2
9263fa733d908299
2c581b0840664162
0f14a410bf73d886
4da93bec640f5aac
9b56affc2a945a01
361c05a94170e018
76237aa75319d07d
5acedc8d74bc062f
dd3a96d0ae71fd96
b529fd661d2d0b0f
764a85d614f0d24c
7413a80f361e256d
ba6593327a28ccd7
3f39f513f9ee6437
a2b5ca551f22fdc9
3190ab957530e1ef
4fda307d19f4a8f1
7922791268e83f49
c2cfea9b0bf3d8e0
d8697e74eb7a1429
379d9e34bde112cc
c731db678681d629
ea783fae9b503601
3cdc25a7b0916b2c
0af689ee50c3990f
3169d3c363580ed6
9270437b75949c23
74f33d03fef42351
aa33654851c9de06
5dfa4105b549880e
c91fba7fa1a1668b
fe1dc2549559b1c1
391f429e68648224
656e1ecf603e4880
b0fb9c4cd2b68323
2a0a674903220fb4
41b671f6183650de
31cd769a35149bca
84f00c5eb1d69125
73b6c31bb5e149c3
d39eefd232386df3
f43fc262af459fd1
2befaeeec158dff4
57f9f4ab981f40a3
928b286ef66c1c26
2f5e9edee939b865
aaaf213b59dbf0bb
b146a695dac5b315
93ba2a650a239e5f
4d117ae9e4aa5484
e3fc44d16e6eeedf
8aefe619af37b024
9fb878d494cfa641
919c603c504ac947
89cede0e563865d2
0ee44be152ffb297
8959e2d75d33e03e
179089b161007cd2
952391c77518d64f
e1bd7af9266f027e
d67b2bf50d97dd19
1c829c891932a002
538680ffa41f8f14
419ac7a98db0d96e
81e998af0bdca634
ae781708dc86508b
1f87296e9f5e33cf
af6bf0d748b3c0e5
e9efe4c0c4e2e005
b72f2df9e420d027
0f4fba1b8dc1266f
53e8e33b54ef8b1e
547228b05b184be1
80f278e643a92c30
71bafd921a9fa5ca
d5e139604807cc9d
f727300b2db54ff7
d988b3a519a108d4
10f350dbd0e7d989
825e0003076bd3f4
79c742972fa74396
b7cb478368532b47
389350b897f3c346
e84885bfcffeab58
941c1dfa352b5436
e4c3ed65995be911
71ad9f022b149f49
f533267b4df829fa
f58cbdf5db3ecd31
6858d6362d49e560
19d953aee3caaa44
c4fad4b451dd3320
dfc3c8f9ffd80b1a
2c8bae54ccf2b148
03a3e4c2aeb3520b
24fd64670952b9fb
523185307e10922c
7e0ffe030858356c
6205634d908f4445
9a26b8d3dbb14982
a0649d6c4972bda6
3a4847a3dbf26969
cb663cecbc7b88c5
b0b07f21ec41af90
631d5d03e1315a41
220f3185a22374d8
49558df3f08a9565
a293d0bf15c1d46a
282b1da3d997c88b
27821d0ed01c5caf
7a95a424d1dc4f24
97d7e9499750ca38
5e9114e1529eaf94
843588e6b88a436c
fa46cb55be750c2d
29f632fa3648cd80
247c900a8d0d268a
3da0404a4dcab38f
de096b8fbe660b97
7061044b5b672636
406e0866b79014ab
3edbc81e68af7ea7
ca0bcf0a96dcd5e8
4e7c31bc64d1c73c
5489b9ef5bfb765c
1db8e6ba7174f455
ec5eee0f3a6c2a23
0773c150af1edb38
4cee4169ecc9c45e
d1e87e84c9fd258e
7687972d9739710e
5df843a1418a448d
00836fd3d4a732f9
ee8df958b752e9ae
78991aea31a3d162
c1c6d88e3ef471ed
4bd83b276270ab43
df3cfac96454704b
1260033a71559c42
92e557fb306e9476
95071b5fbfc82d84
b00615478fdf988b
a21c806af0c101e3
6a1c2e476fa57527
ef6f950516827f89
bc0057927d79dd72
7e57cbd8622e0877
69fd741185652f98
84b8aa77e0199ccf
348c3abfb9b5f6dd
b4e5ce60e7e38079
4b075721677817f2
5f46ab8cc8d10b91
49348f044a0409ef
80752d25d3a86e3d
b8f392b6df3671e8
a7965c786c0d190f
587af2b465259d71
5a3874a33f00e8d9
4353dbd644e15ef2
e9666c612f46b5ca
1f7ab77cb49d8466
9881b631f54e1717
050a48c393592a65
2411e4e3ab5f72f8
9bd1234dbef63a2e
df440bd413c3018f
311fec3a9002dd2c
b036f8d47053e9be
072f9a529bbde982
22bb767740319b52
493214a338c6b395
d6153fece2d45ed8
e84180f7068aa5c6
e65109b5a645cfd9
c25b87725a03d71a
33c32b2435f54f68
d9e33549cbbc8657
90dd28f717afb7a1
fb76af6241113a34
5cdd0c0483b3325b
4f0aa30b942b05a6
f2685fafe1eb9864
d816102bd494a8f3
2cc31644706d5101
c1171977dc566bdd
74fe0efc1eb5d503
8a1e253fafc768fd
d0bf5c14410350b4
994e49394bbf196e
e57cb5919e0531b9
d71f0079c4e4a696
53a064b0baad61be
321517d0ba5b5a02
4527cd2867281d31
2a707d3458cc9bc8
0271793461981e31
a26c0f8b40b451bc
9b45f774c24750c3
bc95c97d66e04772
6ede5bb13c56d492
424168ee3f4b6fb0
3ef27d976bd2b6a0
fae7d92914b3277d
527d6c73d137de2f
28a0fdc853bc7219
63206916139b3b4f
24b6e505fdf0774e
488a959a35d45d50
22daa680d5aa0c0c
7773dea795e2bfc0
48515712480e770b
03ed71ccfe23168d
17d72eca7740d0ee
e026ba60d6275428
823d380655a29ce6
6dea714584999577
7defc54cacc41942
86892fb0b56d2b38
af0791695d11dd6b
49e8885d43ba85bf
a8c786b03f0d6911
9ae4254ce8db6826
d610b45c1524461a
1013a3157205f6c6
26063b0c55eff5bf
a60bf5646f8abb18
743b7c63e9322c7b
f5e784702c5ba7bb
d6267aa6470f34b9
8983b3d881e9c23f
88f7561f3b9cd792
2def0418f666fec8
15b7e58568a423a0
913bc9bfd99c6949
ed24da8ad87a8c9d
7c78d58eb3d2bd98
51c54dd9f6ff15cb
2a466d628e9e4e9e
2b5b1c0d2b8dd3a8
5c0553f0d741b8e3
4b33507852c38996
09dd6f5150d56a98
6edae6969a8bc225
09cc0a57fd3e381c
26552de1e797a406
589051002ca85822
fe4ff6cb36d73009
9e2f2209c93de833
6b7f11c5618e2309
7dfc703eddfcbce7
8e91f8c108a1e76d
f830ce6ebdcdbfc6
d2582152fbf9b1a2
ff184427fde97926
873ac80067067da8
1cf6b8dccaed6f3b
c0ec6e98742d3320
2c2fbd9145745d80
062e5e05e8383420
5fd296cddc236ec2
52f9740db51764c8
fabe17a2f7a9a1a0
4e3b5b4fd41ba2d9
28b41ce9b0ff0ad3
a89310ef6f3364bd
5166a0d572c7161a
0b474fc198a751b6
b72b490d94c63559
285fe13fc8bb7687
384ee721b9bc6576
a10e77722a2cfae4
f6fabf88fcebc410
047874a0d1963903
289caa3edfee316a
3798a7b406e846b2
b1b0e5b65511c7e0
f339ce47497d4f4a
de2014a3737cd352
0da962718fa75db0
72cf5aca60e6b00e
e39a40e3df0086c0
dd054a84db99e3d4
89efcf18ae143718
77e6eb2d29087cd7
7b38eff3c4d40775
9e854cb0178ad863
0a1d6ce1dcc9fa96
2bf98f607c9221a7
def245caa36e1238
1d6251ccd757b26f
f5b4ba2a7584b8c8
93c6c410182eb6fa
a54f1478a2342165
a22444b1b2e4b960
38118c11edfdd9f2
74d276090d9c0c77
bf703672096433ab
dfd4baa4fade7c5b
3626a6951a09c76f
539436733bf71e42
64e0b2e8e89a79ab
e2798ce0b0e3915f
d27442e00ae58529
9b69c607e18d6a95
92774536e27f79f0
e89af779a316f91c
1266ea04bcb37acd
bb6c7e3bae08df5e
6af99c30a1070987
a1d37f70f5a4eb8f
e6a8cb743f893d92
f4aa7964297090d5
ee1a985f40c11d3a
6276b0c3efd942a9
b07e1759e933aab2
f43faabc9f299d86
45425ab4e6a122b5
7d7dfc252bdf103e
e5df697b60ab5b57
f01bc4410c57c776
df0410001dd5f966
ec7637317015f199
c3a898d184c15fcb
8635419b77e2b9e4
189649f1bde91f44
7f0385079613e6cd
eab59307291cf6fc
055fb74a30fb543d
e4c040a0fce6f001
0e8a23dbd575c6eb
b56466b9b56cd74b
773d5461716cdfbb
1959b0e53fb87a0c
cdf9e13ffb19f437
2e666bf41e65b5fa
b60e474761a42b55
b3f2749cc35ace35
aaede83ae8830f4d
a959a99ea5d45753
87d33e4a525d7972
3afcb2f557dc6a80
a132c456c50c30f0
7d518202619832e0
20ec2d14cc86178e
6fb4eda507aaf632
42075ba739289c1d
2ecf9b49eaecc2d4
914c2efa1362637e
2654b62b1f2bd288
dc6f2ff91cb041e6
5bcf0c8276022c27
7ed6d1bff927c95b
bdb9ddee13508df6
3746cc6b8c6dbf5b
895b6bebce165bce
d8b0ca4e8b4156a9
cedb8949cfe44080
99499cf6a6c1600f
bd9427a5988e77b1
20a95c498e30d3fa
2e8ef81f967f28d5
ba110df4ca525848
e067d8b267c2df9a
f91313ea4687affe
c3827207582698c7
e247802be343398d
e259a94424b9fe09
e85cc88fc1a7dc02
1fe1dc5f1d82083e
1a96d0550fe98aad
76fa9872bd79e26d
d93f1cabcf12f956
fbef0f43949493c6
1345c491a1cc2377
264aa60ae6e91cb3
09fd101c994572d2
b58bc0693e24c0ba
c6665ab84de34de9
f43dd1bba6118a71
58d3b4389038a584
e0e40b9ce0dd91f4
f4d74c035aa05f57
cf4f23ddde571aba
bb22f7cefbd46cf2
b3233cb4adabd38e
edb36226f6585799
a660a3161c398376
c362a88e43b03918
e96bb7e5bba7c9ec
e2120b2d4df02437
a1c30894bb6c6a32
3a9695927b2388f8
6783ba086c45fba3
8edefacf89a1e2fb
7191a17e6db5eb99
0d7355a1a95aa406
2aa538c8ee37a4bc
4e54a413c8d4ddce
e7c15eb1ada7ff64
7dc2b1444135f271
9e54ccd22181ed42
7e87940cb94418ad
f5c1eb63c8dacad5
1a7feab576355472
36b727b281a1ebba
fcf4a438003bb727
fefea496dae2aa9e
5728f4b559fded15
26a64ddd98fb1157
6cc5b232ee889fc5
6e0b60cfbc9248b7
1a37bb1bff75fc6b
2d0237b40519d704
38c4105b354257d3
13df2a6a8d3a35c3
ef449bb092b6cd92
e2fd86dcc1a0636d
5f8cec2d561b5739
7422f71e0f676d38
58aa13318a2ad2f9
0f4cba04ba8450b3
ea4e1322816f25ba
a99acc355a3861a4
d3a83cec00d0d838
6f8f13b000b92590
91fcd72e71827c64
0b107edb5dc2e65e
d41c8bb3164dc531
ea67d459dd1aecc4
b98631cc10c5e130
39922bee681d66af
90e96154a8fe7ad7
0da8f10b6b7be21b
828a9732f7cb05e0
6d46425b23edb41c
3317f399065eb2b7
4f0b03dca520a4af
9182d827bd4138f3
04943242d215b8a4
84b3cbc5cd12ff2e
16f2ef72da95b9f2
79695f13e3f3dab8
cebd3faa2930dd07
4bb526e476a333f6
8a9c024cf5851fad
45faf68cdc90556a
43fdd4f4bff6bdbe
a08a5e649f9fb506
bd10cb82cc19d4ad
d7d7486f161fe9ec
255eda835fa66ef4
80138010ab21897c
f1564e238312520f
dd32e4666607f1ce
795672dc934b624c
dd7b3f4b26644eaf
76e879499d430a49
ccf1b7ad672d8da2
5173cd2c61a8f763
2976be634dad4b42
b0288d0c93ba6d44
8a3bddcc723360bc
3c1122a3425286ad
4e9144a074808c87
73e8fa2b1ee24a48
bab147a62f6015ba
eafbeaca217d6d3d
b63d66ca114c8a60
4e9a7bbaf83225a1
f27f43fa7a943b84
f100f2ea3ba646ec
ca294f39f66f6f9c
e7e03a1bb32e926a
563191e1bd754f0c
f0d88072e03846ab
17f0d949758a1af7
a2ff2a61034f8e44
dd078d86f1550dba
9ac4894fb09ed704
34ab4c2236513369
dad404739816030c
b9657fddf62472c9
745bc2e5e3aa06ba
720f7d4e2dfeb8c0
9c013618f42580f6
d082f7d9a8e89071
d0baa4c9bc97fe35
50c17e6b018cbbd2
29806c92a0a006db
6cc4dd9c3d4d2652
66e13f1593a7c987
3e7b6ef6229bd4d0
e4b92004ccdb7e3d
caf6f40fe2b5b846
a34b612a81332dca
2f9368365a078f7f
7ca8e1b979a4a81d
c4dbb76a97484903
beed730a581a485d
53a604590bb3ec69
51f43cd992cbc490
dfc3bb53b6b1955e
32ae3c90e5fbb9d9
94ecd00a1c28fe45
3a247aa034489453
961c07a467cec8f6
7107590a23cd650a
125d9c7386f97c44
fbcb75b409a27b82
ab76e2be81a7a2cf
018553f80a1e1e0c
e6d7fc03996a0232
0f333f643b6f81d1
38f36017d7b48d4d
6d3d28856da0886e
956b6454062d691e
e38d388daaea32bd
2ac6e89f509a4ba3
96a8237830a04043
da5d0a55d2590ae7
599e64a4932b94e6
a7502e891e737499
6e10507e9d702086
991333c5a2af1e05
1d197c1f6344b1c3
c16cf7d873503755
73b7b77ca4b9db9e
451f63eecea25dfe
5e950a7a0691ed4b
77af84441bed63e6
d814d233ea07501a
d5f3a478e833353a
f9556af5fae9bcab
bf2552ae7c33a039
8314b1067b4ea4ed
5d6a353be988c35c
0314842105258e1a
ef4a7750f416082f
1deecda28f3c60e7
45273d1756225124
f2c03fc23b6ddf5f
53c4af8549527aaa
ab242a6b5bd8d0d7
2619805ebf456ca7
d7a370bdfc61b20a
c04813c8b36b0621
53f1c58610a5dad8
9a147dfe5623701f
669de39f66a472b2
198c40ff24a55952
fb836071a0372714
f08f823c3aa61a21
64ef5193c8d8e196
14f38e6a6b707845
d3b3c8f1f5190e81
7a5888c9c4357b8a
bc19c767ac73f798
2cd406a0a2fe66b4
0f7facd40a76e549
bc327c6c3405bc07
a651ddf36449a8b8
4acd84833e09743d
6a6435c40c585e5e
63025d5e74664187
db41ae405bbfc2ed
3c0ce5e2ed1b0a4a
e7419e29252567c0
8b43d4700f413472
02b9eea7d0dc6fb1
7df477404acaf9f3
f63c678d8f8614df
cffd684c89fc03d6
19c941e8a1d053e2
f4b62c44bda4c0da
99222a71e0b0117f
54ebf647b39164da
2e71105ad190402b
815b1d801be4590e
e796294c37ae3691
c641431bb23872bb
4516703946a7f7ab
2f910003940e9049
cb559c9e89e0f46e
ba34eb9dd45e592a
0778b58f95a2cd61
f6fc1724b696fd7a
4a0d4858576cbe47
7c19d1e590eacf49
8f65a39515943533
80e6782527e58eeb
706ffb0dfe047f06
67fb82bade8333bf
1e6e514f60181003
507d7e8a727b84fd
0629a45123eadfd0
507a736b4dad7ec8
b5a459698ce17b6f
3c4a1137c42dc1e2
2d72b115f8332210
0b158dfe2c703d4e
a6db8acf67e7ff25
3e79d930889ed35e
ee6ff389149f6e31
1a2ac0308db6edbe
0fd3e466fe14b1b7
f668f6c1d1a834fb
dfdfdcf71ae715f4
3097094b8f1f002e
3531133743276e6d
73f99088ce1c8cd3
028c6bb755c8e583
09c9f47c672ac209
19717b559d30915d
fb0cd95608643900
6e2b89df2ef338cd
0931f042a398ce67
5310ca945503cbf8
5026ba1a11231d6d
f950fed29ff89a1a
952baf86194941a6
aaa6c1fa240a1bd0
6712192caaea36b8
f456bf5e893b6469
23d0710139234227
5c5c8d146610cd9f
9e0f947c769e631c
8221885c39a7aaa2
511ed65c033dd4a2
adfa209c1ca5f56b
7a5fdf4d6287d3df
bf9b3d2ca9de95e7
8afba836635cc6f8
237e5d1b361f0c51
4540998416775018
cbec04f7d26fdc33
f83c32b1d4e1af9e
3cb473d777078a4a
0af3128bba8b5673
d7c3da0e497b5fd5
c5eff04c5ab6b765
0609a453fa123680
f4f78e5ecf9db759
cd8017d2c8e64884
ed76e6ce1207f3af
b587d25887a35900
f63ec4ebaf983b2b
fe0cd7c91a8f5c8b
9550ca345c5a6dd3
21562e162b2787c7
7c321077716ec9a2
bdc5e3c9bd97df11
339ac883cdc9ba38
226502f3ae30aba7
b899058a1f67eada
8375f389114c6ca9
22f62074fcdcd5a9
141cf58da1ca593d
8d5612ef28a55ce1
236ace1e0cc5bcf8
39fa6e279c128bb3
782946e4f19ebeae
c6cb16bdb9b2e46a
64e5f2d734c30209
1f287d2008c95fcf
2952a94a58452cb7
d4d31621e7c9cac0
8f0cbabbc423c8f4
50064a3eb494210b
6d148065d7902050
40c6f3e408c14985
f61477d73334dffb
de70becbfd837e35
406e6a690eb56637
18363753e583c901
e69c682281ed5cc7
b30ce8168a31a6a9
ac9bb5bf978ecfd4
cd362d8dc4511dbb
30e9a98894e3397d
02315ee0c55da1a8
180ae98fbc5dac4e
15fbd67c54645409
367f5fd3804740b8
3032eea8c7b58470
33d3c5a2105ae12c
2bdf5e1005ed812e
4829a68ae0a081a7
4eaa31e079dd1025
b3905f05218f4fe5
3520c8e54cd8d323
93ae7ba8bddca152
016a520faf1836c3
a07a7ddf4ed35b88
632da9d6ca9e8a47
ae7c968b02a73766
24d7de8e4011d656
526c3654b0dbbc43
b2182f89e3e685d6
395edef98918c943
5fb9ce5c4ea34669
dabc8b4e1fa94536
55647e0248037bd3
dca355415639138c
67e636a32ccf54f0
5c153a32efa92441
c88ce447f66a03e5
7c7719aeb7738644
29cf2973b3fd9ce3
db6942a5c1dfe328
b0ad392e2eccbe4a
8400cd6e2cdd2771
e78faed86c206209
bd0d9518bbf66b02
989729f3346a70c8
b4961b67bb0343ea
6da79f749719ede4
6f5ef37b987f49ca
aaaf167cd06dad13
a461a547dda420e6
b7d09efe5e5d0bf7
40f2fe5b01e4ee7e
2886d12ae83ddc17
b8b7edf8add2d01b
a6dce873811ea994
dfada246d2586072
63980833b2b61584
68e55ce522d3a90e
019ddf7d9d0f4656
b2e676e2a13fb4b5
5490a34ed8c91712
ae6a1ba0b4c95012
a5e9cc0d0b50f306
a4884380cc4bcc9a
545149a66842efc3
a636c6f1e8c001ee
3e9d74be3d1e383a
5af835f09dc71210
dcd62cafd1a9b9c1
640d0427437551ca
042f15001a630e83
03c1bc8f6cf751bc
1f16e46a08d53a83
efc13ec4d3fa49c0
d4ea36844b38223e
857cb363b16b4e57
107e7eebb3184828
4f24cded7d9343a6
8d4e5a45bc546d32
134943f4e6a3d01e
4785ab94e0d05b36
f0c7d818b38d93cb
41f620d792f52dec
d3468c001fe0f76b
524be6cf8620ba2d
c47517c71e2bc322
197a6dc38a68b9b7
e067c989df19c370
b33e7f95193b4360
44964cfb64f7ab67
83b825f4728df754
adbb05f6febe0e84
9c7c01c325e4fa7d
50b36c1782ad091e
800c578086343843
39a488f989bc008e
03d7e268596bfae6
d9811d0bf617bf57
9785be0b5ca19472
fa8905144101da75
43bb373fb7469f3a
47da75ee425896af
ef9b241030275a53
2f49da229f7f2a01
6c6faf6d3dafd97f
76824d2fe64fff01
37fba11bf3c7ea08
1abd82c0670b9a2f
101ddc25d2e1026b
38fd4820ea56b54d
c81612f396ef1bf2
b95fb081a24083c7
5333e4364af769a6
8d6f689fa0612747
e079114180cc1835
7fa2c3c709e7c295
61b0d2c889d9170a
29814cdc5aa35efc
a4d8d675066f80a4
232c592d60aaaa97
820b063da6c45d3e
7fd958e471dfd71d
2cbe7848bba13eb9
837cf14b26247819
2f8a01788f425178
609f8c6bf9d78750
17508592bf81f92f
fd735fd11c39e34e
11b2d71f4b0ddab6
fe5b428ce4a4e526
f65509c715ccecee
46223668b56b4ef3
d92554115b798104
bce22a78600b7b48
328acce6c2776d61
d4273c804e50ac65
93d1ae16aec2047e
b7cc3b4d841e96b2
360f74ad5e9be24b
049b0b3e594fd34f
24d29e3e654e4817
6ca5400922aa9613
a3d31f991f97753c
73b11b5d6813e966
a26f32af00065ab6
2fb4dbb493b394ef
f20295a35a65e8ba
ae2e2d040e85f667
63151364bc432eae
70e17e12b4598e2e
2ca7ed453db7ef5b
3b154073d386437f
377a45364876931d
e54cc3bf8151b2f2
7d4ffb799cc46cdf
cf3aaf4b58c129b0
eef0b7adf0babb75
db2b0723688624b9
d5f9e25684deed8f
b3a92621fb84c073
d83123f93de97291
d77e6261e4b5298f
f189f1e1da222bda
162359f4d686c263
aa0c8dfffd6bbbc9
fb07fd185a67cf28
036cd9871577e76d
649aaa286ab29e85
d4f2761e93e0788b
26c3557065d932a8
fd2326df5a430717
9d679a7d1ce13604
53c48bcb94e092bf
1bb88f3661b7a656
44f29a8ab0669abd
666055029667ae6b
0eba225296e7df14
92f2409a2524fd53
f20b59ad5bd50e89
53c9bee9d6669fa5
6959ce9d0c2144a4
6653fd94569d2188
d91151026a4fefd7
9f319ec6393a67b6
2701ae1a980665c6
2d8ba7743874d6c4
2658b5e8e9df3db7
7f9b6ad30d805f37
510fc46ab2ec9a20
5b2c9ad5db6f0ca3
8e9d3729accffb73
cf8cfc12b1bb435e
16f23083d8af993f
9025247b1dacb48e
9d996bc667e81ba9
63ccd7759563f183
6c2bc1ea4f4e7cfc
6e47598daf860671
e5f89cb19b53580b
55a24b8348a1429f
f6ab6860a7899728
28eb04c95e43edaf
a7fa01630984153b
abc80357f89e9d4d
c58f8f133fa19369
c55d1de575405645
a16eddba483e03bd
a85c907bd578e8f2
f658d3b0be3ea17b
13366b47bf5057ee
925861e4666fce5d
fe60dc47e408ccf2
140135717fc53e68
93fde7c125a24984
fa0c39f55cfe9ab6
005ccc994b739501
0ba99f104f9df2d4
ce6848c1f1a2eb55
d4854c3224d6cbad
7db9d2d3c15660e2
9ec110d566d4165f
60ed7e5c1f1b680b
50b6ec3d42b8f8eb
847493fc8de23d38
13a1391f14fb8549
9a08acbc393a0d92
cb71b93b6a77a640
5d168d211259b818
c05a38240f77cd45
4bf2da7215a7d39c
1ab943bb7f707406
fadf5db3d0dc055a
8e8b5bdc163c524c
fc7844a8efe27bfd
938fe3c9740ad919
abe785baee4f112a
4a159e61ef76ca71
18030ff35e2cb1f7
b548e63cda24fb5d
b339312382d16cc5
77ea2f9e3e65314a
de8bbe0f5e8ad178
0a924941f55e504a
482c7cca8229616e
d2982763245fbd26
30097a5afb94a57f
1bc7eac9d8773d90
3b4c716afa4d348e
36de0ee385d591a9
9190a2ad86d70e95
b747b5ba0035a2fa
32d48320e3ae4954
b3b3382ce5cebf68
083da549624fb2f9
22ef477bebee9737
88e7cccdeedd3628
51cd3af951dfcbbe
6233ec00d2bd5629
9674a7cd6c7adf74
9bbc26dcd426d128
6126250c84b6c97b
d3c264450749a00c
c9063042770b96ea
1cd9bd4cfedd9c64
53aedcc8e437c22c
ce8c2bdc62a1269b
78138bc2ee359594
33ab1789d3e63622
b75b082553cd7b89
8bb16556bdddee8d
8b2777fb2b97766e
639fa7ef76615bd6
3d0b94cb78c6a44f
3630de46399bbc75
0cb465c783dea0ac
ad21b1c3a41cf125
9ab1f1c733b6ddfe
22f8092e134e24f6
b8cccf0d95fff59c
4803f79681c833e6
f4fb8f1b415d416e
31709d3421e2b710
560635bf35d56230
2219b88eedd065d6
6cbcc933e525a8e4
536afb886a85baef
c20ecc24436ddbb3
8d5ce85d179751a4
51d633854032407f
a0bf1f76b72d0ce9
6d27c916f0b1280b
9d8bab05abf8e299
5a0df4ffcac32fe5
37f08770bc41c801
b29cc1ea4e91fd51
17fbcc7936865b94
dc2601e20142e041
d216850abeef98fa
c06596d48fd8bfab
a621abc75b726692
cc8d46cb69bbc5e6
cf56dcdf2ece2dba
5d57e1ebd4e027b0
43015c98b6cb5d70
62579ebec09f27b7
3da042c6b7ba81b1
ac2e818d8d307d42
769fb325c34b8801
6ce99d0094bda323
35d0f58688bccde0
1ad54f3970ee1d21
2d1f68df6b328701
e4341c0f53ec6a61
adca2722a8f2784a
b8dc90bed8055af7
589f47deda3aadcd
294d5c9a9af2461a
a5cb0842ef1fefd1
4b213903ae91cbca
cb1868e5183b6c70
b0dd50e6ee31d32f
a1ef8cba401973f2
80892762264bc4e0
16b4c8f1854a8560
27212c110882cf52
195e8a1f79a01a44
85727ead8912e2c7
98806ded9ab2dd21
6c4c43cec7b34a45
6a777c44e4da4771
c238a678ad5cfae6
ea912bd1853908f9
b047e981d08a0a17
325878db93344538
e3447b9841040f8e
67f66f31bc158acd
65b34e924f8e2058
4b671946e29d19a9
c3715573cd9c13ac
f25307e6170b8ca7
728168011babd802
3db23e0712aef964
d93bdf6b89fe545e
4024264cc1dc33bf
91f825cf9f1ca2af
0ca201ca729d6e91
cc7f0f7da6845cf6
2d8112f5283cd585
fd37c94e660e591a
7af9d749117a2aac
dedb9d5c5cbe1d92
dd766a8e2aa08da1
9cfdfc7ffb458c69
e965117e8770126a
683ddae669ebfd28
73f70e6fdf153092
d209c33ccb16c351
6c5387503761d287
f1e778953b5d12ad
dba152dcdf80c9ad
abc27e96bdfa5622
93b220eadcda47d3
51cdfbe8c4a9731f
79f71b779a6f0348
c0a1e36b83070e6d
2f5058e791297fc5
4fa5d7cd2bcdee17
9adf21d274200318
ee74bccd9d394cec
f310134416f9e3e1
a5e0bddbb67d16cb
2a15c51ceb1aef9f
fa2c4141b389c669
1bfc21405fe4b339
9bcda46b4d941eca
239c08dc26c9d9cf
6f445720ae7f0540
8e01f0067fcfee3e
592830ab6ccde7d6
e67c5f18461b6abf
74e433fcb7128407
fec742a0ac935fee
3d2dd6db18fbb8ef
59eae6cdf4744af4
1e2347909f001604
496b76a516363414
c1e5752cec8eb086
8de19771eef56aa4
465d0300e11f4691
4effdc781128ccca
3ffbaa8d35747a02
ac2810f0afd65dc4
d9eb03eee1e54a05
31856659182f4d1a
5308d238c57f975f
d42f2ae6b8835920
e05f983dd4681bdd
5645d0107ce9f22d
4a0afdcdfe6c2e8c
5bc5bd537b774cdc
52462f7baa9e7bec
1765fa27c0527ee3
fdb886c135e86a91
c60df9b519685fd4
9be81bcafb0fa65b
fcc59e31517ac97b
0154d98409aaad6a
6d406c7970b4fa15
5bfae4fca55f2617
cd31294afb75b253
7cf211682a535403
cd29353af8d75587
f664307d1345c9bd
eb810a3b09fe10f0
fb1fd20f2f5e298c
f7ad929fe798c9b0
bda788ff3ea11f82
95ca0684a2c20b13
a7ee5c5e08d1f691
1f553035a9c043e2
70ec44cdf78072a0
02ce677946bbbccf
29048772c9797632
674efe900c00fb8d
aa2a1d785d105972
d86e5b4d6785a553
62e5def76221e79e
a8945a4f9c71cb43
61d320357efc70a5
1ac4c2816a7d0a35
c646f70012dc1e50
79ab9ea1173cd941
1cb2eb579bb9216d
bd7294475aa94d8c
0851e00ab9d0bc53
38227c4b978efc94
a0f14df1950be589
74aa136176af6eb5
0e53ac4a9a57f2d3
c709c8efdfc79b20
d982a9c8f057c138
308564f1e17e24ff
d9f8c71ccbe93856
0393328f923614e5
170f9e5e1a0d3dbb
75dd1019f447ab5e
b175bd6e5c5e154f
64596a3afa92f63d
f5bf1d14b4a98fd1
06daabe3a9548635
464120f9b5067ad4
7105ed818b5b38fc
df78aab0bfde7653
cffb28b281f570be
5f2938c19bf71e56
b42062a181c503c6
770b81e952191adb
db920f34910cc7af
22e4989dff34b73c
52c1c64d994bdb2d
2dc0f719fad81fac
4330ba333a461e08
b0c76c9fbbe94ef2
506871b86cfccdc6
696fe93c3a9a62d9
10b58ad97a1be7c6
54a08b5f1c51f2ea
186e9ea6858feae0
c8fce707b969bfaf
b4007a28c83badac
76f284ff8247d570
7db83b92fc84e7c3
7070f10c63f78a9d
f355ad4a4c34e3d6
9540244baa285754
4dad111b0a3fbbdd
1d69a15ca19b56ca
cd32b34ab516edf0
e0519553696f612a
b740c0cfba552ce6
8369eed9b255f222
02e4201c9fa2c777
08fbd4e535928179
c85aeb3f449b302b
2b1b3bdfbb1659d1
dc2284495d2ccec0
984e04f4558bf739
8ab7402465735e98
2518dc7a70b0edc6
6420c7c59a60df84
fcbcd59aef4f3ea4
87d2d82d6276ace8
55bcbf15250f124a
b76cb9b9df3dc3ef
127a7519178602d2
f4feb46179b0743a
93eda9ec0e035885
65a209f1f3d0ee32
c91e4d12f885f390
806b6a88453deaa8
06190924227cac59
c39ac1c45ecb2b18
475c134534f3cbd5
dac364456aba7fa3
3c41c40dae17aabe
f62ed568ded3f2c3
baf920ffddb85a19
14a3633cb6d2b13a
baa6cbe2f9515380
b20e6b136d34fd1b
5a709bd13958782a
554a78c566d5cfd6
8674a848a60a237e
d80e08c53bb1cc95
6a69ef764f5267ae
a363d7494d4036bf
4cd35909a9bd9bd2
017a2c00b3d5592d
0f8b3ddee41963d2
6c2b73c60886aa1b
c4cb1f49c2dadbad
6f954678673c4047
0643941efc612208
14fb7907d4f17f71
1165cd93d86e59f3
4b85ff42ea6749f5
5e8512db8392eddb
dcab72aeced0f721
6c8d2421a2cdf5e8
e1ea07e049ab1b86
58347981fbc7a1e6
f465f8115ace480a
0440a33ac48209ff
a33e282895b1b156
e479836e41370340
bb6661303f381cfd
5e1f2d157cd892ea
4b8d9afe283aa243
84c914e2aff3fb25
83444ea11e36913a
fb1ee6ba8946acc7
a51e9ea75abb177b
0e8facac819d2869
033c24f57160c93f
f5245271a5757046
347650be16346143
e7cfb9edddeaa7f8
73b77c80034a7721
e43b524899f6efa1
0aec28007ca29ab7
4778893f2656023e
2ceb2462127824c3
93bfcc9c81a603a0
eb7a408b6938b9db
8c391d99a79dddd6
3705af5f57340e46
d7de7a0cbb8ded90
034cab132758bfb9
d333c55d96428a4f
9c1a31d93450a6c8
a3f1da5d0c47ee98
555d8b57833e512a
49bb2236fee15be6
a1c66aca2e5c9e99
5508584840b6bced
a40ca81d6834176b
9095d14962eafd05
5e0b9a1690db0d50
46397e5c63894f71
539793cf53347cc9
2666cee52620149a
10ce42582993af4b
9a4c3cc356235cab
c6f27fdd3d5ed181
24e0dd6611960bb6
89621a2fb74f9cb3
740210209a9dbeb1
c6b848518ec01677
f7c3f38907650c3a
eb219a1ff9aacff6
4ec4b376e7e9ea14
126d8ebd84efcbf2
de2b5251b4bd6801
4e2ab0d0c0f29fef
8ffaa63b47c8e194
75491b430f78f847
dd3b0cd335d9e0cf
d52788940555cfaf
509bd9408a5e9c63
64ca80ba2cbf2f70
601bbb6c8ebddb32
8a8abec861da4aa2
cc45d7266af6cfa1
ccce4a823d9d2de4
99953885af8dba59
a3992d36de055806
35f833807a9e8f6d
64b9cc76250974de
e1680e70748779e2
f969dbe8a8689218
3f0abfb95b69252a
d58270409c19c3ef
80b5b7460a38eacd
dbbfeb49b09a96e1
8d76e8586c35d26c
c7bf423b78c7c9b4
ae79f6ca591697e2
68d26afdffe387a6
1720ee1d51f98c2f
7190609088958710
581cdc5e6d8de2ab
b6a7214e437e1ed5
46baa7ad091db7fd
7491a828fb700fcc
5132789fa9c1c4e7
a298354f1e5b82fd
c616efa35c62bdb7
7ac52b95854f22d8
2a3e8a975c6eb109
7753e6591e48e3d6
0693bc11c92931a5
d6086b623760e851
ed447a0ffabfe9d6
30fbcf3e052b6c82
919cd6e0e0d3dcd2
36914f73d6ca81e0
ac902f2c528d67ae
69cf45e6ec243ec3
b0aa0995e85e2be6
375fcad00846d640
6b0d8501c060cf72
537fd6916ae9d5ce
fdbe9d36d1ceb471
2f4e2dc7e9c1f593
3ff1380ebc614ce9
7ea423a894c48f30
67918f57cb5999b7
3fd42f7ac648d668
8ff8a232636683aa
8da23d008be039a9
9c03386ffdc30e09
1c774b086e82b1ac
760dde917dc2d2be
08c8fa626c24f202
f542b833ba2ed4ce
9cb769479b0decdd
33656b42a8577f05
a7c49efedc25911f
92503b0f6321b2a0
db0d6ce449ecf39c
518624cefa97432c
93c01a74fd0c2497
a0029029aea1389b
39b8622365179d1f
db83c66d417bbb57
74ed01c6bdd17770
3a9879e30b2effa0
10c3f7f5a7243aa3
147c725d0e37226b
2f49875e6989f7cf
b0d3b65729b19094
803c164a7b760057
aa54e5be34e3cf61
9ea58210845ad452
50cd2b29d2ebe7e1
b6afd61f23efdfb7
862645dc8c7457fc
f2dc70adf5ffec4c
a645d8ce388d897c
f6b2ac24e2f10102
78d1569f3e059114
127db05723f8f391
0d9009abeaec0df3
ab638ad4f6b5b7f5
59b45f4eabdb8afe
7d28bcbab17af169
3e04e69cf1434743
e1750e740aa578e7
ab3222b409baaff8
fdf51293f3ccef17
049bdb04c0356da9
ab45fbd2c048e57f
28c6c64233ddceb8
75709bcff798d429
05dab5aae310a677
9e83b3a929f95634
22e512d8030e99bd
df7aa4b522c8ffae
8f1832e96e8e8441
7d2599057cbde842
e106662367a09de7
c72b7b15fc2dc0f5
75fc55226cdda8d2
d302866081470dab
80cbe60b0d8b4e43
acf35f067bf32c11
3df442400ab6e5b7
e5336dbcb3d26243
6f78ebeedc45c6bd
b3777749220d902b
f5d26581b891a7c1
e3d659db7d6d7c88
9fd4e496b2cf76b5
51e601f30e4e6ea2
36a39c154f5c6c7d
ac91f9e198611a15
796ae6eb670430ed
fb8a48d3d84472e3
77988a0d68ba1b41
1c0169754be51454
493989fc6b064d20
4a724e17b08cd9d1
bc78ec6b51cee9fb
2ff9b5c935ed5bb6
1d0f6eeb6da63b85
9005c900179d06a4
d3c4da6518064957
3a20f07da8f766f0
30e6f0208dce864a
d62cba4f988c9c9b
10799a2116d7981f
1193e30f34d1bbb6
0af94850985c7e36
a06b2aedeaa0108b
8e298a6b53dbcc7c
979c41dfc8669a17
7ba3e0d0424afaeb
64db920210d06b6b
c934c53ab5dff678
feae77cce5766b0f
f54b7069ebb574de
986393adc44383d6
5173603f324f20fa
297c0d2adb8b5d7e
f37d93cd0ef922f7
74ba5b5a7533f98e
59538acbf14446c4
21c12f219cd4ca38
d41c05b470509806
fd4eb08ad39dc65e
023a9bfcf957e0b5
2ef940df7a4376b9
f5f418d4da9ff0a5
c9b9b7c034f2cd7f
54f2f3736f4ca8d2
7107647c2d45a210
f08cbab37cd38613
b3b8fff1092c9fca
055d686cfc0478e0
e64949327da5d961
a6858f892ffd000d
abe483ca742f5306
6f191a721dbe2b74
f2fa1f5e4c55c19f
87491223facfe207
97378c2d2882fdf7
efd81e9f0ecc67b6
e0f311ac57eb5d5c
2f7cef983f453eda
e0c3a4b7d1062029
5e99aaddba87705d
05616c5f5845b8ac
9a2e7baceb35bb2a
90afdade5c9e9f1b
86b5af1f5d347d95
e966fd92435d46ce
8627ae426f7a5ea6
75bc6a60a5739963
a574fecd1d40d137
213f9f1e8632e30b
a22f4d6de13e8ed7
4f99fca7a062cd65
a155ea0065f43ec3
26034f8e1dd33ece
f38245e3b023a03c
00df6f42614581f2
a31b32e9fc20b392
9306f85946f90fd7
396e3b4cab1b27ac
d64e7c2ce8599d05
6895b1595059d510
c7a50dd898764816
c4babd5ec385db18
552973070b4738f8
63bca5f9051f2799
236ce339c202015b
289d9913741b161e
2557146debe4eed2
3936b54acd3c0c25
c83fb105ff4ae62c
bddac185c3cecd2d
399e5279245b43ba
7ab819198f9ba6a5
692a1f3889f194a5
735438a87a825c21
966172bc4f8d0b6f
70bb86054b53c9f6
f2c29e7e372bd7da
2c49f6c532bbf55e
afa752d3ee40ca3e
9d09357151c8f00d
9a3a0aaea36321dd
2c9446890d704170
80c8d4856c119ebc
1c9850fb7081ec16
d4d5d7f391e6f2a7
141ae26db13ce060
dcc9ca5498ecd84c
bc12aa713893557d
337e3884d8576ce0
cdd2242476eec4ee
fef2b2d9f322073e
fecea1573ea6d040
ac7c13b0198ab2bc
e61ce9240fef5513
4c8f8820709d0ac0
00e770813b926843
49a0fd0b8de9eac6
d1ed989875e91aed
a6ed3a95add0c103
df5e4c005b4293d6
f0f6e1d3f3791eb7
d78278c006359f5e
1870465894d6a962
65edeecad4d4c4f1
4968bcb98b3d2ae6
ec6100b32c082b4e
e34c57977132707d
b824cc5cfd93a42e
3670b3c8c2e8bbc4
a1b3d0cdf854f015
4632c9140b1adf43
5f763a5057469020
fcc50cc04dd6f4cb
95bae22013195c75
d40eebda58500c10
9547ecf5e0b41001
b5b8d03b088af633
c5a17c5c5b53f897
4d342e6a76530df0
89e21a5840caa1f5
c868b5604dfc20b1
89babede36b909f6
81140216b205bea4
cffb196031cc4364
ad24e22578c12c53
8acd390769698889
c824acabf85298b2
a8eb590b8fe3cc1e
7e14d046183b0990
0db0e411377e6775
bee4f07cdd8fbab6
bbdc05f779d8d13a
d8816747a33be52b
ca40aa9c90b580a3
c80d094d80628661
b0620eca8438d9c2
47861c6c86a1ed32
187930ee02ece6ed
130cdaa292111035
cc1dabe480b2688a
9de0a20294c1377c
af8ec876b2ca8d5c
44d0899601df4b2c
47b69a5d630e17b4
51397897ce2064f4
654b04703dcb1c70
9188f06de95111c1
21c5f22fc89a5e36
52ecb78db9472be1
cdaca028adac634d
8079196027514f74
e44b5de0016f7ab5
234105c99a712100
123539f83e7e1570
68b5b11d9f14653c
873c2b6c8da93215
e6f163a6a7021874
ccfdcaf03148288a
b80805824e087a82
10b86ece281d7133
eb3f89306222fab1
bec66feb4b21bcd5
622b25ff4cb7b507
0386e409b9b68ee5
e00db1123185c3cb
cd92c8b6357173e3
9e7c2897cdb7f760
e6952ece59721ff8
186a86b3224f1ccf
77d56346ba486ad1
3ff30957cfd8c41c
e1f80f8609e487aa
61b29d49ad9687f1
d48699112cb70246
bca4b1707fc1def7
5daae374233c7e6d
ce4e6b32b35e6442
0df50f26fea67a5e
3c42d899eabca8b2
b5b36d12481fe78e
58c9b5f11c85e776
f2bf45330d12687c
f4baa120d68b0fd0
bff9307d52cfe40c
9c5b4d2983da9897
0dafc3802d9bf038
feac4206d631d8c2
c69e9aa78d0a3453
ab1405e6c8922af1
2487a394b749847d
ebbec91e359da12b
fccb2304bcee5c91
e60112b176accfa9
7c484e21ffb6f343
1f6f0c168b1008a3
465a4dc942486281
1da59447bcd068bd
4792e0d24fc2fa0e
b634a85bf10ccdd9
4373ab2ceca40836
84a3cd303b687370
98e16bf05e84b104
98b5c30ee6a6f6af
b1c79bd75b8de6d1
3351a085d5fbe0e5
b1bf7bbf2d99b93f
b04d497b8e5f7cc9
d1ad289cea461514
c581e31959f674c7
9c08a634fa10cf62
665ba502feed6e62
15af306f831863c4
7545977691449487
4b7a5e6a9a8f3949
67f080fc25b21d7a
15b747ec60830ef4
8f6f1e16e3a5becc
1ea7171966f9325a
e78bdc60589d2870
852a07e4ac21cdd4
b48ceac799a6ba15
3899d3d3f743fd02
1d6db2c9bae08365
0c4efdb3cbef2f3e
d7d977b06f26a7b1
274512b5a3d809a4
ce1bac018b2d8d9d
8cc24922832193ec
0413f89b647e5a04
23fe36442a76bcaf
24692b349854aa4a
82b5c61eac367567
cac462320f27e67c
936ae3ee7ea3d863
45540348e1327d67
fdbea1412e860c3d
a963243d0bca5694
95cd7da4ea124649
7746d4019c7c8406
7f45b5636809b183
56b0f38df8900478
cf699c0d5f5c517a
afeb1c2297044b90
5e1253a67dbb62de
64dad7807d969a2b
5d92ade095eaa7ab
692198bca2394d9c
c52b667f2203e9a3
d43086a9036184cf
5d861d5a3273742e
98d4767aaa5c4aa6
74cdd82731f4068c
871afed880d03239
edcb8af46135ba61
0a742d913a3d9275
8e869fb1f852f329
af31f34827cbc82a
f97ab6a5c03e643b
80b4b5068ecde7c0
7fc22cbaf71a5511
21667226235a119d
774c373c2e5e306a
967832f7256672d7
fafca707b28939b6
df617d4a43aa3b5c
2348ca268972d8a6
c6d089f341d814c3
4253430ea3b581f0
3f584864fc722d6d
c4d1ce55d5ed673e
835bc4602e9b6499
5b1b7191e7de4be0
ad0a9261ce09043d
46f8010ec0ad253b
f72b5691988c0f6d
1cac8b3beb5f1bda
76f425214baa3e0a
f95b07a2d62fd560
f37fb598460b3fc2
5f41037f3f451523
39f918dd6aa1b2c6
3cfad666b98c9cca
7e818777ade1a218
5cf0facc30d2d1c7
0e89da0c1a5cdebc
8bee047d60ad1fdd
15785dfcca02dd14
5bfccdc47622ee8f
d6a5a45f84001079
849d943ac0adaade
a747973cbd846342
43ada06a4b7a40d1
68f0299c5f5c41bd
9e0db4fc21eae254
02659dd99fc91387
db5fb4e2d69e4c8e
dd1d89886ce69021
027b31dd5c50d09e
4a57632d071998df
fc4e3c7941bdd6d0
5200a25296e80aa3
f675590b3d9aa89a
6f8cd7a4a6da32f4
43fce8eb6de72e33
b20638ac61f004c9
d8e251e8389d04bc
3dc34291da68b405
143f2b004483d589
d18191a5d9266d37
29d170257d8aeff3
ca728bfee3c555c2
e954b56073dc4dc5
eaf4e027a9f8243a
fc12b0b227048f59
7ba54760b9a55ba9
472f8f73bef80ec7
61e945f78fdf4901
2543fbf9450189af
73663a5b458f7797
d1c7695aad80dfc5
ca9e09d9c56f8ed6
d7116749cea28b30
720155f0872da95e
abe3a42fe223747a
8a426c5709d8c32f
ec7dd86e56646ee6
1dd4ef7efb639f5b
ed7eeb9ca583b902
d00b797920a64bb6
1f7d98e047426e37
6f68e7b32186f184
caf8e13675341fd6
b427801bf6a5be5d
5e200859886adb39
aef3aefb0d737f4a
99fa7e7435f3c0ef
3899cf923bfe23ce
1905a10584d56293
c19807c27767959e
eb46259e93987cfe
82542fb8bbd18237
8a588a8a50306d21
3f752528e2bb211c
a36181a2f71d5d13
5d1e9593da419c71
f4676efbb68e1c63
5ba844f0b2338862
b360c8aedc39dd30
63226bbc2d43821c
c37478fc1a105ead
56f8559a27b1914b
df80f9ac4ebddc82
2752fde466849d7a
685b637239959bda
3f95c8e06c49cda6
2d512c5af600b83f
ea0fa9dba91258f8
a7e5e5600304bf0f
6bd0b99cb1c9ba5a
31f97f6f2e79415e
dd4cc071e4034048
6552ac04eda18ee8
d0ca6dc03e0cc5b9
ba8c30f148129346
b1b96936878db448
5eb693f57f1801d4
c016c31fc731bf88
8920811e17a8c332
77f10539b8a539ce
cc17037b65ef3f26
2de4ef14470a643c
79b9d3be70911fa2
c5b234ca58646ec0
95a1d53bfaf39350
0ccf7b318157dbb0
de251dfa95b8ee8d
ed99c5b438b4f11b
b2870fb2e994c825
42f68165adf0d24f
7c874099e9962543
75421657ab587dfd
47d7d0537771e0bd
4e4792e2e7c0a1a9
72110ff47087b99a
148ac04595d32d2d
febedf2d79ae441b
81450ef17faec17a
844c14c7e557241d
cdbc94324a4a261d
95c1715133293636
f2e37c7bd696a5f4
1ab8ae7e9c50e810
3f878775891fd639
7b63de8d23ab80ba
08b6c2a4dae98a60
b34d6d4acbd63623
e7d80f33d92570b7
4f6d7f1085d3e389
fe6f1a4a3297328b
80a385e73e0e1b5d
e9d09b2cac384899
aa2ab761b8191588
65480f289efb9921
c788fc9eee3bd1a5
5ad13e491290cda6
e456b41ac42941d7
5714ba226bd661ed
94013fe7e653e067
bdbd06f988da9231
7453665eef0affef
ebdd9065b45a2989
f5f684413488e492
3f2009e8a6bd70b8
f44cd9a028d74d83
ef21d7497413411c
261586b6eb7e3890
c69213974a4240e3
c263e4e46546da5e
1401baf6730f6c39
d1016889eefaec57
15001995308e5c47
d10d06c62270f0eb
d60c6b8a455fe017
817be5e3d18f95b0
0722ec63adf5cf8d
6c00ccb3b127fccb
b9d7486f51d336d0
404c696914d68b0e
50ddcdf2ac50fbf4
dd47cb00a32a28c8
c5e3cf206e42b242
4f7410bf5145a071
e7b8520d4f8b3c39
415468ed677b81f4
5da7486605f047dd
0876f079de053abb
3594a9a856c63b73
e7c9af6c990382eb
cf8c2017ff9638d8
e67a59c891b3cc26
5d77870b66c8f182
d7cedc2ec2cbb5c2
f20ed08e20eec3d9
2ef4f6345ff1a555
cbc91040c5934459
cd364d1a72faeaf4
f9d6a04bf689892a
e2d01b2bc2bd54b4
20e7f93b48c9d830
f154aa437ea3349f
f280275bf7592f9e
f01ea39c23566992
0eecdc4240887dc1
2a9ba063e461d991
9e558eeaaed88c59
c098355fd05093b7
9efc52d2da8e5669
1226847c01c7a74b
ae7c33752b07ee8a
743c261eccb79df8
0e0f8b54850c488b
a34ab1dda43b6299
2ab26a6117c451be
d51b720af84a709a
0265f48ef722388c
d4d960d4366fb2d2
3be6e688aac6f8ee
304eb2795e3fb495
a569bb7588d950f4
26fecc1f0df0c610
d14677be83be5109
69c972b53afcb9cf
d7dca4cb03cecdfe
b53fead3b1cdfb1b
9bf62a121de9cf22
feba4d8a2ee40283
371c11190fb38500
f851e7cccf23a801
7ffe186d53438e71
131f11a07e864173
85f9833e29f25a5c
93870240dd03858a
2f21edc71f19d0ac
a013bf4f7906cee2
44f4aac15b7eec72
bfff16de0bcb12ed
299ee6775796c1fe
58e92821c5e9bda4
c7bcc8511f111717
7628acd7e949d149
722c7350a02cce32
270a5518748ca6c3
44fdb3643748f093
15f0dbd005c4f9c9
546f924fa39b5627
7fdf4ad1f569657b
4548b28733a27e49
bf3117eb3a6d9810
662e273a0d8f22d3
31aa6f0ec1ddb597
8a0f25bfe690fc60
4701fafd98501876
55b38c6b568fcdac
0b6fe4d474f952d8
f8cb92cc495bd99b
45060c2ecf3c1c12
c6694529fc989cc2
2f1c7755c1526d3e
4d33309e0484603a
876c2c29d4605f85
5f45a556c68dac7d
1f6742a3179e48a9
93970d456713bd0a
de06dc571f57f8f6
779f698339aaf289
b6e2e77357f025bc
21ca3d3eb0c37c46
24d6c9305b46c524
e54da3c1fc7c122e
91fe0c6e91d4e01e
3e5b1c1537da4a0c
7dd3d2a5227cac2a
d9fa6cd9ef622d45
0551a73a743b1ccf
71b034f59f46405b
828cdae3602fffaa
3e987c3795efd56a
addfb7c81be00962
e55a31a9198faddd
f1f32a172d39efab
5ab502b19966c399
f785a9f17d6bafcd
e615aa2c6dd4d8ef
283496bdcb1a1f30
7a3009c4dcfc270d
b877fa0365b3a4dd
80b930fe46369261
f0ee7955ad6a8c23
0bd05edf5b6f1da7
042c5810d65e6dea
85031add9483ba17
bb15d19d151092e8
30eec7de7d166feb
0b92f5364ccafabf
048f0ef555dd314b
1c24894185bc908e
60a9dc099843ba5d
39ff279963cbcdde
3941739c5cbbf57e
1d6408026d5374dc
bce04242c3b8e73c
2883902a5cdf912f
bdd7546f0e12e49e
fa0edef0c3e3ef81
2b1af361c68592fe
f14ce591f49bdd8a
df8f1443becf5fb1
d6a2ed3564b013e0
d208580a2bf9229f
38ec19d28cf007e5
76aa39abf7e6b296
cc25d3c1270b30af
fcc8b411bdd4ffa7
f8036aede10af368
852154e70274fc44
becc9c2587cf8c13
26160ff45da22456
bbbcb6fae85cf86e
d78e9510fd14a8ec
e68151a9d17dbbd8
f4ecb0a1bfa7e251
72e8f424cdfe3dcc
64fd778af0c172c7
90a35101d6eb402f
07dd77e44c34e30e
3d79c7a7648b88b8
52957691ed790ea1
4536f933efd112dc
9b28aa1e27d588e7
ccab387c628e3a95
92bf9fab44bd7a36
7c617671e782cc87
540681cd5d383c8b
c32ead65236eafb2
88c931007bc9d954
58e35836be14c78c
4d8710bfd032615f
b861365d37e33dff
33c5e999fb76d7cc
4eb5e4948a551ef7
ed69ebf2090ea0d9
84ec1f5ad950471c
bfc178168c521d3b
6e891404ee24cd6d
b61e58fa5cc7e0a1
f1ed7544d618b5cd
e9b03bcf88d8b807
68f02062e5652013
b55fb2bb21051eab
3ad1c4052b24fd3c
fae119380529864e
35fd82dcede9d634
54976a535aa852ca
8d6128906121f291
13dc18b4bce07342
9f0af4681ae24aa2
e0db106aa86e833c
7ea665f0cc0a199c
54e7c70990b9547c
f43611c06a5490b7
12064578ed017160
97ef4f3e75ab0e8d
240d27ae138461cf
7b517baac6eb0616
d19a5e3b6150a9ad
694f16b78a650e52
4e1baaeffbaa063a
c8959f7357f6a208
738dbee7e17ad439
fec9f7ffb8d2a175
2cd8afe753d98a87
3717391616bfd7b3
50b5eb9209f713de
1e77a0c170ee0e9b
0507b0961cd0d97c
033044e3e88dba37
873efd31e01c4f6d
4f6a4b154442c6f8
e74ff8cbcfec336f
386e10b1484a2f11
a9ec7ef35064f71a
c2b9e502eddf703f
b31299df3d4e8ed9
971b439b27efbf1d
d2ebe4385cd8303f
a088ffd7ff845989
b99a84305e50aaeb
d0d6c6eed14db75c
62f10f722f0aa2ac
1248cd29a2522500
c3521bdd64c8b5d3
29badcb0e147d66e
292fdc3d62a6187e
2dd6ce42b9ebdeee
5926cb9765fa55cb
ec63e2b9a1512a2b
baae1a2963dd924d
53cdfab71bb57621
f264152466d3649c
e9b66da02b59258c
ff3ef07059c75d5d
2e546a841ac1f62e
1de62e48a7cb7a57
2e7d07d86c5069fa
0977b5d44213c507
078ac711afff3dd4
fb453cc924c2c1d1
586446bc5a9f9cfe
0a6434646b2060d7
ee6a2c43dd3016eb
bc76c31b8dbaea4e
d19efbd40bffd7b6
7baafe7b9efd0d91
545a3728dff0ef14
0e6ef0b1114cfd9a
862b1ee78198799a
0816d5c075c93082
590694aef6c4db67
553d4968d694d212
105b6ac261a7f4f7
e741e711a18631f1
65ac146bd2affe23
83d35d107ad8853e
05cb6eefcd488730
fe5e4a7db2ac7a15
3d6f670957124ed0
8ba328b879b3c289
3bcd33d7c33deeab
a437fbe380c03a1b
93d35b68c13dba83
cad0ebb98c6f6db4
13da50b2b21436ee
bcc1cd5eae6570d3
8dbe0f36b3c5b98d
620cd01c9f74fd7b
5ce89be2beecbff2
876e68805c974d10
0170cdd72c241d46
c09dc655c5a369e6
77f66c465ba4dc3e
c54dbbfebca3e652
0a88b39c7450b6bd
7dca6487cc9af4cd
ecb7ee80fc7489af
84e0fda02a6d7083
d475e474480ed352
8d9cac609ceff999
3bc4b780a22eb65d
b683e8e9042b467c
fbf84838c4552ff9
5bfd6503ccb62516
6026476df16f6617
67f327a899ed6224
a2e2e697280cf149
8efa9e47f8b6868d
554630c94a0b0796
b892dd27bf123322
0b92b993462155a7
65cd9e24874014be
d55713861ce74da7
ce8807947b036080
3e24a2cb336eee3d
6f99674f9bf8aeb4
ffa4103381bacec9
6d28337beac0f5e4
17c398463745ebc6
46b84fe2b8f32983
101f5d28805d646e
603003a1972e641c
1de512c1015594e5
3f89ddbbd177ca2c
ef5e1e9b0040012d
78acbb32dea1448c
238bfcab5cb9f7ed
021a2a14774c2840
19307799e4051b24
936436fb6b7a90df
9611ccf95e3f5510
0d13706016754c46
5dc8e9d7e1ef3d39
2a68b3b6277465a4
5edeff3cf10bdbd9
e3d7e96b23a9a825
03250721c71dbc21
b4e6a6c42d6bc955
73dfddb50b6751ca
db657639269c5106
475dd981416388af
0198dbd50d6427b9
b98ca95713048dfa
3a3fc038a0a8bee5
a5ab82590e9afed7
a335374dcb776a69
1a489e38ccf82fe9
cf0e2686ca6da95a
15a390dce33db19f
6619ab72e9d577e0
3e53659ae890dffa
727821804f099347
4e65b7575dd8f38a
af572d48bedf9dc7
2260c163c05d0adf
2a6fd56fc9497906
6a75243ae2a8df88
7dbbd1cdea164b57
acbc684176ecd78b
f0eafad4770cc752
24d4c1ebf59106b6
914547d50a9b5460
fb87a395581e2e52
8d49e0ae2277aa7f
8bbbb038c1eda040
367f4b85128586fe
cb7676ff63ba6053
db3d29d2effcded0
33e7165d32010611
616866f2be8d3063
a777713d6afb85b6
52931bbdc21aa699
eb53a1fbf20c8f33
72de2bcb3e6d3f3e
3ca9494478bc231e
d8da6a6e741a67ea
ee69537e8a6d3fa9
f2def3f07fa5026d
eab4cb743233c42d
f1b12b92c6c57b77
9c80067bc6d3bca1
3ad89fa12c26846f
4e3b553876c53701
c7e6400e00abf101
3243d0e6141dfc43
e424472714d0f476
01379730c51f8f8d
0e8d49cbf9724040
b403a5cf1b6b14ce
e683c1a82c5e6ec5
060121625c919f91
99bb041a7e35be53
8ce2209b64b939a3
a6fb6676a6d35487
68223efdf69fa0ec
451ea7ae32efbb66
bf83476092aae713
6ed9a3f3e2008199
fb848213cba0ccce
7f95379f40f3991d
8310f061f5c7d984
7ca823dbc5ab766d
b82b46b8f4fbd2e6
95bb04872e6ae15a
f6268e484c5b7a6c
270fb030be9b136c
73325a0d27863f0f
6dc75e7ffc8390f2
269f6dbd73cfe02e
9559d079d2776c23
33b7290a79da7691
91ec49eea6269a18
67daed020ded5e97
369a3403a7f5bd59
17e8941520305e80
e1e6e9f2a86f6042
e004f00e15b6d206
62780b1a86a1cb10
64c77cb7e5f57ad9
a454de8fcba1a493
982a989350291e8d
f4841d169be31552
d70c1e7fae978040
eda3950777e10dde
923bf9abc9a1e7d5
63bbfea9f62431c2
1fd45d18cc356109
49e0b08f353905ce
df67a74424025bdb
44c17a2bdfd19e7c
b5b83199907d10d4
5592d01c4d8f5e93
f0a91ef2a17fd721
c4ea493cc48a9035
8a56624b30369419
a419b5621d9706a1
11e818a49298aed1
b1249842e9f1154c
bcd33faef8a7e2bc
b8df01b168de0d03
bd68482159daada7
18818520050769d7
415452f02f681b81
d100e0baef0f8d15
a664bc54d3b725ab
bad3d743aa5d7abb
5778471367d91e49
d1c6822c77a3970b
d4c14b95295469eb
50f6fb18d6f819ab
93a83ba603330f44
c42736c10aa1ce73
17e98f7333db9748
1722b683ae8f5319
14591496d4c37ffd
c03458f9a908c5cb
4875ad6560b1609b
4a41eaad930cfbec
e42fa368b0460067
c35a58dcba9b2b85
bded654dff46a520
4778f86063004418
db31603d63c36cae
30519cdc954b2135
f32e2f7bf612786b
db5e567cbcb68f33
41f50676bb74713f
9c7dd9b34acbfd29
3d5600491b9adb22
7e81e31620d1bfaf
f953834e4a90d525
f5c7ddef91a96445
0af3961ec62b06a3
20164b23f948344d
a9c880ea66a693c1
45369e03a9e70ca5
73938b2629deebea
0b51fae6a97322a4
913ff12e05472512
2a9cf4d771f5e95e
895851c89cbe423d
ee2f8555d618002e
9f9386028e7c076e
37d6d0ccfbdebb45
ff0dd457c4d1d62e
84b34a1267e909cf
e63b8d7227df937c
e0da4bca1eb9406f
f0ec63e34f87266b
62605f21932c0be6
ad391b88bc7be039
4a088afecb64abd5
1f44efc0ef15f1da
f27c8bc0b92c7408
a2f687e2bfbad419
a26f5cfe3eb14a16
1737ed83ed48913e
cf49f1c5c195e1f1
84ce7e146f244012
37a87bbdac9d793c
7d45fd520d81e7de
8294751848674bbb
dfe697d1beaeaa70
205fa5d563f335b9
62b9ba2269f6caa7
16fbe43050c5d591
96a7cff773ea38bf
f426a705b9f5785d
ef367106d1c2e54e
eabebe7e94f64418
cb35e1818d6f6b4a
b4d3c615764e02ef
68f54f91b9d555ad
e5092ec906e72c84
3cb8441dc77ed4c8
d783587b126b13f2
ef581aaf51567889
457e7bddcec5d868
f629e0a082f84ca5
5d6e90563bde8c7d
ec28715852b1cc88
5a710e5778f4707c
c3ca8ec7d03311a7
9b6c727ebed1cde6
500d581c3e311ae6
1c3504b112fb3f74
f507bb05dab6f752
164f92360401711c
e8bcc67f68ea0d53
ee6aff75a910d073
541a5417e47c2195
a98cfd6fb0d46888
c19eec5a53b7702b
05fb563c6d55a05c
ba78938c98b0624f
d477453e4c21b512
06779bf99b16a716
7f1e896c04418c92
2507cf86283635e2
ab43f803c8d1e222
9f30876995e69f3c
ad04097a539736d3
bf4675c8c7637fcb
9c70db72fd6457be
13e18b0fb64bad6c
21d57b1b25ed287d
62c64bef1f44863a
477e8815bd7b429c
44e85295649c6ccf
841ef02e88872941
34a3b409f32a839e
e1b5bfb300935f4f
bc3ba459d002b8fa
00f23a1414bfcf02
b1097c77eb781c7b
92e23c05eeec6230
95a9e666c580339c
05d9865e9e8a8575
d1fbe99925053afa
c1bef0ea80544118
ed4423a9c3cc039f
4c2e938b81ecee46
141b2c0142593616
0abaa0bd66e90ebb
5111cb7c075c7d69
9c91a21d3993f0de
50da32b5a3682775
e6597d3d9f49aa88
ce0e910f111a6211
9fe13eeddd0d388a
b698fd693255a165
7e2fda01bafea8fd
41ffc25b5e18724f
e76822be6ce1bc48
d416627ad81a5189
22bc5f3d8a16a935
8d2825a95b67d5f4
5c3b9ca740b1fb1e
1e73901efb3a2c9c
37d5dccc2ef5950f
2b43826d414c8499
061d9ca4becf5ca6
dda43fb74cc06442
5c3d8b6564e39c08
5fc6bbbb3cd3813b
b5221fd5785e854b
cf2e4667da74bba5
ddbe0bfd8bd3a990
7f3772873dcc6f57
63f4e2feaf3094ae
3e1f96631dd10c74
e0db307829ab4a26
06dbdb2e8915bfdb
5ef157ca8407358e
4794d05c46e5afb0
f68e8104fcbb239a
3ccf9018522b85af
320c2d9f65e52fde
9e2b03ace4bd9730
c91f4b2a56628060
f37e408f694e9e40
325c2407820f69d0
4ed4f291e18d464d
da66a814d13b1ca3
854533495f14f84b
b6c37411cec1cd7c
628bdb43352c0337
bb21d96e67077c6a
bb6701f4ca8e39f2
f6498410d51b0fbf
f188d9dafc937ce2
df0f9c49ba33c48c
8d5369b61b0fa695
8252d4da9bb9a101
dafcc7ba696f13ae
794e27a29931783a
dd5f143ec5ecf48b
a5a2feaffd4be478
74ec337c642bdcfa
064d63b7c4ecdcd5
a9eba340b8e1d7a6
c5672bf0c1a15612
511ecbf240bcd305
559257df1e179f62
53956e58ab5e76a9
b83fcded21c9887d
47034e1614e26b38
a359418f6a816135
324a1f8bb46c70bb
e3d8a7871d7f6725
0bc429c273ac21b6
3d8460dd18550178
d29b58b77ceb4bbb
e8dab48b606addb9
66bcc676c2603e03
2577f5dbee537b1c
2031e13848b180cb
b3c0084f1a193c20
0aac500567eda706
aaac92ba015f4898
22eba9785bd77642
ab943aaf450a6723
d2208a6716bf9d5a
6a71c8ff1017ff47
a78ea354e2fdb383
aa39c49691f26205
8838b19e83d15395
e19b1ee802713d9e
88da4f46b5acd520
29a4505aebc8fc73
0cc15b44ded45296
d5172bcb1d51ed2a
69d0c29ad57b9c6d
1ed46e1954945ae7
b21a5802faee6fe1
d775b1c6fbfcb143
9fdd286e3c223c82
412257c7db98c46a
2dee37b079fc7540
7ee41112557b5d83
ad058006259204d5
9d349fdb9cca8883
583a48b9c4aff8fc
56b90e8dd1621f63
938d06940c7bddad
13b3a264f6512b9f
af91a1b3ae5ed1e2
47793effa23585f4
27cfeeb81d41907b
1dfd1b73a9824d0f
0c6cb1f40d624bcc
bea819925ec2f66c
81dd295f16b77f71
5d0630c1d6b13dc5
dd6507006de7baa8
5dad6fdedeefee69
296d96dff4f2cb8e
3f4906994f32cb4e
b7dfd82ad415c65f
a5158befda538301
bf0a34e250a25929
53e872bca00aa5aa
1c48ac32258123c0
44426d5a82ee6c7d
de48a11eff4b65b3
6f1ebf5858e3415c
c9dab77c4043eece
f77b0b8963f82810
f8677465bb9edad0
7d1c240efdba8c47
1e3399643e563fc4
b85a041f604d0b43
def14f2e8d192a25
5b45ed2f7ca6260a
b091eb9b38b8067f
2b1e27f85d3fef95
d26a29f011ab79ae
6b100405c5d77d78
14e15d9794c52f05
a1cec4311ef01965
fd3c3df4b8c75547
65b221c74fbcdb58
8988d4b3728bb585
bf60d26cba4d6bf2
e8016eb12a3ebe76
78138b792cf544df
c18b8807f78a69f6
b70ed927d0570ed9
7077858eea9d5e6b
69daf7bd22c4e4ed
9d17f1ba9520ddf3
11cd1b798cca9017
c3f3a11d361290b4
cd0d131cdac0ab32
9455067e85e37f55
7833206e8c0626c1
6590a31358ff072b
0f67a5752ea6bc9f
c134018631879151
234051906eef9036
78a5d8f3a0e12576
445a7aedacb16c98
78600c649ec95c09
015a012780902e59
564963d3c65f21f8
04bcf15f4d4cd6a9
d37bbb2be935f5f6
b1a82ef78cf344b1
6611022117d2ecfb
30e47880a64bb689
6eae122536264747
9d554a16b3f94a5c
5b71a99205e8c2b6
0b57bdf87923de2f
4462fb5fb7981cc3
e1ff191bed298f97
4a5a069ba67e32cb
651cae382d5feb1e
71cbfd08c6851378
f99cf97975c95e4a
d211a137bb5d674f
5cdd7402e56a0dd8
acdcfe93c70f9ee0
0a7838dd3adcc19f
cec70ed608012c57
f9dd22fa3e63967d
03256b4679c0a75c
20dc74710378b466
87a749a650d5110f
6450ab4dd5df0f41
7d9c6c481ea20781
7b94aa12f7790d29
f23e4d2633cc5574
31b73ef424f41423
1073e265bb5fe55c
1b97eed94b563897
5ce5e4d06c809e28
47c2b96713e24a05
0daa9b275f5e00dc
c079d970556ccea4
d4d74c562614315b
20bbb4c71b1edafa
f585ada6a91f5976
43a8391de53f925b
82523e9c2d42b40a
86b6115057d16409
2e94a892ad976ec5
da83b6c1b487f632
b2a8dad856543817
fb25f1d3eb74cfed
4d5fad1ea26b6344
463f9fde2ea8d21e
a9eb1a2992125a74
cb96890cbaddd74f
d69ad7dca51dc53b
9838a31b76019c3c
8082b6a8e2145899
ad3667d06dfa38a4
147b8cdf64ecb5d2
28bb8e30554b5709
420933f2e979ad12
b90eb5ab6b0b9b7c
dcb019b93bba7934
f3054420598e85bf
0fdc6618922c35f0
48dbf63320d27319
c10d2fb9acef7956
595e0a7623dfaa19
eca272a31f6cfdfd
feada1076647b85a
0c664f4bc4fb2dc2
aded3d2424d44b1a
06dea8c4a8f373b4
fd602ebf683b26a2
22398825fddbb146
63812c2b21effda2
a737a5450a505db7
031c143455d86920
dfa8bac23bfc90b3
9c9a66d035198532
011fddf3aa2dfb31
4716801542fafec4
8d39c1390146361f
524155b5edeb330c
42eb5171618d496b
97873156a9d54425
2126bb3363196f09
aa3dd5ee6b0395a0
89ec06f0be41183f
5a0672ab8e7c818b
273273caf26ee084
baa34bf0e1916b30
088a69fae17aa30d
472f1bdf0da3e77e
6bf64ac89b7b42a0
41b0121660c24d35
c8df45246748b922
f4c393b06f43e11e
8cec625e371ad2b4
fcc5bee1bd7582c1
b0b166e99d7f16c1
81a8b2f08f94b552
9ba8a56bd4db20c3
5f322f554d047567
0e6b3cf51c27b15a
6697f2b986d4767d
5751d3f33424a7aa
c11b490410b0c81c
7a0d9a335f6956df
985a272bf9e58107
6b2f0b02b74b8ed9
b76e1da878bc4bf5
a86e21e71e041019
a49fedeb938db9e5
67c7c8803521c595
d9a43d4220ca5b19
1b6edaa4ab4a36d5
ef02673523ee4cd8
3209ff358df44063
26431525f651fa48
0e06634173ad32f3
f286efd30516ba7c
3c3cb0a4bddb3393
4f3fbf06ee143c2c
a3c1576c9e2e1898
ea2b808a1ad48b55
39516a0c71988992
ced12ce8a682ca49
8546c9fe92f6dd43
5345d09975045301
a3b6bb4d5dce5dd5
88798b2b6a1d5b3f
e3b5b339af135e6f
34d62e88e2bbb59e
33a560015006dca7
dbe8bd4a7636225c
2e65d7a5ced26c44
edde5e5e0486ea2b
2bdc4c4509899aab
e28f83b2ce8c4dea
49d33d224ec6af18
c62da22101847ca8
e2db1f564ce0326a
7de7eb59681213f8
37a53237195a4b5d
5a482bc2ab6a8a6c
4b842b2e41605df5
4d0b2829e07c901e
04a0206b51248051
7c10ddbd22941514
002582864c534b22
7243dbec970709a2
d1832cf1c77bb4ec
c3a45805a4b9336d
dc3fb631f7ae8e41
6ddb186f6e923a23
54f7023e4058ec7e
83dfbea251e8204e
ca72ee6a144b1837
2d43f03d611a943e
34b1048957331462
68845835d95258eb
e5eb0a89cca551bc
076949d0f0b33184
d871919141e02d7b
ea4792e6d963937b
231269b0e71ad38b
8161026922ff0296
590120dc1c8d806f
c7657ec38873c985
40c43bdebf6311e1
ec699f6d61da2f1b
4c9c20e029d12afe
ebde50529224444b
4f916374087efda6
52aa381bad1440ca
379238bc1aecddd8
3642451ce2155756
da9ece4db8a92e25
07638781d910df68
63a7094ace06c41c
f651c7383de2ccc0
6846166fb346f390
d0f8643b23108d46
acce573e6500c22b
ec4ddd3fc5f5085a
2f82180b7efbc093
08a37b6802037431
fd8a0e80ff03db0f
bda3341c3b8584f2
a4331d55c590b331
159ea7796576f2bd
06459697a84e8ba6
1047527956271055
0c00e252685ae73e
696f4582bbbb5863
58e8763f5fd166c0
9b2e5a14ac456a0f
b49837194535a3e4
733fe4502fd60139
66a95c64146c336c
a2bed1d4a7386253
52ad543345d2128a
4c3e310515d3ff04
3c129edab53e7c69
ee666154c508b947
9ec4d7d7ad634008
f5bc509452de7e3b
8ac9eba0a4410895
8430a09bee2355e4
1b53ad58d45f63d8
5c874262047bb450
441b61518346d5c8
d06e49566ac1217b
1b973d489bf2c4eb
a35fccc6313973ee
b4916687056b2a52
a289c78e646263b8
9c1c1b095b5bc204
52a138ebd8aa984b
d8d1a100e1d4883c
d00a0a8ba7d3a54f
028a93f389132f9a
952e02624c15ea4d
96cd8b04e5566fac
7d51ca365bef63b6
94db034989d52965
9938b038ebc0f132
c3cae6b718f67ec5
a123368c150c7eaa
291a4918c0f19c01
24fe8080e1509347
1d3d08d444d81bf6
67d1197daad909cc
cfb1a5783bc651d8
98b84114d38de0dc
60c5c999c8ff1800
274e6f952d96b7cb
4f8c46f1d29d4904
cdbd3b2a3f01ebf4
ea97c644a93fd4f1
aa01f67e92eec898
b7bd79528fc5db8a
c7c60a62a9d08566
aa00ce31d478e39e
bac8894da224000a
a53ff24c3191a9ed
93d54a513853f407
716e4094ec9f1f7b
b2dc565920cd8bfc
738c59ce06ff16ff
d37f2b69590c6a00
7680466ebcb5c34f
a0d8f968259f1cbb
a225afc77fa9dec3
d5d68c50574609d0
df23c1bbad4bd38b
216b4306885aa2db
9c60c46ab98c5650
e0cde058db996166
565bab2e1cd96272
98a60d920868eb51
c8f6b016f3cc0e7e
fbf5df8556d65983
18ae0ee103916c1f
0238e29f0885609e
3aa5e7cfed03422e
5118c0dac3cda20f
39b52ccc6ad9edb5
e3e0e205665ac2a3
5955ff4e3e447b07
ced36bf1413ca88c
e639a821aaaaa9ac
e6a404b5562f0cea
69f90d62237f9711
10dfadc457e16c34
00d06cc1e14867d8
2745532423210cc1
df98972c12f50f97
7fc2789e9ad0e142
74d53ebbdba4b20e
bae502d273c1ac25
c51689d61781a807
61d3445117203cb6
fc1e7c97f230fb5a
4fd9b6d56f24c780
37ccde0541429fce
c640e606e4862f46
7df6d86f6a8be232
cd97f32ab1e33e6f
d0cee81d94bf221c
fd8bdaeaf8970287
78509cffa7f6b931
c25160401f063372
a01f1271d5edd967
e899556fbed32eaf
52f6ab521477d4bb
a9121e86c0218b84
d6e9768daa4fd4d1
8b91aa5966869505
495810275e4477e1
e685672d5cbf2f4f
4122d5214df477e7
dcfde225eb8d4295
60aad85bbc4107a8
d7e62ea925f171ff
717edb88f3647deb
bee91c779a9b65aa
dfbeb60e9cd5a2f1
53849200943c6fc8
fe52d84c7fe97d9d
8c9e990a524b5c1e
d9dab0ec76406edd
add532f5bbdfd3f7
e8ec42c4524b6280
22297a07ae72ed5f
f7094299189e2b78
d060e851b2446a46
8bdbee640a656833
01ac8b1b9f6eec4a
dda49d7f9819d9ee
e9aa0b23538e3738
408f6e510e501c35
893387076a04a513
e47b167461f8b91a
67c2d3498e86778a
6527c891510a3e98
2376be96254cd90d
71f39a6b09ae0738
924d8daa0d29b3a7
52a009fc40c73b04
e44fc67cbff7024a
c3aa40efcab15e18
49315f96741cb06f
1ba6c9ff78e004de
e0da6ee5c8e6ba2c
42ec7ac344f7ba55
e1f983ead51e9dd5
488699825c095120
57e65e06412a96e9
4f2ee2b7e2f26a8e
d40f242f99d44ce6
3d89143c68718a04
c1e1fd190d8ed134
602ded7297dc8599
2851b25187b74f4d
1a72c84e517c3308
fb932fb820d4e28b
20a59ee87adbe464
7d5a3ca422de095d
83698aa6f62ca6e9
96f2720f98786600
f4a06f9030a669e3
6030258143bd8216
29d00d51ab78b5cb
841b68e4f35de084
ef9a4c6e4fbb3b14
2b83ad7ea33270b2
99fac2cb0b0b0dd8
d62e1c890a486d44
854c52a45cb0a16f
7a7894492fff80c6
cb78a8e37900fab6
5386cb3e78cb183b
1172a12b076a939a
af35061e44bb95fe
64a9a87ffcae9bbf
181e6f41a788c9f4
834e84543f376c8a
03c18fff3980c415
6bb22eab990b7172
d5fcf0f4841f51e4
ed92d6f706c19ec1
0ba1263dd0f35bb5
91a151a182344840
80622c3ac419defa
3259504b52e66650
67661f178bc82973
0af165f88d7804f6
ed800de8da540884
5fa9fb3cb2802242
21197d44a93c62ba
077cacb8ab913da4
1f4b603c6d1c63d6
59b7094db76629ce
3aceb7d3b6c5edf9
89f1c6e611c3d62d
b3ce61b429a4663d
fb899496eb37c4c6
01cc42f024f6b4cb
029448ab5cb36804
1fcc7e20bd37ce21
0d3207d7e3324adf
6196cd43d6a7624a
373f763f508dd20a
9c45d2e771b1a582
934e55d29f3f6baf
8f5ed28d584138cb
146b24b1b49e420e
8de9ece54a947c0c
269896553fa9d04d
e0306281a47eb87e
defee749164c97f8
b31f5b56c6ce6363
3e13e078fd61adcb
0003730b4225440a
3a17d7381d054639
d352f4cb6614db02
3fccbb1f02b1b1a3
6eec1e18511e2707
9424d606a3eaf619
0606cc9db6d3edb3
33d88fdad5cb4a84
b89d4e198fbf2eb2
63db10a6eaa66aaf
32339f191aedfda9
03b4837930c3b22f
3123d11c5ffab2bf
f395810e56de62eb
87822c26ed51c28c
2ff3beb6f6ef8aea
dfd8d66d4aaeef2b
a6e315e05f8e89ae
29909332f960849f
51b3b254c0d3e3bd
f1e6ab057cc6b03c
71852511eb21a3f8
519f3e2aa7bdf493
8cdcc60f8f8d118f
9f503f1f78a51865
236d06a309552d73
42d57a02a1372652
16ed6a0de73467fd
c2c04245c8898c25
58cce9d44305bd1b
78225e7c59008638
59eaa014dd84217a
c77852b1473d1a32
bf7d9b807a0eb386
76147a40c5435840
f711e258dfad9e44
064e03efabc6564a
3040eefd3b9f10be
062b73cba88a3125
58afbee5951c133f
4e65c2a75a8a43b4
9fb2a1d526a5005b
d0c6967eda5c08b2
f316d09f37f93b4b
69bd13f597f0dc3f
3879d79c729899c0
7025397660b8be7e
e6b99e8ba6cbcb5d
54c160a640f25f1e
94bfdb41c79a3722
4bc28152443e3f7b
d8f7116955262b76
27313fa08053665a
0f2047092cd2680f
32fce1d20e4a6009
c9efa7acea08b672
84281d8f99dd036f
9f6b6eaa0db9acef
4b7f8b64653c16a8
53a65d0c2bd82e80
a3d25974d5079dcb
0e34b6f840b1a212
2db1b0a8fcfd8a8d
598bdbcb6eba7087
3464900c75c01869
e5df6e85223e1156
09a29e439be663b9
5993fcca045e4856
dd0c645a7517f0f3
c4cc0eeea057c516
fc1fe4aa12f828df
fa812f92e1f8fbb3
32fa38d20380c749
191dbd744e03f478
6432efefd1b90e6b
5f1a6abdf86f3d87
3891a4da512e5eca
76aaea8e3da70f18
2bd2a75175d38bcf
4b0c0e933e5cb7a3
32081131b9f9030c
6f4db61d29591206
f49c4c30ab9203b7
d90906fbfa4fa700
3c063a5bea310ce1
79fb6e1fabc5a417
96ec14c2035a5b45
a60ac914080862a9
f321c7c42fb668f6
c2877a29444b4239
30b08280c35f1727
ced7ea40a154472b
26286ebc843dd0c5
f1fc6c88520145d1
a50a3c89c818e6bb
7ba77e677c027f9e
9602c554e507e4dd
f958fd6171ef8d97
26bf61c5a2ab6af5
bf3032e5efe616a5
2bbc8c9c83bc9b7c
2e8f8affbdfac72e
f645e768c92c368c
fe22a11bcd34950b
9ba122e5f6c3e628
a9ee0e11c633b134
2086bdd7ac03efb8
0e2776951356a2a2
f163d8069727c7d8
2d0b317c986ee8cc
8b0265232eef5b62
4e135ce9df190233
fddd43879ca54a3d
6da0ba04fe16b41d
6fea23515accd864
87a945c7ce7fcbd4
96ed831d042535e6
2e393625db48692f
464b3bab498d2f5c
c0bbd3f4f9ff3241
6d04d27ed3d300cd
195a2f9dc50d6cfe
35296a345744b720
c80f8830830477eb
a22256e0905ff40d
8c990482801e3e42
3e3d579e60e8b7cb
c7551e5a28410f8c
4a14d3a869060e58
21709832f6137cba
f55572f866b74243
9232b15b430f34f2
9928ab59551195f4
cacbe56dd417b5e9
727b03dff5a13873
a1430d1c832463d3
68a81f8f1b92154c
308006e03048477a
eb6d8ad64c4ccf85
48560209bdbb4d51
892140caa9d7fdb9
b6025f9833ad91cb
7f338cf9ee9d5f20
495406ef55af41eb
f6516c437e9e83c5
898c862d6605c1d1
d46fa1ea1cd096d9
df4376ff07e30368
fa705709078f6021
0a79390d07fa914a
d543288f57a33eec
615d0be619ab1ba9
74b268e85a07c9b4
e33e91aa459e612c
b81e06b1bf992724
fc7535dc575d0910
586a59c44c6f8190
ac0b44d94812d8f3
30addc2ada2084db
62c16f1e3f714462
a6772c3f6d6c8202
796ef275ebbc0cde
472b36c5e3d76e8c
4454b79b08cbdafd
36b6fb094178db7c
94b8db83c891f8cd
dd3b08f491c8cc65
f63f6360cdae2706
4b6e7bf1bf0cf397
5daa425da000433f
8f16e9f85878be4b
e59170be55657b36
5118f09578535fdb
3db299bce4f8be8a
18ba2f6f80aa2690
f841ea7f89c3aeba
700d25c795df11c0
922e8db4cf9ad68b
6252b10e71675d7c
484e8367351fbbaf
90c91c8212ed7e2c
edad886ed4fed479
7b451beaa9cedfbe
70f4a1f28c95143a
a0cb0f9870e6d68a
96e20b5148f0a541
8e5a6457925233e0
f21dc1ea9e26d0af
3b901c2981b5709b
6ca0d1474f59565c
c096da44b1d3eed5
76188341a58dd841
042ac1a68ebc5c43
763fa28a8530c908
c602a77cd89ee0af
630c78be61337698
9d838d038e7cb2a7
d3335ebf9a991abb
c7215e2d5ef22b05
7533bce53b026d29
d261947e757c586b
761b405beaa07e16
e14d977202895fce
c559aaa56c28c66c
dff0554fcd9c930d
ac875221b22a58dc
d6722de462be2399
284b8bd86a7c0dae
64859e6d1d2df071
0daddc86f8b5da75
19675e1f140d28ad
9ac7a7f5b9d393fe
398c7d1e90519e46
36aad161305aa594
ca226882d46fdae7
9aa6b546ef0d0487
728c49cc29d14129
adba24d23f6f83e5
f000fcfe57f84365
9d6fa6bc194e2236
c5288e31884c8d6e
910bd10f52fe85d2
79314c0c8693ddf6
165fc9c9fb00c9f9
7534568d6a1db3c8
136a83c11ac525f4
91eedcff083348c9
ed897cfa0b500e4d
8682ea3fa04a3bd6
73b568197d3f126c
a96130c2eb1a6a8b
85e0a64097f7fc16
18745f7a5cb25228
ef945eaa5b7e5e11
d002d2e1e2400a3e
ee14f64e47bebdd5
a3246b3dc4a11ff0
2c5628cc062ad6be
4e3146c444de58c3
88e2c142cf842d10
282b7c6c3e1030b8
19d7bec2012a2a45
24dbabaf469cc595
5382def262636c1a
930ef68f16e29694
15c771a9699562bc
a5160c7f9e7508b3
020f22cbbdd658cb
42b1f879df6dc485
9319362144f6c7e0
6e7857da37cda921
0049ad81819ab5a4
42c9a8a0519f53b8
6ac87173d9c55797
0bbcd96249898d0a
7c92f99e50791e66
cef67ab07b051c18
882f3c771485cdc8
b860d775bb523c5e
6f2fb326e1364075
59687b62c244cc54
3b4633093ae2a347
365c1deb3f5446ab
b2fcc91f149c417c
8dd9a410ca11d07e
8bf916105f244fe8
78e0720780dce075
c12055a421bf514e
1a0c8d35ef1c8699
2f834bb702a51463
ddfccf1f62feb5c3
b89f4b2a733e59d9
ad8c43cb60b6e0e4
d47c31370bb3b5d4
681c9226a7bc29c8
8f3cc9542ebd06a4
6f252c6469d2773a
85c5e8e7d99ce27d
fdba796daea6f2c6
b0b67142d0144b91
09b8eb20db08c2bd
bff8a87461741746
7db7826222df08a9
285e48460ce9e685
be0c47475963d95f
d1182d89f836ec04
8578f106d2eab4bd
f4a0e04d19eff7b0
e87b2ba2081dc60c
db30f58d203ff4d3
9707d94d2ddbc4c8
0293c962eef661bc
a21ce0d4309be8de
a3cede30dae4a516
fdc02d466811231b
9c2a516a8e3bb1ef
e937a40b0962f9b0
0891f6d5e3706ec1
da89d19efaa5c583
4824756c840d5652
df6d1501e2966445
f9bbf84b8c3af856
190ad9cb0a4a1e8e
99d1afb61eef877a
0abceb3251009ab9
6f83cdfdad49775c
10821261e7d0a399
f12ff5ad144c40e0
7de6edba7ce50afa
4fbe39a133c837d0
effa8bb1d98bcb32
ca0278f6da43a4e8
77c660440cd74e0c
f58e380ceca7beeb
c2a3ee3eddfb09d9
baf06a11a5d86a82
fbf5572e1fb387de
95fdf568ecffc45b
088f6c1b0ed08edf
5b2506e5ca0492b9
9cf8008e9f6a5ce7
617721a4cfdf54d8
8ba985dfb1ac9205
409bae6ad2443faf
fb52ebf3bcd564e7
b51089e4656829df
7712f071e28d660a
9c6f934998b84dc2
2725260564cc58bb
e78890c7d76d7ab4
38087a15cd7068c0
db0bc2ab337734ad
5443b7843a21c9f1
05584aa177790491
1edf44cf2090fd4b
44cd31e831c4e3e2
4290658d4c7ae8e3
4fe2032e0d9ec91e
d3c9267f2e5c4963
c89aa8db5b06dc73
de490409304625c2
2fd8f2e163dee614
82e0ef3c5bac8eb3
92211721b3d4858f
9cf5bc127f6b27b3
ec3b470758f577cb
f5bb297ec25f03e2
6997144fc37d1040
04c02b054b542cb1
d85fd95263ef0284
57fd8b54db4ea3d1
8c35335e90d58e36
a8e3379193864a51
9f013b5d36d46ec4
375ba280ffcc74fd
e7035b0678ec2004
e8d417132626aa3b
c709c59746c693e2
f9e768ddbcecd2dc
1089a146e5ba5a1e
646d737e64b0ca7a
a67d5b25a4666466
46d3f8166a662881
18e1fe35f8e95e9f
a5a5965732cc8bb4
fe7a197a5855a286
7c490ff8aab09dc9
1a099facced66af4
faa8db40acec305d
b7111043832cadcd
8528bfe4f0442f06
33412cfbbf673ed7
b0c05b1213caac43
0d8e4a5cc2334a48
323d3fa00ff652e7
2cce002d239ef6e5
562b2a6d21473810
4de8b2c72179f625
e622dba2fe65472d
1f8e4b8bdf76f3e6
a78f6ee45c3309fa
e52ed896c9f7b175
9c3e3bfe7dd5340a
214d0952b6a39186
6d7c64daf611b165
437fbe4d6614cea2
4184fa0ecac2f3a7
01bf407c15def8f7
9d0e79800f25baab
8cd9f3ea3ecf7629
4fe2c92240c89ea5
fc8ad4c2a050e054
98787b1ccd78457a
0c1107b0fc9e6e3f
17b4c2055e050b91
705aad4d4b69e23a
0cf84335688917f6
ac3bb313656610ce
ea9bda5a0e6a720d
3a5e384911483414
c4b2576dead62757
cd2775179e21e63e
1932380d72a5b1bb
02917358afb8c2d6
61b60762303ac4ad
382ab7d3b66607ef
8f5b9842e2949a1b
6bbf62942af7fd04
93206b5e0678c3d0
e01b909f5a37d9be
7e2f50bb5c385500
057d9d6cb39e1fcd
6fec87e4d666f00f
a3740d0f2f69d8b9
325516b76e320273
f8453616538ce631
99a5a5d68d3ee130
56b95cb483e7acf4
430e97e7455c23bd
248a4cfc6650e6ea
436c0b293dd018ff
436317051f0bf3a0
159be6981cead757
2eb66a274a88afcc
ec08a875870f47fa
b50f50835523467d
949e66edc0da855b
ff93509b659c88c2
5a360d9b08511d8b
1bc022aac91d1a04
4a8e5ce93a2d5b41
ae9aaf1090298edc
1262949f4c8238db
52b947e1763e3a8c
b3399c05807c74d8
7b1a29f639a43a9a
1baef4c36c077011
048f2addd6261c2c
8a2dc9beac098c5f
62ba1face4ad41e9
70b89c008c67c503
d103308ccc8712ea
7eec969f81b3164a
48d7130d928b8970
41b9ca1e4d6107bd
bb4f5770fcb40275
53b53bcab084909d
fc25544a04bcb60b
ac51454201384430
775d1bb29148a951
5386863e3337e572
6cf767e5ddabfad1
848b08fee375ef2a
081bd62191660d4e
a24dc871c7146e63
5a65e4e8c8a38b95
ca2a088d8cd753e1
ed854393df53ee19
cc70d07272ffaac2
68d37c5ece34a694
313c80da2f9488a7
417e6b7a79b61793
7f3e5978bda7fc5a
41ea8b298b0caf85
003c1ac82b003083
10d667f74a5de242
bfd7894b62fe09d1
d96b882df01e4100
0d1ba922eeb4b572
5cc93873248335f4
96038d1d99fa3e93
3689d87e55b178da
9f9eb103f6e44892
10672e4ed5b36297
357819822d10a99d
b139f065afe01580
bae3830f76998abf
773bb045ac827114
1fdbf4dc93c40708
fd1abc5978f22b51
1db4845d2b3e87f7
ee30d340388ab02f
b39aac91ce065840
907e2bdb0dbd2136
f21ac85336e6d59d
ac61b6d932f13fdd
af6e92f60326730e
d90d3cd116a00963
ae4fe16d7a3e4380
f67125a5ce1e9725
b10c6c5a4285a1ab
03d44b045fdbc4ad
1fdef7cd33dc925a
c69c71185f71764c
d683a6cbef62f81f
60a5ee45cb4ce031
34f849daa6921d34
739e8711ca66e2e7
15cb30933306df69
8e8b64dc0aff11b0
f0c05ea4ef11abd6
a4827736119e74d5
c0f2f934b4b62eb7
477bc061180c1186
17e0e5473404201e
d7bc0fedc3b61be1
a8a65423bcebbce4
21652a74742bf7fb
d7b8d0494a724fa4
b37bc217da55100b
21ed6cbf24b67f94
6fe286373e8b18ff
8e297a45996ceb41
e719e4451b2468f2
accddbdb12309c61
1d9436ad40b84ba3
85ff862b60dea90e
6cd203eb5148f6b8
bb41adab01f0610a
6ed35aad46b5e120
234292f41162f7ce
755d90081999aadb
a94e43f6de6a8de5
e3ecb3340f73d317
1c71a82fe0de68e9
0ce978c2b093030e
9d8c0de46ebfc874
8bbfb6d08dad01cd
3d7384bff3cabc15
de1829db26762428
82c904da0587bd1d
755e4009175580ff
ff8d177088a8c6e1
84ff3e1125c4e7af
81a2e261a7c251d9
9321868d4963f67d
02ea6d6c87743dba
c35254bfd083f77f
849ced16f132f074
0de5c5effa73b652
d5f81e47f9653a6f
59aa45b0b2e7c705
cf5e6f1949cafd37
43eb7aba81a1494e
23e75091bbb193fb
1689954bbd35c7b8
283cf7692503ded2
df55ecac38a4cb94
ac253a4c145015c7
f4f74361d23e91d2
15f9238d5e6ba385
72405f1983831b5f
086042855365c496
fe7abf27462b7b08
24eb020f1799e8d6
ecc23beea352ed37
0f056a3b9c714429
e813a051f7f45195
a0bf91756ad163f0
ae6764cc9a5989f6
ca8785c01899e3a5
2dc4447c1d55eb23
136ebe48a93a6d14
889307206d58dd89
bf223d6c43a47d11
84058828d6a10d92
f6f522200b847846
c4e672fe272e1350
be723206859b80dc
3b6a9c0af6069a92
5c134efbd950e4e4
e7fca1590050cf06
1c030e1dbce5a0a1
285b041616182570
ce56f0f19a1180ed
858022955ff2a5fc
827d130f2b4f1f31
b9542e30f51c5682
b81e9453dfdd6b2a
da1e4ef1b2b7ec0e
8ee20ae7cd94fc33
c6b19586a60fc15d
3d07e83c89b33213
b465296413178494
4e328a35910818d9
a6b74b4bcc0c4ae1
c3f91f21a623138f
fce01124a578a207
18548809213d9445
9376b51fcbbe38e5
09b22c446a792d75
e7203a48f38828b4
ab7b2d38f2698095
2028999cf0bc6656
f3666c1f7057f50a
70cfd1bbe8a1c507
fb91d6c901d9d1ca
264b7da91d4361d8
75961d870c90a92c
4c58020486db266f
dc39e3eb8ca0cc54
534449f50cc1e0e5
c40d22a5542d0588
35c348946fe416d9
0167fb70e4c2e094
b87d05e5bd9a7e0f
d5cdc5bce2a833f7
952b66dd3429e81a
02d1689058d305d7
88a49fd5ac3d77e7
d8b1dfc21454e9e6
8d3c3cc90aa43cf9
a077e1f7518e98ff
5c19a237d13c368b
722d4b25962858c5
3ffbad5875479857
43565f09f9c0ee39
de285766a74fda39
c77892ec705c39fe
1f554a80d4b68dca
3ad9ec60f5c35959
6b9b40ed762be0be
3f0b2edce109f534
9da155db11bb46ae
62d861871094734d
cbe4b2e7988a3e24
171a8986ec2c5abf
419870129de495a8
184b6d318e1ac1d5
6476dd5b6d9c66df
dad0c8fb7bfb5044
36dcd9ecf44f969c
30e5d6619f3f3316
b7d78955a42b086e
45ffbfef510ea852
8e76b9867f1ab91c
82c8bee87ab89f0a
a085740fbee5ebbb
71be5133ce0126f9
a9060a2bbad8679a
f4d801de0e7898e3
f18af730cb43e735
4c6319fdcf4cab7f
fc1afd1d4f26e289
8bb184764f3575ee
71b2277acefe439e
186d23ad9302fc1e
6eb4155655376913
8f79263b7d71813f
d26fa4fd6b3432f0
5388d0c1a5b150ef
f727eadff70b8cdc
419b1f0fb75136bf
b50f8d8928eb2307
4eaef8b242207e94
1003a4738f9d9ba8
9f1cc4aa0d3a1eef
bcc4401fbea93a25
1624de93c4604482
00c24bc288edc5f0
3e552b6db264d8ef
f9663210828ddcc1
c399625b77cadaf7
e5982bb4b263398c
a4488af56405c123
ea6181766b729845
071bb215e6168e68
7ce877264812ec77
35a801137ab02a17
4e9a400301268b4f
61fc9c23de44c87a
01464077e5f8f95d
4051d1c2a8d47fce
26d099d6eb96ed9b
eb1656e964abb993
f7fd290e81df9fa8
8cb7447c503ea3c9
2ff7b91ad0e08304
d924486c97dfa2a8
2f2cc11647545408
1404043b398b9916
f7a1dc7db62e95b5
cdf1cd8590a7b552
9ef875e02c82f717
9fba21a836723fab
f2d437d3756737f1
f57227dc66d10b6d
9b7554883f60dbfc
962dd0826cc8aa4b
941c2caf7b1db250
f8b7ebd843ac7e3b
4f8dad2087d8e2f7
6ea459901fd15869
06ea39a42398d38b
cd129c6a9e0fc3a3
236a543fe732ac0f
7662cd5bed6df613
35c77678373a7faa
dafd9e40a29401b3
c4a103bc0a727b7a
802c953ce25f843e
c6fac914922bc5f0
9fc8fab3e733dfd4
fd9085e392c5ce7a
16e7d1b3a1cbee72
90f1f0deca8c7071
b14297568cd7055e
77a2bb2641859c1c
2f61786cc4a0fb0e
c1a3a278c050351e
6eebbd0b5c3b7711
08c860ee52a3b3a2
0bdc4168d02068eb
74e0d6639e1256d4
ceb22d4a2a897d17
1171513ecbc8ea01
7912703b8ee6b1ea
2f694bd1fc601d24
40c0d38abe4f3dde
ae6671007b2e0452
fac78c330d0c6809
f1b8e40aa8ae01bc
c7b05f726f38e611
cc1092a6e322ece2
a82b9c2061f2a3e7
00efc2044770821b
42e97cdef10d65fa
23424671db692327
5da7b6f92ed64d54
b81031d7fb9f1612
996fe85cc93762df
fb1b4a24a42bf23f
cba9a8021d0a32e8
ff79c45603a86489
ba4804bd1e71a210
8d544307d956f048
6dba1965a796b373
2b5c2d3f8bb39059
b6ddd09f592574b6
9ddea817ffb07a87
5579c11e5b63158e
13afb03e78513a10
cff6b57f1fec32f0
d166956d2d26177b
f245e2a222f9998c
13a8a238c5d47c3f
961a1a13d546e08b
8157c0d27f6e9495
fabe44e1eaf0735d
057af5cfda359128
37155beb8ffed678
540580ccc6b37be6
486c995543e06e32
7bcce33c2679dd2f
cc86ae60bc710c1f
681bb776deea8bcd
8fec0a64c41a0e0e
3d69de68e874c559
1ce0dc7d6f909d6e
e22ba7f5f12bca5b
5128a7faf574e785
88569dc01f8dd860
2acc2de9b101d395
8262776ec2c4c645
c00f3a500b7f27a2
f91e7645109c9efa
061b4967da64ccd1
795a88625dd99751
00a63243c34b3e29
d33ae857c53fa8f4
b9e41a14ceb414c0
b8b500da58cfcb57
96a42610919bc00f
ce8934332a4d7fe9
7002c4158327b365
bff6cdb19fa0453f
a6ce7788b161f587
f5d96c483217f49c
dcc7e25ac0853a9b
14817811119436ee
d0f1b81fafe64e27
98b21d311f204d12
cd70c1642150aac5
e8d56110375c0431
0d054782784699a7
12dc94507a9fd224
d79d76804e06115c
13f26160cc3c11dc
f174a8b880e1ffe3
ba76ea85b7634e8b
ad7b4a0ab622f79e
151817c1c41bbf00
af64676468c4c253
189436a570779901
9fca052340e2e4d6
b6a5fcef26304f17
e0dab8ada72af26f
9c281c7f77507dd8
d5531d6cd5fc2f47
81bcf234ce30d4a6
662b01830ad07b59
65aa23992292d96c
075903abc65328e3
7cf9d5f190213129
1fc15299fd80f9d8
caf3362d883805a0
ab824d3ed44d5ceb
5c6a97072dd47145
e79c1e5f3a7af14a
9040f515b1d022be
ef16eb4a0010fa84
b90a1b612b0b47cf
b62f63c499a7a57f
e7d50486bdf70c32
c635f2509a7ac03d
a25de03f1bf05698
108e30cea46ed1db
7674eeb7ef12af75
fb75a38a1b036a5c
49788fd6b335faa0
8528847121eff7b1
1c9cf881f1f57685
1b8a3b88d5d50d45
2e7fedaade9133a6
fa320df177815b86
fbef67cf0d4e5dc6
a9ec06fedf61ed9f
5693f13e00f4809f
3624441bcb21593a
53c2bc4e176ae036
9eb242dced7d3ba8
4f844cb5b3f975ad
2cd65bac3ec2ed3b
a6d45a19330a7305
d7fe1b284bbb2855
6397f6a68f1c2e11
d6bc9368379b0cb4
b96bace48f37100b
c01dcf7f3ff91fd3
97c2e8e05fe2a23c
10b07234e7899e34
fcfa70241492bdd5
7b515adcbdc5208f
4c962a3ee05cbcb3
0cc6f1f11563be31
854121522e96779b
a9aa6487a960c477
93cd4fb9c0f9ebaf
a48e2283d49079ba
dbdb443a9a12c932
75f4ea79a8541470
570e6f60a37161c4
cab508eb29a6b07d
a570df02f47ae4b6
7cb3e35b943aa7d5
0461be839f5877bb
3972c155c841f02b
3d6d82f9beec5d47
c6b90c20f03e9194
07035c269c4faa59
2a53a03b57b7c0b1
1698e24e0c14bb18
03fc44ad9091ba2f
1ed9bb5c1d2cf1d1
2fc0aea87a857e46
f0edc97a574e581a
9c07db0ea4c5eb07
31f060d2245871cc
bed0d61964f141c8
948875a0407c5bf0
29c5998480c2ca89
b60adaec1d16da41
a557c8f316b57eaa
9c5d09d1fb213ae2
29123dad0d6b6c56
cd4b5ec75fd35eef
870a39b9677ab085
77e83b3b3eb01609
f40dee4666714983
f6cf39caa1502ceb
26b39c469d9de812
7e67406f54cde88d
1b557944ee5073a3
a93895500dbfc8be
4d01479bdb5c2f0a
67e95cea8aa0e0f0
173ffda5db422915
ef3e0629e69f1002
5f616e0a5e34e877
0f084f78a344d5f9
83093eddad61afd5
bd3c7b34f519cb19
dad30952319339cf
481357058c1ee219
b1bf39d31359d9f6
906f20d0ca6e16f9
854a6f0f12798c48
129e8e7cd47e4442
905211074a762350
9db304ee947bee30
88e2255c18df4300
0a67129301306a44
37a1867aa4f9f23a
2788045eb674bc8c
f6ce8ace99ec3f55
43b31fa4c9fdea96
c58cc909b6fd3782
35a60be1ecb82cd9
b26d8a3ef821291c
10b97b20b0a3d969
23f7b666b33519d3
1f9cadc5fd18a949
3a4e532dfc122b8e
176e321d51660f76
c796b13ffeffa8c2
fbd0e16bd4d8f837
2442bf41e8d8381d
45d7248f65258457
f75c0c74c09eb495
43d1ca65ef8ead03
071ec4aea6676365
588d8438ef626a9d
248de2164b9b8bec
e040d25ec77f0e50
c0970c24d9833075
740ec1ae7430ff73
7ca17ed5f7e5a30f
eb7e38fa718f58f6
815f49b91f081122
73292a673add95f9
4699a944dd690591
f07468b5f65999bb
2fae9dd49f7708a5
cdd7d9a6eafb1470
83bb5823e48bb3cc
aeb14d953778311a
37b564273c30e634
bec26218785ca4a5
490b385a504e929d
bb078cd672e4c5d3
6dff68491cbc1c3a
65443c6fc4370258
5fc7efa43f2f6353
5dadb4978d17ae50
f040019efbd367cd
ccda465890ae0349
f9b31b89b8cce629
fffea9f197cb3385
69be6a06abeed2e9
3223cabe77fea3a6
b9fd383d3eb1c56a
83a53de24967890c
6a8efcf8abf9225e
1b473e3d109959a2
04e47380b0815f8c
c25d828fe2f571db
8772a778ffa83a0f
a545302adb472bd2
f3c3805715f2760b
286540d89c8d905f
4613814aa0b2d9ae
723c21c87f615f70
98870c6c6d1b2b26
8ec26e033a4b7350
0075d0ed918846d7
b800b1190c2487a2
ec719a063160dcc6
dfbc2e3ddba2a010
564f68e247f76998
7d287aff11e9a03b
4e5b62ba1a006d71
9e81d9a3b671ee08
589cf471f014a4f7
d159b3e26687ff47
11f4299093fbecf9
b3b3d8a085930234
8eff13bca90fd798
8de72dd43d50cd30
50959a5da0324135
e98d6a2687f11d21
418bb692a698b291
cce4b4e070ccfacb
76d7e645e7db86d0
98055b731c553f5c
fe09780a7506d0f6
7251f714349fc553
02d999381eaf268d
21b6413c5daecee5
f6e3608df3697bce
bc634d5a20ccbac3
cf7e5526eb64d563
40fb4ccf942c5ae6
8853a2dde3ce081e
7fe365551ddee098
5976d6b1d692446a
8741fe246b9dffa8
89f2be3cc712f590
baba13995823fe40
0bb20b182d60b190
fdfa4d931cde9872
00d9b835ddd0b709
7696a2172f685c72
1b61e0c598dcdc07
33a1c5f77ac0451a
087a86e26b917270
93da6f8c8017d0a9
dea3d37e9b5a8a74
5bb5144124863e09
44761ed13ba57971
a31b3508a0726ee8
849bdcdc0fc5ed11
ac8e3ccf61903d42
299c316ed0043799
f3341eb1d5317023
d4643bafd5de6b91
ea1a965420af11fa
32b744b08b5d07ef
6be5663ab02d603d
b3dde4315ce08b34
ae368e0ec55c66d8
fe9ddc3fa94fde47
60c182cc7910e315
918725dc5f5fa304
28e9096d9bc8107f
50bfb4f8c1d1ab89
122ea41d2c0192ff
7982c6d4bb8cf7b4
cbeeba439cc4ab6f
7560a1ee12771c34
f476a323732367da
d764e4f90e1267b4
c3a49d90d050636a
e6da6024a5d32cc2
d08ff15e9ae8b40f
5ef54411fe27b0d7
033791e7c0086ada
b4aa9a4e47ec6aed
8dbd95dd88b679f4
17267cdc6faddbb4
209de896569af402
78633cc2073e78a5
963f9aeb1768a549
09ec84e11276d38a
c180ed2622671cdb
6257e840590ad765
8d9163f113fa52a6
8c908b8642997b5a
32f253eeb7a95227
3b3f860f832c52e9
4570bd7bcb9d1ec4
9238c0f831f2b96d
9637bb3b85ab5327
79f33bc46ca5ba4e
53c0f2604aeba5a0
03b8c51513e56fa0
a175fd7c51c5538e
c884e959e11513ab
cb10030896907d58
4dbc3bc152f20e6c
2d09a592ab923d7b
fabe9daacc80b6c8
541b051178016725
5c9fab49e50c7b6a
7c0faf48e4dd5926
f32096002e8ec1e3
9078e7910587060f
b5820a7363da9586
916edd23cb2602ac
f389b0bfcc9cdc86
dd0e8788e74c1c59
917ddc80dceb865d
15efc11337492623
40da08321153951d
d273903e34a014c6
d73b5c1d0ce3fa89
0b355624b52ea000
374e0e819d569a1f
6a245096fa37433f
58e9b4e3b0840afe
1275704c0cf80028
604b04fb3d5727c0
82637540e610979f
63bce113755b61a1
4d42c16c04918aac
fe9b9b17b6bb374d
651eb898043ec333
2fba7b88347988c7
81c936f2bd219167
1a7827b5b6b45586
54b82a7620a13862
a4b0bb702fe9b89c
3fc6dcfe45e7e90c
598a732ebf0967a7
7908b010ca1a49c2
ea0260660361eacb
4e96487e6c5ac60c
8e2454edf29cbdf0
344bd813adf1ec16
84c8d2d09fea6192
c552dc9e1821d721
05dc5871e1e69777
dbd846a35ed5f807
8bea721c8735aba8
b73b6effc2defb81
3d9dad9e86fbe9ff
d1e9c873ce5ef733
6ea662c1c00bb23a
9ad3852c9f1e56c5
ffd053f5d2ef2826
f689389aa96503d9
8e2c3f6e0da425e1
5035542465f6cba1
ce5857bc4f6168f2
e66499f765e010bc
323a9673ea5f6f69
7cc6b6aabaeaa8eb
e6c009b0637d7741
51684e1e612f5998
b7b50257bc8c0aa1
c793ddbe0eaac600
73db3bdfc0c95f91
6a875cfdf83de952
dbaa3a09b8846a8c
eacbda605af67a24
534a25ac96a9f9d3
0925bef2f34f0778
882cbf3d83a5627b
6c170029523a2fc5
f61011601fd83f08
10dc286f731a394c
fe080a3fe44c7eec
1f7042f7302c4b2d
575fab6da56da056
84e75c5a57016656
e79205cc44619694
46ff35efd220ed92
5e735f253619a1f3
cb377c8d622e55d1
8b95ffd690c00f37
1ca10728febabd76
2e3a061d5b3665e9
f8e4f87070cd4295
4a93e1b10e4375a8
2efa8ceb2bfcf6b4
b6f86ab8255a60d3
12e3ebbe7dba4b19
593319b0a76d2771
6a52ae0ef91c3173
246226fd7b7a247f
cd0f0b068337719d
3358dd99cb468fc3
0f0638d7fdeb1215
0a0d2a65e8570f4b
b1ca88b73d8a4670
f1326c870bede85e
790e01f9d6d56127
ad3a7d1e6346f307
575525cccc306c9a
b687c612c714bf69
753c60ed54b1471f
51bbf3f11a87a5ab
9ddd3687ee26297b
bdefd163341b10cc
a549743fb26d4868
7a119dfcd6e39187
48b8f5322957d7af
39127b9b5c105cd7
b224d74145ad940e
4ea48cd3f8627645
c8cd349a1ddbd48a
45448a59f3568410
34b3de135582b645
098c7adb453e0c2a
17df1c5a914b6e2f
d442591dcfdfb5a6
07395d5bd4c87086
04300661dd638ece
e103df19eb04fdf8
0e8bf4a99c626b90
8b7782e5e55295e6
ca227784c9ed228c
62c67fca715a101f
5cad8a0c0c8e8291
4ea91791bd9e9993
00c475a343d09780
0c0c32cbb486ee07
a6f184fb4d161358
b0a069f9b429a798
f0a802fb977ea125
718b96ca37a92879
c7a3700c90de55ee
c0cc32fc1e0faade
8103ae136acd659c
c9f49c652e03628e
24868260bbc78282
bc22aa46899b6b90
015c3c8d28fcf5e6
1877f8232d35bf13
ee8256fb47474346
bf8bc33999edfa38
1b1fa38409527f50
a6c17ac9438ad0e1
09a00f918e7b07fc
af90a4987da97b39
198290b62f39cc55
5254e9685156f663
98ba8116fea59044
498de5c573476c6c
5b877d8d1b855425
2b6ea8d226c4ac74
7cb38fedc95b18b3
41c69a04df573d9a
0059cbf74b0d1c40
31a3db4fb128aaff
a7a68e1aba4b6bac
3ea4307b224e6ed3
8128ff83a4c27062
2c6b9c3c88a31c55
32055daa84aca872
fc9f21b899c8674c
6f2a1388a396acd2
8ba8bf944978b61f
a4c23a6ec12212f4
e47a905a4d6b1b48
634b0b0a315f4f35
8a2a2ea01edea539
0399234f0a0cac7a
7c320aa58d89d677
9d7e30f882b40945
4da61c4a75b6b2ab
b3ad7c63dc78920c
d570264a5f96ada4
9b92e556785e960e
543dbca2086a43dd
28b695e52104f437
07e04a0d86ddc0c7
042a7f841b7f03a5
7b50a16d42317ca6
baf7fe7964d2c9af
6950f4ef84ed98b7
a7d655cbaa20f7cc
4af5981a0571d17a
0e263ec6f95710ad
933409f9a75fba32
a7f384d18c058bc7
344926fd5fc98b78
bed7e7502955f4fd
008d14d98a6d1a1f
47239fb63219b640
ecab340ee4fa8c7b
27f8d72ee9d576e9
605f7af78ce0d9ef
872a0b6dece233f3
0f23382ee8431e99
1a7a8c6deed8eed8
9c179ab0a1220551
06631569348fb41e
7d81675b89e2237d
92e27330acba0657
cb6f40ddadad3ee0
3e4de3fabfe0ed56
d0f87e1657ae0d24
cfd5d6884bfc0680
54eec82c7600557e
24cd8e0025dff838
168c5bd791f01b9c
3a6268e94f03ce8f
1c303e2479005c73
9bcebb27fd4dbf22
961078c837d97737
403a2475c18fe3ae
7f2d7744798ff604
a2d3c7add9c2e077
c975b85160cd75eb
fceba7b1fbe093fd
624ca68f72c3f58b
2a2c30c3b29b5c0f
8ee4db56a9150019
ae60d454ae4d9c05
f0a073766aab1342
2646a8db2fc8a3dc
6cf65280b563d418
b1488e989b9051b7
1c335792e04e7c6b
f238126ff13be00a
a2631f78f13d196f
183a0e26fba8d6ce
06d32b53f893eef8
1c8dc81868a970a5
f3d6c0f3b4420279
de22ad0aa5b91c48
fc9b7ef882983912
a36ade1622a0714f
1360a435db6fde92
27ce8eba9a60c2ba
10f5df30fec4962d
7e2d677c1071181d
3f91d4b39a2509e5
130664ef901494fd
dd7e70507c340395
ffcaacd9736c13b6
156d2bd9df915d6b
679cb272be6aa2e1
a5df975f7693deb8
12a0e72ced13710d
33ff0a7d348477b7
b1a5a10f53af0bf9
7af26a917af1dc01
b09e6a37c1e6f11a
4ac2d8773d956684
c82f2c4347b49a17
979b81b186c002e3
af768389e7cb1e87
75978faf5c9fc460
067a5e11c0314f25
7cdb843307ca5c26
4296b87001b7c912
3c6022350ed30792
9b0e44c7d714b631
c3e05de70fea878d
60efa8aaf372982e
767c63135efa2b8c
d44faacee035a7db
fa1bc40621f21a14
f13afcf979b29ac9
4ab49dc252e3436e
a834557f2b4c3451
7816d2551fbbaf3a
cdec4d6884f6a349
f34f9ce58e7c45fa
0c777b131fa1932a
4391dd8635204a2c
9360bca5ed0b698d
4a770352db35e895
a4a1f7d4d9fcb9b2
b4d1cc0c0ab8a6aa
8f92dd0d89d03af6
5d2af7455a726b05
baff0fb348d504e2
da21db91d7321869
3aa143a11977fa2c
b7090447d7716734
f79b0cbb712a2104
64b0d26ed825be68
ecb96be37ab8c00f
f36ff11d558683c4
4831158ad705041b
10c2e4fc9c2a20a9
ef495efa2ab4f171
9606912c781c3b8b
eaeb14806083f34f
7af432e112ae888b
bbaef4431d2e5c66
e005f3edb038f5c7
dd5c280eae7e0341
5b08141457a91a1d
67aed95d992b8d68
12fcc3eb4602560a
b4ced136a09740ff
cdff9fad08d9c9d9
2dec59a668e17ff2
5ab3af8a3ea3302f
78d14553e06f8763
1a752f0d612cfadc
bfa11d6c64bfcc57
09fff4c35d664180
2769d95fdf9ab2f0
867e3ef5dd3af984
9253a85c698190f9
0f7d046530a362de
6beddf099d255a30
e96828f6964f9145
d15a1d9c7388aa2a
7853254a81a361f8
0686c236d166dd29
af10f58a624945c8
d204c3b20a0cde0d
6dce26fd3db3664b
f9ba93e515ca81fd
8ba2023c8951cd5f
b079a72baa2620a7
a8bd1b8120ed3e9b
c9fe525b9337b071
20a9defda4d2914e
0363ddf4b9e157e3
b66a37a0c33298ff
308b559c40f6ebec
e91b6647e3f9a191
a4468c264d3d67ac
29c0a8a105ec8a09
d1957d3300474cf8
3974d5565b438be5
c39a0d7d77f603fb
21b9806a5cd73e71
442d573d79a52f37
b218fa01c57b07a7
200cd9287c3e6331
74d5caae270899f2
9f3757aeac640a7c
9e33c2164675c248
ee5dfc619a15b815
82685c396f654e5f
b9aa5c7993b442e9
c7c3fc52fa87a8d6
45532011e4b115fa
88824e6eb85f3613
a744aeb88a4d10f3
43d29e345f2b3683
928c7df1a2cec388
beb4f3f41bb831f4
86ed6a0054509dcf
8ccdb5a32aca817d
01b56ce39d34cbfd
9eca3f958101bff1
0404b86d3e971c18
ede07d1f6d0637a1
dc9c5a0248f23cbc
b089fae037a59cf1
e3f7a22d5b30bd29
cadda7e24c0c985f
65ecf996604d2ca2
c543400a0a8bf465
074eda9488c589de
1d8cce90695c5cbb
9bc3b477c75346d3
cebb2faade1968e4
04155bda45021b50
b589aed5b1188b89
7c67949547c144a1
3602199542c36197
7d01aa486eabb39d
e3b43db404bd02d0
b6dc2e43acf50a08
1afd06681a1127ab
c36e3814bc79208d
984f15401cc887f5
0dbb52b28d5af6f4
c73c526df9457994
f90048b32ca0cc86
dca52d98b2c702e9
d498e78475e74d17
c6ad49059c593814
120bd056908e52d1
6b9c7ce123d7e97d
e719e2ba7e4457fc
f2cc1bfea513ab7c
2ecb72e398d4afb4
e6eadfa0fba74937
aeddbc3c139540e0
afed9da449e2d27b
6be867758de2583d
a61d1053399d8f6a
2e08fa3b4cbbe8ef
a93cecccbee05b9c
0816ff4beddcc93f
bb63af591283bf5d
83ccbf990cbba4a8
88dbc7ebc1d70b17
730760fee49ae259
17d278f80da550a3
efdfd7e91b03409f
c24d08298523be46
f959de71444e1b5a
d995c8af0ca0a63c
0b8b0ff53bc80839
cd58053345f272ad
63e818dbe90186f2
84132531923968c7
a4020b8d746ceafe
7a5cad8dfcd419a4
9ca8f7801ad56cb1
91530e58cb76bce9
3f88a40673bc4757
2171d4345586a435
f00e7944a6b4bcf6
0e90a271a0717f9f
f33d960a52c423ad
c6518d12395b90ba
48a32b20be25a222
510013d374a9bcc0
1ed1cb7b956bb437
c6227aa143265629
61b5cf88301db509
793c78211832ff5e
993078197dcf944a
c9cec2b9f6456fde
bf5b1b2b96a24a30
1af35e0acd9378dc
3405120f0fbb4a86
89fc5bfa6835bddd
605c9358798bc6a9
d242c213296a0b12
aa1a170bd19d9849
feec35a8e7d0a8eb
715a24fff1ce172e
cc80da66d31b2448
1229046932f38d3a
f249e0c7bdf2b4fa
06d8e5bf2133077f
08247039274b7d3e
bb1d47150db024fd
4e80b89efaedcd66
332530eba82678c2
5a838af5bd6b5c00
bf9a58b3c47db4e2
36a84173af8da125
79639e4953ac9f77
31f6a45b2ddbc35e
497e46c6340b037c
37214a4142a01414
9758a877ed969597
91a53a5bfdf6bf1d
607c068317d810fb
9a35a761bb9505af
1ac0f12f4d162dbe
8c767f400c2893b4
68b107fe9e7361bc
9de4e6bd81a498c9
ca1a918fb3d1b000
ebf43d142fbd099c
1deab75cbca950a6
695a066c24018146
941f027bc28add65
100c95c7939270b9
e88df875defdad89
9dd204729c72e805
28bca3fd1cf4612b
bd0858d88d526cbc
4c7a6e2fa29a0bcd
c75499b5c014ce8f
4cfe7468dd226c9b
49d00a7c5518facb
a8d57240ab8af8ef
b331e32dfe1daa3b
938f1f84cd963770
535a4a8b786abd6c
5cb0f9148537acfe
d24101a060e6c03b
52fb47aa62a0add1
2a7ccdded4115cea
2c55382dacdf98f4
a76810a5d45dbdab
299ea2238d888f08
2a6b416e327bcd88
cc665217a4c86645
728144ae4b0cd226
2108c5b0c38111ae
58581294ff77705a
d8f28f21a3aa29d0
bd878b879fa0a2d5
9ce7452f64e80b4e
bd3c2ef5ae86a3e8
b82d7218604c13b9
b69ac3faacc09b0b
d441b01ba13b959d
724330103275a64e
da66b48ca0fe1a91
e1f4c5fb85fd5c5f
74d5494d846b468f
d16936b51c30d6b3
3b040283d5ffe440
ad31f45bf540e804
6583c36deca89f5c
31e058a234b3de75
3df097d687250950
c336a78c23e93e9d
c68e37347d0ac596
1bf5d4d161dfdd54
52a20dc370268c55
17e264e522a7dc44
145e7afce5642b75
431ffd1d2a5b4332
e97a2d5f84ae8e75
7efbcaa13cf3e8df
999437d1d01a59a6
5283f06cfc8ab104
142ed1ba304327df
debd9193f8029d8b
f9acbfbbe4b135ed
7d3ab505b126ba6f
ffd91e5216b6f1ec
68b0250d463a8a1a
8cb5d5740c698821
44aceea4dde5c8ca
bcfd91e199e7aedd
a16a5ad9b0125aaf
b408334441322b2d
0bdc655dfbc895c1
5830d38f5c27b276
adb111f8de18f615
cc2783b9ed831855
f4798ca03accca52
ba4af5f9184dcac6
63a2ebff9f3e840b
e39e3710a999f6e7
dcfe1e206b5ee2a8
dd9250b4a270ed79
30aa6ed5fec673f6
44e035476ec9f966
54fb1f8ff8f5768d
031346ec36472eac
9dc1b1e1f71d5094
cd26b7b51e1f9a08
58fb04891da9b2df
fd9cca80e94deaa8
646f197608993e6d
8a5d83ad56bbad83
333f6ed047db7a82
1e664114a75524d6
7b40fa8fd29204f3
ce287c5ada2d9a34
78c8d2483d97a5bb
f5bed41f66a94b91
7abfa87a38e8de76
5ee969af15424ab9
0d87005b47a28bbd
726941355c9d033c
bac8f4b85a613e83
0e2378d63b671311
4715bf2c00addc67
995b03d91053cbee
0bddc7d9302a9d98
0f7a84f555df1623
13079b4a62ffa832
60207348185e587b
93f0779a0f644fbc
e3f676e51ebbf248
c51537a851dc8d5f
df46e790bb9e0616
e708120aa350e13f
c56ef05d1259e02c
727a6ee13979772b
3816339cd1cd3ce5
901ce5086a95551d
6e16058c55f5531c
d8fa967c9c5f68e6
4168dbc5074c3794
c06e1519050d31d7
d02b32cb7b0c0e5b
d769fa2a7a2f11e3
7a38508d3edfa42b
6a7d10001ad6aba0
eed11ed57f334ead
81dc0a7db28d89b2
8d15cf84cbd04bc0
fedf00f8256480be
68eea57636ae1776
ea47ce8580e8f403
8ec6a5a22cc4d3cd
d2375172a4eb9a48
e5e8f8aa98d0ecd6
ec19b0c38b7c767e
e5e2d93facc8d44d
d219e47e054f69ee
11c641368ee85e96
8481842ca4b9ba1a
25c66b1deb54d6f1
655e9c70b67570cb
dce4e606df40d9b6
8b0ddc03eedfd07b
2884e404bdc2a3b5
cada9c4660f6e8a2
d3d1aafd02dc7966
ccd85439153f6c04
1356aef5cac3c00f
0652409c188fc990
66445b2a1bd6f0ca
33dc16bc0c49c722
e62389d45006c14d
d756a5924b7174b0
faaaaeb639c64f26
1eb11cd107b95ca0
4a6e73eea2e5dab9
f4b5eafb7f82d0da
67e2e1a25a788a83
bcd0967f759091b6
b8d25e92a0f45c49
83b8d0edef92df78
b507ccb079b4d61e
2afbdd3359de525a
cff0dc1831876ca3
0886742eca5dadcd
2623e99dfc27aa36
f114d5b1233b0fa8
8a835cf292c9366a
ed0b969be7a71b46
da10cc120125cdb5
4b88b0eb35af0219
5aa43851a79a3419
f339b5cabd94b5c0
4e36c6ce8de8ce4c
c32d5cee07fbe2e5
0b0f5823a8aee67d
21df9d8d1b46ba5e
612b2c4b34951dad
7613ab11c07bc78e
78d4b82681d7a906
a8a74333a37ef074
c2926bf38e316ce9
c7b69ba30531f6ae
8e6ea833a8a6fc34
abb8ceacd1d96d6b
d29e573beaf1caa7
a97c2a04cd6f2cb8
b400ca2a3c90e1d3
1ef1546e0a7cc4a9
fdc7d08a06dd1131
699a956914ba5d7e
c0e34dd426b67166
d4e61449683fd7f8
5e8ea97ea30618d3
f4028720dd0ff17b
e112af0631735291
a6d8d075c2e5446b
8893fe51a205d33b
83afa01510d9a42e
dfbf2f9c34631aa2
17d7fce524b2879c
aa45454412ebb2df
a70173e2e00e7cdd
f4a9feca4331de26
9d4084678fc1b9d4
3bcfeb0bd109713f
953d711f65e41281
7cc5476e3eb77d55
4c605c191a772f82
1cde956d4de9e82f
56b9b648afb91d05
7e49fad1304e72d5
387f2a5299a41e2c
1b347e552426409a
6d3d71906963f588
9230bc8514422174
ea2c3fd900c20664
5ea4180ff610b5f5
f2b3053bb7d8b71a
5fec98e5c704956a
d221380719b6e8cb
edd7ab5ae21b8398
eaf8321d52d0fd88
7919ff1ee62eaa42
4ab6629b60d7b9d6
53f661e0e40631d7
c3358ca316eaad7f
53744ae7ff0b6915
59b06b37b28241c3
7ef5c45a33b1da12
afe50ddf51ccd9a4
2818049c48b240e2
f93c24a58f6f2f05
37abcf774fff47ee
9007cdc76e2c7f86
14d7043eba3592d5
a3a82fc44bd1519e
9aab8da2e68dd0c0
30782b8d512d2458
ae09039b733745a9
ba393f067a653d1d
a619e435a1a5e900
1b7dd5976d06bb3d
da4427192f8cb8f6
2e8a10ae416954a7
1518fd2f4d5ac07b
fcb9c68c2888541d
779ce95cfdcb8148
4f8e57e94cb1b0e0
db0783f955e4b692
78df7329e2e83686
e51144aa88cf4c4a
2fe2a2001d83b05b
3d23a69c0b538981
da78f46b99dfa60d
935b9d56e6cc8ec9
bb1a4579a1d063f0
b76572c21c5f8820
3aaea1af8c5aa5a0
e5fc8288f73d359b
eacbe40dceabc090
978f1302566ca777
718be37c13bcf1f8
0ac988a66865c95a
cbdcf701be79d0b7
05bb3c2de495746e
f0102c441108f743
69f18eb47f9af926
65384adeef5923d0
dd52a72048aa41d3
65caa2408b845305
b17686b300fed8d2
32c685a41330a492
845892a55a8339cb
24018928adcf10ef
a3984b778d5c7bab
33f08895037b4056
cc506c5cf9dd8283
71ffe340743fe7f2
78107387ec1302e2
debf720eb0d4df2d
044454cd8829c4ee
93f9f1503f2866e2
da50191568283daf
45b42cea03de662c
3ced581e6d047683
62be76ddf0fcfbd1
a15fcddc8039e5e6
8e2c4d5c09848748
be1fe500fb201f8a
7073bc26df7ccd0b
a8dc8141c77735bc
3dd354706ad2bf10
c1037f108566cbb7
6e306a674737e592
246eba820720d01c
13d90a20c4b53f39
aa9f7d0be0e4db36
2b553ffeb348ec48
7b7b051a29a85b5c
cba5a3b012fef8a2
6dfba1c07218aee8
0f392bd13f8c9487
e36936bad5c2e019
9609306564117d70
7ce28a4ec78a362f
ba4b3e98a8b51222
4e2cfc1e912c3437
9d4b7023d4442fc9
63bc957609fc5ec9
084dca486e8b1cbe
40a47ade46b8a595
ffb25a67ae3103c9
5f6a8f17a20ad64d
e4c3d5a400da1ff5
c80733c82e2d456e
9ea75dad93ec1f9d
726d6ba2af23bb28
9da113de62705d0a
72dc5124ba2c5a4c
7ebe28b8954e4721
244e94bd2c3ba792
1c355e4ad61fa4d4
ee6bddd5f3fdddc0
2b5d928540f1f329
3a2accf5e85b09af
2fd250a97e4c1758
eb2ee3cfa6f22814
efa62314f9b39067
ae7f919763268e31
91d1d08b761050e2
41d8b6fd1c3a8413
ecb5555ed6fe7109
af1a3df1df9b9b7d
4b65e593c9c2f22c
9b4709fffc380a0a
e4db67665159cb76
57fce88e72662540
a889c0937ffe2a6a
339dae6ed0a23bb5
63d7ba4f3ac8d991
68ca638027bc74ca
250bd08268e15463
440ffe4d0336b80f
e304dba051b34e48
1c077cd12a382016
90cc59d81d464d9d
7e17464d7c48f910
dbef75b8e80d8264
bec756a52d166a9f
657664317063b0bd
02abaeef9eb0f28a
ca3c352d3f6a7c3a
f5dc70ddf461295c
6ee32372ac20bc4e
ea93f600e003e13e
370719d0b3d3fd5d
6958977dfb5a2017
80301d213bd76d02
4e6c0f3addd4478f
1fc80c297ef5f126
43f0a4b0095e75b1
35be9d839f43e8b5
f89359ebb2aa9ce3
29a4862b67868cc4
ce243ed0e85c4de0
78dc2983e23b210c
172285edddd9c3ec
66cfb0768d206c77
6159198964286643
70bf1c5bc60b550a
8b37bb35f2f3d514
2023845f13322151
32f32724ae2ccdaf
7a2b8cc5ba7e2277
0a5a5ee434e22e38
2337f1ce295a6b79
be913a8cc3a0f415
d8f744b539e6b06f
3621b3497dfb53c0
1edc142383690e9d
61ba5f1fd0684f18
5c6d9e0636b178be
33022d60f8f73db0
122e4ab1ae1ec6d3
9ba6178282d73c55
5745989800544fc8
52f9848724e27e47
fad51a8b17223631
4032933047af88d5
c0ea1f3a0ea2847b
01ab1b7d7ed0ab26
480ce957a2b7bd86
f8d4666fb22aa0e6
5aadb5afaa183d78
467d9ea7c52bd093
39b38931e1809b8f
5021a4cd7136726c
a52040e04b0bf479
58c3ab8c040f02b5
f54ba5df0f29f6c3
903af47c794ee33c
189698babbb1aa25
7109c3527341ba5d
7aa1c3569cd4ffe7
64eb3512d25447e1
ee1f8cb5fe05b4ee
be3a45e8fda7a868
a72d099a55ab7d58
209105ba2fb78117
d4d6aefcb3bb7861
00cbf1e5a6e79980
ed0dfa2c9ea51e7b
8ae2a4a9655c471d
4f80faf7d94be4c4
5d8a7e0188ac3677
7606b11b05a4ab00
0312082013e2e43d
74df024247d5e2ac
92f5f15f8e54b290
03ef212f01d668f9
835b8b7dccc6c64f
0cb1cfb53437c870
b8c98fe303783851
e0416a1d021d2498
4adc70128a21cdad
94309e3aa2a423d6
452072592bc22924
9966e4f1ff43e0f8
0a3c192dee05f06f
93197c1872c64b63
698fea8850d76f51
6ec2fae57d5ee0dc
363b0a5a01196e08
03fa7013b31d8702
78819dd20013bc30
8d11f1ba65c20b27
794d4f8d4b7995a5
b9f7b4ec7fdb6de1
2f7d2393b68c1e38
02afc38098fce95c
91ca7aa7d5fa9c74
a147b36d34db4599
2711719acb1351d5
9242ed1754562e55
bf7b8707fc222e05
5f2b9200740bd5f1
7856f1cf5a2370a9
055e7b8dfb9c0cd6
8aab83a2001053e4
778335b465c3ffc1
3ecd2499f299b8f3
fd5aeb656d746508
febe723d42a44e6f
1685f599e612efde
dfb92b09c0b9b7ad
9d6e4d866f9f3783
8bea05f0cfbfb710
84945078a7fb47a1
884b36e7fb28c9c1
00c9e33ccc67bb53
4657aaf5e8407a6e
74a26e058462e23c
73f5101503ee45c5
cc554bae695f2e8f
774ba9f0b7e0d618
7881ae7dd2650c32
8cbbe170fa2b6316
5dd26038877d9677
63add884f002e39e
025fef3a8af11727
dd7285f613a06e9a
5c7b47a854ab1ea1
b3b57428c714c5b6
ac9fcd507d801ea2
8a9005dc6b937451
4dc711bff4a08d5d
354e575db2caec2a
6d67c44ab8904f63
691c3ea96618decd
897444b5ee27a02d
6e968deb2ae1478b
cc729136bcf8ae55
4e906df7139707a1
1116dc691a7269ff
08dd781d881b93c4
61346645f143227d
0d91c535a64d26d8
a01f666b37abea9c
ca05adf0286fe02a
66b26c5a54c36a25
a7ce52e326480058
a61af562b153554b
50055633926868ba
ca96dff0482ddc2b
36ddd8a005aa0c09
c9c5e75c3f6bbf6c
f226a7ee317401ee
22b90dea3222e5d3
f76fe37fe1f109ae
a3b9766c6db11844
942518b8a14b0ba6
12b9fecdbebf6e23
679354a705a4bb53
f436f04b60479769
7ae2fff3cfa7d610
18be8ec23d57d611
3db79a1a35ebc29d
d263be203b91b669
a473aa6f5e0a52d5
afe4761df1204bef
64f4c3cac5e9ed4f
bc3c9b66d044a7ef
9a0ff45ce819b922
42310175442c3b26
5e092fd6280dcd07
3901f06592de51fa
80da2875e7cd96e1
343e0596d852f5a3
4fc2f4c5e5d4726e
cc2e6ac0a9e2953a
1dcdd292a03afada
7dab02ceea4f822c
6619d6174f4a24c2
826fa4eedb7e6733
287e1566fe062521
d0dff8c4b592e215
1504e9be69263f9c
b2955c008f673e0d
3fe0158cf6ef8e9b
36bd01fbafc00495
9dc2de7ed92c1a26
19c2900a1604fadf
d480c18815ca6d36
54aa10b18db4fb1d
81d169e7afb826d2
1de47e3fca52967d
26042a5b77194615
f23b5f29fd808112
abc9cd6fb28513ac
bf41445e43499c11
9978a40f324e32a8
ec0a773d676eabe6
00432cc235a20f5f
d9c12a5ff3e2b20f
7e43a21773728ad5
dea021d4aa36721f
27efc1500efc1a0b
8a203ec9e918edc2
597f7cedc8f383a0
4a3c17aab1bc094e
92d17acfdca0801b
79b722387348164c
079676d4038478e4
52014cd9f3b51c1e
2428c223aab7492c
5636c8cc2d9db129
010eccae7c6d70c3
82b99b30caca3e9e
29ebc568b4fe0bf8
152767e5c6bdcdc6
739117e848d1dc87
eb61967ba9c032cb
fcebf69d8b04d225
a7c9629c1b0e5697
14a6a29536a54824
d16dde59a77f6cec
fe323ee8a62affc2
3a4a57e10beab9ff
fdd6733314b562ee
3c32e14dc39a3404
790cb8af3d4c2605
0392bb1a50e004dc
7abc4c10910292dc
15a7ccdde3c7fab0
08d5ef98bd49fe22
3b765a45b14ff950
3927796aaec14ec2
9fcd591b7df5e079
0e53fa0f970027fa
dc2f4e5d2a45070d
d5f48f14da27772a
9e8441566f3c7d14
0f3cd46f4848c897
12b767bb4a231180
f028d8d29fdbffe0
290505f5af810465
781d11b316c0176f
919255e94004d424
19a55bba40dbfe74
cc9548b4a52be593
312c442d8e6518bd
2007946b18803016
da9ed639d54dd2da
642aaa2273454897
9de4812081adda30
5e1ea448ac064bb9
ff5d2e604d28bb6f
2282fd25319416d5
804e490967e2614d
4a0f4972941e23b2
780fe77d4b10c621
1b8c98a91c4890cb
6dfc42c78fd787d3
6ebf2b3705e64ee3
9d9f52e540394726
daf74067292c2885
b9585512825c762a
d44e55f5a35a2d97
8b608f91eab1594a
7341e14c21cd728c
d24d463c2425c1f3
b032a2d75363e8fa
3480e807e7325a60
04f6dc7ebbc64968
424d235f2073a5e4
57e99bd6772bc8ce
46ec4c5c12a6f809
1ee405b9a2ca3059
76c366666df9e64a
6e3911bcf5c63f13
e771e5c295b6317b
52d5689012f4276c
aff48401c30ece3a
222ba7697e85ea72
fd223a1780dd5b1f
a699c337d78ea3b6
5b88360985a3d923
6b64778201f1761d
543003c70d1a2bd7
60f3de7ce707afe7
bba74e2b67b1e1af
9cd985193df64d1f
119fc543b7cf70ae
4a9badf1422e73bf
ff01467be8cebc00
5301fa965c7ed517
923fa4458edf2565
4e40e4f35fc59b5d
d7dee1cfadde8a4a
325e7d47c323eb07
c0a7ad64167bd302
287eabe7bad8aa01
5b8d1fe9a0624ddf
0ca0c35d4787d516
9fe52bff77a7a142
24729f3f5ee9973e
56c49e89afe917ee
f6d1bcb79fb81c27
fc051c5f3ca99253
7f60bec28cfeea50
0633b7eb862eedb3
4c67791595ccc082
d20fb7660341dd82
a0dd37316ce284cd
1b6c42e152b268e1
1f21f7c628a59f80
55da7fbd4c60bb84
5f388e89c0423581
04b806e191cd07e2
b0599faefcf15ea6
e60b815a2f4ddc60
458c7f577358501d
00ec84a17a475e26
733f242773fbbad6
d1ddd98e6287d189
08b4d8c73b999250
4cb5ae88db04da16
143411380123e9f7
d3625b28e815a3e2
09cb3960d0790f12
5809f5c84b30b668
30eccae82aa7de9b
d1281091cdb5f027
68c2189e36e7ddca
31bf5f3bd586d79c
d765db2e49506b53
0f23c3dcf8469b68
290cbac893f37408
d53c43f355d97ba2
a5eca128af8f5a5d
7e3fc92999ea0e79
538454cbf4512df9
d48e13d20f3f69a1
21b931a8cc7d99df
c4a3926dcb055c24
80cae18bb59506cd
d3b702745448642a
efb5028177592daa
acaf7d9f598db2d9
ab88ee28d686d4c8
f0e877aaf8555744
313fd0a3822a1fd7
74e094e462b3e53b
7bdb572e86ab2d01
07c0f68d8ed11b5e
976089f370054e6b
18d9a3c60691719d
89648f4c983ad32d
4791368ceabd11e3
3de10d16744c022d
9d63cd5fde0ab242
355ef93ff112ede4
61948e21ae48eae6
6a202b9fff40adf8
f5bb23302c35476f
76eb69e26adece36
e2e38062031f45a9
d461f3800af90eff
05b8743617b8d7fc
14bce3c24d1895f0
49214addcaf0f6e4
d37908fd995eb949
07a4b6a531cc9658
3fda209cc3cf419f
4d69fc8e2e7a6d0f
4d87bbbd222ec1d0
6bee5f0690b60f2b
926b024db1f373cb
d6b09c9706cfbae8
682afee74eb8a2b7
e31a2b0cf4e06609
8128ccc115e275a5
dec1b3996e045afa
6f782365d08c88d7
75873c004a2a33c6
f4a672dbc12ada26
7fd404066f4bac7f
f1d680d9a333b69a
75bd4d7cb210b538
70b1a485c16c5276
57a98af607ea1c67
6daa0ece548496ed
38e59d36aef508ec
84773a96eaf5ddc3
57a01108e336ef57
29e5cf111f35c1af
170e94d6ac84e99a
070c6727f5601311
093d212494f71e09
a4f3364b9dd24b24
a1727fc877aa6d58
6c265182a712da15
f2bed8ce24da4fdc
a275a905b511b5ba
8c45b93b70bd5d14
4a34181fac383abc
c9f7be760624a760
93be26a65d9883ed
da86dec3b10df476
68b194bf51476ac8
7ab23eb57360df94
6878dfdf1717ddb3
76c5746abd073b10
2420ad28201db035
61cc77495ec5d03f
f73e66987049a33f
f027909f2f95f1ae
a387572116c71b7d
3e83e671ed3b57e4
e3661d5178afdb1a
ab99c166a8111cb9
c1584be78d1d8d5a
f06b3a86b13ea476
c636f70ca7c9ceb7
a9aaa63644d30b55
ce758f140593717a
f48cf7b98d3b2aab
342cbfdb3b8140fb
e198589c3bf82258
ba5ec10facb1781a
c7db0d3c374201c9
79524694af2eda2d
130011aacd3a2bc5
a0f5da08bc083f59
5f7be3f1e184cc2c
dc78e8a7c3809ffd
e0709039779c6f0b
b910e73e3f404bf3
df882e73a5d61fe8
f26ede7bddb00f37
b3b24c670eb6ea5d
e17c4b2ffed27b4f
0c9a5a13ea4041af
80d98079ec27b395
9ed582b91c7d8e21
8cf47960cd99ced0
c0981892dd614a77
acbe660d9a861b41
af7a4826369cb731
ac6084a2292d16dc
3ed0cd1a03a3e790
35a804a984420c80
ae72386d02a0a8ac
c4ec36f257377c6f
cf0956fdf5b2756e
1a4fcbbc5c5ee967
9a8e8c383e03d06c
abbdc6f81612c85c
1fa8c52a6ec7a0e1
776bf54225b308c8
4d187d193601f941
6b3aee70d3e154d4
37d43608298cd4e7
f7bbe1a951607e60
9a7b2faff44d3409
3e1e18e5cb31058f
066d547a8b1c0670
55ff26ac5c216e42
07020995ca887791
ad5b5363d2bc7ef0
ad0c6be0fd9cb5c5
2ee7ad16381fa0d2
167d79185b4ceca4
79f985edf304514e
4729fe9ba7242a0e
08a400965139eb0b
05bd776c0f74aa5f
6ce1597f64bb4eeb
66d988b045187463
1d4543d6a900a867
c59f15d1f769d02a
9d5dbfd0019fcea9
0cb568f6dfe981dd
126c49014d8e824f
5115f8637bec726d
1ff913fd1719fd84
c13fda6fbb0ea9a1
29a088918a6398fc
334461ed4bd662f5
4fadffc30185ece5
f00434125fe06320
1e1221b5a909c141
f735b76d9b29d05e
e288b084b22e4eb1
18691f9e1b8ace0f
140eeae5355cd0f6
3d0e4434dee0b071
42963f9af0d3b9b6
50dad72ae1904932
37c6c8ff37e02d4f
1733cea28f33489c
d7bf68f481f1f040
703c68141510cf27
144c2d085a1188ee
956a952c0f0a14f6
a8449f2055c81ffe
b3406a32e3a3a7c1
ac382e527bfcd4b8
8fc00d04aa7023cc
5d06675c0ab38d4e
e27263a245628efe
0c975ff103f24a8c
71b56705db83cd71
68e74074a800d1d6
ad6f268eb6d8c962
2a3f848c8b28f70e
5fc59f05be815248
ab9a6b54466a8d76
b106b6ed50a508d3
8a6f61e6f5903a20
5ee43ec9e2e25467
6f436c63b57ae32f
3abbf468a19c8839
d79871fc11027a21
27a5712d3bfd2350
6dfb49021e9d9955
93304b9a3ad51b95
d84d85ce8733baa0
267017a537b711b9
230d825d917c5ef2
a713466c10dbe368
e00756133691981d
bd69f38f20d2b04d
7a1495a8058a8ec4
b70aa96dc80a2f8a
0ed5ef256fb2416a
d77d0ca47a578fb4
06ba62f20f4aa43a
bc451ecb0de6bb2c
3d81eda5352ec266
d164ee0206500e60
32db171f373bcbd9
4b221c92d203d655
070fd118a42564cf
e1379cbee58bc28d
e57c15b1ae3c9fb5
0a41d28122781438
1eac1c15b6ca4d4a
7c15c2fdb646c0de
b93c5a42cd4585d0
1dc3b2163e2807d4
757b73c38a92d11a
2184428b300770c1
9abc0bc6096bce8d
e17a62f13f5f5b1e
d23a9ad315d1eff5
ffd1c9d145c8f304
c865bd75c93103be
3b917537c14e93c5
25ada6b802496541
a37fb41ad0692a60
78f60da31ff8de6f
381512c85e3a8e94
3fa78f2ab5d2a419
1f45957666e53417
b233c3b236bb6d98
e8ba6a31b2ec1ed3
5d305308283fd85e
7bd87b93a4f28279
d9cfa22a659cc761
84a5faa943cbd8c6
186a3e546fdd3412
12ed4941314ba476
db0213069b7d4cc4
892960dfd83084d7
dc1679f9598e3c9d
a3c11412d50195c1
48a0bdf30910aa2a
7e31d815caf95069
59fcf5d335ebbe70
9478e99ffadfcbf5
656b8c147417f5ba
c10b3e5ebdb97488
4e6f7876b256fa4f
bf0a3bfbd77ba8e3
747bf0738a47f970
2f84095819d121b6
42ba4cce80f3a047
19aeb98576ed9877
7c3b11f49f83d7a6
a74fe82f830bed1a
f8ada643406f852d
c65b09515ff741fb
8e5bba70c7b087a8
e06981a58d206b83
7cd3971548b06573
d1c5959721e67d26
b92fde81bca0d2da
5edd750a28e12a99
050c8a7aa14a53e9
d1f05ee434ef9eeb
817c50d7c82730f2
a22356b80498ada4
f482a333c012682b
fbfea5925df212dd
ce656645ae78b8de
7c56919418d853c6
928dc13bf86fef8a
5c505be9220f7e72
5baf3bde698ff055
55ffa2d505578a2d
c74d24e98c10fcae
0bb67c708b1a8176
6ef583d550849d0e
3da1d67d42d33a6d
35f425f4bd8fe788
91643d9f8ef86ee0
f38f42aec8b8e07e
06e95af3001dbe1f
d782f53faeff66e4
cb1c0edc4117cd16
b15a51a70be3fa4c
3aaf7bbb2ebfc79a
6b583a347bb97f03
3bb3916c1ffee2eb
5d4620e1f28cb594
cad7db7354bda65f
ed9012f94d324e1b
3dc0257b2764cc4a
3c702824f34e2c95
aefa71f1435d4719
ab5bcfbcda25e788
0635426629cb31a8
e1738750f12a7ea8
ec0417211b3920ff
0574db6c3270388d
defdeca56f628a1c
05cffa295070df75
61f8505e01ba1f22
ab90f807d03e3ba6
d0da6ea85a9bf014
f7c6f8ca25f7d09a
f11672f58427d77c
2a1903831c1faef6
e415437afb82d43b
4d00115415082c82
e054481248074ab2
a8855445489d5c2c
ecd9adc44e5d0c0d
a400253a878829a3
f638ea8699585f2d
fd0f6aecbbb683c9
d839ee32eaa37465
a62481cfef855b7e
049fbf33b2c32555
df07b1f86ada8ca6
6e8b91cab22ca61a
9d3492c31973ba3c
79f20444124d5dc5
b1c562b9bf35e6bd
7bc3716503d09ba4
ead89c2084d4f450
f3733a47e9e5c36f
81868eb98a1fa465
75e4bbb3b4a7293e
b5f63d0d60078a65
39f3b105bae924eb
e8dfe6ad2b216bad
6ab6aa0c54a8904e
4dbe1452b94b5104
22b5a45fc14c7895
e777aa98abea2e2b
6cdf0f64c976878a
580dc0c943a55d2e
80502d5cef326f5b
85e05ba808d0c117
0c0f859bfe623277
685a164e108e9c45
8f7804ac17d51a11
3faaee8f1d52dafa
d7b4b8758019e589
c35660dccb82c78c
dce9161d8da46f7f
2daec06844374ab4
46fa06bc42c3148f
16bbe370e1727a59
f0e2bc990dc925ef
81d65244857defd9
eaf14ced785c1485
26b1159fccd28f38
5dc48156848e5916
8162e4f6ede54737
e517be2998174f0a
e94151916638c8f3
b1b9b0bf3c5a1c6b
256b6264e2a41d35
9217c73034a9d913
a63f44d1c2307def
baa2f0389becb5d9
0394e75392d121c8
713dabc9a3ae5a5d
26c57ba0870f3699
505e2e5fa1ccb7ab
9d7bf46b43be4dab
0d47ddc1d4737a23
427d5a44d05cbaea
ac8e5b819433f7a8
14b6e6aa11429a73
ee5146105db64cfd
4caf979ff96e4454
9c6d2cc7016c9d36
ed3a96ebd573b987
d81e9cfcd101075b
76f81bc208d54af0
0e8296a097cdc195
1d1fbd3b943e3755
665d8338ad5e144c
61201b527a37abdb
880c6d3ecca15862
2531f6cbb655f837
0f9dc89b7298e3c5
cad73e9e3921f67b
9aca4c18ca198fcd
8f0ac6b5dca6cf1f
3a36b2905b9c9068
aabd2aba393fff69
b5f1f822dcecc07c
b3a0387260911a3b
c3ebd2f5a64d97d8
09754442cb10b6c0
27996438de178b7f
3388f732014e1146
34c8d4910fb37612
bd48244c5ee36128
636cc8cdbe9f59eb
39571a4e160df1ca
b9b6015f049a9213
facf93fe85d1db4d
51fc15189e3052ee
51e380877226ac63
bc00eb03f8b8038d
48b3f861df5ba37b
86780f178b9ca6b0
989c278e7bd939fd
151502774c96ebfc
826b50c2fcbf7e95
80ab8290ff51bd08
26950a9da1fd6fe0
d3442a353ddb2c5a
e4eb2819c43cd686
b84d8c1979157913
45779a4637e35997
94c919eba87868d4
652c06fdc5650bbc
1e878777b3be1a17
0fe23b572c993e5c
c605f621d1f085cd
8bee67d3778e32d0
56da020a0b2a874b
f8ae413e0d156825
8087d31659facf06
37076bc1854b9b67
bd6d5580e90be722
c4f33f38ab63a1a3
79067cde9cda8d11
c33bcbb7418c6341
a42e8dbab64514fa
01f67ca15b17c6ab
41cd6244a0784c1d
7ac4757b243a0ef7
0f026a17b25b0736
d7c68dae49a00abe
c4dca9a4de75c978
02b0f9e20b475f8e
ac5409d7dd610a37
d10e50ae32853913
da0a50475a65e2d6
08f73dce59fc28fd
cb73b7554dbcb853
9e3cbbb142c3fa09
5287d514b629f924
82fa1f7263c6f675
5726871e20d17ee5
a2a371e7dd48dfe0
7cbab6b25270d637
e39682609a0edec3
20f998f48afb5a82
c213ed617930c7ab
6d203eebadc03fd2
dbd935e3d588e569
9e11c7b7e32ee995
931df4f98ab873f4
ae09da0094bd54a2
58caedad2d2515e0
8c94c605deaa3c5f
f725948468e7c5e0
8e34b1c110f33234
164c6ddaf48a884f
69779d86efb12c6e
3939e805f7aa4fa6
adab5b20f6a5713e
608bda50429f11c3
c9f7f73b2a449475
5b72f6980226946e
c199eb13a09f2eb6
f0b440a690a1473a
3f4c974efea65fab
8c4da2dd5a5d3163
287a7206f55c3508
356d24059e4f37aa
e63f0ce6a73e3730
39f17ec3bf3185b9
f05341231aaac469
bd79275e10ec1e73
59e0cc3737292e42
359db330a4f82a34
d806457ce7210c76
e3fbf9975e2ce64e
b4a7f20c10e08c58
8308ff780c89d465
76490c04ed5b8487
5fb5b3a8d8834158
545871a58e13e357
f915fb2ef7e52d02
43f6c4a0cb11fa23
9977d4e342156ceb
2efc09c0fbecba35
c509fae9c8640f7f
1ae5140279230cb7
5c2b22d1e58859df
fb2aff1bdf6bb8a9
6546154070ac5bb3
83a807f11554c567
93614e9d754f22dd
ccbdd7f3aeb5ac8a
e124cd8da482d6e4
adfbd2f9f8c658a2
3c531f857bb8343f
9670fdc2915931b4
61d9e2296076ea94
1c78f83b42b31081
0446663c185b3049
f2e9b38e9829ea4d
4ef64581776b9683
4d57b9ccb6c16e44
9d741edec3a02268
f3423f7bcd768188
38a6b4680f2611e8
8c5da5f93a93001d
8564f2d2d628fe6b
f96dfe9b89ad29d5
00072c0511c65555
d86d523a5e126856
baea4f6f126dc574
57a4a80a834abe3d
1f2b0b60703380e4
d6a0adf5081db5fa
333c6e7ea18520cd
7d40907fc7a74c26
07d1c18b78c6c1b4
ba95e38ee7f29e97
50cc4a1dd8e371b9
18a045ae401a1996
db6c3c1e37b35654
0f277d7abe0d552e
0b1e2f27d9882441
5d561b03efb1f507
aec912cc706ef759
73e99056a384c32f
6f0f0af35ba53cc0
a0492c41d73bb82d
a87821d4ea720591
c2ade96a2acd8e44
d34f86b2fe79c943
3605ee88092a6e54
b172e39f5044a4e4
117ce07c088eb149
6b99a3b3c26f2bbe
e3c3a630c06ec29c
9f5c2048e418ee9a
a9d2c6f920fb6b7b
b4116e259b26d611
99365dc2ff1b4f6d
fd8e2c59a5a009d5
884daa0ce2418a45
7b113cd15aa73359
e865d6e2dd2e87c6
5746053857f87754
aae87a48c57d48a3
181e052d3ff7ff7d
6f65973f08fe4cca
99ebbcaa3c23d186
34c13caf77dbeefd
f27356540043ff3f
8b1e33e375721523
93156d0cb1b81c61
38ab2c065dc8e680
320bcc852c67183f
a43a4d30567b53ef
15964813b97b5bea
59e8a01cbd22a4e0
72e6a57beecf42f3
47d02fb7bb9d62be
de7e1c0d94104faa
c7d437f9f4cb6f3d
3ecec734158c6ba6
616a119bc5338a54
a30dab5b53f3e022
a299376518c67176
77f440a7378ebb25
5f57e78ff89f1bfc
fd6b9253987f6275
881a11fc4af35f48
dd487ba9f25594b2
e79a4451e0645cc6
e76136eb4eb295eb
d932e58ee19799ec
3bd36ea49a675b91
54d8f95379799ef6
6fe1715f54e429e5
fbbad94538c27724
340a1abe7aee95ba
aedc083328cce5b4
7010fece334b7fa5
14cb27ba2303a91f
b75c77beb2324043
22276c652bce38ea
d62132f869121391
240403c3314f03d1
b626bb8328858e53
6934db2f28b1b7eb
11752eaee992f63b
00dbc09c943f4fb7
5e3a44975172c621
e9655a96e7fa49e2
b79b86f5600f8c5e
cf503ceb2c75ccef
1191a8bfb95da0a5
cf61a7bd15581065
b5c3f0f887d343b4
6c9e80ca712f7100
38decda5cc161da3
04ad2e7961fa9db3
442486d1bd5bf9ca
c25b52740ee65e75
358ac4081af0f412
e3febf6c5c824c52
637edba997dbce05
e580fe031a406dd6
4fe1d564aaf9b083
80634b330a65fc8b
48abe19502be1e3c
97dddd7d34340ff4
693f7f827337e6aa
596d8728a1840a3d
8936bee53c9b8854
8c3aa9e032db786c
43ee4e4768eb4bbc
7bcba7f9565ff6f2
66012de59b692874
f8bcccbe4cd80f13
6d207c37bab459d0
8a38a188e3e94897
b6f1d6288e3bcc50
e3bf0ab253fe1ab5
6d46b76a9fc48c15
d1814abd4bef0151
fa0a58e55471cf92
0889881a71eaec3f
dc7e1af474c0f630
d9397ba9ac9684c0
6279025983b3789d
a8ba8910f4a718e3
d28a410490684426
66e67be7316ed4ae
7fcafd2f806ec812
f2eb933ba24b169b
a7cecd6a03236d89
919966b7d61617bd
1439a09870020552
1b60d81413167010
825ce9a9de8116a3
0fbe7b0398671157
b84f756126b2f09d
2c830264e445760c
ec81d10f7147e1e8
434c232c2cdf88ff
6bc927fa42128e94
9488880efc9f5e45
e32e8d937ebe51b7
4de86f55543f298f
9370936c67fe93f7
f4bc8f55c3a1ed00
2477a51e5ac329b3
1885617190aba12b
35fbc3f81680d301
f84b7e6a6332bc00
24030f5e7f793165
6d7399df20bd014a
b213e0646b945826
ee284411eda46499
a037ee327b64449d
c3f246681a245205
6e7a41e5d047678d
ac521e1f55e33b70
6de804724b70add0
8c78116301026581
f931a19379124c93
c6d6cbc1da5b8dd5
2c4df144d29fa322
84b7320edda2f2fb
7b8df53fd282e0b3
ecdc7dd146bb0c18
25530323222d0a5d
219ce9517fa0f143
0242d88dc093d9e7
46061c4106f23ece
4b31949feae3ebcd
eea1d7c3ecab212e
f858ff6cd33f5fc7
a41440bf7b1706ac
34d26b180ffc5e24
a89c9bd8a1e4102b
eb627d804cb2646c
af61368a5400af5f
b8bd2ece457861f2
93647c39c482af97
abcf3c0c6c8155d1
dcd2f8f3154bbdfb
2f06b468337b37e7
fa2e3df82cac0a42
188ebc9863a515a6
b4d6aa69722a1a06
8b171627940c17a8
fcf42a984a862911
f2ffd024e3478028
daa544e513e9f104
4705b16a178ea382
86101b0e1d964fbd
981c5a3f25434db7
202a16d2c85626bd
92ab97955fd7c7be
0483dc3f673a37e8
3fb56beec3bac330
d5bec44442eb68e6
6f88fdc58a1359ca
1105b9466b519870
2cb7d55544aca884
dbbd6200620d5039
f8b439c008c40cc2
ec23534942df82fe
eb2319dbeccc32bd
bd70e05708d50f19
b1f0443d81870898
0ae21ac0e2c7ef6e
be22bb734fdb813e
c383ca1647a40abc
2cd055709097ce72
1da4def2f161a374
1dc5259e763a5cf7
154b33e00a2eff62
ed7965b395bfa9dc
17fa31717b42c4cc
63a9bac78884d4dd
ff5207d4ceac8595
4ecaf71fbbae835e
092e9efaaad9c9f2
3881a2ebdc2c4d56
8a4e4d9086fb9ea0
dd816efe6578ceed
a02e4765a37aa8c0
597b50a97a0eb5ba
c0bddf6299075454
7ae4474cfce4bf4d
b39dac721fdbd59e
e3b4711b283bebcf
fec2426dfd3a54fa
ad26c8787414f761
de1193be1a7172cf
eadc5f839e1d8009
d080569bbe33e1fb
ce5297df70a1f04a
5a94ee5f52a8a7d5
d742b36c60ddc767
0aa9027e9e746d89
563bff999a64e5c1
628c5ff8d4711b6f
ba1276e7a0e439b7
b4f26d76c98f7839
b83410863ffdd01c
257e087025411e58
1c16ab7096c510ed
291da7c3c114d3f7
2d3e3db0bf5f4e2c
20a6380736c84492
ea1d9a67f43c0b18
c78bd8f82078b408
2bb3bc3d0720b830
debf8752bb3bc74b
00653ed6bf16c5b5
cba9a945dc1ae48a
ed27b42a9b9766d7
c90f6dcb650148cc
074bf43e74596d5b
7987d605bab9307e
4fa7a7407903d49b
220f6f0da9d1ce90
4146e42b6e800703
22f292a061065919
acfb9cf05af92098
38451cedea0559b2
256bcfad0e467687
7f367a3419cb85f6
3b5735f3f7415fa1
0eb574b8652136bb
2ff3333d685e16a2
c3edf84c61316aac
80ab1a3433b43991
3c1919792d4a2aaa
798c8050e37e4843
a7ad251efa7e0d53
4a1bec667ef7b498
6820467d4e1e2500
c086cbb6126f4c75
9a3a068c018780b0
b3442a430941f19d
649119b4987e0046
37c0130c9ba8fa73
248c1ac18e63b7e9
659639b4cb880f6a
5298aa7cf1cdaa96
021fc3f3cfd25cb0
133cf801400c3d00
1d7a80b400f1ea13
3872f492c5e1ae97
3d2f58172bc4b587
94693b843f306b00
5ca2b5d5c87af8bb
b6205920559392ba
341ff3ae9fb25bb6
7fa05eb8341ae352
d8c0713ff9caf274
98b1a21ba3b60b29
abbd30f79c08ae22
feaa154617e55d1f
cc0da9f9b01a295e
a0abed2c6c3ec3fc
d5511f83709bc533
932d89bc964e438f
89b6ece9e5b6ec69
7a8be27802d295dc
8d2c033703eef1f1
65d3317ac9c22b70
3a5a1041613e45d4
3982fb673772b007
9c2f3f0766438c46
db712835bf9a4667
ade74d78235f585e
df61b63d48eb15ec
51ec25c5ee2d62e4
c6e8d7c382ad901d
61b8faf92b49e21b
c506e5d033c433b0
4fb6d23a8e53da15
36fff36d5898101b
8358688636748f38
4d6096cf97c56a09
27060af941b16155
f6873cd47f749d07
a37ad02a23c88672
2cd07658abb78f5e
81056d1bbf4e0f49
d82bbd7d35581cd6
ba2071ba6d878193
eb8f83be71db0cb9
ba601ff7b187f0f5
9fbe861352c43dc9
e76bba800ff7da1b
00cef3297c2ed133
42347edeef7b1239
28e29eeba96220dd
c803b26c027f9c9b
ea5a731f68081ff1
86b4ee95b15c345f
88b0fced3171e17c
e2858dfdc51612fd
87a065c0fca44f1f
4e2b2ac142b3ac17
d1cc2d2fc67d7f18
2cdb356859ea6ff4
0949a57ea95528a4
fc5ad4b061731283
838c742ebd2462f5
8b57c4d8885df238
a5fe50e60479eb90
88839f59a7dcb9df
658b146927ab94a6
5360fc9056bd3b13
6aa04b4dfeb9b021
66e8029d1aa24004
22377c4a4620c98e
6dfa1bf7bb6eb5a2
a3b8aef9dcca4fd5
e8b0ac40859e0045
ba271bd4dc99125c
2c9a39d715e06893
1514aea93ba19c88
ce0d508e6faf90d6
f5948abf9a209968
97861a8828153c09
c795af92216332c6
6e9b4b8da87fd2f5
b72307818116eb5f
63941c60b866658f
254c8f272cace108
71b4ceb3a9974f52
399ddef68cb410a2
939f608f4ac7ddce
d913ec05e1670a07
3c95cade73ae496e
c8a2b12348df5680
779631d690b94e74
faacf6e544ed0356
1e3b7283da0d48af
806bcbea67a4101f
582ac39f737570ef
c03df7abc766c920
e63c6859ac339659
5570fe2a970d036f
a1834112c4fa9b7e
b06442d4944ace13
5de66d4d5689d047
2f09ccb2811e3bb7
bc49c7537f94bca6
4e61aaa37d635668
eed7b729bb3679f5
fbc80bc12688b9d7
8b2f3d966d451abe
651b19da08e793dc
bf12880199d2810e
cb5ceb8f83a4b618
a2aa2571672c47f2
e93952dc596ca247
64a277895963f6e0
9acf0f2e5aa6a2ec
9ea0979acc2aa0b4
f02741b5de2e346a
a6c8a0c367fdea31
4cf1fdc1c792cf06
96a584487c2388da
b575efc5646b929c
b5a42c51e5714dea
3db3617226d0a40b
eaf363c58414b95e
c2811110787d9fda
a127c997694023b2
78c7da638d5dc041
455b337595745a45
1cc6ee8c4f15b810
b12c8ad2b816ebb5
9b095ac8b210a1a2
bbbf8a976003fd2a
ca38cf3538087e1c
d802f325866166b9
dab7af9eba7cb701
6f0ca7461345565f
3df47c1b2713e2b6
a75179dcf8c9d713
428316a9fa7ca7c6
09c8e50713f45ed7
7e192425baeeed43
d02ee7f2ef75e55f
275261a815835944
30c6ae60bf62430f
5e72f61e23436486
f669725aa2dac90e
b0c8ee5b36baa02a
a294cbb9aba9b05b
74e0501c6c55476c
697d683c64ff3c3b
2e839cd830639634
f75c1c41c6b11228
8ecf53ae1dded92d
87bd5a2a2e5120a6
8cb0b53942b786ca
5bf4b5382e1570da
81e538b3abbb7523
a69e007b1a06bca9
8478754bce3dff04
0b3404b9d8cc715b
db5a4bdeacd55453
ea68b6c2398c80d9
4c1d7cd10099efd4
ee81e8b66ad0f6ec
89da861078eec727
fe319ad284c92333
aeedd0971e91ae6b
5ca0700d2056c798
ff2c5e3a0947fd60
4b8ee8fdc5e51372
e535a9113ce635c6
cc66773632b681ef
1ac384486987d439
6e0ff806467e1d63
ab9f043b6ca4467c
c618fb7e86f7031a
83f73c852c9bbe04
343901a2ad9eb04e
562b281d2a3fe28e
12690e3b9e264a84
ad642826bd073473
dfb7ae940e7b7d52
38ce622c9d3dc075
27aeaf1a7b652fa6
6a1c964ada28eda6
54991a2da039b4a1
d416eae3f3f02fb5
e595793a17e2884e
188684f5383e6376
c5fce01123fe95b0
edbc43998fa407e7
435eb075e8f0d43a
9ccaeec6e72fce1f
7187ffeb110a45af
3370cbe599013596
c900502c6429287c
d214d6235baa5722
0fef55ebc271e8fe
ad512b8174124923
e5b99917da70744e
638f741a43f49450
bc0207effefd29c1
df1115a9320ebc1c
4ac58a936c0a1025
3ada58795667282d
7854ffadfd34895f
04156a55ea39cded
23e641177c9f38e6
84fa09da5390dd6a
32c569588eea856c
0879a980205e91ec
148c2f2459329fdd
55f17df7b59baccb
f60b6166d86812d2
4e905da6b34a5167
654cd60b50e3a565
d3c6ae81d3267206
1823282cbb1b5322
e97f7853f48ee60b
c2e0b7f5eaa4c9d3
4230653c590b356a
ff8880cdd2373fd8
1fac276d8eed125a
8fda40591605abec
89f67c0c8917531b
db85c5d3db613977
94fea45094a2356d
e7e396961ccccec5
5e7378a168764dd4
506761b35127b2ef
b7e4ff51886ba5bb
29c1dcc607200daa
b13cfe6ec3c65536
0a7677e80f06762f
e53579ccc40bb541
fd8fcec97d5d94ae
cff6492c87b55603
87be30be4edaf9ad
ee6daf19015c5e84
9bc5db548808d942
5fd3347c5a41d157
2291582179512b7d
e82a3875b12061de
b3c309bf850113a2
5f667707ca9d4285
980c5c809be902e6
1e8bd595b7596d25
5e9d014b3ea420b6
2c7a358e97fda6a6
a7daef4d813b894a
27d182c332eb0afc
70ad2d07c8d217ed
d83b74a7b2d358da
3b3cd0a5886a989a
946699b46fdb5154
86a396a77b3f24a9
c5c2c7f9ac71775d
d263b022f36408f5
b3b60d0cd4bd73d9
7d212a10f0740b72
450a8a5264574f0a
4842f2cfa1cb8de4
5e3a68903eb4b7b2
74ceacad970aed65
f015cc3092ca4f54
a918c77a41b377d0
1dd60b7c088e3ebc
1953b8c70e8e2d00
74620dfb8650f6e4
9572ff47b20a0380
0f12599cb081ef93
d6f87b65d9b8cb43
04d8702950fab06d
99f9ea1674ced35b
f279d8897671df00
d28865d70e1c4684
14192acc578cc7ef
03083ca5e7cc62e3
c41e5a737326aa62
680315a693531c1e
b6ebbc0ffc147a46
c3e859c8682bc4c6
1a854eda494f8539
7de9b1a08343933c
557176c808821c42
4f5186f16d759bc6
b61b1826b172deb2
c4f69e7457715960
e374ffeafd82eb1c
856ba2345f635ef1
2ddce774a55ef5e0
bdf1bac7f2a67276
4869948f58698d66
82559b50661a8f77
e61d00c461b8103c
e8ba86a78192c601
4fd3084db59a4686
f925cfbaa7072f97
2d58bdffc33cb3c7
93eceecd43fa0202
82b76a87acc2f13d
c23755059f28b6a8
13753070927e8bd0
600c4c1b1e4780e8
100ecd2a9e523b43
2d8f06d2e81cc4df
3b1db36f55e58fad
9961bef381289718
e272e147465f22a4
ccad24206d264cca
ab5fc6110924493c
d5057069a3278e26
58f692bd28388f02
f20c8c76874ccab7
1444f6e83d9cbf8f
f9c59f809f657d1d
5866ff3ae48c280c
647aa87955ab9029
4c537241ed33cbdb
6e92e02db58fb23f
59fa8b9f674a6012
0291edd789ca3e5c
8b332a205bec17ad
b8e52e8076ca15f1
04645dcf52d2cdcf
da7dede450ee6c91
8f6327511285c1ee
c882ec60b6af5e14
2b20c8fd62f5b8dd
c2c991910cd25226
441f3bbeeda54ef7
7284464c53f14b6c
351abe2f70c2820d
6bcf89572f5e7fe0
ea494396ad5241f6
3944c9f2572948d3
2b463c2d0cb7314b
771274e7f92f41e6
e843e8296c16c8cf
916d1cd421410b12
4fe6e5c5eafaf704
af178242c2b1e381
543f67ae84969c32
4014f4e3ccbdb23e
0561b87d9f32549f
7ec21a5ba9ef437e
45a9e99e73ee878a
fb79bfe382e8fcb6
3efbf3de589b163f
56de374932901835
eff9db7abddf187b
35bc97f9af04879a
ba5b65472d088c4e
c897c71612f77e5c
03a49e82b8a09c8a
88ad358a6cbd8115
578b172b1a8b34f9
e44fc8d97ca93452
347737dc46604e27
62f53afc9ad4d609
5b3f7ddfffa60f8d
4b3b8e74b11ae39d
e808d88d478358e8
5c4e6762b760f0e1
958ab84063c1351b
2eca84822c1a0f63
e73e91c784bc7f38
345f0d78c98796a9
c0f6f9f7340806fe
6de23d2beaed2a67
2b8f13bf75ebf515
2d6882ee5723d209
8993fee3ad747c42
4ba78c7d472fee00
e7f3dbc4f9a1d822
f80c7a9a78f45234
c72db20c6c562615
19811552c9eb0a9a
5f3da61927f6c4f0
0f4ca0f8200323e3
633c4de9d5fc1764
862f0a9f3f3fa953
32ed94850e64df80
996cb38864fd9cce
f2b7da5de55e2804
4e32277baf63c831
95abacdb9a7fefbb
9b751cbc90f1246d
dcd457b94111ef74
c606798efd5327f7
9ba496890a3fa26a
be0bf8a5902a0303
67d4a54090453d1c
68ddd9f43334450c
ce2312d6eee275f4
ecdf6af6b40c4a97
0184a098823ce3e5
e0e8469352e6b2cb
40bd21c010bcde01
46075062e6b0872e
10ccd04f7c5da68b
15120b3381340915
51dced5adcfd8065
fded582b48d534ac
c5b34059cd3570ed
50f0af26e8f36384
387443862591bfa6
4d5b10c95c3ffb83
e6865ac7fd3f8116
4153dee7983f33bd
c1c81734d16073d5
d9872543e47c420b
7e6de6aa2f8ed15d
863b8a53758a0a04
ba54dfd099d2dad5
dfc225810d8cc406
9683790cab33f749
a78ed58ba534d20f
6b64212a52c24474
58e2068b03e904d8
b183afda490d2efb
dc35a414121bab12
3f1e4e3603ce1b7d
f3d8f5a5ef242018
db09a50a56de0165
4c5043e3244b8895
b221f0cb1b65a955
eea5919bf37914b5
966400d8ba12e859
092aee8245f06a2c
54fc64c4344db233
1bc03dd4ef3905c6
c819c05ce5b465c1
c7b32dd10e7a7258
aa7b084155157848
b945f4347a4c2a7b
69cb16bc6c84def3
b9c6d8d660786315
433469db6d74a368
b0e47b92b2dcb3bf
d9db9b6fe6ea91a4
5ac06290fc7663e8
28ddae2b31546f95
3b1e8b571c9835ec
98012bb00e74b1fe
79629055e4232c33
242fe88ac5473284
59a7868f34277076
410411be889ccab2
9b5f34676d0e53c5
c0b903e66d7e997a
9465f7467123eb66
708c17dfbc13ef49
89a3cdab2d914090
aa40cc4966cf50c2
35b166d1b875c59b
6956345a88dbd605
791f687df77d4d31
875e092a504d2e86
e03e311bcd8151bc
f80ab2c9a28a76dd
0677f4882a1d835a
dd8cafe5c40c20e0
1e307812acb7d73e
f38ef50c165175a8
2f0f197927cc4389
a29f0151fb06556f
417187fe2585b1dc
523619ebd870f522
a15e94fe8faab7c1
dbfdd66005163895
e2c9b9994ed98e3c
f600c4980c8b43a0
a3495c5c53447d32
8310bbdf072bddda
7ed2307173171000
018b47b47e178ae9
43ccdad779753823
35c05e44072947af
e611b0df5d044aa1
273f185c42d753c6
86abfd21fb602751
5ea5a8195369f1ee
828e0a2c83a899ca
d2abca95bb1c9ac2
5cfc866b7a840d55
71f8bd328592c606
6662ddb1a52169b6
cad5ec71418b4029
57940605db70e46e
e2ab6514452bf7c0
b17222616f10b228
c56bb3d64fbbbc30
b4a1248dc9a67b51
684e4580f139bde9
588738ce6789ac68
c3a9b77b6540ccd0
2b8aeabcd1e3c57f
1325cd2cca1f3450
14b783eecdbe376b
ee7316ab141547e3
a1c413acf45ce2d9
54a93380d88ca160
fb93523f13fa9c63
512f786d33262b33
b59bfad94c71c595
acee0a1e08aa68c0
e5610870447934a5
a5ec5d6ff10b9ff5
3fda5c7aa0a1a70a
45657e9b4c5971a1
7806f30a37e483d6
3749ecb2c6adc1a7
22c904706a85ac2d
b57febb14a75d82c
48d821803b51fad2
53248722f7e32dfe
a6aa2cc4b79012c2
885b8bd9a980202e
821d2212ca3c9b06
8702c390dd7859f9
f5dd6214ab3f4980
084c4b47353feec1
24b62b9af8b1cd74
9851b7dbbb27058f
0d4b471a85dc7bdd
cc6c27ca97524c68
20e10d78ae6876b2
a784b8d775f9a18e
fe35f4d9321839a8
179a6a382fc1e0fe
59d28d21bcc7aa34
0abc970dbde18250
7650f9dc31e85ddb
535c01814a2efb8e
2d33147c1118525d
3e93c2fc2aa32ce4
8c907337339e02e3
dd18fe8b63ccaabb
de553b35976b1dbf
0a7a85ebd68b98b2
2ff984d62ecdd4d2
a20ddf8676fba259
3def708134b6e315
106d041d6d7086a7
3055beeeba60828b
83cd37bfbfc12c40
57d4a4cef62a5f7e
b8858a6af70705d9
5c73e41e8d2e825e
a0d2a414a114a4f1
b544177d4b111051
73fedbdbf4370bdc
5b4cc781f5096166
1920978514695ff0
971cafb1a855641c
c3aabb73b367553a
0ab87a12c212be88
8101091d77a22bf0
031dd647ac61b0ca
912afa4ce71db686
5b8c4cb652c9dc74
240deee64067ddc3
6fc3345972f09834
550e9fa5b7d5aafe
f954a1e96ac92217
d38bb95adea5eadf
1d18d9d8e43c2c58
264bb7106fbf14d7
304675644ed0afec
4faff7087f827bed
c6e3ce06006d23e8
36814cd57ce01f8b
de368a6bceeab4b6
56e66274d97ca27a
9d31ba0464b6fd46
c62966f977a503c8
be38e927e40d0dc2
8d6b27ccd25b6ccf
214fc6198f807500
4a0aee7fd19afdfd
33ebf3799cda11c6
4986c6b5320a5437
e9a96a190fe3689a
6c76d413a6389d31
cc7dd689e384e029
02d26b9897f2994f
68b22b4d2ce0d268
561e54740bb78fdd
c5f5cd92452092e0
dbc04718058d4242
e940ec546ebdc120
f34cb9101789eebe
a4f8c07a91ed2408
e2d7cf3418c96a99
3b3f0bb61e5cbba2
a38bb71c8e82fdb0
b5cef5c7ebf10a30
4fbb7ae9efe5a66b
f3fed9be411d9af6
bd025e761e65874a
44f355ed2c82829e
765f64dda891dfc5
7f95e414a28a3301
b1931c6b4da4855d
8064bbb105ec66ce
8e1e134516b0d976
8148c229e3a16d2e
ff81fe2c9f1a1457
eadd4e25c648120c
a4137ddd246be6e8
3e4537d86abbe77f
d4d8a10d4c4fa823
21ac785cc2945016
8367268fc63a7e40
45be23ca81d8cb60
434001c52f8d162a
df3f88dece0661f5
25c31c6b3002018c
3f0c8fd21ff33294
1a581cbc4d9be230
61aa005fce8b5972
78c4fee8e1a1708d
4d0e348d9c0e7577
d54ca08940d6568f
646b1f6b64a121d4
819b1a54963d19e5
2a439617823a3e44
1146d404ed26642c
3a724ca791014fe0
21dc2664d4a205cb
b96510db66d55ed5
5afbd91a472cec6d
8793ad62631aa1af
822f083be14788db
242308b03819920e
a2aef0fc85e04c1b
074b46a5d37593a2
d893a4ab844f0136
26ac03f98f33dece
b942bd062ecfaa82
6534d1c186ad9f7a
33cb216af566fa9f
dc3e9e5af3920583
57af6d568056d4a8
d5bb90edb21e027b
5abe5c8e26b8077a
7581194e28ae053a
813759823a9f9495
7d6c90981c03092e
23194952f05bf6ce
025b6e52d7e27cc7
56237fcbaa37ade9
3b35208a8d839110
eeffa96235a7101f
a16b2a24f33f0d4a
2e1ba199a0615fd1
376954bc542fa9f5
c1eaa818ceabc61f
9d751fcd04e04bd0
60c8d04ffc62a4d2
046e581a2860dce8
cceadb7deb53c424
07706543eb4a2ca0
ad62ecdb295f564e
d684daf7bccf68eb
a2c957ae055cbd78
1279c1ffafd82ccf
433da8f66a07b737
7a262d9fab8d1af7
b9c8e7b6d144f40f
672d698cf266d841
ba339c18cbe7639e
09ca090907ebcf0a
9b9c149e0be9617f
dc013f7f35997230
9c9cda9373f90ff5
460bbd0a13d57a35
beebdd72e6c89c81
88f9cbbaee7b8406
f65b9e35cc453863
09cd1ce18104a89a
ab33b00c6043d555
c72518e6b1544feb
b80d0267a0de082a
e0d1a317febea289
c3b8a999e7ac1ad3
b2a43b77c32455fa
2e3695ac4f17f632
1d6408925391ec7b
defcd9c8a6915897
90845ce075b6eae2
2264f8fbd1aab085
9181c559e45e6e47
fb92ecfe6303add5
ff2c2eb68ca32098
06189021f3902098
d77369e8638d243d
e2d7b09a3fde620f
bae1cf295a53ff2c
ccae387ae843920b
7cf1e73c9d879f85
f3e81513a6e0f7c2
43bf6005d0a0d08a
8551c0bae68de5a7
50585c3d2fedf456
c646ed404536e415
3e3ffa51f544518e
83bcbaea633d377c
437bd8809e0e7baa
2cba552f11d6901f
b21dc015e62d7d8d
e93ea8762e814e5a
56919d8f2377e157
c259991c3a0801c1
688a3ca070433a76
4f9b7836f88ec54b
e54996b16ada7388
247b5862a2f1f2e2
62f5b63875dfb450
42e16a8431f9bad1
7f98b82b38194cbd
18b938eac2601aaa
45cefd0c876f9a2d
e9569807550fe2cd
82355db67d2a9160
afa3e7f065d48838
920e9ca901c09c52
f4954c87a6679337
8cb0126a8a1a8b06
dda71200b7236e60
667bfd4e024a2e03
866fac88a91894c0
24f58e4c9dd150e1
d159d3cd64f89012
09466012d4398574
f439be43409be7fa
4d2dc81687914c49
1a4f52d1e614f7b7
841cc5286945e2ab
b31578da72a544a9
3613850f3d87ec3e
ed4b3427429c36ce
d77db0439c718d19
fc00f9c330ce6872
fe3a1bd4146a35e9
1d7ab4707f1c0948
3f17b3c0acda46f1
749720329ef87f98
3099745cb20d88dd
9e37b14bfe759c76
e48c276231e47cba
22a5eee6e9b0fff7
a31249da8fbbbc46
56a494e4e839437e
1a10f4ca48ed1cb7
64ab5c23d3147d77
f8502acff3fbfa31
d965c6410e778fa5
9f846b2fc32e2949
6a8fc7a9befcded4
5a08fada2526ae05
4ee2b8d197f1f009
f111f6581c586e3b
54cdc0a080390ccf
1f8d5f88bd8736de
1683e8794be14c31
de0b8ae686d7ac44
baaf8ba02ef2d6fa
de72e88c79a11e26
febc99334f40ee8e
48e9f13969655ff9
d5bad40792798ee0
9922865da4794fd3
e08c9cdee790a027
24108d776302ecc8
782a0c6d55ba3938
e4a02e5acb65540c
574cc9ab9808c984
2df9c558313e438c
ad7ff2aad32ac026
48aa23ed8be22877
40afdd873ddb405b
149d77d993f04872
45f35d043210a906
b4300f124f9fd7eb
a9a8f86cda5da213
8b63990f5db0fe2f
cfae80108645c4be
1f3b1d5dddda1637
5f17e261656ad298
5d341b5d83cb320f
12ca37cbafa0681a
6b803e5b80bdb095
abf89172c898d295
1c834ec1513c8927
1ddc6be811a2bc37
4880045d6ef92805
02d2aa3ac6c4d539
0a68e21eee50509f
6418a53212a4aff6
ba4afd34671afd4f
0626441f058b51ae
490e65168222ebb8
d978c921b36a612b
3e5548e91f5ac4bf
1ca8c3ca6705b7a2
523ef5924e939f72
f62b6193a7cda54d
3c325f25df7ed03d
66dee4972f7d421e
9995b7671938255f
30561ff3d1a30b21
dd75b3e5bd545e8a
a4a8573e2bab4024
ab89e259229378fb
51b35619003a41b3
277b507d41971a7d
90b736c0ca3c0ee6
f35a8b9b5f17450a
488eddd5bc10eeb0
4fdfff55dbaa32ad
035037fed37dd165
82ca52b395829a46
f31d8411d9864cf5
f9177c2f10d7d081
88f2cb76dcf32697
fdb0159ea4659771
8b84b069cfc090c0
ff26fc4315e7c6e8
d528ac7065b96d8f
536d8594386aa14c
8718a575497e5d95
fc901c18785d1172
679d095c74a5c59a
e74ec7b8c7f71481
9539355aae8cac17
174388176662372f
341299c6d9e8b303
fb4d6a5b52f9963f
8cff305fb8d204a8
43c12fb5c771173c
20bf137c7347b860
73ec6e78f674a327
9d17fb236beee8d2
d828493964ea038f
173ebeec0d13c9e8
bc57887065a5860c
c9be57568e6ac8c3
36cebb162bf74829
d66b6261042ad3a5
734ea4e361ad8fd4
bb31e63558b89c67
941d138608a7a3bd
25786f6d53848ef0
f3a10f40a520621c
ce7e177b07dc62be
da0e04ea08a49580
a2f6bb7c4a3cd725
09d4a9c8b6eb9ad0
6228fedf83d70d8a
83fd4975a6ceb253
179beee03c0028cd
e8c801ae0fffceac
44b47f4e364f4abb
e727c666adaa4b35
20b097c226f98d1f
9e854c385a533939
fb0b619426e9807a
d13130d043142e5d
b5560c7f5f1f9e82
ba0fd8f25da331b6
dbc12e54f46ed6ed
e9c735ceedbbfcea
b83387b21443120c
c57132324a8d237b
21382ea28d66c9c9
2481d99894383275
2349d1ed3bc51815
950f3c016935e5cc
33c24fe1b949d1b5
e8d825494261102c
aae5568e8dfb6ba9
1c4b395f6cbca648
ea2f004aafcd6d36
b7c6d0a891d44d63
8943b5a00e24312d
3f4a601224bf53a6
b40f82b983ed83a9
a9167cc272c73243
ecc7592cd2f86e27
67c4ebcdbebd7ee8
7bfcbd3fc738625e
421c5cd1da8f06e1
1494914fdec86935
903369c9e9597124
a021a780144c3202
ae1221f1c97232f3
ccce5301606ff393
ca907b14fb7a325f
1d10cbbfadf9fcd5
6d1e7f3c97e24b45
5fa42174729cc32d
aa406a14d2073c1a
bb419c445d352614
5b7ff9bd7404a69c
ecdd9bca6092ba3c
4680ee60eb7fa7ba
140da7e36f4fb271
0866154a0a106875
aa62ac3b4e579746
d0e6c88ee1bd9713
eb66e160e6b02c48
a15ec02865f7036d
70a0cbd238ef6a70
6bd1d5026a94ad67
bb57d4606eafffbf
3afea36c102f3324
b9a97bdab8b05d1d
d1cbb149e9516f52
908f9b8ef28f7533
d707c5fdb1afbcdf
20b839d789b40267
9c36ff9b58413b5a
965a7adf791ad4b7
31be109e82c6bf83
9fb96b4b53374649
b360a433d3a38da7
6c0c2850c5094097
debf8a18143abccf
d743ab78bae9bc71
8f852ae4654f3e66
24b0947b29ffdbde
6ab56a3705ce0fd1
4d98d04c16395b5f
c0eb3445842afd85
a29e891b6eb28c28
d014a75d1da1216a
d89f755cc16a2888
17585c74319a9549
f74e50a9a45ff2f0
89c636eed3d5552a
bc6568fc6d72b10a
5e14a0444fd3aaac
68fc1c91851e2706
35d6b7fef4a40a65
854a30b067a4bca7
c573f22b53b7695f
ac8e5837a59f3d47
386b61be4b824e32
6ef57b37b6d96722
3071ffc4c4d53b23
196653439d693713
75db5dce9461aee1
589840d8c90634e6
0ad739bf09ddb520
ec17b0769ea4342e
e586e731179938d4
90ebdcba4da8b5fb
29fe51b2251c3824
f52e4d2379dc6de0
9dd25c7df341c670
5b3112b9d9e4c022
2e89b38a0a4c6fc0
adc75fff3faa6822
144d7628bb5b2b12
678ab464b8fbda92
911a4095ab1eb150
f1300078c439168b
73073644c3c3c485
aa0c123ffa0c4e23
6522bd979477a8d1
6cd988e41a40f3f2
3a112c146f5341e5
60b4ae3bb9a69fbf
a3105966c59ac02b
264a5bbe66efeabb
1876b8f785a8f99c
97a93f5e3a0ede3f
dc462b3d2ba14ca1
6d47799a5564e964
3b6d8f5ec83b839e
8bbd06014805357b
2dc8dcbca67c7f6c
e40df69ef2a3c89b
65ee758a48475bfb
8d0786383e797e60
baf77fb126e8ab5c
b2abaee3cca2bacb
72d72919d0a87c3a
714af14d7e52472a
1baac36249badd60
35202eb605daa307
c7f5f84aafb9e929
7867e086a6f14485
de0c2feb82dccc81
a691cb5c5340a376
7aa0b96b553b1f7c
c4e0bc28ff489df3
7ef1805b22bc27be
d985b4957ffef1da
a1e57c2e1365d394
810322f2642bab6d
61580b0e424c3ec9
712b4ff0e9a7fd69
bf84daa811d9cf05
d87b223c10e5d5e2
76a22baa48d3e0f4
31a4ad2eabbae487
1dfbd338e3ec2bb8
54ae9e0cd295f807
ba50db68256372cd
c616448535749805
936a56b27d71cd16
62d62cfc2cbefc7c
1931d481b5810b29
936a9e5827c5171d
c642a2dc8eb63cf4
d1ee9dac3881438f
42957b1a5f41bfca
a73c7a67d5e4619a
4595c614d291b7a4
6856148997e13ff6
b034a2faa4d99e50
e917775cf166979d
d14ffc32a1db1665
219dfa1799af1109
101c544c81876074
19751282a3f916b9
d1bd4045fe327df6
d37fe0ad08e30257
7cc589b54ca663ee
d0c87b38bea09884
454e7306212a514c
a9c9a2158270641a
d23b3115c167dbe3
e93cbbc27e1eb31c
b12b0ab0d0df3f29
9bf7e14a89a7b500
ff787bffd4698f0c
43708780cf41d712
9bfbaed3cb4579b7
5d0c9c9a371e6ea3
27399e1051221ef1
01ae933b23436c90
2bc494cbcfda200a
edb1869335588530
f55ba3bd9ead89ed
4d17de2428077794
494f39c7b353c747
fb4b84c5496d27d3
b9472b580398858a
166d4e4a1552375d
d3dd7225b678ca82
8ea66710847e41bf
c24680aa8befdd40
0c3d6db26728ab18
8fa5912edbff97ce
78f4b624010bf57d
538d6f964144c027
5d23a3acbcc2dfbd
6a06c8c3988dab79
d7c226e5a42274a0
a415a01092d04dec
64cedb2235c56940
5f51579f9635a5b1
ef4c7be034e3da37
c837cd85fe84eeaf
39f114b71e84f640
4fd66a8cad1f5e03
c661ec7c51211048
1ed70adfe2132248
0ee09de920fb8603
e5a192937de30d78
aa3e2938a270eb32
451d18742dcc94fa
cd2b171a8c484676
a749e0252329794f
43da755816d30291
5751eb145e289e6a
b2ffe65263cdee89
c06cc036c2dbef2d
8371dc134acef226
9344ed0271efb727
ee57bae689d6225d
a69b9d7f88461ce4
e02724704403cdef
c3dab65739f1e2a3
d47d80c362bf412b
05ac84bad7cfc46c
8f7be33b788dd82c
a4d8dd0ea6bb61d6
4fd517cc5593cdb2
4a8df3aec4b821ee
e8725adb84a08b81
8b01de8f81a1ca9e
c11df24e3863ada9
bd8167dafa409c16
dedb08c611f3efcb
29aab193221af5b2
8618aa8fb091369a
203f67765a59a244
834caca7ec0957f5
6ac4432952589ab2
e72308f0a48e431e
9c62d4ebe89fe6a0
9eba890bc51e9d15
e219e913c2917cfe
5bd3a824d97cf883
18908a667340636e
f17498ce7a840802
a91c8c5b6b6834ff
20457bd190d81803
6a596c8f84ceb981
a7db24a017711bde
d82f0d5a23e3822f
b12f7a5a7440257f
35f5b3c69ac3e9ea
79e9413fdc83905e
31c2e434e6a13008
0a2589038679a33c
7ab262f497246dce
431928d83f6b0c45
ab4dccf33ca422e3
f5efc84f703f63c7
9e66d2216c977288
11e17e0b533af815
a2646c8fd977a35b
f8dd72f5d4bd1c01
5ce91e91ac5ce0b5
edfe390dd75e8d83
2cf9cc569bee4724
e01b7e7f61a12d39
0f92bcf28daede71
795f02fee81172b1
838af5464462a366
82cef3f625e44b32
8201e4aa6b1adbc3
845822fc556ef187
6bb82ebfb973cbd7
b36ee322f6c2254c
054a308387549c24
347a8642928d01fb
59f25d7be7619d15
3f3d7fd194f2899e
ab9ee8ec8f4b444d
c881d64e913d3a50
68b54f7cf46c09d8
b1fa3dfe8f41f229
f6a34e545e7cc553
bdf4924dcdb82d2e
b09817d471ec0e67
569f22c63deaa1a4
ccbfb92c23f73589
3828eca6b2cb7475
2185020f0c2396fa
fca76f2f481199a6
67792ed087560908
01fe3f0a7348cff4
be5c91f8629ea18d
b79dcaa7901ad11b
6d516fb7454a10dc
f653c18aed54e78b
d33f52b8b0ebb065
30badba9979f1a2b
3533e2fd04fe900e
e4e2fdc7b452cdd9
ee2d2188f1c175c3
f9bd591a52b8acd5
3a74f1d3c5012fe5
99f7153d2646e73d
dc4f0bc6e0214e06
6db19257f2558302
3e1f349f78b19a44
3e44ddc4f9f2f76e
93f4acbc313b0d83
47f92e8a3ad0fb5e
7d7c948b53e6a685
0d9265209c2b3bbb
cdd315df25031f31
d6da50aa881962e0
d8188d0c942591c6
4412ded55794c0f0
6b32724384cae2cb
43f0795dcee01382
6c0567580a200a36
06125662a61f7753
80bc7d8ccf2fdc34
4f1cad1d603a4ee8
811256f1aa966e5b
48cbe603a7ef9156
6849240af8032475
fe187ba69ab7556b
cdcb7ae1a2b2f684
6f5370216652195c
492df08f13374878
2fac80ad04b1fbf1
a2f689c910647d2c
2b9ecc9ae7b76219
00f5d7b7ad8a0010
e1332e66966ba9cb
8182af233862a5bf
503e33a463b9fa79
ba339bd3d4cb46ed
aa63d3ac78821165
a4aaa141040ef408
b4cc18619659412d
f51bcc96990a2f36
7fd093a39d87d512
fffc90c6f1768381
0777319e98f178e3
c935d2f0e995a929
046c0f91c164674c
3abf4facdc03d864
4bed5c956dca1cd7
afd51e2c1258be90
a8aa871619f2d76c
ebdafd92d7911696
f37c93f7e1abedb8
ba7e7645aa14040b
57f214ae17f744ca
dbbd2eed5999644c
2f3ec9047865bbbe
5fbd69f4dca3a4c4
2328ffffa4e46d64
755cc8eed728dbfb
cea4b62d40c550c5
fa3a03e36a7943f1
6adf19833b725bd5
0a67802ae327942a
d9472dc123ddcee4
45e0cf6b742b5a0d
91a5d441701577d5
9d860f6260222987
a7e32684c66cbe6b
88569fe507cfd6e6
a8db5c0fbe2eabad
79d47ae134ae034c
d717b729df572ea6
0e7f6334b164ca0b
d82143fa5c17105c
d8a76ead5df4478c
b1191f1fee54fdfb
a37903943b61df09
3abe69a18be17dcd
7dda70e46a884ff6
9c478d805db93984
c109a61f14245df8
29adbc39ede0e29e
654e7b537fd2c21c
f6e638ae55a034f6
cfb2b62e2b7b58ba
35c7bae7dad5bf11
10c191012a8aff87
4b7e065fa7c60ba8
6eec2e7e2d25845e
afc208ea9f396459
297e642ca3c26953
24662073d79c1b2e
ad65733e87ff7608
4509a184826ca1de
cea94b49e64f02e9
9b1de6675dab88ef
b4a476826656dd2e
57c7c16b09a2bf7a
d086b6cd95b307de
6c9f6b6174f0c03e
41843e755a24c00a
1babddeb48b6b20b
04305344293aaec8
6f0db66bc8e39edd
689855d92b1145fb
7380b6469bd326de
b2c1efd2f6ab0770
3d065c0ca3d284a4
23ba93366adbcf47
c3e6b0d87af2efc0
b7be021e22abe905
d5147077e543cef8
e680594725a03075
336694f7e8d45936
da0784772123b22c
c319a037da6c3204
895ba4318082f505
483e3b9fe4d7786b
1191d1b79dc363b0
b9ea0ebef281c146
db18d39c4d559435
53786bc7d74c8512
ee2239a86cca003f
b192af86a76c57b7
43d8736f4d936872
95042526c5f834fc
44d1f3f5a070e203
31be402d097ecf03
0853800bfa51227b
ca051696db2de82f
7307f9bace8ddeee
5660919512403728
a6a2701f743e613a
f92a72a3b2646e59
4c908c1a7d8a7d80
516608038c1fe086
4365bd16e2755871
ae1fd1873fa002d5
cec1e469d05d7140
3a277ebcc8d34c52
152a428bc252a5f3
8bbe80fa8c28c453
90554bd0ace7c72a
d2dcd3decdab70e2
10febbc5867c1bea
3bc4517b208f74a8
76095a429006ff87
387acb7951ccfb93
70afa300387eb472
953f1fe552402d6a
752faf99a8ea2d10
72ac99127f4422b4
037597eaa12a69c0
f3101087dad49abe
1b0614fb421a1044
d52351c1c915157c
f33e83f046f61022
c81188f439129873
51e731f3af50457a
f22ba461ff115fba
8b9db956845c01cf
5a24ad2c7dfdb559
a189638991597fae
46fcfab6b26fabe5
c48d445c7f62dc7d
41a5a2c9cc29b340
775d6c879334306c
7c252882a39859dd
ba89f4d7f6c72a6f
0e9d45a11ad8767f
055a35e342a77a2d
36e45b86751319c0
a0974a580df4ad5b
9849329b2f8eacaf
ec6aca457e591057
a4ea56bcfc23f14a
8eab8a26558cc03b
bc8a9296b9e8ca68
073308db5991442a
74b3092aba913113
def2abf18be27459
fbcd7065b6acce0f
65571238ea1987d1
b6e19e1954adff82
3867540c5159250c
85e52000d9b3cd3f
81e1cb96f41795e5
7d8f9348830d0ce7
02d08ba17cbb1413
f5ef4800965a1aec
85a634ae6c90240d
44a04eaa9688b350
6e70c3194062369c
61f42c9cce446150
7d7d54ac9d8fe34d
0330846cd8914f52
bfd265d7f5cfc8ea
c640b26a27c4ddb9
5501b1246921f36a
6e22fff97d73a2f9
eb43d1e070683385
bc17c26c7fcceccd
8d2b2c72404b3049
0df6413484a71c0a
afbc30d9f5e22bd6
2f6887e63cbd1441
d90dbfd66426918a
88148834eb156491
d0377fb08c0c50f2
49778734dc81e1a6
215578134495c5c0
53a5003a2cf02b10
955d05b2008f7702
9574a131eee9dc74
e616c89d60c5d616
5043dd567f7c33b2
99b0866fe4e1246c
a2be16eeb5688d08
65b2e66df0ab4325
9e9be27f3a9a21e3
97832337fd087ac7
623a9198e021e197
02c822379ba57ef9
603120f428bc18b9
69f4f3bb82153392
2f240e143c0341a7
c10be0c7ac4ad546
6449b28f7f7bfbf6
11e452d01bdba23d
a2f96688346ed153
ad3870fd92b8195b
b9ab4d1ae04f23a2
0f12ddcfb45ef78f
1e30fc5f69b84b96
7aa14437352f25d4
d9cd47fb23d4dce5
64fee112f366b7ee
4e2c805f0b566516
29fa5b85d953c86a
a510755231b58b7a
01c195a78dfec2d5
5ee7765b9388569b
8267794821b35d5a
4278bbb2d3a55f6f
c96ccf93ebf2d663
6fca0ccb2256a370
5b54bce22fdcd4fe
cf7f7400887dbabe
1399dd6edc45f0c4
3f77c8b2e244b189
31ffc36ee9c5e077
42a87c45581953cd
f3bab9ea07c22543
b8e67b81e64c6769
a3493d17b96817a7
6f87467a46253c35
37745e9fa64474db
825c7829447cb71e
01dbfbff351a0bfe
30de0e5071e975ed
fc533c6aed278dcd
9fac2bd18124a05d
cdb2cba01dc9bb05
544c4ce2a9f77092
9426b3e1d5e7fdee
d1926a7e7b6e00ec
b3bb3890fde144df
a6fd8bc0cb9b45a0
7ba708bdc0382236
352ab9396e8ae685
e707d8430ce6100b
8617292fa193a33f
a26035e822f19214
3cb7ed32684e12d3
aacf24aa94f4a53b
7db50922dc2304b4
0cc3165af6e55c97
a3a328731e64e40e
288956f0d1b37e51
89cb733cb433c536
56cc419513b094ea
05931d50d034c0ff
fd76051e1b517f62
b40104dad0a1c048
e8e361c789a874c3
ce46d6f962143feb
678b125b83a6a718
46767255dacd98be
387b410ebeb0f54f
f0fff51580be7019
4741add082ad9f86
3b4355f964d2d80a
497b2f25f73c073b
0e18b5c718ba3ca9
1ed97e77fd6adb9c
1cf4247be3dbabeb
2b80809cb9747512
42e7ba5d667bed52
af540847099ea112
6dbad25b0ed407c9
1eba5b45168d9159
d100afe97984f90a
cb4e1258eb383b6a
049db4e920479b1e
ef785657bbaebb1f
135675ce7a146677
4ce394723c205760
3a69e1bfdbb59ed6
5464a98d3cb8c5da
d9ceed5ea51598c4
a0ef61740b0eb67f
c0bf1eb1bd49ff0c
9a8605e2e200d256
3eac40f74219cbf9
b421b35f7a01bdf8
1f1ebe210e3c6a63
d274697ef7889114
a360bcd7b050f3bf
ea0e84a5712c7451
eae5b48f311dfa78
2ee2922b3c531fe3
63d66c8ceeda202f
cf3a4b4b14ebc4cc
954f169e0fadf2a6
6852379360b846e9
8cca5474936be192
cfccfef9c1f87a19
0ac57a63fd9fc604
869298ecab9c908e
d3b7ec5b5674d084
544af30fc1186db7
568543e3b59f1369
823475f559aef11a
0b1b645de2afc6d3
c652f71a1690764d
2c8048a32a5b844d
09bbf3d8e47cd894
209626c68eddb629
31267840b31c5236
43e66081e0b3f3c5
224b49d05dfd16c8
61a19e24888953ae
4f7192a13b7fbaad
7e34dc2244b994d9
698aae18cdb5a2f6
b3d6554209f62227
578f7ee05d82b1f4
1a1e2ead6f1a7ac5
04ce38531abaf91f
819b3da0a88817f4
83929c3e8240f367
cf267050b9c2546b
5076fb82dfaf7751
e6b02b8b266c4c8f
df2cac21228a0437
f8f267b0c43665ca
f1c2bca4136accf4
7d29542d3b550590
eada143304c32c90
991d0da804c63cd6
ee0dcff1800d1a89
2d65b0f464838632
0042d3a7cb162cb8
45f9f550cf6800d2
be293345b746a668
66ed99d246a67450
5401ba27fdfa0e89
6ceff2dd7e7ff4c7
f81baac325d150f7
d0bd5de14665a2d3
b13d5713700bc03b
a301f2115abf6b86
e350c837ff141596
e94926bebd2c4e13
86135ec4ba56b465
d5f61fb17d77d20b
d06b4ee418c1a6e0
bec48a9a9565d814
a5df62a1c11f9a6b
d2df15d61825deec
4eadf943d7a55d6d
2595885ad9449336
f3f65bd16ca9bbdc
6a5b51cc369c7ab0
24744c8c84c965c9
3cb929bdb3f7031e
e656e25a8d886a56
52ad35334ac9a694
4d46270caec31300
f3d4165016d195f8
1ee842b85fc900cc
9373966a5515f5f2
c914d9855602669b
76566d5fd4cfb588
bbc9abf9b7076efa
5a9193d248ee822a
c1c65d0fe416c609
c5c2b54732b44018
bac01cafd674328b
15cf72043e64f8c7
59222d0ee5404e9a
6b56599e69e93413
782c68f573675d0c
c0c8f45a3055c6cc
11b353d9c541377c
552309055ea70f79
cce65c977940ff27
373751f6d9a4e3d3
66aa1bd386b91ada
04512e00cac99127
fafcc2d72e3a4d6b
7e1603fd94e2905b
72bc9bcb2e14efb0
185f7cae75885b52
4c02b24e8f3b8bdf
475c62f587a79824
062ee8135a8ae8c0
1df572d23c654352
34ce52d53917a3c9
37138453959cca8b
3128b1b47615fa33
897ff91c8b86517d
2e9fb5ff7bc25609
c71109b097bf5d8b
945142f2bce4d7fe
b1bb40d92a524f3b
a855c672950cc6da
352d91c5dfb2003a
111a9518a470ddba
bad1310879cd3b26
e87e4aa86b4ce3c8
23fed27c177ef881
acf5d71ef970a42b
304f53fcf3e37271
56220be0ea4d8aee
9992dc39aa1fa480
a21747b1a5549e28
878e7def90c7c1cb
56ea3ba011049e6b
12b0f40908df1373
24b18363569a5945
af1fffc7d31d9937
8eba18af860557cf
3e5e33d3be97d15b
6309863f3222377f
8558efede2526b6f
a9a352e7d462d193
52bb7b4c959fbba6
3f6b6b4ac3937fe9
213164fe9825ca06
db5061a1cde627ee
2bcf182e7f0e7713
9c8a8c05b0777983
56f1583f612821b2
fb5e322da9903add
4a75b7190ed6ed3b
175ab808a966e961
d3c2a5ab01a660c5
cc2ea0b51522aa5b
9236e47e139517a9
d605ba1d0d099788
d0c6afeac91fee0b
7a947f5c8d6b0b17
ad1921f03d28e871
9d0516b86e6abbea
51c0aeb21fcbea04
16d458cce298d8b4
a1fc18842c610736
13fcce55b89d7e14
e5cd109bf2d103c6
1eb60ec619845ab1
5049d9013af73ea9
e24b054c43f7beef
89ae0c809d71df33
c2e2b8c653339ff6
ef272ad09ff25f6d
f96f343f0e5e8e47
397f78277944a1f4
cfb1bd5818d0a83e
6321f9645f7fc36d
6cb44b19902622f8
1b8f77f236072884
139ecbab33d482ef
bf758e58e5afce3c
11108ea6973a5c75
f5e9b291b8e53b53
4a01b71e7f614bd8
e8467245867e9bab
a1fc6be18d930ffa
ada15b5bc24c5d13
9834d66bd7204c0a
8a2ecbf1d5e850cd
252187fb5bc59e26
a6c848ac97a24d15
4c0845cda117e5bc
2c131ebad0041d74
eb7b5fe8d337c315
c1933891bd24a2dd
5e6798241f0939d5
6c80dd7a84a9a40d
54c2c706196de6ba
bc7fb7dcba5c005b
37faa548e7e53278
d442708d42cdc282
9d328a650f5eb494
c186f2625b022bf9
61cff37f7cc57cd5
3ed57d689e388200
69c9d277cb98805f
17a851fc7539bb24
743894210e2bc2c9
56f64c4ccb08d8d6
944fff15700998ff
19d5d705f6ffd512
d8188d330e8f91ec
375c3c8265ae6bdf
9adca5f901de2b66
05f17f83cc7f7409
323aac60aff1ec5f
c3ead8a9a80d4a4f
184faa4be572c732
c4b904c710e32155
d1c9571bffcef8ca
99738499c30f5c6b
0fe712f8d6ec9de5
fbce728b2901d1ee
43373de096d24f4f
81c71521b931362a
0840c92c30b7d8b4
bdd3811385991646
a8497eee57aa2a06
b365332ed5874015
cbf9c1aa45096225
e26a37fbb9669d75
aab48c28397de423
d458e21e21fbd969
dc30da6cdd9ea40b
da860ad35844407a
383dcebab7994d9b
733d5a8971388927
4f59c4e680d837c2
a49db6e738a0feac
65fd9964470b0706
95f847ab1392adef
4c5f2e975cba3e79
3ebfb6e378613d12
92f3dd66330b57d5
3e47d7cb411584b6
81b0686cc023df23
2895e94010275b5f
365c2ee84eca2cbe
f279437996b7e6f1
4ce64f9b85e2a807
825dd5cdac1c9829
7fcc8f6a456513e1
8042631056841132
ce786f897344019a
ea7a4028900113d0
2ed4e77f2c092971
2bc638e2d0b986da
2cac59f59086f40e
4ab329cec7496d3f
0ad681380c8ab083
9918a9f627aac9da
36e743149263551f
8a72ae977d0871a0
e4c1ac054cad351f
6b8e30f2a382d82f
384c3eac0ef0639e
2f1d3526f44ff229
1b26a8592fc5953c
8eaecaa3a49154b1
ac8a6546d54d6eee
bc5fa4a426212993
53c98a145857d50d
1b5cd14a6405cbf5
55e89125cf973012
bc0b3547491e241b
2f06698cc44b8d2a
8f1b5ca37d2dda79
e1534b8166539b56
5276d20a662786e4
0b0996118ab11892
a4c83e0f0b522235
5b0d2a224670505c
8c3201642874d0db
06edf485d266201f
3f24efbf75a6c59a
520dcbf49a3785c5
928cff5821baf847
d986ac0dd6a310a0
e848d3421a9bb13c
d23f5ec345f27b6e
6e4979a8d9a498a0
d701985c4f6aebde
1ce57321418a7c9b
c9ead878509c92d1
279fffdc3bbe985e
33e46151374c31b0
27b6718bbaa038ed
789408a3b80d10e8
36b642eb9c57a939
1a9532c305a7f6b8
c3b24f77d1c95d71
5a35f40de1d8e491
5dec48973d07e73a
bca4657ad0bcdedc
6bcc80e8b38b7380
15bcdc9d7cc10c89
ad5aa444e82aec8a
d7011baa99df27e8
2abfcc28aae27595
91e3f6a7aa0cedff
be529e5905ea04b6
bd1c4ea3716164fc
16722d73413130db
4257ede4fd55fcb5
8327b6cbea186fac
e93f23c0021250a5
f52b9135e9d4a016
86fb67a6a435434a
9f95f661b9053c14
303024ae887e7388
a9210cc6897df6ec
9d01f2079be27da7
d653e40643c759fd
148bfbe0c9bc5e00
9ada02713a5c9dff
0a3043127761f542
44d4895fa8980fc8
181161a4401aca42
a55d97db8a1b0c14
29c05b314b82e529
e7f2a1913fd5981f
241d580ac158d8c8
1a15f7e91bd8aea2
a0ec6091a054e089
a28d34644a7c678b
d82b4b2e12a14962
993df588fc545d95
48341b6e03b19096
a8a284a7f293374d
daf57204ef04c15a
afd3541802893cad
be8ed9f2e8528e47
863cb93ec3c10f23
886e5daf6c68a954
72ac5ef1582810d7
31e9b9f5050deb00
0f6d03362880a5e9
c0f63bd7121c6d2e
aceb0bc83a81958e
42d12a79d9ed291c
04cb25f2a3587c37
042baf9eb2b0a9fa
d9568c9d8e4de000
6f415b2b8d08c19d
9d3f289a4173f846
9248068e217644c3
6c2520b43686c927
d11b22fc77ef35af
e28e677441817b15
2199850efa098dda
25c1fe6b168d06ab
5b3099d7b0dbe411
a2cc16eba51cbb15
6b91788c8d3c9ddd
b776f74ac20e9dcd
c99d830ca72439cb
63f4d0bfeb6543d3
81f23dcbc6ca3819
bf0cf3faad632310
ada27bbdad1f10ee
aab04d4e91b2e56a
9a76dc40f2104b84
a8ad6ca3fb7c1fa9
c2a311f319686462
cb2309fc7d7b5257
e4b8484e3db727c0
4c7cc2ce1ae5dff4
1afd9b6ea2fe5b73
11e54ed0291457c5
467e1a7a1a73cd38
bad16bb374be6354
0092fc0821b0a900
cb853bc06c09d3b7
fefb408f3a8bca5c
927a25d177ea5153
7c74d6a20ad952ca
bf03ee70744c287f
069ed307f89480b3
74cb338fe9ef77aa
8be1d4f6a590fdcb
a467ddee7b838cc2
ea3561fe09cf40bf
2240a699c6b37f9c
2c442e1e870210ac
8791dc5a8ba0e2bc
22b4e86c3c563003
99d0ac5dd8d9fc7d
1b472b54e48d4c38
d39a35cd66d060a9
781c064b558bc631
60e06a8bc79a3b42
aa6e9cc8995566ae
4c759174aba6f92f
f5e2d05f160e9ddb
0400c0a7a3f71d45
f09c2453ab5ba6f5
992bb5f9ff5b4378
3bc70b6f755a75b9
5bfda8789f2e0d88
8cef313f7f26e838
ee34b0f823337801
15386de4b7b314ac
f5c14f3b8311411c
bfc421e1ec55cfdf
efc53338b6f34ffc
e5bfb34a767ac673
408f893f9aa13e57
231500f16b9d40f8
a59cdd7ec50bd8f3
92873964c243e9b7
d435235376370ce5
ad0e16d170247df7
ed3ba8936f30a0ae
57dc8a3e29a8a957
bb6f9278a959139d
7433517690c0e6e2
c7300c96494cea8e
054c62655fee0f05
0b0a64d55995de3e
1a2111536e8c1e1b
fa5ac925314b25ed
29b4e0c1e2ef17e0
401d404feabb359d
ea864c2681480cb1
aa0b535ac454d393
350220637ac40bb1
b696af73b92c7034
f64401dd476348a3
cea667a250b9d0d9
07a5f853e60b3558
6083e13faad8d5ec
1ba435e5a6000478
62285e7e0d0403a3
608eafe605367500
18b30b3830d85050
f3a82c13febc59b4
decf2ef49b26755c
4d70a1f65205fc73
5872814dcdfd4e0e
19f4a03b8ab92194
9f41b157b4f9d6df
cb4f86dfa2e1c2cb
19f1530c05f03550
68f731cc1ea2756e
a9f8ee034569ab71
8278e57d65b80ccf
22dfb315dc7156ca
2f3f1ee8d0a46b06
41f945a6c6dc9d37
82ad66fe866db993
9dee41d2e58bb1be
3db60721367cb29d
827cbe52c22cbea5
e9c4ea6617e1f526
da85bd9996096c9d
e73c3973236a230e
aa0fdbc9cd7f8767
2365f3c65f8a5d43
a278e661a62ec553
499ca3becfca9a0e
67b7e0b60e9504c9
6ccc845908779268
4ffe56ca0eb9e538
f75bc35c721b0baf
5951b4f15e8172b5
6c7e0cbc24a77c6b
67d3a2ad79ce3a15
51b48083dbb874d3
87d298ad9c26f749
0b550122b7f92196
57b29072e78f0bda
d552a84e0da043ee
60035faae591e848
88349f7627a5a15e
bfe04c1f1887984a
d7bc367cb3570a13
00f0b25f9b31d0d2
218113b8c18edeca
f51b48ca963c3c4f
3668de61d99b96bc
1e6da8170041429b
7a1652b18274c12a
71d101716efdaf7c
731eb4f98efe7faf
b2516f3c136c79fb
2269beed9315a522
a8b6efb5ba37eb52
eecb3461b106399c
8a786d5fac73b698
63a6e2e8d14ccf21
7fd366eb308378c9
185299557ece1774
dfbfeb34f7d0a211
88e794a1f3ad4085
cf54fe16bc4e0d5c
32b66e4181c8312a
ddef8a631650fcb4
02f0e374316ca62c
df968576a85ba81c
6551eab4587da206
0add76774347703b
00b9f839efc91662
3f22bb23edbfd7ef
48ee52af99be9d01
92c7475471e87f41
0920ded239923ac0
d4320ca98a86d0d8
762ec49e2218e9e4
6cd9e59a6937660a
c505136da27c2697
f1f3055a71bf3644
53e73c5568fc7564
4ccf5284c7906ce7
fe053baec6772a09
825e9c29d82417f5
4f6b3dd65d42ab6a
30fe1f6faa34ba46
516bb8bd46aeeea0
39dac36a689ad794
d41b964c6abf6418
4f4e942cee1b9016
05bb4eb1d1800e61
7c1a6ee13d4daf08
4121a620cd198a0c
9e62af6fbaef5501
021e785615d6d184
a0aef881df8c5778
fd21f86e84d0291a
1e89d0b13b534eb0
a4edc209ef1a5a11
c6c9bee059484a43
221ec0f2de3a6106
add3e95601664c0a
f16dc5ce966a435c
3f43c34a71026dd9
f126e3f84489e231
4536ab9a9ce6ee90
332723b23f64fcc0
a0da7bbb299a32ab
9269ad286c0c7f7c
f96054d0f4c58098
a6deed9a5a3251a3
f17f1648028f461b
3991a380fd73e872
039a06f0354e3c77
b47bb59edfb4c451
b94d51d172111756
63675b9f48482057
805d30e485cbe73c
1f92e65df22bb5bb
c2b46db0c60013ff
e64bcb4f2537d007
8b848cf42c7d31bb
6c22099c1e4730cc
a5a3973cbd3a6232
f119d3ec2774bb8b
b48e5590e6f53872
4b125dbfb90f34e9
8681e374931e0cc5
78cf1eeca432addf
fd386105ae4d494b
d87510d5f0e65fa4
e43554d8f941f5fc
d41eace0480320a8
82d7cfcbf4c38690
23fb62c7181566a2
4df7efa62fbbd770
4502ccfeecf30bee
070e9e8f29e99aa3
b0bab13f9905ecc5
f20453723e9bd4d6
93be921267afd7f7
9d1c87cb61cc5fd0
b0ffba282a14b284
b9a2f7a9ded11cbf
753cc0c90b766066
a0ff1c1f5ed98da9
99895e00497ea97e
a72f7ca29798ea80
f9663acff923d659
382b02f2a5c45314
9978abdffd97d36f
bcde1638e480cb05
13ddce8c58952619
79902c046396e446
c711af3e957e88bc
7cae4779583110f1
c1a46dc5cf05fcdb
59091bc0c4b98c8e
bfd14775869c6da8
b9f4d91356a58429
1112f798eda114b8
86a41f11d165449f
caa6047c1f8d8665
9f6170a1289437ff
ec552635ce733485
37ca199e8dbb1957
b65ea389f5c013f1
be0a5114c90a77f0
1db9cfe53ee5d6d9
335b8607ff219f84
4de39f2565c79495
79bd05b11c3ccbf7
56dc386ba67ae7d9
b7c5fe756809c56d
5f5e5ce2b183c4ad
30daa51f6c787aea
788ac888b33dff93
69763ee5b2af0e9d
d01072bb42ad35b4
764caa22299a5f62
6bc66f08fedf7d0e
a24b48fbaf6a3352
2edf888bcbe87ef1
42237adb38ce4168
f7d52f60d9ecdf9e
05c94f1ffac0b3a2
0670cd27d2c1219c
66511d240b1dd23c
d2dad6aa59c1351d
39bdd50a758d9f4f
65dca4762c57023a
b8b64ef6ad422b86
a5cc2ce571f2b012
126a1fee9a4307ca
33ecc6361fdd85c8
27ef6d5e262a9624
47f89b0c40a452a1
abddefc471d6cf6d
bf3c3a42af43a696
e170a2904391b55c
ec8dcb2ecc963e03
377258d50f753df1
fbcc9d40399063af
2a6cc4922c8ec7b4
eee53a854a10a0b1
9d8630d0beaa75b5
13b1cab3724a2d80
e72dab890c47b24f
1f54c2a95b46d46a
e5e827f53cb57778
120cb7a3e7367598
9ce1a39459ff1599
cb9535cbf7c46b59
91e6d421895880c5
fbb76b8fc21888d3
257380a017b528b4
0cc9a02f89940dac
4bc04fd56254013a
c9aea10e0a2d8b97
43f8f386c84ad53f
176afe9642634b80
fb220ad5f23b4a02
90d2f020bbcecea6
b1d3193912ccc8fd
52d8b3f29142b6a5
38a32d0acc4a11ee
c38fd075c2e8ec1d
98653153a4598695
0acc418c776f1823
814174140ec7bd47
f521a7440deca42c
239342d220f1d148
53bc5101e4ea244e
71cc506c5fcf3d09
d62cc8922ad10d5a
459af3230c033cbb
ca4b396be182de6c
30a1f155ded7a865
92fda91f21343603
5246952dade4f15e
9d632ad49c630ac6
2cb0ab8da641e465
7a56ef2378eb826f
a0673da6bacdcf9a
264a9e58d8eba80d
522659407614560f
428dfd68e594aa0b
825a8c8e5cb99520
77f33b199ea60e61
3642d0d78f7eacf8
22b7fb9d20457eaa
87618fd9ffe2f57f
5e3f677315800996
2f59346c045b6135
d404bd72b332cb5b
6ff4f4dbdecfa7dd
37076daac5af7f72
d4aa731e2caec6d6
783793586efdcc0b
225b7a151a8664dc
caaa593e36b4d436
2c2327f55f870ac5
dbaa75eff65f2968
cca87577831fc173
65f6015e0d406a2a
9d1021af0b3a9742
90ef6e83d389b079
69994aca05734189
2b5e0b812cff8ca5
4b5c91ae8bc70ea7
e0019872aaafc01d
57578283fe5af7db
398a1a2ed1395687
3e462c56031cda9c
85fd2c52aa70be39
bccd80a272f05d0e
92ea8c67c00f0f98
b9ab12192c09471d
dace0acb1e94d713
8a9df380597f1b3d
e5f90518107d6990
4e7c66d49e2a1842
7562a84c64687942
04d202ba1fcc157f
4fd52fa151bc065a
0f87bdbd8e32248d
e22310912e07a99b
6b2f23c3024522f3
6c92dac9f0a0f926
aebb34cf8785295b
1c31721f2d14bc92
0f003f24d04cf6a2
994871df86c79ee2
1cacdbda91682be4
29e7441296b5439e
531059d6fc342b92
dc82d4eb317be81e
bcad3b410212c582
66308073113b3912
5ae00ff234ca5918
4b5ed98cab9fcd82
74a650918cfb679d
ec21ef617143d1bc
1ab7687253611eb9
f8e89efc2601509c
c5b2802f6af88404
6e259ffd868837a6
7657a15f94e748d4
7ebda13a6a1c3edc
f27c61c91fdd6abd
05b1a9cd6b531e8a
721c16e948889691
e42b168b5bb75b1f
73ae0147c01abff1
f533535e1ce042bf
0c22bd8866a283c5
87a545db863dc317
e99f7e36324f8abd
f75139fdce743e81
9467aebe51526b3b
808f308f4804a34e
7b33f277c953a3be
16f7207436e5f310
4fc44d77696a44cb
0c33781582af3776
6b331b5992614152
314da8d4df312fb8
1aaf2a20c019d442
c033d2f21d32d1bc
5af08202dcde9f54
f807ab08a0771ebd
7fd18e4f1b9ee986
e7d50d264bb8b5bd
adab6541a35de626
b3f8b96a9c4fe4fa
b4a01e19bcf33491
94ea4a106a1db0cc
1dc497cbbddb858a
662c2e02dfc13df6
9f6893a82daa9362
e83d6ea9ca88c4da
b1d7be785225757d
a31a07574bae8cdc
0019b4188c2077e5
3317169f46338997
bb11b2b54127c18b
f3e81779b59e7e47
d5532e94358f8e5f
166eb28eef1c5b85
58cccb4ec3fa5bc5
2fa625d5d980b4c5
58e5540527b75675
00238277782f78af
ed1b144eed443a31
4378bfc0dc4ac8d4
7b4a4ea9d1539e64
8d0b5d8d87eca07d
5f4262a43e6b7dbb
51c3c3896f789b0f
b668459d4fd672f6
359ec5306122c3cb
42d3fa3380de74d4
6a391b29dcb85aa3
f653504193d025ad
725980ce92f7fd54
84fbe0981ba5f37d
07cabd8415973377
b5abc9c9085d7b06
e211d6e492fd1990
87680c9da9e7f493
1526196e4e5f358a
8d8047d0b904ed6c
e274bea4fcf2c443
508f898cd95066d6
6947a5dedc114043
1eb3e6e03a4637f5
92fa832753760888
e4feb45bcc7b1b2d
e4a7ea28c967c299
22acb5e77aea602e
177df87175329022
8762d1b331144932
f3ac912658aac017
301c553482ec4353
95c3a9980d4b7bac
a43df2babf71cdef
fd820ae2cc85c606
9db01e3f7307236f
c9d5b33b4c5a385f
622f5ba5cd6f47fd
391c130f4f1480f6
f817eedc504a2361
8fec890e01517cb7
81ec37f471adaf70
8ca83936e7db8fab
0c04dc568d3e0f4b
396bd54531ea5641
6bc22c556ddfbb06
20fd81a95b83f1ba
9f6584940ab62d71
6141298a3b9343c3
81d8bf63f96f54c8
8392bc3c8a37a275
ad766ecf9cd810f4
39a9599fca1114f7
78fe02972b075b56
16365872f17fb8d7
1dff56e01e77cb84
1be64b1a35e6ceee
5298b91131bc663f
8e06c5ccdd36d7d1
b7eba0fca8fa8932
4b30cf55d938685a
3a8303ca72bcf5c5
6fcdc7c527271594
f762addf39e08a78
aa5e65c592c72c6e
9d011cda4aedb8b6
f9d9661e80989971
5d80b2eb8e07712f
f706fa2be27404b0
e985319c9f574eed
3e31e226851183dd
a8bade21384e24d2
607db13cd00a11ff
c8eda4018f1bc8c3
fdfe758948cbc5f9
01092b955cfdf42a
fa704418be2270c2
5689e131187f986b
8f912820f93e3e88
ce661b594167051c
68eaebba858fa004
971a23ec11dd92c8
933e8d37e2f40a8d
362a36bf9628a992
c5a48f8b1701c41f
f1fec7c8695af87d
75b5d737b8708217
082988b2c1288427
4ae42c6be29dfd13
bfbb9143b86c4eb2
85846a2323c526e3
92b6ae2fbf5b81ff
42876dd7adbd457e
621189a79ff1aefb
100f3eb2a48f3276
4eb6e3ae405ea13d
98650adeaa2005ed
1d67a877ac8c72e9
c06a0d29b978f297
4518dc7ba7174cf4
53fbea0a0c8b445a
a501d6d2bd7e8607
1d879dbd96484551
a0b636f1165230c0
f41ac522fa6e7a10
e3f3081f0160687b
583060d35c224f3d
4240c3743529cf30
e0bb9589161fc499
807c55976274ba50
df7ed9833576fcd0
f83baecd6106a273
bea234db07aa1d9e
f1aadf950cfe97d3
423420b638021373
2be1256cf2c486f9
a2ad5dcfb0dd785e
5ba22dabf8eb05e8
f9a44e66e63a1d27
084adfeac4b2b254
3f6dc10749bde5d5
791d01dc1068a083
1bd0bf6f20394347
1df0a6a318680ae6
50de74d8fe64a975
a9f9074e11dadd5d
43d6bd2d8960076f
c008a68225c34c63
bac43919c7fd654e
f91c1920d61a15ae
1b6294f9e7c6eae2
d256a680b0921c61
29ef1738023139b9
36bb58cfb7b77c04
3aef48925f1ec10c
6231f4c7fae384bd
0ace33bfc7022f93
bfd8d27679b32a7d
47a20604ea438b94
26291470d1b663e4
6db6571e4acaaaf1
ddf6e7f5fea7aed6
ae8b78939739d782
340fe73f36b8ed3c
257d84557b14e919
9df0678b13424bdc
1bd42a9367fb281a
348658c8a2c0781e
7ee8ef11cbbb8070
eaf874fd20aab519
62eec29c12329125
841d28b08f11e9a4
a1a9c76765eb8bee
f09a4ea9cde64474
6a52fbe10a62035a
1b1665b5cd91c256
c403dd2bc1a85baf
c503b6027a91f6c7
e3e335c4848b7339
745ba2d5d2f67c13
955b949b3fea4158
af27056342ffd665
7d26c31ad1d2c004
7722d40dd8aaefd9
54ef5c0cd39d1adf
daf78ddf5163a20a
e852e4b8454b83f4
b99c3b13430368ec
49a2635ff8fe53f0
348e2a7233462dbc
d75c98a0a87eb900
4a0c4deeb08439d8
00b0d78f959917f6
c126dffd51a05145
3361230a1e1fc396
ac269bc63713ca4c
75735b9f130a13bf
93fd6d4949aeadcd
cd43424e92f3919b
ae83fc5a2e3b26a6
5cdd87ad38498f88
c68e4cc64e4c48c3
81c6e85e25a5c186
c3f22f75e5332a00
33b751895c848d20
db4e7bed69ae4a3a
58600a682ac5c04a
746f193e6b07f06a
09ba7b9d96047ec8
a8b048f1fcbf54bc
9c93831ae56670c6
a229118c52d1c51a
f4b62b9fdd3f8c76
1f8794d1401577b6
61fd59dad1c8dc7a
fe29b17ff00b71ba
1c2bddedcb2ab6f7
eef0d1999db4eb6d
3994bca5b6267a17
c29177e7c86c98a4
8398115d111bc197
e8926b75ed4c2f0c
31d287a2e5f17392
ff5a997fcb4fe31a
5cf6be9c7c0d3466
a555202410daec1b
b4cd31848b65452d
5abbdb169a7a06b0
1797b257d25d6da8
db1353e3537349d0
577f89ce0a9bde98
ef9deb07cec690a1
de13395725569c5b
01d3bead1d110db5
1af724a3755f1c0f
acb9dc823db6a082
3ae467b8c5ba955d
f34fdc44d70d2c5e
4bbddac1f18bb14d
4a9c0993968b62c1
b535d35e8fc70f34
66a371a161a256eb
49dbed790ddf769c
5e084d5aceca885a
a9c8e282c1d12abb
71781f5d1cd4aca7
50ac657fdba68f6a
2e6a6a3a1c421323
974f586b72c5321a
175e24118c0380ec
81de637c28dab082
f4a1b79cee496694
5cc0ab906a6d316c
5d2b1c2f8ee17726
1533e79c19db6359
681d51168ca919fd
c56683a6fed50763
500297163570a1e5
73274090ab758d3d
99915ddf6bfc7659
3b375d87242b4bc6
37ccdb2ca01dae6e
5b610712d14fbd57
504ff4b365fbf93f
afdea0712f9b1c30
e61bdcc2fd0924b5
ab6ade2430bfda1b
90065e7022bc6bfb
e259b2325b3fab56
33e289dbb0f30298
e03317c9a9740717
909f86d1d32b012b
22c9f4b98d4de64f
16abc96aa60750f3
31a359dc8aaa348b
7126a97f1f087d53
ba892f6803b6f939
1b03dc8a074bd0d4
7e10d45ea7a03bc5
ec28789736863138
f7326991b273fec7
21d1dabbe549a5d7
20842a8c2dddf6b3
5544bca39190106a
bada7015f57e8373
3ba8e87fcc18a1eb
cb538be5be3d3e5d
92ecdbba798a9f30
c6021811f3505bab
b983641c476f5e6e
c7d4efc0eda54282
83ad8d1a35bcb919
2d5bf79dad21b226
d35fdff00499c058
0832f1835599063f
6832bcaf0a3fb255
e6dde4e75c692b64
8f16bdf7452130d6
f45930be4589411c
22749008266337f8
900588ad15d697ea
e1e9c85b51777d41
983f5cf7c5e40e99
4869081b9fe658a9
ecc45b62316f04f9
95c36563722c33ca
82fdf7fc34835fe6
7ec60e053f196d24
1f5d89a4f178b690
eeda15488d0f797e
da4ad59effe91d1b
a04b07a881b89678
e08105c9d3628c65
0f745dbcf6bf2ce7
240ef3ab7125ad5f
90c7b0a5bcff6488
183fb68d5732207f
6f8e049dbdaff9da
2d4d8049aafabeb3
ac0d9c0d7861a5b6
fad76ec36d659192
b88d04c6df35e266
82b3b2dad874c2c2
3d52e6c47b2865d2
879d1ca21039a58e
804b12b24f9b0388
c2da4f2b9fcc1735
4e8ced87bc0bcef3
bfebf5b19ed9b781
f29ef47ad50262f0
bdd97cc45002dc76
47ba124ef19c6677
e71c4940637be630
ba294fa4e6694362
aae4f712be19a218
6bce8aa567277e40
1a952fef2199f2be
1aaf6c44d7cd00ca
25779c9b223c68dc
e731d7343f1b839c
b49ee879dcfb441c
30100778df301239
7c6bba11d3749285
6fccc382fcaf491e
080d7397f3374149
871c7c91f83a078b
85b00ffe6cd4771a
299e44e86bff3ead
18159495afd0ea84
0b7c86b6a4e1d2d0
ff59426d73c17360
34cea4d8e850d6c9
b7c82cdec0812892
79fc936793eb5e57
4553938bd68b2eb0
478fb02bc1d4e89b
66460a3f5c154b1d
adddf8dec84a49af
83dd8947b77e711a
43d04fb99f8fefdc
c5501c147d953a42
c2dfa0ae3b0bee34
5cfb674d7defe4bf
ba67984d712579ee
98be9bc4c45459a1
4c1929d586e63241
084282e9734497c1
9de31f3d3b4d6bfd
b96904159777c070
86582500adfc7346
696c8a5b27422431
81816bf56285f3f4
d2a3368d002c1088
5971621b447e17c3
a42404c26d689ab0
08319bba44ddd440
5493b3cd9b29b8b9
611222c6345aa306
946c705a4184fc8e
f6f2b1379caeaf01
baab9725047e4909
94c3124e9d690fc6
599f4ed0f7435a5b
0b1450cc84b40548
19becef99b4fe675
b14c2ce3a003e313
f2d3626bd3968156
e1dd2c3e0f6bc859
e34dfb6a480205c9
27a66ac312dee972
aa77c70073fd537f
0000000000000000
0000000000000000
0000000000000000
0000000000000000
0000000000000000
0000000000000000
0000000000000000
0000000000000000
0000000000000000
0000000000000000
0000000000000000
0000000000000000
0000000000000000
0000000000000000
0000000000000000
0000000000000000
0000000000000000
0000000000000000
0000000000000000
0000000000000000
0000000000000000
0000000000000000
0000000000000000
0000000000000000
0000000000000000
0000000000000000
0000000000000000
0000000000000000
0000000000000000
0000000000000000
0000000000000000
0000000000000000
0000000000000000
0000000000000000
0000000000000000
0000000000000000
0000000000000000
0000000000000000
0000000000000000
0000000000000000
0000000000000000
0000000000000000
0000000000000000
0000000000000000
0000000000000000
0000000000000000
0000000000000000
0000000000000000
0000000000000000
0000000000000000
0000000000000000
0000000000000000
0000000000000000
0000000000000000
0000000000000000
0000000000000000
0000000000000000
0000000000000000
0000000000000000
0000000000000000
0000000000000000
0000000000000000
0000000000000000
0000000000000000
0000000000000000
0000000000000000
0000000000000000
0000000000000000
0000000000000000
0000000000000000
0000000000000000
0000000000000000
0000000000000000
0000000000000000
0000000000000000
0000000000000000
0000000000000000
0000000000000000
0000000000000000
0000000000000000
0000000000000000
0000000000000000
0000000000000000
0000000000000000
0000000000000000
0000000000000000
0000000000000000
0000000000000000
0000000000000000
0000000000000000
0000000000000000
0000000000000000
0000000000000000
0000000000000000
0000000000000000
0000000000000000
0000000000000000
0000000000000000
0000000000000000
0000000000000000
0000000000000000
0000000000000000
0000000000000000
0000000000000000
0000000000000000
0000000000000000
0000000000000000
0000000000000000
0000000000000000
0000000000000000
0000000000000000
0000000000000000
0000000000000000
0000000000000000
0000000000000000
0000000000000000
0000000000000000
0000000000000000
0000000000000000
0000000000000000
0000000000000000
0000000000000000
0000000000000000
0000000000000000
0000000000000000
0000000000000000
0000000000000000
0000000000000000
0000000000000000
0000000000000000
0000000000000000
0000000000000000
0000000000000000
0000000000000000
0000000000000000
0000000000000000
0000000000000000
0000000000000000
0000000000000000
0000000000000000
0000000000000000
0000000000000000
0000000000000000
0000000000000000
0000000000000000
0000000000000000
0000000000000000
0000000000000000
0000000000000000
0000000000000000
0000000000000000
0000000000000000
0000000000000000
0000000000000000
0000000000000000
0000000000000000
0000000000000000
0000000000000000
0000000000000000
0000000000000000
0000000000000000
0000000000000000
0000000000000000
0000000000000000
0000000000000000
0000000000000000
0000000000000000
0000000000000000
0000000000000000
0000000000000000
0000000000000000
0000000000000000
0000000000000000
0000000000000000
0000000000000000
0000000000000000
0000000000000000
0000000000000000
0000000000000000
0000000000000000
9c85f69e394a942c
f630517fa2defa9f
5e0046cfae6a6b3d
acdc922ae07bbc8e
c03dfe1e465996ba
f6a428ab8ae36967
718f920c5937a6f4
9edd9b0c925a4014
08175268777f8b8f
390b2d5d6cb7ab64
2b862eb791d2bb33
f8579bf6be095320
873afadcb05559e7
0005e775807fe53d
364ca0d15efd0783
1d8e907b880a222e
d883630b4a00983c
bc4b1f97cf10aaf5
0d0faa02aeeafb1e
db4a17ba75840b03
ded5250c7cc55c24
e3edc233bd715018
0375b3298a0b6ea9
0000000000000000
0000000000000000
0000000000000000
0000000000000000
0000000000000000
0000000000000000
0000000000000000
0000000000000000
0000000000000000
0000000000000000
0000000000000000
0000000000000000
0000000000000000
0000000000000000
0000000000000000
0000000000000000
0000000000000000
0000000000000000
0000000000000000
0000000000000000
0000000000000000
0000000000000000
0000000000000000
0000000000000000
0000000000000000
0000000000000000
0000000000000000
0000000000000000
0000000000000000
0000000000000000
0000000000000000
0000000000000000
0000000000000000
0000000000000000
0000000000000000
0000000000000000
0000000000000000
0000000000000000
0000000000000000
0000000000000000
0000000000000000
0000000000000000
0000000000000000
0000000000000000
0000000000000000
0000000000000000
0000000000000000
0000000000000000
0000000000000000
0000000000000000
0000000000000000
0000000000000000
0000000000000000
a33db07b9bab52bd
670026737d73ec09
a42ac5ce3ccf6bc7
4394408b8bd77c28
d533e5611fd37a91
957544b7f1a2e369
efa83bad8167339d
c18998b23428fd0a
34fb718245142f6f
3726b33201103acb
ba61026030eab0f6
d242c1f75281b338
066200e2d2fdbba1
b57bd1b5d8669156
f3d6264e8f99c887
08110d0c465d68bd
85a1bcd891a27837
396e9f96d3962b3b
b3f6d9a59ec988c6
a63a07c36c7675bf
568b4cfddcc8fead
c58c68d2e9c19cdc
afa0783eeb2ab7ad
8c33ac726720d8c6
3039f0433c38deab
0000000000000000
0000000000000000
0000000000000000
0000000000000000
0000000000000000
0000000000000000
0000000000000000
0000000000000000
0000000000000000
0000000000000000
0000000000000000
0000000000000000
0000000000000000
0000000000000000
0000000000000000
0000000000000000
0000000000000000
0000000000000000
0000000000000000
0000000000000000
0000000000000000
0000000000000000
0000000000000000
9efceecbdf501511
8610049138595c76
7394cc375711d9f6
8d51d533aa257d90
8c297d9bce5eb98c
e883a33d2c60539d
77468c2579f53de9
4fbb31523cdd5efb
48be1f4ed3ef85df
f64c04fb8dc7bb6a
f58f127e19191c9f
4e0eb75e6f96f017
0f321199c6297c5a
7b6591f07285c62d
4f718265006e073f
6412e9c543d455c5
b8cc00a20abbfe51
8010c8003eb33cef
4f155825a00aea38
76c5e0f7fdcf34c1
db770a42962263f6
467b4f688cadf6bf
5636f02578224173
2da17cb6506dd909
dc40bfba3d2cd729
198f27078500ba3e
f39f2ab3476db0c3
988d102dfebe8903
47a6a52d3ee7cc4c
9a11aad07cf4fa2b
32ffb85eaf7e29ae
5cedf72b70159e3d
1ca76fe7727dd607
14e5c5d06ab43cf9
6f93a75d41f3d844
9ccc8df9ed1f476c
f632333fea4dbd56
813363205387be49
cf810f6f807f2802
7b66dcd4e739c79f
547ffae909829041
74bf3cc528ed7426
25e5a28cf0b0da67
9ab88c48795a9da3
ca3e3d6a4e806165
e46cc3a86ba9385c
c43ce18564c0c6be
a32a7fffc7afdb68
2fee5651d514482b
faf90a15520329cd
d40466a753181de6
59956d23b21d66ad
20422ab095e4d29e
c77770db5bbd167c
d752f5f69351af2a
cee8fc1070632f41
fde231fbde5bdedb
c05c88fa116faedb
4a65cc2157fc7be5
feb32910a71ccc86
216b532cc4740674
f0bc4b5d02383435
22bb117df1733810
2d38fe55ebf8956c
e94b35c2b21352b0
5a248cecdd715726
4f71a7256d17e15f
0ca1b6e5a7527a27
0715a2d530798d23
696a967a5d5a420e
566e38a8f8fbb173
4601ead692bb419d
138942172789da6f
76139658c1ac2ea1
93d7624361b1e293
e58db23755414e9c
7389f383975856e7
f52322a2fdf077b2
9d404629ba77775a
5cca11e2fa021288
b8e5e140ea11db41
0000000000000000
0000000000000000
0000000000000000
0000000000000000
0000000000000000
0000000000000000
0000000000000000
0000000000000000
0000000000000000
0000000000000000
0000000000000000
0000000000000000
0000000000000000
0000000000000000
0000000000000000
0000000000000000
0000000000000000
0000000000000000
0000000000000000
0000000000000000
0000000000000000
0000000000000000
0000000000000000
0000000000000000
0000000000000000
0000000000000000
0000000000000000
0000000000000000
0000000000000000
0000000000000000
0000000000000000
0000000000000000
0000000000000000
0000000000000000
0000000000000000
0000000000000000
0000000000000000
0000000000000000
0000000000000000
0000000000000000
fece1273d3e8041f
f5efc3c59ed51309
da426ea2971346f1
a1bf8de1a0f51d8e
8ff54e99a310385d
c2d478430ffbe4ce
57b38c6c85226f94
34d67845816a5b0c
4e0f63b20c9fd584
ed6bb1ec69d9cd21
7f0a1da5e0faf807
a4dd83965e717d95
e8fda57a07886778
0ea4373f6333ec44
1d47d95347f72872
b56008840c49e47d
74c3fbf9e61b7d56
2807838d18936323
d89a73168fa1e337
7332f41a232b1e45
f0d2c92d78127749
82683637448d9f18
19231a317249969d
e4ca3cc3091c5e8a
95d1bc677d8d6823
b32d663526af7193
939cf4aa61b346e8
5549c17d831c6e02
42d04a57bf5a791d
1cdb4a0a43a817a7
e7e3e9de8f7b3823
b5c038fba88bb8bc
76d6b4a61b92c839
82de18c182208d0b
1c7bc3db2bf7b496
6a36f2b5540de22a
11cd9fba5ea08980
7f1f4378552c6de6
a0c62d9244cbb2f3
ff762bad73b2aa3e
bcf5244e1f58ad6a
08747a5a99969927
6941407711da0d6d
52e2b2d42c980741
3e38e98a62720874
fe2ad036339f55e9
a1f28fa2bcfacd03
72b11ca6ba83809c
cc4db53852ab1699
f549132d15cdeab9
bd07baeea89be0f5
202b2db8e2cbf18f
ecb9342ca97eb67a
1cb67d1c3b833888
bd01e7ef61b0c39f
d7bc61b3ff82efd5
bb119998987a9e31
945575af3e018323
fc87a5af51bcc1d2
f819e3db954ceab3
d1ed1f2df1469839
9c37da5c9047ac71
bb062db56a84ce2c
23639698b5141ba4
6b44ec2aa3744fc1
5181a2ab1ec35a9f
1b51cc36ebe3fcca
feaa6ffa02e4218c
13a7a0385223cee6
709c88a445875fa4
bd625ba4f166d418
eb1011e071b4f399
af2a5b88a8db4218
2c46f8b067c203e9
68f7d8bf532cfe8d
7879707fd6c88f87
ea3dcb7867de4715
41159c55aa7b528d
66a3f3d097e84acb
2d96b3676d44227a
ef61e29fd4ea8b05
1613d05086712909
8b903fae32905a6b
848e824416d8cfc3
0d16fc922e370a52
450d901de3166851
0a285492b0f3ec7d
1b4387e71370801d
0ae3d4e785fc74da
0105fed9c9941fe9
a851347d2c07bc94
f08147bd897182bf
e0f8ed8157a7fae2
e69e7f00dff4fabb
982813e1b635ae1a
150569156fea2cd0
1f6b920f89e92898
5a8be50a6f5c3aa0
4b97d5bbf40883e1
2d39f5971233c418
98688ded96b8bda4
7e580744a31a4196
30d63ccf011bcc52
be701e58a42d92ea
be996656fbba0936
eef3aba359d3c8b8
7383d497d65f07b1
ff71833cde233c39
550857b959a95664
14d38e6aedb0b10a
fe5004cb1ff7fca0
b6c50fc484f84df7
703903fc5164d6e9
08b7450bd5e91a9c
63029c039237c789
c9dc0e1d5cd9f067
8d007f361ae98448
8b41d2c01c474139
d46a094bba1c0c60
c87270250967c288
f842dd395eb1205b
a4a17a546dc79b71
172e60574c467fcd
23cf50335d640623
ca1db54a1e73935e
1b6600b2f24f2621
a0bb34669ef4e8c6
981dff04aecaefeb
5ced1c8da23c58f1
39db7de4932a8c4f
de9b375c5b46e400
fba998afd803a44b
0000000000000000
0000000000000000
0000000000000000
0000000000000000
0000000000000000
0000000000000000
0000000000000000
0000000000000000
0000000000000000
0000000000000000
0000000000000000
0000000000000000
0000000000000000
0000000000000000
0000000000000000
0000000000000000
0000000000000000
0000000000000000
0000000000000000
0000000000000000
0000000000000000
0000000000000000
0000000000000000
0000000000000000
0000000000000000
0000000000000000
0000000000000000
0000000000000000
0000000000000000
0000000000000000
0000000000000000
0000000000000000
0000000000000000
0000000000000000
0000000000000000
0000000000000000
0000000000000000
0000000000000000
0000000000000000
0000000000000000
0000000000000000
0000000000000000
0000000000000000
0000000000000000
0000000000000000
0000000000000000
0000000000000000
0000000000000000
0000000000000000
0000000000000000
0000000000000000
0000000000000000
0000000000000000
0000000000000000
0000000000000000
0000000000000000
0000000000000000
0000000000000000
0000000000000000
0000000000000000
0000000000000000
0000000000000000
0000000000000000
0000000000000000
0000000000000000
0000000000000000
0000000000000000
0000000000000000
0000000000000000
0000000000000000
0000000000000000
0000000000000000
0000000000000000
0000000000000000
0000000000000000
0000000000000000
0000000000000000
0000000000000000
0000000000000000
0000000000000000
0000000000000000
0000000000000000
0000000000000000
0000000000000000
0000000000000000
0000000000000000
0000000000000000
0000000000000000
0000000000000000
0000000000000000
0000000000000000
0000000000000000
0000000000000000
0000000000000000
0000000000000000
0000000000000000
0000000000000000
0000000000000000
ad2e517bbe075d44
07d010ec7afe7240
bf19b82724cff774
722225bca2904b49
971a2d66eae236e4
02549435bd11efc3
1c168a4b4930c62c
fdabb40df7317b7f
9e55ef3537128d1e
3fe98ccefa1d5bcf
5310f2c6f37f003e
afe0aff8dec0d433
2bd45264bd8c5a7f
9f6b25cf4236bd64
3efd6d40f2baa78c
2468a7adee22b3a1
4ff6e54b88abc103
18310678c7527649
dce5755fad3f954d
0ed482a1405469f1
0000000000000000
0000000000000000
0000000000000000
0000000000000000
0000000000000000
0000000000000000
0000000000000000
0000000000000000
0000000000000000
0000000000000000
0000000000000000
0000000000000000
0000000000000000
0000000000000000
0000000000000000
0000000000000000
0000000000000000
0000000000000000
0000000000000000
0000000000000000
0000000000000000
0000000000000000
0000000000000000
0000000000000000
0000000000000000
0000000000000000
0000000000000000
0000000000000000
0000000000000000
0000000000000000
0000000000000000
0000000000000000
0000000000000000
0000000000000000
0000000000000000
0000000000000000
0000000000000000
0000000000000000
0000000000000000
0000000000000000
0000000000000000
0000000000000000
0000000000000000
0000000000000000
0000000000000000
0000000000000000
0000000000000000
0000000000000000
0000000000000000
0000000000000000
0000000000000000
0000000000000000
0000000000000000
0000000000000000
0000000000000000
0000000000000000
0000000000000000
0000000000000000
0000000000000000
0000000000000000
0000000000000000
0000000000000000
0000000000000000
0000000000000000
0000000000000000
0000000000000000
0000000000000000
0000000000000000
0000000000000000
0000000000000000
0000000000000000
0000000000000000
0000000000000000
0000000000000000
0000000000000000
0000000000000000
0000000000000000
0000000000000000
0000000000000000
0000000000000000
0000000000000000
0000000000000000
0000000000000000
0000000000000000
0000000000000000
0000000000000000
0000000000000000
0000000000000000
0000000000000000
0000000000000000
0000000000000000
0000000000000000
0000000000000000
0000000000000000
0000000000000000
0000000000000000
0000000000000000
0000000000000000
0000000000000000
0000000000000000
0000000000000000
0000000000000000
0000000000000000
0000000000000000
0000000000000000
0000000000000000
0000000000000000
0000000000000000
0000000000000000
0000000000000000
0000000000000000
0000000000000000
0000000000000000
0000000000000000
0000000000000000
0000000000000000
0000000000000000
0000000000000000
0000000000000000
0000000000000000
0000000000000000
0000000000000000
0000000000000000
0000000000000000
0000000000000000
0000000000000000
0000000000000000
0000000000000000
0000000000000000
0000000000000000
0000000000000000
0000000000000000
0000000000000000
0000000000000000
0000000000000000
0000000000000000
0000000000000000
0000000000000000
0000000000000000
0000000000000000
0000000000000000
0000000000000000
0000000000000000
0000000000000000
0000000000000000
0000000000000000
0000000000000000
0000000000000000
0000000000000000
0000000000000000
0000000000000000
0000000000000000
0000000000000000
0000000000000000
0000000000000000
0000000000000000
0000000000000000
0000000000000000
0000000000000000
0000000000000000
0000000000000000
0000000000000000
0000000000000000
0000000000000000
0000000000000000
0000000000000000
0000000000000000
0000000000000000
0000000000000000
0000000000000000
0000000000000000
0000000000000000
0000000000000000
0000000000000000
0000000000000000
0000000000000000
0000000000000000
0000000000000000
0000000000000000
0000000000000000
0000000000000000
0000000000000000
0000000000000000
0000000000000000
0000000000000000
0000000000000000
0000000000000000
0000000000000000
0000000000000000
0000000000000000
0000000000000000
0000000000000000
0000000000000000
0000000000000000
0000000000000000
0000000000000000
0000000000000000
0000000000000000
0000000000000000
0000000000000000
0000000000000000
0000000000000000
0000000000000000
0000000000000000
0000000000000000
0000000000000000
0000000000000000
0000000000000000
0000000000000000
0000000000000000
0000000000000000
0000000000000000
0000000000000000
0000000000000000
0000000000000000
0000000000000000
0000000000000000
0000000000000000
0000000000000000
0000000000000000
0000000000000000
0000000000000000
0000000000000000
0000000000000000
0000000000000000
0000000000000000
0000000000000000
0000000000000000
0000000000000000
0000000000000000
0000000000000000
0000000000000000
0000000000000000
0000000000000000
0000000000000000
0000000000000000
0000000000000000
0000000000000000
0000000000000000
0000000000000000
0000000000000000
0000000000000000
0000000000000000
0000000000000000
0000000000000000
0000000000000000
0000000000000000
0000000000000000
0000000000000000
99aee6ee107b0838
e9bf03ba88077305
17583e33ab50c6fb
a85c3f6993f9fd39
791620961a6e1266
1626630cfd5db326
fc75856966b5cc40
930e821d0008c11c
f8751f98922a105f
5958c2b710435f81
d5ca00342b1640a8
e6f6ac5e83f1ba8f
1ee9270a2939fba0
02a5b82bd28ef511
774a4e7bc0e61982
531c975c64c88865
b7a4c2a3483c546c
71a5b510ee5e40b6
5c325b06098afab3
bffdc4c88a75b0d4
0000000000000000
0000000000000000
0000000000000000
0000000000000000
0000000000000000
0000000000000000
0000000000000000
0000000000000000
0000000000000000
0000000000000000
0000000000000000
0000000000000000
0000000000000000
0000000000000000
0000000000000000
0000000000000000
0000000000000000
0000000000000000
0000000000000000
0000000000000000
0000000000000000
0000000000000000
0000000000000000
0000000000000000
0000000000000000
0000000000000000
0000000000000000
0000000000000000
0000000000000000
0000000000000000
0000000000000000
0000000000000000
0000000000000000
0000000000000000
0000000000000000
0000000000000000
0000000000000000
0000000000000000
0000000000000000
0000000000000000
0000000000000000
0000000000000000
0000000000000000
0000000000000000
0000000000000000
0000000000000000
0000000000000000
0000000000000000
0000000000000000
0000000000000000
0000000000000000
0000000000000000
0000000000000000
0000000000000000
0000000000000000
0000000000000000
0000000000000000
0000000000000000
0000000000000000
0000000000000000
0000000000000000
0000000000000000
0000000000000000
0000000000000000
0000000000000000
0000000000000000
0000000000000000
0000000000000000
0000000000000000
0000000000000000
0000000000000000
0000000000000000
0000000000000000
0000000000000000
0000000000000000
0000000000000000
0000000000000000
0000000000000000
0000000000000000
0000000000000000
0000000000000000
0000000000000000
0000000000000000
0000000000000000
0000000000000000
0000000000000000
0000000000000000
0000000000000000
0000000000000000
0000000000000000
0000000000000000
0000000000000000
0000000000000000
0000000000000000
0000000000000000
0000000000000000
0000000000000000
0000000000000000
0000000000000000
0000000000000000
0000000000000000
0000000000000000
0000000000000000
0000000000000000
0000000000000000
0000000000000000
0000000000000000
0000000000000000
0000000000000000
0000000000000000
0000000000000000
0000000000000000
0000000000000000
0000000000000000
0000000000000000
0000000000000000
0000000000000000
0000000000000000
0000000000000000
0000000000000000
0000000000000000
0000000000000000
0000000000000000
0000000000000000
0000000000000000
0000000000000000
0000000000000000
0000000000000000
0000000000000000
0000000000000000
0000000000000000
0000000000000000
0000000000000000
0000000000000000
0000000000000000
0000000000000000
0000000000000000
0000000000000000
0000000000000000
0000000000000000
0000000000000000
0000000000000000
0000000000000000
0000000000000000
0000000000000000
0000000000000000
0000000000000000
0000000000000000
0000000000000000
0000000000000000
0000000000000000
0000000000000000
0000000000000000
0000000000000000
0000000000000000
0000000000000000
0000000000000000
0000000000000000
0000000000000000
0000000000000000
0000000000000000
0000000000000000
0000000000000000
0000000000000000
0000000000000000
0000000000000000
0000000000000000
0000000000000000
0000000000000000
0000000000000000
0000000000000000
a430a5f1e5a6f262
eed9e7c42d3cba08
591598b15fbddc19
53fb5da1bf5b0ed6
4d7f5288b7c1971e
11291f759cc7fd5c
8e9b36f06fe11b01
6a84cba03b51b304
0000000000000000
0000000000000000
0000000000000000
0000000000000000
0000000000000000
0000000000000000
0000000000000000
0000000000000000
0000000000000000
0000000000000000
0000000000000000
0000000000000000
0000000000000000
0000000000000000
0000000000000000
0000000000000000
0000000000000000
0000000000000000
0000000000000000
0000000000000000
0000000000000000
0000000000000000
0000000000000000
0000000000000000
0000000000000000
0000000000000000
0000000000000000
0000000000000000
0000000000000000
0000000000000000
0000000000000000
0000000000000000
0000000000000000
0000000000000000
0000000000000000
0000000000000000
0000000000000000
0000000000000000
0000000000000000
0000000000000000
0000000000000000
0000000000000000
0000000000000000
0000000000000000
0000000000000000
0000000000000000
0000000000000000
0000000000000000
0000000000000000
0000000000000000
0000000000000000
0000000000000000
0000000000000000
0000000000000000
0000000000000000
0000000000000000
0000000000000000
0000000000000000
0000000000000000
0000000000000000
0000000000000000
0000000000000000
0000000000000000
0000000000000000
0000000000000000
0000000000000000
0000000000000000
0000000000000000
0000000000000000
0000000000000000
0000000000000000
0000000000000000
0000000000000000
0000000000000000
0000000000000000
0000000000000000
0000000000000000
0000000000000000
0000000000000000
0000000000000000
0000000000000000
0000000000000000
0000000000000000
0000000000000000
0000000000000000
0000000000000000
0000000000000000
0000000000000000
0000000000000000
0000000000000000
0000000000000000
0000000000000000
0000000000000000
0000000000000000
0000000000000000
0000000000000000
0000000000000000
0000000000000000
0000000000000000
0000000000000000
0000000000000000
0000000000000000
0000000000000000
0000000000000000
0000000000000000
0000000000000000
0000000000000000
0000000000000000
0000000000000000
0000000000000000
0000000000000000
0000000000000000
0000000000000000
0000000000000000
0000000000000000
0000000000000000
0000000000000000
0000000000000000
0000000000000000
0000000000000000
0000000000000000
0000000000000000
0000000000000000
0000000000000000
0000000000000000
0000000000000000
0000000000000000
0000000000000000
0000000000000000
0000000000000000
0000000000000000
0000000000000000
0000000000000000
0000000000000000
0000000000000000
0000000000000000
0000000000000000
0000000000000000
0000000000000000
0000000000000000
0000000000000000
0000000000000000
0000000000000000
0000000000000000
0000000000000000
0000000000000000
0000000000000000
0000000000000000
0000000000000000
0000000000000000
0000000000000000
0000000000000000
0000000000000000
0000000000000000
0000000000000000
0000000000000000
0000000000000000
0000000000000000
0000000000000000
0000000000000000
0000000000000000
0000000000000000
0000000000000000
0000000000000000
0000000000000000
0000000000000000
0000000000000000
0000000000000000
0000000000000000
0000000000000000
0000000000000000
0000000000000000
0000000000000000
0000000000000000
0000000000000000
0000000000000000
0000000000000000
f74ff6fce8043f77
2521ec8d119b135c
3b1081b71c9f79aa
0af68f21f7c43deb
28b167b34613f6bc
3ad0c23092dcaf86
c2c0b52c37b3b48a
0ac0a8bf46313c8c
026a808e7eae2b62
933d401f9ccb3437
5d93c3841bf4fabf
878a4ea66635484e
d34f5d3323ded367
b6fb1533f0807ac3
b8d8a978b9bd6c1f
76514b1e550f7ea0
6b8603122024487c
0cdb7d856b660885
bf6839bebf5edfa1
1ea3d5b8b03118e9
0000000000000000
0000000000000000
0000000000000000
0000000000000000
0000000000000000
0000000000000000
0000000000000000
0000000000000000
0000000000000000
0000000000000000
0000000000000000
0000000000000000
0000000000000000
0000000000000000
0000000000000000
0000000000000000
0000000000000000
0000000000000000
0000000000000000
0000000000000000
0000000000000000
0000000000000000
0000000000000000
0000000000000000
0000000000000000
0000000000000000
0000000000000000
0000000000000000
0000000000000000
0000000000000000
0000000000000000
0000000000000000
0000000000000000
0000000000000000
0000000000000000
0000000000000000
0000000000000000
0000000000000000
0000000000000000
0000000000000000
0000000000000000
0000000000000000
0000000000000000
0000000000000000
0000000000000000
0000000000000000
0000000000000000
0000000000000000
0000000000000000
0000000000000000
0000000000000000
0000000000000000
0000000000000000
0000000000000000
0000000000000000
0000000000000000
0000000000000000
0000000000000000
0000000000000000
0000000000000000
0000000000000000
0000000000000000
0000000000000000
0000000000000000
0000000000000000
0000000000000000
0000000000000000
0000000000000000
0000000000000000
0000000000000000
0000000000000000
0000000000000000
0000000000000000
0000000000000000
0000000000000000
0000000000000000
0000000000000000
0000000000000000
0000000000000000
0000000000000000
0000000000000000
0000000000000000
0000000000000000
0000000000000000
0000000000000000
0000000000000000
0000000000000000
0000000000000000
0000000000000000
0000000000000000
0000000000000000
0000000000000000
0000000000000000
0000000000000000
0000000000000000
0000000000000000
0000000000000000
0000000000000000
0000000000000000
0000000000000000
0000000000000000
0000000000000000
0000000000000000
0000000000000000
0000000000000000
0000000000000000
0000000000000000
0000000000000000
0000000000000000
0000000000000000
0000000000000000
0000000000000000
0000000000000000
0000000000000000
0000000000000000
0000000000000000
0000000000000000
0000000000000000
0000000000000000
0000000000000000
0000000000000000
0000000000000000
0000000000000000
0000000000000000
0000000000000000
0000000000000000
0000000000000000
0000000000000000
0000000000000000
0000000000000000
0000000000000000
0000000000000000
0000000000000000
0000000000000000
0000000000000000
0000000000000000
0000000000000000
0000000000000000
0000000000000000
0000000000000000
0000000000000000
0000000000000000
0000000000000000
0000000000000000
0000000000000000
0000000000000000
0000000000000000
0000000000000000
0000000000000000
0000000000000000
0000000000000000
0000000000000000
0000000000000000
0000000000000000
0000000000000000
0000000000000000
0000000000000000
0000000000000000
0000000000000000
0000000000000000
0000000000000000
0000000000000000
0000000000000000
463ff0894b6b5a5e
34d22e10acf60b63
c9cc5465227242d2
0be85c655e68d3f1
5c3ceb56bf8e3b41
39001ee9bc24f876
c0cf320a45ea4cf5
adca78298e52989e
ae9ad583bc72aad7
f752193ddafc6425
ed5d72b7f53e4dc5
ce874b64f6c78d8a
280f509d193fa55f
c0018597eb83a3c1
e36a7d4a99418d11
deaae2fc927249e9
4cf270b84a6096f9
1c151694da0d9071
8227d848ef5e595a
31ab504b68584ddc
0000000000000000
0000000000000000
0000000000000000
0000000000000000
0000000000000000
0000000000000000
0000000000000000
0000000000000000
0000000000000000
0000000000000000
0000000000000000
0000000000000000
0000000000000000
0000000000000000
0000000000000000
0000000000000000
0000000000000000
0000000000000000
0000000000000000
0000000000000000
0000000000000000
0000000000000000
0000000000000000
0000000000000000
0000000000000000
0000000000000000
0000000000000000
0000000000000000
0000000000000000
0000000000000000
0000000000000000
0000000000000000
0000000000000000
0000000000000000
0000000000000000
0000000000000000
0000000000000000
0000000000000000
0000000000000000
0000000000000000
0000000000000000
0000000000000000
0000000000000000
0000000000000000
0000000000000000
0000000000000000
0000000000000000
0000000000000000
0000000000000000
0000000000000000
0000000000000000
0000000000000000
0000000000000000
0000000000000000
0000000000000000
0000000000000000
0000000000000000
0000000000000000
0000000000000000
0000000000000000
0000000000000000
0000000000000000
0000000000000000
0000000000000000
0000000000000000
0000000000000000
0000000000000000
0000000000000000
0000000000000000
0000000000000000
0000000000000000
0000000000000000
0000000000000000
0000000000000000
0000000000000000
0000000000000000
0000000000000000
0000000000000000
0000000000000000
0000000000000000
0000000000000000
0000000000000000
0000000000000000
0000000000000000
0000000000000000
0000000000000000
0000000000000000
0000000000000000
0000000000000000
0000000000000000
0000000000000000
0000000000000000
0000000000000000
0000000000000000
0000000000000000
0000000000000000
0000000000000000
0000000000000000
0000000000000000
0000000000000000
0000000000000000
0000000000000000
0000000000000000
0000000000000000
0000000000000000
0000000000000000
0000000000000000
0000000000000000
0000000000000000
0000000000000000
0000000000000000
0000000000000000
0000000000000000
0000000000000000
0000000000000000
0000000000000000
0000000000000000
0000000000000000
0000000000000000
0000000000000000
0000000000000000
0000000000000000
0000000000000000
0000000000000000
0000000000000000
0000000000000000
0000000000000000
0000000000000000
0000000000000000
0000000000000000
0000000000000000
0000000000000000
0000000000000000
0000000000000000
0000000000000000
0000000000000000
0000000000000000
0000000000000000
0000000000000000
0000000000000000
0000000000000000
0000000000000000
0000000000000000
0000000000000000
0000000000000000
0000000000000000
0000000000000000
0000000000000000
0000000000000000
0000000000000000
0000000000000000
0000000000000000
0000000000000000
0000000000000000
0000000000000000
0000000000000000
0000000000000000
0000000000000000
0000000000000000
0000000000000000
0000000000000000
0000000000000000
0000000000000000
0000000000000000
0000000000000000
0000000000000000
0000000000000000
0000000000000000
0000000000000000
0000000000000000
0000000000000000
0000000000000000
0000000000000000
0000000000000000
0000000000000000
0000000000000000
0000000000000000
0000000000000000
0000000000000000
0000000000000000
0000000000000000
0000000000000000
0000000000000000
0000000000000000
0000000000000000
0000000000000000
0000000000000000
0000000000000000
0000000000000000
0000000000000000
0000000000000000
0000000000000000
0000000000000000
0000000000000000
0000000000000000
0000000000000000
0000000000000000
0000000000000000
0000000000000000
0000000000000000
0000000000000000
0000000000000000
0000000000000000
0000000000000000
0000000000000000
0000000000000000
0000000000000000
0000000000000000
0000000000000000
0000000000000000
0000000000000000
0000000000000000
0000000000000000
0000000000000000
0000000000000000
0000000000000000
0000000000000000
0000000000000000
0000000000000000
0000000000000000
0000000000000000
0000000000000000
0000000000000000
0000000000000000
0000000000000000
0000000000000000
0000000000000000
0000000000000000
0000000000000000
0000000000000000
0000000000000000
0000000000000000
0000000000000000
0000000000000000
0000000000000000
0000000000000000
20cce4a94546e149
d9d195b32b0df577
637643dbc87ad94d
c740599fd6540de2
53dc0a59a57d8fd8
2f1840f861c7d65e
1fb2bf8b244a2b14
b2ecd4fbb8fe2c22
83cd3a0cc1a61206
b9593254121abe26
9530268bc884bcee
bd0a1e7e70b75474
2f81ecf22cc31484
b1b228b8b6ca5f8f
ea61c57267028a15
fc4062cd626a556e
df594c9ee0e8d57f
6e16aa6cda6a9625
5f942c814c3ddf7a
09abcb0d1af93fc4
0000000000000000
0000000000000000
0000000000000000
0000000000000000
0000000000000000
0000000000000000
0000000000000000
0000000000000000
0000000000000000
0000000000000000
0000000000000000
0000000000000000
0000000000000000
0000000000000000
0000000000000000
0000000000000000
0000000000000000
0000000000000000
0000000000000000
0000000000000000
0000000000000000
0000000000000000
0000000000000000
0000000000000000
0000000000000000
0000000000000000
0000000000000000
0000000000000000
0000000000000000
0000000000000000
0000000000000000
0000000000000000
0000000000000000
0000000000000000
0000000000000000
0000000000000000
0000000000000000
0000000000000000
0000000000000000
0000000000000000
0000000000000000
0000000000000000
0000000000000000
0000000000000000
0000000000000000
0000000000000000
0000000000000000
0000000000000000
0000000000000000
0000000000000000
0000000000000000
0000000000000000
0000000000000000
0000000000000000
0000000000000000
0000000000000000
0000000000000000
0000000000000000
0000000000000000
0000000000000000
0000000000000000
0000000000000000
0000000000000000
0000000000000000
0000000000000000
0000000000000000
0000000000000000
0000000000000000
0000000000000000
0000000000000000
0000000000000000
0000000000000000
0000000000000000
0000000000000000
0000000000000000
0000000000000000
0000000000000000
0000000000000000
0000000000000000
0000000000000000
0000000000000000
0000000000000000
0000000000000000
0000000000000000
0000000000000000
0000000000000000
0000000000000000
0000000000000000
0000000000000000
0000000000000000
0000000000000000
0000000000000000
0000000000000000
0000000000000000
0000000000000000
0000000000000000
0000000000000000
0000000000000000
0000000000000000
0000000000000000
0000000000000000
0000000000000000
0000000000000000
0000000000000000
0000000000000000
0000000000000000
0000000000000000
0000000000000000
0000000000000000
0000000000000000
0000000000000000
0000000000000000
0000000000000000
0000000000000000
0000000000000000
0000000000000000
0000000000000000
0000000000000000
0000000000000000
0000000000000000
0000000000000000
0000000000000000
0000000000000000
0000000000000000
0000000000000000
0000000000000000
0000000000000000
0000000000000000
0000000000000000
0000000000000000
0000000000000000
0000000000000000
0000000000000000
0000000000000000
0000000000000000
0000000000000000
0000000000000000
0000000000000000
0000000000000000
0000000000000000
0000000000000000
0000000000000000
0000000000000000
0000000000000000
0000000000000000
0000000000000000
0000000000000000
0000000000000000
0000000000000000
0000000000000000
0000000000000000
0000000000000000
0000000000000000
0000000000000000
0000000000000000
0000000000000000
0000000000000000
0000000000000000
0000000000000000
0000000000000000
0000000000000000
0000000000000000
0000000000000000
0000000000000000
0000000000000000
0000000000000000
0000000000000000
0000000000000000
0000000000000000
0000000000000000
0000000000000000
0000000000000000
0000000000000000
3810413ac3ae9236
b7f1822ff6be8cdc
c01842c5e155fc7c
a2c0451ae1c973d1
01374ee88205557c
8ad147459f618445
62b100d40b081e31
5884b26092d710e7
d48312e6e1cd5b22
5c8e0d2484dd0298
b97394471a97f8e1
7a6d3557a9502cb9
39801821fa1f2e3d
24a8727d1d15a383
7fa27491804fd5b4
149fb463e3143eb1
d7f101a53c50d1d2
e3b139e0a07f25b8
4b33a9c1d9dce42e
0ded48542fb6c37f
0000000000000000
0000000000000000
0000000000000000
0000000000000000
0000000000000000
0000000000000000
0000000000000000
0000000000000000
0000000000000000
0000000000000000
0000000000000000
0000000000000000
0000000000000000
0000000000000000
0000000000000000
0000000000000000
0000000000000000
0000000000000000
0000000000000000
0000000000000000
0000000000000000
0000000000000000
0000000000000000
0000000000000000
0000000000000000
0000000000000000
0000000000000000
0000000000000000
0000000000000000
0000000000000000
0000000000000000
0000000000000000
0000000000000000
0000000000000000
0000000000000000
0000000000000000
0000000000000000
0000000000000000
0000000000000000
0000000000000000
0000000000000000
0000000000000000
0000000000000000
0000000000000000
0000000000000000
0000000000000000
0000000000000000
0000000000000000
0000000000000000
0000000000000000
0000000000000000
0000000000000000
0000000000000000
0000000000000000
0000000000000000
0000000000000000
0f02653c2321b93a
11d47a2fb25c97da
3dc506983a7040f2
34be014060586536
05aeeda8c787bfcd
bbdcbc64a1df9b50
26fcaa67405a386c
a93a46214ada76b7
641f4a1f42b7ba25
c2d204749c6ec738
d3448a5d70a7f1b4
45db48a5200772fd
3dafa405894a6981
b943eb8d274d57f0
68fbb2c9a414795a
c8ebebd0609f4b04
9e42569b3ef65908
61eca8c9fb0a710b
57fbca7d465bc6db
f1dc3a8400e07296
0000000000000000
0000000000000000
0000000000000000
0000000000000000
0000000000000000
0000000000000000
0000000000000000
0000000000000000
0000000000000000
0000000000000000
0000000000000000
0000000000000000
0000000000000000
0000000000000000
0000000000000000
0000000000000000
0000000000000000
0000000000000000
0000000000000000
0000000000000000
0000000000000000
0000000000000000
0000000000000000
0000000000000000
0000000000000000
0000000000000000
0000000000000000
0000000000000000
0000000000000000
0000000000000000
0000000000000000
0000000000000000
0000000000000000
0000000000000000
0000000000000000
0000000000000000
0000000000000000
0000000000000000
0000000000000000
0000000000000000
0000000000000000
0000000000000000
0000000000000000
0000000000000000
0000000000000000
0000000000000000
0000000000000000
0000000000000000
0000000000000000
0000000000000000
0000000000000000
0000000000000000
0000000000000000
0000000000000000
0000000000000000
0000000000000000
0000000000000000
0000000000000000
0000000000000000
0000000000000000
0000000000000000
0000000000000000
0000000000000000
0000000000000000
0000000000000000
0000000000000000
0000000000000000
0000000000000000
0000000000000000
0000000000000000
0000000000000000
0000000000000000
0000000000000000
0000000000000000
0000000000000000
0000000000000000
0000000000000000
0000000000000000
0000000000000000
0000000000000000
0000000000000000
0000000000000000
0000000000000000
0000000000000000
0000000000000000
0000000000000000
0000000000000000
0000000000000000
0000000000000000
0000000000000000
0000000000000000
0000000000000000
0000000000000000
0000000000000000
0000000000000000
0000000000000000
0000000000000000
0000000000000000
0000000000000000
0000000000000000
0000000000000000
0000000000000000
0000000000000000
0000000000000000
0000000000000000
0000000000000000
0000000000000000
0000000000000000
0000000000000000
0000000000000000
0000000000000000
0000000000000000
0000000000000000
0000000000000000
0000000000000000
0000000000000000
0000000000000000
0000000000000000
0000000000000000
0000000000000000
0000000000000000
0000000000000000
0000000000000000
0000000000000000
0000000000000000
0000000000000000
0000000000000000
0000000000000000
0000000000000000
0000000000000000
0000000000000000
0000000000000000
0000000000000000
0000000000000000
0000000000000000
0000000000000000
0000000000000000
0000000000000000
0000000000000000
0000000000000000
0000000000000000
0000000000000000
0000000000000000
0000000000000000
0000000000000000
0000000000000000
0000000000000000
0000000000000000
0000000000000000
0000000000000000
0000000000000000
0000000000000000
0000000000000000
0000000000000000
0000000000000000
0000000000000000
0000000000000000
0000000000000000
0000000000000000
0000000000000000
0000000000000000
0000000000000000
0000000000000000
0000000000000000
0000000000000000
0000000000000000
0000000000000000
0000000000000000
0000000000000000
0000000000000000
0000000000000000
0000000000000000
0000000000000000
0000000000000000
0000000000000000
0000000000000000
0000000000000000
0000000000000000
0000000000000000
0000000000000000
0000000000000000
0000000000000000
0000000000000000
0000000000000000
0000000000000000
0000000000000000
0000000000000000
0000000000000000
0000000000000000
0000000000000000
0000000000000000
0000000000000000
0000000000000000
0000000000000000
0000000000000000
0000000000000000
67503e3b9423f60c
635a1ea0036aa666
2d09b77b544eb510
4deb57f01ce31944
f37c9df1074db746
850b6614b3733362
f1ca3b5957b38eef
66689886605c4669
ff625c6e223354b2
af74275fdef9516e
9b332fd6b3ff31b9
5b6ed099c6e50143
d01db1f98c1e2e4e
0ccd8641791ac4fb
79bbd72cf444990c
123ef2012a86ddc7
a3535d462c371afa
236ccf483bbdfe5f
da2d1f3305b781a2
d068e61caad292f5
0000000000000000
0000000000000000
0000000000000000
0000000000000000
0000000000000000
0000000000000000
0000000000000000
0000000000000000
0000000000000000
0000000000000000
0000000000000000
0000000000000000
0000000000000000
0000000000000000
0000000000000000
0000000000000000
0000000000000000
0000000000000000
0000000000000000
0000000000000000
0000000000000000
0000000000000000
0000000000000000
0000000000000000
0000000000000000
0000000000000000
0000000000000000
0000000000000000
0000000000000000
0000000000000000
0000000000000000
0bdd663721808934
1a3fbf79ac16ad95
bc34940c490ef922
2c56e43f1319af84
020252e18a06d8da
6c250892f6f78dac
f63856ef7cd824ef
4ad09964279220c5
cf4d4844a4bea144
9c8ea2eab15981a3
1efc4b8b22b86b53
b1e763b12ecbdde2
e42ff253d5a512c6
057f770396c1473d
900965ecb337643a
04efb09e638ebcb3
350805650e139414
9c7510a558d892f1
211206a3139ad54f
1ee82b54dafc3fe4
bee7dd1ba564ac0d
ba1e8e03b03b5da2
8ec45c522fc0c575
3d005ae780169290
2a4de9bf32752abd
95fbb218a50a6459
a67efb28152e65b5
33a3a21efcb298d2
0518544acc119a6e
e561a6ed5e0e4a35
51243dbdf7b8214f
bba7228f34fc07cf
9dc97377d6de060c
51052b9d33d61d08
e4dbb77d0b0affcc
b70bbaeed634ba21
f24ffd5b4004faa2
46d6d30ec631bd0c
18bf16092d9862cf
76aa90eb6efafc90
615c6e9837a1158a
705d872edf80c59b
44191f07c0e222d7
2483ee50382b0cb3
0068521c4dc25cf3
4906072f3e384344
2f48480417b0af1c
0381bcb06b0ecbfc
14529ba1827a099c
c0d023c197df3e6a
b06f62761d599cfe
0bc5e7d4e174fd43
4d75e3896bdc8ece
d35aac9da184bfb4
e46c828cb9ace188
393a66419fc7f3ea
eed81fd58ffae5a5
f498b549257f4692
6c97df5659d90c16
00c629e93e4d3a64
109eecf0c3dbd38a
b96c3462e0b42005
56574fa3171feeb7
320f13fde4cbfbe1
f4c74e593c547064
4b4ae2dbec9278a1
2328200ffccb060b
4587c33778689d9d
84e556fe76382a72
a1c262a1727172ab
4e4d0b544e7e984e
aef4367a69b22502
ae86433229696228
7b1b71f5e0c40c76
2a49bcf6625fe48f
9f8752c5f98abf4f
7030e48ce2df19cf
6a5368c52ee7ab83
5197e8a4ff23a842
937642940429a3f8
e44d70d68f05bb0c
d7bcf944ffb68fae
2b2d50f3f32e89f1
7cb651790ff4ac75
9fafa4a2517c3074
fc51f03f412cae66
d5806a3036a64f27
1818e9271ac1de2e
ccb6da9ed78c433f
dda8cdf888173528
9cc39f4c1a2e27f7
52dac587b2e82edb
2c88f0f456be6e97
e94048f29dfda515
4a8aa26198958a38
a15bc062abc0ec54
0ab329cc9c630630
33aaf013057ad2e3
281c2f7f7c53d59b
b3e6c76a727cd266
80fa39353b2ee3fe
6c08b1f7cf4f42b4
a4154e6b61728659
3c49749f0430cbdc
f9cd9c7a88d729ca
15fa544d048ca9b4
09cec7dee446fe2b
da61d423f33e87f6
fbbc24e3995753f6
90652881aad42ec9
5a4ba51937f820b6
83cbc005330dde4a
23201f3acee63cac
102c27428707ccfa
cf2ba03bf70dc4c9
7654080fdc611466
d19d3bfa6c8ab31e
d413efe5eb240ab1
9942a2ed36bcd9fd
c3f6ac5346af802d
770991b649a3711c
f8cb7f700a5359d9
ff9ff36c20f179f9
5c7b33f0d7f737b4
62719a50c8211d4e
0530081053b4376c
c1192d90fd6af92b
c115b5e287ca952d
6c260cb9b4312b70
080ea444a6b767a9
5e9ac1b75a6bcbc4
b1c6ce446409ce97
a0a320bc60b84248
7c2e6bd5218e2b06
e407e4092e97fad0
16d32076b2a8df25
0000000000000000
0000000000000000
0000000000000000
0000000000000000
0000000000000000
0000000000000000
0000000000000000
0000000000000000
0000000000000000
0000000000000000
0000000000000000
0000000000000000
0000000000000000
0000000000000000
0000000000000000
0000000000000000
0000000000000000
0000000000000000
0000000000000000
0000000000000000
0000000000000000
0000000000000000
0000000000000000
0000000000000000
0000000000000000
0000000000000000
0000000000000000
0000000000000000
0000000000000000
0000000000000000
0000000000000000
0000000000000000
0000000000000000
0000000000000000
0000000000000000
0000000000000000
0000000000000000
0000000000000000
0000000000000000
0000000000000000
0000000000000000
0000000000000000
0000000000000000
0000000000000000
0000000000000000
0000000000000000
0000000000000000
0000000000000000
0000000000000000
0000000000000000
0000000000000000
0000000000000000
0000000000000000
0000000000000000
0000000000000000
0000000000000000
0000000000000000
0000000000000000
0000000000000000
0000000000000000
0000000000000000
0000000000000000
0000000000000000
0000000000000000
0000000000000000
0000000000000000
0000000000000000
0000000000000000
0000000000000000
0000000000000000
0000000000000000
0000000000000000
0000000000000000
0000000000000000
0000000000000000
0000000000000000
0000000000000000
0000000000000000
0000000000000000
0000000000000000
0000000000000000
0000000000000000
0000000000000000
0000000000000000
0000000000000000
0000000000000000
0000000000000000
0000000000000000
0000000000000000
0000000000000000
0000000000000000
0000000000000000
0000000000000000
0000000000000000
0000000000000000
0000000000000000
0000000000000000
0000000000000000
0000000000000000
0000000000000000
0000000000000000
0000000000000000
0000000000000000
0000000000000000
0000000000000000
0000000000000000
0000000000000000
0000000000000000
0000000000000000
0000000000000000
0000000000000000
0000000000000000
0000000000000000
0000000000000000
0000000000000000
0000000000000000
0000000000000000
0000000000000000
0000000000000000
0000000000000000
0000000000000000
0000000000000000
0000000000000000
0000000000000000
0000000000000000
0000000000000000
0000000000000000
0000000000000000
0000000000000000
0000000000000000
0000000000000000
0000000000000000
0000000000000000
0000000000000000
0000000000000000
0000000000000000
0000000000000000
0000000000000000
0000000000000000
0000000000000000
0000000000000000
0000000000000000
0000000000000000
0000000000000000
0000000000000000
0000000000000000
0000000000000000
0000000000000000
0000000000000000
0000000000000000
0000000000000000
0000000000000000
0000000000000000
0000000000000000
0000000000000000
0000000000000000
0000000000000000
0000000000000000
0000000000000000
0000000000000000
0000000000000000
0000000000000000
0000000000000000
0000000000000000
0000000000000000
0000000000000000
0000000000000000
0000000000000000
0000000000000000
0000000000000000
0000000000000000
0000000000000000
0000000000000000
0000000000000000
0000000000000000
0000000000000000
0000000000000000
0000000000000000
0000000000000000
0000000000000000
0000000000000000
0000000000000000
0000000000000000
0000000000000000
0000000000000000
0000000000000000
0000000000000000
0000000000000000
0000000000000000
0000000000000000
0000000000000000
0000000000000000
0000000000000000
0000000000000000
0000000000000000
0000000000000000
0000000000000000
0000000000000000
0000000000000000
0000000000000000
0000000000000000
0000000000000000
0000000000000000
0000000000000000
0000000000000000
0000000000000000
0000000000000000
0000000000000000
0000000000000000
0000000000000000
0000000000000000
0000000000000000
0000000000000000
0000000000000000
0000000000000000
0000000000000000
0000000000000000
0000000000000000
0000000000000000
0000000000000000
0000000000000000
0000000000000000
0000000000000000
0000000000000000
0000000000000000
0000000000000000
0000000000000000
0000000000000000
0000000000000000
0000000000000000
0000000000000000
0000000000000000
0000000000000000
0000000000000000
0000000000000000
0000000000000000
0000000000000000
0000000000000000
0000000000000000
0000000000000000
0000000000000000
0000000000000000
0000000000000000
0000000000000000
0000000000000000
0000000000000000
0000000000000000
0000000000000000
0000000000000000
6ac8968e18c4c417
05b97c6b02541882
d8d72f0cd473bda4
ebbd2e0c537baebb
ce445e03e1666f32
4b6430464739e0e4
f34cb3b60858233c
9c95229dd1a11792
d9afff44aea3081e
5d80f13b44f57620
f4f1e799bb1f2eac
d8d38b5e8a929269
62f01d74732ae635
dd40d03e7624cdef
1d8bc5564f1ba1eb
f5e3536e8498a399
47e96f1110daa678
e75b2ad27804a567
93597e31a214ffb1
72b057298103e3a5
b413ce1aa0b13765
979c64a31ec4fb4c
bf9cfe1c263775f1
2e4fa4178720c70d
6e47dc26a0d8b44d
8734260d5d87c0e3
b5da5466143a4d40
ea5123b287fab5ef
52ba470bb47f8c44
0b2aab1e4f2eb3df
dbbae1743d6e5ea6
626e28bbba5e24b0
4f03542ac0bcfff7
e5874cc43c170095
f1c39515ad598dd0
761061ce0939ee5e
76d9103d338d319b
56d13252ddeba35b
e9b15f10f0d6134f
5ed25ebf1beac9f9
5c620f72573aa5d8
dde4251bbd1cc532
96f1cb5625d6ca3f
0000000000000000
0000000000000000
0000000000000000
0000000000000000
0000000000000000
0000000000000000
0000000000000000
0000000000000000
0000000000000000
0000000000000000
0000000000000000
0000000000000000
0000000000000000
0000000000000000
0000000000000000
0000000000000000
0000000000000000
0000000000000000
0000000000000000
0000000000000000
0000000000000000
0000000000000000
0000000000000000
0000000000000000
0000000000000000
0000000000000000
0000000000000000
0000000000000000
0000000000000000
0000000000000000
0000000000000000
0000000000000000
0000000000000000
0000000000000000
0000000000000000
0000000000000000
0000000000000000
0000000000000000
0000000000000000
0000000000000000
0000000000000000
0000000000000000
0000000000000000
0000000000000000
0000000000000000
0000000000000000
0000000000000000
0000000000000000
0000000000000000
0000000000000000
0000000000000000
0000000000000000
0000000000000000
0000000000000000
0000000000000000
0000000000000000
0000000000000000
0000000000000000
0000000000000000
0000000000000000
0000000000000000
0000000000000000
0000000000000000
0000000000000000
0000000000000000
0000000000000000
0000000000000000
0000000000000000
0000000000000000
0000000000000000
0000000000000000
0000000000000000
0000000000000000
0000000000000000
0000000000000000
0000000000000000
0000000000000000
0000000000000000
0000000000000000
0000000000000000
0000000000000000
0000000000000000
0000000000000000
0000000000000000
0000000000000000
0000000000000000
0000000000000000
0000000000000000
0000000000000000
0000000000000000
0000000000000000
0000000000000000
0000000000000000
0000000000000000
0000000000000000
0000000000000000
0000000000000000
0000000000000000
0000000000000000
0000000000000000
0000000000000000
0000000000000000
0000000000000000
0000000000000000
0000000000000000
0000000000000000
0000000000000000
0000000000000000
0000000000000000
0000000000000000
0000000000000000
0000000000000000
0000000000000000
0000000000000000
0000000000000000
0000000000000000
0000000000000000
0000000000000000
0000000000000000
0000000000000000
0000000000000000
0000000000000000
0000000000000000
0000000000000000
0000000000000000
0000000000000000
0000000000000000
0000000000000000
0000000000000000
0000000000000000
0000000000000000
0000000000000000
0000000000000000
0000000000000000
0000000000000000
0000000000000000
0000000000000000
0000000000000000
0000000000000000
0000000000000000
0000000000000000
0000000000000000
0000000000000000
0000000000000000
0000000000000000
0000000000000000
0000000000000000
0000000000000000
0000000000000000
0000000000000000
0000000000000000
0000000000000000
0000000000000000
0000000000000000
0000000000000000
0000000000000000
0000000000000000
0000000000000000
0000000000000000
0000000000000000
0000000000000000
0000000000000000
0000000000000000
0000000000000000
0000000000000000
0000000000000000
0000000000000000
0000000000000000
0000000000000000
0000000000000000
0000000000000000
0000000000000000
0000000000000000
0000000000000000
0000000000000000
0000000000000000
0000000000000000
0000000000000000
0000000000000000
0000000000000000
0000000000000000
0000000000000000
0000000000000000
0000000000000000
0000000000000000
0000000000000000
0000000000000000
0000000000000000
0000000000000000
0000000000000000
0000000000000000
0000000000000000
0000000000000000
0000000000000000
0000000000000000
0000000000000000
0000000000000000
0000000000000000
0000000000000000
0000000000000000
0000000000000000
0000000000000000
0000000000000000
0000000000000000
0000000000000000
0000000000000000
0000000000000000
0000000000000000
0000000000000000
0000000000000000
0000000000000000
0000000000000000
0000000000000000
0000000000000000
0000000000000000
0000000000000000
0000000000000000
0000000000000000
0000000000000000
0000000000000000
9d68337ab6a4dea2
c7d53cf2b70bbcef
843c4a66521d0baf
d06bc85c117547d7
bbdf1ecd9ee966c2
9057979d14b2982c
449a58a23a78ec1b
4abc1fb1a41d09f4
e20bad382931343a
2d5bf128688afd63
fcfb238be6840ea5
64b115cfff740eb9
f757615273c285d4
e15f4b1abbd94382
82fc98c116e6bb40
ec00d12f4b6e8652
869e0a8c32438537
4abdaf4335a963f1
124ab35aa501d73c
b95b8d14432da44d
0000000000000000
0000000000000000
0000000000000000
0000000000000000
0000000000000000
0000000000000000
0000000000000000
0000000000000000
0000000000000000
0000000000000000
0000000000000000
0000000000000000
0000000000000000
0000000000000000
0000000000000000
0000000000000000
0000000000000000
0000000000000000
0000000000000000
0000000000000000
0000000000000000
0000000000000000
0000000000000000
0000000000000000
0000000000000000
0000000000000000
0000000000000000
0000000000000000
0000000000000000
0000000000000000
0000000000000000
0000000000000000
0000000000000000
0000000000000000
0000000000000000
0000000000000000
0000000000000000
0000000000000000
0000000000000000
0000000000000000
0000000000000000
0000000000000000
0000000000000000
0000000000000000
0000000000000000
0000000000000000
0000000000000000
0000000000000000
0000000000000000
0000000000000000
0000000000000000
0000000000000000
0000000000000000
0000000000000000
0000000000000000
0000000000000000
0000000000000000
0000000000000000
0000000000000000
0000000000000000
0000000000000000
0000000000000000
0000000000000000
0000000000000000
0000000000000000
0000000000000000
0000000000000000
0000000000000000
0000000000000000
0000000000000000
0000000000000000
0000000000000000
0000000000000000
0000000000000000
0000000000000000
0000000000000000
0000000000000000
0000000000000000
0000000000000000
0000000000000000
0000000000000000
0000000000000000
0000000000000000
0000000000000000
0000000000000000
0000000000000000
0000000000000000
0000000000000000
0000000000000000
0000000000000000
0000000000000000
0000000000000000
0000000000000000
0000000000000000
0000000000000000
0000000000000000
0000000000000000
0000000000000000
0000000000000000
0000000000000000
0000000000000000
0000000000000000
0000000000000000
0000000000000000
0000000000000000
0000000000000000
0000000000000000
0000000000000000
0000000000000000
0000000000000000
0000000000000000
0000000000000000
0000000000000000
0000000000000000
0000000000000000
0000000000000000
0000000000000000
0000000000000000
0000000000000000
0000000000000000
0000000000000000
0000000000000000
0000000000000000
0000000000000000
0000000000000000
0000000000000000
0000000000000000
0000000000000000
0000000000000000
0000000000000000
0000000000000000
0000000000000000
0000000000000000
0000000000000000
0000000000000000
0000000000000000
0000000000000000
0000000000000000
0000000000000000
0000000000000000
0000000000000000
0000000000000000
0000000000000000
0000000000000000
0000000000000000
0000000000000000
0000000000000000
0000000000000000
0000000000000000
0000000000000000
0000000000000000
0000000000000000
0000000000000000
0000000000000000
0000000000000000
0000000000000000
0000000000000000
0000000000000000
0000000000000000
0000000000000000
0000000000000000
0000000000000000
0000000000000000
0000000000000000
0000000000000000
0000000000000000
0000000000000000
0000000000000000
0000000000000000
0000000000000000
0000000000000000
0000000000000000
0000000000000000
0000000000000000
0000000000000000
0000000000000000
0000000000000000
0000000000000000
0000000000000000
0000000000000000
0000000000000000
0000000000000000
0000000000000000
0000000000000000
0000000000000000
0000000000000000
0000000000000000
0000000000000000
0000000000000000
0000000000000000
0000000000000000
0000000000000000
0000000000000000
0000000000000000
0000000000000000
0000000000000000
0000000000000000
0000000000000000
0000000000000000
0000000000000000
0000000000000000
0000000000000000
0000000000000000
0000000000000000
0000000000000000
0000000000000000
0000000000000000
0000000000000000
0000000000000000
0000000000000000
0000000000000000
0000000000000000
0000000000000000
0000000000000000
0000000000000000
0000000000000000
0000000000000000
0000000000000000
0000000000000000
0000000000000000
0000000000000000
0000000000000000
0000000000000000
0000000000000000
0000000000000000
0000000000000000
0000000000000000
0000000000000000
0000000000000000
0000000000000000
0000000000000000
0000000000000000
0000000000000000
0000000000000000
0000000000000000
0000000000000000
7936f7275ad145fb
fe2e99ff143a14a3
cdd012276356a0ae
d3fb0b461cd7765a
416aef3ac06acb34
2af20dc6a2842354
92b9aa5e477da3d5
bbc16c51797e8c6a
4c98925411e2239b
4ffe2aa06835c25a
f65bfd2bc36de015
74a8695538c9c5ab
e4e351b1cdd6e589
c507aa2888a1546a
9ab7c8fc322325b8
f4a5f0df9b258ef9
2e7ff2c857f37078
911b1db7cb5150b2
0ed52ee1a44c0d28
d304602c21053401
b845513916fbacb9
efa1fe7af15a6e0b
40d37126706ef302
77acb41d97da521c
f640a59ad8f27674
29ae31a8c2d68001
8ead1885dd525bcf
ac0c14366051352b
f1205abc719ad2ad
4da57ee9c3b6f7fc
250d5e72bfc2e481
fa053e6f56cfb768
ed901aa567ed69b8
1b7dab8c22fa43ad
a5e90bdaae8759ca
c386359450dd93d3
bca8654cc7422d39
f10ab1d9fb1425ba
6bb0ba983cce3010
5094e7109788b78e
61d7e1fcdd7a5ea0
b97960ef6e9d6bc8
be98e57a5f214036
33bf7bd940f36971
54cc76d91217e40e
118b713af9d11d99
0196bf228bdb7221
91cc88cf4dc7ec48
3c5b09ce18034303
fdb125c8a0b3ead9
e5733ef6972d3372
4ed90e3b8f43df62
c3bc1f9ac2bb0139
0b2592f9b79825fd
63c908df65f24f78
e6aeff74e6cbafbf
e77e40646ff23be3
c08e36d1ca029afa
ef5478fe8a9c2704
a250b5aa7d9a4ed9
c9ba2c8cfbce6973
e3bac19eb12826a9
3b2d6bd314d0f152
24a95ba82fa086c8
3368c7af333310c2
03e0a24653381177
29a9720f8a2c96c5
c6f24aa963c13319
0000000000000000
0000000000000000
0000000000000000
0000000000000000
0000000000000000
0000000000000000
0000000000000000
0000000000000000
0000000000000000
0000000000000000
0000000000000000
0000000000000000
0000000000000000
0000000000000000
0000000000000000
0000000000000000
0000000000000000
0000000000000000
0000000000000000
0000000000000000
0000000000000000
0000000000000000
0000000000000000
0000000000000000
0000000000000000
0000000000000000
0000000000000000
0000000000000000
0000000000000000
0000000000000000
0000000000000000
0000000000000000
0000000000000000
0000000000000000
0000000000000000
0000000000000000
0000000000000000
0000000000000000
0000000000000000
0000000000000000
0000000000000000
0000000000000000
0000000000000000
0000000000000000
0000000000000000
0000000000000000
0000000000000000
0000000000000000
0000000000000000
0000000000000000
0000000000000000
0000000000000000
0000000000000000
0000000000000000
0000000000000000
0000000000000000
0000000000000000
0000000000000000
0000000000000000
0000000000000000
0000000000000000
0000000000000000
0000000000000000
0000000000000000
0000000000000000
0000000000000000
0000000000000000
0000000000000000
0000000000000000
0000000000000000
0000000000000000
0000000000000000
0000000000000000
0000000000000000
0000000000000000
0000000000000000
0000000000000000
0000000000000000
0000000000000000
0000000000000000
0000000000000000
0000000000000000
0000000000000000
0000000000000000
0000000000000000
0000000000000000
0000000000000000
0000000000000000
0000000000000000
0000000000000000
0000000000000000
0000000000000000
0000000000000000
0000000000000000
0000000000000000
0000000000000000
0000000000000000
0000000000000000
0000000000000000
0000000000000000
0000000000000000
0000000000000000
0000000000000000
0000000000000000
0000000000000000
0000000000000000
0000000000000000
0000000000000000
0000000000000000
0000000000000000
0000000000000000
0000000000000000
0000000000000000
0000000000000000
0000000000000000
0000000000000000
899830d46255db8b
9007b28eb5444b15
a306d6f3087fe45a
1ff1a8400beb318e
4cea528c868ba50f
d2e8794c43898e42
9c542058401fe48d
dc90d3b31ec84aaa
5cc4de365503698e
0c0f848c4663b053
319d4e14d0afafe6
77e0ae5cdf297e7a
1612af56921d223e
8f0b8fa80a738f74
1747f193b0319f1d
2612745d05eb91bf
6fb1618034614a59
dc17b412f972ad79
7d0734a1369e54fa
da690eb5f358ab7e
0000000000000000
0000000000000000
0000000000000000
0000000000000000
0000000000000000
0000000000000000
0000000000000000
0000000000000000
0000000000000000
0000000000000000
0000000000000000
0000000000000000
0000000000000000
0000000000000000
0000000000000000
0000000000000000
0000000000000000
0000000000000000
0000000000000000
0000000000000000
0000000000000000
0000000000000000
0000000000000000
0000000000000000
0000000000000000
0000000000000000
0000000000000000
0000000000000000
0000000000000000
0000000000000000
0000000000000000
0000000000000000
0000000000000000
0000000000000000
0000000000000000
0000000000000000
0000000000000000
0000000000000000
0000000000000000
0000000000000000
0000000000000000
0000000000000000
0000000000000000
0000000000000000
0000000000000000
0000000000000000
0000000000000000
0000000000000000
0000000000000000
0000000000000000
0000000000000000
0000000000000000
0000000000000000
0000000000000000
0000000000000000
0000000000000000
0000000000000000
0000000000000000
0000000000000000
0000000000000000
0000000000000000
0000000000000000
0000000000000000
0000000000000000
0000000000000000
0000000000000000
0000000000000000
0000000000000000
0000000000000000
0000000000000000
0000000000000000
0000000000000000
0000000000000000
0000000000000000
0000000000000000
0000000000000000
0000000000000000
0000000000000000
0000000000000000
0000000000000000
0000000000000000
0000000000000000
0000000000000000
0000000000000000
0000000000000000
0000000000000000
0000000000000000
0000000000000000
0000000000000000
0000000000000000
0000000000000000
0000000000000000
0000000000000000
0000000000000000
0000000000000000
0000000000000000
0000000000000000
0000000000000000
0000000000000000
0000000000000000
0000000000000000
0000000000000000
0000000000000000
0000000000000000
0000000000000000
0000000000000000
0000000000000000
0000000000000000
0000000000000000
0000000000000000
0000000000000000
0000000000000000
0000000000000000
0000000000000000
0000000000000000
0000000000000000
0000000000000000
0000000000000000
0000000000000000
0000000000000000
774ad4e24c44666f
973d6c3cd1833202
d4ea9a14875083c3
f5520d591f8fa471
f18ad5d210e5007e
2a929628f4e68dc3
bc64325f727b05f9
33153ab70815d52e
f1651fdae87ab1c8
764df3c4dbb1ab61
8dda81765bb94b89
f72743fff04095ed
a769fae57bc933b7
30911f7a92b9904d
234fbab482107ee4
e935b16cc7bc272b
bf6ac85e89d75374
9f2f71d8cd76f790
a3b7af65f2097c8d
02f6d89fd00487f3
50551ba0e2824760
6b58a57d9adf6d89
b6113adcdb78969d
834d676a59f41d66
5b47e5dc060005dc
37e634bb3201f87e
17db90b522fb4955
639ecb4510b35fdb
2c710377db00d1e6
10e6b60ffff2d4bd
d63baa6bbcf5324a
d54dd346146bc4a9
24418bdf1b17c794
c0bcf63c1f92146b
3212ab54f096311b
68f55d6c44598fab
dba9085c68382b77
ac8d744773bbb49b
a975c9c88c1febfd
463f62e9cfc66b2b
469a0ddc089116f4
d30dbf95c7084195
7e87b391b7a55505
2047fa526cb4c1d6
9d79c64e3f787f5c
a1aaccb30f118fa3
255f32289b8c14cc
67f86f536fc17d39
7610dd90195970f5
bfb04a4775617f7e
84512cf264a8a3e4
03ebf4b8438b90bc
e26d665d034edb75
e3b765f8a2abc1bb
6c0352fe1bdd464d
e442d3b94a63a1d8
b2a34209c3835ad5
cc820b2bd976f90a
8a14ab79b4f5cee4
d739a1110592c349
24f4b4ba5c935fce
d5ae1131d64af430
75cec11630746d3a
96e74774e5d3a3e6
c8da1a6ab66176f4
5eb8ece15ff4cb5f
7e83445d48d759bd
922433628d607d6a
bc5b2deeaba88a4b
d3134c6b385aaf90
9367c48c656d2e9c
c4d78f2c690b3fcb
775d10014cfd018f
a0932cead4444705
1eb3f5f6dd926e12
d05b566589bb7786
39985c3c2cdc79d5
573380cb41fb16b2
9120db3d9fa7fe4f
994390c842e2d8ab
e47a4a40bfcc67b1
6fd88980d30cabfa
0b34eef98716aa77
9a7c2e3a3c389864
98a4cfca2b0df18e
a4da471af0cf4cea
bdd8a87147700f42
2bc60ee1d8e1c325
7162eb05376d129b
828dc02ae80d4cb0
323ad24e9a8299a5
987ab651949c85cd
52c88e5ae9c0c202
b682950559ecaea0
bb7b2bc0873ddd81
a1dd051faee4fad2
45ca6212f673fe8f
eea03f5c7fbfabc1
7e99799de32ae64b
3757baf991b30ce2
d5cebb4a19365331
850f2486294f9a6f
27eb9abb096a8680
2adb1e20393f9e90
55e49c77b8dee384
369136dcab497d98
d8dc6bcbc92df04c
adefc9b88d124e8b
b38b192f98127466
d0f562a96d198a48
d6618a92cd332799
eb6a43bc27563732
bd33981ba8556774
54702f1ecd6c5b98
be36cc631380ccdd
704b7dccee7d693a
d87c995b7db34ac3
11a8319c30a1e4a7
6ee6a36f67c2d905
05525725c817257d
ee863e1c42291180
a52e5ce0a8076b6d
064efd35def85a0b
e01d1b81840cff99
74d29a598c8c6906
1dd0d35d50ee50ac
f6da1dcf4439371d
5d10b32f4a31808e
5e7482cb9e0069e9
1016e22c17cb484e
de8a34ddac7e0d9c
773a47438ba8de05
a66b48e748da8cab
8e26a657a1d85e19
6604f0ce4188fa29
c706ba9c991c5045
ab61917d1d2c852f
097d2fac4caae47f
09701e2fc2d0d19f
e4c6e09cf9e7d5d4
eac8e15884f5b9e1
394e094c161a3cf0
f12d0710a5d2f1ad
bf14ea7971366261
5713edd27e0115f9
5ba00d6fbceb0286
d10b152ac3df6969
33ed26c4ebb10f6c
6e89f9568944eac4
f09b976039644b31
a36203076fc3b5b9
77ae7a280af7a887
40abc74914c157ca
810524d656505722
6531260e7f3b4fb6
12b334045df7eb38
8f3ce6748a7b114c
14b2bbd2f1477204
62b16d3bf778908e
53666e9ffe065bdb
6bcb580c0f1a2ea4
6bd050b010e377ae
2844593853ba28fd
020a6fb9b2f925ca
8d436adb105c51f7
32efebb60c9d83a8
fd4545097f4adf9b
e10f9edbb3b79d1f
7e65a0c7d5ba2daa
207320de5c5888bb
3f67a17f0487fc48
ae75bfc061791add
81a43e9472d208ba
f5ebfbceff35ae54
9b73429461009a12
11a7c8c9f032d5e5
a0cd47e8b628cd40
769a91d0dd1e771e
8b3b6235837e0b80
3035935487cb8c10
3e3faf5bae75ecf2
944b5d5cd589c98a
dd405bcbc0e5c750
ab98408e3391da45
60a5a3f7b97f1eb3
4544d87f6b469651
ff2a0bf6ab61470a
5301bd9328f9e0e5
07ea7331e50396cb
562b5eac77d23927
178afab75a5285e9
d559322907f9b7c7
3a609ab825fd48ab
4d7e38cdb58c07b2
361d8e2aef0379d3
601fcd53ca0323c4
ee741525bf5942b6
c11e7c8815f77526
0a86224d0d39f2ed
2b4b2bf23ddf0174
e62a904a0ca3c754
1b48fb7de6683c63
07bddfb24c7c5ea7
2d65f6b2f7780dd9
a642e2f91bb5ab21
f8dbd9dfb2e7c89f
669a803e9983320e
d62eb55385b8bc7e
c07c2b072539cade
fcb842d042bd9ddf
bd5d77f77ab1a802
a821b50d9e701a48
bc8fc48521f4d395
906eeb4095a329fe
125c2d139cce8015
1d05994f0e5effb2
42f7e93c8f458813
ab1dfce1f5fd8fa4
251c713ce25d7069
11402b6f8908b4a8
f4fff355e0ab8cf7
d8b95cd57b114e3e
b388cef0532e944c
a7732d098feac916
9bba2cd4066e3716
b44fbafad844444a
212a6357e9a6bd54
7a7e517ec9eaf544
fba5b50b8e9fff66
1e3983285d8ff613
6c6ecb4197be5388
e3a5934c9d7d7adf
da75e93ffc233c2e
6338b6a1ace45a40
0ece2d6d2f047a31
5ec5e901c5ee4422
d39aa71a905aa028
ac1fd7e633173e0d
b8c8710d53818bc5
cf3a9eca0713d44d
4804eb6b38c7b37b
64571b26330bea1d
3a8e1d58c10b3136
8c5d49f83a0cf70c
dbfc333953fb4de6
3855a4699b3c747c
bb230c1ac0993234
3da3ef67a1ef9196
ce615262d20be308
cc3dce4c497bd0db
3e4b60fc9a1e1cf2
8c0fd44472013be2
12a42c5cc978a176
0084523db038ff9d
1d7e5f80571f5419
c03fd202737eac6d
94e834c325a88370
8a66395ccb5649ff
2647debeb3d3fc3a
81d06f4f0cd337d9
66435b872fce8905
70991455dc51c4a1
e51c957941795ebb
fb48512938c6a028
41d54c0442df92ec
79b25ce7d4d704ad
acdfa6c57840dc20
e44f18b4a19ab791
37c2b168f5879aaa
f9a16828aded81f7
954938c6460eef63
f56fb9fe19f8e4a4
57c0f5b5f84303dd
5f68fdca99cf8e68
36f4e30579f31cc7
e14fdf417d260ec9
53de94fcc95f7503
f0067c2c8a13af6b
f70c7962d038e1fd
951bb97bec772374
aa93bb9845b79d21
54b86685cbfe0d98
76f9a109655514bf
97f3af6e6dae70a4
d046059d8e1e7c79
5581e0ba647dfd2e
dd92225162140314
4ea81664f2211426
05507b50b068ebb9
d52603746db0c806
39e232fc9ddfcc49
5fa39ac36e4b4493
1f9849f472b59668
d97c72f24817e213
9ecdca87a918ccf2
d30ad4e43502919f
011804cad0dbcac7
d78b60753dd51456
0f072517a3a47aa3
d580f28c022d5153
ac1e3916e66abadd
3cac8a757f5eb49b
d8475731f430cfb4
331354fc4e0b5991
a661b1470bdb32d9
d93baaf0a6fa4aea
c61bba29ee400b15
ffa8af0dbe41df33
a3588d1715d7a2ff
730854c815f3f2f7
88a9711b60997e54
e5a89e1fd26f9114
cff36031bfc0fc1a
90956daf476bcbed
f0f18af87ac4ecf4
4cce35eafeef386b
e68f80b4e9c2efd7
ada10c91a9cc8f36
5904c403bfe24b67
eb508a766b92f6b8
d55688ed1999e870
96ce832756f86bcb
86864359223998c2
259790b8f66a900b
123f54c4bb81a933
dc30c995400b7bd5
cbc834caa9a4538a
f04a3a8a80b26b16
55660b964c5448e8
1b7146ab2f2a7879
a308332aa5cd534d
c1553a8a72386d4e
fac0f610d822340b
3dcb983649433daa
33174d3e43682b49
e4d480ab8b3c65ae
8a76209f39b12151
69ef629612c23c89
e81f33fd42eea0c2
68dfd4d78ae1275f
73a6526456fb87e8
05a28d9d364a3b08
bb7f71115d0464fe
6f4fb6ca00bb079b
168e30e0761c4397
125862ca26651d42
f1b11f3ef1240751
5fb0439b1a1491fa
04131118f71cb935
668728c1119ac5c5
34dd2cd4cf73b738
e4c8366ee9b7eac2
5262b66db439fd37
4f50c5d68a5df883
47e010fd35bf909f
93b7e1dfd4ef266e
1b65df8df5e22e57
677a1bd09627bc02
b8a17e34b199f726
4e5abf3556339319
ed53701712b33f32
0d9e54b4694507b5
2e95319f4e656140
9c69bc61d04ea215
6c913992923785a8
6f1d583f2767796f
ed13961bc607332c
2bc22b65e98af7a0
40c5790a84e869de
f76eccabf6648731
87562f12c883918d
24eb7047b464fb0e
32581b3805dfcc58
6ac637e54f94dab6
54a35cc83f90b89e
190a424f780f8f2a
5d74bdd58cf9506c
86e8a0c0adae5d08
f361877abb57b508
e1854eb4ddbcfcfa
5b917ba505d66311
de063eec37b11421
32e0d8b704f1bb98
197a75e8b0d10e03
03ce14764b1f4111
4936a2b40177271f
4758458f71937b75
88e9f0f80c64924a
2d65089b279b2467
ed13ddb7c8444731
7d6b5e032924fb02
b3661520b03ab16a
6821ecceeed569f2
e1964352e5565db3
2baa803bfeda4694
84be10ee42e006bf
7b274d6987526091
579848b8379856aa
fa40001b5e18d167
026ed2b6ae2ef7f1
468950ea0426a34a
a3d1a37ad5227867
9c1327b33360e2ca
ce7f38f352035944
b8a5490066131fe3
5eaff8b68f470441
da658cb27a349bac
20c3370879191a55
518252af16092675
a372ffeb242e8aa2
ecc7563a9db242db
45728f162aea822c
6aade35006087724
1383c6478f689ca4
46624a18c4ec7613
ae115e6a8aa2ab2f
a6118749f98bca76
ec9fee95bf185e40
1fe71b8edb618967
bbf1c09e154d754b
54df4dee4338f26c
7aea9090f10d40ef
829249525f6bd026
fb00adf94c750ee6
c1500583376493d3
ff0f28fa955775a9
357fe7e1ddecec13
da307c323ac290d4
26e9a9dd64c01923
bf95e3f5267c068d
0954ff502eab8fd9
1e449f518a0932be
9d400bc1cc5ed562
9b1e7bab1b85b9f9
54d2231bc6513369
4fc0d7b7fec4157b
759dc89c6ff9d813
3d7f1e2907c92690
0aaf5aac4dd6505a
c636e8dbae1eb14d
a5ac0e76c94f8ca7
acb233f52406435e
c080c6923da2f25e
6d0f6e72290ce67b
a28dc5fe3fc6e1c2
ab62fac8dd8bbfbf
a8e4dc43313d718e
dbbaaf11b47a76bc
06e2721e1db0f279
00b353cfd56f2706
32ac74fef35b4d4f
e144eb540c04465e
7153336916c1eba8
0884563cbf707579
120d0cc14ca41523
ce222252e1df00fc
847fcefe9108ea39
9cae4a1e6baea15e
610095a958e33c70
29cfbf1a0e7ded7f
3eec93d65e432387
6d11b20b531a6df6
ee58ee750d73074a
c0f7fbe00c99af80
2ea1e9309a310e30
cd9c7c2ba405c7ea
0a9be95c2dfec2b8
96fc0f6a4dbe4224
e21f67f6c30314a6
b5100d7bde94e89a
09adf7a332ee4b2e
b119a1ce4faae86f
99d7833b2d46b923
fb97555f9434345c
182ca181ae1ee1f6
9f3f1c90764187cb
23bebd7242fef45c
8ff94b9f8bcb5500
d99060facd48afa3
51e35f2c75c286d9
5e2c26c0941afe6a
bb6a15cfd8c880f5
29b5d5918d99f9f8
20b30b3a35f42e6f
6cfa968018a84767
8f361e258dd69d92
0842f204a3202186
170714bea4245188
547ec4ad18521dda
15cfeac448f0b2d3
0e8bce32cca97d95
c2e8cd63d1352b28
35308c3787da02cf
330ccae21ba76934
ac6e1f0cedfd9000
0e2db913805a2aee
401760da0c305300
ee2230b9ae613705
8824e29f39678150
4858ee49ace4e2ba
181324503891494e
3ad550bfee73937f
8b9072bfcaafd971
6c9dcd8147a2e2db
f4712882c35478f5
a996bfb6bdc09347
b333b146054422be
d3724d814d351787
87727774deb09811
58251586d42b00e9
30481a84d4123191
425e6c68e964f916
e0f8902ba88c7d63
0db295c8851c6281
416ea9ff1095111e
6ffe905e55a930c9
793bf1e014342429
fdd5935e8ba4d798
a7d50ea2d04c634d
f43ac12fa6b8632b
f9dfad8f8897fa15
8cbddf22f55e6091
e7483f0e3fe72959
a94755b993cd6bc5
b32c3c46250a7899
5061827f5c493dfb
4dcfc09a19256d40
a41c1ed63637b8fb
c0b82b6a2802ea5b
97bf20e8153eb751
37c23328a4ce6d44
3277af92090be805
3685f70e222217c8
cbe630944dff4de9
f9a29fc53e64dece
8ddf84c6f21df012
370cf0eea7e08061
f3e88513303341fe
3609c0bf7ab147fb
0c93dee6bd060d31
77f0435130515815
6cca4f7fb6f01055
3ba1c8c933e1afb9
2a0f9132237f29e9
29281868ad019521
d9fa21b623eb7500
47b626f04795b930
8fbc838ea9d15117
fe3c1b704f0c9e47
94732fc311fc3158
1213d30ea435a934
ec768341ac899a8f
bca91ed2bbd61a52
1f8fd5c9997a97ce
5d4d214d022e18e5
ad6b5e4f69e1d007
1f36e1aa25d17507
5700ef60578a4bf0
0757b6b410d8087d
68b34eaa92c82689
e30610b66fa70bbf
96828a2fb77df07a
9cd584a2d4acf28e
890ea7588c91c314
fc4973fda0f70ea7
7713e7b2f75b5b19
fffe278fbae9aab7
0766e37d19f8d0e2
9bd3aadb7e6fd480
c69d321cd1b1049e
7b9e4e81e45357c6
62cda1eead7693f3
90fa6a41090288e9
cfe4a78c0774d123
a6c0cb506de25c95
1dc12d819643d5c6
e47aff77d6175791
e9e6be227a24f055
184ecf17763402a0
fd9db17bf7cc8dcb
ac4935d00a72b6a6
00146565a58d5271
3ee90d463f4bc216
45e8e2cfe65e890d
333cce6ce98f6b72
94088d8c449878d1
c03520ad52c88747
22f03e69aabdfe31
ba333c58f20b11d9
f0a3623c7ba97d46
e2800c3ed298ff88
1cd912247716ca4d
2732606e9d6de867
62f31c77db6d0891
ab34c162d5c47a10
3cbd1809a6e69da9
bbe4ebc8533cc631
3592c11d9798608c
df409c9aafab7ff2
85afa5169d146331
20cc3c87504c918b
ae72952ee7f5e98b
2462e39e51ba4627
a437cc351b648682
7fb89cf0f9dd4331
89d7fd14a6358dbe
a8ea4d80be85bff5
ed6dd143057c91e4
af969855505ccf10
8e4acdc0138d35d2
7e7633e41177c6da
ed3545d2800b53cb
79c4d538ca74ad01
fe88f706c5a54a0f
873e9537229f2e4d
476373bdcec41274
12346ffef6efa001
d1ff9dccbacae50b
c29315b56a0d94d7
738bbd6c740475b0
c428e5fcbf3905a3
c866a167ffdc4030
3572488f0580f07a
87fd406ab7ce8cc7
e7a2ab7001876a5c
a525535632b5f247
22ba0d5c89c8d2ef
c62222fd962fc975
d8cd18d539936bb2
3170ab945ffa3958
a9ff8eb7183f275d
a18cdaea32a8848d
5f275957bd750279
52534ff40b790404
835088933c979538
6e8c26175f5f88fb
50454f9699230f83
e378f26a0c9c6a5c
fb40b7c0ca3b3c22
0c53c62276f60621
2fea42a5bc733a8f
48e23ea4b9476d82
d98690404c33760b
ae7064ca89b5bfd0
355a6ee5fbf91aa2
f29a1540a9d12463
218a49e81d09e689
f9a491fc89b2ae17
c528443ff72802ee
c832a32a2f8d3dcf
2aed78f2cd8e4f94
f017c40b12c737ba
9ef6563d769dbc0d
c95eef76ab8c12eb
c74c4c57eeae05d4
6bbec97894f2314c
3ae569b882151373
815bd7cd911d6c53
6332f2b6d64e6971
0694d35badc8658b
7a2a8e2693908969
298b23bd09b6e74b
5fe20eaa50b14ffc
2d7af7b936e7bdb3
3b535346c5ded9c2
97e5259c35671e01
4787e382cf918009
a45779e036ce8eb3
3fb7fa20ecc67703
59869334a4675411
f879851b9e6c45fd
12b0092657254ec3
cf61cc1c63f3f9b1
34d72f036b6b6f80
983b329b820086c9
511a0027d8de3394
b0696df01c748859
8755ded459a3bd2b
bd79c0cfa9f5ee97
4986761c70d3ff5b
443fb98794042d5e
1bb7819cb7d43410
23c5d95246f405fd
e42b5b367d5de5f2
e2dced820af26839
29ea6c30d88af10d
2dff94260637d537
6af479a0f474ba1d
4468a4cad076d9c5
d516ce714712989b
dc4b862582351c20
cf964941071d3c5b
52b6490c3960dd0f
110fcec9e44d39df
c796f4d4a0669743
974c899c2c5a474e
4cfcaadf272feb44
0b54290f3ffca250
8a61fe65f5e5dcdc
09f8414af7b9eccf
57665b0ff9529146
69a634c7025d31c7
f9bdfbf6e5dedbe5
bd86bd44d5223b6c
3a0ade1cb588ce19
1d33d3a3d11bb9de
bee9d541ae7e6445
2a002e5114b6b62b
275632df39e61cef
12cf558879eebe33
dc2721caaeb7d449
9b69984cf4e84c91
c2bb1bcec0e3d373
5536973ef7be42cc
22711879e21f0d44
0c84ef809c583186
415a7403965c913d
43bb0f533acbd8ec
89aaedc10793c379
18bfb216c32f9ff8
e217d3453f64553d
93d8b03fc71708e5
ea6c8b6e249b1cfe
53840e308d001211
d06abd15820ef70b
112ea84de752c63a
95abd76d151e3d0b
34b5e2bcec3d3833
1b7d2b2368f90a1b
628153b77882c23e
1a4c388038d2b79a
ff16c7e79ae78a70
1cf33cd7efc5970e
cceb5f2b2a3ac3cf
2427d4f3f69925f3
141c21613d79bbf7
a5202aee085b9f2e
718728cfab3dba3d
4516d368fbfba729
086cec9bc83e0648
1ffe2cf8c98a6858
70e8d33cfe970a66
6b61ef77ef8d0f13
c5604a2887eab2a1
74c74cd880a1886d
3766b4a2c02c051d
7c91b539e8f0c149
55d1c1fc67b6b493
9e7e13cdb0d0d0a1
af08c962486704bd
a66718446cf62cc1
c1737e1af12f80b7
eb0f6e835e29a100
b404e1effbe426dc
74e829d1c03797c9
1663172fd27382dd
6029a8851c8d6dad
28ff33e3f12f0027
4a7c34c6fe437621
1ad6b51b5697eaa8
3d0dfa53eceea7a7
718547a35854a902
4eb6c805ffb24c06
489a9bc213ed47f1
b3a9d9109e1d58e0
53950777458df6c8
91b51d4cdb43e5bd
aeb4e520bfcf1ffc
efd3da2a5cd86244
f3e36b0669f68cbd
d638dae89684b349
6f25d252a95f2ca9
152cff0c9d55bcd3
719a996f6b1957cf
4096f4c1eca29f74
95b09776d4346226
5bccce3d9fca73c2
2848454788ae55e1
a4a49619ca3cda69
3e04d63b77852cf0
748239988b5c919e
c6d7a549b9f30c28
cb86507a71cb51d9
0f2da9baccf2867a
66ac12601a2ced28
941180ba7753498c
4ac986f01565018e
005e0af428adc036
121ef33d8824d2ff
90e561557fd614b0
31fc7e1eb4919884
40db1b0753cf95b6
8ee35c16af21fb93
ce6c2861c3085a24
3582260a3788ca0b
b7babe580703a1cc
3757651c7c29004f
cf8ed72a1dd8f711
cf20bf724ad467cc
451999bf9dba11d0
6bac5bd07c4c717e
67a673e943bf9bcd
6f39ae0670546030
014c6cc77bcaacac
07882a25b7304ae4
0b441012b24a5490
61c9186053fdd76a
569e870fdc05e733
7ed1275da33f1afd
85d76d01c57615ad
a2f2c6187c99837f
738c0c2077993eec
22e61afdc550c7ef
a03b9e296f109dad
49010d4af39a86b2
cc93f305ed71c312
7140f7fb16d3ddf7
40f53bca366eff82
fba04890406771ae
ea026f045f7a4403
9ec95a64d88297f7
233dea218e9645de
9ff67384a7994101
53be4dacfbd7d825
dae2719b41181746
41ee8229fa0dd0cc
733a7d4c8b0e9302
374bc75c489b10d8
57f9d17d77fb6692
e66c208b4552d0b6
b73b7899fa86a141
44fcf44b068d7e14
bcfd40d3200a2523
6c869215709bb69f
3785262c7c7259f9
3221f93a433820e7
327bd0ff74d52fcc
1f345f0a5bb53402
170cf5f4738a1fda
0fe90850d88c7779
0de2ed17f1467c8f
a112255097af66c1
dfb7d9fcd02f82d3
dc68dd4e73a2896e
ef31080ebb12d2ed
b6820856321966c1
f9f114364d1424b6
ec45d29bfafba7ee
ef961b3245a95624
f3e20e4773384ca5
27fc877eeb9e0640
c342fe3d3c1d4f60
813517637b44ce32
0aca3ab2b04515a6
57ada7d4402606c1
efdf8f09d2022379
dbd3d4f38f2b6f48
be3690f65768500c
dbb07c310ad9025c
c825ef25faace320
6c18d9d6af914403
c322f5b4cda01b62
f17551193f29faef
717fb73e176a60c8
782ab30f3f5e6c82
7269d2462b9d30c1
faae3665bceba639
689ff4471528f323
e8edf2ff76c4d7d9
f649a69e420df767
192e87516dc1abd9
913cf4194be9a1ba
1dbb24393c2d369a
89101dee44a5e50e
1f575bdf1a173c45
f4371b92e7337b00
52e8ca16ae53aeeb
03de48108b9a777f
d92edb78460df8cc
d2ca5d587345b329
76fc859de3e5f886
963496fcccb07794
ac7cd058bf1ce584
9d33a9f7859bd0d8
8eb84b7a804a893c
2d082a3e1ec1da69
8296c61c167f4de7
4a2062fdc49fe3e6
82c188a64362f33d
ddc8a74644b93acf
232f5b1741163830
0060ada66847bb30
fbe4be7514e65759
a423ff52db88b899
0c84dd998067cb31
cb762cff557f6b23
d17a59b4945fe563
f4de191bae0e1880
256b93c78eae1085
80404a696b2e132a
8e760025363a2290
643ef09c169ec077
c5754fcb534826f4
ba9e8e44ff1b9bdd
e4e21818d7e16c8e
751fe018d4ed07d8
5c62e63b2a91296f
9f0a8c9adaee67ed
35d30c4c59a40ec8
4095eb717aa82771
babe240894af5ae8
397eabfbae84525b
f360182a60e53315
f7705d598313e1e8
f210ffec118ac25a
bc11ee7e4e93bc1d
bddb42b9d7dcee1f
ff4fba83152901ff
3e388dfac52ab46e
63cc177bf2c1d6e6
af20e446462684ab
1b87c9ba618401bf
34bac00e5ad7a51d
b8629e3f4ed60d7b
38478fd4f2dfa186
aed6ba66885e1dc4
dfb4e3d8f9e9a1e4
5fffdc8edc0eefcb
0c75a79ae76746b1
45397d289e4e99c9
9bd5e6ca94b63705
267ebafd43ae9121
483a5f78ef0af95c
b99c2fdd6751507b
50cad1abe9b0dc52
6e2f057dcca6e83b
5a7bc63c5c70a04c
eb34d0cbdf7ce23a
7abe8bfad2ce2c4f
27b643c17ab40c27
448ba31318dcde91
c65ac6f3a060756f
f7715ae0b3fde09e
129811fd233ccba1
0d588e52503303de
f0e9e5cbcd700665
9357c481174e2955
efe8141c8614fb3b
a463471323b9e40d
a1860a8ff2855039
260596060a19e53a
9185277a3a8dfbb5
16ceebed64b852df
2169019077243072
8cf1f32a565103f4
79d69007f9bd245d
0553e1870e5f8ad4
7c16be767aa22496
b60cf0952e847366
a5d4932f6e3c64ac
63d9d6c58645305b
862c21d21f923aa9
f6b6d0d02f68c39e
1f73c9f2771d811f
98079f3d11b2d8c1
83cdf8ac843b3342
6c22399ccbeb0675
77f31a788efd0649
1ccf2e43a225b4e4
fab8c6790c22969e
2e8218ad08e939a9
93d354f684930a89
f3c658b2a2724a5c
b55a360f92d96b7d
270dd26b2a6ea5bc
80925900b21b89cf
f1ef1f0da92bdeb8
4605ef6ac96c1799
becf21b4d5a9800d
9cbd710d19f24fc9
a33058a9c8c8a80f
3a9ae368fa6a64fb
fd5be904f15ddeb8
23254d3c67123a4a
7a52c6cfec7bfc4a
bbc57e647eabe351
52fed100d20b5806
4dcddcb52201a0e9
902419b96cd0cbf1
82b1f4dd0e9ab3cb
aa863eeaff3168be
932f8c2ec3f66321
38d437be8115dc2f
67e9f3b2385fe12d
3e769a5ee30ccc02
d273202a7f8ab0ed
578901aa04314d31
2ab620375fe91313
d35c37937cef0ec8
89e4c5b5376ee6f7
a912b157e0fcf21e
fe90bd0b19737582
289aa7330143ab55
2f7aa3a66513ee60
98c27c899fa88f36
9804efd76a5d9251
a637ed669b943b15
a48c28e6ceae8c87
8ebc0197f0248cf3
84e868a86c8c2fec
9f0aa0e83dc1b419
fdf5adc7c05d6725
30c3182e9ee99d10
1d514004d05990d3
84902fedf03457e2
617305e644d5c1c2
7c9875a75f6cf538
a7aec97ff73a043e
3458f84693fa8205
8ef643a01523804b
ecb8f20f40715d8f
3a6331fca34029d5
8c5bb4c72fff1f7e
739af3b550e16762
65c021146aaa0bbb
d638975eff5358b8
40f0020df5d39b73
9bea5c1a030551ea
acd0c3905a2d4a88
54b4f91dfe401f98
1eafd910241a5553
1c00eaf3aeb9d517
8f513c816468299c
092d57d51ce075dc
5a1ab0f1739b4157
f4d5e111e6b3a2b8
7084db98e5dae5ea
6f8a8f4bf43382dc
759042ff53b4fb08
017572b9cea89edf
be65d7677dc3ae8d
9a42378b4a2b8df4
82692ef846079d18
74a0e1a45f66aab2
50bb39e14836f2f1
479f126cd9b4c7bc
e17c4d3ca782421f
62f1c4fd1d0345d6
5cdcf40ddf2c5878
4f133488a64f1c35
f00b0c3eeba11c3b
a2f8ac603ef475de
7a7173123e49134d
be961dad71e30d38
20db72d8ef0a86dd
1a548cffeead24ac
eedcd21c5286a0e9
f99d5a320a5b4603
f723265350c0e6c5
749991f474f2107e
a176376fa1a7de46
a11f776bff5f4020
8df3d2fd52822731
7fb1bbd294af8a6d
07291857c12d44a8
2299d9bb9753409c
73fc2b43c89fa5b3
1023909482f88a2f
922cab0a17cde784
b13b9341c61a61d4
a605cd23e986544c
6e9b72e82ee6d52a
1788adac15c9abcf
02018b27d8a7b613
51f7b699863fff2f
5b309244a163b7e6
75e52f7a3e0800f9
b4a581ab41052d08
b274224797dc5d8f
7bef83322799fe48
baf542b1ea4659bc
2c7048f85ffb3996
6bd22b95af687931
92b8fe9d95cad8fd
c8e7eedc7f586997
b06d58589e6a142e
30361a4bac94e4c3
b0d343a6305adda2
46ea6c0124df166c
4d0eb21a52829e31
32f1b18628e41e0e
663784124f691d4d
d3fc4f4ed584b5ab
d6bfc4a1c6e13f48
f977df930a329296
2cf2d7c73665f7bc
08dcaa55d8d38dbf
947bda9241237f2d
207b34eab5f1607c
34705900dabb44fe
f6ce8be2cd0762c9
c86b4f8b2295f655
e86a7c9a68c31594
32deac4d8b477ea7
b95ef47c50f84796
e19521ec96b58a6a
c5eb1bd490b99b6f
cc6bc39ba3279456
dd11ff08a0f3860a
89c77c1e7cd9ac1a
2b2a44826197fb70
e112721b216139e4
55400b19ca1a50a1
e7e0f9e54c1f6675
d81d6f8b7b1abe81
16ad6fd5abb1f30f
84139f63821382a2
3c87980e40a0101c
ccdf718dadc2367f
581453f3e425fb16
e37eee28631e83f1
78ca6da3a92100fd
9767c7f368b6fe38
6f78f54de9e3aa50
d0b0aecaac4f4004
d31723037a6f5fa6
ee5186c1c65df643
eb0682ffa0520c2b
204967758a190402
e6e57a6a6b3fd88b
23b7d3afd079ed17
9726cf781ab1edbd
591a7c4be52f9cbf
8ce3df1756f1ff28
1df6868d8da13a63
a88c7683dbe2e036
e675aa365ba173c6
ef07546a61f357c4
73a7e0f34f55f277
77e76ea57c7ad4b2
0000000000000000
0000000000000000
0000000000000000
0000000000000000
0000000000000000
0000000000000000
0000000000000000
0000000000000000
0000000000000000
0000000000000000
0000000000000000
0000000000000000
0000000000000000
0000000000000000
0000000000000000
0000000000000000
0000000000000000
0000000000000000
0000000000000000
0000000000000000
0000000000000000
0000000000000000
0000000000000000
0000000000000000
0000000000000000
0000000000000000
0000000000000000
0000000000000000
0000000000000000
0000000000000000
0000000000000000
0000000000000000
0000000000000000
0000000000000000
0000000000000000
0000000000000000
0000000000000000
0000000000000000
0000000000000000
0000000000000000
0000000000000000
0000000000000000
0000000000000000
0000000000000000
0000000000000000
0000000000000000
0000000000000000
0000000000000000
0000000000000000
0000000000000000
0000000000000000
0000000000000000
0000000000000000
0000000000000000
0000000000000000
0000000000000000
0000000000000000
0000000000000000
0000000000000000
0000000000000000
0000000000000000
0000000000000000
0000000000000000
0000000000000000
0000000000000000
0000000000000000
0000000000000000
0000000000000000
0000000000000000
0000000000000000
0000000000000000
0000000000000000
0000000000000000
0000000000000000
0000000000000000
0000000000000000
0000000000000000
0000000000000000
0000000000000000
0000000000000000
0000000000000000
0000000000000000
0000000000000000
0000000000000000
0000000000000000
0000000000000000
0000000000000000
0000000000000000
0000000000000000
0000000000000000
0000000000000000
0000000000000000
0000000000000000
0000000000000000
0000000000000000
0000000000000000
0000000000000000
0000000000000000
0000000000000000
0000000000000000
0000000000000000
0000000000000000
0000000000000000
0000000000000000
0000000000000000
0000000000000000
0000000000000000
ec2e1ba09895f9c2
8909dc9e965c2962
160300deadb6fcb5
79e9316db8f1fdef
7052284acc74bd97
7764e4ae22f9f2d8
5d05940a7c787cc3
567afaaf265028b7
15c038df562926cf
43df60f28236d1c3
9b5524d83023461e
3a3816759cd223ab
0d7a8d8c2a17b419
4f9c4811affd7f3d
2d6402c79860d9a3
d1c1fb54ae28cf3b
6e1baeea2a3534f2
a4d23147d2865e31
ad977cb209346cea
17a33865359aad70
05500010f740f5c0
00000000ffffffff
00100010f200f5c0
00000000ffffffff
00100a50f2000000
00000000ffffffff
00100a50f2000000
00000000ffffffff
05500a50f7400000
00000000ffffffff
05500010f740f5c0
00000000ffffffff
05500010f7400000
00000000ffffffff
00100010f2000000
00000000ffffffff
00100a50f2000a40
00000000ffffffff
00100a50f2000a40
00000000ffffffff
05500a50f7400a40
00000000ffffffff
05500010f7400000
00000000ffffffff
05500010f7400a40
00000000ffffffff
00100010f2000a40
00000000ffffffff
00100a50f2001480
00000000ffffffff
00100a50f2001480
00000000ffffffff
05500a50f7401480
00000000ffffffff
05500010f7400a40
00000000ffffffff
05500010f7401480
00000000ffffffff
00100010f2001480
00000000ffffffff
00100a50f2001ec0
00000000ffffffff
00100a50f2001ec0
00000000ffffffff
05500a50f7401ec0
00000000ffffffff
05500010f7401480
00000000ffffffff
055000100540f5c0
00000000ffffffff
001000100000f5c0
00000000ffffffff
00100a5000000000
00000000ffffffff
00100a5000000000
00000000ffffffff
05500a5005400000
00000000ffffffff
055000100540f5c0
00000000ffffffff
0550001005400000
00000000ffffffff
0010001000000000
00000000ffffffff
00100a5000000a40
00000000ffffffff
00100a5000000a40
00000000ffffffff
05500a5005400a40
00000000ffffffff
0550001005400000
00000000ffffffff
0550001005400a40
00000000ffffffff
0010001000000a40
00000000ffffffff
00100a5000001480
00000000ffffffff
00100a5000001480
00000000ffffffff
05500a5005401480
00000000ffffffff
0550001005400a40
00000000ffffffff
0550001005401480
00000000ffffffff
0010001000001480
00000000ffffffff
00100a5000001ec0
00000000ffffffff
00100a5000001ec0
00000000ffffffff
05500a5005401ec0
00000000ffffffff
0550001005401480
00000000ffffffff
055000101340f5c0
00000000ffffffff
001000100e00f5c0
00000000ffffffff
00100a500e000000
00000000ffffffff
00100a500e000000
00000000ffffffff
05500a5013400000
00000000ffffffff
055000101340f5c0
00000000ffffffff
0550001013400000
00000000ffffffff
001000100e000000
00000000ffffffff
00100a500e000a40
00000000ffffffff
00100a500e000a40
00000000ffffffff
05500a5013400a40
00000000ffffffff
0550001013400000
00000000ffffffff
0550001013400a40
00000000ffffffff
001000100e000a40
00000000ffffffff
00100a500e001480
00000000ffffffff
00100a500e001480
00000000ffffffff
05500a5013401480
00000000ffffffff
0550001013400a40
00000000ffffffff
0550001013401480
00000000ffffffff
001000100e001480
00000000ffffffff
00100a500e001ec0
00000000ffffffff
00100a500e001ec0
00000000ffffffff
05500a5013401ec0
00000000ffffffff
0550001013401480
00000000ffffffff
08900010fe80f400
00000000ffffffff
00100010f600f400
00000000ffffffff
00100c10f6000000
00000000ffffffff
00100c10f6000000
00000000ffffffff
08900c10fe800000
00000000ffffffff
08900010fe80f400
00000000ffffffff
08900010fe800000
00000000ffffffff
00100010f6000000
00000000ffffffff
00100c10f6000c00
00000000ffffffff
00100c10f6000c00
00000000ffffffff
08900c10fe800c00
00000000ffffffff
08900010fe800000
00000000ffffffff
08900010fe800c00
00000000ffffffff
00100010f6000c00
00000000ffffffff
00100c10f6001800
00000000ffffffff
00100c10f6001800
00000000ffffffff
08900c10fe801800
00000000ffffffff
08900010fe800c00
00000000ffffffff
08900010fe801800
00000000ffffffff
00100010f6001800
00000000ffffffff
00100c10f6002400
00000000ffffffff
00100c10f6002400
00000000ffffffff
08900c10fe802400
00000000ffffffff
08900010fe801800
00000000ffffffff
089000100c80f400
00000000ffffffff
001000100400f400
00000000ffffffff
00100c1004000000
00000000ffffffff
00100c1004000000
00000000ffffffff
08900c100c800000
00000000ffffffff
089000100c80f400
00000000ffffffff
089000100c800000
00000000ffffffff
0010001004000000
00000000ffffffff
00100c1004000c00
00000000ffffffff
00100c1004000c00
00000000ffffffff
08900c100c800c00
00000000ffffffff
089000100c800000
00000000ffffffff
089000100c800c00
00000000ffffffff
0010001004000c00
00000000ffffffff
00100c1004001800
00000000ffffffff
00100c1004001800
00000000ffffffff
08900c100c801800
00000000ffffffff
089000100c800c00
00000000ffffffff
089000100c801800
00000000ffffffff
0010001004001800
00000000ffffffff
00100c1004002400
00000000ffffffff
00100c1004002400
00000000ffffffff
08900c100c802400
00000000ffffffff
089000100c801800
00000000ffffffff
089000101a80f400
00000000ffffffff
001000101200f400
00000000ffffffff
00100c1012000000
00000000ffffffff
00100c1012000000
00000000ffffffff
08900c101a800000
00000000ffffffff
089000101a80f400
00000000ffffffff
089000101a800000
00000000ffffffff
0010001012000000
00000000ffffffff
00100c1012000c00
00000000ffffffff
00100c1012000c00
00000000ffffffff
08900c101a800c00
00000000ffffffff
089000101a800000
00000000ffffffff
089000101a800c00
00000000ffffffff
0010001012000c00
00000000ffffffff
00100c1012001800
00000000ffffffff
00100c1012001800
00000000ffffffff
08900c101a801800
00000000ffffffff
089000101a800c00
00000000ffffffff
089000101a801800
00000000ffffffff
0010001012001800
00000000ffffffff
00100c1012002400
00000000ffffffff
00100c1012002400
00000000ffffffff
08900c101a802400
00000000ffffffff
089000101a801800
00000000ffffffff
0010001005800700
00000000ffffffff
0010061005800d00
00000000ffffffff
061000100b800700
00000000ffffffff
0010061005800d00
00000000ffffffff
061006100b800d00
00000000ffffffff
061000100b800700
00000000ffffffff
0010001003800b00
00000000ffffffff
0010081003801300
00000000ffffffff
081000100b800b00
00000000ffffffff
0010081003801300
00000000ffffffff
081008100b801300
00000000ffffffff
081000100b800b00
00000000ffffffff
0010001003800000
00000000ffffffff
0010051003800500
00000000ffffffff
081000100b800000
00000000ffffffff
0010051003800500
00000000ffffffff
081005100b800500
00000000ffffffff
081000100b800000
00000000ffffffff
001000100b800e00
00000000ffffffff
001004100b801200
00000000ffffffff
021000100d800e00
00000000ffffffff
001004100b801200
00000000ffffffff
021004100d801200
00000000ffffffff
021000100d800e00
00000000ffffffff
001000100b801200
00000000ffffffff
001004100b801600
00000000ffffffff
021000100d801200
00000000ffffffff
001004100b801600
00000000ffffffff
021004100d801600
00000000ffffffff
021000100d801200
00000000ffffffff
0010001009801200
00000000ffffffff
0010041009801600
00000000ffffffff
021000100b801200
00000000ffffffff
0010041009801600
00000000ffffffff
021004100b801600
00000000ffffffff
021000100b801200
00000000ffffffff
001000100a800e00
00000000ffffffff
001004100a801200
00000000ffffffff
021000100c800e00
00000000ffffffff
001004100a801200
00000000ffffffff
021004100c801200
00000000ffffffff
021000100c800e00
00000000ffffffff
001000100b800600
00000000ffffffff
001004100b800a00
00000000ffffffff
021000100d800600
00000000ffffffff
001004100b800a00
00000000ffffffff
021004100d800a00
00000000ffffffff
021000100d800600
00000000ffffffff
001000100b800a00
00000000ffffffff
001004100b800e00
00000000ffffffff
021000100d800a00
00000000ffffffff
001004100b800e00
00000000ffffffff
021004100d800e00
00000000ffffffff
021000100d800a00
00000000ffffffff
001000100a800600
00000000ffffffff
001004100a800a00
00000000ffffffff
021000100c800600
00000000ffffffff
001004100a800a00
00000000ffffffff
021004100c800a00
00000000ffffffff
021000100c800600
00000000ffffffff
001000100a800a00
00000000ffffffff
001004100a800e00
00000000ffffffff
021000100c800a00
00000000ffffffff
001004100a800e00
00000000ffffffff
021004100c800e00
00000000ffffffff
021000100c800a00
00000000ffffffff
001000100b800200
00000000ffffffff
001004100b800600
00000000ffffffff
021000100d800200
00000000ffffffff
001004100b800600
00000000ffffffff
021004100d800600
00000000ffffffff
021000100d800200
00000000ffffffff
001000100b800000
00000000ffffffff
001002100b800200
00000000ffffffff
021000100d800000
00000000ffffffff
001002100b800200
00000000ffffffff
021002100d800200
00000000ffffffff
021000100d800000
00000000ffffffff
001000100a800200
00000000ffffffff
001004100a800600
00000000ffffffff
021000100c800200
00000000ffffffff
001004100a800600
00000000ffffffff
021004100c800600
00000000ffffffff
021000100c800200
00000000ffffffff
001000100a800000
00000000ffffffff
001002100a800200
00000000ffffffff
021000100c800000
00000000ffffffff
001002100a800200
00000000ffffffff
021002100c800200
00000000ffffffff
021000100c800000
00000000ffffffff
0010001008e01890
00000000ffffffff
0010008008e01900
00000000ffffffff
0090008009601900
00000000ffffffff
0090008009601900
00000000ffffffff
0090001009601890
00000000ffffffff
0010001008e01890
00000000ffffffff
0010001008a01750
00000000ffffffff
0010008008a017c0
00000000ffffffff
00a00080093017c0
00000000ffffffff
00a00080093017c0
00000000ffffffff
00a0001009301750
00000000ffffffff
0010001008a01750
00000000ffffffff
0010001008901830
00000000ffffffff
00100080089018a0
00000000ffffffff
00900080091018a0
00000000ffffffff
00900080091018a0
00000000ffffffff
0090001009101830
00000000ffffffff
0010001008901830
00000000ffffffff
001000100a805b80
00000000ffffffff
001001100a805c80
00000000ffffffff
011001100b805c80
00000000ffffffff
011001100b805c80
00000000ffffffff
011000100b805b80
00000000ffffffff
001000100a805b80
00000000ffffffff
0010001009804480
00000000ffffffff
0010011009804580
00000000ffffffff
011001100a804580
00000000ffffffff
011001100a804580
00000000ffffffff
011000100a804480
00000000ffffffff
0010001009804480
00000000ffffffff
0010001005004b80
00000000ffffffff
0010011005004c80
00000000ffffffff
0110011006004c80
00000000ffffffff
0110011006004c80
00000000ffffffff
0110001006004b80
00000000ffffffff
0010001005004b80
00000000ffffffff
0010001009b00330
00000000ffffffff
0010010009b00240
00000000ffffffff
01e001000b800240
00000000ffffffff
01e001000b800240
00000000ffffffff
01e000100b800330
00000000ffffffff
0010001009b00330
00000000ffffffff
0010001000800080
00000000ffffffff
00100070008000e0
00000000ffffffff
00900070010000e0
00000000ffffffff
00900070010000e0
00000000ffffffff
0090001001000080
00000000ffffffff
0010001000800080
00000000ffffffff
00100010008000e0
00000000ffffffff
0010007000800140
00000000ffffffff
0090007001000140
00000000ffffffff
0090007001000140
00000000ffffffff
00900010010000e0
00000000ffffffff
00100010008000e0
00000000ffffffff
0010001000b00140
00000000ffffffff
0010007000b001a0
00000000ffffffff
0030007000d001a0
00000000ffffffff
0030007000d001a0
00000000ffffffff
0030001000d00140
00000000ffffffff
0010001000b00140
00000000ffffffff
00100010008001a0
00000000ffffffff
0010007000800200
00000000ffffffff
0090007001000200
00000000ffffffff
0090007001000200
00000000ffffffff
00900010010001a0
00000000ffffffff
00100010008001a0
00000000ffffffff
0010001000800200
00000000ffffffff
0010007000800260
00000000ffffffff
0090007001000260
00000000ffffffff
0090007001000260
00000000ffffffff
0090001001000200
00000000ffffffff
0010001000800200
00000000ffffffff
0010001000800260
00000000ffffffff
00100070008002c0
00000000ffffffff
00900070010002c0
00000000ffffffff
00900070010002c0
00000000ffffffff
0090001001000260
00000000ffffffff
0010001000800260
00000000ffffffff
00100010008002c0
00000000ffffffff
0010007000800320
00000000ffffffff
0090007001000320
00000000ffffffff
0090007001000320
00000000ffffffff
00900010010002c0
00000000ffffffff
00100010008002c0
00000000ffffffff
0010001000800320
00000000ffffffff
0010007000800380
00000000ffffffff
0090007001000380
00000000ffffffff
0090007001000380
00000000ffffffff
0090001001000320
00000000ffffffff
0010001000800320
00000000ffffffff
00100010008003e0
00000000ffffffff
0010007000800440
00000000ffffffff
0090007001000440
00000000ffffffff
0090007001000440
00000000ffffffff
00900010010003e0
00000000ffffffff
00100010008003e0
00000000ffffffff
0010001000800440
00000000ffffffff
00100070008004a0
00000000ffffffff
00900070010004a0
00000000ffffffff
00900070010004a0
00000000ffffffff
0090001001000440
00000000ffffffff
0010001000800440
00000000ffffffff
00100010008004a0
00000000ffffffff
0010007000800500
00000000ffffffff
0090007001000500
00000000ffffffff
0090007001000500
00000000ffffffff
00900010010004a0
00000000ffffffff
00100010008004a0
00000000ffffffff
0010001000800500
00000000ffffffff
0010007000800560
00000000ffffffff
0090007001000560
00000000ffffffff
0090007001000560
00000000ffffffff
0090001001000500
00000000ffffffff
0010001000800500
00000000ffffffff
0010001000800560
00000000ffffffff
00100070008005c0
00000000ffffffff
00900070010005c0
00000000ffffffff
00900070010005c0
00000000ffffffff
0090001001000560
00000000ffffffff
0010001000800560
00000000ffffffff
00100010008005c0
00000000ffffffff
0010007000800620
00000000ffffffff
0090007001000620
00000000ffffffff
0090007001000620
00000000ffffffff
00900010010005c0
00000000ffffffff
00100010008005c0
00000000ffffffff
0010001001200080
00000000ffffffff
00100070012000e0
00000000ffffffff
0090007001a000e0
00000000ffffffff
0090007001a000e0
00000000ffffffff
0090001001a00080
00000000ffffffff
0010001001200080
00000000ffffffff
00100010012000e0
00000000ffffffff
0010007001200140
00000000ffffffff
0090007001a00140
00000000ffffffff
0090007001a00140
00000000ffffffff
0090001001a000e0
00000000ffffffff
00100010012000e0
00000000ffffffff
0010001001200140
00000000ffffffff
00100070012001a0
00000000ffffffff
0090007001a001a0
00000000ffffffff
0090007001a001a0
00000000ffffffff
0090001001a00140
00000000ffffffff
0010001001200140
00000000ffffffff
00100010012001a0
00000000ffffffff
0010007001200200
00000000ffffffff
0090007001a00200
00000000ffffffff
0090007001a00200
00000000ffffffff
0090001001a001a0
00000000ffffffff
00100010012001a0
00000000ffffffff
0010001001200200
00000000ffffffff
0010007001200260
00000000ffffffff
0090007001a00260
00000000ffffffff
0090007001a00260
00000000ffffffff
0090001001a00200
00000000ffffffff
0010001001200200
00000000ffffffff
0010001001400440
00000000ffffffff
00100070014004a0
00000000ffffffff
0070007001a004a0
00000000ffffffff
0070007001a004a0
00000000ffffffff
0070001001a00440
00000000ffffffff
0010001001400440
00000000ffffffff
00100010012004a0
00000000ffffffff
0010007001200500
00000000ffffffff
0090007001a00500
00000000ffffffff
0090007001a00500
00000000ffffffff
0090001001a004a0
00000000ffffffff
00100010012004a0
00000000ffffffff
0010001000800be0
00000000ffffffff
0010008000800c50
00000000ffffffff
0090008001000c50
00000000ffffffff
0090008001000c50
00000000ffffffff
0090001001000be0
00000000ffffffff
0010001000800be0
00000000ffffffff
0010001000800c40
00000000ffffffff
0010007000800ca0
00000000ffffffff
0090007001000ca0
00000000ffffffff
0090007001000ca0
00000000ffffffff
0090001001000c40
00000000ffffffff
0010001000800c40
00000000ffffffff
0010001000b00ca0
00000000ffffffff
0010007000b00d00
00000000ffffffff
0030007000d00d00
00000000ffffffff
0030007000d00d00
00000000ffffffff
0030001000d00ca0
00000000ffffffff
0010001000b00ca0
00000000ffffffff
0010001000800d00
00000000ffffffff
0010007000800d60
00000000ffffffff
0090007001000d60
00000000ffffffff
0090007001000d60
00000000ffffffff
0090001001000d00
00000000ffffffff
0010001000800d00
00000000ffffffff
0010001000800d60
00000000ffffffff
0010007000800dc0
00000000ffffffff
0090007001000dc0
00000000ffffffff
0090007001000dc0
00000000ffffffff
0090001001000d60
00000000ffffffff
0010001000800d60
00000000ffffffff
0010001000800dc0
00000000ffffffff
0010007000800e20
00000000ffffffff
0090007001000e20
00000000ffffffff
0090007001000e20
00000000ffffffff
0090001001000dc0
00000000ffffffff
0010001000800dc0
00000000ffffffff
0010001000800e20
00000000ffffffff
0010007000800e80
00000000ffffffff
0090007001000e80
00000000ffffffff
0090007001000e80
00000000ffffffff
0090001001000e20
00000000ffffffff
0010001000800e20
00000000ffffffff
0010001000800e80
00000000ffffffff
0010007000800ee0
00000000ffffffff
0090007001000ee0
00000000ffffffff
0090007001000ee0
00000000ffffffff
0090001001000e80
00000000ffffffff
0010001000800e80
00000000ffffffff
0010001000800f40
00000000ffffffff
0010007000800fa0
00000000ffffffff
0090007001000fa0
00000000ffffffff
0090007001000fa0
00000000ffffffff
0090001001000f40
00000000ffffffff
0010001000800f40
00000000ffffffff
0010001000800fa0
00000000ffffffff
0010007000801000
00000000ffffffff
0090007001001000
00000000ffffffff
0090007001001000
00000000ffffffff
0090001001000fa0
00000000ffffffff
0010001000800fa0
00000000ffffffff
0010001000801000
00000000ffffffff
0010007000801060
00000000ffffffff
0090007001001060
00000000ffffffff
0090007001001060
00000000ffffffff
0090001001001000
00000000ffffffff
0010001000801000
00000000ffffffff
0010001000801060
00000000ffffffff
00100070008010c0
00000000ffffffff
00900070010010c0
00000000ffffffff
00900070010010c0
00000000ffffffff
0090001001001060
00000000ffffffff
0010001000801060
00000000ffffffff
00100010008010c0
00000000ffffffff
0010007000801120
00000000ffffffff
0090007001001120
00000000ffffffff
0090007001001120
00000000ffffffff
00900010010010c0
00000000ffffffff
00100010008010c0
00000000ffffffff
0010001000801120
00000000ffffffff
0010007000801180
00000000ffffffff
0090007001001180
00000000ffffffff
0090007001001180
00000000ffffffff
0090001001001120
00000000ffffffff
0010001000801120
00000000ffffffff
0010001001200ee0
00000000ffffffff
0010007001200f40
00000000ffffffff
0090007001a00f40
00000000ffffffff
0090007001a00f40
00000000ffffffff
0090001001a00ee0
00000000ffffffff
0010001001200ee0
00000000ffffffff
0010001001200f40
00000000ffffffff
0010007001200fa0
00000000ffffffff
0090007001a00fa0
00000000ffffffff
0090007001a00fa0
00000000ffffffff
0090001001a00f40
00000000ffffffff
0010001001200f40
00000000ffffffff
0010001001200fa0
00000000ffffffff
0010007001201000
00000000ffffffff
0090007001a01000
00000000ffffffff
0090007001a01000
00000000ffffffff
0090001001a00fa0
00000000ffffffff
0010001001200fa0
00000000ffffffff
0010001001201000
00000000ffffffff
0010007001201060
00000000ffffffff
0090007001a01060
00000000ffffffff
0090007001a01060
00000000ffffffff
0090001001a01000
00000000ffffffff
0010001001201000
00000000ffffffff
0010001001301080
00000000ffffffff
00100030013010a0
00000000ffffffff
00700030019010a0
00000000ffffffff
00700030019010a0
00000000ffffffff
0070001001901080
00000000ffffffff
0010001001301080
00000000ffffffff
00100010012010c0
00000000ffffffff
0010007001201120
00000000ffffffff
0090007001a01120
00000000ffffffff
0090007001a01120
00000000ffffffff
0090001001a010c0
00000000ffffffff
00100010012010c0
00000000ffffffff
0010001001201120
00000000ffffffff
0010007001201180
00000000ffffffff
0090007001a01180
00000000ffffffff
0090007001a01180
00000000ffffffff
0090001001a01120
00000000ffffffff
0010001001201120
00000000ffffffff
0010001001200290
00000000ffffffff
0010019001200410
00000000ffffffff
00a0019001b00410
00000000ffffffff
00a0019001b00410
00000000ffffffff
00a0001001b00290
00000000ffffffff
0010001001200290
00000000ffffffff
0010001000400700
00000000ffffffff
0010042000400b10
00000000ffffffff
01a0042001d00b10
00000000ffffffff
01a0042001d00b10
00000000ffffffff
01a0001001d00700
00000000ffffffff
0010001000400700
00000000ffffffff
0010001000d00750
00000000ffffffff
0010015000d00890
00000000ffffffff
0060015001200890
00000000ffffffff
0060015001200890
00000000ffffffff
0060001001200750
00000000ffffffff
0010001000d00750
00000000ffffffff
0010001000400700
00000000ffffffff
0010043000400710
00000000ffffffff
01b0043000500710
00000000ffffffff
01b0043000500710
00000000ffffffff
01b0001000500700
00000000ffffffff
0010001000400700
00000000ffffffff
0010001002400780
00000000ffffffff
00100070024007e0
00000000ffffffff
0090007002c007e0
00000000ffffffff
0090007002c007e0
00000000ffffffff
0090001002c00780
00000000ffffffff
0010001002400780
00000000ffffffff
00100010024007e0
00000000ffffffff
0010007002400840
00000000ffffffff
0090007002c00840
00000000ffffffff
0090007002c00840
00000000ffffffff
0090001002c007e0
00000000ffffffff
00100010024007e0
00000000ffffffff
0010001002400840
00000000ffffffff
00100070024008a0
00000000ffffffff
0090007002c008a0
00000000ffffffff
0090007002c008a0
00000000ffffffff
0090001002c00840
00000000ffffffff
0010001002400840
00000000ffffffff
00100010024008a0
00000000ffffffff
0010007002400900
00000000ffffffff
0090007002c00900
00000000ffffffff
0090007002c00900
00000000ffffffff
0090001002c008a0
00000000ffffffff
00100010024008a0
00000000ffffffff
0010001002400900
00000000ffffffff
0010007002400960
00000000ffffffff
0090007002c00960
00000000ffffffff
0090007002c00960
00000000ffffffff
0090001002c00900
00000000ffffffff
0010001002400900
00000000ffffffff
0010001002400960
00000000ffffffff
00100070024009c0
00000000ffffffff
0090007002c009c0
00000000ffffffff
0090007002c009c0
00000000ffffffff
0090001002c00960
00000000ffffffff
0010001002400960
00000000ffffffff
00100010024009c0
00000000ffffffff
0010007002400a20
00000000ffffffff
0090007002c00a20
00000000ffffffff
0090007002c00a20
00000000ffffffff
0090001002c009c0
00000000ffffffff
00100010024009c0
00000000ffffffff
0010001002400a20
00000000ffffffff
0010007002400a80
00000000ffffffff
0090007002c00a80
00000000ffffffff
0090007002c00a80
00000000ffffffff
0090001002c00a20
00000000ffffffff
0010001002400a20
00000000ffffffff
0010001002e00810
00000000ffffffff
0010007002e00870
00000000ffffffff
0090007003600870
00000000ffffffff
0090007003600870
00000000ffffffff
0090001003600810
00000000ffffffff
0010001002e00810
00000000ffffffff
0010001002e00870
00000000ffffffff
0010007002e008d0
00000000ffffffff
00900070036008d0
00000000ffffffff
00900070036008d0
00000000ffffffff
0090001003600870
00000000ffffffff
0010001002e00870
00000000ffffffff
0010001002f008f0
00000000ffffffff
0010003002f00910
00000000ffffffff
0070003003500910
00000000ffffffff
0070003003500910
00000000ffffffff
00700010035008f0
00000000ffffffff
0010001002f008f0
00000000ffffffff
0010001002e00930
00000000ffffffff
0010007002e00990
00000000ffffffff
0090007003600990
00000000ffffffff
0090007003600990
00000000ffffffff
0090001003600930
00000000ffffffff
0010001002e00930
00000000ffffffff
0010001002e00990
00000000ffffffff
0010007002e009f0
00000000ffffffff
00900070036009f0
00000000ffffffff
00900070036009f0
00000000ffffffff
0090001003600990
00000000ffffffff
0010001002e00990
00000000ffffffff
0d8000000d800000
00000000ffffffff
0d8012000d801200
00000000ffffffff
0000120000001200
00000000ffffffff
0000120000001200
00000000ffffffff
0000000000000000
00000000ffffffff
0d8000000d800000
00000000ffffffff
