0000
2801
5002
7803
a004
c805
f006
1807
4008
6809
900a
b80b
e00c
080d
300e
580f
8010
a811
d012
f813
2014
4815
7016
9817
c018
e819
101a
381b
601c
881d
b01e
d81f
0000
2801
5002
7803
a004
c805
f006
1807
4008
6809
900a
b80b
e00c
080d
300e
580f
8010
a811
d012
f813
2014
4815
7016
9817
c018
e819
101a
381b
601c
881d
b01e
d81f
0000
2801
5002
7803
a004
c805
f006
1807
4008
6809
900a
b80b
e00c
080d
300e
580f
8010
a811
d012
f813
2014
4815
7016
9817
c018
e819
101a
381b
601c
881d
b01e
d81f
0000
2801
5002
7803
a004
c805
f006
1807
4008
6809
900a
b80b
e00c
080d
300e
580f
8010
a811
d012
f813
2014
4815
7016
9817
c018
e819
101a
381b
601c
881d
b01e
d81f
0000
2801
5002
7803
a004
c805
f006
1807
4008
6809
900a
b80b
e00c
080d
300e
580f
8010
a811
d012
f813
2014
4815
7016
9817
c018
e819
101a
381b
601c
881d
b01e
d81f
0000
2801
5002
7803
a004
c805
f006
1807
4008
6809
900a
b80b
e00c
080d
300e
580f
8010
a811
d012
f813
2014
4815
7016
9817
c018
e819
101a
381b
601c
881d
b01e
d81f
0000
2801
5002
7803
a004
c805
f006
1807
4008
6809
900a
b80b
e00c
080d
300e
580f
8010
a811
d012
f813
2014
4815
7016
9817
c018
e819
101a
381b
601c
881d
b01e
d81f
0000
2801
5002
7803
a004
c805
f006
1807
4008
6809
900a
b80b
e00c
080d
300e
580f
8010
a811
d012
f813
2014
4815
7016
9817
c018
e819
101a
381b
601c
881d
b01e
d81f
0000
2801
5002
7803
a004
c805
f006
1807
4008
6809
900a
b80b
e00c
080d
300e
580f
8010
a811
d012
f813
2014
4815
7016
9817
c018
e819
101a
381b
601c
881d
b01e
d81f
0061
2862
5063
7864
a065
c866
f067
1868
4069
686a
906b
b86c
e06d
086e
306f
5870
8071
a872
d073
f874
2075
4876
7077
9878
c079
e87a
107b
387c
607d
887e
b07f
d860
0061
2862
5063
7864
a065
c866
f067
1868
4069
686a
906b
b86c
e06d
086e
306f
5870
8071
a872
d073
f874
2075
4876
7077
9878
c079
e87a
107b
387c
607d
887e
b07f
d860
0061
2862
5063
7864
a065
c866
f067
1868
4069
686a
906b
b86c
e06d
086e
306f
5870
8071
a872
d073
f874
2075
4876
7077
9878
c079
e87a
107b
387c
607d
887e
b07f
d860
0061
2862
5063
7864
a065
c866
f067
1868
4069
686a
906b
b86c
e06d
086e
306f
5870
8071
a872
d073
f874
2075
4876
7077
9878
c079
e87a
107b
387c
607d
887e
b07f
d860
0061
2862
5063
7864
a065
c866
f067
1868
4069
686a
906b
b86c
e06d
086e
306f
5870
8071
a872
d073
f874
2075
4876
7077
9878
c079
e87a
107b
387c
607d
887e
b07f
d860
0061
2862
5063
7864
a065
c866
f067
1868
4069
686a
906b
b86c
e06d
086e
306f
5870
8071
a872
d073
f874
2075
4876
7077
9878
c079
e87a
107b
387c
607d
887e
b07f
d860
0061
2862
5063
7864
a065
c866
f067
1868
4069
686a
906b
b86c
e06d
086e
306f
5870
8071
a872
d073
f874
2075
4876
7077
9878
c079
e87a
107b
387c
607d
887e
b07f
d860
0061
2862
5063
7864
a065
c866
f067
1868
4069
686a
906b
b86c
e06d
086e
306f
5870
8071
a872
d073
f874
2075
4876
7077
9878
c079
e87a
107b
387c
607d
887e
b07f
d860
0061
2862
5063
7864
a065
c866
f067
1868
4069
686a
906b
b86c
e06d
086e
306f
5870
8071
a872
d073
f874
2075
4876
7077
9878
c079
e87a
107b
387c
607d
887e
b07f
d860
00c2
28c3
50c4
78c5
a0c6
c8c7
f0c8
18c9
40ca
68cb
90cc
b8cd
e0ce
08cf
30d0
58d1
80d2
a8d3
d0d4
f8d5
20d6
48d7
70d8
98d9
c0da
e8db
10dc
38dd
60de
88df
b0c0
d8c1
00c2
28c3
50c4
78c5
a0c6
c8c7
f0c8
18c9
40ca
68cb
90cc
b8cd
e0ce
08cf
30d0
58d1
80d2
a8d3
d0d4
f8d5
20d6
48d7
70d8
98d9
c0da
e8db
10dc
38dd
60de
88df
b0c0
d8c1
00c2
28c3
50c4
78c5
a0c6
c8c7
f0c8
18c9
40ca
68cb
90cc
b8cd
e0ce
08cf
30d0
58d1
80d2
a8d3
d0d4
f8d5
20d6
48d7
70d8
98d9
c0da
e8db
10dc
38dd
60de
88df
b0c0
d8c1
00c2
28c3
50c4
78c5
a0c6
c8c7
f0c8
18c9
40ca
68cb
90cc
b8cd
e0ce
08cf
30d0
58d1
80d2
a8d3
d0d4
f8d5
20d6
48d7
70d8
98d9
c0da
e8db
10dc
38dd
60de
88df
b0c0
d8c1
00c2
28c3
50c4
78c5
a0c6
c8c7
f0c8
18c9
40ca
68cb
90cc
b8cd
e0ce
08cf
30d0
58d1
80d2
a8d3
d0d4
f8d5
20d6
48d7
70d8
98d9
c0da
e8db
10dc
38dd
60de
88df
b0c0
d8c1
00c2
28c3
50c4
78c5
a0c6
c8c7
f0c8
18c9
40ca
68cb
90cc
b8cd
e0ce
08cf
30d0
58d1
80d2
a8d3
d0d4
f8d5
20d6
48d7
70d8
98d9
c0da
e8db
10dc
38dd
60de
88df
b0c0
d8c1
00c2
28c3
50c4
78c5
a0c6
c8c7
f0c8
18c9
40ca
68cb
90cc
b8cd
e0ce
08cf
30d0
58d1
80d2
a8d3
d0d4
f8d5
20d6
48d7
70d8
98d9
c0da
e8db
10dc
38dd
60de
88df
b0c0
d8c1
00c2
28c3
50c4
78c5
a0c6
c8c7
f0c8
18c9
40ca
68cb
90cc
b8cd
e0ce
08cf
30d0
58d1
80d2
a8d3
d0d4
f8d5
20d6
48d7
70d8
98d9
c0da
e8db
10dc
38dd
60de
88df
b0c0
d8c1
00c2
28c3
50c4
78c5
a0c6
c8c7
f0c8
18c9
40ca
68cb
90cc
b8cd
e0ce
08cf
30d0
58d1
80d2
a8d3
d0d4
f8d5
20d6
48d7
70d8
98d9
c0da
e8db
10dc
38dd
60de
88df
b0c0
d8c1
0123
2924
5125
7926
a127
c928
f129
192a
412b
692c
912d
b92e
e12f
0930
3131
5932
8133
a934
d135
f936
2137
4938
7139
993a
c13b
e93c
113d
393e
613f
8920
b121
d922
0123
2924
5125
7926
a127
c928
f129
192a
412b
692c
912d
b92e
e12f
0930
3131
5932
8133
a934
d135
f936
2137
4938
7139
993a
c13b
e93c
113d
393e
613f
8920
b121
d922
0123
2924
5125
7926
a127
c928
f129
192a
412b
692c
912d
b92e
e12f
0930
3131
5932
8133
a934
d135
f936
2137
4938
7139
993a
c13b
e93c
113d
393e
613f
8920
b121
d922
0123
2924
5125
7926
a127
c928
f129
192a
412b
692c
912d
b92e
e12f
0930
3131
5932
8133
a934
d135
f936
2137
4938
7139
993a
c13b
e93c
113d
393e
613f
8920
b121
d922
0123
2924
5125
7926
a127
c928
f129
192a
412b
692c
912d
b92e
e12f
0930
3131
5932
8133
a934
d135
f936
2137
4938
7139
993a
c13b
e93c
113d
393e
613f
8920
b121
d922
0123
2924
5125
7926
a127
c928
f129
192a
412b
692c
912d
b92e
e12f
0930
3131
5932
8133
a934
d135
f936
2137
4938
7139
993a
c13b
e93c
113d
393e
613f
8920
b121
d922
0123
2924
5125
7926
a127
c928
f129
192a
412b
692c
912d
b92e
e12f
0930
3131
5932
8133
a934
d135
f936
2137
4938
7139
993a
c13b
e93c
113d
393e
613f
8920
b121
d922
0123
2924
5125
7926
a127
c928
f129
192a
412b
692c
912d
b92e
e12f
0930
3131
5932
8133
a934
d135
f936
2137
4938
7139
993a
c13b
e93c
113d
393e
613f
8920
b121
d922
0123
2924
5125
7926
a127
c928
f129
192a
412b
692c
912d
b92e
e12f
0930
3131
5932
8133
a934
d135
f936
2137
4938
7139
993a
c13b
e93c
113d
393e
613f
8920
b121
d922
0184
2985
5186
7987
a188
c989
f18a
198b
418c
698d
918e
b98f
e190
0991
3192
5993
8194
a995
d196
f997
2198
4999
719a
999b
c19c
e99d
119e
399f
6180
8981
b182
d983
0184
2985
5186
7987
a188
c989
f18a
198b
418c
698d
918e
b98f
e190
0991
3192
5993
8194
a995
d196
f997
2198
4999
719a
999b
c19c
e99d
119e
399f
6180
8981
b182
d983
0184
2985
5186
7987
a188
c989
f18a
198b
418c
698d
918e
b98f
e190
0991
3192
5993
8194
a995
d196
f997
2198
4999
719a
999b
c19c
e99d
119e
399f
6180
8981
b182
d983
0184
2985
5186
7987
a188
c989
f18a
198b
418c
698d
918e
b98f
e190
0991
3192
5993
8194
a995
d196
f997
2198
4999
719a
999b
c19c
e99d
119e
399f
6180
8981
b182
d983
0184
2985
5186
7987
a188
c989
f18a
198b
418c
698d
918e
b98f
e190
0991
3192
5993
8194
a995
d196
f997
2198
4999
719a
999b
c19c
e99d
119e
399f
6180
8981
b182
d983
0184
2985
5186
7987
a188
c989
f18a
198b
418c
698d
918e
b98f
e190
0991
3192
5993
8194
a995
d196
f997
2198
4999
719a
999b
c19c
e99d
119e
399f
6180
8981
b182
d983
0184
2985
5186
7987
a188
c989
f18a
198b
418c
698d
918e
b98f
e190
0991
3192
5993
8194
a995
d196
f997
2198
4999
719a
999b
c19c
e99d
119e
399f
6180
8981
b182
d983
0184
2985
5186
7987
a188
c989
f18a
198b
418c
698d
918e
b98f
e190
0991
3192
5993
8194
a995
d196
f997
2198
4999
719a
999b
c19c
e99d
119e
399f
6180
8981
b182
d983
0184
2985
5186
7987
a188
c989
f18a
198b
418c
698d
918e
b98f
e190
0991
3192
5993
8194
a995
d196
f997
2198
4999
719a
999b
c19c
e99d
119e
399f
6180
8981
b182
d983
01e5
29e6
51e7
79e8
a1e9
c9ea
f1eb
19ec
41ed
69ee
91ef
b9f0
e1f1
09f2
31f3
59f4
81f5
a9f6
d1f7
f9f8
21f9
49fa
71fb
99fc
c1fd
e9fe
11ff
39e0
61e1
89e2
b1e3
d9e4
01e5
29e6
51e7
79e8
a1e9
c9ea
f1eb
19ec
41ed
69ee
91ef
b9f0
e1f1
09f2
31f3
59f4
81f5
a9f6
d1f7
f9f8
21f9
49fa
71fb
99fc
c1fd
e9fe
11ff
39e0
61e1
89e2
b1e3
d9e4
01e5
29e6
51e7
79e8
a1e9
c9ea
f1eb
19ec
41ed
69ee
91ef
b9f0
e1f1
09f2
31f3
59f4
81f5
a9f6
d1f7
f9f8
21f9
49fa
71fb
99fc
c1fd
e9fe
11ff
39e0
61e1
89e2
b1e3
d9e4
01e5
29e6
51e7
79e8
a1e9
c9ea
f1eb
19ec
41ed
69ee
91ef
b9f0
e1f1
09f2
31f3
59f4
81f5
a9f6
d1f7
f9f8
21f9
49fa
71fb
99fc
c1fd
e9fe
11ff
39e0
61e1
89e2
b1e3
d9e4
01e5
29e6
51e7
79e8
a1e9
c9ea
f1eb
19ec
41ed
69ee
91ef
b9f0
e1f1
09f2
31f3
59f4
81f5
a9f6
d1f7
f9f8
21f9
49fa
71fb
99fc
c1fd
e9fe
11ff
39e0
61e1
89e2
b1e3
d9e4
01e5
29e6
51e7
79e8
a1e9
c9ea
f1eb
19ec
41ed
69ee
91ef
b9f0
e1f1
09f2
31f3
59f4
81f5
a9f6
d1f7
f9f8
21f9
49fa
71fb
99fc
c1fd
e9fe
11ff
39e0
61e1
89e2
b1e3
d9e4
01e5
29e6
51e7
79e8
a1e9
c9ea
f1eb
19ec
41ed
69ee
91ef
b9f0
e1f1
09f2
31f3
59f4
81f5
a9f6
d1f7
f9f8
21f9
49fa
71fb
99fc
c1fd
e9fe
11ff
39e0
61e1
89e2
b1e3
d9e4
01e5
29e6
51e7
79e8
a1e9
c9ea
f1eb
19ec
41ed
69ee
91ef
b9f0
e1f1
09f2
31f3
59f4
81f5
a9f6
d1f7
f9f8
21f9
49fa
71fb
99fc
c1fd
e9fe
11ff
39e0
61e1
89e2
b1e3
d9e4
01e5
29e6
51e7
79e8
a1e9
c9ea
f1eb
19ec
41ed
69ee
91ef
b9f0
e1f1
09f2
31f3
59f4
81f5
a9f6
d1f7
f9f8
21f9
49fa
71fb
99fc
c1fd
e9fe
11ff
39e0
61e1
89e2
b1e3
d9e4
0246
2a47
5248
7a49
a24a
ca4b
f24c
1a4d
424e
6a4f
9250
ba51
e252
0a53
3254
5a55
8256
aa57
d258
fa59
225a
4a5b
725c
9a5d
c25e
ea5f
1240
3a41
6242
8a43
b244
da45
0246
2a47
5248
7a49
a24a
ca4b
f24c
1a4d
424e
6a4f
9250
ba51
e252
0a53
3254
5a55
8256
aa57
d258
fa59
225a
4a5b
725c
9a5d
c25e
ea5f
1240
3a41
6242
8a43
b244
da45
0246
2a47
5248
7a49
a24a
ca4b
f24c
1a4d
424e
6a4f
9250
ba51
e252
0a53
3254
5a55
8256
aa57
d258
fa59
225a
4a5b
725c
9a5d
c25e
ea5f
1240
3a41
6242
8a43
b244
da45
0246
2a47
5248
7a49
a24a
ca4b
f24c
1a4d
424e
6a4f
9250
ba51
e252
0a53
3254
5a55
8256
aa57
d258
fa59
225a
4a5b
725c
9a5d
c25e
ea5f
1240
3a41
6242
8a43
b244
da45
0246
2a47
5248
7a49
a24a
ca4b
f24c
1a4d
424e
6a4f
9250
ba51
e252
0a53
3254
5a55
8256
aa57
d258
fa59
225a
4a5b
725c
9a5d
c25e
ea5f
1240
3a41
6242
8a43
b244
da45
0246
2a47
5248
7a49
a24a
ca4b
f24c
1a4d
424e
6a4f
9250
ba51
e252
0a53
3254
5a55
8256
aa57
d258
fa59
225a
4a5b
725c
9a5d
c25e
ea5f
1240
3a41
6242
8a43
b244
da45
0246
2a47
5248
7a49
a24a
ca4b
f24c
1a4d
424e
6a4f
9250
ba51
e252
0a53
3254
5a55
8256
aa57
d258
fa59
225a
4a5b
725c
9a5d
c25e
ea5f
1240
3a41
6242
8a43
b244
da45
0246
2a47
5248
7a49
a24a
ca4b
f24c
1a4d
424e
6a4f
9250
ba51
e252
0a53
3254
5a55
8256
aa57
d258
fa59
225a
4a5b
725c
9a5d
c25e
ea5f
1240
3a41
6242
8a43
b244
da45
0246
2a47
5248
7a49
a24a
ca4b
f24c
1a4d
424e
6a4f
9250
ba51
e252
0a53
3254
5a55
8256
aa57
d258
fa59
225a
4a5b
725c
9a5d
c25e
ea5f
1240
3a41
6242
8a43
b244
da45
02a7
2aa8
52a9
7aaa
a2ab
caac
f2ad
1aae
42af
6ab0
92b1
bab2
e2b3
0ab4
32b5
5ab6
82b7
aab8
d2b9
faba
22bb
4abc
72bd
9abe
c2bf
eaa0
12a1
3aa2
62a3
8aa4
b2a5
daa6
02a7
2aa8
52a9
7aaa
a2ab
caac
f2ad
1aae
42af
6ab0
92b1
bab2
e2b3
0ab4
32b5
5ab6
82b7
aab8
d2b9
faba
22bb
4abc
72bd
9abe
c2bf
eaa0
12a1
3aa2
62a3
8aa4
b2a5
daa6
02a7
2aa8
52a9
7aaa
a2ab
caac
f2ad
1aae
42af
6ab0
92b1
bab2
e2b3
0ab4
32b5
5ab6
82b7
aab8
d2b9
faba
22bb
4abc
72bd
9abe
c2bf
eaa0
12a1
3aa2
62a3
8aa4
b2a5
daa6
02a7
2aa8
52a9
7aaa
a2ab
caac
f2ad
1aae
42af
6ab0
92b1
bab2
e2b3
0ab4
32b5
5ab6
82b7
aab8
d2b9
faba
22bb
4abc
72bd
9abe
c2bf
eaa0
12a1
3aa2
62a3
8aa4
b2a5
daa6
02a7
2aa8
52a9
7aaa
a2ab
caac
f2ad
1aae
42af
6ab0
92b1
bab2
e2b3
0ab4
32b5
5ab6
82b7
aab8
d2b9
faba
22bb
4abc
72bd
9abe
c2bf
eaa0
12a1
3aa2
62a3
8aa4
b2a5
daa6
02a7
2aa8
52a9
7aaa
a2ab
caac
f2ad
1aae
42af
6ab0
92b1
bab2
e2b3
0ab4
32b5
5ab6
82b7
aab8
d2b9
faba
22bb
4abc
72bd
9abe
c2bf
eaa0
12a1
3aa2
62a3
8aa4
b2a5
daa6
02a7
2aa8
52a9
7aaa
a2ab
caac
f2ad
1aae
42af
6ab0
92b1
bab2
e2b3
0ab4
32b5
5ab6
82b7
aab8
d2b9
faba
22bb
4abc
72bd
9abe
c2bf
eaa0
12a1
3aa2
62a3
8aa4
b2a5
daa6
02a7
2aa8
52a9
7aaa
a2ab
caac
f2ad
1aae
42af
6ab0
92b1
bab2
e2b3
0ab4
32b5
5ab6
82b7
aab8
d2b9
faba
22bb
4abc
72bd
9abe
c2bf
eaa0
12a1
3aa2
62a3
8aa4
b2a5
daa6
02a7
2aa8
52a9
7aaa
a2ab
caac
f2ad
1aae
42af
6ab0
92b1
bab2
e2b3
0ab4
32b5
5ab6
82b7
aab8
d2b9
faba
22bb
4abc
72bd
9abe
c2bf
eaa0
12a1
3aa2
62a3
8aa4
b2a5
daa6
0308
2b09
530a
7b0b
a30c
cb0d
f30e
1b0f
4310
6b11
9312
bb13
e314
0b15
3316
5b17
8318
ab19
d31a
fb1b
231c
4b1d
731e
9b1f
c300
eb01
1302
3b03
6304
8b05
b306
db07
0308
2b09
530a
7b0b
a30c
cb0d
f30e
1b0f
4310
6b11
9312
bb13
e314
0b15
3316
5b17
8318
ab19
d31a
fb1b
231c
4b1d
731e
9b1f
c300
eb01
1302
3b03
6304
8b05
b306
db07
0308
2b09
530a
7b0b
a30c
cb0d
f30e
1b0f
4310
6b11
9312
bb13
e314
0b15
3316
5b17
8318
ab19
d31a
fb1b
231c
4b1d
731e
9b1f
c300
eb01
1302
3b03
6304
8b05
b306
db07
0308
2b09
530a
7b0b
a30c
cb0d
f30e
1b0f
4310
6b11
9312
bb13
e314
0b15
3316
5b17
8318
ab19
d31a
fb1b
231c
4b1d
731e
9b1f
c300
eb01
1302
3b03
6304
8b05
b306
db07
0308
2b09
530a
7b0b
a30c
cb0d
f30e
1b0f
4310
6b11
9312
bb13
e314
0b15
3316
5b17
8318
ab19
d31a
fb1b
231c
4b1d
731e
9b1f
c300
eb01
1302
3b03
6304
8b05
b306
db07
0308
2b09
530a
7b0b
a30c
cb0d
f30e
1b0f
4310
6b11
9312
bb13
e314
0b15
3316
5b17
8318
ab19
d31a
fb1b
231c
4b1d
731e
9b1f
c300
eb01
1302
3b03
6304
8b05
b306
db07
0308
2b09
530a
7b0b
a30c
cb0d
f30e
1b0f
4310
6b11
9312
bb13
e314
0b15
3316
5b17
8318
ab19
d31a
fb1b
231c
4b1d
731e
9b1f
c300
eb01
1302
3b03
6304
8b05
b306
db07
0308
2b09
530a
7b0b
a30c
cb0d
f30e
1b0f
4310
6b11
9312
bb13
e314
0b15
3316
5b17
8318
ab19
d31a
fb1b
231c
4b1d
731e
9b1f
c300
eb01
1302
3b03
6304
8b05
b306
db07
0308
2b09
530a
7b0b
a30c
cb0d
f30e
1b0f
4310
6b11
9312
bb13
e314
0b15
3316
5b17
8318
ab19
d31a
fb1b
231c
4b1d
731e
9b1f
c300
eb01
1302
3b03
6304
8b05
b306
db07
0369
2b6a
536b
7b6c
a36d
cb6e
f36f
1b70
4371
6b72
9373
bb74
e375
0b76
3377
5b78
8379
ab7a
d37b
fb7c
237d
4b7e
737f
9b60
c361
eb62
1363
3b64
6365
8b66
b367
db68
0369
2b6a
536b
7b6c
a36d
cb6e
f36f
1b70
4371
6b72
9373
bb74
e375
0b76
3377
5b78
8379
ab7a
d37b
fb7c
237d
4b7e
737f
9b60
c361
eb62
1363
3b64
6365
8b66
b367
db68
0369
2b6a
536b
7b6c
a36d
cb6e
f36f
1b70
4371
6b72
9373
bb74
e375
0b76
3377
5b78
8379
ab7a
d37b
fb7c
237d
4b7e
737f
9b60
c361
eb62
1363
3b64
6365
8b66
b367
db68
0369
2b6a
536b
7b6c
a36d
cb6e
f36f
1b70
4371
6b72
9373
bb74
e375
0b76
3377
5b78
8379
ab7a
d37b
fb7c
237d
4b7e
737f
9b60
c361
eb62
1363
3b64
6365
8b66
b367
db68
0369
2b6a
536b
7b6c
a36d
cb6e
f36f
1b70
4371
6b72
9373
bb74
e375
0b76
3377
5b78
8379
ab7a
d37b
fb7c
237d
4b7e
737f
9b60
c361
eb62
1363
3b64
6365
8b66
b367
db68
0369
2b6a
536b
7b6c
a36d
cb6e
f36f
1b70
4371
6b72
9373
bb74
e375
0b76
3377
5b78
8379
ab7a
d37b
fb7c
237d
4b7e
737f
9b60
c361
eb62
1363
3b64
6365
8b66
b367
db68
0369
2b6a
536b
7b6c
a36d
cb6e
f36f
1b70
4371
6b72
9373
bb74
e375
0b76
3377
5b78
8379
ab7a
d37b
fb7c
237d
4b7e
737f
9b60
c361
eb62
1363
3b64
6365
8b66
b367
db68
0369
2b6a
536b
7b6c
a36d
cb6e
f36f
1b70
4371
6b72
9373
bb74
e375
0b76
3377
5b78
8379
ab7a
d37b
fb7c
237d
4b7e
737f
9b60
c361
eb62
1363
3b64
6365
8b66
b367
db68
0369
2b6a
536b
7b6c
a36d
cb6e
f36f
1b70
4371
6b72
9373
bb74
e375
0b76
3377
5b78
8379
ab7a
d37b
fb7c
237d
4b7e
737f
9b60
c361
eb62
1363
3b64
6365
8b66
b367
db68
03ca
2bcb
53cc
7bcd
a3ce
cbcf
f3d0
1bd1
43d2
6bd3
93d4
bbd5
e3d6
0bd7
33d8
5bd9
83da
abdb
d3dc
fbdd
23de
4bdf
73c0
9bc1
c3c2
ebc3
13c4
3bc5
63c6
8bc7
b3c8
dbc9
03ca
2bcb
53cc
7bcd
a3ce
cbcf
f3d0
1bd1
43d2
6bd3
93d4
bbd5
e3d6
0bd7
33d8
5bd9
83da
abdb
d3dc
fbdd
23de
4bdf
73c0
9bc1
c3c2
ebc3
13c4
3bc5
63c6
8bc7
b3c8
dbc9
03ca
2bcb
53cc
7bcd
a3ce
cbcf
f3d0
1bd1
43d2
6bd3
93d4
bbd5
e3d6
0bd7
33d8
5bd9
83da
abdb
d3dc
fbdd
23de
4bdf
73c0
9bc1
c3c2
ebc3
13c4
3bc5
63c6
8bc7
b3c8
dbc9
03ca
2bcb
53cc
7bcd
a3ce
cbcf
f3d0
1bd1
43d2
6bd3
93d4
bbd5
e3d6
0bd7
33d8
5bd9
83da
abdb
d3dc
fbdd
23de
4bdf
73c0
9bc1
c3c2
ebc3
13c4
3bc5
63c6
8bc7
b3c8
dbc9
03ca
2bcb
53cc
7bcd
a3ce
cbcf
f3d0
1bd1
43d2
6bd3
93d4
bbd5
e3d6
0bd7
33d8
5bd9
83da
abdb
d3dc
fbdd
23de
4bdf
73c0
9bc1
c3c2
ebc3
13c4
3bc5
63c6
8bc7
b3c8
dbc9
03ca
2bcb
53cc
7bcd
a3ce
cbcf
f3d0
1bd1
43d2
6bd3
93d4
bbd5
e3d6
0bd7
33d8
5bd9
83da
abdb
d3dc
fbdd
23de
4bdf
73c0
9bc1
c3c2
ebc3
13c4
3bc5
63c6
8bc7
b3c8
dbc9
03ca
2bcb
53cc
7bcd
a3ce
cbcf
f3d0
1bd1
43d2
6bd3
93d4
bbd5
e3d6
0bd7
33d8
5bd9
83da
abdb
d3dc
fbdd
23de
4bdf
73c0
9bc1
c3c2
ebc3
13c4
3bc5
63c6
8bc7
b3c8
dbc9
03ca
2bcb
53cc
7bcd
a3ce
cbcf
f3d0
1bd1
43d2
6bd3
93d4
bbd5
e3d6
0bd7
33d8
5bd9
83da
abdb
d3dc
fbdd
23de
4bdf
73c0
9bc1
c3c2
ebc3
13c4
3bc5
63c6
8bc7
b3c8
dbc9
03ca
2bcb
53cc
7bcd
a3ce
cbcf
f3d0
1bd1
43d2
6bd3
93d4
bbd5
e3d6
0bd7
33d8
5bd9
83da
abdb
d3dc
fbdd
23de
4bdf
73c0
9bc1
c3c2
ebc3
13c4
3bc5
63c6
8bc7
b3c8
dbc9
042b
2c2c
542d
7c2e
a42f
cc30
f431
1c32
4433
6c34
9435
bc36
e437
0c38
3439
5c3a
843b
ac3c
d43d
fc3e
243f
4c20
7421
9c22
c423
ec24
1425
3c26
6427
8c28
b429
dc2a
042b
2c2c
542d
7c2e
a42f
cc30
f431
1c32
4433
6c34
9435
bc36
e437
0c38
3439
5c3a
843b
ac3c
d43d
fc3e
243f
4c20
7421
9c22
c423
ec24
1425
3c26
6427
8c28
b429
dc2a
042b
2c2c
542d
7c2e
a42f
cc30
f431
1c32
4433
6c34
9435
bc36
e437
0c38
3439
5c3a
843b
ac3c
d43d
fc3e
243f
4c20
7421
9c22
c423
ec24
1425
3c26
6427
8c28
b429
dc2a
042b
2c2c
542d
7c2e
a42f
cc30
f431
1c32
4433
6c34
9435
bc36
e437
0c38
3439
5c3a
843b
ac3c
d43d
fc3e
243f
4c20
7421
9c22
c423
ec24
1425
3c26
6427
8c28
b429
dc2a
042b
2c2c
542d
7c2e
a42f
cc30
f431
1c32
4433
6c34
9435
bc36
e437
0c38
3439
5c3a
843b
ac3c
d43d
fc3e
243f
4c20
7421
9c22
c423
ec24
1425
3c26
6427
8c28
b429
dc2a
042b
2c2c
542d
7c2e
a42f
cc30
f431
1c32
4433
6c34
9435
bc36
e437
0c38
3439
5c3a
843b
ac3c
d43d
fc3e
243f
4c20
7421
9c22
c423
ec24
1425
3c26
6427
8c28
b429
dc2a
042b
2c2c
542d
7c2e
a42f
cc30
f431
1c32
4433
6c34
9435
bc36
e437
0c38
3439
5c3a
843b
ac3c
d43d
fc3e
243f
4c20
7421
9c22
c423
ec24
1425
3c26
6427
8c28
b429
dc2a
042b
2c2c
542d
7c2e
a42f
cc30
f431
1c32
4433
6c34
9435
bc36
e437
0c38
3439
5c3a
843b
ac3c
d43d
fc3e
243f
4c20
7421
9c22
c423
ec24
1425
3c26
6427
8c28
b429
dc2a
042b
2c2c
542d
7c2e
a42f
cc30
f431
1c32
4433
6c34
9435
bc36
e437
0c38
3439
5c3a
843b
ac3c
d43d
fc3e
243f
4c20
7421
9c22
c423
ec24
1425
3c26
6427
8c28
b429
dc2a
048c
2c8d
548e
7c8f
a490
cc91
f492
1c93
4494
6c95
9496
bc97
e498
0c99
349a
5c9b
849c
ac9d
d49e
fc9f
2480
4c81
7482
9c83
c484
ec85
1486
3c87
6488
8c89
b48a
dc8b
048c
2c8d
548e
7c8f
a490
cc91
f492
1c93
4494
6c95
9496
bc97
e498
0c99
349a
5c9b
849c
ac9d
d49e
fc9f
2480
4c81
7482
9c83
c484
ec85
1486
3c87
6488
8c89
b48a
dc8b
048c
2c8d
548e
7c8f
a490
cc91
f492
1c93
4494
6c95
9496
bc97
e498
0c99
349a
5c9b
849c
ac9d
d49e
fc9f
2480
4c81
7482
9c83
c484
ec85
1486
3c87
6488
8c89
b48a
dc8b
048c
2c8d
548e
7c8f
a490
cc91
f492
1c93
4494
6c95
9496
bc97
e498
0c99
349a
5c9b
849c
ac9d
d49e
fc9f
2480
4c81
7482
9c83
c484
ec85
1486
3c87
6488
8c89
b48a
dc8b
048c
2c8d
548e
7c8f
a490
cc91
f492
1c93
4494
6c95
9496
bc97
e498
0c99
349a
5c9b
849c
ac9d
d49e
fc9f
2480
4c81
7482
9c83
c484
ec85
1486
3c87
6488
8c89
b48a
dc8b
048c
2c8d
548e
7c8f
a490
cc91
f492
1c93
4494
6c95
9496
bc97
e498
0c99
349a
5c9b
849c
ac9d
d49e
fc9f
2480
4c81
7482
9c83
c484
ec85
1486
3c87
6488
8c89
b48a
dc8b
048c
2c8d
548e
7c8f
a490
cc91
f492
1c93
4494
6c95
9496
bc97
e498
0c99
349a
5c9b
849c
ac9d
d49e
fc9f
2480
4c81
7482
9c83
c484
ec85
1486
3c87
6488
8c89
b48a
dc8b
048c
2c8d
548e
7c8f
a490
cc91
f492
1c93
4494
6c95
9496
bc97
e498
0c99
349a
5c9b
849c
ac9d
d49e
fc9f
2480
4c81
7482
9c83
c484
ec85
1486
3c87
6488
8c89
b48a
dc8b
048c
2c8d
548e
7c8f
a490
cc91
f492
1c93
4494
6c95
9496
bc97
e498
0c99
349a
5c9b
849c
ac9d
d49e
fc9f
2480
4c81
7482
9c83
c484
ec85
1486
3c87
6488
8c89
b48a
dc8b
04ed
2cee
54ef
7cf0
a4f1
ccf2
f4f3
1cf4
44f5
6cf6
94f7
bcf8
e4f9
0cfa
34fb
5cfc
84fd
acfe
d4ff
fce0
24e1
4ce2
74e3
9ce4
c4e5
ece6
14e7
3ce8
64e9
8cea
b4eb
dcec
04ed
2cee
54ef
7cf0
a4f1
ccf2
f4f3
1cf4
44f5
6cf6
94f7
bcf8
e4f9
0cfa
34fb
5cfc
84fd
acfe
d4ff
fce0
24e1
4ce2
74e3
9ce4
c4e5
ece6
14e7
3ce8
64e9
8cea
b4eb
dcec
04ed
2cee
54ef
7cf0
a4f1
ccf2
f4f3
1cf4
44f5
6cf6
94f7
bcf8
e4f9
0cfa
34fb
5cfc
84fd
acfe
d4ff
fce0
24e1
4ce2
74e3
9ce4
c4e5
ece6
14e7
3ce8
64e9
8cea
b4eb
dcec
04ed
2cee
54ef
7cf0
a4f1
ccf2
f4f3
1cf4
44f5
6cf6
94f7
bcf8
e4f9
0cfa
34fb
5cfc
84fd
acfe
d4ff
fce0
24e1
4ce2
74e3
9ce4
c4e5
ece6
14e7
3ce8
64e9
8cea
b4eb
dcec
04ed
2cee
54ef
7cf0
a4f1
ccf2
f4f3
1cf4
44f5
6cf6
94f7
bcf8
e4f9
0cfa
34fb
5cfc
84fd
acfe
d4ff
fce0
24e1
4ce2
74e3
9ce4
c4e5
ece6
14e7
3ce8
64e9
8cea
b4eb
dcec
04ed
2cee
54ef
7cf0
a4f1
ccf2
f4f3
1cf4
44f5
6cf6
94f7
bcf8
e4f9
0cfa
34fb
5cfc
84fd
acfe
d4ff
fce0
24e1
4ce2
74e3
9ce4
c4e5
ece6
14e7
3ce8
64e9
8cea
b4eb
dcec
04ed
2cee
54ef
7cf0
a4f1
ccf2
f4f3
1cf4
44f5
6cf6
94f7
bcf8
e4f9
0cfa
34fb
5cfc
84fd
acfe
d4ff
fce0
24e1
4ce2
74e3
9ce4
c4e5
ece6
14e7
3ce8
64e9
8cea
b4eb
dcec
04ed
2cee
54ef
7cf0
a4f1
ccf2
f4f3
1cf4
44f5
6cf6
94f7
bcf8
e4f9
0cfa
34fb
5cfc
84fd
acfe
d4ff
fce0
24e1
4ce2
74e3
9ce4
c4e5
ece6
14e7
3ce8
64e9
8cea
b4eb
dcec
04ed
2cee
54ef
7cf0
a4f1
ccf2
f4f3
1cf4
44f5
6cf6
94f7
bcf8
e4f9
0cfa
34fb
5cfc
84fd
acfe
d4ff
fce0
24e1
4ce2
74e3
9ce4
c4e5
ece6
14e7
3ce8
64e9
8cea
b4eb
dcec
054e
2d4f
5550
7d51
a552
cd53
f554
1d55
4556
6d57
9558
bd59
e55a
0d5b
355c
5d5d
855e
ad5f
d540
fd41
2542
4d43
7544
9d45
c546
ed47
1548
3d49
654a
8d4b
b54c
dd4d
054e
2d4f
5550
7d51
a552
cd53
f554
1d55
4556
6d57
9558
bd59
e55a
0d5b
355c
5d5d
855e
ad5f
d540
fd41
2542
4d43
7544
9d45
c546
ed47
1548
3d49
654a
8d4b
b54c
dd4d
054e
2d4f
5550
7d51
a552
cd53
f554
1d55
4556
6d57
9558
bd59
e55a
0d5b
355c
5d5d
855e
ad5f
d540
fd41
2542
4d43
7544
9d45
c546
ed47
1548
3d49
654a
8d4b
b54c
dd4d
054e
2d4f
5550
7d51
a552
cd53
f554
1d55
4556
6d57
9558
bd59
e55a
0d5b
355c
5d5d
855e
ad5f
d540
fd41
2542
4d43
7544
9d45
c546
ed47
1548
3d49
654a
8d4b
b54c
dd4d
054e
2d4f
5550
7d51
a552
cd53
f554
1d55
4556
6d57
9558
bd59
e55a
0d5b
355c
5d5d
855e
ad5f
d540
fd41
2542
4d43
7544
9d45
c546
ed47
1548
3d49
654a
8d4b
b54c
dd4d
054e
2d4f
5550
7d51
a552
cd53
f554
1d55
4556
6d57
9558
bd59
e55a
0d5b
355c
5d5d
855e
ad5f
d540
fd41
2542
4d43
7544
9d45
c546
ed47
1548
3d49
654a
8d4b
b54c
dd4d
054e
2d4f
5550
7d51
a552
cd53
f554
1d55
4556
6d57
9558
bd59
e55a
0d5b
355c
5d5d
855e
ad5f
d540
fd41
2542
4d43
7544
9d45
c546
ed47
1548
3d49
654a
8d4b
b54c
dd4d
054e
2d4f
5550
7d51
a552
cd53
f554
1d55
4556
6d57
9558
bd59
e55a
0d5b
355c
5d5d
855e
ad5f
d540
fd41
2542
4d43
7544
9d45
c546
ed47
1548
3d49
654a
8d4b
b54c
dd4d
054e
2d4f
5550
7d51
a552
cd53
f554
1d55
4556
6d57
9558
bd59
e55a
0d5b
355c
5d5d
855e
ad5f
d540
fd41
2542
4d43
7544
9d45
c546
ed47
1548
3d49
654a
8d4b
b54c
dd4d
05af
2db0
55b1
7db2
a5b3
cdb4
f5b5
1db6
45b7
6db8
95b9
bdba
e5bb
0dbc
35bd
5dbe
85bf
ada0
d5a1
fda2
25a3
4da4
75a5
9da6
c5a7
eda8
15a9
3daa
65ab
8dac
b5ad
ddae
05af
2db0
55b1
7db2
a5b3
cdb4
f5b5
1db6
45b7
6db8
95b9
bdba
e5bb
0dbc
35bd
5dbe
85bf
ada0
d5a1
fda2
25a3
4da4
75a5
9da6
c5a7
eda8
15a9
3daa
65ab
8dac
b5ad
ddae
05af
2db0
55b1
7db2
a5b3
cdb4
f5b5
1db6
45b7
6db8
95b9
bdba
e5bb
0dbc
35bd
5dbe
85bf
ada0
d5a1
fda2
25a3
4da4
75a5
9da6
c5a7
eda8
15a9
3daa
65ab
8dac
b5ad
ddae
05af
2db0
55b1
7db2
a5b3
cdb4
f5b5
1db6
45b7
6db8
95b9
bdba
e5bb
0dbc
35bd
5dbe
85bf
ada0
d5a1
fda2
25a3
4da4
75a5
9da6
c5a7
eda8
15a9
3daa
65ab
8dac
b5ad
ddae
05af
2db0
55b1
7db2
a5b3
cdb4
f5b5
1db6
45b7
6db8
95b9
bdba
e5bb
0dbc
35bd
5dbe
85bf
ada0
d5a1
fda2
25a3
4da4
75a5
9da6
c5a7
eda8
15a9
3daa
65ab
8dac
b5ad
ddae
05af
2db0
55b1
7db2
a5b3
cdb4
f5b5
1db6
45b7
6db8
95b9
bdba
e5bb
0dbc
35bd
5dbe
85bf
ada0
d5a1
fda2
25a3
4da4
75a5
9da6
c5a7
eda8
15a9
3daa
65ab
8dac
b5ad
ddae
05af
2db0
55b1
7db2
a5b3
cdb4
f5b5
1db6
45b7
6db8
95b9
bdba
e5bb
0dbc
35bd
5dbe
85bf
ada0
d5a1
fda2
25a3
4da4
75a5
9da6
c5a7
eda8
15a9
3daa
65ab
8dac
b5ad
ddae
05af
2db0
55b1
7db2
a5b3
cdb4
f5b5
1db6
45b7
6db8
95b9
bdba
e5bb
0dbc
35bd
5dbe
85bf
ada0
d5a1
fda2
25a3
4da4
75a5
9da6
c5a7
eda8
15a9
3daa
65ab
8dac
b5ad
ddae
05af
2db0
55b1
7db2
a5b3
cdb4
f5b5
1db6
45b7
6db8
95b9
bdba
e5bb
0dbc
35bd
5dbe
85bf
ada0
d5a1
fda2
25a3
4da4
75a5
9da6
c5a7
eda8
15a9
3daa
65ab
8dac
b5ad
ddae
0610
2e11
5612
7e13
a614
ce15
f616
1e17
4618
6e19
961a
be1b
e61c
0e1d
361e
5e1f
8600
ae01
d602
fe03
2604
4e05
7606
9e07
c608
ee09
160a
3e0b
660c
8e0d
b60e
de0f
0610
2e11
5612
7e13
a614
ce15
f616
1e17
4618
6e19
961a
be1b
e61c
0e1d
361e
5e1f
8600
ae01
d602
fe03
2604
4e05
7606
9e07
c608
ee09
160a
3e0b
660c
8e0d
b60e
de0f
0610
2e11
5612
7e13
a614
ce15
f616
1e17
4618
6e19
961a
be1b
e61c
0e1d
361e
5e1f
8600
ae01
d602
fe03
2604
4e05
7606
9e07
c608
ee09
160a
3e0b
660c
8e0d
b60e
de0f
0610
2e11
5612
7e13
a614
ce15
f616
1e17
4618
6e19
961a
be1b
e61c
0e1d
361e
5e1f
8600
ae01
d602
fe03
2604
4e05
7606
9e07
c608
ee09
160a
3e0b
660c
8e0d
b60e
de0f
0610
2e11
5612
7e13
a614
ce15
f616
1e17
4618
6e19
961a
be1b
e61c
0e1d
361e
5e1f
8600
ae01
d602
fe03
2604
4e05
7606
9e07
c608
ee09
160a
3e0b
660c
8e0d
b60e
de0f
0610
2e11
5612
7e13
a614
ce15
f616
1e17
4618
6e19
961a
be1b
e61c
0e1d
361e
5e1f
8600
ae01
d602
fe03
2604
4e05
7606
9e07
c608
ee09
160a
3e0b
660c
8e0d
b60e
de0f
0610
2e11
5612
7e13
a614
ce15
f616
1e17
4618
6e19
961a
be1b
e61c
0e1d
361e
5e1f
8600
ae01
d602
fe03
2604
4e05
7606
9e07
c608
ee09
160a
3e0b
660c
8e0d
b60e
de0f
0610
2e11
5612
7e13
a614
ce15
f616
1e17
4618
6e19
961a
be1b
e61c
0e1d
361e
5e1f
8600
ae01
d602
fe03
2604
4e05
7606
9e07
c608
ee09
160a
3e0b
660c
8e0d
b60e
de0f
0610
2e11
5612
7e13
a614
ce15
f616
1e17
4618
6e19
961a
be1b
e61c
0e1d
361e
5e1f
8600
ae01
d602
fe03
2604
4e05
7606
9e07
c608
ee09
160a
3e0b
660c
8e0d
b60e
de0f
0671
2e72
5673
7e74
a675
ce76
f677
1e78
4679
6e7a
967b
be7c
e67d
0e7e
367f
5e60
8661
ae62
d663
fe64
2665
4e66
7667
9e68
c669
ee6a
166b
3e6c
666d
8e6e
b66f
de70
0671
2e72
5673
7e74
a675
ce76
f677
1e78
4679
6e7a
967b
be7c
e67d
0e7e
367f
5e60
8661
ae62
d663
fe64
2665
4e66
7667
9e68
c669
ee6a
166b
3e6c
666d
8e6e
b66f
de70
0671
2e72
5673
7e74
a675
ce76
f677
1e78
4679
6e7a
967b
be7c
e67d
0e7e
367f
5e60
8661
ae62
d663
fe64
2665
4e66
7667
9e68
c669
ee6a
166b
3e6c
666d
8e6e
b66f
de70
0671
2e72
5673
7e74
a675
ce76
f677
1e78
4679
6e7a
967b
be7c
e67d
0e7e
367f
5e60
8661
ae62
d663
fe64
2665
4e66
7667
9e68
c669
ee6a
166b
3e6c
666d
8e6e
b66f
de70
0671
2e72
5673
7e74
a675
ce76
f677
1e78
4679
6e7a
967b
be7c
e67d
0e7e
367f
5e60
8661
ae62
d663
fe64
2665
4e66
7667
9e68
c669
ee6a
166b
3e6c
666d
8e6e
b66f
de70
0671
2e72
5673
7e74
a675
ce76
f677
1e78
4679
6e7a
967b
be7c
e67d
0e7e
367f
5e60
8661
ae62
d663
fe64
2665
4e66
7667
9e68
c669
ee6a
166b
3e6c
666d
8e6e
b66f
de70
0671
2e72
5673
7e74
a675
ce76
f677
1e78
4679
6e7a
967b
be7c
e67d
0e7e
367f
5e60
8661
ae62
d663
fe64
2665
4e66
7667
9e68
c669
ee6a
166b
3e6c
666d
8e6e
b66f
de70
0671
2e72
5673
7e74
a675
ce76
f677
1e78
4679
6e7a
967b
be7c
e67d
0e7e
367f
5e60
8661
ae62
d663
fe64
2665
4e66
7667
9e68
c669
ee6a
166b
3e6c
666d
8e6e
b66f
de70
0671
2e72
5673
7e74
a675
ce76
f677
1e78
4679
6e7a
967b
be7c
e67d
0e7e
367f
5e60
8661
ae62
d663
fe64
2665
4e66
7667
9e68
c669
ee6a
166b
3e6c
666d
8e6e
b66f
de70
06d2
2ed3
56d4
7ed5
a6d6
ced7
f6d8
1ed9
46da
6edb
96dc
bedd
e6de
0edf
36c0
5ec1
86c2
aec3
d6c4
fec5
26c6
4ec7
76c8
9ec9
c6ca
eecb
16cc
3ecd
66ce
8ecf
b6d0
ded1
06d2
2ed3
56d4
7ed5
a6d6
ced7
f6d8
1ed9
46da
6edb
96dc
bedd
e6de
0edf
36c0
5ec1
86c2
aec3
d6c4
fec5
26c6
4ec7
76c8
9ec9
c6ca
eecb
16cc
3ecd
66ce
8ecf
b6d0
ded1
06d2
2ed3
56d4
7ed5
a6d6
ced7
f6d8
1ed9
46da
6edb
96dc
bedd
e6de
0edf
36c0
5ec1
86c2
aec3
d6c4
fec5
26c6
4ec7
76c8
9ec9
c6ca
eecb
16cc
3ecd
66ce
8ecf
b6d0
ded1
06d2
2ed3
56d4
7ed5
a6d6
ced7
f6d8
1ed9
46da
6edb
96dc
bedd
e6de
0edf
36c0
5ec1
86c2
aec3
d6c4
fec5
26c6
4ec7
76c8
9ec9
c6ca
eecb
16cc
3ecd
66ce
8ecf
b6d0
ded1
06d2
2ed3
56d4
7ed5
a6d6
ced7
f6d8
1ed9
46da
6edb
96dc
bedd
e6de
0edf
36c0
5ec1
86c2
aec3
d6c4
fec5
26c6
4ec7
76c8
9ec9
c6ca
eecb
16cc
3ecd
66ce
8ecf
b6d0
ded1
06d2
2ed3
56d4
7ed5
a6d6
ced7
f6d8
1ed9
46da
6edb
96dc
bedd
e6de
0edf
36c0
5ec1
86c2
aec3
d6c4
fec5
26c6
4ec7
76c8
9ec9
c6ca
eecb
16cc
3ecd
66ce
8ecf
b6d0
ded1
06d2
2ed3
56d4
7ed5
a6d6
ced7
f6d8
1ed9
46da
6edb
96dc
bedd
e6de
0edf
36c0
5ec1
86c2
aec3
d6c4
fec5
26c6
4ec7
76c8
9ec9
c6ca
eecb
16cc
3ecd
66ce
8ecf
b6d0
ded1
06d2
2ed3
56d4
7ed5
a6d6
ced7
f6d8
1ed9
46da
6edb
96dc
bedd
e6de
0edf
36c0
5ec1
86c2
aec3
d6c4
fec5
26c6
4ec7
76c8
9ec9
c6ca
eecb
16cc
3ecd
66ce
8ecf
b6d0
ded1
06d2
2ed3
56d4
7ed5
a6d6
ced7
f6d8
1ed9
46da
6edb
96dc
bedd
e6de
0edf
36c0
5ec1
86c2
aec3
d6c4
fec5
26c6
4ec7
76c8
9ec9
c6ca
eecb
16cc
3ecd
66ce
8ecf
b6d0
ded1
0733
2f34
5735
7f36
a737
cf38
f739
1f3a
473b
6f3c
973d
bf3e
e73f
0f20
3721
5f22
8723
af24
d725
ff26
2727
4f28
7729
9f2a
c72b
ef2c
172d
3f2e
672f
8f30
b731
df32
0733
2f34
5735
7f36
a737
cf38
f739
1f3a
473b
6f3c
973d
bf3e
e73f
0f20
3721
5f22
8723
af24
d725
ff26
2727
4f28
7729
9f2a
c72b
ef2c
172d
3f2e
672f
8f30
b731
df32
0733
2f34
5735
7f36
a737
cf38
f739
1f3a
473b
6f3c
973d
bf3e
e73f
0f20
3721
5f22
8723
af24
d725
ff26
2727
4f28
7729
9f2a
c72b
ef2c
172d
3f2e
672f
8f30
b731
df32
0733
2f34
5735
7f36
a737
cf38
f739
1f3a
473b
6f3c
973d
bf3e
e73f
0f20
3721
5f22
8723
af24
d725
ff26
2727
4f28
7729
9f2a
c72b
ef2c
172d
3f2e
672f
8f30
b731
df32
0733
2f34
5735
7f36
a737
cf38
f739
1f3a
473b
6f3c
973d
bf3e
e73f
0f20
3721
5f22
8723
af24
d725
ff26
2727
4f28
7729
9f2a
c72b
ef2c
172d
3f2e
672f
8f30
b731
df32
0733
2f34
5735
7f36
a737
cf38
f739
1f3a
473b
6f3c
973d
bf3e
e73f
0f20
3721
5f22
8723
af24
d725
ff26
2727
4f28
7729
9f2a
c72b
ef2c
172d
3f2e
672f
8f30
b731
df32
0733
2f34
5735
7f36
a737
cf38
f739
1f3a
473b
6f3c
973d
bf3e
e73f
0f20
3721
5f22
8723
af24
d725
ff26
2727
4f28
7729
9f2a
c72b
ef2c
172d
3f2e
672f
8f30
b731
df32
0733
2f34
5735
7f36
a737
cf38
f739
1f3a
473b
6f3c
973d
bf3e
e73f
0f20
3721
5f22
8723
af24
d725
ff26
2727
4f28
7729
9f2a
c72b
ef2c
172d
3f2e
672f
8f30
b731
df32
0733
2f34
5735
7f36
a737
cf38
f739
1f3a
473b
6f3c
973d
bf3e
e73f
0f20
3721
5f22
8723
af24
d725
ff26
2727
4f28
7729
9f2a
c72b
ef2c
172d
3f2e
672f
8f30
b731
df32
0794
2f95
5796
7f97
a798
cf99
f79a
1f9b
479c
6f9d
979e
bf9f
e780
0f81
3782
5f83
8784
af85
d786
ff87
2788
4f89
778a
9f8b
c78c
ef8d
178e
3f8f
6790
8f91
b792
df93
0794
2f95
5796
7f97
a798
cf99
f79a
1f9b
479c
6f9d
979e
bf9f
e780
0f81
3782
5f83
8784
af85
d786
ff87
2788
4f89
778a
9f8b
c78c
ef8d
178e
3f8f
6790
8f91
b792
df93
0794
2f95
5796
7f97
a798
cf99
f79a
1f9b
479c
6f9d
979e
bf9f
e780
0f81
3782
5f83
8784
af85
d786
ff87
2788
4f89
778a
9f8b
c78c
ef8d
178e
3f8f
6790
8f91
b792
df93
0794
2f95
5796
7f97
a798
cf99
f79a
1f9b
479c
6f9d
979e
bf9f
e780
0f81
3782
5f83
8784
af85
d786
ff87
2788
4f89
778a
9f8b
c78c
ef8d
178e
3f8f
6790
8f91
b792
df93
0794
2f95
5796
7f97
a798
cf99
f79a
1f9b
479c
6f9d
979e
bf9f
e780
0f81
3782
5f83
8784
af85
d786
ff87
2788
4f89
778a
9f8b
c78c
ef8d
178e
3f8f
6790
8f91
b792
df93
0794
2f95
5796
7f97
a798
cf99
f79a
1f9b
479c
6f9d
979e
bf9f
e780
0f81
3782
5f83
8784
af85
d786
ff87
2788
4f89
778a
9f8b
c78c
ef8d
178e
3f8f
6790
8f91
b792
df93
0794
2f95
5796
7f97
a798
cf99
f79a
1f9b
479c
6f9d
979e
bf9f
e780
0f81
3782
5f83
8784
af85
d786
ff87
2788
4f89
778a
9f8b
c78c
ef8d
178e
3f8f
6790
8f91
b792
df93
0794
2f95
5796
7f97
a798
cf99
f79a
1f9b
479c
6f9d
979e
bf9f
e780
0f81
3782
5f83
8784
af85
d786
ff87
2788
4f89
778a
9f8b
c78c
ef8d
178e
3f8f
6790
8f91
b792
df93
0794
2f95
5796
7f97
a798
cf99
f79a
1f9b
479c
6f9d
979e
bf9f
e780
0f81
3782
5f83
8784
af85
d786
ff87
2788
4f89
778a
9f8b
c78c
ef8d
178e
3f8f
6790
8f91
b792
df93
07f5
2ff6
57f7
7ff8
a7f9
cffa
f7fb
1ffc
47fd
6ffe
97ff
bfe0
e7e1
0fe2
37e3
5fe4
87e5
afe6
d7e7
ffe8
27e9
4fea
77eb
9fec
c7ed
efee
17ef
3ff0
67f1
8ff2
b7f3
dff4
07f5
2ff6
57f7
7ff8
a7f9
cffa
f7fb
1ffc
47fd
6ffe
97ff
bfe0
e7e1
0fe2
37e3
5fe4
87e5
afe6
d7e7
ffe8
27e9
4fea
77eb
9fec
c7ed
efee
17ef
3ff0
67f1
8ff2
b7f3
dff4
07f5
2ff6
57f7
7ff8
a7f9
cffa
f7fb
1ffc
47fd
6ffe
97ff
bfe0
e7e1
0fe2
37e3
5fe4
87e5
afe6
d7e7
ffe8
27e9
4fea
77eb
9fec
c7ed
efee
17ef
3ff0
67f1
8ff2
b7f3
dff4
07f5
2ff6
57f7
7ff8
a7f9
cffa
f7fb
1ffc
47fd
6ffe
97ff
bfe0
e7e1
0fe2
37e3
5fe4
87e5
afe6
d7e7
ffe8
27e9
4fea
77eb
9fec
c7ed
efee
17ef
3ff0
67f1
8ff2
b7f3
dff4
07f5
2ff6
57f7
7ff8
a7f9
cffa
f7fb
1ffc
47fd
6ffe
97ff
bfe0
e7e1
0fe2
37e3
5fe4
87e5
afe6
d7e7
ffe8
27e9
4fea
77eb
9fec
c7ed
efee
17ef
3ff0
67f1
8ff2
b7f3
dff4
07f5
2ff6
57f7
7ff8
a7f9
cffa
f7fb
1ffc
47fd
6ffe
97ff
bfe0
e7e1
0fe2
37e3
5fe4
87e5
afe6
d7e7
ffe8
27e9
4fea
77eb
9fec
c7ed
efee
17ef
3ff0
67f1
8ff2
b7f3
dff4
07f5
2ff6
57f7
7ff8
a7f9
cffa
f7fb
1ffc
47fd
6ffe
97ff
bfe0
e7e1
0fe2
37e3
5fe4
87e5
afe6
d7e7
ffe8
27e9
4fea
77eb
9fec
c7ed
efee
17ef
3ff0
67f1
8ff2
b7f3
dff4
07f5
2ff6
57f7
7ff8
a7f9
cffa
f7fb
1ffc
47fd
6ffe
97ff
bfe0
e7e1
0fe2
37e3
5fe4
87e5
afe6
d7e7
ffe8
27e9
4fea
77eb
9fec
c7ed
efee
17ef
3ff0
67f1
8ff2
b7f3
dff4
07f5
2ff6
57f7
7ff8
a7f9
cffa
f7fb
1ffc
47fd
6ffe
97ff
bfe0
e7e1
0fe2
37e3
5fe4
87e5
afe6
d7e7
ffe8
27e9
4fea
77eb
9fec
c7ed
efee
17ef
3ff0
67f1
8ff2
b7f3
dff4
0056
2857
5058
7859
a05a
c85b
f05c
185d
405e
685f
9040
b841
e042
0843
3044
5845
8046
a847
d048
f849
204a
484b
704c
984d
c04e
e84f
1050
3851
6052
8853
b054
d855
0056
2857
5058
7859
a05a
c85b
f05c
185d
405e
685f
9040
b841
e042
0843
3044
5845
8046
a847
d048
f849
204a
484b
704c
984d
c04e
e84f
1050
3851
6052
8853
b054
d855
0056
2857
5058
7859
a05a
c85b
f05c
185d
405e
685f
9040
b841
e042
0843
3044
5845
8046
a847
d048
f849
204a
484b
704c
984d
c04e
e84f
1050
3851
6052
8853
b054
d855
0056
2857
5058
7859
a05a
c85b
f05c
185d
405e
685f
9040
b841
e042
0843
3044
5845
8046
a847
d048
f849
204a
484b
704c
984d
c04e
e84f
1050
3851
6052
8853
b054
d855
0056
2857
5058
7859
a05a
c85b
f05c
185d
405e
685f
9040
b841
e042
0843
3044
5845
8046
a847
d048
f849
204a
484b
704c
984d
c04e
e84f
1050
3851
6052
8853
b054
d855
0056
2857
5058
7859
a05a
c85b
f05c
185d
405e
685f
9040
b841
e042
0843
3044
5845
8046
a847
d048
f849
204a
484b
704c
984d
c04e
e84f
1050
3851
6052
8853
b054
d855
0056
2857
5058
7859
a05a
c85b
f05c
185d
405e
685f
9040
b841
e042
0843
3044
5845
8046
a847
d048
f849
204a
484b
704c
984d
c04e
e84f
1050
3851
6052
8853
b054
d855
0056
2857
5058
7859
a05a
c85b
f05c
185d
405e
685f
9040
b841
e042
0843
3044
5845
8046
a847
d048
f849
204a
484b
704c
984d
c04e
e84f
1050
3851
6052
8853
b054
d855
0056
2857
5058
7859
a05a
c85b
f05c
185d
405e
685f
9040
b841
e042
0843
3044
5845
8046
a847
d048
f849
204a
484b
704c
984d
c04e
e84f
1050
3851
6052
8853
b054
d855
00b7
28b8
50b9
78ba
a0bb
c8bc
f0bd
18be
40bf
68a0
90a1
b8a2
e0a3
08a4
30a5
58a6
80a7
a8a8
d0a9
f8aa
20ab
48ac
70ad
98ae
c0af
e8b0
10b1
38b2
60b3
88b4
b0b5
d8b6
00b7
28b8
50b9
78ba
a0bb
c8bc
f0bd
18be
40bf
68a0
90a1
b8a2
e0a3
08a4
30a5
58a6
80a7
a8a8
d0a9
f8aa
20ab
48ac
70ad
98ae
c0af
e8b0
10b1
38b2
60b3
88b4
b0b5
d8b6
00b7
28b8
50b9
78ba
a0bb
c8bc
f0bd
18be
40bf
68a0
90a1
b8a2
e0a3
08a4
30a5
58a6
80a7
a8a8
d0a9
f8aa
20ab
48ac
70ad
98ae
c0af
e8b0
10b1
38b2
60b3
88b4
b0b5
d8b6
00b7
28b8
50b9
78ba
a0bb
c8bc
f0bd
18be
40bf
68a0
90a1
b8a2
e0a3
08a4
30a5
58a6
80a7
a8a8
d0a9
f8aa
20ab
48ac
70ad
98ae
c0af
e8b0
10b1
38b2
60b3
88b4
b0b5
d8b6
00b7
28b8
50b9
78ba
a0bb
c8bc
f0bd
18be
40bf
68a0
90a1
b8a2
e0a3
08a4
30a5
58a6
80a7
a8a8
d0a9
f8aa
20ab
48ac
70ad
98ae
c0af
e8b0
10b1
38b2
60b3
88b4
b0b5
d8b6
00b7
28b8
50b9
78ba
a0bb
c8bc
f0bd
18be
40bf
68a0
90a1
b8a2
e0a3
08a4
30a5
58a6
80a7
a8a8
d0a9
f8aa
20ab
48ac
70ad
98ae
c0af
e8b0
10b1
38b2
60b3
88b4
b0b5
d8b6
00b7
28b8
50b9
78ba
a0bb
c8bc
f0bd
18be
40bf
68a0
90a1
b8a2
e0a3
08a4
30a5
58a6
80a7
a8a8
d0a9
f8aa
20ab
48ac
70ad
98ae
c0af
e8b0
10b1
38b2
60b3
88b4
b0b5
d8b6
00b7
28b8
50b9
78ba
a0bb
c8bc
f0bd
18be
40bf
68a0
90a1
b8a2
e0a3
08a4
30a5
58a6
80a7
a8a8
d0a9
f8aa
20ab
48ac
70ad
98ae
c0af
e8b0
10b1
38b2
60b3
88b4
b0b5
d8b6
00b7
28b8
50b9
78ba
a0bb
c8bc
f0bd
18be
40bf
68a0
90a1
b8a2
e0a3
08a4
30a5
58a6
80a7
a8a8
d0a9
f8aa
20ab
48ac
70ad
98ae
c0af
e8b0
10b1
38b2
60b3
88b4
b0b5
d8b6
0118
2919
511a
791b
a11c
c91d
f11e
191f
4100
6901
9102
b903
e104
0905
3106
5907
8108
a909
d10a
f90b
210c
490d
710e
990f
c110
e911
1112
3913
6114
8915
b116
d917
0118
2919
511a
791b
a11c
c91d
f11e
191f
4100
6901
9102
b903
e104
0905
3106
5907
8108
a909
d10a
f90b
210c
490d
710e
990f
c110
e911
1112
3913
6114
8915
b116
d917
0118
2919
511a
791b
a11c
c91d
f11e
191f
4100
6901
9102
b903
e104
0905
3106
5907
8108
a909
d10a
f90b
210c
490d
710e
990f
c110
e911
1112
3913
6114
8915
b116
d917
0118
2919
511a
791b
a11c
c91d
f11e
191f
4100
6901
9102
b903
e104
0905
3106
5907
8108
a909
d10a
f90b
210c
490d
710e
990f
c110
e911
1112
3913
6114
8915
b116
d917
0118
2919
511a
791b
a11c
c91d
f11e
191f
4100
6901
9102
b903
e104
0905
3106
5907
8108
a909
d10a
f90b
210c
490d
710e
990f
c110
e911
1112
3913
6114
8915
b116
d917
0118
2919
511a
791b
a11c
c91d
f11e
191f
4100
6901
9102
b903
e104
0905
3106
5907
8108
a909
d10a
f90b
210c
490d
710e
990f
c110
e911
1112
3913
6114
8915
b116
d917
0118
2919
511a
791b
a11c
c91d
f11e
191f
4100
6901
9102
b903
e104
0905
3106
5907
8108
a909
d10a
f90b
210c
490d
710e
990f
c110
e911
1112
3913
6114
8915
b116
d917
0118
2919
511a
791b
a11c
c91d
f11e
191f
4100
6901
9102
b903
e104
0905
3106
5907
8108
a909
d10a
f90b
210c
490d
710e
990f
c110
e911
1112
3913
6114
8915
b116
d917
0118
2919
511a
791b
a11c
c91d
f11e
191f
4100
6901
9102
b903
e104
0905
3106
5907
8108
a909
d10a
f90b
210c
490d
710e
990f
c110
e911
1112
3913
6114
8915
b116
d917
0179
297a
517b
797c
a17d
c97e
f17f
1960
4161
6962
9163
b964
e165
0966
3167
5968
8169
a96a
d16b
f96c
216d
496e
716f
9970
c171
e972
1173
3974
6175
8976
b177
d978
0179
297a
517b
797c
a17d
c97e
f17f
1960
4161
6962
9163
b964
e165
0966
3167
5968
8169
a96a
d16b
f96c
216d
496e
716f
9970
c171
e972
1173
3974
6175
8976
b177
d978
0179
297a
517b
797c
a17d
c97e
f17f
1960
4161
6962
9163
b964
e165
0966
3167
5968
8169
a96a
d16b
f96c
216d
496e
716f
9970
c171
e972
1173
3974
6175
8976
b177
d978
0179
297a
517b
797c
a17d
c97e
f17f
1960
4161
6962
9163
b964
e165
0966
3167
5968
8169
a96a
d16b
f96c
216d
496e
716f
9970
c171
e972
1173
3974
6175
8976
b177
d978
0179
297a
517b
797c
a17d
c97e
f17f
1960
4161
6962
9163
b964
e165
0966
3167
5968
8169
a96a
d16b
f96c
216d
496e
716f
9970
c171
e972
1173
3974
6175
8976
b177
d978
0179
297a
517b
797c
a17d
c97e
f17f
1960
4161
6962
9163
b964
e165
0966
3167
5968
8169
a96a
d16b
f96c
216d
496e
716f
9970
c171
e972
1173
3974
6175
8976
b177
d978
0179
297a
517b
797c
a17d
c97e
f17f
1960
4161
6962
9163
b964
e165
0966
3167
5968
8169
a96a
d16b
f96c
216d
496e
716f
9970
c171
e972
1173
3974
6175
8976
b177
d978
0179
297a
517b
797c
a17d
c97e
f17f
1960
4161
6962
9163
b964
e165
0966
3167
5968
8169
a96a
d16b
f96c
216d
496e
716f
9970
c171
e972
1173
3974
6175
8976
b177
d978
0179
297a
517b
797c
a17d
c97e
f17f
1960
4161
6962
9163
b964
e165
0966
3167
5968
8169
a96a
d16b
f96c
216d
496e
716f
9970
c171
e972
1173
3974
6175
8976
b177
d978
01da
29db
51dc
79dd
a1de
c9df
f1c0
19c1
41c2
69c3
91c4
b9c5
e1c6
09c7
31c8
59c9
81ca
a9cb
d1cc
f9cd
21ce
49cf
71d0
99d1
c1d2
e9d3
11d4
39d5
61d6
89d7
b1d8
d9d9
01da
29db
51dc
79dd
a1de
c9df
f1c0
19c1
41c2
69c3
91c4
b9c5
e1c6
09c7
31c8
59c9
81ca
a9cb
d1cc
f9cd
21ce
49cf
71d0
99d1
c1d2
e9d3
11d4
39d5
61d6
89d7
b1d8
d9d9
01da
29db
51dc
79dd
a1de
c9df
f1c0
19c1
41c2
69c3
91c4
b9c5
e1c6
09c7
31c8
59c9
81ca
a9cb
d1cc
f9cd
21ce
49cf
71d0
99d1
c1d2
e9d3
11d4
39d5
61d6
89d7
b1d8
d9d9
01da
29db
51dc
79dd
a1de
c9df
f1c0
19c1
41c2
69c3
91c4
b9c5
e1c6
09c7
31c8
59c9
81ca
a9cb
d1cc
f9cd
21ce
49cf
71d0
99d1
c1d2
e9d3
11d4
39d5
61d6
89d7
b1d8
d9d9
01da
29db
51dc
79dd
a1de
c9df
f1c0
19c1
41c2
69c3
91c4
b9c5
e1c6
09c7
31c8
59c9
81ca
a9cb
d1cc
f9cd
21ce
49cf
71d0
99d1
c1d2
e9d3
11d4
39d5
61d6
89d7
b1d8
d9d9
01da
29db
51dc
79dd
a1de
c9df
f1c0
19c1
41c2
69c3
91c4
b9c5
e1c6
09c7
31c8
59c9
81ca
a9cb
d1cc
f9cd
21ce
49cf
71d0
99d1
c1d2
e9d3
11d4
39d5
61d6
89d7
b1d8
d9d9
01da
29db
51dc
79dd
a1de
c9df
f1c0
19c1
41c2
69c3
91c4
b9c5
e1c6
09c7
31c8
59c9
81ca
a9cb
d1cc
f9cd
21ce
49cf
71d0
99d1
c1d2
e9d3
11d4
39d5
61d6
89d7
b1d8
d9d9
01da
29db
51dc
79dd
a1de
c9df
f1c0
19c1
41c2
69c3
91c4
b9c5
e1c6
09c7
31c8
59c9
81ca
a9cb
d1cc
f9cd
21ce
49cf
71d0
99d1
c1d2
e9d3
11d4
39d5
61d6
89d7
b1d8
d9d9
01da
29db
51dc
79dd
a1de
c9df
f1c0
19c1
41c2
69c3
91c4
b9c5
e1c6
09c7
31c8
59c9
81ca
a9cb
d1cc
f9cd
21ce
49cf
71d0
99d1
c1d2
e9d3
11d4
39d5
61d6
89d7
b1d8
d9d9
023b
2a3c
523d
7a3e
a23f
ca20
f221
1a22
4223
6a24
9225
ba26
e227
0a28
3229
5a2a
822b
aa2c
d22d
fa2e
222f
4a30
7231
9a32
c233
ea34
1235
3a36
6237
8a38
b239
da3a
023b
2a3c
523d
7a3e
a23f
ca20
f221
1a22
4223
6a24
9225
ba26
e227
0a28
3229
5a2a
822b
aa2c
d22d
fa2e
222f
4a30
7231
9a32
c233
ea34
1235
3a36
6237
8a38
b239
da3a
023b
2a3c
523d
7a3e
a23f
ca20
f221
1a22
4223
6a24
9225
ba26
e227
0a28
3229
5a2a
822b
aa2c
d22d
fa2e
222f
4a30
7231
9a32
c233
ea34
1235
3a36
6237
8a38
b239
da3a
023b
2a3c
523d
7a3e
a23f
ca20
f221
1a22
4223
6a24
9225
ba26
e227
0a28
3229
5a2a
822b
aa2c
d22d
fa2e
222f
4a30
7231
9a32
c233
ea34
1235
3a36
6237
8a38
b239
da3a
023b
2a3c
523d
7a3e
a23f
ca20
f221
1a22
4223
6a24
9225
ba26
e227
0a28
3229
5a2a
822b
aa2c
d22d
fa2e
222f
4a30
7231
9a32
c233
ea34
1235
3a36
6237
8a38
b239
da3a
023b
2a3c
523d
7a3e
a23f
ca20
f221
1a22
4223
6a24
9225
ba26
e227
0a28
3229
5a2a
822b
aa2c
d22d
fa2e
222f
4a30
7231
9a32
c233
ea34
1235
3a36
6237
8a38
b239
da3a
023b
2a3c
523d
7a3e
a23f
ca20
f221
1a22
4223
6a24
9225
ba26
e227
0a28
3229
5a2a
822b
aa2c
d22d
fa2e
222f
4a30
7231
9a32
c233
ea34
1235
3a36
6237
8a38
b239
da3a
023b
2a3c
523d
7a3e
a23f
ca20
f221
1a22
4223
6a24
9225
ba26
e227
0a28
3229
5a2a
822b
aa2c
d22d
fa2e
222f
4a30
7231
9a32
c233
ea34
1235
3a36
6237
8a38
b239
da3a
023b
2a3c
523d
7a3e
a23f
ca20
f221
1a22
4223
6a24
9225
ba26
e227
0a28
3229
5a2a
822b
aa2c
d22d
fa2e
222f
4a30
7231
9a32
c233
ea34
1235
3a36
6237
8a38
b239
da3a
029c
2a9d
529e
7a9f
a280
ca81
f282
1a83
4284
6a85
9286
ba87
e288
0a89
328a
5a8b
828c
aa8d
d28e
fa8f
2290
4a91
7292
9a93
c294
ea95
1296
3a97
6298
8a99
b29a
da9b
029c
2a9d
529e
7a9f
a280
ca81
f282
1a83
4284
6a85
9286
ba87
e288
0a89
328a
5a8b
828c
aa8d
d28e
fa8f
2290
4a91
7292
9a93
c294
ea95
1296
3a97
6298
8a99
b29a
da9b
029c
2a9d
529e
7a9f
a280
ca81
f282
1a83
4284
6a85
9286
ba87
e288
0a89
328a
5a8b
828c
aa8d
d28e
fa8f
2290
4a91
7292
9a93
c294
ea95
1296
3a97
6298
8a99
b29a
da9b
029c
2a9d
529e
7a9f
a280
ca81
f282
1a83
4284
6a85
9286
ba87
e288
0a89
328a
5a8b
828c
aa8d
d28e
fa8f
2290
4a91
7292
9a93
c294
ea95
1296
3a97
6298
8a99
b29a
da9b
029c
2a9d
529e
7a9f
a280
ca81
f282
1a83
4284
6a85
9286
ba87
e288
0a89
328a
5a8b
828c
aa8d
d28e
fa8f
2290
4a91
7292
9a93
c294
ea95
1296
3a97
6298
8a99
b29a
da9b
029c
2a9d
529e
7a9f
a280
ca81
f282
1a83
4284
6a85
9286
ba87
e288
0a89
328a
5a8b
828c
aa8d
d28e
fa8f
2290
4a91
7292
9a93
c294
ea95
1296
3a97
6298
8a99
b29a
da9b
029c
2a9d
529e
7a9f
a280
ca81
f282
1a83
4284
6a85
9286
ba87
e288
0a89
328a
5a8b
828c
aa8d
d28e
fa8f
2290
4a91
7292
9a93
c294
ea95
1296
3a97
6298
8a99
b29a
da9b
029c
2a9d
529e
7a9f
a280
ca81
f282
1a83
4284
6a85
9286
ba87
e288
0a89
328a
5a8b
828c
aa8d
d28e
fa8f
2290
4a91
7292
9a93
c294
ea95
1296
3a97
6298
8a99
b29a
da9b
029c
2a9d
529e
7a9f
a280
ca81
f282
1a83
4284
6a85
9286
ba87
e288
0a89
328a
5a8b
828c
aa8d
d28e
fa8f
2290
4a91
7292
9a93
c294
ea95
1296
3a97
6298
8a99
b29a
da9b
02fd
2afe
52ff
7ae0
a2e1
cae2
f2e3
1ae4
42e5
6ae6
92e7
bae8
e2e9
0aea
32eb
5aec
82ed
aaee
d2ef
faf0
22f1
4af2
72f3
9af4
c2f5
eaf6
12f7
3af8
62f9
8afa
b2fb
dafc
02fd
2afe
52ff
7ae0
a2e1
cae2
f2e3
1ae4
42e5
6ae6
92e7
bae8
e2e9
0aea
32eb
5aec
82ed
aaee
d2ef
faf0
22f1
4af2
72f3
9af4
c2f5
eaf6
12f7
3af8
62f9
8afa
b2fb
dafc
02fd
2afe
52ff
7ae0
a2e1
cae2
f2e3
1ae4
42e5
6ae6
92e7
bae8
e2e9
0aea
32eb
5aec
82ed
aaee
d2ef
faf0
22f1
4af2
72f3
9af4
c2f5
eaf6
12f7
3af8
62f9
8afa
b2fb
dafc
02fd
2afe
52ff
7ae0
a2e1
cae2
f2e3
1ae4
42e5
6ae6
92e7
bae8
e2e9
0aea
32eb
5aec
82ed
aaee
d2ef
faf0
22f1
4af2
72f3
9af4
c2f5
eaf6
12f7
3af8
62f9
8afa
b2fb
dafc
02fd
2afe
52ff
7ae0
a2e1
cae2
f2e3
1ae4
42e5
6ae6
92e7
bae8
e2e9
0aea
32eb
5aec
82ed
aaee
d2ef
faf0
22f1
4af2
72f3
9af4
c2f5
eaf6
12f7
3af8
62f9
8afa
b2fb
dafc
02fd
2afe
52ff
7ae0
a2e1
cae2
f2e3
1ae4
42e5
6ae6
92e7
bae8
e2e9
0aea
32eb
5aec
82ed
aaee
d2ef
faf0
22f1
4af2
72f3
9af4
c2f5
eaf6
12f7
3af8
62f9
8afa
b2fb
dafc
02fd
2afe
52ff
7ae0
a2e1
cae2
f2e3
1ae4
42e5
6ae6
92e7
bae8
e2e9
0aea
32eb
5aec
82ed
aaee
d2ef
faf0
22f1
4af2
72f3
9af4
c2f5
eaf6
12f7
3af8
62f9
8afa
b2fb
dafc
02fd
2afe
52ff
7ae0
a2e1
cae2
f2e3
1ae4
42e5
6ae6
92e7
bae8
e2e9
0aea
32eb
5aec
82ed
aaee
d2ef
faf0
22f1
4af2
72f3
9af4
c2f5
eaf6
12f7
3af8
62f9
8afa
b2fb
dafc
02fd
2afe
52ff
7ae0
a2e1
cae2
f2e3
1ae4
42e5
6ae6
92e7
bae8
e2e9
0aea
32eb
5aec
82ed
aaee
d2ef
faf0
22f1
4af2
72f3
9af4
c2f5
eaf6
12f7
3af8
62f9
8afa
b2fb
dafc
035e
2b5f
5340
7b41
a342
cb43
f344
1b45
4346
6b47
9348
bb49
e34a
0b4b
334c
5b4d
834e
ab4f
d350
fb51
2352
4b53
7354
9b55
c356
eb57
1358
3b59
635a
8b5b
b35c
db5d
035e
2b5f
5340
7b41
a342
cb43
f344
1b45
4346
6b47
9348
bb49
e34a
0b4b
334c
5b4d
834e
ab4f
d350
fb51
2352
4b53
7354
9b55
c356
eb57
1358
3b59
635a
8b5b
b35c
db5d
035e
2b5f
5340
7b41
a342
cb43
f344
1b45
4346
6b47
9348
bb49
e34a
0b4b
334c
5b4d
834e
ab4f
d350
fb51
2352
4b53
7354
9b55
c356
eb57
1358
3b59
635a
8b5b
b35c
db5d
035e
2b5f
5340
7b41
a342
cb43
f344
1b45
4346
6b47
9348
bb49
e34a
0b4b
334c
5b4d
834e
ab4f
d350
fb51
2352
4b53
7354
9b55
c356
eb57
1358
3b59
635a
8b5b
b35c
db5d
035e
2b5f
5340
7b41
a342
cb43
f344
1b45
4346
6b47
9348
bb49
e34a
0b4b
334c
5b4d
834e
ab4f
d350
fb51
2352
4b53
7354
9b55
c356
eb57
1358
3b59
635a
8b5b
b35c
db5d
035e
2b5f
5340
7b41
a342
cb43
f344
1b45
4346
6b47
9348
bb49
e34a
0b4b
334c
5b4d
834e
ab4f
d350
fb51
2352
4b53
7354
9b55
c356
eb57
1358
3b59
635a
8b5b
b35c
db5d
035e
2b5f
5340
7b41
a342
cb43
f344
1b45
4346
6b47
9348
bb49
e34a
0b4b
334c
5b4d
834e
ab4f
d350
fb51
2352
4b53
7354
9b55
c356
eb57
1358
3b59
635a
8b5b
b35c
db5d
035e
2b5f
5340
7b41
a342
cb43
f344
1b45
4346
6b47
9348
bb49
e34a
0b4b
334c
5b4d
834e
ab4f
d350
fb51
2352
4b53
7354
9b55
c356
eb57
1358
3b59
635a
8b5b
b35c
db5d
035e
2b5f
5340
7b41
a342
cb43
f344
1b45
4346
6b47
9348
bb49
e34a
0b4b
334c
5b4d
834e
ab4f
d350
fb51
2352
4b53
7354
9b55
c356
eb57
1358
3b59
635a
8b5b
b35c
db5d
03bf
2ba0
53a1
7ba2
a3a3
cba4
f3a5
1ba6
43a7
6ba8
93a9
bbaa
e3ab
0bac
33ad
5bae
83af
abb0
d3b1
fbb2
23b3
4bb4
73b5
9bb6
c3b7
ebb8
13b9
3bba
63bb
8bbc
b3bd
dbbe
03bf
2ba0
53a1
7ba2
a3a3
cba4
f3a5
1ba6
43a7
6ba8
93a9
bbaa
e3ab
0bac
33ad
5bae
83af
abb0
d3b1
fbb2
23b3
4bb4
73b5
9bb6
c3b7
ebb8
13b9
3bba
63bb
8bbc
b3bd
dbbe
03bf
2ba0
53a1
7ba2
a3a3
cba4
f3a5
1ba6
43a7
6ba8
93a9
bbaa
e3ab
0bac
33ad
5bae
83af
abb0
d3b1
fbb2
23b3
4bb4
73b5
9bb6
c3b7
ebb8
13b9
3bba
63bb
8bbc
b3bd
dbbe
03bf
2ba0
53a1
7ba2
a3a3
cba4
f3a5
1ba6
43a7
6ba8
93a9
bbaa
e3ab
0bac
33ad
5bae
83af
abb0
d3b1
fbb2
23b3
4bb4
73b5
9bb6
c3b7
ebb8
13b9
3bba
63bb
8bbc
b3bd
dbbe
03bf
2ba0
53a1
7ba2
a3a3
cba4
f3a5
1ba6
43a7
6ba8
93a9
bbaa
e3ab
0bac
33ad
5bae
83af
abb0
d3b1
fbb2
23b3
4bb4
73b5
9bb6
c3b7
ebb8
13b9
3bba
63bb
8bbc
b3bd
dbbe
03bf
2ba0
53a1
7ba2
a3a3
cba4
f3a5
1ba6
43a7
6ba8
93a9
bbaa
e3ab
0bac
33ad
5bae
83af
abb0
d3b1
fbb2
23b3
4bb4
73b5
9bb6
c3b7
ebb8
13b9
3bba
63bb
8bbc
b3bd
dbbe
03bf
2ba0
53a1
7ba2
a3a3
cba4
f3a5
1ba6
43a7
6ba8
93a9
bbaa
e3ab
0bac
33ad
5bae
83af
abb0
d3b1
fbb2
23b3
4bb4
73b5
9bb6
c3b7
ebb8
13b9
3bba
63bb
8bbc
b3bd
dbbe
03bf
2ba0
53a1
7ba2
a3a3
cba4
f3a5
1ba6
43a7
6ba8
93a9
bbaa
e3ab
0bac
33ad
5bae
83af
abb0
d3b1
fbb2
23b3
4bb4
73b5
9bb6
c3b7
ebb8
13b9
3bba
63bb
8bbc
b3bd
dbbe
03bf
2ba0
53a1
7ba2
a3a3
cba4
f3a5
1ba6
43a7
6ba8
93a9
bbaa
e3ab
0bac
33ad
5bae
83af
abb0
d3b1
fbb2
23b3
4bb4
73b5
9bb6
c3b7
ebb8
13b9
3bba
63bb
8bbc
b3bd
dbbe
0400
2c01
5402
7c03
a404
cc05
f406
1c07
4408
6c09
940a
bc0b
e40c
0c0d
340e
5c0f
8410
ac11
d412
fc13
2414
4c15
7416
9c17
c418
ec19
141a
3c1b
641c
8c1d
b41e
dc1f
0400
2c01
5402
7c03
a404
cc05
f406
1c07
4408
6c09
940a
bc0b
e40c
0c0d
340e
5c0f
8410
ac11
d412
fc13
2414
4c15
7416
9c17
c418
ec19
141a
3c1b
641c
8c1d
b41e
dc1f
0400
2c01
5402
7c03
a404
cc05
f406
1c07
4408
6c09
940a
bc0b
e40c
0c0d
340e
5c0f
8410
ac11
d412
fc13
2414
4c15
7416
9c17
c418
ec19
141a
3c1b
641c
8c1d
b41e
dc1f
0400
2c01
5402
7c03
a404
cc05
f406
1c07
4408
6c09
940a
bc0b
e40c
0c0d
340e
5c0f
8410
ac11
d412
fc13
2414
4c15
7416
9c17
c418
ec19
141a
3c1b
641c
8c1d
b41e
dc1f
0400
2c01
5402
7c03
a404
cc05
f406
1c07
4408
6c09
940a
bc0b
e40c
0c0d
340e
5c0f
8410
ac11
d412
fc13
2414
4c15
7416
9c17
c418
ec19
141a
3c1b
641c
8c1d
b41e
dc1f
0400
2c01
5402
7c03
a404
cc05
f406
1c07
4408
6c09
940a
bc0b
e40c
0c0d
340e
5c0f
8410
ac11
d412
fc13
2414
4c15
7416
9c17
c418
ec19
141a
3c1b
641c
8c1d
b41e
dc1f
0400
2c01
5402
7c03
a404
cc05
f406
1c07
4408
6c09
940a
bc0b
e40c
0c0d
340e
5c0f
8410
ac11
d412
fc13
2414
4c15
7416
9c17
c418
ec19
141a
3c1b
641c
8c1d
b41e
dc1f
0400
2c01
5402
7c03
a404
cc05
f406
1c07
4408
6c09
940a
bc0b
e40c
0c0d
340e
5c0f
8410
ac11
d412
fc13
2414
4c15
7416
9c17
c418
ec19
141a
3c1b
641c
8c1d
b41e
dc1f
0400
2c01
5402
7c03
a404
cc05
f406
1c07
4408
6c09
940a
bc0b
e40c
0c0d
340e
5c0f
8410
ac11
d412
fc13
2414
4c15
7416
9c17
c418
ec19
141a
3c1b
641c
8c1d
b41e
dc1f
0461
2c62
5463
7c64
a465
cc66
f467
1c68
4469
6c6a
946b
bc6c
e46d
0c6e
346f
5c70
8471
ac72
d473
fc74
2475
4c76
7477
9c78
c479
ec7a
147b
3c7c
647d
8c7e
b47f
dc60
0461
2c62
5463
7c64
a465
cc66
f467
1c68
4469
6c6a
946b
bc6c
e46d
0c6e
346f
5c70
8471
ac72
d473
fc74
2475
4c76
7477
9c78
c479
ec7a
147b
3c7c
647d
8c7e
b47f
dc60
0461
2c62
5463
7c64
a465
cc66
f467
1c68
4469
6c6a
946b
bc6c
e46d
0c6e
346f
5c70
8471
ac72
d473
fc74
2475
4c76
7477
9c78
c479
ec7a
147b
3c7c
647d
8c7e
b47f
dc60
0461
2c62
5463
7c64
a465
cc66
f467
1c68
4469
6c6a
946b
bc6c
e46d
0c6e
346f
5c70
8471
ac72
d473
fc74
2475
4c76
7477
9c78
c479
ec7a
147b
3c7c
647d
8c7e
b47f
dc60
0461
2c62
5463
7c64
a465
cc66
f467
1c68
4469
6c6a
946b
bc6c
e46d
0c6e
346f
5c70
8471
ac72
d473
fc74
2475
4c76
7477
9c78
c479
ec7a
147b
3c7c
647d
8c7e
b47f
dc60
0461
2c62
5463
7c64
a465
cc66
f467
1c68
4469
6c6a
946b
bc6c
e46d
0c6e
346f
5c70
8471
ac72
d473
fc74
2475
4c76
7477
9c78
c479
ec7a
147b
3c7c
647d
8c7e
b47f
dc60
0461
2c62
5463
7c64
a465
cc66
f467
1c68
4469
6c6a
946b
bc6c
e46d
0c6e
346f
5c70
8471
ac72
d473
fc74
2475
4c76
7477
9c78
c479
ec7a
147b
3c7c
647d
8c7e
b47f
dc60
0461
2c62
5463
7c64
a465
cc66
f467
1c68
4469
6c6a
946b
bc6c
e46d
0c6e
346f
5c70
8471
ac72
d473
fc74
2475
4c76
7477
9c78
c479
ec7a
147b
3c7c
647d
8c7e
b47f
dc60
0461
2c62
5463
7c64
a465
cc66
f467
1c68
4469
6c6a
946b
bc6c
e46d
0c6e
346f
5c70
8471
ac72
d473
fc74
2475
4c76
7477
9c78
c479
ec7a
147b
3c7c
647d
8c7e
b47f
dc60
04c2
2cc3
54c4
7cc5
a4c6
ccc7
f4c8
1cc9
44ca
6ccb
94cc
bccd
e4ce
0ccf
34d0
5cd1
84d2
acd3
d4d4
fcd5
24d6
4cd7
74d8
9cd9
c4da
ecdb
14dc
3cdd
64de
8cdf
b4c0
dcc1
04c2
2cc3
54c4
7cc5
a4c6
ccc7
f4c8
1cc9
44ca
6ccb
94cc
bccd
e4ce
0ccf
34d0
5cd1
84d2
acd3
d4d4
fcd5
24d6
4cd7
74d8
9cd9
c4da
ecdb
14dc
3cdd
64de
8cdf
b4c0
dcc1
04c2
2cc3
54c4
7cc5
a4c6
ccc7
f4c8
1cc9
44ca
6ccb
94cc
bccd
e4ce
0ccf
34d0
5cd1
84d2
acd3
d4d4
fcd5
24d6
4cd7
74d8
9cd9
c4da
ecdb
14dc
3cdd
64de
8cdf
b4c0
dcc1
04c2
2cc3
54c4
7cc5
a4c6
ccc7
f4c8
1cc9
44ca
6ccb
94cc
bccd
e4ce
0ccf
34d0
5cd1
84d2
acd3
d4d4
fcd5
24d6
4cd7
74d8
9cd9
c4da
ecdb
14dc
3cdd
64de
8cdf
b4c0
dcc1
04c2
2cc3
54c4
7cc5
a4c6
ccc7
f4c8
1cc9
44ca
6ccb
94cc
bccd
e4ce
0ccf
34d0
5cd1
84d2
acd3
d4d4
fcd5
24d6
4cd7
74d8
9cd9
c4da
ecdb
14dc
3cdd
64de
8cdf
b4c0
dcc1
04c2
2cc3
54c4
7cc5
a4c6
ccc7
f4c8
1cc9
44ca
6ccb
94cc
bccd
e4ce
0ccf
34d0
5cd1
84d2
acd3
d4d4
fcd5
24d6
4cd7
74d8
9cd9
c4da
ecdb
14dc
3cdd
64de
8cdf
b4c0
dcc1
04c2
2cc3
54c4
7cc5
a4c6
ccc7
f4c8
1cc9
44ca
6ccb
94cc
bccd
e4ce
0ccf
34d0
5cd1
84d2
acd3
d4d4
fcd5
24d6
4cd7
74d8
9cd9
c4da
ecdb
14dc
3cdd
64de
8cdf
b4c0
dcc1
04c2
2cc3
54c4
7cc5
a4c6
ccc7
f4c8
1cc9
44ca
6ccb
94cc
bccd
e4ce
0ccf
34d0
5cd1
84d2
acd3
d4d4
fcd5
24d6
4cd7
74d8
9cd9
c4da
ecdb
14dc
3cdd
64de
8cdf
b4c0
dcc1
04c2
2cc3
54c4
7cc5
a4c6
ccc7
f4c8
1cc9
44ca
6ccb
94cc
bccd
e4ce
0ccf
34d0
5cd1
84d2
acd3
d4d4
fcd5
24d6
4cd7
74d8
9cd9
c4da
ecdb
14dc
3cdd
64de
8cdf
b4c0
dcc1
0523
2d24
5525
7d26
a527
cd28
f529
1d2a
452b
6d2c
952d
bd2e
e52f
0d30
3531
5d32
8533
ad34
d535
fd36
2537
4d38
7539
9d3a
c53b
ed3c
153d
3d3e
653f
8d20
b521
dd22
0523
2d24
5525
7d26
a527
cd28
f529
1d2a
452b
6d2c
952d
bd2e
e52f
0d30
3531
5d32
8533
ad34
d535
fd36
2537
4d38
7539
9d3a
c53b
ed3c
153d
3d3e
653f
8d20
b521
dd22
0523
2d24
5525
7d26
a527
cd28
f529
1d2a
452b
6d2c
952d
bd2e
e52f
0d30
3531
5d32
8533
ad34
d535
fd36
2537
4d38
7539
9d3a
c53b
ed3c
153d
3d3e
653f
8d20
b521
dd22
0523
2d24
5525
7d26
a527
cd28
f529
1d2a
452b
6d2c
952d
bd2e
e52f
0d30
3531
5d32
8533
ad34
d535
fd36
2537
4d38
7539
9d3a
c53b
ed3c
153d
3d3e
653f
8d20
b521
dd22
0523
2d24
5525
7d26
a527
cd28
f529
1d2a
452b
6d2c
952d
bd2e
e52f
0d30
3531
5d32
8533
ad34
d535
fd36
2537
4d38
7539
9d3a
c53b
ed3c
153d
3d3e
653f
8d20
b521
dd22
0523
2d24
5525
7d26
a527
cd28
f529
1d2a
452b
6d2c
952d
bd2e
e52f
0d30
3531
5d32
8533
ad34
d535
fd36
2537
4d38
7539
9d3a
c53b
ed3c
153d
3d3e
653f
8d20
b521
dd22
0523
2d24
5525
7d26
a527
cd28
f529
1d2a
452b
6d2c
952d
bd2e
e52f
0d30
3531
5d32
8533
ad34
d535
fd36
2537
4d38
7539
9d3a
c53b
ed3c
153d
3d3e
653f
8d20
b521
dd22
0523
2d24
5525
7d26
a527
cd28
f529
1d2a
452b
6d2c
952d
bd2e
e52f
0d30
3531
5d32
8533
ad34
d535
fd36
2537
4d38
7539
9d3a
c53b
ed3c
153d
3d3e
653f
8d20
b521
dd22
0523
2d24
5525
7d26
a527
cd28
f529
1d2a
452b
6d2c
952d
bd2e
e52f
0d30
3531
5d32
8533
ad34
d535
fd36
2537
4d38
7539
9d3a
c53b
ed3c
153d
3d3e
653f
8d20
b521
dd22
0584
2d85
5586
7d87
a588
cd89
f58a
1d8b
458c
6d8d
958e
bd8f
e590
0d91
3592
5d93
8594
ad95
d596
fd97
2598
4d99
759a
9d9b
c59c
ed9d
159e
3d9f
6580
8d81
b582
dd83
0584
2d85
5586
7d87
a588
cd89
f58a
1d8b
458c
6d8d
958e
bd8f
e590
0d91
3592
5d93
8594
ad95
d596
fd97
2598
4d99
759a
9d9b
c59c
ed9d
159e
3d9f
6580
8d81
b582
dd83
0584
2d85
5586
7d87
a588
cd89
f58a
1d8b
458c
6d8d
958e
bd8f
e590
0d91
3592
5d93
8594
ad95
d596
fd97
2598
4d99
759a
9d9b
c59c
ed9d
159e
3d9f
6580
8d81
b582
dd83
0584
2d85
5586
7d87
a588
cd89
f58a
1d8b
458c
6d8d
958e
bd8f
e590
0d91
3592
5d93
8594
ad95
d596
fd97
2598
4d99
759a
9d9b
c59c
ed9d
159e
3d9f
6580
8d81
b582
dd83
0584
2d85
5586
7d87
a588
cd89
f58a
1d8b
458c
6d8d
958e
bd8f
e590
0d91
3592
5d93
8594
ad95
d596
fd97
2598
4d99
759a
9d9b
c59c
ed9d
159e
3d9f
6580
8d81
b582
dd83
0584
2d85
5586
7d87
a588
cd89
f58a
1d8b
458c
6d8d
958e
bd8f
e590
0d91
3592
5d93
8594
ad95
d596
fd97
2598
4d99
759a
9d9b
c59c
ed9d
159e
3d9f
6580
8d81
b582
dd83
0584
2d85
5586
7d87
a588
cd89
f58a
1d8b
458c
6d8d
958e
bd8f
e590
0d91
3592
5d93
8594
ad95
d596
fd97
2598
4d99
759a
9d9b
c59c
ed9d
159e
3d9f
6580
8d81
b582
dd83
0584
2d85
5586
7d87
a588
cd89
f58a
1d8b
458c
6d8d
958e
bd8f
e590
0d91
3592
5d93
8594
ad95
d596
fd97
2598
4d99
759a
9d9b
c59c
ed9d
159e
3d9f
6580
8d81
b582
dd83
0584
2d85
5586
7d87
a588
cd89
f58a
1d8b
458c
6d8d
958e
bd8f
e590
0d91
3592
5d93
8594
ad95
d596
fd97
2598
4d99
759a
9d9b
c59c
ed9d
159e
3d9f
6580
8d81
b582
dd83
05e5
2de6
55e7
7de8
a5e9
cdea
f5eb
1dec
45ed
6dee
95ef
bdf0
e5f1
0df2
35f3
5df4
85f5
adf6
d5f7
fdf8
25f9
4dfa
75fb
9dfc
c5fd
edfe
15ff
3de0
65e1
8de2
b5e3
dde4
05e5
2de6
55e7
7de8
a5e9
cdea
f5eb
1dec
45ed
6dee
95ef
bdf0
e5f1
0df2
35f3
5df4
85f5
adf6
d5f7
fdf8
25f9
4dfa
75fb
9dfc
c5fd
edfe
15ff
3de0
65e1
8de2
b5e3
dde4
05e5
2de6
55e7
7de8
a5e9
cdea
f5eb
1dec
45ed
6dee
95ef
bdf0
e5f1
0df2
35f3
5df4
85f5
adf6
d5f7
fdf8
25f9
4dfa
75fb
9dfc
c5fd
edfe
15ff
3de0
65e1
8de2
b5e3
dde4
05e5
2de6
55e7
7de8
a5e9
cdea
f5eb
1dec
45ed
6dee
95ef
bdf0
e5f1
0df2
35f3
5df4
85f5
adf6
d5f7
fdf8
25f9
4dfa
75fb
9dfc
c5fd
edfe
15ff
3de0
65e1
8de2
b5e3
dde4
05e5
2de6
55e7
7de8
a5e9
cdea
f5eb
1dec
45ed
6dee
95ef
bdf0
e5f1
0df2
35f3
5df4
85f5
adf6
d5f7
fdf8
25f9
4dfa
75fb
9dfc
c5fd
edfe
15ff
3de0
65e1
8de2
b5e3
dde4
05e5
2de6
55e7
7de8
a5e9
cdea
f5eb
1dec
45ed
6dee
95ef
bdf0
e5f1
0df2
35f3
5df4
85f5
adf6
d5f7
fdf8
25f9
4dfa
75fb
9dfc
c5fd
edfe
15ff
3de0
65e1
8de2
b5e3
dde4
05e5
2de6
55e7
7de8
a5e9
cdea
f5eb
1dec
45ed
6dee
95ef
bdf0
e5f1
0df2
35f3
5df4
85f5
adf6
d5f7
fdf8
25f9
4dfa
75fb
9dfc
c5fd
edfe
15ff
3de0
65e1
8de2
b5e3
dde4
05e5
2de6
55e7
7de8
a5e9
cdea
f5eb
1dec
45ed
6dee
95ef
bdf0
e5f1
0df2
35f3
5df4
85f5
adf6
d5f7
fdf8
25f9
4dfa
75fb
9dfc
c5fd
edfe
15ff
3de0
65e1
8de2
b5e3
dde4
05e5
2de6
55e7
7de8
a5e9
cdea
f5eb
1dec
45ed
6dee
95ef
bdf0
e5f1
0df2
35f3
5df4
85f5
adf6
d5f7
fdf8
25f9
4dfa
75fb
9dfc
c5fd
edfe
15ff
3de0
65e1
8de2
b5e3
dde4
0646
2e47
5648
7e49
a64a
ce4b
f64c
1e4d
464e
6e4f
9650
be51
e652
0e53
3654
5e55
8656
ae57
d658
fe59
265a
4e5b
765c
9e5d
c65e
ee5f
1640
3e41
6642
8e43
b644
de45
0646
2e47
5648
7e49
a64a
ce4b
f64c
1e4d
464e
6e4f
9650
be51
e652
0e53
3654
5e55
8656
ae57
d658
fe59
265a
4e5b
765c
9e5d
c65e
ee5f
1640
3e41
6642
8e43
b644
de45
0646
2e47
5648
7e49
a64a
ce4b
f64c
1e4d
464e
6e4f
9650
be51
e652
0e53
3654
5e55
8656
ae57
d658
fe59
265a
4e5b
765c
9e5d
c65e
ee5f
1640
3e41
6642
8e43
b644
de45
0646
2e47
5648
7e49
a64a
ce4b
f64c
1e4d
464e
6e4f
9650
be51
e652
0e53
3654
5e55
8656
ae57
d658
fe59
265a
4e5b
765c
9e5d
c65e
ee5f
1640
3e41
6642
8e43
b644
de45
0646
2e47
5648
7e49
a64a
ce4b
f64c
1e4d
464e
6e4f
9650
be51
e652
0e53
3654
5e55
8656
ae57
d658
fe59
265a
4e5b
765c
9e5d
c65e
ee5f
1640
3e41
6642
8e43
b644
de45
0646
2e47
5648
7e49
a64a
ce4b
f64c
1e4d
464e
6e4f
9650
be51
e652
0e53
3654
5e55
8656
ae57
d658
fe59
265a
4e5b
765c
9e5d
c65e
ee5f
1640
3e41
6642
8e43
b644
de45
0646
2e47
5648
7e49
a64a
ce4b
f64c
1e4d
464e
6e4f
9650
be51
e652
0e53
3654
5e55
8656
ae57
d658
fe59
265a
4e5b
765c
9e5d
c65e
ee5f
1640
3e41
6642
8e43
b644
de45
0646
2e47
5648
7e49
a64a
ce4b
f64c
1e4d
464e
6e4f
9650
be51
e652
0e53
3654
5e55
8656
ae57
d658
fe59
265a
4e5b
765c
9e5d
c65e
ee5f
1640
3e41
6642
8e43
b644
de45
0646
2e47
5648
7e49
a64a
ce4b
f64c
1e4d
464e
6e4f
9650
be51
e652
0e53
3654
5e55
8656
ae57
d658
fe59
265a
4e5b
765c
9e5d
c65e
ee5f
1640
3e41
6642
8e43
b644
de45
06a7
2ea8
56a9
7eaa
a6ab
ceac
f6ad
1eae
46af
6eb0
96b1
beb2
e6b3
0eb4
36b5
5eb6
86b7
aeb8
d6b9
feba
26bb
4ebc
76bd
9ebe
c6bf
eea0
16a1
3ea2
66a3
8ea4
b6a5
dea6
06a7
2ea8
56a9
7eaa
a6ab
ceac
f6ad
1eae
46af
6eb0
96b1
beb2
e6b3
0eb4
36b5
5eb6
86b7
aeb8
d6b9
feba
26bb
4ebc
76bd
9ebe
c6bf
eea0
16a1
3ea2
66a3
8ea4
b6a5
dea6
06a7
2ea8
56a9
7eaa
a6ab
ceac
f6ad
1eae
46af
6eb0
96b1
beb2
e6b3
0eb4
36b5
5eb6
86b7
aeb8
d6b9
feba
26bb
4ebc
76bd
9ebe
c6bf
eea0
16a1
3ea2
66a3
8ea4
b6a5
dea6
06a7
2ea8
56a9
7eaa
a6ab
ceac
f6ad
1eae
46af
6eb0
96b1
beb2
e6b3
0eb4
36b5
5eb6
86b7
aeb8
d6b9
feba
26bb
4ebc
76bd
9ebe
c6bf
eea0
16a1
3ea2
66a3
8ea4
b6a5
dea6
06a7
2ea8
56a9
7eaa
a6ab
ceac
f6ad
1eae
46af
6eb0
96b1
beb2
e6b3
0eb4
36b5
5eb6
86b7
aeb8
d6b9
feba
26bb
4ebc
76bd
9ebe
c6bf
eea0
16a1
3ea2
66a3
8ea4
b6a5
dea6
06a7
2ea8
56a9
7eaa
a6ab
ceac
f6ad
1eae
46af
6eb0
96b1
beb2
e6b3
0eb4
36b5
5eb6
86b7
aeb8
d6b9
feba
26bb
4ebc
76bd
9ebe
c6bf
eea0
16a1
3ea2
66a3
8ea4
b6a5
dea6
06a7
2ea8
56a9
7eaa
a6ab
ceac
f6ad
1eae
46af
6eb0
96b1
beb2
e6b3
0eb4
36b5
5eb6
86b7
aeb8
d6b9
feba
26bb
4ebc
76bd
9ebe
c6bf
eea0
16a1
3ea2
66a3
8ea4
b6a5
dea6
06a7
2ea8
56a9
7eaa
a6ab
ceac
f6ad
1eae
46af
6eb0
96b1
beb2
e6b3
0eb4
36b5
5eb6
86b7
aeb8
d6b9
feba
26bb
4ebc
76bd
9ebe
c6bf
eea0
16a1
3ea2
66a3
8ea4
b6a5
dea6
06a7
2ea8
56a9
7eaa
a6ab
ceac
f6ad
1eae
46af
6eb0
96b1
beb2
e6b3
0eb4
36b5
5eb6
86b7
aeb8
d6b9
feba
26bb
4ebc
76bd
9ebe
c6bf
eea0
16a1
3ea2
66a3
8ea4
b6a5
dea6
0708
2f09
570a
7f0b
a70c
cf0d
f70e
1f0f
4710
6f11
9712
bf13
e714
0f15
3716
5f17
8718
af19
d71a
ff1b
271c
4f1d
771e
9f1f
c700
ef01
1702
3f03
6704
8f05
b706
df07
0708
2f09
570a
7f0b
a70c
cf0d
f70e
1f0f
4710
6f11
9712
bf13
e714
0f15
3716
5f17
8718
af19
d71a
ff1b
271c
4f1d
771e
9f1f
c700
ef01
1702
3f03
6704
8f05
b706
df07
0708
2f09
570a
7f0b
a70c
cf0d
f70e
1f0f
4710
6f11
9712
bf13
e714
0f15
3716
5f17
8718
af19
d71a
ff1b
271c
4f1d
771e
9f1f
c700
ef01
1702
3f03
6704
8f05
b706
df07
0708
2f09
570a
7f0b
a70c
cf0d
f70e
1f0f
4710
6f11
9712
bf13
e714
0f15
3716
5f17
8718
af19
d71a
ff1b
271c
4f1d
771e
9f1f
c700
ef01
1702
3f03
6704
8f05
b706
df07
0708
2f09
570a
7f0b
a70c
cf0d
f70e
1f0f
4710
6f11
9712
bf13
e714
0f15
3716
5f17
8718
af19
d71a
ff1b
271c
4f1d
771e
9f1f
c700
ef01
1702
3f03
6704
8f05
b706
df07
0708
2f09
570a
7f0b
a70c
cf0d
f70e
1f0f
4710
6f11
9712
bf13
e714
0f15
3716
5f17
8718
af19
d71a
ff1b
271c
4f1d
771e
9f1f
c700
ef01
1702
3f03
6704
8f05
b706
df07
0708
2f09
570a
7f0b
a70c
cf0d
f70e
1f0f
4710
6f11
9712
bf13
e714
0f15
3716
5f17
8718
af19
d71a
ff1b
271c
4f1d
771e
9f1f
c700
ef01
1702
3f03
6704
8f05
b706
df07
0708
2f09
570a
7f0b
a70c
cf0d
f70e
1f0f
4710
6f11
9712
bf13
e714
0f15
3716
5f17
8718
af19
d71a
ff1b
271c
4f1d
771e
9f1f
c700
ef01
1702
3f03
6704
8f05
b706
df07
0708
2f09
570a
7f0b
a70c
cf0d
f70e
1f0f
4710
6f11
9712
bf13
e714
0f15
3716
5f17
8718
af19
d71a
ff1b
271c
4f1d
771e
9f1f
c700
ef01
1702
3f03
6704
8f05
b706
df07
0769
2f6a
576b
7f6c
a76d
cf6e
f76f
1f70
4771
6f72
9773
bf74
e775
0f76
3777
5f78
8779
af7a
d77b
ff7c
277d
4f7e
777f
9f60
c761
ef62
1763
3f64
6765
8f66
b767
df68
0769
2f6a
576b
7f6c
a76d
cf6e
f76f
1f70
4771
6f72
9773
bf74
e775
0f76
3777
5f78
8779
af7a
d77b
ff7c
277d
4f7e
777f
9f60
c761
ef62
1763
3f64
6765
8f66
b767
df68
0769
2f6a
576b
7f6c
a76d
cf6e
f76f
1f70
4771
6f72
9773
bf74
e775
0f76
3777
5f78
8779
af7a
d77b
ff7c
277d
4f7e
777f
9f60
c761
ef62
1763
3f64
6765
8f66
b767
df68
0769
2f6a
576b
7f6c
a76d
cf6e
f76f
1f70
4771
6f72
9773
bf74
e775
0f76
3777
5f78
8779
af7a
d77b
ff7c
277d
4f7e
777f
9f60
c761
ef62
1763
3f64
6765
8f66
b767
df68
0769
2f6a
576b
7f6c
a76d
cf6e
f76f
1f70
4771
6f72
9773
bf74
e775
0f76
3777
5f78
8779
af7a
d77b
ff7c
277d
4f7e
777f
9f60
c761
ef62
1763
3f64
6765
8f66
b767
df68
0769
2f6a
576b
7f6c
a76d
cf6e
f76f
1f70
4771
6f72
9773
bf74
e775
0f76
3777
5f78
8779
af7a
d77b
ff7c
277d
4f7e
777f
9f60
c761
ef62
1763
3f64
6765
8f66
b767
df68
0769
2f6a
576b
7f6c
a76d
cf6e
f76f
1f70
4771
6f72
9773
bf74
e775
0f76
3777
5f78
8779
af7a
d77b
ff7c
277d
4f7e
777f
9f60
c761
ef62
1763
3f64
6765
8f66
b767
df68
0769
2f6a
576b
7f6c
a76d
cf6e
f76f
1f70
4771
6f72
9773
bf74
e775
0f76
3777
5f78
8779
af7a
d77b
ff7c
277d
4f7e
777f
9f60
c761
ef62
1763
3f64
6765
8f66
b767
df68
0769
2f6a
576b
7f6c
a76d
cf6e
f76f
1f70
4771
6f72
9773
bf74
e775
0f76
3777
5f78
8779
af7a
d77b
ff7c
277d
4f7e
777f
9f60
c761
ef62
1763
3f64
6765
8f66
b767
df68
07ca
2fcb
57cc
7fcd
a7ce
cfcf
f7d0
1fd1
47d2
6fd3
97d4
bfd5
e7d6
0fd7
37d8
5fd9
87da
afdb
d7dc
ffdd
27de
4fdf
77c0
9fc1
c7c2
efc3
17c4
3fc5
67c6
8fc7
b7c8
dfc9
07ca
2fcb
57cc
7fcd
a7ce
cfcf
f7d0
1fd1
47d2
6fd3
97d4
bfd5
e7d6
0fd7
37d8
5fd9
87da
afdb
d7dc
ffdd
27de
4fdf
77c0
9fc1
c7c2
efc3
17c4
3fc5
67c6
8fc7
b7c8
dfc9
07ca
2fcb
57cc
7fcd
a7ce
cfcf
f7d0
1fd1
47d2
6fd3
97d4
bfd5
e7d6
0fd7
37d8
5fd9
87da
afdb
d7dc
ffdd
27de
4fdf
77c0
9fc1
c7c2
efc3
17c4
3fc5
67c6
8fc7
b7c8
dfc9
07ca
2fcb
57cc
7fcd
a7ce
cfcf
f7d0
1fd1
47d2
6fd3
97d4
bfd5
e7d6
0fd7
37d8
5fd9
87da
afdb
d7dc
ffdd
27de
4fdf
77c0
9fc1
c7c2
efc3
17c4
3fc5
67c6
8fc7
b7c8
dfc9
07ca
2fcb
57cc
7fcd
a7ce
cfcf
f7d0
1fd1
47d2
6fd3
97d4
bfd5
e7d6
0fd7
37d8
5fd9
87da
afdb
d7dc
ffdd
27de
4fdf
77c0
9fc1
c7c2
efc3
17c4
3fc5
67c6
8fc7
b7c8
dfc9
07ca
2fcb
57cc
7fcd
a7ce
cfcf
f7d0
1fd1
47d2
6fd3
97d4
bfd5
e7d6
0fd7
37d8
5fd9
87da
afdb
d7dc
ffdd
27de
4fdf
77c0
9fc1
c7c2
efc3
17c4
3fc5
67c6
8fc7
b7c8
dfc9
07ca
2fcb
57cc
7fcd
a7ce
cfcf
f7d0
1fd1
47d2
6fd3
97d4
bfd5
e7d6
0fd7
37d8
5fd9
87da
afdb
d7dc
ffdd
27de
4fdf
77c0
9fc1
c7c2
efc3
17c4
3fc5
67c6
8fc7
b7c8
dfc9
07ca
2fcb
57cc
7fcd
a7ce
cfcf
f7d0
1fd1
47d2
6fd3
97d4
bfd5
e7d6
0fd7
37d8
5fd9
87da
afdb
d7dc
ffdd
27de
4fdf
77c0
9fc1
c7c2
efc3
17c4
3fc5
67c6
8fc7
b7c8
dfc9
07ca
2fcb
57cc
7fcd
a7ce
cfcf
f7d0
1fd1
47d2
6fd3
97d4
bfd5
e7d6
0fd7
37d8
5fd9
87da
afdb
d7dc
ffdd
27de
4fdf
77c0
9fc1
c7c2
efc3
17c4
3fc5
67c6
8fc7
b7c8
dfc9
002b
282c
502d
782e
a02f
c830
f031
1832
4033
6834
9035
b836
e037
0838
3039
583a
803b
a83c
d03d
f83e
203f
4820
7021
9822
c023
e824
1025
3826
6027
8828
b029
d82a
002b
282c
502d
782e
a02f
c830
f031
1832
4033
6834
9035
b836
e037
0838
3039
583a
803b
a83c
d03d
f83e
203f
4820
7021
9822
c023
e824
1025
3826
6027
8828
b029
d82a
002b
282c
502d
782e
a02f
c830
f031
1832
4033
6834
9035
b836
e037
0838
3039
583a
803b
a83c
d03d
f83e
203f
4820
7021
9822
c023
e824
1025
3826
6027
8828
b029
d82a
002b
282c
502d
782e
a02f
c830
f031
1832
4033
6834
9035
b836
e037
0838
3039
583a
803b
a83c
d03d
f83e
203f
4820
7021
9822
c023
e824
1025
3826
6027
8828
b029
d82a
002b
282c
502d
782e
a02f
c830
f031
1832
4033
6834
9035
b836
e037
0838
3039
583a
803b
a83c
d03d
f83e
203f
4820
7021
9822
c023
e824
1025
3826
6027
8828
b029
d82a
002b
282c
502d
782e
a02f
c830
f031
1832
4033
6834
9035
b836
e037
0838
3039
583a
803b
a83c
d03d
f83e
203f
4820
7021
9822
c023
e824
1025
3826
6027
8828
b029
d82a
002b
282c
502d
782e
a02f
c830
f031
1832
4033
6834
9035
b836
e037
0838
3039
583a
803b
a83c
d03d
f83e
203f
4820
7021
9822
c023
e824
1025
3826
6027
8828
b029
d82a
002b
282c
502d
782e
a02f
c830
f031
1832
4033
6834
9035
b836
e037
0838
3039
583a
803b
a83c
d03d
f83e
203f
4820
7021
9822
c023
e824
1025
3826
6027
8828
b029
d82a
002b
282c
502d
782e
a02f
c830
f031
1832
4033
6834
9035
b836
e037
0838
3039
583a
803b
a83c
d03d
f83e
203f
4820
7021
9822
c023
e824
1025
3826
6027
8828
b029
d82a
008c
288d
508e
788f
a090
c891
f092
1893
4094
6895
9096
b897
e098
0899
309a
589b
809c
a89d
d09e
f89f
2080
4881
7082
9883
c084
e885
1086
3887
6088
8889
b08a
d88b
008c
288d
508e
788f
a090
c891
f092
1893
4094
6895
9096
b897
e098
0899
309a
589b
809c
a89d
d09e
f89f
2080
4881
7082
9883
c084
e885
1086
3887
6088
8889
b08a
d88b
008c
288d
508e
788f
a090
c891
f092
1893
4094
6895
9096
b897
e098
0899
309a
589b
809c
a89d
d09e
f89f
2080
4881
7082
9883
c084
e885
1086
3887
6088
8889
b08a
d88b
008c
288d
508e
788f
a090
c891
f092
1893
4094
6895
9096
b897
e098
0899
309a
589b
809c
a89d
d09e
f89f
2080
4881
7082
9883
c084
e885
1086
3887
6088
8889
b08a
d88b
008c
288d
508e
788f
a090
c891
f092
1893
4094
6895
9096
b897
e098
0899
309a
589b
809c
a89d
d09e
f89f
2080
4881
7082
9883
c084
e885
1086
3887
6088
8889
b08a
d88b
008c
288d
508e
788f
a090
c891
f092
1893
4094
6895
9096
b897
e098
0899
309a
589b
809c
a89d
d09e
f89f
2080
4881
7082
9883
c084
e885
1086
3887
6088
8889
b08a
d88b
008c
288d
508e
788f
a090
c891
f092
1893
4094
6895
9096
b897
e098
0899
309a
589b
809c
a89d
d09e
f89f
2080
4881
7082
9883
c084
e885
1086
3887
6088
8889
b08a
d88b
008c
288d
508e
788f
a090
c891
f092
1893
4094
6895
9096
b897
e098
0899
309a
589b
809c
a89d
d09e
f89f
2080
4881
7082
9883
c084
e885
1086
3887
6088
8889
b08a
d88b
008c
288d
508e
788f
a090
c891
f092
1893
4094
6895
9096
b897
e098
0899
309a
589b
809c
a89d
d09e
f89f
2080
4881
7082
9883
c084
e885
1086
3887
6088
8889
b08a
d88b
00ed
28ee
50ef
78f0
a0f1
c8f2
f0f3
18f4
40f5
68f6
90f7
b8f8
e0f9
08fa
30fb
58fc
80fd
a8fe
d0ff
f8e0
20e1
48e2
70e3
98e4
c0e5
e8e6
10e7
38e8
60e9
88ea
b0eb
d8ec
00ed
28ee
50ef
78f0
a0f1
c8f2
f0f3
18f4
40f5
68f6
90f7
b8f8
e0f9
08fa
30fb
58fc
80fd
a8fe
d0ff
f8e0
20e1
48e2
70e3
98e4
c0e5
e8e6
10e7
38e8
60e9
88ea
b0eb
d8ec
00ed
28ee
50ef
78f0
a0f1
c8f2
f0f3
18f4
40f5
68f6
90f7
b8f8
e0f9
08fa
30fb
58fc
80fd
a8fe
d0ff
f8e0
20e1
48e2
70e3
98e4
c0e5
e8e6
10e7
38e8
60e9
88ea
b0eb
d8ec
00ed
28ee
50ef
78f0
a0f1
c8f2
f0f3
18f4
40f5
68f6
90f7
b8f8
e0f9
08fa
30fb
58fc
80fd
a8fe
d0ff
f8e0
20e1
48e2
70e3
98e4
c0e5
e8e6
10e7
38e8
60e9
88ea
b0eb
d8ec
00ed
28ee
50ef
78f0
a0f1
c8f2
f0f3
18f4
40f5
68f6
90f7
b8f8
e0f9
08fa
30fb
58fc
80fd
a8fe
d0ff
f8e0
20e1
48e2
70e3
98e4
c0e5
e8e6
10e7
38e8
60e9
88ea
b0eb
d8ec
00ed
28ee
50ef
78f0
a0f1
c8f2
f0f3
18f4
40f5
68f6
90f7
b8f8
e0f9
08fa
30fb
58fc
80fd
a8fe
d0ff
f8e0
20e1
48e2
70e3
98e4
c0e5
e8e6
10e7
38e8
60e9
88ea
b0eb
d8ec
00ed
28ee
50ef
78f0
a0f1
c8f2
f0f3
18f4
40f5
68f6
90f7
b8f8
e0f9
08fa
30fb
58fc
80fd
a8fe
d0ff
f8e0
20e1
48e2
70e3
98e4
c0e5
e8e6
10e7
38e8
60e9
88ea
b0eb
d8ec
00ed
28ee
50ef
78f0
a0f1
c8f2
f0f3
18f4
40f5
68f6
90f7
b8f8
e0f9
08fa
30fb
58fc
80fd
a8fe
d0ff
f8e0
20e1
48e2
70e3
98e4
c0e5
e8e6
10e7
38e8
60e9
88ea
b0eb
d8ec
00ed
28ee
50ef
78f0
a0f1
c8f2
f0f3
18f4
40f5
68f6
90f7
b8f8
e0f9
08fa
30fb
58fc
80fd
a8fe
d0ff
f8e0
20e1
48e2
70e3
98e4
c0e5
e8e6
10e7
38e8
60e9
88ea
b0eb
d8ec
014e
294f
5150
7951
a152
c953
f154
1955
4156
6957
9158
b959
e15a
095b
315c
595d
815e
a95f
d140
f941
2142
4943
7144
9945
c146
e947
1148
3949
614a
894b
b14c
d94d
014e
294f
5150
7951
a152
c953
f154
1955
4156
6957
9158
b959
e15a
095b
315c
595d
815e
a95f
d140
f941
2142
4943
7144
9945
c146
e947
1148
3949
614a
894b
b14c
d94d
014e
294f
5150
7951
a152
c953
f154
1955
4156
6957
9158
b959
e15a
095b
315c
595d
815e
a95f
d140
f941
2142
4943
7144
9945
c146
e947
1148
3949
614a
894b
b14c
d94d
014e
294f
5150
7951
a152
c953
f154
1955
4156
6957
9158
b959
e15a
095b
315c
595d
815e
a95f
d140
f941
2142
4943
7144
9945
c146
e947
1148
3949
614a
894b
b14c
d94d
014e
294f
5150
7951
a152
c953
f154
1955
4156
6957
9158
b959
e15a
095b
315c
595d
815e
a95f
d140
f941
2142
4943
7144
9945
c146
e947
1148
3949
614a
894b
b14c
d94d
014e
294f
5150
7951
a152
c953
f154
1955
4156
6957
9158
b959
e15a
095b
315c
595d
815e
a95f
d140
f941
2142
4943
7144
9945
c146
e947
1148
3949
614a
894b
b14c
d94d
014e
294f
5150
7951
a152
c953
f154
1955
4156
6957
9158
b959
e15a
095b
315c
595d
815e
a95f
d140
f941
2142
4943
7144
9945
c146
e947
1148
3949
614a
894b
b14c
d94d
014e
294f
5150
7951
a152
c953
f154
1955
4156
6957
9158
b959
e15a
095b
315c
595d
815e
a95f
d140
f941
2142
4943
7144
9945
c146
e947
1148
3949
614a
894b
b14c
d94d
014e
294f
5150
7951
a152
c953
f154
1955
4156
6957
9158
b959
e15a
095b
315c
595d
815e
a95f
d140
f941
2142
4943
7144
9945
c146
e947
1148
3949
614a
894b
b14c
d94d
01af
29b0
51b1
79b2
a1b3
c9b4
f1b5
19b6
41b7
69b8
91b9
b9ba
e1bb
09bc
31bd
59be
81bf
a9a0
d1a1
f9a2
21a3
49a4
71a5
99a6
c1a7
e9a8
11a9
39aa
61ab
89ac
b1ad
d9ae
01af
29b0
51b1
79b2
a1b3
c9b4
f1b5
19b6
41b7
69b8
91b9
b9ba
e1bb
09bc
31bd
59be
81bf
a9a0
d1a1
f9a2
21a3
49a4
71a5
99a6
c1a7
e9a8
11a9
39aa
61ab
89ac
b1ad
d9ae
01af
29b0
51b1
79b2
a1b3
c9b4
f1b5
19b6
41b7
69b8
91b9
b9ba
e1bb
09bc
31bd
59be
81bf
a9a0
d1a1
f9a2
21a3
49a4
71a5
99a6
c1a7
e9a8
11a9
39aa
61ab
89ac
b1ad
d9ae
01af
29b0
51b1
79b2
a1b3
c9b4
f1b5
19b6
41b7
69b8
91b9
b9ba
e1bb
09bc
31bd
59be
81bf
a9a0
d1a1
f9a2
21a3
49a4
71a5
99a6
c1a7
e9a8
11a9
39aa
61ab
89ac
b1ad
d9ae
01af
29b0
51b1
79b2
a1b3
c9b4
f1b5
19b6
41b7
69b8
91b9
b9ba
e1bb
09bc
31bd
59be
81bf
a9a0
d1a1
f9a2
21a3
49a4
71a5
99a6
c1a7
e9a8
11a9
39aa
61ab
89ac
b1ad
d9ae
01af
29b0
51b1
79b2
a1b3
c9b4
f1b5
19b6
41b7
69b8
91b9
b9ba
e1bb
09bc
31bd
59be
81bf
a9a0
d1a1
f9a2
21a3
49a4
71a5
99a6
c1a7
e9a8
11a9
39aa
61ab
89ac
b1ad
d9ae
01af
29b0
51b1
79b2
a1b3
c9b4
f1b5
19b6
41b7
69b8
91b9
b9ba
e1bb
09bc
31bd
59be
81bf
a9a0
d1a1
f9a2
21a3
49a4
71a5
99a6
c1a7
e9a8
11a9
39aa
61ab
89ac
b1ad
d9ae
01af
29b0
51b1
79b2
a1b3
c9b4
f1b5
19b6
41b7
69b8
91b9
b9ba
e1bb
09bc
31bd
59be
81bf
a9a0
d1a1
f9a2
21a3
49a4
71a5
99a6
c1a7
e9a8
11a9
39aa
61ab
89ac
b1ad
d9ae
01af
29b0
51b1
79b2
a1b3
c9b4
f1b5
19b6
41b7
69b8
91b9
b9ba
e1bb
09bc
31bd
59be
81bf
a9a0
d1a1
f9a2
21a3
49a4
71a5
99a6
c1a7
e9a8
11a9
39aa
61ab
89ac
b1ad
d9ae
0210
2a11
5212
7a13
a214
ca15
f216
1a17
4218
6a19
921a
ba1b
e21c
0a1d
321e
5a1f
8200
aa01
d202
fa03
2204
4a05
7206
9a07
c208
ea09
120a
3a0b
620c
8a0d
b20e
da0f
0210
2a11
5212
7a13
a214
ca15
f216
1a17
4218
6a19
921a
ba1b
e21c
0a1d
321e
5a1f
8200
aa01
d202
fa03
2204
4a05
7206
9a07
c208
ea09
120a
3a0b
620c
8a0d
b20e
da0f
0210
2a11
5212
7a13
a214
ca15
f216
1a17
4218
6a19
921a
ba1b
e21c
0a1d
321e
5a1f
8200
aa01
d202
fa03
2204
4a05
7206
9a07
c208
ea09
120a
3a0b
620c
8a0d
b20e
da0f
0210
2a11
5212
7a13
a214
ca15
f216
1a17
4218
6a19
921a
ba1b
e21c
0a1d
321e
5a1f
8200
aa01
d202
fa03
2204
4a05
7206
9a07
c208
ea09
120a
3a0b
620c
8a0d
b20e
da0f
0210
2a11
5212
7a13
a214
ca15
f216
1a17
4218
6a19
921a
ba1b
e21c
0a1d
321e
5a1f
8200
aa01
d202
fa03
2204
4a05
7206
9a07
c208
ea09
120a
3a0b
620c
8a0d
b20e
da0f
0210
2a11
5212
7a13
a214
ca15
f216
1a17
4218
6a19
921a
ba1b
e21c
0a1d
321e
5a1f
8200
aa01
d202
fa03
2204
4a05
7206
9a07
c208
ea09
120a
3a0b
620c
8a0d
b20e
da0f
0210
2a11
5212
7a13
a214
ca15
f216
1a17
4218
6a19
921a
ba1b
e21c
0a1d
321e
5a1f
8200
aa01
d202
fa03
2204
4a05
7206
9a07
c208
ea09
120a
3a0b
620c
8a0d
b20e
da0f
0210
2a11
5212
7a13
a214
ca15
f216
1a17
4218
6a19
921a
ba1b
e21c
0a1d
321e
5a1f
8200
aa01
d202
fa03
2204
4a05
7206
9a07
c208
ea09
120a
3a0b
620c
8a0d
b20e
da0f
0210
2a11
5212
7a13
a214
ca15
f216
1a17
4218
6a19
921a
ba1b
e21c
0a1d
321e
5a1f
8200
aa01
d202
fa03
2204
4a05
7206
9a07
c208
ea09
120a
3a0b
620c
8a0d
b20e
da0f
0271
2a72
5273
7a74
a275
ca76
f277
1a78
4279
6a7a
927b
ba7c
e27d
0a7e
327f
5a60
8261
aa62
d263
fa64
2265
4a66
7267
9a68
c269
ea6a
126b
3a6c
626d
8a6e
b26f
da70
0271
2a72
5273
7a74
a275
ca76
f277
1a78
4279
6a7a
927b
ba7c
e27d
0a7e
327f
5a60
8261
aa62
d263
fa64
2265
4a66
7267
9a68
c269
ea6a
126b
3a6c
626d
8a6e
b26f
da70
0271
2a72
5273
7a74
a275
ca76
f277
1a78
4279
6a7a
927b
ba7c
e27d
0a7e
327f
5a60
8261
aa62
d263
fa64
2265
4a66
7267
9a68
c269
ea6a
126b
3a6c
626d
8a6e
b26f
da70
0271
2a72
5273
7a74
a275
ca76
f277
1a78
4279
6a7a
927b
ba7c
e27d
0a7e
327f
5a60
8261
aa62
d263
fa64
2265
4a66
7267
9a68
c269
ea6a
126b
3a6c
626d
8a6e
b26f
da70
0271
2a72
5273
7a74
a275
ca76
f277
1a78
4279
6a7a
927b
ba7c
e27d
0a7e
327f
5a60
8261
aa62
d263
fa64
2265
4a66
7267
9a68
c269
ea6a
126b
3a6c
626d
8a6e
b26f
da70
0271
2a72
5273
7a74
a275
ca76
f277
1a78
4279
6a7a
927b
ba7c
e27d
0a7e
327f
5a60
8261
aa62
d263
fa64
2265
4a66
7267
9a68
c269
ea6a
126b
3a6c
626d
8a6e
b26f
da70
0271
2a72
5273
7a74
a275
ca76
f277
1a78
4279
6a7a
927b
ba7c
e27d
0a7e
327f
5a60
8261
aa62
d263
fa64
2265
4a66
7267
9a68
c269
ea6a
126b
3a6c
626d
8a6e
b26f
da70
0271
2a72
5273
7a74
a275
ca76
f277
1a78
4279
6a7a
927b
ba7c
e27d
0a7e
327f
5a60
8261
aa62
d263
fa64
2265
4a66
7267
9a68
c269
ea6a
126b
3a6c
626d
8a6e
b26f
da70
0271
2a72
5273
7a74
a275
ca76
f277
1a78
4279
6a7a
927b
ba7c
e27d
0a7e
327f
5a60
8261
aa62
d263
fa64
2265
4a66
7267
9a68
c269
ea6a
126b
3a6c
626d
8a6e
b26f
da70
02d2
2ad3
52d4
7ad5
a2d6
cad7
f2d8
1ad9
42da
6adb
92dc
badd
e2de
0adf
32c0
5ac1
82c2
aac3
d2c4
fac5
22c6
4ac7
72c8
9ac9
c2ca
eacb
12cc
3acd
62ce
8acf
b2d0
dad1
02d2
2ad3
52d4
7ad5
a2d6
cad7
f2d8
1ad9
42da
6adb
92dc
badd
e2de
0adf
32c0
5ac1
82c2
aac3
d2c4
fac5
22c6
4ac7
72c8
9ac9
c2ca
eacb
12cc
3acd
62ce
8acf
b2d0
dad1
02d2
2ad3
52d4
7ad5
a2d6
cad7
f2d8
1ad9
42da
6adb
92dc
badd
e2de
0adf
32c0
5ac1
82c2
aac3
d2c4
fac5
22c6
4ac7
72c8
9ac9
c2ca
eacb
12cc
3acd
62ce
8acf
b2d0
dad1
02d2
2ad3
52d4
7ad5
a2d6
cad7
f2d8
1ad9
42da
6adb
92dc
badd
e2de
0adf
32c0
5ac1
82c2
aac3
d2c4
fac5
22c6
4ac7
72c8
9ac9
c2ca
eacb
12cc
3acd
62ce
8acf
b2d0
dad1
02d2
2ad3
52d4
7ad5
a2d6
cad7
f2d8
1ad9
42da
6adb
92dc
badd
e2de
0adf
32c0
5ac1
82c2
aac3
d2c4
fac5
22c6
4ac7
72c8
9ac9
c2ca
eacb
12cc
3acd
62ce
8acf
b2d0
dad1
02d2
2ad3
52d4
7ad5
a2d6
cad7
f2d8
1ad9
42da
6adb
92dc
badd
e2de
0adf
32c0
5ac1
82c2
aac3
d2c4
fac5
22c6
4ac7
72c8
9ac9
c2ca
eacb
12cc
3acd
62ce
8acf
b2d0
dad1
02d2
2ad3
52d4
7ad5
a2d6
cad7
f2d8
1ad9
42da
6adb
92dc
badd
e2de
0adf
32c0
5ac1
82c2
aac3
d2c4
fac5
22c6
4ac7
72c8
9ac9
c2ca
eacb
12cc
3acd
62ce
8acf
b2d0
dad1
02d2
2ad3
52d4
7ad5
a2d6
cad7
f2d8
1ad9
42da
6adb
92dc
badd
e2de
0adf
32c0
5ac1
82c2
aac3
d2c4
fac5
22c6
4ac7
72c8
9ac9
c2ca
eacb
12cc
3acd
62ce
8acf
b2d0
dad1
02d2
2ad3
52d4
7ad5
a2d6
cad7
f2d8
1ad9
42da
6adb
92dc
badd
e2de
0adf
32c0
5ac1
82c2
aac3
d2c4
fac5
22c6
4ac7
72c8
9ac9
c2ca
eacb
12cc
3acd
62ce
8acf
b2d0
dad1
0333
2b34
5335
7b36
a337
cb38
f339
1b3a
433b
6b3c
933d
bb3e
e33f
0b20
3321
5b22
8323
ab24
d325
fb26
2327
4b28
7329
9b2a
c32b
eb2c
132d
3b2e
632f
8b30
b331
db32
0333
2b34
5335
7b36
a337
cb38
f339
1b3a
433b
6b3c
933d
bb3e
e33f
0b20
3321
5b22
8323
ab24
d325
fb26
2327
4b28
7329
9b2a
c32b
eb2c
132d
3b2e
632f
8b30
b331
db32
0333
2b34
5335
7b36
a337
cb38
f339
1b3a
433b
6b3c
933d
bb3e
e33f
0b20
3321
5b22
8323
ab24
d325
fb26
2327
4b28
7329
9b2a
c32b
eb2c
132d
3b2e
632f
8b30
b331
db32
0333
2b34
5335
7b36
a337
cb38
f339
1b3a
433b
6b3c
933d
bb3e
e33f
0b20
3321
5b22
8323
ab24
d325
fb26
2327
4b28
7329
9b2a
c32b
eb2c
132d
3b2e
632f
8b30
b331
db32
0333
2b34
5335
7b36
a337
cb38
f339
1b3a
433b
6b3c
933d
bb3e
e33f
0b20
3321
5b22
8323
ab24
d325
fb26
2327
4b28
7329
9b2a
c32b
eb2c
132d
3b2e
632f
8b30
b331
db32
0333
2b34
5335
7b36
a337
cb38
f339
1b3a
433b
6b3c
933d
bb3e
e33f
0b20
3321
5b22
8323
ab24
d325
fb26
2327
4b28
7329
9b2a
c32b
eb2c
132d
3b2e
632f
8b30
b331
db32
0333
2b34
5335
7b36
a337
cb38
f339
1b3a
433b
6b3c
933d
bb3e
e33f
0b20
3321
5b22
8323
ab24
d325
fb26
2327
4b28
7329
9b2a
c32b
eb2c
132d
3b2e
632f
8b30
b331
db32
0333
2b34
5335
7b36
a337
cb38
f339
1b3a
433b
6b3c
933d
bb3e
e33f
0b20
3321
5b22
8323
ab24
d325
fb26
2327
4b28
7329
9b2a
c32b
eb2c
132d
3b2e
632f
8b30
b331
db32
0333
2b34
5335
7b36
a337
cb38
f339
1b3a
433b
6b3c
933d
bb3e
e33f
0b20
3321
5b22
8323
ab24
d325
fb26
2327
4b28
7329
9b2a
c32b
eb2c
132d
3b2e
632f
8b30
b331
db32
0394
2b95
5396
7b97
a398
cb99
f39a
1b9b
439c
6b9d
939e
bb9f
e380
0b81
3382
5b83
8384
ab85
d386
fb87
2388
4b89
738a
9b8b
c38c
eb8d
138e
3b8f
6390
8b91
b392
db93
0394
2b95
5396
7b97
a398
cb99
f39a
1b9b
439c
6b9d
939e
bb9f
e380
0b81
3382
5b83
8384
ab85
d386
fb87
2388
4b89
738a
9b8b
c38c
eb8d
138e
3b8f
6390
8b91
b392
db93
0394
2b95
5396
7b97
a398
cb99
f39a
1b9b
439c
6b9d
939e
bb9f
e380
0b81
3382
5b83
8384
ab85
d386
fb87
2388
4b89
738a
9b8b
c38c
eb8d
138e
3b8f
6390
8b91
b392
db93
0394
2b95
5396
7b97
a398
cb99
f39a
1b9b
439c
6b9d
939e
bb9f
e380
0b81
3382
5b83
8384
ab85
d386
fb87
2388
4b89
738a
9b8b
c38c
eb8d
138e
3b8f
6390
8b91
b392
db93
0394
2b95
5396
7b97
a398
cb99
f39a
1b9b
439c
6b9d
939e
bb9f
e380
0b81
3382
5b83
8384
ab85
d386
fb87
2388
4b89
738a
9b8b
c38c
eb8d
138e
3b8f
6390
8b91
b392
db93
0394
2b95
5396
7b97
a398
cb99
f39a
1b9b
439c
6b9d
939e
bb9f
e380
0b81
3382
5b83
8384
ab85
d386
fb87
2388
4b89
738a
9b8b
c38c
eb8d
138e
3b8f
6390
8b91
b392
db93
0394
2b95
5396
7b97
a398
cb99
f39a
1b9b
439c
6b9d
939e
bb9f
e380
0b81
3382
5b83
8384
ab85
d386
fb87
2388
4b89
738a
9b8b
c38c
eb8d
138e
3b8f
6390
8b91
b392
db93
0394
2b95
5396
7b97
a398
cb99
f39a
1b9b
439c
6b9d
939e
bb9f
e380
0b81
3382
5b83
8384
ab85
d386
fb87
2388
4b89
738a
9b8b
c38c
eb8d
138e
3b8f
6390
8b91
b392
db93
0394
2b95
5396
7b97
a398
cb99
f39a
1b9b
439c
6b9d
939e
bb9f
e380
0b81
3382
5b83
8384
ab85
d386
fb87
2388
4b89
738a
9b8b
c38c
eb8d
138e
3b8f
6390
8b91
b392
db93
03f5
2bf6
53f7
7bf8
a3f9
cbfa
f3fb
1bfc
43fd
6bfe
93ff
bbe0
e3e1
0be2
33e3
5be4
83e5
abe6
d3e7
fbe8
23e9
4bea
73eb
9bec
c3ed
ebee
13ef
3bf0
63f1
8bf2
b3f3
dbf4
03f5
2bf6
53f7
7bf8
a3f9
cbfa
f3fb
1bfc
43fd
6bfe
93ff
bbe0
e3e1
0be2
33e3
5be4
83e5
abe6
d3e7
fbe8
23e9
4bea
73eb
9bec
c3ed
ebee
13ef
3bf0
63f1
8bf2
b3f3
dbf4
03f5
2bf6
53f7
7bf8
a3f9
cbfa
f3fb
1bfc
43fd
6bfe
93ff
bbe0
e3e1
0be2
33e3
5be4
83e5
abe6
d3e7
fbe8
23e9
4bea
73eb
9bec
c3ed
ebee
13ef
3bf0
63f1
8bf2
b3f3
dbf4
03f5
2bf6
53f7
7bf8
a3f9
cbfa
f3fb
1bfc
43fd
6bfe
93ff
bbe0
e3e1
0be2
33e3
5be4
83e5
abe6
d3e7
fbe8
23e9
4bea
73eb
9bec
c3ed
ebee
13ef
3bf0
63f1
8bf2
b3f3
dbf4
03f5
2bf6
53f7
7bf8
a3f9
cbfa
f3fb
1bfc
43fd
6bfe
93ff
bbe0
e3e1
0be2
33e3
5be4
83e5
abe6
d3e7
fbe8
23e9
4bea
73eb
9bec
c3ed
ebee
13ef
3bf0
63f1
8bf2
b3f3
dbf4
03f5
2bf6
53f7
7bf8
a3f9
cbfa
f3fb
1bfc
43fd
6bfe
93ff
bbe0
e3e1
0be2
33e3
5be4
83e5
abe6
d3e7
fbe8
23e9
4bea
73eb
9bec
c3ed
ebee
13ef
3bf0
63f1
8bf2
b3f3
dbf4
03f5
2bf6
53f7
7bf8
a3f9
cbfa
f3fb
1bfc
43fd
6bfe
93ff
bbe0
e3e1
0be2
33e3
5be4
83e5
abe6
d3e7
fbe8
23e9
4bea
73eb
9bec
c3ed
ebee
13ef
3bf0
63f1
8bf2
b3f3
dbf4
03f5
2bf6
53f7
7bf8
a3f9
cbfa
f3fb
1bfc
43fd
6bfe
93ff
bbe0
e3e1
0be2
33e3
5be4
83e5
abe6
d3e7
fbe8
23e9
4bea
73eb
9bec
c3ed
ebee
13ef
3bf0
63f1
8bf2
b3f3
dbf4
03f5
2bf6
53f7
7bf8
a3f9
cbfa
f3fb
1bfc
43fd
6bfe
93ff
bbe0
e3e1
0be2
33e3
5be4
83e5
abe6
d3e7
fbe8
23e9
4bea
73eb
9bec
c3ed
ebee
13ef
3bf0
63f1
8bf2
b3f3
dbf4
0456
2c57
5458
7c59
a45a
cc5b
f45c
1c5d
445e
6c5f
9440
bc41
e442
0c43
3444
5c45
8446
ac47
d448
fc49
244a
4c4b
744c
9c4d
c44e
ec4f
1450
3c51
6452
8c53
b454
dc55
0456
2c57
5458
7c59
a45a
cc5b
f45c
1c5d
445e
6c5f
9440
bc41
e442
0c43
3444
5c45
8446
ac47
d448
fc49
244a
4c4b
744c
9c4d
c44e
ec4f
1450
3c51
6452
8c53
b454
dc55
0456
2c57
5458
7c59
a45a
cc5b
f45c
1c5d
445e
6c5f
9440
bc41
e442
0c43
3444
5c45
8446
ac47
d448
fc49
244a
4c4b
744c
9c4d
c44e
ec4f
1450
3c51
6452
8c53
b454
dc55
0456
2c57
5458
7c59
a45a
cc5b
f45c
1c5d
445e
6c5f
9440
bc41
e442
0c43
3444
5c45
8446
ac47
d448
fc49
244a
4c4b
744c
9c4d
c44e
ec4f
1450
3c51
6452
8c53
b454
dc55
0456
2c57
5458
7c59
a45a
cc5b
f45c
1c5d
445e
6c5f
9440
bc41
e442
0c43
3444
5c45
8446
ac47
d448
fc49
244a
4c4b
744c
9c4d
c44e
ec4f
1450
3c51
6452
8c53
b454
dc55
0456
2c57
5458
7c59
a45a
cc5b
f45c
1c5d
445e
6c5f
9440
bc41
e442
0c43
3444
5c45
8446
ac47
d448
fc49
244a
4c4b
744c
9c4d
c44e
ec4f
1450
3c51
6452
8c53
b454
dc55
0456
2c57
5458
7c59
a45a
cc5b
f45c
1c5d
445e
6c5f
9440
bc41
e442
0c43
3444
5c45
8446
ac47
d448
fc49
244a
4c4b
744c
9c4d
c44e
ec4f
1450
3c51
6452
8c53
b454
dc55
0456
2c57
5458
7c59
a45a
cc5b
f45c
1c5d
445e
6c5f
9440
bc41
e442
0c43
3444
5c45
8446
ac47
d448
fc49
244a
4c4b
744c
9c4d
c44e
ec4f
1450
3c51
6452
8c53
b454
dc55
0456
2c57
5458
7c59
a45a
cc5b
f45c
1c5d
445e
6c5f
9440
bc41
e442
0c43
3444
5c45
8446
ac47
d448
fc49
244a
4c4b
744c
9c4d
c44e
ec4f
1450
3c51
6452
8c53
b454
dc55
04b7
2cb8
54b9
7cba
a4bb
ccbc
f4bd
1cbe
44bf
6ca0
94a1
bca2
e4a3
0ca4
34a5
5ca6
84a7
aca8
d4a9
fcaa
24ab
4cac
74ad
9cae
c4af
ecb0
14b1
3cb2
64b3
8cb4
b4b5
dcb6
04b7
2cb8
54b9
7cba
a4bb
ccbc
f4bd
1cbe
44bf
6ca0
94a1
bca2
e4a3
0ca4
34a5
5ca6
84a7
aca8
d4a9
fcaa
24ab
4cac
74ad
9cae
c4af
ecb0
14b1
3cb2
64b3
8cb4
b4b5
dcb6
04b7
2cb8
54b9
7cba
a4bb
ccbc
f4bd
1cbe
44bf
6ca0
94a1
bca2
e4a3
0ca4
34a5
5ca6
84a7
aca8
d4a9
fcaa
24ab
4cac
74ad
9cae
c4af
ecb0
14b1
3cb2
64b3
8cb4
b4b5
dcb6
04b7
2cb8
54b9
7cba
a4bb
ccbc
f4bd
1cbe
44bf
6ca0
94a1
bca2
e4a3
0ca4
34a5
5ca6
84a7
aca8
d4a9
fcaa
24ab
4cac
74ad
9cae
c4af
ecb0
14b1
3cb2
64b3
8cb4
b4b5
dcb6
04b7
2cb8
54b9
7cba
a4bb
ccbc
f4bd
1cbe
44bf
6ca0
94a1
bca2
e4a3
0ca4
34a5
5ca6
84a7
aca8
d4a9
fcaa
24ab
4cac
74ad
9cae
c4af
ecb0
14b1
3cb2
64b3
8cb4
b4b5
dcb6
04b7
2cb8
54b9
7cba
a4bb
ccbc
f4bd
1cbe
44bf
6ca0
94a1
bca2
e4a3
0ca4
34a5
5ca6
84a7
aca8
d4a9
fcaa
24ab
4cac
74ad
9cae
c4af
ecb0
14b1
3cb2
64b3
8cb4
b4b5
dcb6
04b7
2cb8
54b9
7cba
a4bb
ccbc
f4bd
1cbe
44bf
6ca0
94a1
bca2
e4a3
0ca4
34a5
5ca6
84a7
aca8
d4a9
fcaa
24ab
4cac
74ad
9cae
c4af
ecb0
14b1
3cb2
64b3
8cb4
b4b5
dcb6
04b7
2cb8
54b9
7cba
a4bb
ccbc
f4bd
1cbe
44bf
6ca0
94a1
bca2
e4a3
0ca4
34a5
5ca6
84a7
aca8
d4a9
fcaa
24ab
4cac
74ad
9cae
c4af
ecb0
14b1
3cb2
64b3
8cb4
b4b5
dcb6
04b7
2cb8
54b9
7cba
a4bb
ccbc
f4bd
1cbe
44bf
6ca0
94a1
bca2
e4a3
0ca4
34a5
5ca6
84a7
aca8
d4a9
fcaa
24ab
4cac
74ad
9cae
c4af
ecb0
14b1
3cb2
64b3
8cb4
b4b5
dcb6
0518
2d19
551a
7d1b
a51c
cd1d
f51e
1d1f
4500
6d01
9502
bd03
e504
0d05
3506
5d07
8508
ad09
d50a
fd0b
250c
4d0d
750e
9d0f
c510
ed11
1512
3d13
6514
8d15
b516
dd17
0518
2d19
551a
7d1b
a51c
cd1d
f51e
1d1f
4500
6d01
9502
bd03
e504
0d05
3506
5d07
8508
ad09
d50a
fd0b
250c
4d0d
750e
9d0f
c510
ed11
1512
3d13
6514
8d15
b516
dd17
0518
2d19
551a
7d1b
a51c
cd1d
f51e
1d1f
4500
6d01
9502
bd03
e504
0d05
3506
5d07
8508
ad09
d50a
fd0b
250c
4d0d
750e
9d0f
c510
ed11
1512
3d13
6514
8d15
b516
dd17
0518
2d19
551a
7d1b
a51c
cd1d
f51e
1d1f
4500
6d01
9502
bd03
e504
0d05
3506
5d07
8508
ad09
d50a
fd0b
250c
4d0d
750e
9d0f
c510
ed11
1512
3d13
6514
8d15
b516
dd17
0518
2d19
551a
7d1b
a51c
cd1d
f51e
1d1f
4500
6d01
9502
bd03
e504
0d05
3506
5d07
8508
ad09
d50a
fd0b
250c
4d0d
750e
9d0f
c510
ed11
1512
3d13
6514
8d15
b516
dd17
0518
2d19
551a
7d1b
a51c
cd1d
f51e
1d1f
4500
6d01
9502
bd03
e504
0d05
3506
5d07
8508
ad09
d50a
fd0b
250c
4d0d
750e
9d0f
c510
ed11
1512
3d13
6514
8d15
b516
dd17
0518
2d19
551a
7d1b
a51c
cd1d
f51e
1d1f
4500
6d01
9502
bd03
e504
0d05
3506
5d07
8508
ad09
d50a
fd0b
250c
4d0d
750e
9d0f
c510
ed11
1512
3d13
6514
8d15
b516
dd17
0518
2d19
551a
7d1b
a51c
cd1d
f51e
1d1f
4500
6d01
9502
bd03
e504
0d05
3506
5d07
8508
ad09
d50a
fd0b
250c
4d0d
750e
9d0f
c510
ed11
1512
3d13
6514
8d15
b516
dd17
0518
2d19
551a
7d1b
a51c
cd1d
f51e
1d1f
4500
6d01
9502
bd03
e504
0d05
3506
5d07
8508
ad09
d50a
fd0b
250c
4d0d
750e
9d0f
c510
ed11
1512
3d13
6514
8d15
b516
dd17
0579
2d7a
557b
7d7c
a57d
cd7e
f57f
1d60
4561
6d62
9563
bd64
e565
0d66
3567
5d68
8569
ad6a
d56b
fd6c
256d
4d6e
756f
9d70
c571
ed72
1573
3d74
6575
8d76
b577
dd78
0579
2d7a
557b
7d7c
a57d
cd7e
f57f
1d60
4561
6d62
9563
bd64
e565
0d66
3567
5d68
8569
ad6a
d56b
fd6c
256d
4d6e
756f
9d70
c571
ed72
1573
3d74
6575
8d76
b577
dd78
0579
2d7a
557b
7d7c
a57d
cd7e
f57f
1d60
4561
6d62
9563
bd64
e565
0d66
3567
5d68
8569
ad6a
d56b
fd6c
256d
4d6e
756f
9d70
c571
ed72
1573
3d74
6575
8d76
b577
dd78
0579
2d7a
557b
7d7c
a57d
cd7e
f57f
1d60
4561
6d62
9563
bd64
e565
0d66
3567
5d68
8569
ad6a
d56b
fd6c
256d
4d6e
756f
9d70
c571
ed72
1573
3d74
6575
8d76
b577
dd78
0579
2d7a
557b
7d7c
a57d
cd7e
f57f
1d60
4561
6d62
9563
bd64
e565
0d66
3567
5d68
8569
ad6a
d56b
fd6c
256d
4d6e
756f
9d70
c571
ed72
1573
3d74
6575
8d76
b577
dd78
0579
2d7a
557b
7d7c
a57d
cd7e
f57f
1d60
4561
6d62
9563
bd64
e565
0d66
3567
5d68
8569
ad6a
d56b
fd6c
256d
4d6e
756f
9d70
c571
ed72
1573
3d74
6575
8d76
b577
dd78
0579
2d7a
557b
7d7c
a57d
cd7e
f57f
1d60
4561
6d62
9563
bd64
e565
0d66
3567
5d68
8569
ad6a
d56b
fd6c
256d
4d6e
756f
9d70
c571
ed72
1573
3d74
6575
8d76
b577
dd78
0579
2d7a
557b
7d7c
a57d
cd7e
f57f
1d60
4561
6d62
9563
bd64
e565
0d66
3567
5d68
8569
ad6a
d56b
fd6c
256d
4d6e
756f
9d70
c571
ed72
1573
3d74
6575
8d76
b577
dd78
0579
2d7a
557b
7d7c
a57d
cd7e
f57f
1d60
4561
6d62
9563
bd64
e565
0d66
3567
5d68
8569
ad6a
d56b
fd6c
256d
4d6e
756f
9d70
c571
ed72
1573
3d74
6575
8d76
b577
dd78
05da
2ddb
55dc
7ddd
a5de
cddf
f5c0
1dc1
45c2
6dc3
95c4
bdc5
e5c6
0dc7
35c8
5dc9
85ca
adcb
d5cc
fdcd
25ce
4dcf
75d0
9dd1
c5d2
edd3
15d4
3dd5
65d6
8dd7
b5d8
ddd9
05da
2ddb
55dc
7ddd
a5de
cddf
f5c0
1dc1
45c2
6dc3
95c4
bdc5
e5c6
0dc7
35c8
5dc9
85ca
adcb
d5cc
fdcd
25ce
4dcf
75d0
9dd1
c5d2
edd3
15d4
3dd5
65d6
8dd7
b5d8
ddd9
05da
2ddb
55dc
7ddd
a5de
cddf
f5c0
1dc1
45c2
6dc3
95c4
bdc5
e5c6
0dc7
35c8
5dc9
85ca
adcb
d5cc
fdcd
25ce
4dcf
75d0
9dd1
c5d2
edd3
15d4
3dd5
65d6
8dd7
b5d8
ddd9
05da
2ddb
55dc
7ddd
a5de
cddf
f5c0
1dc1
45c2
6dc3
95c4
bdc5
e5c6
0dc7
35c8
5dc9
85ca
adcb
d5cc
fdcd
25ce
4dcf
75d0
9dd1
c5d2
edd3
15d4
3dd5
65d6
8dd7
b5d8
ddd9
05da
2ddb
55dc
7ddd
a5de
cddf
f5c0
1dc1
45c2
6dc3
95c4
bdc5
e5c6
0dc7
35c8
5dc9
85ca
adcb
d5cc
fdcd
25ce
4dcf
75d0
9dd1
c5d2
edd3
15d4
3dd5
65d6
8dd7
b5d8
ddd9
05da
2ddb
55dc
7ddd
a5de
cddf
f5c0
1dc1
45c2
6dc3
95c4
bdc5
e5c6
0dc7
35c8
5dc9
85ca
adcb
d5cc
fdcd
25ce
4dcf
75d0
9dd1
c5d2
edd3
15d4
3dd5
65d6
8dd7
b5d8
ddd9
05da
2ddb
55dc
7ddd
a5de
cddf
f5c0
1dc1
45c2
6dc3
95c4
bdc5
e5c6
0dc7
35c8
5dc9
85ca
adcb
d5cc
fdcd
25ce
4dcf
75d0
9dd1
c5d2
edd3
15d4
3dd5
65d6
8dd7
b5d8
ddd9
05da
2ddb
55dc
7ddd
a5de
cddf
f5c0
1dc1
45c2
6dc3
95c4
bdc5
e5c6
0dc7
35c8
5dc9
85ca
adcb
d5cc
fdcd
25ce
4dcf
75d0
9dd1
c5d2
edd3
15d4
3dd5
65d6
8dd7
b5d8
ddd9
05da
2ddb
55dc
7ddd
a5de
cddf
f5c0
1dc1
45c2
6dc3
95c4
bdc5
e5c6
0dc7
35c8
5dc9
85ca
adcb
d5cc
fdcd
25ce
4dcf
75d0
9dd1
c5d2
edd3
15d4
3dd5
65d6
8dd7
b5d8
ddd9
063b
2e3c
563d
7e3e
a63f
ce20
f621
1e22
4623
6e24
9625
be26
e627
0e28
3629
5e2a
862b
ae2c
d62d
fe2e
262f
4e30
7631
9e32
c633
ee34
1635
3e36
6637
8e38
b639
de3a
063b
2e3c
563d
7e3e
a63f
ce20
f621
1e22
4623
6e24
9625
be26
e627
0e28
3629
5e2a
862b
ae2c
d62d
fe2e
262f
4e30
7631
9e32
c633
ee34
1635
3e36
6637
8e38
b639
de3a
063b
2e3c
563d
7e3e
a63f
ce20
f621
1e22
4623
6e24
9625
be26
e627
0e28
3629
5e2a
862b
ae2c
d62d
fe2e
262f
4e30
7631
9e32
c633
ee34
1635
3e36
6637
8e38
b639
de3a
063b
2e3c
563d
7e3e
a63f
ce20
f621
1e22
4623
6e24
9625
be26
e627
0e28
3629
5e2a
862b
ae2c
d62d
fe2e
262f
4e30
7631
9e32
c633
ee34
1635
3e36
6637
8e38
b639
de3a
063b
2e3c
563d
7e3e
a63f
ce20
f621
1e22
4623
6e24
9625
be26
e627
0e28
3629
5e2a
862b
ae2c
d62d
fe2e
262f
4e30
7631
9e32
c633
ee34
1635
3e36
6637
8e38
b639
de3a
063b
2e3c
563d
7e3e
a63f
ce20
f621
1e22
4623
6e24
9625
be26
e627
0e28
3629
5e2a
862b
ae2c
d62d
fe2e
262f
4e30
7631
9e32
c633
ee34
1635
3e36
6637
8e38
b639
de3a
063b
2e3c
563d
7e3e
a63f
ce20
f621
1e22
4623
6e24
9625
be26
e627
0e28
3629
5e2a
862b
ae2c
d62d
fe2e
262f
4e30
7631
9e32
c633
ee34
1635
3e36
6637
8e38
b639
de3a
063b
2e3c
563d
7e3e
a63f
ce20
f621
1e22
4623
6e24
9625
be26
e627
0e28
3629
5e2a
862b
ae2c
d62d
fe2e
262f
4e30
7631
9e32
c633
ee34
1635
3e36
6637
8e38
b639
de3a
063b
2e3c
563d
7e3e
a63f
ce20
f621
1e22
4623
6e24
9625
be26
e627
0e28
3629
5e2a
862b
ae2c
d62d
fe2e
262f
4e30
7631
9e32
c633
ee34
1635
3e36
6637
8e38
b639
de3a
069c
2e9d
569e
7e9f
a680
ce81
f682
1e83
4684
6e85
9686
be87
e688
0e89
368a
5e8b
868c
ae8d
d68e
fe8f
2690
4e91
7692
9e93
c694
ee95
1696
3e97
6698
8e99
b69a
de9b
069c
2e9d
569e
7e9f
a680
ce81
f682
1e83
4684
6e85
9686
be87
e688
0e89
368a
5e8b
868c
ae8d
d68e
fe8f
2690
4e91
7692
9e93
c694
ee95
1696
3e97
6698
8e99
b69a
de9b
069c
2e9d
569e
7e9f
a680
ce81
f682
1e83
4684
6e85
9686
be87
e688
0e89
368a
5e8b
868c
ae8d
d68e
fe8f
2690
4e91
7692
9e93
c694
ee95
1696
3e97
6698
8e99
b69a
de9b
069c
2e9d
569e
7e9f
a680
ce81
f682
1e83
4684
6e85
9686
be87
e688
0e89
368a
5e8b
868c
ae8d
d68e
fe8f
2690
4e91
7692
9e93
c694
ee95
1696
3e97
6698
8e99
b69a
de9b
069c
2e9d
569e
7e9f
a680
ce81
f682
1e83
4684
6e85
9686
be87
e688
0e89
368a
5e8b
868c
ae8d
d68e
fe8f
2690
4e91
7692
9e93
c694
ee95
1696
3e97
6698
8e99
b69a
de9b
069c
2e9d
569e
7e9f
a680
ce81
f682
1e83
4684
6e85
9686
be87
e688
0e89
368a
5e8b
868c
ae8d
d68e
fe8f
2690
4e91
7692
9e93
c694
ee95
1696
3e97
6698
8e99
b69a
de9b
069c
2e9d
569e
7e9f
a680
ce81
f682
1e83
4684
6e85
9686
be87
e688
0e89
368a
5e8b
868c
ae8d
d68e
fe8f
2690
4e91
7692
9e93
c694
ee95
1696
3e97
6698
8e99
b69a
de9b
069c
2e9d
569e
7e9f
a680
ce81
f682
1e83
4684
6e85
9686
be87
e688
0e89
368a
5e8b
868c
ae8d
d68e
fe8f
2690
4e91
7692
9e93
c694
ee95
1696
3e97
6698
8e99
b69a
de9b
069c
2e9d
569e
7e9f
a680
ce81
f682
1e83
4684
6e85
9686
be87
e688
0e89
368a
5e8b
868c
ae8d
d68e
fe8f
2690
4e91
7692
9e93
c694
ee95
1696
3e97
6698
8e99
b69a
de9b
06fd
2efe
56ff
7ee0
a6e1
cee2
f6e3
1ee4
46e5
6ee6
96e7
bee8
e6e9
0eea
36eb
5eec
86ed
aeee
d6ef
fef0
26f1
4ef2
76f3
9ef4
c6f5
eef6
16f7
3ef8
66f9
8efa
b6fb
defc
06fd
2efe
56ff
7ee0
a6e1
cee2
f6e3
1ee4
46e5
6ee6
96e7
bee8
e6e9
0eea
36eb
5eec
86ed
aeee
d6ef
fef0
26f1
4ef2
76f3
9ef4
c6f5
eef6
16f7
3ef8
66f9
8efa
b6fb
defc
06fd
2efe
56ff
7ee0
a6e1
cee2
f6e3
1ee4
46e5
6ee6
96e7
bee8
e6e9
0eea
36eb
5eec
86ed
aeee
d6ef
fef0
26f1
4ef2
76f3
9ef4
c6f5
eef6
16f7
3ef8
66f9
8efa
b6fb
defc
06fd
2efe
56ff
7ee0
a6e1
cee2
f6e3
1ee4
46e5
6ee6
96e7
bee8
e6e9
0eea
36eb
5eec
86ed
aeee
d6ef
fef0
26f1
4ef2
76f3
9ef4
c6f5
eef6
16f7
3ef8
66f9
8efa
b6fb
defc
06fd
2efe
56ff
7ee0
a6e1
cee2
f6e3
1ee4
46e5
6ee6
96e7
bee8
e6e9
0eea
36eb
5eec
86ed
aeee
d6ef
fef0
26f1
4ef2
76f3
9ef4
c6f5
eef6
16f7
3ef8
66f9
8efa
b6fb
defc
06fd
2efe
56ff
7ee0
a6e1
cee2
f6e3
1ee4
46e5
6ee6
96e7
bee8
e6e9
0eea
36eb
5eec
86ed
aeee
d6ef
fef0
26f1
4ef2
76f3
9ef4
c6f5
eef6
16f7
3ef8
66f9
8efa
b6fb
defc
06fd
2efe
56ff
7ee0
a6e1
cee2
f6e3
1ee4
46e5
6ee6
96e7
bee8
e6e9
0eea
36eb
5eec
86ed
aeee
d6ef
fef0
26f1
4ef2
76f3
9ef4
c6f5
eef6
16f7
3ef8
66f9
8efa
b6fb
defc
06fd
2efe
56ff
7ee0
a6e1
cee2
f6e3
1ee4
46e5
6ee6
96e7
bee8
e6e9
0eea
36eb
5eec
86ed
aeee
d6ef
fef0
26f1
4ef2
76f3
9ef4
c6f5
eef6
16f7
3ef8
66f9
8efa
b6fb
defc
06fd
2efe
56ff
7ee0
a6e1
cee2
f6e3
1ee4
46e5
6ee6
96e7
bee8
e6e9
0eea
36eb
5eec
86ed
aeee
d6ef
fef0
26f1
4ef2
76f3
9ef4
c6f5
eef6
16f7
3ef8
66f9
8efa
b6fb
defc
075e
2f5f
5740
7f41
a742
cf43
f744
1f45
4746
6f47
9748
bf49
e74a
0f4b
374c
5f4d
874e
af4f
d750
ff51
2752
4f53
7754
9f55
c756
ef57
1758
3f59
675a
8f5b
b75c
df5d
075e
2f5f
5740
7f41
a742
cf43
f744
1f45
4746
6f47
9748
bf49
e74a
0f4b
374c
5f4d
874e
af4f
d750
ff51
2752
4f53
7754
9f55
c756
ef57
1758
3f59
675a
8f5b
b75c
df5d
075e
2f5f
5740
7f41
a742
cf43
f744
1f45
4746
6f47
9748
bf49
e74a
0f4b
374c
5f4d
874e
af4f
d750
ff51
2752
4f53
7754
9f55
c756
ef57
1758
3f59
675a
8f5b
b75c
df5d
075e
2f5f
5740
7f41
a742
cf43
f744
1f45
4746
6f47
9748
bf49
e74a
0f4b
374c
5f4d
874e
af4f
d750
ff51
2752
4f53
7754
9f55
c756
ef57
1758
3f59
675a
8f5b
b75c
df5d
075e
2f5f
5740
7f41
a742
cf43
f744
1f45
4746
6f47
9748
bf49
e74a
0f4b
374c
5f4d
874e
af4f
d750
ff51
2752
4f53
7754
9f55
c756
ef57
1758
3f59
675a
8f5b
b75c
df5d
075e
2f5f
5740
7f41
a742
cf43
f744
1f45
4746
6f47
9748
bf49
e74a
0f4b
374c
5f4d
874e
af4f
d750
ff51
2752
4f53
7754
9f55
c756
ef57
1758
3f59
675a
8f5b
b75c
df5d
075e
2f5f
5740
7f41
a742
cf43
f744
1f45
4746
6f47
9748
bf49
e74a
0f4b
374c
5f4d
874e
af4f
d750
ff51
2752
4f53
7754
9f55
c756
ef57
1758
3f59
675a
8f5b
b75c
df5d
075e
2f5f
5740
7f41
a742
cf43
f744
1f45
4746
6f47
9748
bf49
e74a
0f4b
374c
5f4d
874e
af4f
d750
ff51
2752
4f53
7754
9f55
c756
ef57
1758
3f59
675a
8f5b
b75c
df5d
075e
2f5f
5740
7f41
a742
cf43
f744
1f45
4746
6f47
9748
bf49
e74a
0f4b
374c
5f4d
874e
af4f
d750
ff51
2752
4f53
7754
9f55
c756
ef57
1758
3f59
675a
8f5b
b75c
df5d
07bf
2fa0
57a1
7fa2
a7a3
cfa4
f7a5
1fa6
47a7
6fa8
97a9
bfaa
e7ab
0fac
37ad
5fae
87af
afb0
d7b1
ffb2
27b3
4fb4
77b5
9fb6
c7b7
efb8
17b9
3fba
67bb
8fbc
b7bd
dfbe
07bf
2fa0
57a1
7fa2
a7a3
cfa4
f7a5
1fa6
47a7
6fa8
97a9
bfaa
e7ab
0fac
37ad
5fae
87af
afb0
d7b1
ffb2
27b3
4fb4
77b5
9fb6
c7b7
efb8
17b9
3fba
67bb
8fbc
b7bd
dfbe
07bf
2fa0
57a1
7fa2
a7a3
cfa4
f7a5
1fa6
47a7
6fa8
97a9
bfaa
e7ab
0fac
37ad
5fae
87af
afb0
d7b1
ffb2
27b3
4fb4
77b5
9fb6
c7b7
efb8
17b9
3fba
67bb
8fbc
b7bd
dfbe
07bf
2fa0
57a1
7fa2
a7a3
cfa4
f7a5
1fa6
47a7
6fa8
97a9
bfaa
e7ab
0fac
37ad
5fae
87af
afb0
d7b1
ffb2
27b3
4fb4
77b5
9fb6
c7b7
efb8
17b9
3fba
67bb
8fbc
b7bd
dfbe
07bf
2fa0
57a1
7fa2
a7a3
cfa4
f7a5
1fa6
47a7
6fa8
97a9
bfaa
e7ab
0fac
37ad
5fae
87af
afb0
d7b1
ffb2
27b3
4fb4
77b5
9fb6
c7b7
efb8
17b9
3fba
67bb
8fbc
b7bd
dfbe
07bf
2fa0
57a1
7fa2
a7a3
cfa4
f7a5
1fa6
47a7
6fa8
97a9
bfaa
e7ab
0fac
37ad
5fae
87af
afb0
d7b1
ffb2
27b3
4fb4
77b5
9fb6
c7b7
efb8
17b9
3fba
67bb
8fbc
b7bd
dfbe
07bf
2fa0
57a1
7fa2
a7a3
cfa4
f7a5
1fa6
47a7
6fa8
97a9
bfaa
e7ab
0fac
37ad
5fae
87af
afb0
d7b1
ffb2
27b3
4fb4
77b5
9fb6
c7b7
efb8
17b9
3fba
67bb
8fbc
b7bd
dfbe
07bf
2fa0
57a1
7fa2
a7a3
cfa4
f7a5
1fa6
47a7
6fa8
97a9
bfaa
e7ab
0fac
37ad
5fae
87af
afb0
d7b1
ffb2
27b3
4fb4
77b5
9fb6
c7b7
efb8
17b9
3fba
67bb
8fbc
b7bd
dfbe
07bf
2fa0
57a1
7fa2
a7a3
cfa4
f7a5
1fa6
47a7
6fa8
97a9
bfaa
e7ab
0fac
37ad
5fae
87af
afb0
d7b1
ffb2
27b3
4fb4
77b5
9fb6
c7b7
efb8
17b9
3fba
67bb
8fbc
b7bd
dfbe
0000
2801
5002
7803
a004
c805
f006
1807
4008
6809
900a
b80b
e00c
080d
300e
580f
8010
a811
d012
f813
2014
4815
7016
9817
c018
e819
101a
381b
601c
881d
b01e
d81f
0000
2801
5002
7803
a004
c805
f006
1807
4008
6809
900a
b80b
e00c
080d
300e
580f
8010
a811
d012
f813
2014
4815
7016
9817
c018
e819
101a
381b
601c
881d
b01e
d81f
0000
2801
5002
7803
a004
c805
f006
1807
4008
6809
900a
b80b
e00c
080d
300e
580f
8010
a811
d012
f813
2014
4815
7016
9817
c018
e819
101a
381b
601c
881d
b01e
d81f
0000
2801
5002
7803
a004
c805
f006
1807
4008
6809
900a
b80b
e00c
080d
300e
580f
8010
a811
d012
f813
2014
4815
7016
9817
c018
e819
101a
381b
601c
881d
b01e
d81f
0000
2801
5002
7803
a004
c805
f006
1807
4008
6809
900a
b80b
e00c
080d
300e
580f
8010
a811
d012
f813
2014
4815
7016
9817
c018
e819
101a
381b
601c
881d
b01e
d81f
0000
2801
5002
7803
a004
c805
f006
1807
4008
6809
900a
b80b
e00c
080d
300e
580f
8010
a811
d012
f813
2014
4815
7016
9817
c018
e819
101a
381b
601c
881d
b01e
d81f
0000
2801
5002
7803
a004
c805
f006
1807
4008
6809
900a
b80b
e00c
080d
300e
580f
8010
a811
d012
f813
2014
4815
7016
9817
c018
e819
101a
381b
601c
881d
b01e
d81f
0000
2801
5002
7803
a004
c805
f006
1807
4008
6809
900a
b80b
e00c
080d
300e
580f
8010
a811
d012
f813
2014
4815
7016
9817
c018
e819
101a
381b
601c
881d
b01e
d81f
0000
2801
5002
7803
a004
c805
f006
1807
4008
6809
900a
b80b
e00c
080d
300e
580f
8010
a811
d012
f813
2014
4815
7016
9817
c018
e819
101a
381b
601c
881d
b01e
d81f
0061
2862
5063
7864
a065
c866
f067
1868
4069
686a
906b
b86c
e06d
086e
306f
5870
8071
a872
d073
f874
2075
4876
7077
9878
c079
e87a
107b
387c
607d
887e
b07f
d860
0061
2862
5063
7864
a065
c866
f067
1868
4069
686a
906b
b86c
e06d
086e
306f
5870
8071
a872
d073
f874
2075
4876
7077
9878
c079
e87a
107b
387c
607d
887e
b07f
d860
0061
2862
5063
7864
a065
c866
f067
1868
4069
686a
906b
b86c
e06d
086e
306f
5870
8071
a872
d073
f874
2075
4876
7077
9878
c079
e87a
107b
387c
607d
887e
b07f
d860
0061
2862
5063
7864
a065
c866
f067
1868
4069
686a
906b
b86c
e06d
086e
306f
5870
8071
a872
d073
f874
2075
4876
7077
9878
c079
e87a
107b
387c
607d
887e
b07f
d860
0061
2862
5063
7864
a065
c866
f067
1868
4069
686a
906b
b86c
e06d
086e
306f
5870
8071
a872
d073
f874
2075
4876
7077
9878
c079
e87a
107b
387c
607d
887e
b07f
d860
0061
2862
5063
7864
a065
c866
f067
1868
4069
686a
906b
b86c
e06d
086e
306f
5870
8071
a872
d073
f874
2075
4876
7077
9878
c079
e87a
107b
387c
607d
887e
b07f
d860
0061
2862
5063
7864
a065
c866
f067
1868
4069
686a
906b
b86c
e06d
086e
306f
5870
8071
a872
d073
f874
2075
4876
7077
9878
c079
e87a
107b
387c
607d
887e
b07f
d860
0061
2862
5063
7864
a065
c866
f067
1868
4069
686a
906b
b86c
e06d
086e
306f
5870
8071
a872
d073
f874
2075
4876
7077
9878
c079
e87a
107b
387c
607d
887e
b07f
d860
0061
2862
5063
7864
a065
c866
f067
1868
4069
686a
906b
b86c
e06d
086e
306f
5870
8071
a872
d073
f874
2075
4876
7077
9878
c079
e87a
107b
387c
607d
887e
b07f
d860
00c2
28c3
50c4
78c5
a0c6
c8c7
f0c8
18c9
40ca
68cb
90cc
b8cd
e0ce
08cf
30d0
58d1
80d2
a8d3
d0d4
f8d5
20d6
48d7
70d8
98d9
c0da
e8db
10dc
38dd
60de
88df
b0c0
d8c1
00c2
28c3
50c4
78c5
a0c6
c8c7
f0c8
18c9
40ca
68cb
90cc
b8cd
e0ce
08cf
30d0
58d1
80d2
a8d3
d0d4
f8d5
20d6
48d7
70d8
98d9
c0da
e8db
10dc
38dd
60de
88df
b0c0
d8c1
00c2
28c3
50c4
78c5
a0c6
c8c7
f0c8
18c9
40ca
68cb
90cc
b8cd
e0ce
08cf
30d0
58d1
80d2
a8d3
d0d4
f8d5
20d6
48d7
70d8
98d9
c0da
e8db
10dc
38dd
60de
88df
b0c0
d8c1
00c2
28c3
50c4
78c5
a0c6
c8c7
f0c8
18c9
40ca
68cb
90cc
b8cd
e0ce
08cf
30d0
58d1
80d2
a8d3
d0d4
f8d5
20d6
48d7
70d8
98d9
c0da
e8db
10dc
38dd
60de
88df
b0c0
d8c1
00c2
28c3
50c4
78c5
a0c6
c8c7
f0c8
18c9
40ca
68cb
90cc
b8cd
e0ce
08cf
30d0
58d1
80d2
a8d3
d0d4
f8d5
20d6
48d7
70d8
98d9
c0da
e8db
10dc
38dd
60de
88df
b0c0
d8c1
00c2
28c3
50c4
78c5
a0c6
c8c7
f0c8
18c9
40ca
68cb
90cc
b8cd
e0ce
08cf
30d0
58d1
80d2
a8d3
d0d4
f8d5
20d6
48d7
70d8
98d9
c0da
e8db
10dc
38dd
60de
88df
b0c0
d8c1
00c2
28c3
50c4
78c5
a0c6
c8c7
f0c8
18c9
40ca
68cb
90cc
b8cd
e0ce
08cf
30d0
58d1
80d2
a8d3
d0d4
f8d5
20d6
48d7
70d8
98d9
c0da
e8db
10dc
38dd
60de
88df
b0c0
d8c1
00c2
28c3
50c4
78c5
a0c6
c8c7
f0c8
18c9
40ca
68cb
90cc
b8cd
e0ce
08cf
30d0
58d1
80d2
a8d3
d0d4
f8d5
20d6
48d7
70d8
98d9
c0da
e8db
10dc
38dd
60de
88df
b0c0
d8c1
00c2
28c3
50c4
78c5
a0c6
c8c7
f0c8
18c9
40ca
68cb
90cc
b8cd
e0ce
08cf
30d0
58d1
80d2
a8d3
d0d4
f8d5
20d6
48d7
70d8
98d9
c0da
e8db
10dc
38dd
60de
88df
b0c0
d8c1
0123
2924
5125
7926
a127
c928
f129
192a
412b
692c
912d
b92e
e12f
0930
3131
5932
8133
a934
d135
f936
2137
4938
7139
993a
c13b
e93c
113d
393e
613f
8920
b121
d922
0123
2924
5125
7926
a127
c928
f129
192a
412b
692c
912d
b92e
e12f
0930
3131
5932
8133
a934
d135
f936
2137
4938
7139
993a
c13b
e93c
113d
393e
613f
8920
b121
d922
0123
2924
5125
7926
a127
c928
f129
192a
412b
692c
912d
b92e
e12f
0930
3131
5932
8133
a934
d135
f936
2137
4938
7139
993a
c13b
e93c
113d
393e
613f
8920
b121
d922
0123
2924
5125
7926
a127
c928
f129
192a
412b
692c
912d
b92e
e12f
0930
3131
5932
8133
a934
d135
f936
2137
4938
7139
993a
c13b
e93c
113d
393e
613f
8920
b121
d922
0123
2924
5125
7926
a127
c928
f129
192a
412b
692c
912d
b92e
e12f
0930
3131
5932
8133
a934
d135
f936
2137
4938
7139
993a
c13b
e93c
113d
393e
613f
8920
b121
d922
0123
2924
5125
7926
a127
c928
f129
192a
412b
692c
912d
b92e
e12f
0930
3131
5932
8133
a934
d135
f936
2137
4938
7139
993a
c13b
e93c
113d
393e
613f
8920
b121
d922
0123
2924
5125
7926
a127
c928
f129
192a
412b
692c
912d
b92e
e12f
0930
3131
5932
8133
a934
d135
f936
2137
4938
7139
993a
c13b
e93c
113d
393e
613f
8920
b121
d922
0123
2924
5125
7926
a127
c928
f129
192a
412b
692c
912d
b92e
e12f
0930
3131
5932
8133
a934
d135
f936
2137
4938
7139
993a
c13b
e93c
113d
393e
613f
8920
b121
d922
0123
2924
5125
7926
a127
c928
f129
192a
412b
692c
912d
b92e
e12f
0930
3131
5932
8133
a934
d135
f936
2137
4938
7139
993a
c13b
e93c
113d
393e
613f
8920
b121
d922
0184
2985
5186
7987
a188
c989
f18a
198b
418c
698d
918e
b98f
e190
0991
3192
5993
8194
a995
d196
f997
2198
4999
719a
999b
c19c
e99d
119e
399f
6180
8981
b182
d983
0184
2985
5186
7987
a188
c989
f18a
198b
418c
698d
918e
b98f
e190
0991
3192
5993
8194
a995
d196
f997
2198
4999
719a
999b
c19c
e99d
119e
399f
6180
8981
b182
d983
0184
2985
5186
7987
a188
c989
f18a
198b
418c
698d
918e
b98f
e190
0991
3192
5993
8194
a995
d196
f997
2198
4999
719a
999b
c19c
e99d
119e
399f
6180
8981
b182
d983
0184
2985
5186
7987
a188
c989
f18a
198b
418c
698d
918e
b98f
e190
0991
3192
5993
8194
a995
d196
f997
2198
4999
719a
999b
c19c
e99d
119e
399f
6180
8981
b182
d983
0184
2985
5186
7987
a188
c989
f18a
198b
418c
698d
918e
b98f
e190
0991
3192
5993
8194
a995
d196
f997
2198
4999
719a
999b
c19c
e99d
119e
399f
6180
8981
b182
d983
0184
2985
5186
7987
a188
c989
f18a
198b
418c
698d
918e
b98f
e190
0991
3192
5993
8194
a995
d196
f997
2198
4999
719a
999b
c19c
e99d
119e
399f
6180
8981
b182
d983
0184
2985
5186
7987
a188
c989
f18a
198b
418c
698d
918e
b98f
e190
0991
3192
5993
8194
a995
d196
f997
2198
4999
719a
999b
c19c
e99d
119e
399f
6180
8981
b182
d983
0184
2985
5186
7987
a188
c989
f18a
198b
418c
698d
918e
b98f
e190
0991
3192
5993
8194
a995
d196
f997
2198
4999
719a
999b
c19c
e99d
119e
399f
6180
8981
b182
d983
0184
2985
5186
7987
a188
c989
f18a
198b
418c
698d
918e
b98f
e190
0991
3192
5993
8194
a995
d196
f997
2198
4999
719a
999b
c19c
e99d
119e
399f
6180
8981
b182
d983
01e5
29e6
51e7
79e8
a1e9
c9ea
f1eb
19ec
41ed
69ee
91ef
b9f0
e1f1
09f2
31f3
59f4
81f5
a9f6
d1f7
f9f8
21f9
49fa
71fb
99fc
c1fd
e9fe
11ff
39e0
61e1
89e2
b1e3
d9e4
01e5
29e6
51e7
79e8
a1e9
c9ea
f1eb
19ec
41ed
69ee
91ef
b9f0
e1f1
09f2
31f3
59f4
81f5
a9f6
d1f7
f9f8
21f9
49fa
71fb
99fc
c1fd
e9fe
11ff
39e0
61e1
89e2
b1e3
d9e4
01e5
29e6
51e7
79e8
a1e9
c9ea
f1eb
19ec
41ed
69ee
91ef
b9f0
e1f1
09f2
31f3
59f4
81f5
a9f6
d1f7
f9f8
21f9
49fa
71fb
99fc
c1fd
e9fe
11ff
39e0
61e1
89e2
b1e3
d9e4
01e5
29e6
51e7
79e8
a1e9
c9ea
f1eb
19ec
41ed
69ee
91ef
b9f0
e1f1
09f2
31f3
59f4
81f5
a9f6
d1f7
f9f8
21f9
49fa
71fb
99fc
c1fd
e9fe
11ff
39e0
61e1
89e2
b1e3
d9e4
01e5
29e6
51e7
79e8
a1e9
c9ea
f1eb
19ec
41ed
69ee
91ef
b9f0
e1f1
09f2
31f3
59f4
81f5
a9f6
d1f7
f9f8
21f9
49fa
71fb
99fc
c1fd
e9fe
11ff
39e0
61e1
89e2
b1e3
d9e4
01e5
29e6
51e7
79e8
a1e9
c9ea
f1eb
19ec
41ed
69ee
91ef
b9f0
e1f1
09f2
31f3
59f4
81f5
a9f6
d1f7
f9f8
21f9
49fa
71fb
99fc
c1fd
e9fe
11ff
39e0
61e1
89e2
b1e3
d9e4
01e5
29e6
51e7
79e8
a1e9
c9ea
f1eb
19ec
41ed
69ee
91ef
b9f0
e1f1
09f2
31f3
59f4
81f5
a9f6
d1f7
f9f8
21f9
49fa
71fb
99fc
c1fd
e9fe
11ff
39e0
61e1
89e2
b1e3
d9e4
01e5
29e6
51e7
79e8
a1e9
c9ea
f1eb
19ec
41ed
69ee
91ef
b9f0
e1f1
09f2
31f3
59f4
81f5
a9f6
d1f7
f9f8
21f9
49fa
71fb
99fc
c1fd
e9fe
11ff
39e0
61e1
89e2
b1e3
d9e4
01e5
29e6
51e7
79e8
a1e9
c9ea
f1eb
19ec
41ed
69ee
91ef
b9f0
e1f1
09f2
31f3
59f4
81f5
a9f6
d1f7
f9f8
21f9
49fa
71fb
99fc
c1fd
e9fe
11ff
39e0
61e1
89e2
b1e3
d9e4
0246
2a47
5248
7a49
a24a
ca4b
f24c
1a4d
424e
6a4f
9250
ba51
e252
0a53
3254
5a55
8256
aa57
d258
fa59
225a
4a5b
725c
9a5d
c25e
ea5f
1240
3a41
6242
8a43
b244
da45
0246
2a47
5248
7a49
a24a
ca4b
f24c
1a4d
424e
6a4f
9250
ba51
e252
0a53
3254
5a55
8256
aa57
d258
fa59
225a
4a5b
725c
9a5d
c25e
ea5f
1240
3a41
6242
8a43
b244
da45
0246
2a47
5248
7a49
a24a
ca4b
f24c
1a4d
424e
6a4f
9250
ba51
e252
0a53
3254
5a55
8256
aa57
d258
fa59
225a
4a5b
725c
9a5d
c25e
ea5f
1240
3a41
6242
8a43
b244
da45
0246
2a47
5248
7a49
a24a
ca4b
f24c
1a4d
424e
6a4f
9250
ba51
e252
0a53
3254
5a55
8256
aa57
d258
fa59
225a
4a5b
725c
9a5d
c25e
ea5f
1240
3a41
6242
8a43
b244
da45
0246
2a47
5248
7a49
a24a
ca4b
f24c
1a4d
424e
6a4f
9250
ba51
e252
0a53
3254
5a55
8256
aa57
d258
fa59
225a
4a5b
725c
9a5d
c25e
ea5f
1240
3a41
6242
8a43
b244
da45
0246
2a47
5248
7a49
a24a
ca4b
f24c
1a4d
424e
6a4f
9250
ba51
e252
0a53
3254
5a55
8256
aa57
d258
fa59
225a
4a5b
725c
9a5d
c25e
ea5f
1240
3a41
6242
8a43
b244
da45
0246
2a47
5248
7a49
a24a
ca4b
f24c
1a4d
424e
6a4f
9250
ba51
e252
0a53
3254
5a55
8256
aa57
d258
fa59
225a
4a5b
725c
9a5d
c25e
ea5f
1240
3a41
6242
8a43
b244
da45
0246
2a47
5248
7a49
a24a
ca4b
f24c
1a4d
424e
6a4f
9250
ba51
e252
0a53
3254
5a55
8256
aa57
d258
fa59
225a
4a5b
725c
9a5d
c25e
ea5f
1240
3a41
6242
8a43
b244
da45
0246
2a47
5248
7a49
a24a
ca4b
f24c
1a4d
424e
6a4f
9250
ba51
e252
0a53
3254
5a55
8256
aa57
d258
fa59
225a
4a5b
725c
9a5d
c25e
ea5f
1240
3a41
6242
8a43
b244
da45
02a7
2aa8
52a9
7aaa
a2ab
caac
f2ad
1aae
42af
6ab0
92b1
bab2
e2b3
0ab4
32b5
5ab6
82b7
aab8
d2b9
faba
22bb
4abc
72bd
9abe
c2bf
eaa0
12a1
3aa2
62a3
8aa4
b2a5
daa6
02a7
2aa8
52a9
7aaa
a2ab
caac
f2ad
1aae
42af
6ab0
92b1
bab2
e2b3
0ab4
32b5
5ab6
82b7
aab8
d2b9
faba
22bb
4abc
72bd
9abe
c2bf
eaa0
12a1
3aa2
62a3
8aa4
b2a5
daa6
02a7
2aa8
52a9
7aaa
a2ab
caac
f2ad
1aae
42af
6ab0
92b1
bab2
e2b3
0ab4
32b5
5ab6
82b7
aab8
d2b9
faba
22bb
4abc
72bd
9abe
c2bf
eaa0
12a1
3aa2
62a3
8aa4
b2a5
daa6
02a7
2aa8
52a9
7aaa
a2ab
caac
f2ad
1aae
42af
6ab0
92b1
bab2
e2b3
0ab4
32b5
5ab6
82b7
aab8
d2b9
faba
22bb
4abc
72bd
9abe
c2bf
eaa0
12a1
3aa2
62a3
8aa4
b2a5
daa6
02a7
2aa8
52a9
7aaa
a2ab
caac
f2ad
1aae
42af
6ab0
92b1
bab2
e2b3
0ab4
32b5
5ab6
82b7
aab8
d2b9
faba
22bb
4abc
72bd
9abe
c2bf
eaa0
12a1
3aa2
62a3
8aa4
b2a5
daa6
02a7
2aa8
52a9
7aaa
a2ab
caac
f2ad
1aae
42af
6ab0
92b1
bab2
e2b3
0ab4
32b5
5ab6
82b7
aab8
d2b9
faba
22bb
4abc
72bd
9abe
c2bf
eaa0
12a1
3aa2
62a3
8aa4
b2a5
daa6
02a7
2aa8
52a9
7aaa
a2ab
caac
f2ad
1aae
42af
6ab0
92b1
bab2
e2b3
0ab4
32b5
5ab6
82b7
aab8
d2b9
faba
22bb
4abc
72bd
9abe
c2bf
eaa0
12a1
3aa2
62a3
8aa4
b2a5
daa6
02a7
2aa8
52a9
7aaa
a2ab
caac
f2ad
1aae
42af
6ab0
92b1
bab2
e2b3
0ab4
32b5
5ab6
82b7
aab8
d2b9
faba
22bb
4abc
72bd
9abe
c2bf
eaa0
12a1
3aa2
62a3
8aa4
b2a5
daa6
02a7
2aa8
52a9
7aaa
a2ab
caac
f2ad
1aae
42af
6ab0
92b1
bab2
e2b3
0ab4
32b5
5ab6
82b7
aab8
d2b9
faba
22bb
4abc
72bd
9abe
c2bf
eaa0
12a1
3aa2
62a3
8aa4
b2a5
daa6
0308
2b09
530a
7b0b
a30c
cb0d
f30e
1b0f
4310
6b11
9312
bb13
e314
0b15
3316
5b17
8318
ab19
d31a
fb1b
231c
4b1d
731e
9b1f
c300
eb01
1302
3b03
6304
8b05
b306
db07
0308
2b09
530a
7b0b
a30c
cb0d
f30e
1b0f
4310
6b11
9312
bb13
e314
0b15
3316
5b17
8318
ab19
d31a
fb1b
231c
4b1d
731e
9b1f
c300
eb01
1302
3b03
6304
8b05
b306
db07
0308
2b09
530a
7b0b
a30c
cb0d
f30e
1b0f
4310
6b11
9312
bb13
e314
0b15
3316
5b17
8318
ab19
d31a
fb1b
231c
4b1d
731e
9b1f
c300
eb01
1302
3b03
6304
8b05
b306
db07
0308
2b09
530a
7b0b
a30c
cb0d
f30e
1b0f
4310
6b11
9312
bb13
e314
0b15
3316
5b17
8318
ab19
d31a
fb1b
231c
4b1d
731e
9b1f
c300
eb01
1302
3b03
6304
8b05
b306
db07
0308
2b09
530a
7b0b
a30c
cb0d
f30e
1b0f
4310
6b11
9312
bb13
e314
0b15
3316
5b17
8318
ab19
d31a
fb1b
231c
4b1d
731e
9b1f
c300
eb01
1302
3b03
6304
8b05
b306
db07
0308
2b09
530a
7b0b
a30c
cb0d
f30e
1b0f
4310
6b11
9312
bb13
e314
0b15
3316
5b17
8318
ab19
d31a
fb1b
231c
4b1d
731e
9b1f
c300
eb01
1302
3b03
6304
8b05
b306
db07
0308
2b09
530a
7b0b
a30c
cb0d
f30e
1b0f
4310
6b11
9312
bb13
e314
0b15
3316
5b17
8318
ab19
d31a
fb1b
231c
4b1d
731e
9b1f
c300
eb01
1302
3b03
6304
8b05
b306
db07
0308
2b09
530a
7b0b
a30c
cb0d
f30e
1b0f
4310
6b11
9312
bb13
e314
0b15
3316
5b17
8318
ab19
d31a
fb1b
231c
4b1d
731e
9b1f
c300
eb01
1302
3b03
6304
8b05
b306
db07
0308
2b09
530a
7b0b
a30c
cb0d
f30e
1b0f
4310
6b11
9312
bb13
e314
0b15
3316
5b17
8318
ab19
d31a
fb1b
231c
4b1d
731e
9b1f
c300
eb01
1302
3b03
6304
8b05
b306
db07
0369
2b6a
536b
7b6c
a36d
cb6e
f36f
1b70
4371
6b72
9373
bb74
e375
0b76
3377
5b78
8379
ab7a
d37b
fb7c
237d
4b7e
737f
9b60
c361
eb62
1363
3b64
6365
8b66
b367
db68
0369
2b6a
536b
7b6c
a36d
cb6e
f36f
1b70
4371
6b72
9373
bb74
e375
0b76
3377
5b78
8379
ab7a
d37b
fb7c
237d
4b7e
737f
9b60
c361
eb62
1363
3b64
6365
8b66
b367
db68
0369
2b6a
536b
7b6c
a36d
cb6e
f36f
1b70
4371
6b72
9373
bb74
e375
0b76
3377
5b78
8379
ab7a
d37b
fb7c
237d
4b7e
737f
9b60
c361
eb62
1363
3b64
6365
8b66
b367
db68
0369
2b6a
536b
7b6c
a36d
cb6e
f36f
1b70
4371
6b72
9373
bb74
e375
0b76
3377
5b78
8379
ab7a
d37b
fb7c
237d
4b7e
737f
9b60
c361
eb62
1363
3b64
6365
8b66
b367
db68
0369
2b6a
536b
7b6c
a36d
cb6e
f36f
1b70
4371
6b72
9373
bb74
e375
0b76
3377
5b78
8379
ab7a
d37b
fb7c
237d
4b7e
737f
9b60
c361
eb62
1363
3b64
6365
8b66
b367
db68
0369
2b6a
536b
7b6c
a36d
cb6e
f36f
1b70
4371
6b72
9373
bb74
e375
0b76
3377
5b78
8379
ab7a
d37b
fb7c
237d
4b7e
737f
9b60
c361
eb62
1363
3b64
6365
8b66
b367
db68
0369
2b6a
536b
7b6c
a36d
cb6e
f36f
1b70
4371
6b72
9373
bb74
e375
0b76
3377
5b78
8379
ab7a
d37b
fb7c
237d
4b7e
737f
9b60
c361
eb62
1363
3b64
6365
8b66
b367
db68
0369
2b6a
536b
7b6c
a36d
cb6e
f36f
1b70
4371
6b72
9373
bb74
e375
0b76
3377
5b78
8379
ab7a
d37b
fb7c
237d
4b7e
737f
9b60
c361
eb62
1363
3b64
6365
8b66
b367
db68
0369
2b6a
536b
7b6c
a36d
cb6e
f36f
1b70
4371
6b72
9373
bb74
e375
0b76
3377
5b78
8379
ab7a
d37b
fb7c
237d
4b7e
737f
9b60
c361
eb62
1363
3b64
6365
8b66
b367
db68
03ca
2bcb
53cc
7bcd
a3ce
cbcf
f3d0
1bd1
43d2
6bd3
93d4
bbd5
e3d6
0bd7
33d8
5bd9
83da
abdb
d3dc
fbdd
23de
4bdf
73c0
9bc1
c3c2
ebc3
13c4
3bc5
63c6
8bc7
b3c8
dbc9
03ca
2bcb
53cc
7bcd
a3ce
cbcf
f3d0
1bd1
43d2
6bd3
93d4
bbd5
e3d6
0bd7
33d8
5bd9
83da
abdb
d3dc
fbdd
23de
4bdf
73c0
9bc1
c3c2
ebc3
13c4
3bc5
63c6
8bc7
b3c8
dbc9
03ca
2bcb
53cc
7bcd
a3ce
cbcf
f3d0
1bd1
43d2
6bd3
93d4
bbd5
e3d6
0bd7
33d8
5bd9
83da
abdb
d3dc
fbdd
23de
4bdf
73c0
9bc1
c3c2
ebc3
13c4
3bc5
63c6
8bc7
b3c8
dbc9
03ca
2bcb
53cc
7bcd
a3ce
cbcf
f3d0
1bd1
43d2
6bd3
93d4
bbd5
e3d6
0bd7
33d8
5bd9
83da
abdb
d3dc
fbdd
23de
4bdf
73c0
9bc1
c3c2
ebc3
13c4
3bc5
63c6
8bc7
b3c8
dbc9
03ca
2bcb
53cc
7bcd
a3ce
cbcf
f3d0
1bd1
43d2
6bd3
93d4
bbd5
e3d6
0bd7
33d8
5bd9
83da
abdb
d3dc
fbdd
23de
4bdf
73c0
9bc1
c3c2
ebc3
13c4
3bc5
63c6
8bc7
b3c8
dbc9
03ca
2bcb
53cc
7bcd
a3ce
cbcf
f3d0
1bd1
43d2
6bd3
93d4
bbd5
e3d6
0bd7
33d8
5bd9
83da
abdb
d3dc
fbdd
23de
4bdf
73c0
9bc1
c3c2
ebc3
13c4
3bc5
63c6
8bc7
b3c8
dbc9
03ca
2bcb
53cc
7bcd
a3ce
cbcf
f3d0
1bd1
43d2
6bd3
93d4
bbd5
e3d6
0bd7
33d8
5bd9
83da
abdb
d3dc
fbdd
23de
4bdf
73c0
9bc1
c3c2
ebc3
13c4
3bc5
63c6
8bc7
b3c8
dbc9
03ca
2bcb
53cc
7bcd
a3ce
cbcf
f3d0
1bd1
43d2
6bd3
93d4
bbd5
e3d6
0bd7
33d8
5bd9
83da
abdb
d3dc
fbdd
23de
4bdf
73c0
9bc1
c3c2
ebc3
13c4
3bc5
63c6
8bc7
b3c8
dbc9
03ca
2bcb
53cc
7bcd
a3ce
cbcf
f3d0
1bd1
43d2
6bd3
93d4
bbd5
e3d6
0bd7
33d8
5bd9
83da
abdb
d3dc
fbdd
23de
4bdf
73c0
9bc1
c3c2
ebc3
13c4
3bc5
63c6
8bc7
b3c8
dbc9
042b
2c2c
542d
7c2e
a42f
cc30
f431
1c32
4433
6c34
9435
bc36
e437
0c38
3439
5c3a
843b
ac3c
d43d
fc3e
243f
4c20
7421
9c22
c423
ec24
1425
3c26
6427
8c28
b429
dc2a
042b
2c2c
542d
7c2e
a42f
cc30
f431
1c32
4433
6c34
9435
bc36
e437
0c38
3439
5c3a
843b
ac3c
d43d
fc3e
243f
4c20
7421
9c22
c423
ec24
1425
3c26
6427
8c28
b429
dc2a
042b
2c2c
542d
7c2e
a42f
cc30
f431
1c32
4433
6c34
9435
bc36
e437
0c38
3439
5c3a
843b
ac3c
d43d
fc3e
243f
4c20
7421
9c22
c423
ec24
1425
3c26
6427
8c28
b429
dc2a
042b
2c2c
542d
7c2e
a42f
cc30
f431
1c32
4433
6c34
9435
bc36
e437
0c38
3439
5c3a
843b
ac3c
d43d
fc3e
243f
4c20
7421
9c22
c423
ec24
1425
3c26
6427
8c28
b429
dc2a
042b
2c2c
542d
7c2e
a42f
cc30
f431
1c32
4433
6c34
9435
bc36
e437
0c38
3439
5c3a
843b
ac3c
d43d
fc3e
243f
4c20
7421
9c22
c423
ec24
1425
3c26
6427
8c28
b429
dc2a
042b
2c2c
542d
7c2e
a42f
cc30
f431
1c32
4433
6c34
9435
bc36
e437
0c38
3439
5c3a
843b
ac3c
d43d
fc3e
243f
4c20
7421
9c22
c423
ec24
1425
3c26
6427
8c28
b429
dc2a
042b
2c2c
542d
7c2e
a42f
cc30
f431
1c32
4433
6c34
9435
bc36
e437
0c38
3439
5c3a
843b
ac3c
d43d
fc3e
243f
4c20
7421
9c22
c423
ec24
1425
3c26
6427
8c28
b429
dc2a
042b
2c2c
542d
7c2e
a42f
cc30
f431
1c32
4433
6c34
9435
bc36
e437
0c38
3439
5c3a
843b
ac3c
d43d
fc3e
243f
4c20
7421
9c22
c423
ec24
1425
3c26
6427
8c28
b429
dc2a
042b
2c2c
542d
7c2e
a42f
cc30
f431
1c32
4433
6c34
9435
bc36
e437
0c38
3439
5c3a
843b
ac3c
d43d
fc3e
243f
4c20
7421
9c22
c423
ec24
1425
3c26
6427
8c28
b429
dc2a
048c
2c8d
548e
7c8f
a490
cc91
f492
1c93
4494
6c95
9496
bc97
e498
0c99
349a
5c9b
849c
ac9d
d49e
fc9f
2480
4c81
7482
9c83
c484
ec85
1486
3c87
6488
8c89
b48a
dc8b
048c
2c8d
548e
7c8f
a490
cc91
f492
1c93
4494
6c95
9496
bc97
e498
0c99
349a
5c9b
849c
ac9d
d49e
fc9f
2480
4c81
7482
9c83
c484
ec85
1486
3c87
6488
8c89
b48a
dc8b
048c
2c8d
548e
7c8f
a490
cc91
f492
1c93
4494
6c95
9496
bc97
e498
0c99
349a
5c9b
849c
ac9d
d49e
fc9f
2480
4c81
7482
9c83
c484
ec85
1486
3c87
6488
8c89
b48a
dc8b
048c
2c8d
548e
7c8f
a490
cc91
f492
1c93
4494
6c95
9496
bc97
e498
0c99
349a
5c9b
849c
ac9d
d49e
fc9f
2480
4c81
7482
9c83
c484
ec85
1486
3c87
6488
8c89
b48a
dc8b
048c
2c8d
548e
7c8f
a490
cc91
f492
1c93
4494
6c95
9496
bc97
e498
0c99
349a
5c9b
849c
ac9d
d49e
fc9f
2480
4c81
7482
9c83
c484
ec85
1486
3c87
6488
8c89
b48a
dc8b
048c
2c8d
548e
7c8f
a490
cc91
f492
1c93
4494
6c95
9496
bc97
e498
0c99
349a
5c9b
849c
ac9d
d49e
fc9f
2480
4c81
7482
9c83
c484
ec85
1486
3c87
6488
8c89
b48a
dc8b
048c
2c8d
548e
7c8f
a490
cc91
f492
1c93
4494
6c95
9496
bc97
e498
0c99
349a
5c9b
849c
ac9d
d49e
fc9f
2480
4c81
7482
9c83
c484
ec85
1486
3c87
6488
8c89
b48a
dc8b
048c
2c8d
548e
7c8f
a490
cc91
f492
1c93
4494
6c95
9496
bc97
e498
0c99
349a
5c9b
849c
ac9d
d49e
fc9f
2480
4c81
7482
9c83
c484
ec85
1486
3c87
6488
8c89
b48a
dc8b
048c
2c8d
548e
7c8f
a490
cc91
f492
1c93
4494
6c95
9496
bc97
e498
0c99
349a
5c9b
849c
ac9d
d49e
fc9f
2480
4c81
7482
9c83
c484
ec85
1486
3c87
6488
8c89
b48a
dc8b
04ed
2cee
54ef
7cf0
a4f1
ccf2
f4f3
1cf4
44f5
6cf6
94f7
bcf8
e4f9
0cfa
34fb
5cfc
84fd
acfe
d4ff
fce0
24e1
4ce2
74e3
9ce4
c4e5
ece6
14e7
3ce8
64e9
8cea
b4eb
dcec
04ed
2cee
54ef
7cf0
a4f1
ccf2
f4f3
1cf4
44f5
6cf6
94f7
bcf8
e4f9
0cfa
34fb
5cfc
84fd
acfe
d4ff
fce0
24e1
4ce2
74e3
9ce4
c4e5
ece6
14e7
3ce8
64e9
8cea
b4eb
dcec
04ed
2cee
54ef
7cf0
a4f1
ccf2
f4f3
1cf4
44f5
6cf6
94f7
bcf8
e4f9
0cfa
34fb
5cfc
84fd
acfe
d4ff
fce0
24e1
4ce2
74e3
9ce4
c4e5
ece6
14e7
3ce8
64e9
8cea
b4eb
dcec
04ed
2cee
54ef
7cf0
a4f1
ccf2
f4f3
1cf4
44f5
6cf6
94f7
bcf8
e4f9
0cfa
34fb
5cfc
84fd
acfe
d4ff
fce0
24e1
4ce2
74e3
9ce4
c4e5
ece6
14e7
3ce8
64e9
8cea
b4eb
dcec
04ed
2cee
54ef
7cf0
a4f1
ccf2
f4f3
1cf4
44f5
6cf6
94f7
bcf8
e4f9
0cfa
34fb
5cfc
84fd
acfe
d4ff
fce0
24e1
4ce2
74e3
9ce4
c4e5
ece6
14e7
3ce8
64e9
8cea
b4eb
dcec
04ed
2cee
54ef
7cf0
a4f1
ccf2
f4f3
1cf4
44f5
6cf6
94f7
bcf8
e4f9
0cfa
34fb
5cfc
84fd
acfe
d4ff
fce0
24e1
4ce2
74e3
9ce4
c4e5
ece6
14e7
3ce8
64e9
8cea
b4eb
dcec
04ed
2cee
54ef
7cf0
a4f1
ccf2
f4f3
1cf4
44f5
6cf6
94f7
bcf8
e4f9
0cfa
34fb
5cfc
84fd
acfe
d4ff
fce0
24e1
4ce2
74e3
9ce4
c4e5
ece6
14e7
3ce8
64e9
8cea
b4eb
dcec
04ed
2cee
54ef
7cf0
a4f1
ccf2
f4f3
1cf4
44f5
6cf6
94f7
bcf8
e4f9
0cfa
34fb
5cfc
84fd
acfe
d4ff
fce0
24e1
4ce2
74e3
9ce4
c4e5
ece6
14e7
3ce8
64e9
8cea
b4eb
dcec
04ed
2cee
54ef
7cf0
a4f1
ccf2
f4f3
1cf4
44f5
6cf6
94f7
bcf8
e4f9
0cfa
34fb
5cfc
84fd
acfe
d4ff
fce0
24e1
4ce2
74e3
9ce4
c4e5
ece6
14e7
3ce8
64e9
8cea
b4eb
dcec
054e
2d4f
5550
7d51
a552
cd53
f554
1d55
4556
6d57
9558
bd59
e55a
0d5b
355c
5d5d
855e
ad5f
d540
fd41
2542
4d43
7544
9d45
c546
ed47
1548
3d49
654a
8d4b
b54c
dd4d
054e
2d4f
5550
7d51
a552
cd53
f554
1d55
4556
6d57
9558
bd59
e55a
0d5b
355c
5d5d
855e
ad5f
d540
fd41
2542
4d43
7544
9d45
c546
ed47
1548
3d49
654a
8d4b
b54c
dd4d
054e
2d4f
5550
7d51
a552
cd53
f554
1d55
4556
6d57
9558
bd59
e55a
0d5b
355c
5d5d
855e
ad5f
d540
fd41
2542
4d43
7544
9d45
c546
ed47
1548
3d49
654a
8d4b
b54c
dd4d
054e
2d4f
5550
7d51
a552
cd53
f554
1d55
4556
6d57
9558
bd59
e55a
0d5b
355c
5d5d
855e
ad5f
d540
fd41
2542
4d43
7544
9d45
c546
ed47
1548
3d49
654a
8d4b
b54c
dd4d
054e
2d4f
5550
7d51
a552
cd53
f554
1d55
4556
6d57
9558
bd59
e55a
0d5b
355c
5d5d
855e
ad5f
d540
fd41
2542
4d43
7544
9d45
c546
ed47
1548
3d49
654a
8d4b
b54c
dd4d
054e
2d4f
5550
7d51
a552
cd53
f554
1d55
4556
6d57
9558
bd59
e55a
0d5b
355c
5d5d
855e
ad5f
d540
fd41
2542
4d43
7544
9d45
c546
ed47
1548
3d49
654a
8d4b
b54c
dd4d
054e
2d4f
5550
7d51
a552
cd53
f554
1d55
4556
6d57
9558
bd59
e55a
0d5b
355c
5d5d
855e
ad5f
d540
fd41
2542
4d43
7544
9d45
c546
ed47
1548
3d49
654a
8d4b
b54c
dd4d
054e
2d4f
5550
7d51
a552
cd53
f554
1d55
4556
6d57
9558
bd59
e55a
0d5b
355c
5d5d
855e
ad5f
d540
fd41
2542
4d43
7544
9d45
c546
ed47
1548
3d49
654a
8d4b
b54c
dd4d
054e
2d4f
5550
7d51
a552
cd53
f554
1d55
4556
6d57
9558
bd59
e55a
0d5b
355c
5d5d
855e
ad5f
d540
fd41
2542
4d43
7544
9d45
c546
ed47
1548
3d49
654a
8d4b
b54c
dd4d
05af
2db0
55b1
7db2
a5b3
cdb4
f5b5
1db6
45b7
6db8
95b9
bdba
e5bb
0dbc
35bd
5dbe
85bf
ada0
d5a1
fda2
25a3
4da4
75a5
9da6
c5a7
eda8
15a9
3daa
65ab
8dac
b5ad
ddae
05af
2db0
55b1
7db2
a5b3
cdb4
f5b5
1db6
45b7
6db8
95b9
bdba
e5bb
0dbc
35bd
5dbe
85bf
ada0
d5a1
fda2
25a3
4da4
75a5
9da6
c5a7
eda8
15a9
3daa
65ab
8dac
b5ad
ddae
05af
2db0
55b1
7db2
a5b3
cdb4
f5b5
1db6
45b7
6db8
95b9
bdba
e5bb
0dbc
35bd
5dbe
85bf
ada0
d5a1
fda2
25a3
4da4
75a5
9da6
c5a7
eda8
15a9
3daa
65ab
8dac
b5ad
ddae
05af
2db0
55b1
7db2
a5b3
cdb4
f5b5
1db6
45b7
6db8
95b9
bdba
e5bb
0dbc
35bd
5dbe
85bf
ada0
d5a1
fda2
25a3
4da4
75a5
9da6
c5a7
eda8
15a9
3daa
65ab
8dac
b5ad
ddae
05af
2db0
55b1
7db2
a5b3
cdb4
f5b5
1db6
45b7
6db8
95b9
bdba
e5bb
0dbc
35bd
5dbe
85bf
ada0
d5a1
fda2
25a3
4da4
75a5
9da6
c5a7
eda8
15a9
3daa
65ab
8dac
b5ad
ddae
05af
2db0
55b1
7db2
a5b3
cdb4
f5b5
1db6
45b7
6db8
95b9
bdba
e5bb
0dbc
35bd
5dbe
85bf
ada0
d5a1
fda2
25a3
4da4
75a5
9da6
c5a7
eda8
15a9
3daa
65ab
8dac
b5ad
ddae
05af
2db0
55b1
7db2
a5b3
cdb4
f5b5
1db6
45b7
6db8
95b9
bdba
e5bb
0dbc
35bd
5dbe
85bf
ada0
d5a1
fda2
25a3
4da4
75a5
9da6
c5a7
eda8
15a9
3daa
65ab
8dac
b5ad
ddae
05af
2db0
55b1
7db2
a5b3
cdb4
f5b5
1db6
45b7
6db8
95b9
bdba
e5bb
0dbc
35bd
5dbe
85bf
ada0
d5a1
fda2
25a3
4da4
75a5
9da6
c5a7
eda8
15a9
3daa
65ab
8dac
b5ad
ddae
05af
2db0
55b1
7db2
a5b3
cdb4
f5b5
1db6
45b7
6db8
95b9
bdba
e5bb
0dbc
35bd
5dbe
85bf
ada0
d5a1
fda2
25a3
4da4
75a5
9da6
c5a7
eda8
15a9
3daa
65ab
8dac
b5ad
ddae
0610
2e11
5612
7e13
a614
ce15
f616
1e17
4618
6e19
961a
be1b
e61c
0e1d
361e
5e1f
8600
ae01
d602
fe03
2604
4e05
7606
9e07
c608
ee09
160a
3e0b
660c
8e0d
b60e
de0f
0610
2e11
5612
7e13
a614
ce15
f616
1e17
4618
6e19
961a
be1b
e61c
0e1d
361e
5e1f
8600
ae01
d602
fe03
2604
4e05
7606
9e07
c608
ee09
160a
3e0b
660c
8e0d
b60e
de0f
0610
2e11
5612
7e13
a614
ce15
f616
1e17
4618
6e19
961a
be1b
e61c
0e1d
361e
5e1f
8600
ae01
d602
fe03
2604
4e05
7606
9e07
c608
ee09
160a
3e0b
660c
8e0d
b60e
de0f
0610
2e11
5612
7e13
a614
ce15
f616
1e17
4618
6e19
961a
be1b
e61c
0e1d
361e
5e1f
8600
ae01
d602
fe03
2604
4e05
7606
9e07
c608
ee09
160a
3e0b
660c
8e0d
b60e
de0f
0610
2e11
5612
7e13
a614
ce15
f616
1e17
4618
6e19
961a
be1b
e61c
0e1d
361e
5e1f
8600
ae01
d602
fe03
2604
4e05
7606
9e07
c608
ee09
160a
3e0b
660c
8e0d
b60e
de0f
0610
2e11
5612
7e13
a614
ce15
f616
1e17
4618
6e19
961a
be1b
e61c
0e1d
361e
5e1f
8600
ae01
d602
fe03
2604
4e05
7606
9e07
c608
ee09
160a
3e0b
660c
8e0d
b60e
de0f
0610
2e11
5612
7e13
a614
ce15
f616
1e17
4618
6e19
961a
be1b
e61c
0e1d
361e
5e1f
8600
ae01
d602
fe03
2604
4e05
7606
9e07
c608
ee09
160a
3e0b
660c
8e0d
b60e
de0f
0610
2e11
5612
7e13
a614
ce15
f616
1e17
4618
6e19
961a
be1b
e61c
0e1d
361e
5e1f
8600
ae01
d602
fe03
2604
4e05
7606
9e07
c608
ee09
160a
3e0b
660c
8e0d
b60e
de0f
0610
2e11
5612
7e13
a614
ce15
f616
1e17
4618
6e19
961a
be1b
e61c
0e1d
361e
5e1f
8600
ae01
d602
fe03
2604
4e05
7606
9e07
c608
ee09
160a
3e0b
660c
8e0d
b60e
de0f
0671
2e72
5673
7e74
a675
ce76
f677
1e78
4679
6e7a
967b
be7c
e67d
0e7e
367f
5e60
8661
ae62
d663
fe64
2665
4e66
7667
9e68
c669
ee6a
166b
3e6c
666d
8e6e
b66f
de70
0671
2e72
5673
7e74
a675
ce76
f677
1e78
4679
6e7a
967b
be7c
e67d
0e7e
367f
5e60
8661
ae62
d663
fe64
2665
4e66
7667
9e68
c669
ee6a
166b
3e6c
666d
8e6e
b66f
de70
0671
2e72
5673
7e74
a675
ce76
f677
1e78
4679
6e7a
967b
be7c
e67d
0e7e
367f
5e60
8661
ae62
d663
fe64
2665
4e66
7667
9e68
c669
ee6a
166b
3e6c
666d
8e6e
b66f
de70
0671
2e72
5673
7e74
a675
ce76
f677
1e78
4679
6e7a
967b
be7c
e67d
0e7e
367f
5e60
8661
ae62
d663
fe64
2665
4e66
7667
9e68
c669
ee6a
166b
3e6c
666d
8e6e
b66f
de70
0671
2e72
5673
7e74
a675
ce76
f677
1e78
4679
6e7a
967b
be7c
e67d
0e7e
367f
5e60
8661
ae62
d663
fe64
2665
4e66
7667
9e68
c669
ee6a
166b
3e6c
666d
8e6e
b66f
de70
0671
2e72
5673
7e74
a675
ce76
f677
1e78
4679
6e7a
967b
be7c
e67d
0e7e
367f
5e60
8661
ae62
d663
fe64
2665
4e66
7667
9e68
c669
ee6a
166b
3e6c
666d
8e6e
b66f
de70
0671
2e72
5673
7e74
a675
ce76
f677
1e78
4679
6e7a
967b
be7c
e67d
0e7e
367f
5e60
8661
ae62
d663
fe64
2665
4e66
7667
9e68
c669
ee6a
166b
3e6c
666d
8e6e
b66f
de70
0671
2e72
5673
7e74
a675
ce76
f677
1e78
4679
6e7a
967b
be7c
e67d
0e7e
367f
5e60
8661
ae62
d663
fe64
2665
4e66
7667
9e68
c669
ee6a
166b
3e6c
666d
8e6e
b66f
de70
0671
2e72
5673
7e74
a675
ce76
f677
1e78
4679
6e7a
967b
be7c
e67d
0e7e
367f
5e60
8661
ae62
d663
fe64
2665
4e66
7667
9e68
c669
ee6a
166b
3e6c
666d
8e6e
b66f
de70
06d2
2ed3
56d4
7ed5
a6d6
ced7
f6d8
1ed9
46da
6edb
96dc
bedd
e6de
0edf
36c0
5ec1
86c2
aec3
d6c4
fec5
26c6
4ec7
76c8
9ec9
c6ca
eecb
16cc
3ecd
66ce
8ecf
b6d0
ded1
06d2
2ed3
56d4
7ed5
a6d6
ced7
f6d8
1ed9
46da
6edb
96dc
bedd
e6de
0edf
36c0
5ec1
86c2
aec3
d6c4
fec5
26c6
4ec7
76c8
9ec9
c6ca
eecb
16cc
3ecd
66ce
8ecf
b6d0
ded1
06d2
2ed3
56d4
7ed5
a6d6
ced7
f6d8
1ed9
46da
6edb
96dc
bedd
e6de
0edf
36c0
5ec1
86c2
aec3
d6c4
fec5
26c6
4ec7
76c8
9ec9
c6ca
eecb
16cc
3ecd
66ce
8ecf
b6d0
ded1
06d2
2ed3
56d4
7ed5
a6d6
ced7
f6d8
1ed9
46da
6edb
96dc
bedd
e6de
0edf
36c0
5ec1
86c2
aec3
d6c4
fec5
26c6
4ec7
76c8
9ec9
c6ca
eecb
16cc
3ecd
66ce
8ecf
b6d0
ded1
06d2
2ed3
56d4
7ed5
a6d6
ced7
f6d8
1ed9
46da
6edb
96dc
bedd
e6de
0edf
36c0
5ec1
86c2
aec3
d6c4
fec5
26c6
4ec7
76c8
9ec9
c6ca
eecb
16cc
3ecd
66ce
8ecf
b6d0
ded1
06d2
2ed3
56d4
7ed5
a6d6
ced7
f6d8
1ed9
46da
6edb
96dc
bedd
e6de
0edf
36c0
5ec1
86c2
aec3
d6c4
fec5
26c6
4ec7
76c8
9ec9
c6ca
eecb
16cc
3ecd
66ce
8ecf
b6d0
ded1
06d2
2ed3
56d4
7ed5
a6d6
ced7
f6d8
1ed9
46da
6edb
96dc
bedd
e6de
0edf
36c0
5ec1
86c2
aec3
d6c4
fec5
26c6
4ec7
76c8
9ec9
c6ca
eecb
16cc
3ecd
66ce
8ecf
b6d0
ded1
06d2
2ed3
56d4
7ed5
a6d6
ced7
f6d8
1ed9
46da
6edb
96dc
bedd
e6de
0edf
36c0
5ec1
86c2
aec3
d6c4
fec5
26c6
4ec7
76c8
9ec9
c6ca
eecb
16cc
3ecd
66ce
8ecf
b6d0
ded1
06d2
2ed3
56d4
7ed5
a6d6
ced7
f6d8
1ed9
46da
6edb
96dc
bedd
e6de
0edf
36c0
5ec1
86c2
aec3
d6c4
fec5
26c6
4ec7
76c8
9ec9
c6ca
eecb
16cc
3ecd
66ce
8ecf
b6d0
ded1
0733
2f34
5735
7f36
a737
cf38
f739
1f3a
473b
6f3c
973d
bf3e
e73f
0f20
3721
5f22
8723
af24
d725
ff26
2727
4f28
7729
9f2a
c72b
ef2c
172d
3f2e
672f
8f30
b731
df32
0733
2f34
5735
7f36
a737
cf38
f739
1f3a
473b
6f3c
973d
bf3e
e73f
0f20
3721
5f22
8723
af24
d725
ff26
2727
4f28
7729
9f2a
c72b
ef2c
172d
3f2e
672f
8f30
b731
df32
0733
2f34
5735
7f36
a737
cf38
f739
1f3a
473b
6f3c
973d
bf3e
e73f
0f20
3721
5f22
8723
af24
d725
ff26
2727
4f28
7729
9f2a
c72b
ef2c
172d
3f2e
672f
8f30
b731
df32
0733
2f34
5735
7f36
a737
cf38
f739
1f3a
473b
6f3c
973d
bf3e
e73f
0f20
3721
5f22
8723
af24
d725
ff26
2727
4f28
7729
9f2a
c72b
ef2c
172d
3f2e
672f
8f30
b731
df32
0733
2f34
5735
7f36
a737
cf38
f739
1f3a
473b
6f3c
973d
bf3e
e73f
0f20
3721
5f22
8723
af24
d725
ff26
2727
4f28
7729
9f2a
c72b
ef2c
172d
3f2e
672f
8f30
b731
df32
0733
2f34
5735
7f36
a737
cf38
f739
1f3a
473b
6f3c
973d
bf3e
e73f
0f20
3721
5f22
8723
af24
d725
ff26
2727
4f28
7729
9f2a
c72b
ef2c
172d
3f2e
672f
8f30
b731
df32
0733
2f34
5735
7f36
a737
cf38
f739
1f3a
473b
6f3c
973d
bf3e
e73f
0f20
3721
5f22
8723
af24
d725
ff26
2727
4f28
7729
9f2a
c72b
ef2c
172d
3f2e
672f
8f30
b731
df32
0733
2f34
5735
7f36
a737
cf38
f739
1f3a
473b
6f3c
973d
bf3e
e73f
0f20
3721
5f22
8723
af24
d725
ff26
2727
4f28
7729
9f2a
c72b
ef2c
172d
3f2e
672f
8f30
b731
df32
0733
2f34
5735
7f36
a737
cf38
f739
1f3a
473b
6f3c
973d
bf3e
e73f
0f20
3721
5f22
8723
af24
d725
ff26
2727
4f28
7729
9f2a
c72b
ef2c
172d
3f2e
672f
8f30
b731
df32
0794
2f95
5796
7f97
a798
cf99
f79a
1f9b
479c
6f9d
979e
bf9f
e780
0f81
3782
5f83
8784
af85
d786
ff87
2788
4f89
778a
9f8b
c78c
ef8d
178e
3f8f
6790
8f91
b792
df93
0794
2f95
5796
7f97
a798
cf99
f79a
1f9b
479c
6f9d
979e
bf9f
e780
0f81
3782
5f83
8784
af85
d786
ff87
2788
4f89
778a
9f8b
c78c
ef8d
178e
3f8f
6790
8f91
b792
df93
0794
2f95
5796
7f97
a798
cf99
f79a
1f9b
479c
6f9d
979e
bf9f
e780
0f81
3782
5f83
8784
af85
d786
ff87
2788
4f89
778a
9f8b
c78c
ef8d
178e
3f8f
6790
8f91
b792
df93
0794
2f95
5796
7f97
a798
cf99
f79a
1f9b
479c
6f9d
979e
bf9f
e780
0f81
3782
5f83
8784
af85
d786
ff87
2788
4f89
778a
9f8b
c78c
ef8d
178e
3f8f
6790
8f91
b792
df93
0794
2f95
5796
7f97
a798
cf99
f79a
1f9b
479c
6f9d
979e
bf9f
e780
0f81
3782
5f83
8784
af85
d786
ff87
2788
4f89
778a
9f8b
c78c
ef8d
178e
3f8f
6790
8f91
b792
df93
0794
2f95
5796
7f97
a798
cf99
f79a
1f9b
479c
6f9d
979e
bf9f
e780
0f81
3782
5f83
8784
af85
d786
ff87
2788
4f89
778a
9f8b
c78c
ef8d
178e
3f8f
6790
8f91
b792
df93
0794
2f95
5796
7f97
a798
cf99
f79a
1f9b
479c
6f9d
979e
bf9f
e780
0f81
3782
5f83
8784
af85
d786
ff87
2788
4f89
778a
9f8b
c78c
ef8d
178e
3f8f
6790
8f91
b792
df93
0794
2f95
5796
7f97
a798
cf99
f79a
1f9b
479c
6f9d
979e
bf9f
e780
0f81
3782
5f83
8784
af85
d786
ff87
2788
4f89
778a
9f8b
c78c
ef8d
178e
3f8f
6790
8f91
b792
df93
0794
2f95
5796
7f97
a798
cf99
f79a
1f9b
479c
6f9d
979e
bf9f
e780
0f81
3782
5f83
8784
af85
d786
ff87
2788
4f89
778a
9f8b
c78c
ef8d
178e
3f8f
6790
8f91
b792
df93
07f5
2ff6
57f7
7ff8
a7f9
cffa
f7fb
1ffc
47fd
6ffe
97ff
bfe0
e7e1
0fe2
37e3
5fe4
87e5
afe6
d7e7
ffe8
27e9
4fea
77eb
9fec
c7ed
efee
17ef
3ff0
67f1
8ff2
b7f3
dff4
07f5
2ff6
57f7
7ff8
a7f9
cffa
f7fb
1ffc
47fd
6ffe
97ff
bfe0
e7e1
0fe2
37e3
5fe4
87e5
afe6
d7e7
ffe8
27e9
4fea
77eb
9fec
c7ed
efee
17ef
3ff0
67f1
8ff2
b7f3
dff4
07f5
2ff6
57f7
7ff8
a7f9
cffa
f7fb
1ffc
47fd
6ffe
97ff
bfe0
e7e1
0fe2
37e3
5fe4
87e5
afe6
d7e7
ffe8
27e9
4fea
77eb
9fec
c7ed
efee
17ef
3ff0
67f1
8ff2
b7f3
dff4
07f5
2ff6
57f7
7ff8
a7f9
cffa
f7fb
1ffc
47fd
6ffe
97ff
bfe0
e7e1
0fe2
37e3
5fe4
87e5
afe6
d7e7
ffe8
27e9
4fea
77eb
9fec
c7ed
efee
17ef
3ff0
67f1
8ff2
b7f3
dff4
07f5
2ff6
57f7
7ff8
a7f9
cffa
f7fb
1ffc
47fd
6ffe
97ff
bfe0
e7e1
0fe2
37e3
5fe4
87e5
afe6
d7e7
ffe8
27e9
4fea
77eb
9fec
c7ed
efee
17ef
3ff0
67f1
8ff2
b7f3
dff4
07f5
2ff6
57f7
7ff8
a7f9
cffa
f7fb
1ffc
47fd
6ffe
97ff
bfe0
e7e1
0fe2
37e3
5fe4
87e5
afe6
d7e7
ffe8
27e9
4fea
77eb
9fec
c7ed
efee
17ef
3ff0
67f1
8ff2
b7f3
dff4
07f5
2ff6
57f7
7ff8
a7f9
cffa
f7fb
1ffc
47fd
6ffe
97ff
bfe0
e7e1
0fe2
37e3
5fe4
87e5
afe6
d7e7
ffe8
27e9
4fea
77eb
9fec
c7ed
efee
17ef
3ff0
67f1
8ff2
b7f3
dff4
07f5
2ff6
57f7
7ff8
a7f9
cffa
f7fb
1ffc
47fd
6ffe
97ff
bfe0
e7e1
0fe2
37e3
5fe4
87e5
afe6
d7e7
ffe8
27e9
4fea
77eb
9fec
c7ed
efee
17ef
3ff0
67f1
8ff2
b7f3
dff4
07f5
2ff6
57f7
7ff8
a7f9
cffa
f7fb
1ffc
47fd
6ffe
97ff
bfe0
e7e1
0fe2
37e3
5fe4
87e5
afe6
d7e7
ffe8
27e9
4fea
77eb
9fec
c7ed
efee
17ef
3ff0
67f1
8ff2
b7f3
dff4
0056
2857
5058
7859
a05a
c85b
f05c
185d
405e
685f
9040
b841
e042
0843
3044
5845
8046
a847
d048
f849
204a
484b
704c
984d
c04e
e84f
1050
3851
6052
8853
b054
d855
0056
2857
5058
7859
a05a
c85b
f05c
185d
405e
685f
9040
b841
e042
0843
3044
5845
8046
a847
d048
f849
204a
484b
704c
984d
c04e
e84f
1050
3851
6052
8853
b054
d855
0056
2857
5058
7859
a05a
c85b
f05c
185d
405e
685f
9040
b841
e042
0843
3044
5845
8046
a847
d048
f849
204a
484b
704c
984d
c04e
e84f
1050
3851
6052
8853
b054
d855
0056
2857
5058
7859
a05a
c85b
f05c
185d
405e
685f
9040
b841
e042
0843
3044
5845
8046
a847
d048
f849
204a
484b
704c
984d
c04e
e84f
1050
3851
6052
8853
b054
d855
0056
2857
5058
7859
a05a
c85b
f05c
185d
405e
685f
9040
b841
e042
0843
3044
5845
8046
a847
d048
f849
204a
484b
704c
984d
c04e
e84f
1050
3851
6052
8853
b054
d855
0056
2857
5058
7859
a05a
c85b
f05c
185d
405e
685f
9040
b841
e042
0843
3044
5845
8046
a847
d048
f849
204a
484b
704c
984d
c04e
e84f
1050
3851
6052
8853
b054
d855
0056
2857
5058
7859
a05a
c85b
f05c
185d
405e
685f
9040
b841
e042
0843
3044
5845
8046
a847
d048
f849
204a
484b
704c
984d
c04e
e84f
1050
3851
6052
8853
b054
d855
0056
2857
5058
7859
a05a
c85b
f05c
185d
405e
685f
9040
b841
e042
0843
3044
5845
8046
a847
d048
f849
204a
484b
704c
984d
c04e
e84f
1050
3851
6052
8853
b054
d855
0056
2857
5058
7859
a05a
c85b
f05c
185d
405e
685f
9040
b841
e042
0843
3044
5845
8046
a847
d048
f849
204a
484b
704c
984d
c04e
e84f
1050
3851
6052
8853
b054
d855
00b7
28b8
50b9
78ba
a0bb
c8bc
f0bd
18be
40bf
68a0
90a1
b8a2
e0a3
08a4
30a5
58a6
80a7
a8a8
d0a9
f8aa
20ab
48ac
70ad
98ae
c0af
e8b0
10b1
38b2
60b3
88b4
b0b5
d8b6
00b7
28b8
50b9
78ba
a0bb
c8bc
f0bd
18be
40bf
68a0
90a1
b8a2
e0a3
08a4
30a5
58a6
80a7
a8a8
d0a9
f8aa
20ab
48ac
70ad
98ae
c0af
e8b0
10b1
38b2
60b3
88b4
b0b5
d8b6
00b7
28b8
50b9
78ba
a0bb
c8bc
f0bd
18be
40bf
68a0
90a1
b8a2
e0a3
08a4
30a5
58a6
80a7
a8a8
d0a9
f8aa
20ab
48ac
70ad
98ae
c0af
e8b0
10b1
38b2
60b3
88b4
b0b5
d8b6
00b7
28b8
50b9
78ba
a0bb
c8bc
f0bd
18be
40bf
68a0
90a1
b8a2
e0a3
08a4
30a5
58a6
80a7
a8a8
d0a9
f8aa
20ab
48ac
70ad
98ae
c0af
e8b0
10b1
38b2
60b3
88b4
b0b5
d8b6
00b7
28b8
50b9
78ba
a0bb
c8bc
f0bd
18be
40bf
68a0
90a1
b8a2
e0a3
08a4
30a5
58a6
80a7
a8a8
d0a9
f8aa
20ab
48ac
70ad
98ae
c0af
e8b0
10b1
38b2
60b3
88b4
b0b5
d8b6
00b7
28b8
50b9
78ba
a0bb
c8bc
f0bd
18be
40bf
68a0
90a1
b8a2
e0a3
08a4
30a5
58a6
80a7
a8a8
d0a9
f8aa
20ab
48ac
70ad
98ae
c0af
e8b0
10b1
38b2
60b3
88b4
b0b5
d8b6
00b7
28b8
50b9
78ba
a0bb
c8bc
f0bd
18be
40bf
68a0
90a1
b8a2
e0a3
08a4
30a5
58a6
80a7
a8a8
d0a9
f8aa
20ab
48ac
70ad
98ae
c0af
e8b0
10b1
38b2
60b3
88b4
b0b5
d8b6
00b7
28b8
50b9
78ba
a0bb
c8bc
f0bd
18be
40bf
68a0
90a1
b8a2
e0a3
08a4
30a5
58a6
80a7
a8a8
d0a9
f8aa
20ab
48ac
70ad
98ae
c0af
e8b0
10b1
38b2
60b3
88b4
b0b5
d8b6
00b7
28b8
50b9
78ba
a0bb
c8bc
f0bd
18be
40bf
68a0
90a1
b8a2
e0a3
08a4
30a5
58a6
80a7
a8a8
d0a9
f8aa
20ab
48ac
70ad
98ae
c0af
e8b0
10b1
38b2
60b3
88b4
b0b5
d8b6
0118
2919
511a
791b
a11c
c91d
f11e
191f
4100
6901
9102
b903
e104
0905
3106
5907
8108
a909
d10a
f90b
210c
490d
710e
990f
c110
e911
1112
3913
6114
8915
b116
d917
0118
2919
511a
791b
a11c
c91d
f11e
191f
4100
6901
9102
b903
e104
0905
3106
5907
8108
a909
d10a
f90b
210c
490d
710e
990f
c110
e911
1112
3913
6114
8915
b116
d917
0118
2919
511a
791b
a11c
c91d
f11e
191f
4100
6901
9102
b903
e104
0905
3106
5907
8108
a909
d10a
f90b
210c
490d
710e
990f
c110
e911
1112
3913
6114
8915
b116
d917
0118
2919
511a
791b
a11c
c91d
f11e
191f
4100
6901
9102
b903
e104
0905
3106
5907
8108
a909
d10a
f90b
210c
490d
710e
990f
c110
e911
1112
3913
6114
8915
b116
d917
0118
2919
511a
791b
a11c
c91d
f11e
191f
4100
6901
9102
b903
e104
0905
3106
5907
8108
a909
d10a
f90b
210c
490d
710e
990f
c110
e911
1112
3913
6114
8915
b116
d917
0118
2919
511a
791b
a11c
c91d
f11e
191f
4100
6901
9102
b903
e104
0905
3106
5907
8108
a909
d10a
f90b
210c
490d
710e
990f
c110
e911
1112
3913
6114
8915
b116
d917
0118
2919
511a
791b
a11c
c91d
f11e
191f
4100
6901
9102
b903
e104
0905
3106
5907
8108
a909
d10a
f90b
210c
490d
710e
990f
c110
e911
1112
3913
6114
8915
b116
d917
0118
2919
511a
791b
a11c
c91d
f11e
191f
4100
6901
9102
b903
e104
0905
3106
5907
8108
a909
d10a
f90b
210c
490d
710e
990f
c110
e911
1112
3913
6114
8915
b116
d917
0118
2919
511a
791b
a11c
c91d
f11e
191f
4100
6901
9102
b903
e104
0905
3106
5907
8108
a909
d10a
f90b
210c
490d
710e
990f
c110
e911
1112
3913
6114
8915
b116
d917
0179
297a
517b
797c
a17d
c97e
f17f
1960
4161
6962
9163
b964
e165
0966
3167
5968
8169
a96a
d16b
f96c
216d
496e
716f
9970
c171
e972
1173
3974
6175
8976
b177
d978
0179
297a
517b
797c
a17d
c97e
f17f
1960
4161
6962
9163
b964
e165
0966
3167
5968
8169
a96a
d16b
f96c
216d
496e
716f
9970
c171
e972
1173
3974
6175
8976
b177
d978
0179
297a
517b
797c
a17d
c97e
f17f
1960
4161
6962
9163
b964
e165
0966
3167
5968
8169
a96a
d16b
f96c
216d
496e
716f
9970
c171
e972
1173
3974
6175
8976
b177
d978
0179
297a
517b
797c
a17d
c97e
f17f
1960
4161
6962
9163
b964
e165
0966
3167
5968
8169
a96a
d16b
f96c
216d
496e
716f
9970
c171
e972
1173
3974
6175
8976
b177
d978
0179
297a
517b
797c
a17d
c97e
f17f
1960
4161
6962
9163
b964
e165
0966
3167
5968
8169
a96a
d16b
f96c
216d
496e
716f
9970
c171
e972
1173
3974
6175
8976
b177
d978
0179
297a
517b
797c
a17d
c97e
f17f
1960
4161
6962
9163
b964
e165
0966
3167
5968
8169
a96a
d16b
f96c
216d
496e
716f
9970
c171
e972
1173
3974
6175
8976
b177
d978
0179
297a
517b
797c
a17d
c97e
f17f
1960
4161
6962
9163
b964
e165
0966
3167
5968
8169
a96a
d16b
f96c
216d
496e
716f
9970
c171
e972
1173
3974
6175
8976
b177
d978
0179
297a
517b
797c
a17d
c97e
f17f
1960
4161
6962
9163
b964
e165
0966
3167
5968
8169
a96a
d16b
f96c
216d
496e
716f
9970
c171
e972
1173
3974
6175
8976
b177
d978
0179
297a
517b
797c
a17d
c97e
f17f
1960
4161
6962
9163
b964
e165
0966
3167
5968
8169
a96a
d16b
f96c
216d
496e
716f
9970
c171
e972
1173
3974
6175
8976
b177
d978
01da
29db
51dc
79dd
a1de
c9df
f1c0
19c1
41c2
69c3
91c4
b9c5
e1c6
09c7
31c8
59c9
81ca
a9cb
d1cc
f9cd
21ce
49cf
71d0
99d1
c1d2
e9d3
11d4
39d5
61d6
89d7
b1d8
d9d9
01da
29db
51dc
79dd
a1de
c9df
f1c0
19c1
41c2
69c3
91c4
b9c5
e1c6
09c7
31c8
59c9
81ca
a9cb
d1cc
f9cd
21ce
49cf
71d0
99d1
c1d2
e9d3
11d4
39d5
61d6
89d7
b1d8
d9d9
01da
29db
51dc
79dd
a1de
c9df
f1c0
19c1
41c2
69c3
91c4
b9c5
e1c6
09c7
31c8
59c9
81ca
a9cb
d1cc
f9cd
21ce
49cf
71d0
99d1
c1d2
e9d3
11d4
39d5
61d6
89d7
b1d8
d9d9
01da
29db
51dc
79dd
a1de
c9df
f1c0
19c1
41c2
69c3
91c4
b9c5
e1c6
09c7
31c8
59c9
81ca
a9cb
d1cc
f9cd
21ce
49cf
71d0
99d1
c1d2
e9d3
11d4
39d5
61d6
89d7
b1d8
d9d9
01da
29db
51dc
79dd
a1de
c9df
f1c0
19c1
41c2
69c3
91c4
b9c5
e1c6
09c7
31c8
59c9
81ca
a9cb
d1cc
f9cd
21ce
49cf
71d0
99d1
c1d2
e9d3
11d4
39d5
61d6
89d7
b1d8
d9d9
01da
29db
51dc
79dd
a1de
c9df
f1c0
19c1
41c2
69c3
91c4
b9c5
e1c6
09c7
31c8
59c9
81ca
a9cb
d1cc
f9cd
21ce
49cf
71d0
99d1
c1d2
e9d3
11d4
39d5
61d6
89d7
b1d8
d9d9
01da
29db
51dc
79dd
a1de
c9df
f1c0
19c1
41c2
69c3
91c4
b9c5
e1c6
09c7
31c8
59c9
81ca
a9cb
d1cc
f9cd
21ce
49cf
71d0
99d1
c1d2
e9d3
11d4
39d5
61d6
89d7
b1d8
d9d9
01da
29db
51dc
79dd
a1de
c9df
f1c0
19c1
41c2
69c3
91c4
b9c5
e1c6
09c7
31c8
59c9
81ca
a9cb
d1cc
f9cd
21ce
49cf
71d0
99d1
c1d2
e9d3
11d4
39d5
61d6
89d7
b1d8
d9d9
01da
29db
51dc
79dd
a1de
c9df
f1c0
19c1
41c2
69c3
91c4
b9c5
e1c6
09c7
31c8
59c9
81ca
a9cb
d1cc
f9cd
21ce
49cf
71d0
99d1
c1d2
e9d3
11d4
39d5
61d6
89d7
b1d8
d9d9
023b
2a3c
523d
7a3e
a23f
ca20
f221
1a22
4223
6a24
9225
ba26
e227
0a28
3229
5a2a
822b
aa2c
d22d
fa2e
222f
4a30
7231
9a32
c233
ea34
1235
3a36
6237
8a38
b239
da3a
023b
2a3c
523d
7a3e
a23f
ca20
f221
1a22
4223
6a24
9225
ba26
e227
0a28
3229
5a2a
822b
aa2c
d22d
fa2e
222f
4a30
7231
9a32
c233
ea34
1235
3a36
6237
8a38
b239
da3a
023b
2a3c
523d
7a3e
a23f
ca20
f221
1a22
4223
6a24
9225
ba26
e227
0a28
3229
5a2a
822b
aa2c
d22d
fa2e
222f
4a30
7231
9a32
c233
ea34
1235
3a36
6237
8a38
b239
da3a
023b
2a3c
523d
7a3e
a23f
ca20
f221
1a22
4223
6a24
9225
ba26
e227
0a28
3229
5a2a
822b
aa2c
d22d
fa2e
222f
4a30
7231
9a32
c233
ea34
1235
3a36
6237
8a38
b239
da3a
023b
2a3c
523d
7a3e
a23f
ca20
f221
1a22
4223
6a24
9225
ba26
e227
0a28
3229
5a2a
822b
aa2c
d22d
fa2e
222f
4a30
7231
9a32
c233
ea34
1235
3a36
6237
8a38
b239
da3a
023b
2a3c
523d
7a3e
a23f
ca20
f221
1a22
4223
6a24
9225
ba26
e227
0a28
3229
5a2a
822b
aa2c
d22d
fa2e
222f
4a30
7231
9a32
c233
ea34
1235
3a36
6237
8a38
b239
da3a
023b
2a3c
523d
7a3e
a23f
ca20
f221
1a22
4223
6a24
9225
ba26
e227
0a28
3229
5a2a
822b
aa2c
d22d
fa2e
222f
4a30
7231
9a32
c233
ea34
1235
3a36
6237
8a38
b239
da3a
023b
2a3c
523d
7a3e
a23f
ca20
f221
1a22
4223
6a24
9225
ba26
e227
0a28
3229
5a2a
822b
aa2c
d22d
fa2e
222f
4a30
7231
9a32
c233
ea34
1235
3a36
6237
8a38
b239
da3a
023b
2a3c
523d
7a3e
a23f
ca20
f221
1a22
4223
6a24
9225
ba26
e227
0a28
3229
5a2a
822b
aa2c
d22d
fa2e
222f
4a30
7231
9a32
c233
ea34
1235
3a36
6237
8a38
b239
da3a
029c
2a9d
529e
7a9f
a280
ca81
f282
1a83
4284
6a85
9286
ba87
e288
0a89
328a
5a8b
828c
aa8d
d28e
fa8f
2290
4a91
7292
9a93
c294
ea95
1296
3a97
6298
8a99
b29a
da9b
029c
2a9d
529e
7a9f
a280
ca81
f282
1a83
4284
6a85
9286
ba87
e288
0a89
328a
5a8b
828c
aa8d
d28e
fa8f
2290
4a91
7292
9a93
c294
ea95
1296
3a97
6298
8a99
b29a
da9b
029c
2a9d
529e
7a9f
a280
ca81
f282
1a83
4284
6a85
9286
ba87
e288
0a89
328a
5a8b
828c
aa8d
d28e
fa8f
2290
4a91
7292
9a93
c294
ea95
1296
3a97
6298
8a99
b29a
da9b
029c
2a9d
529e
7a9f
a280
ca81
f282
1a83
4284
6a85
9286
ba87
e288
0a89
328a
5a8b
828c
aa8d
d28e
fa8f
2290
4a91
7292
9a93
c294
ea95
1296
3a97
6298
8a99
b29a
da9b
029c
2a9d
529e
7a9f
a280
ca81
f282
1a83
4284
6a85
9286
ba87
e288
0a89
328a
5a8b
828c
aa8d
d28e
fa8f
2290
4a91
7292
9a93
c294
ea95
1296
3a97
6298
8a99
b29a
da9b
029c
2a9d
529e
7a9f
a280
ca81
f282
1a83
4284
6a85
9286
ba87
e288
0a89
328a
5a8b
828c
aa8d
d28e
fa8f
2290
4a91
7292
9a93
c294
ea95
1296
3a97
6298
8a99
b29a
da9b
029c
2a9d
529e
7a9f
a280
ca81
f282
1a83
4284
6a85
9286
ba87
e288
0a89
328a
5a8b
828c
aa8d
d28e
fa8f
2290
4a91
7292
9a93
c294
ea95
1296
3a97
6298
8a99
b29a
da9b
029c
2a9d
529e
7a9f
a280
ca81
f282
1a83
4284
6a85
9286
ba87
e288
0a89
328a
5a8b
828c
aa8d
d28e
fa8f
2290
4a91
7292
9a93
c294
ea95
1296
3a97
6298
8a99
b29a
da9b
029c
2a9d
529e
7a9f
a280
ca81
f282
1a83
4284
6a85
9286
ba87
e288
0a89
328a
5a8b
828c
aa8d
d28e
fa8f
2290
4a91
7292
9a93
c294
ea95
1296
3a97
6298
8a99
b29a
da9b
02fd
2afe
52ff
7ae0
a2e1
cae2
f2e3
1ae4
42e5
6ae6
92e7
bae8
e2e9
0aea
32eb
5aec
82ed
aaee
d2ef
faf0
22f1
4af2
72f3
9af4
c2f5
eaf6
12f7
3af8
62f9
8afa
b2fb
dafc
02fd
2afe
52ff
7ae0
a2e1
cae2
f2e3
1ae4
42e5
6ae6
92e7
bae8
e2e9
0aea
32eb
5aec
82ed
aaee
d2ef
faf0
22f1
4af2
72f3
9af4
c2f5
eaf6
12f7
3af8
62f9
8afa
b2fb
dafc
02fd
2afe
52ff
7ae0
a2e1
cae2
f2e3
1ae4
42e5
6ae6
92e7
bae8
e2e9
0aea
32eb
5aec
82ed
aaee
d2ef
faf0
22f1
4af2
72f3
9af4
c2f5
eaf6
12f7
3af8
62f9
8afa
b2fb
dafc
02fd
2afe
52ff
7ae0
a2e1
cae2
f2e3
1ae4
42e5
6ae6
92e7
bae8
e2e9
0aea
32eb
5aec
82ed
aaee
d2ef
faf0
22f1
4af2
72f3
9af4
c2f5
eaf6
12f7
3af8
62f9
8afa
b2fb
dafc
02fd
2afe
52ff
7ae0
a2e1
cae2
f2e3
1ae4
42e5
6ae6
92e7
bae8
e2e9
0aea
32eb
5aec
82ed
aaee
d2ef
faf0
22f1
4af2
72f3
9af4
c2f5
eaf6
12f7
3af8
62f9
8afa
b2fb
dafc
02fd
2afe
52ff
7ae0
a2e1
cae2
f2e3
1ae4
42e5
6ae6
92e7
bae8
e2e9
0aea
32eb
5aec
82ed
aaee
d2ef
faf0
22f1
4af2
72f3
9af4
c2f5
eaf6
12f7
3af8
62f9
8afa
b2fb
dafc
02fd
2afe
52ff
7ae0
a2e1
cae2
f2e3
1ae4
42e5
6ae6
92e7
bae8
e2e9
0aea
32eb
5aec
82ed
aaee
d2ef
faf0
22f1
4af2
72f3
9af4
c2f5
eaf6
12f7
3af8
62f9
8afa
b2fb
dafc
02fd
2afe
52ff
7ae0
a2e1
cae2
f2e3
1ae4
42e5
6ae6
92e7
bae8
e2e9
0aea
32eb
5aec
82ed
aaee
d2ef
faf0
22f1
4af2
72f3
9af4
c2f5
eaf6
12f7
3af8
62f9
8afa
b2fb
dafc
02fd
2afe
52ff
7ae0
a2e1
cae2
f2e3
1ae4
42e5
6ae6
92e7
bae8
e2e9
0aea
32eb
5aec
82ed
aaee
d2ef
faf0
22f1
4af2
72f3
9af4
c2f5
eaf6
12f7
3af8
62f9
8afa
b2fb
dafc
035e
2b5f
5340
7b41
a342
cb43
f344
1b45
4346
6b47
9348
bb49
e34a
0b4b
334c
5b4d
834e
ab4f
d350
fb51
2352
4b53
7354
9b55
c356
eb57
1358
3b59
635a
8b5b
b35c
db5d
035e
2b5f
5340
7b41
a342
cb43
f344
1b45
4346
6b47
9348
bb49
e34a
0b4b
334c
5b4d
834e
ab4f
d350
fb51
2352
4b53
7354
9b55
c356
eb57
1358
3b59
635a
8b5b
b35c
db5d
035e
2b5f
5340
7b41
a342
cb43
f344
1b45
4346
6b47
9348
bb49
e34a
0b4b
334c
5b4d
834e
ab4f
d350
fb51
2352
4b53
7354
9b55
c356
eb57
1358
3b59
635a
8b5b
b35c
db5d
035e
2b5f
5340
7b41
a342
cb43
f344
1b45
4346
6b47
9348
bb49
e34a
0b4b
334c
5b4d
834e
ab4f
d350
fb51
2352
4b53
7354
9b55
c356
eb57
1358
3b59
635a
8b5b
b35c
db5d
035e
2b5f
5340
7b41
a342
cb43
f344
1b45
4346
6b47
9348
bb49
e34a
0b4b
334c
5b4d
834e
ab4f
d350
fb51
2352
4b53
7354
9b55
c356
eb57
1358
3b59
635a
8b5b
b35c
db5d
035e
2b5f
5340
7b41
a342
cb43
f344
1b45
4346
6b47
9348
bb49
e34a
0b4b
334c
5b4d
834e
ab4f
d350
fb51
2352
4b53
7354
9b55
c356
eb57
1358
3b59
635a
8b5b
b35c
db5d
035e
2b5f
5340
7b41
a342
cb43
f344
1b45
4346
6b47
9348
bb49
e34a
0b4b
334c
5b4d
834e
ab4f
d350
fb51
2352
4b53
7354
9b55
c356
eb57
1358
3b59
635a
8b5b
b35c
db5d
035e
2b5f
5340
7b41
a342
cb43
f344
1b45
4346
6b47
9348
bb49
e34a
0b4b
334c
5b4d
834e
ab4f
d350
fb51
2352
4b53
7354
9b55
c356
eb57
1358
3b59
635a
8b5b
b35c
db5d
035e
2b5f
5340
7b41
a342
cb43
f344
1b45
4346
6b47
9348
bb49
e34a
0b4b
334c
5b4d
834e
ab4f
d350
fb51
2352
4b53
7354
9b55
c356
eb57
1358
3b59
635a
8b5b
b35c
db5d
03bf
2ba0
53a1
7ba2
a3a3
cba4
f3a5
1ba6
43a7
6ba8
93a9
bbaa
e3ab
0bac
33ad
5bae
83af
abb0
d3b1
fbb2
23b3
4bb4
73b5
9bb6
c3b7
ebb8
13b9
3bba
63bb
8bbc
b3bd
dbbe
03bf
2ba0
53a1
7ba2
a3a3
cba4
f3a5
1ba6
43a7
6ba8
93a9
bbaa
e3ab
0bac
33ad
5bae
83af
abb0
d3b1
fbb2
23b3
4bb4
73b5
9bb6
c3b7
ebb8
13b9
3bba
63bb
8bbc
b3bd
dbbe
03bf
2ba0
53a1
7ba2
a3a3
cba4
f3a5
1ba6
43a7
6ba8
93a9
bbaa
e3ab
0bac
33ad
5bae
83af
abb0
d3b1
fbb2
23b3
4bb4
73b5
9bb6
c3b7
ebb8
13b9
3bba
63bb
8bbc
b3bd
dbbe
03bf
2ba0
53a1
7ba2
a3a3
cba4
f3a5
1ba6
43a7
6ba8
93a9
bbaa
e3ab
0bac
33ad
5bae
83af
abb0
d3b1
fbb2
23b3
4bb4
73b5
9bb6
c3b7
ebb8
13b9
3bba
63bb
8bbc
b3bd
dbbe
03bf
2ba0
53a1
7ba2
a3a3
cba4
f3a5
1ba6
43a7
6ba8
93a9
bbaa
e3ab
0bac
33ad
5bae
83af
abb0
d3b1
fbb2
23b3
4bb4
73b5
9bb6
c3b7
ebb8
13b9
3bba
63bb
8bbc
b3bd
dbbe
03bf
2ba0
53a1
7ba2
a3a3
cba4
f3a5
1ba6
43a7
6ba8
93a9
bbaa
e3ab
0bac
33ad
5bae
83af
abb0
d3b1
fbb2
23b3
4bb4
73b5
9bb6
c3b7
ebb8
13b9
3bba
63bb
8bbc
b3bd
dbbe
03bf
2ba0
53a1
7ba2
a3a3
cba4
f3a5
1ba6
43a7
6ba8
93a9
bbaa
e3ab
0bac
33ad
5bae
83af
abb0
d3b1
fbb2
23b3
4bb4
73b5
9bb6
c3b7
ebb8
13b9
3bba
63bb
8bbc
b3bd
dbbe
03bf
2ba0
53a1
7ba2
a3a3
cba4
f3a5
1ba6
43a7
6ba8
93a9
bbaa
e3ab
0bac
33ad
5bae
83af
abb0
d3b1
fbb2
23b3
4bb4
73b5
9bb6
c3b7
ebb8
13b9
3bba
63bb
8bbc
b3bd
dbbe
03bf
2ba0
53a1
7ba2
a3a3
cba4
f3a5
1ba6
43a7
6ba8
93a9
bbaa
e3ab
0bac
33ad
5bae
83af
abb0
d3b1
fbb2
23b3
4bb4
73b5
9bb6
c3b7
ebb8
13b9
3bba
63bb
8bbc
b3bd
dbbe
0400
2c01
5402
7c03
a404
cc05
f406
1c07
4408
6c09
940a
bc0b
e40c
0c0d
340e
5c0f
8410
ac11
d412
fc13
2414
4c15
7416
9c17
c418
ec19
141a
3c1b
641c
8c1d
b41e
dc1f
0400
2c01
5402
7c03
a404
cc05
f406
1c07
4408
6c09
940a
bc0b
e40c
0c0d
340e
5c0f
8410
ac11
d412
fc13
2414
4c15
7416
9c17
c418
ec19
141a
3c1b
641c
8c1d
b41e
dc1f
0400
2c01
5402
7c03
a404
cc05
f406
1c07
4408
6c09
940a
bc0b
e40c
0c0d
340e
5c0f
8410
ac11
d412
fc13
2414
4c15
7416
9c17
c418
ec19
141a
3c1b
641c
8c1d
b41e
dc1f
0400
2c01
5402
7c03
a404
cc05
f406
1c07
4408
6c09
940a
bc0b
e40c
0c0d
340e
5c0f
8410
ac11
d412
fc13
2414
4c15
7416
9c17
c418
ec19
141a
3c1b
641c
8c1d
b41e
dc1f
0400
2c01
5402
7c03
a404
cc05
f406
1c07
4408
6c09
940a
bc0b
e40c
0c0d
340e
5c0f
8410
ac11
d412
fc13
2414
4c15
7416
9c17
c418
ec19
141a
3c1b
641c
8c1d
b41e
dc1f
0400
2c01
5402
7c03
a404
cc05
f406
1c07
4408
6c09
940a
bc0b
e40c
0c0d
340e
5c0f
8410
ac11
d412
fc13
2414
4c15
7416
9c17
c418
ec19
141a
3c1b
641c
8c1d
b41e
dc1f
0400
2c01
5402
7c03
a404
cc05
f406
1c07
4408
6c09
940a
bc0b
e40c
0c0d
340e
5c0f
8410
ac11
d412
fc13
2414
4c15
7416
9c17
c418
ec19
141a
3c1b
641c
8c1d
b41e
dc1f
0400
2c01
5402
7c03
a404
cc05
f406
1c07
4408
6c09
940a
bc0b
e40c
0c0d
340e
5c0f
8410
ac11
d412
fc13
2414
4c15
7416
9c17
c418
ec19
141a
3c1b
641c
8c1d
b41e
dc1f
0400
2c01
5402
7c03
a404
cc05
f406
1c07
4408
6c09
940a
bc0b
e40c
0c0d
340e
5c0f
8410
ac11
d412
fc13
2414
4c15
7416
9c17
c418
ec19
141a
3c1b
641c
8c1d
b41e
dc1f
0461
2c62
5463
7c64
a465
cc66
f467
1c68
4469
6c6a
946b
bc6c
e46d
0c6e
346f
5c70
8471
ac72
d473
fc74
2475
4c76
7477
9c78
c479
ec7a
147b
3c7c
647d
8c7e
b47f
dc60
0461
2c62
5463
7c64
a465
cc66
f467
1c68
4469
6c6a
946b
bc6c
e46d
0c6e
346f
5c70
8471
ac72
d473
fc74
2475
4c76
7477
9c78
c479
ec7a
147b
3c7c
647d
8c7e
b47f
dc60
0461
2c62
5463
7c64
a465
cc66
f467
1c68
4469
6c6a
946b
bc6c
e46d
0c6e
346f
5c70
8471
ac72
d473
fc74
2475
4c76
7477
9c78
c479
ec7a
147b
3c7c
647d
8c7e
b47f
dc60
0461
2c62
5463
7c64
a465
cc66
f467
1c68
4469
6c6a
946b
bc6c
e46d
0c6e
346f
5c70
8471
ac72
d473
fc74
2475
4c76
7477
9c78
c479
ec7a
147b
3c7c
647d
8c7e
b47f
dc60
0461
2c62
5463
7c64
a465
cc66
f467
1c68
4469
6c6a
946b
bc6c
e46d
0c6e
346f
5c70
8471
ac72
d473
fc74
2475
4c76
7477
9c78
c479
ec7a
147b
3c7c
647d
8c7e
b47f
dc60
0461
2c62
5463
7c64
a465
cc66
f467
1c68
4469
6c6a
946b
bc6c
e46d
0c6e
346f
5c70
8471
ac72
d473
fc74
2475
4c76
7477
9c78
c479
ec7a
147b
3c7c
647d
8c7e
b47f
dc60
0461
2c62
5463
7c64
a465
cc66
f467
1c68
4469
6c6a
946b
bc6c
e46d
0c6e
346f
5c70
8471
ac72
d473
fc74
2475
4c76
7477
9c78
c479
ec7a
147b
3c7c
647d
8c7e
b47f
dc60
0461
2c62
5463
7c64
a465
cc66
f467
1c68
4469
6c6a
946b
bc6c
e46d
0c6e
346f
5c70
8471
ac72
d473
fc74
2475
4c76
7477
9c78
c479
ec7a
147b
3c7c
647d
8c7e
b47f
dc60
0461
2c62
5463
7c64
a465
cc66
f467
1c68
4469
6c6a
946b
bc6c
e46d
0c6e
346f
5c70
8471
ac72
d473
fc74
2475
4c76
7477
9c78
c479
ec7a
147b
3c7c
647d
8c7e
b47f
dc60
04c2
2cc3
54c4
7cc5
a4c6
ccc7
f4c8
1cc9
44ca
6ccb
94cc
bccd
e4ce
0ccf
34d0
5cd1
84d2
acd3
d4d4
fcd5
24d6
4cd7
74d8
9cd9
c4da
ecdb
14dc
3cdd
64de
8cdf
b4c0
dcc1
04c2
2cc3
54c4
7cc5
a4c6
ccc7
f4c8
1cc9
44ca
6ccb
94cc
bccd
e4ce
0ccf
34d0
5cd1
84d2
acd3
d4d4
fcd5
24d6
4cd7
74d8
9cd9
c4da
ecdb
14dc
3cdd
64de
8cdf
b4c0
dcc1
04c2
2cc3
54c4
7cc5
a4c6
ccc7
f4c8
1cc9
44ca
6ccb
94cc
bccd
e4ce
0ccf
34d0
5cd1
84d2
acd3
d4d4
fcd5
24d6
4cd7
74d8
9cd9
c4da
ecdb
14dc
3cdd
64de
8cdf
b4c0
dcc1
04c2
2cc3
54c4
7cc5
a4c6
ccc7
f4c8
1cc9
44ca
6ccb
94cc
bccd
e4ce
0ccf
34d0
5cd1
84d2
acd3
d4d4
fcd5
24d6
4cd7
74d8
9cd9
c4da
ecdb
14dc
3cdd
64de
8cdf
b4c0
dcc1
04c2
2cc3
54c4
7cc5
a4c6
ccc7
f4c8
1cc9
44ca
6ccb
94cc
bccd
e4ce
0ccf
34d0
5cd1
84d2
acd3
d4d4
fcd5
24d6
4cd7
74d8
9cd9
c4da
ecdb
14dc
3cdd
64de
8cdf
b4c0
dcc1
04c2
2cc3
54c4
7cc5
a4c6
ccc7
f4c8
1cc9
44ca
6ccb
94cc
bccd
e4ce
0ccf
34d0
5cd1
84d2
acd3
d4d4
fcd5
24d6
4cd7
74d8
9cd9
c4da
ecdb
14dc
3cdd
64de
8cdf
b4c0
dcc1
04c2
2cc3
54c4
7cc5
a4c6
ccc7
f4c8
1cc9
44ca
6ccb
94cc
bccd
e4ce
0ccf
34d0
5cd1
84d2
acd3
d4d4
fcd5
24d6
4cd7
74d8
9cd9
c4da
ecdb
14dc
3cdd
64de
8cdf
b4c0
dcc1
04c2
2cc3
54c4
7cc5
a4c6
ccc7
f4c8
1cc9
44ca
6ccb
94cc
bccd
e4ce
0ccf
34d0
5cd1
84d2
acd3
d4d4
fcd5
24d6
4cd7
74d8
9cd9
c4da
ecdb
14dc
3cdd
64de
8cdf
b4c0
dcc1
04c2
2cc3
54c4
7cc5
a4c6
ccc7
f4c8
1cc9
44ca
6ccb
94cc
bccd
e4ce
0ccf
34d0
5cd1
84d2
acd3
d4d4
fcd5
24d6
4cd7
74d8
9cd9
c4da
ecdb
14dc
3cdd
64de
8cdf
b4c0
dcc1
0523
2d24
5525
7d26
a527
cd28
f529
1d2a
452b
6d2c
952d
bd2e
e52f
0d30
3531
5d32
8533
ad34
d535
fd36
2537
4d38
7539
9d3a
c53b
ed3c
153d
3d3e
653f
8d20
b521
dd22
0523
2d24
5525
7d26
a527
cd28
f529
1d2a
452b
6d2c
952d
bd2e
e52f
0d30
3531
5d32
8533
ad34
d535
fd36
2537
4d38
7539
9d3a
c53b
ed3c
153d
3d3e
653f
8d20
b521
dd22
0523
2d24
5525
7d26
a527
cd28
f529
1d2a
452b
6d2c
952d
bd2e
e52f
0d30
3531
5d32
8533
ad34
d535
fd36
2537
4d38
7539
9d3a
c53b
ed3c
153d
3d3e
653f
8d20
b521
dd22
0523
2d24
5525
7d26
a527
cd28
f529
1d2a
452b
6d2c
952d
bd2e
e52f
0d30
3531
5d32
8533
ad34
d535
fd36
2537
4d38
7539
9d3a
c53b
ed3c
153d
3d3e
653f
8d20
b521
dd22
0523
2d24
5525
7d26
a527
cd28
f529
1d2a
452b
6d2c
952d
bd2e
e52f
0d30
3531
5d32
8533
ad34
d535
fd36
2537
4d38
7539
9d3a
c53b
ed3c
153d
3d3e
653f
8d20
b521
dd22
0523
2d24
5525
7d26
a527
cd28
f529
1d2a
452b
6d2c
952d
bd2e
e52f
0d30
3531
5d32
8533
ad34
d535
fd36
2537
4d38
7539
9d3a
c53b
ed3c
153d
3d3e
653f
8d20
b521
dd22
0523
2d24
5525
7d26
a527
cd28
f529
1d2a
452b
6d2c
952d
bd2e
e52f
0d30
3531
5d32
8533
ad34
d535
fd36
2537
4d38
7539
9d3a
c53b
ed3c
153d
3d3e
653f
8d20
b521
dd22
0523
2d24
5525
7d26
a527
cd28
f529
1d2a
452b
6d2c
952d
bd2e
e52f
0d30
3531
5d32
8533
ad34
d535
fd36
2537
4d38
7539
9d3a
c53b
ed3c
153d
3d3e
653f
8d20
b521
dd22
0523
2d24
5525
7d26
a527
cd28
f529
1d2a
452b
6d2c
952d
bd2e
e52f
0d30
3531
5d32
8533
ad34
d535
fd36
2537
4d38
7539
9d3a
c53b
ed3c
153d
3d3e
653f
8d20
b521
dd22
0584
2d85
5586
7d87
a588
cd89
f58a
1d8b
458c
6d8d
958e
bd8f
e590
0d91
3592
5d93
8594
ad95
d596
fd97
2598
4d99
759a
9d9b
c59c
ed9d
159e
3d9f
6580
8d81
b582
dd83
0584
2d85
5586
7d87
a588
cd89
f58a
1d8b
458c
6d8d
958e
bd8f
e590
0d91
3592
5d93
8594
ad95
d596
fd97
2598
4d99
759a
9d9b
c59c
ed9d
159e
3d9f
6580
8d81
b582
dd83
0584
2d85
5586
7d87
a588
cd89
f58a
1d8b
458c
6d8d
958e
bd8f
e590
0d91
3592
5d93
8594
ad95
d596
fd97
2598
4d99
759a
9d9b
c59c
ed9d
159e
3d9f
6580
8d81
b582
dd83
0584
2d85
5586
7d87
a588
cd89
f58a
1d8b
458c
6d8d
958e
bd8f
e590
0d91
3592
5d93
8594
ad95
d596
fd97
2598
4d99
759a
9d9b
c59c
ed9d
159e
3d9f
6580
8d81
b582
dd83
0584
2d85
5586
7d87
a588
cd89
f58a
1d8b
458c
6d8d
958e
bd8f
e590
0d91
3592
5d93
8594
ad95
d596
fd97
2598
4d99
759a
9d9b
c59c
ed9d
159e
3d9f
6580
8d81
b582
dd83
0584
2d85
5586
7d87
a588
cd89
f58a
1d8b
458c
6d8d
958e
bd8f
e590
0d91
3592
5d93
8594
ad95
d596
fd97
2598
4d99
759a
9d9b
c59c
ed9d
159e
3d9f
6580
8d81
b582
dd83
0584
2d85
5586
7d87
a588
cd89
f58a
1d8b
458c
6d8d
958e
bd8f
e590
0d91
3592
5d93
8594
ad95
d596
fd97
2598
4d99
759a
9d9b
c59c
ed9d
159e
3d9f
6580
8d81
b582
dd83
0584
2d85
5586
7d87
a588
cd89
f58a
1d8b
458c
6d8d
958e
bd8f
e590
0d91
3592
5d93
8594
ad95
d596
fd97
2598
4d99
759a
9d9b
c59c
ed9d
159e
3d9f
6580
8d81
b582
dd83
0584
2d85
5586
7d87
a588
cd89
f58a
1d8b
458c
6d8d
958e
bd8f
e590
0d91
3592
5d93
8594
ad95
d596
fd97
2598
4d99
759a
9d9b
c59c
ed9d
159e
3d9f
6580
8d81
b582
dd83
05e5
2de6
55e7
7de8
a5e9
cdea
f5eb
1dec
45ed
6dee
95ef
bdf0
e5f1
0df2
35f3
5df4
85f5
adf6
d5f7
fdf8
25f9
4dfa
75fb
9dfc
c5fd
edfe
15ff
3de0
65e1
8de2
b5e3
dde4
05e5
2de6
55e7
7de8
a5e9
cdea
f5eb
1dec
45ed
6dee
95ef
bdf0
e5f1
0df2
35f3
5df4
85f5
adf6
d5f7
fdf8
25f9
4dfa
75fb
9dfc
c5fd
edfe
15ff
3de0
65e1
8de2
b5e3
dde4
05e5
2de6
55e7
7de8
a5e9
cdea
f5eb
1dec
45ed
6dee
95ef
bdf0
e5f1
0df2
35f3
5df4
85f5
adf6
d5f7
fdf8
25f9
4dfa
75fb
9dfc
c5fd
edfe
15ff
3de0
65e1
8de2
b5e3
dde4
05e5
2de6
55e7
7de8
a5e9
cdea
f5eb
1dec
45ed
6dee
95ef
bdf0
e5f1
0df2
35f3
5df4
85f5
adf6
d5f7
fdf8
25f9
4dfa
75fb
9dfc
c5fd
edfe
15ff
3de0
65e1
8de2
b5e3
dde4
05e5
2de6
55e7
7de8
a5e9
cdea
f5eb
1dec
45ed
6dee
95ef
bdf0
e5f1
0df2
35f3
5df4
85f5
adf6
d5f7
fdf8
25f9
4dfa
75fb
9dfc
c5fd
edfe
15ff
3de0
65e1
8de2
b5e3
dde4
05e5
2de6
55e7
7de8
a5e9
cdea
f5eb
1dec
45ed
6dee
95ef
bdf0
e5f1
0df2
35f3
5df4
85f5
adf6
d5f7
fdf8
25f9
4dfa
75fb
9dfc
c5fd
edfe
15ff
3de0
65e1
8de2
b5e3
dde4
05e5
2de6
55e7
7de8
a5e9
cdea
f5eb
1dec
45ed
6dee
95ef
bdf0
e5f1
0df2
35f3
5df4
85f5
adf6
d5f7
fdf8
25f9
4dfa
75fb
9dfc
c5fd
edfe
15ff
3de0
65e1
8de2
b5e3
dde4
05e5
2de6
55e7
7de8
a5e9
cdea
f5eb
1dec
45ed
6dee
95ef
bdf0
e5f1
0df2
35f3
5df4
85f5
adf6
d5f7
fdf8
25f9
4dfa
75fb
9dfc
c5fd
edfe
15ff
3de0
65e1
8de2
b5e3
dde4
05e5
2de6
55e7
7de8
a5e9
cdea
f5eb
1dec
45ed
6dee
95ef
bdf0
e5f1
0df2
35f3
5df4
85f5
adf6
d5f7
fdf8
25f9
4dfa
75fb
9dfc
c5fd
edfe
15ff
3de0
65e1
8de2
b5e3
dde4
0646
2e47
5648
7e49
a64a
ce4b
f64c
1e4d
464e
6e4f
9650
be51
e652
0e53
3654
5e55
8656
ae57
d658
fe59
265a
4e5b
765c
9e5d
c65e
ee5f
1640
3e41
6642
8e43
b644
de45
0646
2e47
5648
7e49
a64a
ce4b
f64c
1e4d
464e
6e4f
9650
be51
e652
0e53
3654
5e55
8656
ae57
d658
fe59
265a
4e5b
765c
9e5d
c65e
ee5f
1640
3e41
6642
8e43
b644
de45
0646
2e47
5648
7e49
a64a
ce4b
f64c
1e4d
464e
6e4f
9650
be51
e652
0e53
3654
5e55
8656
ae57
d658
fe59
265a
4e5b
765c
9e5d
c65e
ee5f
1640
3e41
6642
8e43
b644
de45
0646
2e47
5648
7e49
a64a
ce4b
f64c
1e4d
464e
6e4f
9650
be51
e652
0e53
3654
5e55
8656
ae57
d658
fe59
265a
4e5b
765c
9e5d
c65e
ee5f
1640
3e41
6642
8e43
b644
de45
0646
2e47
5648
7e49
a64a
ce4b
f64c
1e4d
464e
6e4f
9650
be51
e652
0e53
3654
5e55
8656
ae57
d658
fe59
265a
4e5b
765c
9e5d
c65e
ee5f
1640
3e41
6642
8e43
b644
de45
0646
2e47
5648
7e49
a64a
ce4b
f64c
1e4d
464e
6e4f
9650
be51
e652
0e53
3654
5e55
8656
ae57
d658
fe59
265a
4e5b
765c
9e5d
c65e
ee5f
1640
3e41
6642
8e43
b644
de45
0646
2e47
5648
7e49
a64a
ce4b
f64c
1e4d
464e
6e4f
9650
be51
e652
0e53
3654
5e55
8656
ae57
d658
fe59
265a
4e5b
765c
9e5d
c65e
ee5f
1640
3e41
6642
8e43
b644
de45
0646
2e47
5648
7e49
a64a
ce4b
f64c
1e4d
464e
6e4f
9650
be51
e652
0e53
3654
5e55
8656
ae57
d658
fe59
265a
4e5b
765c
9e5d
c65e
ee5f
1640
3e41
6642
8e43
b644
de45
0646
2e47
5648
7e49
a64a
ce4b
f64c
1e4d
464e
6e4f
9650
be51
e652
0e53
3654
5e55
8656
ae57
d658
fe59
265a
4e5b
765c
9e5d
c65e
ee5f
1640
3e41
6642
8e43
b644
de45
06a7
2ea8
56a9
7eaa
a6ab
ceac
f6ad
1eae
46af
6eb0
96b1
beb2
e6b3
0eb4
36b5
5eb6
86b7
aeb8
d6b9
feba
26bb
4ebc
76bd
9ebe
c6bf
eea0
16a1
3ea2
66a3
8ea4
b6a5
dea6
06a7
2ea8
56a9
7eaa
a6ab
ceac
f6ad
1eae
46af
6eb0
96b1
beb2
e6b3
0eb4
36b5
5eb6
86b7
aeb8
d6b9
feba
26bb
4ebc
76bd
9ebe
c6bf
eea0
16a1
3ea2
66a3
8ea4
b6a5
dea6
06a7
2ea8
56a9
7eaa
a6ab
ceac
f6ad
1eae
46af
6eb0
96b1
beb2
e6b3
0eb4
36b5
5eb6
86b7
aeb8
d6b9
feba
26bb
4ebc
76bd
9ebe
c6bf
eea0
16a1
3ea2
66a3
8ea4
b6a5
dea6
06a7
2ea8
56a9
7eaa
a6ab
ceac
f6ad
1eae
46af
6eb0
96b1
beb2
e6b3
0eb4
36b5
5eb6
86b7
aeb8
d6b9
feba
26bb
4ebc
76bd
9ebe
c6bf
eea0
16a1
3ea2
66a3
8ea4
b6a5
dea6
06a7
2ea8
56a9
7eaa
a6ab
ceac
f6ad
1eae
46af
6eb0
96b1
beb2
e6b3
0eb4
36b5
5eb6
86b7
aeb8
d6b9
feba
26bb
4ebc
76bd
9ebe
c6bf
eea0
16a1
3ea2
66a3
8ea4
b6a5
dea6
06a7
2ea8
56a9
7eaa
a6ab
ceac
f6ad
1eae
46af
6eb0
96b1
beb2
e6b3
0eb4
36b5
5eb6
86b7
aeb8
d6b9
feba
26bb
4ebc
76bd
9ebe
c6bf
eea0
16a1
3ea2
66a3
8ea4
b6a5
dea6
06a7
2ea8
56a9
7eaa
a6ab
ceac
f6ad
1eae
46af
6eb0
96b1
beb2
e6b3
0eb4
36b5
5eb6
86b7
aeb8
d6b9
feba
26bb
4ebc
76bd
9ebe
c6bf
eea0
16a1
3ea2
66a3
8ea4
b6a5
dea6
06a7
2ea8
56a9
7eaa
a6ab
ceac
f6ad
1eae
46af
6eb0
96b1
beb2
e6b3
0eb4
36b5
5eb6
86b7
aeb8
d6b9
feba
26bb
4ebc
76bd
9ebe
c6bf
eea0
16a1
3ea2
66a3
8ea4
b6a5
dea6
06a7
2ea8
56a9
7eaa
a6ab
ceac
f6ad
1eae
46af
6eb0
96b1
beb2
e6b3
0eb4
36b5
5eb6
86b7
aeb8
d6b9
feba
26bb
4ebc
76bd
9ebe
c6bf
eea0
16a1
3ea2
66a3
8ea4
b6a5
dea6
0708
2f09
570a
7f0b
a70c
cf0d
f70e
1f0f
4710
6f11
9712
bf13
e714
0f15
3716
5f17
8718
af19
d71a
ff1b
271c
4f1d
771e
9f1f
c700
ef01
1702
3f03
6704
8f05
b706
df07
0708
2f09
570a
7f0b
a70c
cf0d
f70e
1f0f
4710
6f11
9712
bf13
e714
0f15
3716
5f17
8718
af19
d71a
ff1b
271c
4f1d
771e
9f1f
c700
ef01
1702
3f03
6704
8f05
b706
df07
0708
2f09
570a
7f0b
a70c
cf0d
f70e
1f0f
4710
6f11
9712
bf13
e714
0f15
3716
5f17
8718
af19
d71a
ff1b
271c
4f1d
771e
9f1f
c700
ef01
1702
3f03
6704
8f05
b706
df07
0708
2f09
570a
7f0b
a70c
cf0d
f70e
1f0f
4710
6f11
9712
bf13
e714
0f15
3716
5f17
8718
af19
d71a
ff1b
271c
4f1d
771e
9f1f
c700
ef01
1702
3f03
6704
8f05
b706
df07
0708
2f09
570a
7f0b
a70c
cf0d
f70e
1f0f
4710
6f11
9712
bf13
e714
0f15
3716
5f17
8718
af19
d71a
ff1b
271c
4f1d
771e
9f1f
c700
ef01
1702
3f03
6704
8f05
b706
df07
0708
2f09
570a
7f0b
a70c
cf0d
f70e
1f0f
4710
6f11
9712
bf13
e714
0f15
3716
5f17
8718
af19
d71a
ff1b
271c
4f1d
771e
9f1f
c700
ef01
1702
3f03
6704
8f05
b706
df07
0708
2f09
570a
7f0b
a70c
cf0d
f70e
1f0f
4710
6f11
9712
bf13
e714
0f15
3716
5f17
8718
af19
d71a
ff1b
271c
4f1d
771e
9f1f
c700
ef01
1702
3f03
6704
8f05
b706
df07
0708
2f09
570a
7f0b
a70c
cf0d
f70e
1f0f
4710
6f11
9712
bf13
e714
0f15
3716
5f17
8718
af19
d71a
ff1b
271c
4f1d
771e
9f1f
c700
ef01
1702
3f03
6704
8f05
b706
df07
0708
2f09
570a
7f0b
a70c
cf0d
f70e
1f0f
4710
6f11
9712
bf13
e714
0f15
3716
5f17
8718
af19
d71a
ff1b
271c
4f1d
771e
9f1f
c700
ef01
1702
3f03
6704
8f05
b706
df07
0769
2f6a
576b
7f6c
a76d
cf6e
f76f
1f70
4771
6f72
9773
bf74
e775
0f76
3777
5f78
8779
af7a
d77b
ff7c
277d
4f7e
777f
9f60
c761
ef62
1763
3f64
6765
8f66
b767
df68
0769
2f6a
576b
7f6c
a76d
cf6e
f76f
1f70
4771
6f72
9773
bf74
e775
0f76
3777
5f78
8779
af7a
d77b
ff7c
277d
4f7e
777f
9f60
c761
ef62
1763
3f64
6765
8f66
b767
df68
0769
2f6a
576b
7f6c
a76d
cf6e
f76f
1f70
4771
6f72
9773
bf74
e775
0f76
3777
5f78
8779
af7a
d77b
ff7c
277d
4f7e
777f
9f60
c761
ef62
1763
3f64
6765
8f66
b767
df68
0769
2f6a
576b
7f6c
a76d
cf6e
f76f
1f70
4771
6f72
9773
bf74
e775
0f76
3777
5f78
8779
af7a
d77b
ff7c
277d
4f7e
777f
9f60
c761
ef62
1763
3f64
6765
8f66
b767
df68
0769
2f6a
576b
7f6c
a76d
cf6e
f76f
1f70
4771
6f72
9773
bf74
e775
0f76
3777
5f78
8779
af7a
d77b
ff7c
277d
4f7e
777f
9f60
c761
ef62
1763
3f64
6765
8f66
b767
df68
0769
2f6a
576b
7f6c
a76d
cf6e
f76f
1f70
4771
6f72
9773
bf74
e775
0f76
3777
5f78
8779
af7a
d77b
ff7c
277d
4f7e
777f
9f60
c761
ef62
1763
3f64
6765
8f66
b767
df68
0769
2f6a
576b
7f6c
a76d
cf6e
f76f
1f70
4771
6f72
9773
bf74
e775
0f76
3777
5f78
8779
af7a
d77b
ff7c
277d
4f7e
777f
9f60
c761
ef62
1763
3f64
6765
8f66
b767
df68
0769
2f6a
576b
7f6c
a76d
cf6e
f76f
1f70
4771
6f72
9773
bf74
e775
0f76
3777
5f78
8779
af7a
d77b
ff7c
277d
4f7e
777f
9f60
c761
ef62
1763
3f64
6765
8f66
b767
df68
0769
2f6a
576b
7f6c
a76d
cf6e
f76f
1f70
4771
6f72
9773
bf74
e775
0f76
3777
5f78
8779
af7a
d77b
ff7c
277d
4f7e
777f
9f60
c761
ef62
1763
3f64
6765
8f66
b767
df68
07ca
2fcb
57cc
7fcd
a7ce
cfcf
f7d0
1fd1
47d2
6fd3
97d4
bfd5
e7d6
0fd7
37d8
5fd9
87da
afdb
d7dc
ffdd
27de
4fdf
77c0
9fc1
c7c2
efc3
17c4
3fc5
67c6
8fc7
b7c8
dfc9
07ca
2fcb
57cc
7fcd
a7ce
cfcf
f7d0
1fd1
47d2
6fd3
97d4
bfd5
e7d6
0fd7
37d8
5fd9
87da
afdb
d7dc
ffdd
27de
4fdf
77c0
9fc1
c7c2
efc3
17c4
3fc5
67c6
8fc7
b7c8
dfc9
07ca
2fcb
57cc
7fcd
a7ce
cfcf
f7d0
1fd1
47d2
6fd3
97d4
bfd5
e7d6
0fd7
37d8
5fd9
87da
afdb
d7dc
ffdd
27de
4fdf
77c0
9fc1
c7c2
efc3
17c4
3fc5
67c6
8fc7
b7c8
dfc9
07ca
2fcb
57cc
7fcd
a7ce
cfcf
f7d0
1fd1
47d2
6fd3
97d4
bfd5
e7d6
0fd7
37d8
5fd9
87da
afdb
d7dc
ffdd
27de
4fdf
77c0
9fc1
c7c2
efc3
17c4
3fc5
67c6
8fc7
b7c8
dfc9
07ca
2fcb
57cc
7fcd
a7ce
cfcf
f7d0
1fd1
47d2
6fd3
97d4
bfd5
e7d6
0fd7
37d8
5fd9
87da
afdb
d7dc
ffdd
27de
4fdf
77c0
9fc1
c7c2
efc3
17c4
3fc5
67c6
8fc7
b7c8
dfc9
07ca
2fcb
57cc
7fcd
a7ce
cfcf
f7d0
1fd1
47d2
6fd3
97d4
bfd5
e7d6
0fd7
37d8
5fd9
87da
afdb
d7dc
ffdd
27de
4fdf
77c0
9fc1
c7c2
efc3
17c4
3fc5
67c6
8fc7
b7c8
dfc9
07ca
2fcb
57cc
7fcd
a7ce
cfcf
f7d0
1fd1
47d2
6fd3
97d4
bfd5
e7d6
0fd7
37d8
5fd9
87da
afdb
d7dc
ffdd
27de
4fdf
77c0
9fc1
c7c2
efc3
17c4
3fc5
67c6
8fc7
b7c8
dfc9
07ca
2fcb
57cc
7fcd
a7ce
cfcf
f7d0
1fd1
47d2
6fd3
97d4
bfd5
e7d6
0fd7
37d8
5fd9
87da
afdb
d7dc
ffdd
27de
4fdf
77c0
9fc1
c7c2
efc3
17c4
3fc5
67c6
8fc7
b7c8
dfc9
07ca
2fcb
57cc
7fcd
a7ce
cfcf
f7d0
1fd1
47d2
6fd3
97d4
bfd5
e7d6
0fd7
37d8
5fd9
87da
afdb
d7dc
ffdd
27de
4fdf
77c0
9fc1
c7c2
efc3
17c4
3fc5
67c6
8fc7
b7c8
dfc9
002b
282c
502d
782e
a02f
c830
f031
1832
4033
6834
9035
b836
e037
0838
3039
583a
803b
a83c
d03d
f83e
203f
4820
7021
9822
c023
e824
1025
3826
6027
8828
b029
d82a
002b
282c
502d
782e
a02f
c830
f031
1832
4033
6834
9035
b836
e037
0838
3039
583a
803b
a83c
d03d
f83e
203f
4820
7021
9822
c023
e824
1025
3826
6027
8828
b029
d82a
002b
282c
502d
782e
a02f
c830
f031
1832
4033
6834
9035
b836
e037
0838
3039
583a
803b
a83c
d03d
f83e
203f
4820
7021
9822
c023
e824
1025
3826
6027
8828
b029
d82a
002b
282c
502d
782e
a02f
c830
f031
1832
4033
6834
9035
b836
e037
0838
3039
583a
803b
a83c
d03d
f83e
203f
4820
7021
9822
c023
e824
1025
3826
6027
8828
b029
d82a
002b
282c
502d
782e
a02f
c830
f031
1832
4033
6834
9035
b836
e037
0838
3039
583a
803b
a83c
d03d
f83e
203f
4820
7021
9822
c023
e824
1025
3826
6027
8828
b029
d82a
002b
282c
502d
782e
a02f
c830
f031
1832
4033
6834
9035
b836
e037
0838
3039
583a
803b
a83c
d03d
f83e
203f
4820
7021
9822
c023
e824
1025
3826
6027
8828
b029
d82a
002b
282c
502d
782e
a02f
c830
f031
1832
4033
6834
9035
b836
e037
0838
3039
583a
803b
a83c
d03d
f83e
203f
4820
7021
9822
c023
e824
1025
3826
6027
8828
b029
d82a
002b
282c
502d
782e
a02f
c830
f031
1832
4033
6834
9035
b836
e037
0838
3039
583a
803b
a83c
d03d
f83e
203f
4820
7021
9822
c023
e824
1025
3826
6027
8828
b029
d82a
002b
282c
502d
782e
a02f
c830
f031
1832
4033
6834
9035
b836
e037
0838
3039
583a
803b
a83c
d03d
f83e
203f
4820
7021
9822
c023
e824
1025
3826
6027
8828
b029
d82a
008c
288d
508e
788f
a090
c891
f092
1893
4094
6895
9096
b897
e098
0899
309a
589b
809c
a89d
d09e
f89f
2080
4881
7082
9883
c084
e885
1086
3887
6088
8889
b08a
d88b
008c
288d
508e
788f
a090
c891
f092
1893
4094
6895
9096
b897
e098
0899
309a
589b
809c
a89d
d09e
f89f
2080
4881
7082
9883
c084
e885
1086
3887
6088
8889
b08a
d88b
008c
288d
508e
788f
a090
c891
f092
1893
4094
6895
9096
b897
e098
0899
309a
589b
809c
a89d
d09e
f89f
2080
4881
7082
9883
c084
e885
1086
3887
6088
8889
b08a
d88b
008c
288d
508e
788f
a090
c891
f092
1893
4094
6895
9096
b897
e098
0899
309a
589b
809c
a89d
d09e
f89f
2080
4881
7082
9883
c084
e885
1086
3887
6088
8889
b08a
d88b
008c
288d
508e
788f
a090
c891
f092
1893
4094
6895
9096
b897
e098
0899
309a
589b
809c
a89d
d09e
f89f
2080
4881
7082
9883
c084
e885
1086
3887
6088
8889
b08a
d88b
008c
288d
508e
788f
a090
c891
f092
1893
4094
6895
9096
b897
e098
0899
309a
589b
809c
a89d
d09e
f89f
2080
4881
7082
9883
c084
e885
1086
3887
6088
8889
b08a
d88b
008c
288d
508e
788f
a090
c891
f092
1893
4094
6895
9096
b897
e098
0899
309a
589b
809c
a89d
d09e
f89f
2080
4881
7082
9883
c084
e885
1086
3887
6088
8889
b08a
d88b
008c
288d
508e
788f
a090
c891
f092
1893
4094
6895
9096
b897
e098
0899
309a
589b
809c
a89d
d09e
f89f
2080
4881
7082
9883
c084
e885
1086
3887
6088
8889
b08a
d88b
008c
288d
508e
788f
a090
c891
f092
1893
4094
6895
9096
b897
e098
0899
309a
589b
809c
a89d
d09e
f89f
2080
4881
7082
9883
c084
e885
1086
3887
6088
8889
b08a
d88b
00ed
28ee
50ef
78f0
a0f1
c8f2
f0f3
18f4
40f5
68f6
90f7
b8f8
e0f9
08fa
30fb
58fc
80fd
a8fe
d0ff
f8e0
20e1
48e2
70e3
98e4
c0e5
e8e6
10e7
38e8
60e9
88ea
b0eb
d8ec
00ed
28ee
50ef
78f0
a0f1
c8f2
f0f3
18f4
40f5
68f6
90f7
b8f8
e0f9
08fa
30fb
58fc
80fd
a8fe
d0ff
f8e0
20e1
48e2
70e3
98e4
c0e5
e8e6
10e7
38e8
60e9
88ea
b0eb
d8ec
00ed
28ee
50ef
78f0
a0f1
c8f2
f0f3
18f4
40f5
68f6
90f7
b8f8
e0f9
08fa
30fb
58fc
80fd
a8fe
d0ff
f8e0
20e1
48e2
70e3
98e4
c0e5
e8e6
10e7
38e8
60e9
88ea
b0eb
d8ec
00ed
28ee
50ef
78f0
a0f1
c8f2
f0f3
18f4
40f5
68f6
90f7
b8f8
e0f9
08fa
30fb
58fc
80fd
a8fe
d0ff
f8e0
20e1
48e2
70e3
98e4
c0e5
e8e6
10e7
38e8
60e9
88ea
b0eb
d8ec
00ed
28ee
50ef
78f0
a0f1
c8f2
f0f3
18f4
40f5
68f6
90f7
b8f8
e0f9
08fa
30fb
58fc
80fd
a8fe
d0ff
f8e0
20e1
48e2
70e3
98e4
c0e5
e8e6
10e7
38e8
60e9
88ea
b0eb
d8ec
00ed
28ee
50ef
78f0
a0f1
c8f2
f0f3
18f4
40f5
68f6
90f7
b8f8
e0f9
08fa
30fb
58fc
80fd
a8fe
d0ff
f8e0
20e1
48e2
70e3
98e4
c0e5
e8e6
10e7
38e8
60e9
88ea
b0eb
d8ec
00ed
28ee
50ef
78f0
a0f1
c8f2
f0f3
18f4
40f5
68f6
90f7
b8f8
e0f9
08fa
30fb
58fc
80fd
a8fe
d0ff
f8e0
20e1
48e2
70e3
98e4
c0e5
e8e6
10e7
38e8
60e9
88ea
b0eb
d8ec
00ed
28ee
50ef
78f0
a0f1
c8f2
f0f3
18f4
40f5
68f6
90f7
b8f8
e0f9
08fa
30fb
58fc
80fd
a8fe
d0ff
f8e0
20e1
48e2
70e3
98e4
c0e5
e8e6
10e7
38e8
60e9
88ea
b0eb
d8ec
00ed
28ee
50ef
78f0
a0f1
c8f2
f0f3
18f4
40f5
68f6
90f7
b8f8
e0f9
08fa
30fb
58fc
80fd
a8fe
d0ff
f8e0
20e1
48e2
70e3
98e4
c0e5
e8e6
10e7
38e8
60e9
88ea
b0eb
d8ec
014e
294f
5150
7951
a152
c953
f154
1955
4156
6957
9158
b959
e15a
095b
315c
595d
815e
a95f
d140
f941
2142
4943
7144
9945
c146
e947
1148
3949
614a
894b
b14c
d94d
014e
294f
5150
7951
a152
c953
f154
1955
4156
6957
9158
b959
e15a
095b
315c
595d
815e
a95f
d140
f941
2142
4943
7144
9945
c146
e947
1148
3949
614a
894b
b14c
d94d
014e
294f
5150
7951
a152
c953
f154
1955
4156
6957
9158
b959
e15a
095b
315c
595d
815e
a95f
d140
f941
2142
4943
7144
9945
c146
e947
1148
3949
614a
894b
b14c
d94d
014e
294f
5150
7951
a152
c953
f154
1955
4156
6957
9158
b959
e15a
095b
315c
595d
815e
a95f
d140
f941
2142
4943
7144
9945
c146
e947
1148
3949
614a
894b
b14c
d94d
014e
294f
5150
7951
a152
c953
f154
1955
4156
6957
9158
b959
e15a
095b
315c
595d
815e
a95f
d140
f941
2142
4943
7144
9945
c146
e947
1148
3949
614a
894b
b14c
d94d
014e
294f
5150
7951
a152
c953
f154
1955
4156
6957
9158
b959
e15a
095b
315c
595d
815e
a95f
d140
f941
2142
4943
7144
9945
c146
e947
1148
3949
614a
894b
b14c
d94d
014e
294f
5150
7951
a152
c953
f154
1955
4156
6957
9158
b959
e15a
095b
315c
595d
815e
a95f
d140
f941
2142
4943
7144
9945
c146
e947
1148
3949
614a
894b
b14c
d94d
014e
294f
5150
7951
a152
c953
f154
1955
4156
6957
9158
b959
e15a
095b
315c
595d
815e
a95f
d140
f941
2142
4943
7144
9945
c146
e947
1148
3949
614a
894b
b14c
d94d
014e
294f
5150
7951
a152
c953
f154
1955
4156
6957
9158
b959
e15a
095b
315c
595d
815e
a95f
d140
f941
2142
4943
7144
9945
c146
e947
1148
3949
614a
894b
b14c
d94d
01af
29b0
51b1
79b2
a1b3
c9b4
f1b5
19b6
41b7
69b8
91b9
b9ba
e1bb
09bc
31bd
59be
81bf
a9a0
d1a1
f9a2
21a3
49a4
71a5
99a6
c1a7
e9a8
11a9
39aa
61ab
89ac
b1ad
d9ae
01af
29b0
51b1
79b2
a1b3
c9b4
f1b5
19b6
41b7
69b8
91b9
b9ba
e1bb
09bc
31bd
59be
81bf
a9a0
d1a1
f9a2
21a3
49a4
71a5
99a6
c1a7
e9a8
11a9
39aa
61ab
89ac
b1ad
d9ae
01af
29b0
51b1
79b2
a1b3
c9b4
f1b5
19b6
41b7
69b8
91b9
b9ba
e1bb
09bc
31bd
59be
81bf
a9a0
d1a1
f9a2
21a3
49a4
71a5
99a6
c1a7
e9a8
11a9
39aa
61ab
89ac
b1ad
d9ae
01af
29b0
51b1
79b2
a1b3
c9b4
f1b5
19b6
41b7
69b8
91b9
b9ba
e1bb
09bc
31bd
59be
81bf
a9a0
d1a1
f9a2
21a3
49a4
71a5
99a6
c1a7
e9a8
11a9
39aa
61ab
89ac
b1ad
d9ae
01af
29b0
51b1
79b2
a1b3
c9b4
f1b5
19b6
41b7
69b8
91b9
b9ba
e1bb
09bc
31bd
59be
81bf
a9a0
d1a1
f9a2
21a3
49a4
71a5
99a6
c1a7
e9a8
11a9
39aa
61ab
89ac
b1ad
d9ae
01af
29b0
51b1
79b2
a1b3
c9b4
f1b5
19b6
41b7
69b8
91b9
b9ba
e1bb
09bc
31bd
59be
81bf
a9a0
d1a1
f9a2
21a3
49a4
71a5
99a6
c1a7
e9a8
11a9
39aa
61ab
89ac
b1ad
d9ae
01af
29b0
51b1
79b2
a1b3
c9b4
f1b5
19b6
41b7
69b8
91b9
b9ba
e1bb
09bc
31bd
59be
81bf
a9a0
d1a1
f9a2
21a3
49a4
71a5
99a6
c1a7
e9a8
11a9
39aa
61ab
89ac
b1ad
d9ae
01af
29b0
51b1
79b2
a1b3
c9b4
f1b5
19b6
41b7
69b8
91b9
b9ba
e1bb
09bc
31bd
59be
81bf
a9a0
d1a1
f9a2
21a3
49a4
71a5
99a6
c1a7
e9a8
11a9
39aa
61ab
89ac
b1ad
d9ae
01af
29b0
51b1
79b2
a1b3
c9b4
f1b5
19b6
41b7
69b8
91b9
b9ba
e1bb
09bc
31bd
59be
81bf
a9a0
d1a1
f9a2
21a3
49a4
71a5
99a6
c1a7
e9a8
11a9
39aa
61ab
89ac
b1ad
d9ae
0210
2a11
5212
7a13
a214
ca15
f216
1a17
4218
6a19
921a
ba1b
e21c
0a1d
321e
5a1f
8200
aa01
d202
fa03
2204
4a05
7206
9a07
c208
ea09
120a
3a0b
620c
8a0d
b20e
da0f
0210
2a11
5212
7a13
a214
ca15
f216
1a17
4218
6a19
921a
ba1b
e21c
0a1d
321e
5a1f
8200
aa01
d202
fa03
2204
4a05
7206
9a07
c208
ea09
120a
3a0b
620c
8a0d
b20e
da0f
0210
2a11
5212
7a13
a214
ca15
f216
1a17
4218
6a19
921a
ba1b
e21c
0a1d
321e
5a1f
8200
aa01
d202
fa03
2204
4a05
7206
9a07
c208
ea09
120a
3a0b
620c
8a0d
b20e
da0f
0210
2a11
5212
7a13
a214
ca15
f216
1a17
4218
6a19
921a
ba1b
e21c
0a1d
321e
5a1f
8200
aa01
d202
fa03
2204
4a05
7206
9a07
c208
ea09
120a
3a0b
620c
8a0d
b20e
da0f
0210
2a11
5212
7a13
a214
ca15
f216
1a17
4218
6a19
921a
ba1b
e21c
0a1d
321e
5a1f
8200
aa01
d202
fa03
2204
4a05
7206
9a07
c208
ea09
120a
3a0b
620c
8a0d
b20e
da0f
0210
2a11
5212
7a13
a214
ca15
f216
1a17
4218
6a19
921a
ba1b
e21c
0a1d
321e
5a1f
8200
aa01
d202
fa03
2204
4a05
7206
9a07
c208
ea09
120a
3a0b
620c
8a0d
b20e
da0f
0210
2a11
5212
7a13
a214
ca15
f216
1a17
4218
6a19
921a
ba1b
e21c
0a1d
321e
5a1f
8200
aa01
d202
fa03
2204
4a05
7206
9a07
c208
ea09
120a
3a0b
620c
8a0d
b20e
da0f
0210
2a11
5212
7a13
a214
ca15
f216
1a17
4218
6a19
921a
ba1b
e21c
0a1d
321e
5a1f
8200
aa01
d202
fa03
2204
4a05
7206
9a07
c208
ea09
120a
3a0b
620c
8a0d
b20e
da0f
0210
2a11
5212
7a13
a214
ca15
f216
1a17
4218
6a19
921a
ba1b
e21c
0a1d
321e
5a1f
8200
aa01
d202
fa03
2204
4a05
7206
9a07
c208
ea09
120a
3a0b
620c
8a0d
b20e
da0f
0271
2a72
5273
7a74
a275
ca76
f277
1a78
4279
6a7a
927b
ba7c
e27d
0a7e
327f
5a60
8261
aa62
d263
fa64
2265
4a66
7267
9a68
c269
ea6a
126b
3a6c
626d
8a6e
b26f
da70
0271
2a72
5273
7a74
a275
ca76
f277
1a78
4279
6a7a
927b
ba7c
e27d
0a7e
327f
5a60
8261
aa62
d263
fa64
2265
4a66
7267
9a68
c269
ea6a
126b
3a6c
626d
8a6e
b26f
da70
0271
2a72
5273
7a74
a275
ca76
f277
1a78
4279
6a7a
927b
ba7c
e27d
0a7e
327f
5a60
8261
aa62
d263
fa64
2265
4a66
7267
9a68
c269
ea6a
126b
3a6c
626d
8a6e
b26f
da70
0271
2a72
5273
7a74
a275
ca76
f277
1a78
4279
6a7a
927b
ba7c
e27d
0a7e
327f
5a60
8261
aa62
d263
fa64
2265
4a66
7267
9a68
c269
ea6a
126b
3a6c
626d
8a6e
b26f
da70
0271
2a72
5273
7a74
a275
ca76
f277
1a78
4279
6a7a
927b
ba7c
e27d
0a7e
327f
5a60
8261
aa62
d263
fa64
2265
4a66
7267
9a68
c269
ea6a
126b
3a6c
626d
8a6e
b26f
da70
0271
2a72
5273
7a74
a275
ca76
f277
1a78
4279
6a7a
927b
ba7c
e27d
0a7e
327f
5a60
8261
aa62
d263
fa64
2265
4a66
7267
9a68
c269
ea6a
126b
3a6c
626d
8a6e
b26f
da70
0271
2a72
5273
7a74
a275
ca76
f277
1a78
4279
6a7a
927b
ba7c
e27d
0a7e
327f
5a60
8261
aa62
d263
fa64
2265
4a66
7267
9a68
c269
ea6a
126b
3a6c
626d
8a6e
b26f
da70
0271
2a72
5273
7a74
a275
ca76
f277
1a78
4279
6a7a
927b
ba7c
e27d
0a7e
327f
5a60
8261
aa62
d263
fa64
2265
4a66
7267
9a68
c269
ea6a
126b
3a6c
626d
8a6e
b26f
da70
0271
2a72
5273
7a74
a275
ca76
f277
1a78
4279
6a7a
927b
ba7c
e27d
0a7e
327f
5a60
8261
aa62
d263
fa64
2265
4a66
7267
9a68
c269
ea6a
126b
3a6c
626d
8a6e
b26f
da70
02d2
2ad3
52d4
7ad5
a2d6
cad7
f2d8
1ad9
42da
6adb
92dc
badd
e2de
0adf
32c0
5ac1
82c2
aac3
d2c4
fac5
22c6
4ac7
72c8
9ac9
c2ca
eacb
12cc
3acd
62ce
8acf
b2d0
dad1
02d2
2ad3
52d4
7ad5
a2d6
cad7
f2d8
1ad9
42da
6adb
92dc
badd
e2de
0adf
32c0
5ac1
82c2
aac3
d2c4
fac5
22c6
4ac7
72c8
9ac9
c2ca
eacb
12cc
3acd
62ce
8acf
b2d0
dad1
02d2
2ad3
52d4
7ad5
a2d6
cad7
f2d8
1ad9
42da
6adb
92dc
badd
e2de
0adf
32c0
5ac1
82c2
aac3
d2c4
fac5
22c6
4ac7
72c8
9ac9
c2ca
eacb
12cc
3acd
62ce
8acf
b2d0
dad1
02d2
2ad3
52d4
7ad5
a2d6
cad7
f2d8
1ad9
42da
6adb
92dc
badd
e2de
0adf
32c0
5ac1
82c2
aac3
d2c4
fac5
22c6
4ac7
72c8
9ac9
c2ca
eacb
12cc
3acd
62ce
8acf
b2d0
dad1
02d2
2ad3
52d4
7ad5
a2d6
cad7
f2d8
1ad9
42da
6adb
92dc
badd
e2de
0adf
32c0
5ac1
82c2
aac3
d2c4
fac5
22c6
4ac7
72c8
9ac9
c2ca
eacb
12cc
3acd
62ce
8acf
b2d0
dad1
02d2
2ad3
52d4
7ad5
a2d6
cad7
f2d8
1ad9
42da
6adb
92dc
badd
e2de
0adf
32c0
5ac1
82c2
aac3
d2c4
fac5
22c6
4ac7
72c8
9ac9
c2ca
eacb
12cc
3acd
62ce
8acf
b2d0
dad1
02d2
2ad3
52d4
7ad5
a2d6
cad7
f2d8
1ad9
42da
6adb
92dc
badd
e2de
0adf
32c0
5ac1
82c2
aac3
d2c4
fac5
22c6
4ac7
72c8
9ac9
c2ca
eacb
12cc
3acd
62ce
8acf
b2d0
dad1
02d2
2ad3
52d4
7ad5
a2d6
cad7
f2d8
1ad9
42da
6adb
92dc
badd
e2de
0adf
32c0
5ac1
82c2
aac3
d2c4
fac5
22c6
4ac7
72c8
9ac9
c2ca
eacb
12cc
3acd
62ce
8acf
b2d0
dad1
02d2
2ad3
52d4
7ad5
a2d6
cad7
f2d8
1ad9
42da
6adb
92dc
badd
e2de
0adf
32c0
5ac1
82c2
aac3
d2c4
fac5
22c6
4ac7
72c8
9ac9
c2ca
eacb
12cc
3acd
62ce
8acf
b2d0
dad1
0333
2b34
5335
7b36
a337
cb38
f339
1b3a
433b
6b3c
933d
bb3e
e33f
0b20
3321
5b22
8323
ab24
d325
fb26
2327
4b28
7329
9b2a
c32b
eb2c
132d
3b2e
632f
8b30
b331
db32
0333
2b34
5335
7b36
a337
cb38
f339
1b3a
433b
6b3c
933d
bb3e
e33f
0b20
3321
5b22
8323
ab24
d325
fb26
2327
4b28
7329
9b2a
c32b
eb2c
132d
3b2e
632f
8b30
b331
db32
0333
2b34
5335
7b36
a337
cb38
f339
1b3a
433b
6b3c
933d
bb3e
e33f
0b20
3321
5b22
8323
ab24
d325
fb26
2327
4b28
7329
9b2a
c32b
eb2c
132d
3b2e
632f
8b30
b331
db32
0333
2b34
5335
7b36
a337
cb38
f339
1b3a
433b
6b3c
933d
bb3e
e33f
0b20
3321
5b22
8323
ab24
d325
fb26
2327
4b28
7329
9b2a
c32b
eb2c
132d
3b2e
632f
8b30
b331
db32
0333
2b34
5335
7b36
a337
cb38
f339
1b3a
433b
6b3c
933d
bb3e
e33f
0b20
3321
5b22
8323
ab24
d325
fb26
2327
4b28
7329
9b2a
c32b
eb2c
132d
3b2e
632f
8b30
b331
db32
0333
2b34
5335
7b36
a337
cb38
f339
1b3a
433b
6b3c
933d
bb3e
e33f
0b20
3321
5b22
8323
ab24
d325
fb26
2327
4b28
7329
9b2a
c32b
eb2c
132d
3b2e
632f
8b30
b331
db32
0333
2b34
5335
7b36
a337
cb38
f339
1b3a
433b
6b3c
933d
bb3e
e33f
0b20
3321
5b22
8323
ab24
d325
fb26
2327
4b28
7329
9b2a
c32b
eb2c
132d
3b2e
632f
8b30
b331
db32
0333
2b34
5335
7b36
a337
cb38
f339
1b3a
433b
6b3c
933d
bb3e
e33f
0b20
3321
5b22
8323
ab24
d325
fb26
2327
4b28
7329
9b2a
c32b
eb2c
132d
3b2e
632f
8b30
b331
db32
0333
2b34
5335
7b36
a337
cb38
f339
1b3a
433b
6b3c
933d
bb3e
e33f
0b20
3321
5b22
8323
ab24
d325
fb26
2327
4b28
7329
9b2a
c32b
eb2c
132d
3b2e
632f
8b30
b331
db32
0394
2b95
5396
7b97
a398
cb99
f39a
1b9b
439c
6b9d
939e
bb9f
e380
0b81
3382
5b83
8384
ab85
d386
fb87
2388
4b89
738a
9b8b
c38c
eb8d
138e
3b8f
6390
8b91
b392
db93
0394
2b95
5396
7b97
a398
cb99
f39a
1b9b
439c
6b9d
939e
bb9f
e380
0b81
3382
5b83
8384
ab85
d386
fb87
2388
4b89
738a
9b8b
c38c
eb8d
138e
3b8f
6390
8b91
b392
db93
0394
2b95
5396
7b97
a398
cb99
f39a
1b9b
439c
6b9d
939e
bb9f
e380
0b81
3382
5b83
8384
ab85
d386
fb87
2388
4b89
738a
9b8b
c38c
eb8d
138e
3b8f
6390
8b91
b392
db93
0394
2b95
5396
7b97
a398
cb99
f39a
1b9b
439c
6b9d
939e
bb9f
e380
0b81
3382
5b83
8384
ab85
d386
fb87
2388
4b89
738a
9b8b
c38c
eb8d
138e
3b8f
6390
8b91
b392
db93
0394
2b95
5396
7b97
a398
cb99
f39a
1b9b
439c
6b9d
939e
bb9f
e380
0b81
3382
5b83
8384
ab85
d386
fb87
2388
4b89
738a
9b8b
c38c
eb8d
138e
3b8f
6390
8b91
b392
db93
0394
2b95
5396
7b97
a398
cb99
f39a
1b9b
439c
6b9d
939e
bb9f
e380
0b81
3382
5b83
8384
ab85
d386
fb87
2388
4b89
738a
9b8b
c38c
eb8d
138e
3b8f
6390
8b91
b392
db93
0394
2b95
5396
7b97
a398
cb99
f39a
1b9b
439c
6b9d
939e
bb9f
e380
0b81
3382
5b83
8384
ab85
d386
fb87
2388
4b89
738a
9b8b
c38c
eb8d
138e
3b8f
6390
8b91
b392
db93
0394
2b95
5396
7b97
a398
cb99
f39a
1b9b
439c
6b9d
939e
bb9f
e380
0b81
3382
5b83
8384
ab85
d386
fb87
2388
4b89
738a
9b8b
c38c
eb8d
138e
3b8f
6390
8b91
b392
db93
0394
2b95
5396
7b97
a398
cb99
f39a
1b9b
439c
6b9d
939e
bb9f
e380
0b81
3382
5b83
8384
ab85
d386
fb87
2388
4b89
738a
9b8b
c38c
eb8d
138e
3b8f
6390
8b91
b392
db93
03f5
2bf6
53f7
7bf8
a3f9
cbfa
f3fb
1bfc
43fd
6bfe
93ff
bbe0
e3e1
0be2
33e3
5be4
83e5
abe6
d3e7
fbe8
23e9
4bea
73eb
9bec
c3ed
ebee
13ef
3bf0
63f1
8bf2
b3f3
dbf4
03f5
2bf6
53f7
7bf8
a3f9
cbfa
f3fb
1bfc
43fd
6bfe
93ff
bbe0
e3e1
0be2
33e3
5be4
83e5
abe6
d3e7
fbe8
23e9
4bea
73eb
9bec
c3ed
ebee
13ef
3bf0
63f1
8bf2
b3f3
dbf4
03f5
2bf6
53f7
7bf8
a3f9
cbfa
f3fb
1bfc
43fd
6bfe
93ff
bbe0
e3e1
0be2
33e3
5be4
83e5
abe6
d3e7
fbe8
23e9
4bea
73eb
9bec
c3ed
ebee
13ef
3bf0
63f1
8bf2
b3f3
dbf4
03f5
2bf6
53f7
7bf8
a3f9
cbfa
f3fb
1bfc
43fd
6bfe
93ff
bbe0
e3e1
0be2
33e3
5be4
83e5
abe6
d3e7
fbe8
23e9
4bea
73eb
9bec
c3ed
ebee
13ef
3bf0
63f1
8bf2
b3f3
dbf4
03f5
2bf6
53f7
7bf8
a3f9
cbfa
f3fb
1bfc
43fd
6bfe
93ff
bbe0
e3e1
0be2
33e3
5be4
83e5
abe6
d3e7
fbe8
23e9
4bea
73eb
9bec
c3ed
ebee
13ef
3bf0
63f1
8bf2
b3f3
dbf4
03f5
2bf6
53f7
7bf8
a3f9
cbfa
f3fb
1bfc
43fd
6bfe
93ff
bbe0
e3e1
0be2
33e3
5be4
83e5
abe6
d3e7
fbe8
23e9
4bea
73eb
9bec
c3ed
ebee
13ef
3bf0
63f1
8bf2
b3f3
dbf4
03f5
2bf6
53f7
7bf8
a3f9
cbfa
f3fb
1bfc
43fd
6bfe
93ff
bbe0
e3e1
0be2
33e3
5be4
83e5
abe6
d3e7
fbe8
23e9
4bea
73eb
9bec
c3ed
ebee
13ef
3bf0
63f1
8bf2
b3f3
dbf4
03f5
2bf6
53f7
7bf8
a3f9
cbfa
f3fb
1bfc
43fd
6bfe
93ff
bbe0
e3e1
0be2
33e3
5be4
83e5
abe6
d3e7
fbe8
23e9
4bea
73eb
9bec
c3ed
ebee
13ef
3bf0
63f1
8bf2
b3f3
dbf4
03f5
2bf6
53f7
7bf8
a3f9
cbfa
f3fb
1bfc
43fd
6bfe
93ff
bbe0
e3e1
0be2
33e3
5be4
83e5
abe6
d3e7
fbe8
23e9
4bea
73eb
9bec
c3ed
ebee
13ef
3bf0
63f1
8bf2
b3f3
dbf4
0456
2c57
5458
7c59
a45a
cc5b
f45c
1c5d
445e
6c5f
9440
bc41
e442
0c43
3444
5c45
8446
ac47
d448
fc49
244a
4c4b
744c
9c4d
c44e
ec4f
1450
3c51
6452
8c53
b454
dc55
0456
2c57
5458
7c59
a45a
cc5b
f45c
1c5d
445e
6c5f
9440
bc41
e442
0c43
3444
5c45
8446
ac47
d448
fc49
244a
4c4b
744c
9c4d
c44e
ec4f
1450
3c51
6452
8c53
b454
dc55
0456
2c57
5458
7c59
a45a
cc5b
f45c
1c5d
445e
6c5f
9440
bc41
e442
0c43
3444
5c45
8446
ac47
d448
fc49
244a
4c4b
744c
9c4d
c44e
ec4f
1450
3c51
6452
8c53
b454
dc55
0456
2c57
5458
7c59
a45a
cc5b
f45c
1c5d
445e
6c5f
9440
bc41
e442
0c43
3444
5c45
8446
ac47
d448
fc49
244a
4c4b
744c
9c4d
c44e
ec4f
1450
3c51
6452
8c53
b454
dc55
0456
2c57
5458
7c59
a45a
cc5b
f45c
1c5d
445e
6c5f
9440
bc41
e442
0c43
3444
5c45
8446
ac47
d448
fc49
244a
4c4b
744c
9c4d
c44e
ec4f
1450
3c51
6452
8c53
b454
dc55
0456
2c57
5458
7c59
a45a
cc5b
f45c
1c5d
445e
6c5f
9440
bc41
e442
0c43
3444
5c45
8446
ac47
d448
fc49
244a
4c4b
744c
9c4d
c44e
ec4f
1450
3c51
6452
8c53
b454
dc55
0456
2c57
5458
7c59
a45a
cc5b
f45c
1c5d
445e
6c5f
9440
bc41
e442
0c43
3444
5c45
8446
ac47
d448
fc49
244a
4c4b
744c
9c4d
c44e
ec4f
1450
3c51
6452
8c53
b454
dc55
0456
2c57
5458
7c59
a45a
cc5b
f45c
1c5d
445e
6c5f
9440
bc41
e442
0c43
3444
5c45
8446
ac47
d448
fc49
244a
4c4b
744c
9c4d
c44e
ec4f
1450
3c51
6452
8c53
b454
dc55
0456
2c57
5458
7c59
a45a
cc5b
f45c
1c5d
445e
6c5f
9440
bc41
e442
0c43
3444
5c45
8446
ac47
d448
fc49
244a
4c4b
744c
9c4d
c44e
ec4f
1450
3c51
6452
8c53
b454
dc55
04b7
2cb8
54b9
7cba
a4bb
ccbc
f4bd
1cbe
44bf
6ca0
94a1
bca2
e4a3
0ca4
34a5
5ca6
84a7
aca8
d4a9
fcaa
24ab
4cac
74ad
9cae
c4af
ecb0
14b1
3cb2
64b3
8cb4
b4b5
dcb6
04b7
2cb8
54b9
7cba
a4bb
ccbc
f4bd
1cbe
44bf
6ca0
94a1
bca2
e4a3
0ca4
34a5
5ca6
84a7
aca8
d4a9
fcaa
24ab
4cac
74ad
9cae
c4af
ecb0
14b1
3cb2
64b3
8cb4
b4b5
dcb6
04b7
2cb8
54b9
7cba
a4bb
ccbc
f4bd
1cbe
44bf
6ca0
94a1
bca2
e4a3
0ca4
34a5
5ca6
84a7
aca8
d4a9
fcaa
24ab
4cac
74ad
9cae
c4af
ecb0
14b1
3cb2
64b3
8cb4
b4b5
dcb6
04b7
2cb8
54b9
7cba
a4bb
ccbc
f4bd
1cbe
44bf
6ca0
94a1
bca2
e4a3
0ca4
34a5
5ca6
84a7
aca8
d4a9
fcaa
24ab
4cac
74ad
9cae
c4af
ecb0
14b1
3cb2
64b3
8cb4
b4b5
dcb6
04b7
2cb8
54b9
7cba
a4bb
ccbc
f4bd
1cbe
44bf
6ca0
94a1
bca2
e4a3
0ca4
34a5
5ca6
84a7
aca8
d4a9
fcaa
24ab
4cac
74ad
9cae
c4af
ecb0
14b1
3cb2
64b3
8cb4
b4b5
dcb6
04b7
2cb8
54b9
7cba
a4bb
ccbc
f4bd
1cbe
44bf
6ca0
94a1
bca2
e4a3
0ca4
34a5
5ca6
84a7
aca8
d4a9
fcaa
24ab
4cac
74ad
9cae
c4af
ecb0
14b1
3cb2
64b3
8cb4
b4b5
dcb6
04b7
2cb8
54b9
7cba
a4bb
ccbc
f4bd
1cbe
44bf
6ca0
94a1
bca2
e4a3
0ca4
34a5
5ca6
84a7
aca8
d4a9
fcaa
24ab
4cac
74ad
9cae
c4af
ecb0
14b1
3cb2
64b3
8cb4
b4b5
dcb6
04b7
2cb8
54b9
7cba
a4bb
ccbc
f4bd
1cbe
44bf
6ca0
94a1
bca2
e4a3
0ca4
34a5
5ca6
84a7
aca8
d4a9
fcaa
24ab
4cac
74ad
9cae
c4af
ecb0
14b1
3cb2
64b3
8cb4
b4b5
dcb6
04b7
2cb8
54b9
7cba
a4bb
ccbc
f4bd
1cbe
44bf
6ca0
94a1
bca2
e4a3
0ca4
34a5
5ca6
84a7
aca8
d4a9
fcaa
24ab
4cac
74ad
9cae
c4af
ecb0
14b1
3cb2
64b3
8cb4
b4b5
dcb6
0518
2d19
551a
7d1b
a51c
cd1d
f51e
1d1f
4500
6d01
9502
bd03
e504
0d05
3506
5d07
8508
ad09
d50a
fd0b
250c
4d0d
750e
9d0f
c510
ed11
1512
3d13
6514
8d15
b516
dd17
0518
2d19
551a
7d1b
a51c
cd1d
f51e
1d1f
4500
6d01
9502
bd03
e504
0d05
3506
5d07
8508
ad09
d50a
fd0b
250c
4d0d
750e
9d0f
c510
ed11
1512
3d13
6514
8d15
b516
dd17
0518
2d19
551a
7d1b
a51c
cd1d
f51e
1d1f
4500
6d01
9502
bd03
e504
0d05
3506
5d07
8508
ad09
d50a
fd0b
250c
4d0d
750e
9d0f
c510
ed11
1512
3d13
6514
8d15
b516
dd17
0518
2d19
551a
7d1b
a51c
cd1d
f51e
1d1f
4500
6d01
9502
bd03
e504
0d05
3506
5d07
8508
ad09
d50a
fd0b
250c
4d0d
750e
9d0f
c510
ed11
1512
3d13
6514
8d15
b516
dd17
0518
2d19
551a
7d1b
a51c
cd1d
f51e
1d1f
4500
6d01
9502
bd03
e504
0d05
3506
5d07
8508
ad09
d50a
fd0b
250c
4d0d
750e
9d0f
c510
ed11
1512
3d13
6514
8d15
b516
dd17
0518
2d19
551a
7d1b
a51c
cd1d
f51e
1d1f
4500
6d01
9502
bd03
e504
0d05
3506
5d07
8508
ad09
d50a
fd0b
250c
4d0d
750e
9d0f
c510
ed11
1512
3d13
6514
8d15
b516
dd17
0518
2d19
551a
7d1b
a51c
cd1d
f51e
1d1f
4500
6d01
9502
bd03
e504
0d05
3506
5d07
8508
ad09
d50a
fd0b
250c
4d0d
750e
9d0f
c510
ed11
1512
3d13
6514
8d15
b516
dd17
0518
2d19
551a
7d1b
a51c
cd1d
f51e
1d1f
4500
6d01
9502
bd03
e504
0d05
3506
5d07
8508
ad09
d50a
fd0b
250c
4d0d
750e
9d0f
c510
ed11
1512
3d13
6514
8d15
b516
dd17
0518
2d19
551a
7d1b
a51c
cd1d
f51e
1d1f
4500
6d01
9502
bd03
e504
0d05
3506
5d07
8508
ad09
d50a
fd0b
250c
4d0d
750e
9d0f
c510
ed11
1512
3d13
6514
8d15
b516
dd17
0579
2d7a
557b
7d7c
a57d
cd7e
f57f
1d60
4561
6d62
9563
bd64
e565
0d66
3567
5d68
8569
ad6a
d56b
fd6c
256d
4d6e
756f
9d70
c571
ed72
1573
3d74
6575
8d76
b577
dd78
0579
2d7a
557b
7d7c
a57d
cd7e
f57f
1d60
4561
6d62
9563
bd64
e565
0d66
3567
5d68
8569
ad6a
d56b
fd6c
256d
4d6e
756f
9d70
c571
ed72
1573
3d74
6575
8d76
b577
dd78
0579
2d7a
557b
7d7c
a57d
cd7e
f57f
1d60
4561
6d62
9563
bd64
e565
0d66
3567
5d68
8569
ad6a
d56b
fd6c
256d
4d6e
756f
9d70
c571
ed72
1573
3d74
6575
8d76
b577
dd78
0579
2d7a
557b
7d7c
a57d
cd7e
f57f
1d60
4561
6d62
9563
bd64
e565
0d66
3567
5d68
8569
ad6a
d56b
fd6c
256d
4d6e
756f
9d70
c571
ed72
1573
3d74
6575
8d76
b577
dd78
0579
2d7a
557b
7d7c
a57d
cd7e
f57f
1d60
4561
6d62
9563
bd64
e565
0d66
3567
5d68
8569
ad6a
d56b
fd6c
256d
4d6e
756f
9d70
c571
ed72
1573
3d74
6575
8d76
b577
dd78
0579
2d7a
557b
7d7c
a57d
cd7e
f57f
1d60
4561
6d62
9563
bd64
e565
0d66
3567
5d68
8569
ad6a
d56b
fd6c
256d
4d6e
756f
9d70
c571
ed72
1573
3d74
6575
8d76
b577
dd78
0579
2d7a
557b
7d7c
a57d
cd7e
f57f
1d60
4561
6d62
9563
bd64
e565
0d66
3567
5d68
8569
ad6a
d56b
fd6c
256d
4d6e
756f
9d70
c571
ed72
1573
3d74
6575
8d76
b577
dd78
0579
2d7a
557b
7d7c
a57d
cd7e
f57f
1d60
4561
6d62
9563
bd64
e565
0d66
3567
5d68
8569
ad6a
d56b
fd6c
256d
4d6e
756f
9d70
c571
ed72
1573
3d74
6575
8d76
b577
dd78
0579
2d7a
557b
7d7c
a57d
cd7e
f57f
1d60
4561
6d62
9563
bd64
e565
0d66
3567
5d68
8569
ad6a
d56b
fd6c
256d
4d6e
756f
9d70
c571
ed72
1573
3d74
6575
8d76
b577
dd78
05da
2ddb
55dc
7ddd
a5de
cddf
f5c0
1dc1
45c2
6dc3
95c4
bdc5
e5c6
0dc7
35c8
5dc9
85ca
adcb
d5cc
fdcd
25ce
4dcf
75d0
9dd1
c5d2
edd3
15d4
3dd5
65d6
8dd7
b5d8
ddd9
05da
2ddb
55dc
7ddd
a5de
cddf
f5c0
1dc1
45c2
6dc3
95c4
bdc5
e5c6
0dc7
35c8
5dc9
85ca
adcb
d5cc
fdcd
25ce
4dcf
75d0
9dd1
c5d2
edd3
15d4
3dd5
65d6
8dd7
b5d8
ddd9
05da
2ddb
55dc
7ddd
a5de
cddf
f5c0
1dc1
45c2
6dc3
95c4
bdc5
e5c6
0dc7
35c8
5dc9
85ca
adcb
d5cc
fdcd
25ce
4dcf
75d0
9dd1
c5d2
edd3
15d4
3dd5
65d6
8dd7
b5d8
ddd9
05da
2ddb
55dc
7ddd
a5de
cddf
f5c0
1dc1
45c2
6dc3
95c4
bdc5
e5c6
0dc7
35c8
5dc9
85ca
adcb
d5cc
fdcd
25ce
4dcf
75d0
9dd1
c5d2
edd3
15d4
3dd5
65d6
8dd7
b5d8
ddd9
05da
2ddb
55dc
7ddd
a5de
cddf
f5c0
1dc1
45c2
6dc3
95c4
bdc5
e5c6
0dc7
35c8
5dc9
85ca
adcb
d5cc
fdcd
25ce
4dcf
75d0
9dd1
c5d2
edd3
15d4
3dd5
65d6
8dd7
b5d8
ddd9
05da
2ddb
55dc
7ddd
a5de
cddf
f5c0
1dc1
45c2
6dc3
95c4
bdc5
e5c6
0dc7
35c8
5dc9
85ca
adcb
d5cc
fdcd
25ce
4dcf
75d0
9dd1
c5d2
edd3
15d4
3dd5
65d6
8dd7
b5d8
ddd9
05da
2ddb
55dc
7ddd
a5de
cddf
f5c0
1dc1
45c2
6dc3
95c4
bdc5
e5c6
0dc7
35c8
5dc9
85ca
adcb
d5cc
fdcd
25ce
4dcf
75d0
9dd1
c5d2
edd3
15d4
3dd5
65d6
8dd7
b5d8
ddd9
05da
2ddb
55dc
7ddd
a5de
cddf
f5c0
1dc1
45c2
6dc3
95c4
bdc5
e5c6
0dc7
35c8
5dc9
85ca
adcb
d5cc
fdcd
25ce
4dcf
75d0
9dd1
c5d2
edd3
15d4
3dd5
65d6
8dd7
b5d8
ddd9
05da
2ddb
55dc
7ddd
a5de
cddf
f5c0
1dc1
45c2
6dc3
95c4
bdc5
e5c6
0dc7
35c8
5dc9
85ca
adcb
d5cc
fdcd
25ce
4dcf
75d0
9dd1
c5d2
edd3
15d4
3dd5
65d6
8dd7
b5d8
ddd9
063b
2e3c
563d
7e3e
a63f
ce20
f621
1e22
4623
6e24
9625
be26
e627
0e28
3629
5e2a
862b
ae2c
d62d
fe2e
262f
4e30
7631
9e32
c633
ee34
1635
3e36
6637
8e38
b639
de3a
063b
2e3c
563d
7e3e
a63f
ce20
f621
1e22
4623
6e24
9625
be26
e627
0e28
3629
5e2a
862b
ae2c
d62d
fe2e
262f
4e30
7631
9e32
c633
ee34
1635
3e36
6637
8e38
b639
de3a
063b
2e3c
563d
7e3e
a63f
ce20
f621
1e22
4623
6e24
9625
be26
e627
0e28
3629
5e2a
862b
ae2c
d62d
fe2e
262f
4e30
7631
9e32
c633
ee34
1635
3e36
6637
8e38
b639
de3a
063b
2e3c
563d
7e3e
a63f
ce20
f621
1e22
4623
6e24
9625
be26
e627
0e28
3629
5e2a
862b
ae2c
d62d
fe2e
262f
4e30
7631
9e32
c633
ee34
1635
3e36
6637
8e38
b639
de3a
063b
2e3c
563d
7e3e
a63f
ce20
f621
1e22
4623
6e24
9625
be26
e627
0e28
3629
5e2a
862b
ae2c
d62d
fe2e
262f
4e30
7631
9e32
c633
ee34
1635
3e36
6637
8e38
b639
de3a
063b
2e3c
563d
7e3e
a63f
ce20
f621
1e22
4623
6e24
9625
be26
e627
0e28
3629
5e2a
862b
ae2c
d62d
fe2e
262f
4e30
7631
9e32
c633
ee34
1635
3e36
6637
8e38
b639
de3a
063b
2e3c
563d
7e3e
a63f
ce20
f621
1e22
4623
6e24
9625
be26
e627
0e28
3629
5e2a
862b
ae2c
d62d
fe2e
262f
4e30
7631
9e32
c633
ee34
1635
3e36
6637
8e38
b639
de3a
063b
2e3c
563d
7e3e
a63f
ce20
f621
1e22
4623
6e24
9625
be26
e627
0e28
3629
5e2a
862b
ae2c
d62d
fe2e
262f
4e30
7631
9e32
c633
ee34
1635
3e36
6637
8e38
b639
de3a
063b
2e3c
563d
7e3e
a63f
ce20
f621
1e22
4623
6e24
9625
be26
e627
0e28
3629
5e2a
862b
ae2c
d62d
fe2e
262f
4e30
7631
9e32
c633
ee34
1635
3e36
6637
8e38
b639
de3a
069c
2e9d
569e
7e9f
a680
ce81
f682
1e83
4684
6e85
9686
be87
e688
0e89
368a
5e8b
868c
ae8d
d68e
fe8f
2690
4e91
7692
9e93
c694
ee95
1696
3e97
6698
8e99
b69a
de9b
069c
2e9d
569e
7e9f
a680
ce81
f682
1e83
4684
6e85
9686
be87
e688
0e89
368a
5e8b
868c
ae8d
d68e
fe8f
2690
4e91
7692
9e93
c694
ee95
1696
3e97
6698
8e99
b69a
de9b
069c
2e9d
569e
7e9f
a680
ce81
f682
1e83
4684
6e85
9686
be87
e688
0e89
368a
5e8b
868c
ae8d
d68e
fe8f
2690
4e91
7692
9e93
c694
ee95
1696
3e97
6698
8e99
b69a
de9b
069c
2e9d
569e
7e9f
a680
ce81
f682
1e83
4684
6e85
9686
be87
e688
0e89
368a
5e8b
868c
ae8d
d68e
fe8f
2690
4e91
7692
9e93
c694
ee95
1696
3e97
6698
8e99
b69a
de9b
069c
2e9d
569e
7e9f
a680
ce81
f682
1e83
4684
6e85
9686
be87
e688
0e89
368a
5e8b
868c
ae8d
d68e
fe8f
2690
4e91
7692
9e93
c694
ee95
1696
3e97
6698
8e99
b69a
de9b
069c
2e9d
569e
7e9f
a680
ce81
f682
1e83
4684
6e85
9686
be87
e688
0e89
368a
5e8b
868c
ae8d
d68e
fe8f
2690
4e91
7692
9e93
c694
ee95
1696
3e97
6698
8e99
b69a
de9b
069c
2e9d
569e
7e9f
a680
ce81
f682
1e83
4684
6e85
9686
be87
e688
0e89
368a
5e8b
868c
ae8d
d68e
fe8f
2690
4e91
7692
9e93
c694
ee95
1696
3e97
6698
8e99
b69a
de9b
069c
2e9d
569e
7e9f
a680
ce81
f682
1e83
4684
6e85
9686
be87
e688
0e89
368a
5e8b
868c
ae8d
d68e
fe8f
2690
4e91
7692
9e93
c694
ee95
1696
3e97
6698
8e99
b69a
de9b
069c
2e9d
569e
7e9f
a680
ce81
f682
1e83
4684
6e85
9686
be87
e688
0e89
368a
5e8b
868c
ae8d
d68e
fe8f
2690
4e91
7692
9e93
c694
ee95
1696
3e97
6698
8e99
b69a
de9b
06fd
2efe
56ff
7ee0
a6e1
cee2
f6e3
1ee4
46e5
6ee6
96e7
bee8
e6e9
0eea
36eb
5eec
86ed
aeee
d6ef
fef0
26f1
4ef2
76f3
9ef4
c6f5
eef6
16f7
3ef8
66f9
8efa
b6fb
defc
06fd
2efe
56ff
7ee0
a6e1
cee2
f6e3
1ee4
46e5
6ee6
96e7
bee8
e6e9
0eea
36eb
5eec
86ed
aeee
d6ef
fef0
26f1
4ef2
76f3
9ef4
c6f5
eef6
16f7
3ef8
66f9
8efa
b6fb
defc
06fd
2efe
56ff
7ee0
a6e1
cee2
f6e3
1ee4
46e5
6ee6
96e7
bee8
e6e9
0eea
36eb
5eec
86ed
aeee
d6ef
fef0
26f1
4ef2
76f3
9ef4
c6f5
eef6
16f7
3ef8
66f9
8efa
b6fb
defc
06fd
2efe
56ff
7ee0
a6e1
cee2
f6e3
1ee4
46e5
6ee6
96e7
bee8
e6e9
0eea
36eb
5eec
86ed
aeee
d6ef
fef0
26f1
4ef2
76f3
9ef4
c6f5
eef6
16f7
3ef8
66f9
8efa
b6fb
defc
06fd
2efe
56ff
7ee0
a6e1
cee2
f6e3
1ee4
46e5
6ee6
96e7
bee8
e6e9
0eea
36eb
5eec
86ed
aeee
d6ef
fef0
26f1
4ef2
76f3
9ef4
c6f5
eef6
16f7
3ef8
66f9
8efa
b6fb
defc
06fd
2efe
56ff
7ee0
a6e1
cee2
f6e3
1ee4
46e5
6ee6
96e7
bee8
e6e9
0eea
36eb
5eec
86ed
aeee
d6ef
fef0
26f1
4ef2
76f3
9ef4
c6f5
eef6
16f7
3ef8
66f9
8efa
b6fb
defc
06fd
2efe
56ff
7ee0
a6e1
cee2
f6e3
1ee4
46e5
6ee6
96e7
bee8
e6e9
0eea
36eb
5eec
86ed
aeee
d6ef
fef0
26f1
4ef2
76f3
9ef4
c6f5
eef6
16f7
3ef8
66f9
8efa
b6fb
defc
06fd
2efe
56ff
7ee0
a6e1
cee2
f6e3
1ee4
46e5
6ee6
96e7
bee8
e6e9
0eea
36eb
5eec
86ed
aeee
d6ef
fef0
26f1
4ef2
76f3
9ef4
c6f5
eef6
16f7
3ef8
66f9
8efa
b6fb
defc
06fd
2efe
56ff
7ee0
a6e1
cee2
f6e3
1ee4
46e5
6ee6
96e7
bee8
e6e9
0eea
36eb
5eec
86ed
aeee
d6ef
fef0
26f1
4ef2
76f3
9ef4
c6f5
eef6
16f7
3ef8
66f9
8efa
b6fb
defc
075e
2f5f
5740
7f41
a742
cf43
f744
1f45
4746
6f47
9748
bf49
e74a
0f4b
374c
5f4d
874e
af4f
d750
ff51
2752
4f53
7754
9f55
c756
ef57
1758
3f59
675a
8f5b
b75c
df5d
075e
2f5f
5740
7f41
a742
cf43
f744
1f45
4746
6f47
9748
bf49
e74a
0f4b
374c
5f4d
874e
af4f
d750
ff51
2752
4f53
7754
9f55
c756
ef57
1758
3f59
675a
8f5b
b75c
df5d
075e
2f5f
5740
7f41
a742
cf43
f744
1f45
4746
6f47
9748
bf49
e74a
0f4b
374c
5f4d
874e
af4f
d750
ff51
2752
4f53
7754
9f55
c756
ef57
1758
3f59
675a
8f5b
b75c
df5d
075e
2f5f
5740
7f41
a742
cf43
f744
1f45
4746
6f47
9748
bf49
e74a
0f4b
374c
5f4d
874e
af4f
d750
ff51
2752
4f53
7754
9f55
c756
ef57
1758
3f59
675a
8f5b
b75c
df5d
075e
2f5f
5740
7f41
a742
cf43
f744
1f45
4746
6f47
9748
bf49
e74a
0f4b
374c
5f4d
874e
af4f
d750
ff51
2752
4f53
7754
9f55
c756
ef57
1758
3f59
675a
8f5b
b75c
df5d
075e
2f5f
5740
7f41
a742
cf43
f744
1f45
4746
6f47
9748
bf49
e74a
0f4b
374c
5f4d
874e
af4f
d750
ff51
2752
4f53
7754
9f55
c756
ef57
1758
3f59
675a
8f5b
b75c
df5d
075e
2f5f
5740
7f41
a742
cf43
f744
1f45
4746
6f47
9748
bf49
e74a
0f4b
374c
5f4d
874e
af4f
d750
ff51
2752
4f53
7754
9f55
c756
ef57
1758
3f59
675a
8f5b
b75c
df5d
075e
2f5f
5740
7f41
a742
cf43
f744
1f45
4746
6f47
9748
bf49
e74a
0f4b
374c
5f4d
874e
af4f
d750
ff51
2752
4f53
7754
9f55
c756
ef57
1758
3f59
675a
8f5b
b75c
df5d
075e
2f5f
5740
7f41
a742
cf43
f744
1f45
4746
6f47
9748
bf49
e74a
0f4b
374c
5f4d
874e
af4f
d750
ff51
2752
4f53
7754
9f55
c756
ef57
1758
3f59
675a
8f5b
b75c
df5d
07bf
2fa0
57a1
7fa2
a7a3
cfa4
f7a5
1fa6
47a7
6fa8
97a9
bfaa
e7ab
0fac
37ad
5fae
87af
afb0
d7b1
ffb2
27b3
4fb4
77b5
9fb6
c7b7
efb8
17b9
3fba
67bb
8fbc
b7bd
dfbe
07bf
2fa0
57a1
7fa2
a7a3
cfa4
f7a5
1fa6
47a7
6fa8
97a9
bfaa
e7ab
0fac
37ad
5fae
87af
afb0
d7b1
ffb2
27b3
4fb4
77b5
9fb6
c7b7
efb8
17b9
3fba
67bb
8fbc
b7bd
dfbe
07bf
2fa0
57a1
7fa2
a7a3
cfa4
f7a5
1fa6
47a7
6fa8
97a9
bfaa
e7ab
0fac
37ad
5fae
87af
afb0
d7b1
ffb2
27b3
4fb4
77b5
9fb6
c7b7
efb8
17b9
3fba
67bb
8fbc
b7bd
dfbe
07bf
2fa0
57a1
7fa2
a7a3
cfa4
f7a5
1fa6
47a7
6fa8
97a9
bfaa
e7ab
0fac
37ad
5fae
87af
afb0
d7b1
ffb2
27b3
4fb4
77b5
9fb6
c7b7
efb8
17b9
3fba
67bb
8fbc
b7bd
dfbe
07bf
2fa0
57a1
7fa2
a7a3
cfa4
f7a5
1fa6
47a7
6fa8
97a9
bfaa
e7ab
0fac
37ad
5fae
87af
afb0
d7b1
ffb2
27b3
4fb4
77b5
9fb6
c7b7
efb8
17b9
3fba
67bb
8fbc
b7bd
dfbe
07bf
2fa0
57a1
7fa2
a7a3
cfa4
f7a5
1fa6
47a7
6fa8
97a9
bfaa
e7ab
0fac
37ad
5fae
87af
afb0
d7b1
ffb2
27b3
4fb4
77b5
9fb6
c7b7
efb8
17b9
3fba
67bb
8fbc
b7bd
dfbe
07bf
2fa0
57a1
7fa2
a7a3
cfa4
f7a5
1fa6
47a7
6fa8
97a9
bfaa
e7ab
0fac
37ad
5fae
87af
afb0
d7b1
ffb2
27b3
4fb4
77b5
9fb6
c7b7
efb8
17b9
3fba
67bb
8fbc
b7bd
dfbe
07bf
2fa0
57a1
7fa2
a7a3
cfa4
f7a5
1fa6
47a7
6fa8
97a9
bfaa
e7ab
0fac
37ad
5fae
87af
afb0
d7b1
ffb2
27b3
4fb4
77b5
9fb6
c7b7
efb8
17b9
3fba
67bb
8fbc
b7bd
dfbe
07bf
2fa0
57a1
7fa2
a7a3
cfa4
f7a5
1fa6
47a7
6fa8
97a9
bfaa
e7ab
0fac
37ad
5fae
87af
afb0
d7b1
ffb2
27b3
4fb4
77b5
9fb6
c7b7
efb8
17b9
3fba
67bb
8fbc
b7bd
dfbe
0000
2801
5002
7803
a004
c805
f006
1807
4008
6809
900a
b80b
e00c
080d
300e
580f
8010
a811
d012
f813
2014
4815
7016
9817
c018
e819
101a
381b
601c
881d
b01e
d81f
0000
2801
5002
7803
a004
c805
f006
1807
4008
6809
900a
b80b
e00c
080d
300e
580f
8010
a811
d012
f813
2014
4815
7016
9817
c018
e819
101a
381b
601c
881d
b01e
d81f
0000
2801
5002
7803
a004
c805
f006
1807
4008
6809
900a
b80b
e00c
080d
300e
580f
8010
a811
d012
f813
2014
4815
7016
9817
c018
e819
101a
381b
601c
881d
b01e
d81f
0000
2801
5002
7803
a004
c805
f006
1807
4008
6809
900a
b80b
e00c
080d
300e
580f
8010
a811
d012
f813
2014
4815
7016
9817
c018
e819
101a
381b
601c
881d
b01e
d81f
0000
2801
5002
7803
a004
c805
f006
1807
4008
6809
900a
b80b
e00c
080d
300e
580f
8010
a811
d012
f813
2014
4815
7016
9817
c018
e819
101a
381b
601c
881d
b01e
d81f
0000
2801
5002
7803
a004
c805
f006
1807
4008
6809
900a
b80b
e00c
080d
300e
580f
8010
a811
d012
f813
2014
4815
7016
9817
c018
e819
101a
381b
601c
881d
b01e
d81f
0000
2801
5002
7803
a004
c805
f006
1807
4008
6809
900a
b80b
e00c
080d
300e
580f
8010
a811
d012
f813
2014
4815
7016
9817
c018
e819
101a
381b
601c
881d
b01e
d81f
0000
2801
5002
7803
a004
c805
f006
1807
4008
6809
900a
b80b
e00c
080d
300e
580f
8010
a811
d012
f813
2014
4815
7016
9817
c018
e819
101a
381b
601c
881d
b01e
d81f
0000
2801
5002
7803
a004
c805
f006
1807
4008
6809
900a
b80b
e00c
080d
300e
580f
8010
a811
d012
f813
2014
4815
7016
9817
c018
e819
101a
381b
601c
881d
b01e
d81f
0061
2862
5063
7864
a065
c866
f067
1868
4069
686a
906b
b86c
e06d
086e
306f
5870
8071
a872
d073
f874
2075
4876
7077
9878
c079
e87a
107b
387c
607d
887e
b07f
d860
0061
2862
5063
7864
a065
c866
f067
1868
4069
686a
906b
b86c
e06d
086e
306f
5870
8071
a872
d073
f874
2075
4876
7077
9878
c079
e87a
107b
387c
607d
887e
b07f
d860
0061
2862
5063
7864
a065
c866
f067
1868
4069
686a
906b
b86c
e06d
086e
306f
5870
8071
a872
d073
f874
2075
4876
7077
9878
c079
e87a
107b
387c
607d
887e
b07f
d860
0061
2862
5063
7864
a065
c866
f067
1868
4069
686a
906b
b86c
e06d
086e
306f
5870
8071
a872
d073
f874
2075
4876
7077
9878
c079
e87a
107b
387c
607d
887e
b07f
d860
0061
2862
5063
7864
a065
c866
f067
1868
4069
686a
906b
b86c
e06d
086e
306f
5870
8071
a872
d073
f874
2075
4876
7077
9878
c079
e87a
107b
387c
607d
887e
b07f
d860
0061
2862
5063
7864
a065
c866
f067
1868
4069
686a
906b
b86c
e06d
086e
306f
5870
8071
a872
d073
f874
2075
4876
7077
9878
c079
e87a
107b
387c
607d
887e
b07f
d860
0061
2862
5063
7864
a065
c866
f067
1868
4069
686a
906b
b86c
e06d
086e
306f
5870
8071
a872
d073
f874
2075
4876
7077
9878
c079
e87a
107b
387c
607d
887e
b07f
d860
0061
2862
5063
7864
a065
c866
f067
1868
4069
686a
906b
b86c
e06d
086e
306f
5870
8071
a872
d073
f874
2075
4876
7077
9878
c079
e87a
107b
387c
607d
887e
b07f
d860
0061
2862
5063
7864
a065
c866
f067
1868
4069
686a
906b
b86c
e06d
086e
306f
5870
8071
a872
d073
f874
2075
4876
7077
9878
c079
e87a
107b
387c
607d
887e
b07f
d860
00c2
28c3
50c4
78c5
a0c6
c8c7
f0c8
18c9
40ca
68cb
90cc
b8cd
e0ce
08cf
30d0
58d1
80d2
a8d3
d0d4
f8d5
20d6
48d7
70d8
98d9
c0da
e8db
10dc
38dd
60de
88df
b0c0
d8c1
00c2
28c3
50c4
78c5
a0c6
c8c7
f0c8
18c9
40ca
68cb
90cc
b8cd
e0ce
08cf
30d0
58d1
80d2
a8d3
d0d4
f8d5
20d6
48d7
70d8
98d9
c0da
e8db
10dc
38dd
60de
88df
b0c0
d8c1
00c2
28c3
50c4
78c5
a0c6
c8c7
f0c8
18c9
40ca
68cb
90cc
b8cd
e0ce
08cf
30d0
58d1
80d2
a8d3
d0d4
f8d5
20d6
48d7
70d8
98d9
c0da
e8db
10dc
38dd
60de
88df
b0c0
d8c1
00c2
28c3
50c4
78c5
a0c6
c8c7
f0c8
18c9
40ca
68cb
90cc
b8cd
e0ce
08cf
30d0
58d1
80d2
a8d3
d0d4
f8d5
20d6
48d7
70d8
98d9
c0da
e8db
10dc
38dd
60de
88df
b0c0
d8c1
00c2
28c3
50c4
78c5
a0c6
c8c7
f0c8
18c9
40ca
68cb
90cc
b8cd
e0ce
08cf
30d0
58d1
80d2
a8d3
d0d4
f8d5
20d6
48d7
70d8
98d9
c0da
e8db
10dc
38dd
60de
88df
b0c0
d8c1
00c2
28c3
50c4
78c5
a0c6
c8c7
f0c8
18c9
40ca
68cb
90cc
b8cd
e0ce
08cf
30d0
58d1
80d2
a8d3
d0d4
f8d5
20d6
48d7
70d8
98d9
c0da
e8db
10dc
38dd
60de
88df
b0c0
d8c1
00c2
28c3
50c4
78c5
a0c6
c8c7
f0c8
18c9
40ca
68cb
90cc
b8cd
e0ce
08cf
30d0
58d1
80d2
a8d3
d0d4
f8d5
20d6
48d7
70d8
98d9
c0da
e8db
10dc
38dd
60de
88df
b0c0
d8c1
00c2
28c3
50c4
78c5
a0c6
c8c7
f0c8
18c9
40ca
68cb
90cc
b8cd
e0ce
08cf
30d0
58d1
80d2
a8d3
d0d4
f8d5
20d6
48d7
70d8
98d9
c0da
e8db
10dc
38dd
60de
88df
b0c0
d8c1
00c2
28c3
50c4
78c5
a0c6
c8c7
f0c8
18c9
40ca
68cb
90cc
b8cd
e0ce
08cf
30d0
58d1
80d2
a8d3
d0d4
f8d5
20d6
48d7
70d8
98d9
c0da
e8db
10dc
38dd
60de
88df
b0c0
d8c1
0123
2924
5125
7926
a127
c928
f129
192a
412b
692c
912d
b92e
e12f
0930
3131
5932
8133
a934
d135
f936
2137
4938
7139
993a
c13b
e93c
113d
393e
613f
8920
b121
d922
0123
2924
5125
7926
a127
c928
f129
192a
412b
692c
912d
b92e
e12f
0930
3131
5932
8133
a934
d135
f936
2137
4938
7139
993a
c13b
e93c
113d
393e
613f
8920
b121
d922
0123
2924
5125
7926
a127
c928
f129
192a
412b
692c
912d
b92e
e12f
0930
3131
5932
8133
a934
d135
f936
2137
4938
7139
993a
c13b
e93c
113d
393e
613f
8920
b121
d922
0123
2924
5125
7926
a127
c928
f129
192a
412b
692c
912d
b92e
e12f
0930
3131
5932
8133
a934
d135
f936
2137
4938
7139
993a
c13b
e93c
113d
393e
613f
8920
b121
d922
0123
2924
5125
7926
a127
c928
f129
192a
412b
692c
912d
b92e
e12f
0930
3131
5932
8133
a934
d135
f936
2137
4938
7139
993a
c13b
e93c
113d
393e
613f
8920
b121
d922
0123
2924
5125
7926
a127
c928
f129
192a
412b
692c
912d
b92e
e12f
0930
3131
5932
8133
a934
d135
f936
2137
4938
7139
993a
c13b
e93c
113d
393e
613f
8920
b121
d922
0123
2924
5125
7926
a127
c928
f129
192a
412b
692c
912d
b92e
e12f
0930
3131
5932
8133
a934
d135
f936
2137
4938
7139
993a
c13b
e93c
113d
393e
613f
8920
b121
d922
0123
2924
5125
7926
a127
c928
f129
192a
412b
692c
912d
b92e
e12f
0930
3131
5932
8133
a934
d135
f936
2137
4938
7139
993a
c13b
e93c
113d
393e
613f
8920
b121
d922
0123
2924
5125
7926
a127
c928
f129
192a
412b
692c
912d
b92e
e12f
0930
3131
5932
8133
a934
d135
f936
2137
4938
7139
993a
c13b
e93c
113d
393e
613f
8920
b121
d922
0184
2985
5186
7987
a188
c989
f18a
198b
418c
698d
918e
b98f
e190
0991
3192
5993
8194
a995
d196
f997
2198
4999
719a
999b
c19c
e99d
119e
399f
6180
8981
b182
d983
0184
2985
5186
7987
a188
c989
f18a
198b
418c
698d
918e
b98f
e190
0991
3192
5993
8194
a995
d196
f997
2198
4999
719a
999b
c19c
e99d
119e
399f
6180
8981
b182
d983
0184
2985
5186
7987
a188
c989
f18a
198b
418c
698d
918e
b98f
e190
0991
3192
5993
8194
a995
d196
f997
2198
4999
719a
999b
c19c
e99d
119e
399f
6180
8981
b182
d983
0184
2985
5186
7987
a188
c989
f18a
198b
418c
698d
918e
b98f
e190
0991
3192
5993
8194
a995
d196
f997
2198
4999
719a
999b
c19c
e99d
119e
399f
6180
8981
b182
d983
0184
2985
5186
7987
a188
c989
f18a
198b
418c
698d
918e
b98f
e190
0991
3192
5993
8194
a995
d196
f997
2198
4999
719a
999b
c19c
e99d
119e
399f
6180
8981
b182
d983
0184
2985
5186
7987
a188
c989
f18a
198b
418c
698d
918e
b98f
e190
0991
3192
5993
8194
a995
d196
f997
2198
4999
719a
999b
c19c
e99d
119e
399f
6180
8981
b182
d983
0184
2985
5186
7987
a188
c989
f18a
198b
418c
698d
918e
b98f
e190
0991
3192
5993
8194
a995
d196
f997
2198
4999
719a
999b
c19c
e99d
119e
399f
6180
8981
b182
d983
0184
2985
5186
7987
a188
c989
f18a
198b
418c
698d
918e
b98f
e190
0991
3192
5993
8194
a995
d196
f997
2198
4999
719a
999b
c19c
e99d
119e
399f
6180
8981
b182
d983
0184
2985
5186
7987
a188
c989
f18a
198b
418c
698d
918e
b98f
e190
0991
3192
5993
8194
a995
d196
f997
2198
4999
719a
999b
c19c
e99d
119e
399f
6180
8981
b182
d983
01e5
29e6
51e7
79e8
a1e9
c9ea
f1eb
19ec
41ed
69ee
91ef
b9f0
e1f1
09f2
31f3
59f4
81f5
a9f6
d1f7
f9f8
21f9
49fa
71fb
99fc
c1fd
e9fe
11ff
39e0
61e1
89e2
b1e3
d9e4
01e5
29e6
51e7
79e8
a1e9
c9ea
f1eb
19ec
41ed
69ee
91ef
b9f0
e1f1
09f2
31f3
59f4
81f5
a9f6
d1f7
f9f8
21f9
49fa
71fb
99fc
c1fd
e9fe
11ff
39e0
61e1
89e2
b1e3
d9e4
01e5
29e6
51e7
79e8
a1e9
c9ea
f1eb
19ec
41ed
69ee
91ef
b9f0
e1f1
09f2
31f3
59f4
81f5
a9f6
d1f7
f9f8
21f9
49fa
71fb
99fc
c1fd
e9fe
11ff
39e0
61e1
89e2
b1e3
d9e4
01e5
29e6
51e7
79e8
a1e9
c9ea
f1eb
19ec
41ed
69ee
91ef
b9f0
e1f1
09f2
31f3
59f4
81f5
a9f6
d1f7
f9f8
21f9
49fa
71fb
99fc
c1fd
e9fe
11ff
39e0
61e1
89e2
b1e3
d9e4
01e5
29e6
51e7
79e8
a1e9
c9ea
f1eb
19ec
41ed
69ee
91ef
b9f0
e1f1
09f2
31f3
59f4
81f5
a9f6
d1f7
f9f8
21f9
49fa
71fb
99fc
c1fd
e9fe
11ff
39e0
61e1
89e2
b1e3
d9e4
01e5
29e6
51e7
79e8
a1e9
c9ea
f1eb
19ec
41ed
69ee
91ef
b9f0
e1f1
09f2
31f3
59f4
81f5
a9f6
d1f7
f9f8
21f9
49fa
71fb
99fc
c1fd
e9fe
11ff
39e0
61e1
89e2
b1e3
d9e4
01e5
29e6
51e7
79e8
a1e9
c9ea
f1eb
19ec
41ed
69ee
91ef
b9f0
e1f1
09f2
31f3
59f4
81f5
a9f6
d1f7
f9f8
21f9
49fa
71fb
99fc
c1fd
e9fe
11ff
39e0
61e1
89e2
b1e3
d9e4
01e5
29e6
51e7
79e8
a1e9
c9ea
f1eb
19ec
41ed
69ee
91ef
b9f0
e1f1
09f2
31f3
59f4
81f5
a9f6
d1f7
f9f8
21f9
49fa
71fb
99fc
c1fd
e9fe
11ff
39e0
61e1
89e2
b1e3
d9e4
01e5
29e6
51e7
79e8
a1e9
c9ea
f1eb
19ec
41ed
69ee
91ef
b9f0
e1f1
09f2
31f3
59f4
81f5
a9f6
d1f7
f9f8
21f9
49fa
71fb
99fc
c1fd
e9fe
11ff
39e0
61e1
89e2
b1e3
d9e4
0246
2a47
5248
7a49
a24a
ca4b
f24c
1a4d
424e
6a4f
9250
ba51
e252
0a53
3254
5a55
8256
aa57
d258
fa59
225a
4a5b
725c
9a5d
c25e
ea5f
1240
3a41
6242
8a43
b244
da45
0246
2a47
5248
7a49
a24a
ca4b
f24c
1a4d
424e
6a4f
9250
ba51
e252
0a53
3254
5a55
8256
aa57
d258
fa59
225a
4a5b
725c
9a5d
c25e
ea5f
1240
3a41
6242
8a43
b244
da45
0246
2a47
5248
7a49
a24a
ca4b
f24c
1a4d
424e
6a4f
9250
ba51
e252
0a53
3254
5a55
8256
aa57
d258
fa59
225a
4a5b
725c
9a5d
c25e
ea5f
1240
3a41
6242
8a43
b244
da45
0246
2a47
5248
7a49
a24a
ca4b
f24c
1a4d
424e
6a4f
9250
ba51
e252
0a53
3254
5a55
8256
aa57
d258
fa59
225a
4a5b
725c
9a5d
c25e
ea5f
1240
3a41
6242
8a43
b244
da45
0246
2a47
5248
7a49
a24a
ca4b
f24c
1a4d
424e
6a4f
9250
ba51
e252
0a53
3254
5a55
8256
aa57
d258
fa59
225a
4a5b
725c
9a5d
c25e
ea5f
1240
3a41
6242
8a43
b244
da45
0246
2a47
5248
7a49
a24a
ca4b
f24c
1a4d
424e
6a4f
9250
ba51
e252
0a53
3254
5a55
8256
aa57
d258
fa59
225a
4a5b
725c
9a5d
c25e
ea5f
1240
3a41
6242
8a43
b244
da45
0246
2a47
5248
7a49
a24a
ca4b
f24c
1a4d
424e
6a4f
9250
ba51
e252
0a53
3254
5a55
8256
aa57
d258
fa59
225a
4a5b
725c
9a5d
c25e
ea5f
1240
3a41
6242
8a43
b244
da45
0246
2a47
5248
7a49
a24a
ca4b
f24c
1a4d
424e
6a4f
9250
ba51
e252
0a53
3254
5a55
8256
aa57
d258
fa59
225a
4a5b
725c
9a5d
c25e
ea5f
1240
3a41
6242
8a43
b244
da45
0246
2a47
5248
7a49
a24a
ca4b
f24c
1a4d
424e
6a4f
9250
ba51
e252
0a53
3254
5a55
8256
aa57
d258
fa59
225a
4a5b
725c
9a5d
c25e
ea5f
1240
3a41
6242
8a43
b244
da45
02a7
2aa8
52a9
7aaa
a2ab
caac
f2ad
1aae
42af
6ab0
92b1
bab2
e2b3
0ab4
32b5
5ab6
82b7
aab8
d2b9
faba
22bb
4abc
72bd
9abe
c2bf
eaa0
12a1
3aa2
62a3
8aa4
b2a5
daa6
02a7
2aa8
52a9
7aaa
a2ab
caac
f2ad
1aae
42af
6ab0
92b1
bab2
e2b3
0ab4
32b5
5ab6
82b7
aab8
d2b9
faba
22bb
4abc
72bd
9abe
c2bf
eaa0
12a1
3aa2
62a3
8aa4
b2a5
daa6
02a7
2aa8
52a9
7aaa
a2ab
caac
f2ad
1aae
42af
6ab0
92b1
bab2
e2b3
0ab4
32b5
5ab6
82b7
aab8
d2b9
faba
22bb
4abc
72bd
9abe
c2bf
eaa0
12a1
3aa2
62a3
8aa4
b2a5
daa6
02a7
2aa8
52a9
7aaa
a2ab
caac
f2ad
1aae
42af
6ab0
92b1
bab2
e2b3
0ab4
32b5
5ab6
82b7
aab8
d2b9
faba
22bb
4abc
72bd
9abe
c2bf
eaa0
12a1
3aa2
62a3
8aa4
b2a5
daa6
02a7
2aa8
52a9
7aaa
a2ab
caac
f2ad
1aae
42af
6ab0
92b1
bab2
e2b3
0ab4
32b5
5ab6
82b7
aab8
d2b9
faba
22bb
4abc
72bd
9abe
c2bf
eaa0
12a1
3aa2
62a3
8aa4
b2a5
daa6
02a7
2aa8
52a9
7aaa
a2ab
caac
f2ad
1aae
42af
6ab0
92b1
bab2
e2b3
0ab4
32b5
5ab6
82b7
aab8
d2b9
faba
22bb
4abc
72bd
9abe
c2bf
eaa0
12a1
3aa2
62a3
8aa4
b2a5
daa6
02a7
2aa8
52a9
7aaa
a2ab
caac
f2ad
1aae
42af
6ab0
92b1
bab2
e2b3
0ab4
32b5
5ab6
82b7
aab8
d2b9
faba
22bb
4abc
72bd
9abe
c2bf
eaa0
12a1
3aa2
62a3
8aa4
b2a5
daa6
02a7
2aa8
52a9
7aaa
a2ab
caac
f2ad
1aae
42af
6ab0
92b1
bab2
e2b3
0ab4
32b5
5ab6
82b7
aab8
d2b9
faba
22bb
4abc
72bd
9abe
c2bf
eaa0
12a1
3aa2
62a3
8aa4
b2a5
daa6
02a7
2aa8
52a9
7aaa
a2ab
caac
f2ad
1aae
42af
6ab0
92b1
bab2
e2b3
0ab4
32b5
5ab6
82b7
aab8
d2b9
faba
22bb
4abc
72bd
9abe
c2bf
eaa0
12a1
3aa2
62a3
8aa4
b2a5
daa6
0308
2b09
530a
7b0b
a30c
cb0d
f30e
1b0f
4310
6b11
9312
bb13
e314
0b15
3316
5b17
8318
ab19
d31a
fb1b
231c
4b1d
731e
9b1f
c300
eb01
1302
3b03
6304
8b05
b306
db07
0308
2b09
530a
7b0b
a30c
cb0d
f30e
1b0f
4310
6b11
9312
bb13
e314
0b15
3316
5b17
8318
ab19
d31a
fb1b
231c
4b1d
731e
9b1f
c300
eb01
1302
3b03
6304
8b05
b306
db07
0308
2b09
530a
7b0b
a30c
cb0d
f30e
1b0f
4310
6b11
9312
bb13
e314
0b15
3316
5b17
8318
ab19
d31a
fb1b
231c
4b1d
731e
9b1f
c300
eb01
1302
3b03
6304
8b05
b306
db07
0308
2b09
530a
7b0b
a30c
cb0d
f30e
1b0f
4310
6b11
9312
bb13
e314
0b15
3316
5b17
8318
ab19
d31a
fb1b
231c
4b1d
731e
9b1f
c300
eb01
1302
3b03
6304
8b05
b306
db07
0308
2b09
530a
7b0b
a30c
cb0d
f30e
1b0f
4310
6b11
9312
bb13
e314
0b15
3316
5b17
8318
ab19
d31a
fb1b
231c
4b1d
731e
9b1f
c300
eb01
1302
3b03
6304
8b05
b306
db07
0308
2b09
530a
7b0b
a30c
cb0d
f30e
1b0f
4310
6b11
9312
bb13
e314
0b15
3316
5b17
8318
ab19
d31a
fb1b
231c
4b1d
731e
9b1f
c300
eb01
1302
3b03
6304
8b05
b306
db07
0308
2b09
530a
7b0b
a30c
cb0d
f30e
1b0f
4310
6b11
9312
bb13
e314
0b15
3316
5b17
8318
ab19
d31a
fb1b
231c
4b1d
731e
9b1f
c300
eb01
1302
3b03
6304
8b05
b306
db07
0308
2b09
530a
7b0b
a30c
cb0d
f30e
1b0f
4310
6b11
9312
bb13
e314
0b15
3316
5b17
8318
ab19
d31a
fb1b
231c
4b1d
731e
9b1f
c300
eb01
1302
3b03
6304
8b05
b306
db07
0308
2b09
530a
7b0b
a30c
cb0d
f30e
1b0f
4310
6b11
9312
bb13
e314
0b15
3316
5b17
8318
ab19
d31a
fb1b
231c
4b1d
731e
9b1f
c300
eb01
1302
3b03
6304
8b05
b306
db07
0369
2b6a
536b
7b6c
a36d
cb6e
f36f
1b70
4371
6b72
9373
bb74
e375
0b76
3377
5b78
8379
ab7a
d37b
fb7c
237d
4b7e
737f
9b60
c361
eb62
1363
3b64
6365
8b66
b367
db68
0369
2b6a
536b
7b6c
a36d
cb6e
f36f
1b70
4371
6b72
9373
bb74
e375
0b76
3377
5b78
8379
ab7a
d37b
fb7c
237d
4b7e
737f
9b60
c361
eb62
1363
3b64
6365
8b66
b367
db68
0369
2b6a
536b
7b6c
a36d
cb6e
f36f
1b70
4371
6b72
9373
bb74
e375
0b76
3377
5b78
8379
ab7a
d37b
fb7c
237d
4b7e
737f
9b60
c361
eb62
1363
3b64
6365
8b66
b367
db68
0369
2b6a
536b
7b6c
a36d
cb6e
f36f
1b70
4371
6b72
9373
bb74
e375
0b76
3377
5b78
8379
ab7a
d37b
fb7c
237d
4b7e
737f
9b60
c361
eb62
1363
3b64
6365
8b66
b367
db68
0369
2b6a
536b
7b6c
a36d
cb6e
f36f
1b70
4371
6b72
9373
bb74
e375
0b76
3377
5b78
8379
ab7a
d37b
fb7c
237d
4b7e
737f
9b60
c361
eb62
1363
3b64
6365
8b66
b367
db68
0369
2b6a
536b
7b6c
a36d
cb6e
f36f
1b70
4371
6b72
9373
bb74
e375
0b76
3377
5b78
8379
ab7a
d37b
fb7c
237d
4b7e
737f
9b60
c361
eb62
1363
3b64
6365
8b66
b367
db68
0369
2b6a
536b
7b6c
a36d
cb6e
f36f
1b70
4371
6b72
9373
bb74
e375
0b76
3377
5b78
8379
ab7a
d37b
fb7c
237d
4b7e
737f
9b60
c361
eb62
1363
3b64
6365
8b66
b367
db68
0369
2b6a
536b
7b6c
a36d
cb6e
f36f
1b70
4371
6b72
9373
bb74
e375
0b76
3377
5b78
8379
ab7a
d37b
fb7c
237d
4b7e
737f
9b60
c361
eb62
1363
3b64
6365
8b66
b367
db68
0369
2b6a
536b
7b6c
a36d
cb6e
f36f
1b70
4371
6b72
9373
bb74
e375
0b76
3377
5b78
8379
ab7a
d37b
fb7c
237d
4b7e
737f
9b60
c361
eb62
1363
3b64
6365
8b66
b367
db68
03ca
2bcb
53cc
7bcd
a3ce
cbcf
f3d0
1bd1
43d2
6bd3
93d4
bbd5
e3d6
0bd7
33d8
5bd9
83da
abdb
d3dc
fbdd
23de
4bdf
73c0
9bc1
c3c2
ebc3
13c4
3bc5
63c6
8bc7
b3c8
dbc9
03ca
2bcb
53cc
7bcd
a3ce
cbcf
f3d0
1bd1
43d2
6bd3
93d4
bbd5
e3d6
0bd7
33d8
5bd9
83da
abdb
d3dc
fbdd
23de
4bdf
73c0
9bc1
c3c2
ebc3
13c4
3bc5
63c6
8bc7
b3c8
dbc9
03ca
2bcb
53cc
7bcd
a3ce
cbcf
f3d0
1bd1
43d2
6bd3
93d4
bbd5
e3d6
0bd7
33d8
5bd9
83da
abdb
d3dc
fbdd
23de
4bdf
73c0
9bc1
c3c2
ebc3
13c4
3bc5
63c6
8bc7
b3c8
dbc9
03ca
2bcb
53cc
7bcd
a3ce
cbcf
f3d0
1bd1
43d2
6bd3
93d4
bbd5
e3d6
0bd7
33d8
5bd9
83da
abdb
d3dc
fbdd
23de
4bdf
73c0
9bc1
c3c2
ebc3
13c4
3bc5
63c6
8bc7
b3c8
dbc9
03ca
2bcb
53cc
7bcd
a3ce
cbcf
f3d0
1bd1
43d2
6bd3
93d4
bbd5
e3d6
0bd7
33d8
5bd9
83da
abdb
d3dc
fbdd
23de
4bdf
73c0
9bc1
c3c2
ebc3
13c4
3bc5
63c6
8bc7
b3c8
dbc9
03ca
2bcb
53cc
7bcd
a3ce
cbcf
f3d0
1bd1
43d2
6bd3
93d4
bbd5
e3d6
0bd7
33d8
5bd9
83da
abdb
d3dc
fbdd
23de
4bdf
73c0
9bc1
c3c2
ebc3
13c4
3bc5
63c6
8bc7
b3c8
dbc9
03ca
2bcb
53cc
7bcd
a3ce
cbcf
f3d0
1bd1
43d2
6bd3
93d4
bbd5
e3d6
0bd7
33d8
5bd9
83da
abdb
d3dc
fbdd
23de
4bdf
73c0
9bc1
c3c2
ebc3
13c4
3bc5
63c6
8bc7
b3c8
dbc9
03ca
2bcb
53cc
7bcd
a3ce
cbcf
f3d0
1bd1
43d2
6bd3
93d4
bbd5
e3d6
0bd7
33d8
5bd9
83da
abdb
d3dc
fbdd
23de
4bdf
73c0
9bc1
c3c2
ebc3
13c4
3bc5
63c6
8bc7
b3c8
dbc9
03ca
2bcb
53cc
7bcd
a3ce
cbcf
f3d0
1bd1
43d2
6bd3
93d4
bbd5
e3d6
0bd7
33d8
5bd9
83da
abdb
d3dc
fbdd
23de
4bdf
73c0
9bc1
c3c2
ebc3
13c4
3bc5
63c6
8bc7
b3c8
dbc9
042b
2c2c
542d
7c2e
a42f
cc30
f431
1c32
4433
6c34
9435
bc36
e437
0c38
3439
5c3a
843b
ac3c
d43d
fc3e
243f
4c20
7421
9c22
c423
ec24
1425
3c26
6427
8c28
b429
dc2a
042b
2c2c
542d
7c2e
a42f
cc30
f431
1c32
4433
6c34
9435
bc36
e437
0c38
3439
5c3a
843b
ac3c
d43d
fc3e
243f
4c20
7421
9c22
c423
ec24
1425
3c26
6427
8c28
b429
dc2a
042b
2c2c
542d
7c2e
a42f
cc30
f431
1c32
4433
6c34
9435
bc36
e437
0c38
3439
5c3a
843b
ac3c
d43d
fc3e
243f
4c20
7421
9c22
c423
ec24
1425
3c26
6427
8c28
b429
dc2a
042b
2c2c
542d
7c2e
a42f
cc30
f431
1c32
4433
6c34
9435
bc36
e437
0c38
3439
5c3a
843b
ac3c
d43d
fc3e
243f
4c20
7421
9c22
c423
ec24
1425
3c26
6427
8c28
b429
dc2a
042b
2c2c
542d
7c2e
a42f
cc30
f431
1c32
4433
6c34
9435
bc36
e437
0c38
3439
5c3a
843b
ac3c
d43d
fc3e
243f
4c20
7421
9c22
c423
ec24
1425
3c26
6427
8c28
b429
dc2a
042b
2c2c
542d
7c2e
a42f
cc30
f431
1c32
4433
6c34
9435
bc36
e437
0c38
3439
5c3a
843b
ac3c
d43d
fc3e
243f
4c20
7421
9c22
c423
ec24
1425
3c26
6427
8c28
b429
dc2a
042b
2c2c
542d
7c2e
a42f
cc30
f431
1c32
4433
6c34
9435
bc36
e437
0c38
3439
5c3a
843b
ac3c
d43d
fc3e
243f
4c20
7421
9c22
c423
ec24
1425
3c26
6427
8c28
b429
dc2a
042b
2c2c
542d
7c2e
a42f
cc30
f431
1c32
4433
6c34
9435
bc36
e437
0c38
3439
5c3a
843b
ac3c
d43d
fc3e
243f
4c20
7421
9c22
c423
ec24
1425
3c26
6427
8c28
b429
dc2a
042b
2c2c
542d
7c2e
a42f
cc30
f431
1c32
4433
6c34
9435
bc36
e437
0c38
3439
5c3a
843b
ac3c
d43d
fc3e
243f
4c20
7421
9c22
c423
ec24
1425
3c26
6427
8c28
b429
dc2a
048c
2c8d
548e
7c8f
a490
cc91
f492
1c93
4494
6c95
9496
bc97
e498
0c99
349a
5c9b
849c
ac9d
d49e
fc9f
2480
4c81
7482
9c83
c484
ec85
1486
3c87
6488
8c89
b48a
dc8b
048c
2c8d
548e
7c8f
a490
cc91
f492
1c93
4494
6c95
9496
bc97
e498
0c99
349a
5c9b
849c
ac9d
d49e
fc9f
2480
4c81
7482
9c83
c484
ec85
1486
3c87
6488
8c89
b48a
dc8b
048c
2c8d
548e
7c8f
a490
cc91
f492
1c93
4494
6c95
9496
bc97
e498
0c99
349a
5c9b
849c
ac9d
d49e
fc9f
2480
4c81
7482
9c83
c484
ec85
1486
3c87
6488
8c89
b48a
dc8b
048c
2c8d
548e
7c8f
a490
cc91
f492
1c93
4494
6c95
9496
bc97
e498
0c99
349a
5c9b
849c
ac9d
d49e
fc9f
2480
4c81
7482
9c83
c484
ec85
1486
3c87
6488
8c89
b48a
dc8b
048c
2c8d
548e
7c8f
a490
cc91
f492
1c93
4494
6c95
9496
bc97
e498
0c99
349a
5c9b
849c
ac9d
d49e
fc9f
2480
4c81
7482
9c83
c484
ec85
1486
3c87
6488
8c89
b48a
dc8b
048c
2c8d
548e
7c8f
a490
cc91
f492
1c93
4494
6c95
9496
bc97
e498
0c99
349a
5c9b
849c
ac9d
d49e
fc9f
2480
4c81
7482
9c83
c484
ec85
1486
3c87
6488
8c89
b48a
dc8b
048c
2c8d
548e
7c8f
a490
cc91
f492
1c93
4494
6c95
9496
bc97
e498
0c99
349a
5c9b
849c
ac9d
d49e
fc9f
2480
4c81
7482
9c83
c484
ec85
1486
3c87
6488
8c89
b48a
dc8b
048c
2c8d
548e
7c8f
a490
cc91
f492
1c93
4494
6c95
9496
bc97
e498
0c99
349a
5c9b
849c
ac9d
d49e
fc9f
2480
4c81
7482
9c83
c484
ec85
1486
3c87
6488
8c89
b48a
dc8b
048c
2c8d
548e
7c8f
a490
cc91
f492
1c93
4494
6c95
9496
bc97
e498
0c99
349a
5c9b
849c
ac9d
d49e
fc9f
2480
4c81
7482
9c83
c484
ec85
1486
3c87
6488
8c89
b48a
dc8b
04ed
2cee
54ef
7cf0
a4f1
ccf2
f4f3
1cf4
44f5
6cf6
94f7
bcf8
e4f9
0cfa
34fb
5cfc
84fd
acfe
d4ff
fce0
24e1
4ce2
74e3
9ce4
c4e5
ece6
14e7
3ce8
64e9
8cea
b4eb
dcec
04ed
2cee
54ef
7cf0
a4f1
ccf2
f4f3
1cf4
44f5
6cf6
94f7
bcf8
e4f9
0cfa
34fb
5cfc
84fd
acfe
d4ff
fce0
24e1
4ce2
74e3
9ce4
c4e5
ece6
14e7
3ce8
64e9
8cea
b4eb
dcec
04ed
2cee
54ef
7cf0
a4f1
ccf2
f4f3
1cf4
44f5
6cf6
94f7
bcf8
e4f9
0cfa
34fb
5cfc
84fd
acfe
d4ff
fce0
24e1
4ce2
74e3
9ce4
c4e5
ece6
14e7
3ce8
64e9
8cea
b4eb
dcec
04ed
2cee
54ef
7cf0
a4f1
ccf2
f4f3
1cf4
44f5
6cf6
94f7
bcf8
e4f9
0cfa
34fb
5cfc
84fd
acfe
d4ff
fce0
24e1
4ce2
74e3
9ce4
c4e5
ece6
14e7
3ce8
64e9
8cea
b4eb
dcec
04ed
2cee
54ef
7cf0
a4f1
ccf2
f4f3
1cf4
44f5
6cf6
94f7
bcf8
e4f9
0cfa
34fb
5cfc
84fd
acfe
d4ff
fce0
24e1
4ce2
74e3
9ce4
c4e5
ece6
14e7
3ce8
64e9
8cea
b4eb
dcec
04ed
2cee
54ef
7cf0
a4f1
ccf2
f4f3
1cf4
44f5
6cf6
94f7
bcf8
e4f9
0cfa
34fb
5cfc
84fd
acfe
d4ff
fce0
24e1
4ce2
74e3
9ce4
c4e5
ece6
14e7
3ce8
64e9
8cea
b4eb
dcec
04ed
2cee
54ef
7cf0
a4f1
ccf2
f4f3
1cf4
44f5
6cf6
94f7
bcf8
e4f9
0cfa
34fb
5cfc
84fd
acfe
d4ff
fce0
24e1
4ce2
74e3
9ce4
c4e5
ece6
14e7
3ce8
64e9
8cea
b4eb
dcec
04ed
2cee
54ef
7cf0
a4f1
ccf2
f4f3
1cf4
44f5
6cf6
94f7
bcf8
e4f9
0cfa
34fb
5cfc
84fd
acfe
d4ff
fce0
24e1
4ce2
74e3
9ce4
c4e5
ece6
14e7
3ce8
64e9
8cea
b4eb
dcec
04ed
2cee
54ef
7cf0
a4f1
ccf2
f4f3
1cf4
44f5
6cf6
94f7
bcf8
e4f9
0cfa
34fb
5cfc
84fd
acfe
d4ff
fce0
24e1
4ce2
74e3
9ce4
c4e5
ece6
14e7
3ce8
64e9
8cea
b4eb
dcec
054e
2d4f
5550
7d51
a552
cd53
f554
1d55
4556
6d57
9558
bd59
e55a
0d5b
355c
5d5d
855e
ad5f
d540
fd41
2542
4d43
7544
9d45
c546
ed47
1548
3d49
654a
8d4b
b54c
dd4d
054e
2d4f
5550
7d51
a552
cd53
f554
1d55
4556
6d57
9558
bd59
e55a
0d5b
355c
5d5d
855e
ad5f
d540
fd41
2542
4d43
7544
9d45
c546
ed47
1548
3d49
654a
8d4b
b54c
dd4d
054e
2d4f
5550
7d51
a552
cd53
f554
1d55
4556
6d57
9558
bd59
e55a
0d5b
355c
5d5d
855e
ad5f
d540
fd41
2542
4d43
7544
9d45
c546
ed47
1548
3d49
654a
8d4b
b54c
dd4d
054e
2d4f
5550
7d51
a552
cd53
f554
1d55
4556
6d57
9558
bd59
e55a
0d5b
355c
5d5d
855e
ad5f
d540
fd41
2542
4d43
7544
9d45
c546
ed47
1548
3d49
654a
8d4b
b54c
dd4d
054e
2d4f
5550
7d51
a552
cd53
f554
1d55
4556
6d57
9558
bd59
e55a
0d5b
355c
5d5d
855e
ad5f
d540
fd41
2542
4d43
7544
9d45
c546
ed47
1548
3d49
654a
8d4b
b54c
dd4d
054e
2d4f
5550
7d51
a552
cd53
f554
1d55
4556
6d57
9558
bd59
e55a
0d5b
355c
5d5d
855e
ad5f
d540
fd41
2542
4d43
7544
9d45
c546
ed47
1548
3d49
654a
8d4b
b54c
dd4d
054e
2d4f
5550
7d51
a552
cd53
f554
1d55
4556
6d57
9558
bd59
e55a
0d5b
355c
5d5d
855e
ad5f
d540
fd41
2542
4d43
7544
9d45
c546
ed47
1548
3d49
654a
8d4b
b54c
dd4d
054e
2d4f
5550
7d51
a552
cd53
f554
1d55
4556
6d57
9558
bd59
e55a
0d5b
355c
5d5d
855e
ad5f
d540
fd41
2542
4d43
7544
9d45
c546
ed47
1548
3d49
654a
8d4b
b54c
dd4d
054e
2d4f
5550
7d51
a552
cd53
f554
1d55
4556
6d57
9558
bd59
e55a
0d5b
355c
5d5d
855e
ad5f
d540
fd41
2542
4d43
7544
9d45
c546
ed47
1548
3d49
654a
8d4b
b54c
dd4d
05af
2db0
55b1
7db2
a5b3
cdb4
f5b5
1db6
45b7
6db8
95b9
bdba
e5bb
0dbc
35bd
5dbe
85bf
ada0
d5a1
fda2
25a3
4da4
75a5
9da6
c5a7
eda8
15a9
3daa
65ab
8dac
b5ad
ddae
05af
2db0
55b1
7db2
a5b3
cdb4
f5b5
1db6
45b7
6db8
95b9
bdba
e5bb
0dbc
35bd
5dbe
85bf
ada0
d5a1
fda2
25a3
4da4
75a5
9da6
c5a7
eda8
15a9
3daa
65ab
8dac
b5ad
ddae
05af
2db0
55b1
7db2
a5b3
cdb4
f5b5
1db6
45b7
6db8
95b9
bdba
e5bb
0dbc
35bd
5dbe
85bf
ada0
d5a1
fda2
25a3
4da4
75a5
9da6
c5a7
eda8
15a9
3daa
65ab
8dac
b5ad
ddae
05af
2db0
55b1
7db2
a5b3
cdb4
f5b5
1db6
45b7
6db8
95b9
bdba
e5bb
0dbc
35bd
5dbe
85bf
ada0
d5a1
fda2
25a3
4da4
75a5
9da6
c5a7
eda8
15a9
3daa
65ab
8dac
b5ad
ddae
05af
2db0
55b1
7db2
a5b3
cdb4
f5b5
1db6
45b7
6db8
95b9
bdba
e5bb
0dbc
35bd
5dbe
85bf
ada0
d5a1
fda2
25a3
4da4
75a5
9da6
c5a7
eda8
15a9
3daa
65ab
8dac
b5ad
ddae
05af
2db0
55b1
7db2
a5b3
cdb4
f5b5
1db6
45b7
6db8
95b9
bdba
e5bb
0dbc
35bd
5dbe
85bf
ada0
d5a1
fda2
25a3
4da4
75a5
9da6
c5a7
eda8
15a9
3daa
65ab
8dac
b5ad
ddae
05af
2db0
55b1
7db2
a5b3
cdb4
f5b5
1db6
45b7
6db8
95b9
bdba
e5bb
0dbc
35bd
5dbe
85bf
ada0
d5a1
fda2
25a3
4da4
75a5
9da6
c5a7
eda8
15a9
3daa
65ab
8dac
b5ad
ddae
05af
2db0
55b1
7db2
a5b3
cdb4
f5b5
1db6
45b7
6db8
95b9
bdba
e5bb
0dbc
35bd
5dbe
85bf
ada0
d5a1
fda2
25a3
4da4
75a5
9da6
c5a7
eda8
15a9
3daa
65ab
8dac
b5ad
ddae
05af
2db0
55b1
7db2
a5b3
cdb4
f5b5
1db6
45b7
6db8
95b9
bdba
e5bb
0dbc
35bd
5dbe
85bf
ada0
d5a1
fda2
25a3
4da4
75a5
9da6
c5a7
eda8
15a9
3daa
65ab
8dac
b5ad
ddae
0610
2e11
5612
7e13
a614
ce15
f616
1e17
4618
6e19
961a
be1b
e61c
0e1d
361e
5e1f
8600
ae01
d602
fe03
2604
4e05
7606
9e07
c608
ee09
160a
3e0b
660c
8e0d
b60e
de0f
0610
2e11
5612
7e13
a614
ce15
f616
1e17
4618
6e19
961a
be1b
e61c
0e1d
361e
5e1f
8600
ae01
d602
fe03
2604
4e05
7606
9e07
c608
ee09
160a
3e0b
660c
8e0d
b60e
de0f
0610
2e11
5612
7e13
a614
ce15
f616
1e17
4618
6e19
961a
be1b
e61c
0e1d
361e
5e1f
8600
ae01
d602
fe03
2604
4e05
7606
9e07
c608
ee09
160a
3e0b
660c
8e0d
b60e
de0f
0610
2e11
5612
7e13
a614
ce15
f616
1e17
4618
6e19
961a
be1b
e61c
0e1d
361e
5e1f
8600
ae01
d602
fe03
2604
4e05
7606
9e07
c608
ee09
160a
3e0b
660c
8e0d
b60e
de0f
0610
2e11
5612
7e13
a614
ce15
f616
1e17
4618
6e19
961a
be1b
e61c
0e1d
361e
5e1f
8600
ae01
d602
fe03
2604
4e05
7606
9e07
c608
ee09
160a
3e0b
660c
8e0d
b60e
de0f
0610
2e11
5612
7e13
a614
ce15
f616
1e17
4618
6e19
961a
be1b
e61c
0e1d
361e
5e1f
8600
ae01
d602
fe03
2604
4e05
7606
9e07
c608
ee09
160a
3e0b
660c
8e0d
b60e
de0f
0610
2e11
5612
7e13
a614
ce15
f616
1e17
4618
6e19
961a
be1b
e61c
0e1d
361e
5e1f
8600
ae01
d602
fe03
2604
4e05
7606
9e07
c608
ee09
160a
3e0b
660c
8e0d
b60e
de0f
0610
2e11
5612
7e13
a614
ce15
f616
1e17
4618
6e19
961a
be1b
e61c
0e1d
361e
5e1f
8600
ae01
d602
fe03
2604
4e05
7606
9e07
c608
ee09
160a
3e0b
660c
8e0d
b60e
de0f
0610
2e11
5612
7e13
a614
ce15
f616
1e17
4618
6e19
961a
be1b
e61c
0e1d
361e
5e1f
8600
ae01
d602
fe03
2604
4e05
7606
9e07
c608
ee09
160a
3e0b
660c
8e0d
b60e
de0f
0671
2e72
5673
7e74
a675
ce76
f677
1e78
4679
6e7a
967b
be7c
e67d
0e7e
367f
5e60
8661
ae62
d663
fe64
2665
4e66
7667
9e68
c669
ee6a
166b
3e6c
666d
8e6e
b66f
de70
0671
2e72
5673
7e74
a675
ce76
f677
1e78
4679
6e7a
967b
be7c
e67d
0e7e
367f
5e60
8661
ae62
d663
fe64
2665
4e66
7667
9e68
c669
ee6a
166b
3e6c
666d
8e6e
b66f
de70
0671
2e72
5673
7e74
a675
ce76
f677
1e78
4679
6e7a
967b
be7c
e67d
0e7e
367f
5e60
8661
ae62
d663
fe64
2665
4e66
7667
9e68
c669
ee6a
166b
3e6c
666d
8e6e
b66f
de70
0671
2e72
5673
7e74
a675
ce76
f677
1e78
4679
6e7a
967b
be7c
e67d
0e7e
367f
5e60
8661
ae62
d663
fe64
2665
4e66
7667
9e68
c669
ee6a
166b
3e6c
666d
8e6e
b66f
de70
0671
2e72
5673
7e74
a675
ce76
f677
1e78
4679
6e7a
967b
be7c
e67d
0e7e
367f
5e60
8661
ae62
d663
fe64
2665
4e66
7667
9e68
c669
ee6a
166b
3e6c
666d
8e6e
b66f
de70
0671
2e72
5673
7e74
a675
ce76
f677
1e78
4679
6e7a
967b
be7c
e67d
0e7e
367f
5e60
8661
ae62
d663
fe64
2665
4e66
7667
9e68
c669
ee6a
166b
3e6c
666d
8e6e
b66f
de70
0671
2e72
5673
7e74
a675
ce76
f677
1e78
4679
6e7a
967b
be7c
e67d
0e7e
367f
5e60
8661
ae62
d663
fe64
2665
4e66
7667
9e68
c669
ee6a
166b
3e6c
666d
8e6e
b66f
de70
0671
2e72
5673
7e74
a675
ce76
f677
1e78
4679
6e7a
967b
be7c
e67d
0e7e
367f
5e60
8661
ae62
d663
fe64
2665
4e66
7667
9e68
c669
ee6a
166b
3e6c
666d
8e6e
b66f
de70
0671
2e72
5673
7e74
a675
ce76
f677
1e78
4679
6e7a
967b
be7c
e67d
0e7e
367f
5e60
8661
ae62
d663
fe64
2665
4e66
7667
9e68
c669
ee6a
166b
3e6c
666d
8e6e
b66f
de70
06d2
2ed3
56d4
7ed5
a6d6
ced7
f6d8
1ed9
46da
6edb
96dc
bedd
e6de
0edf
36c0
5ec1
86c2
aec3
d6c4
fec5
26c6
4ec7
76c8
9ec9
c6ca
eecb
16cc
3ecd
66ce
8ecf
b6d0
ded1
06d2
2ed3
56d4
7ed5
a6d6
ced7
f6d8
1ed9
46da
6edb
96dc
bedd
e6de
0edf
36c0
5ec1
86c2
aec3
d6c4
fec5
26c6
4ec7
76c8
9ec9
c6ca
eecb
16cc
3ecd
66ce
8ecf
b6d0
ded1
06d2
2ed3
56d4
7ed5
a6d6
ced7
f6d8
1ed9
46da
6edb
96dc
bedd
e6de
0edf
36c0
5ec1
86c2
aec3
d6c4
fec5
26c6
4ec7
76c8
9ec9
c6ca
eecb
16cc
3ecd
66ce
8ecf
b6d0
ded1
06d2
2ed3
56d4
7ed5
a6d6
ced7
f6d8
1ed9
46da
6edb
96dc
bedd
e6de
0edf
36c0
5ec1
86c2
aec3
d6c4
fec5
26c6
4ec7
76c8
9ec9
c6ca
eecb
16cc
3ecd
66ce
8ecf
b6d0
ded1
06d2
2ed3
56d4
7ed5
a6d6
ced7
f6d8
1ed9
46da
6edb
96dc
bedd
e6de
0edf
36c0
5ec1
86c2
aec3
d6c4
fec5
26c6
4ec7
76c8
9ec9
c6ca
eecb
16cc
3ecd
66ce
8ecf
b6d0
ded1
06d2
2ed3
56d4
7ed5
a6d6
ced7
f6d8
1ed9
46da
6edb
96dc
bedd
e6de
0edf
36c0
5ec1
86c2
aec3
d6c4
fec5
26c6
4ec7
76c8
9ec9
c6ca
eecb
16cc
3ecd
66ce
8ecf
b6d0
ded1
06d2
2ed3
56d4
7ed5
a6d6
ced7
f6d8
1ed9
46da
6edb
96dc
bedd
e6de
0edf
36c0
5ec1
86c2
aec3
d6c4
fec5
26c6
4ec7
76c8
9ec9
c6ca
eecb
16cc
3ecd
66ce
8ecf
b6d0
ded1
06d2
2ed3
56d4
7ed5
a6d6
ced7
f6d8
1ed9
46da
6edb
96dc
bedd
e6de
0edf
36c0
5ec1
86c2
aec3
d6c4
fec5
26c6
4ec7
76c8
9ec9
c6ca
eecb
16cc
3ecd
66ce
8ecf
b6d0
ded1
06d2
2ed3
56d4
7ed5
a6d6
ced7
f6d8
1ed9
46da
6edb
96dc
bedd
e6de
0edf
36c0
5ec1
86c2
aec3
d6c4
fec5
26c6
4ec7
76c8
9ec9
c6ca
eecb
16cc
3ecd
66ce
8ecf
b6d0
ded1
0733
2f34
5735
7f36
a737
cf38
f739
1f3a
473b
6f3c
973d
bf3e
e73f
0f20
3721
5f22
8723
af24
d725
ff26
2727
4f28
7729
9f2a
c72b
ef2c
172d
3f2e
672f
8f30
b731
df32
0733
2f34
5735
7f36
a737
cf38
f739
1f3a
473b
6f3c
973d
bf3e
e73f
0f20
3721
5f22
8723
af24
d725
ff26
2727
4f28
7729
9f2a
c72b
ef2c
172d
3f2e
672f
8f30
b731
df32
0733
2f34
5735
7f36
a737
cf38
f739
1f3a
473b
6f3c
973d
bf3e
e73f
0f20
3721
5f22
8723
af24
d725
ff26
2727
4f28
7729
9f2a
c72b
ef2c
172d
3f2e
672f
8f30
b731
df32
0733
2f34
5735
7f36
a737
cf38
f739
1f3a
473b
6f3c
973d
bf3e
e73f
0f20
3721
5f22
8723
af24
d725
ff26
2727
4f28
7729
9f2a
c72b
ef2c
172d
3f2e
672f
8f30
b731
df32
0733
2f34
5735
7f36
a737
cf38
f739
1f3a
473b
6f3c
973d
bf3e
e73f
0f20
3721
5f22
8723
af24
d725
ff26
2727
4f28
7729
9f2a
c72b
ef2c
172d
3f2e
672f
8f30
b731
df32
0733
2f34
5735
7f36
a737
cf38
f739
1f3a
473b
6f3c
973d
bf3e
e73f
0f20
3721
5f22
8723
af24
d725
ff26
2727
4f28
7729
9f2a
c72b
ef2c
172d
3f2e
672f
8f30
b731
df32
0733
2f34
5735
7f36
a737
cf38
f739
1f3a
473b
6f3c
973d
bf3e
e73f
0f20
3721
5f22
8723
af24
d725
ff26
2727
4f28
7729
9f2a
c72b
ef2c
172d
3f2e
672f
8f30
b731
df32
0733
2f34
5735
7f36
a737
cf38
f739
1f3a
473b
6f3c
973d
bf3e
e73f
0f20
3721
5f22
8723
af24
d725
ff26
2727
4f28
7729
9f2a
c72b
ef2c
172d
3f2e
672f
8f30
b731
df32
0733
2f34
5735
7f36
a737
cf38
f739
1f3a
473b
6f3c
973d
bf3e
e73f
0f20
3721
5f22
8723
af24
d725
ff26
2727
4f28
7729
9f2a
c72b
ef2c
172d
3f2e
672f
8f30
b731
df32
0794
2f95
5796
7f97
a798
cf99
f79a
1f9b
479c
6f9d
979e
bf9f
e780
0f81
3782
5f83
8784
af85
d786
ff87
2788
4f89
778a
9f8b
c78c
ef8d
178e
3f8f
6790
8f91
b792
df93
0794
2f95
5796
7f97
a798
cf99
f79a
1f9b
479c
6f9d
979e
bf9f
e780
0f81
3782
5f83
8784
af85
d786
ff87
2788
4f89
778a
9f8b
c78c
ef8d
178e
3f8f
6790
8f91
b792
df93
0794
2f95
5796
7f97
a798
cf99
f79a
1f9b
479c
6f9d
979e
bf9f
e780
0f81
3782
5f83
8784
af85
d786
ff87
2788
4f89
778a
9f8b
c78c
ef8d
178e
3f8f
6790
8f91
b792
df93
0794
2f95
5796
7f97
a798
cf99
f79a
1f9b
479c
6f9d
979e
bf9f
e780
0f81
3782
5f83
8784
af85
d786
ff87
2788
4f89
778a
9f8b
c78c
ef8d
178e
3f8f
6790
8f91
b792
df93
0794
2f95
5796
7f97
a798
cf99
f79a
1f9b
479c
6f9d
979e
bf9f
e780
0f81
3782
5f83
8784
af85
d786
ff87
2788
4f89
778a
9f8b
c78c
ef8d
178e
3f8f
6790
8f91
b792
df93
0794
2f95
5796
7f97
a798
cf99
f79a
1f9b
479c
6f9d
979e
bf9f
e780
0f81
3782
5f83
8784
af85
d786
ff87
2788
4f89
778a
9f8b
c78c
ef8d
178e
3f8f
6790
8f91
b792
df93
0794
2f95
5796
7f97
a798
cf99
f79a
1f9b
479c
6f9d
979e
bf9f
e780
0f81
3782
5f83
8784
af85
d786
ff87
2788
4f89
778a
9f8b
c78c
ef8d
178e
3f8f
6790
8f91
b792
df93
0794
2f95
5796
7f97
a798
cf99
f79a
1f9b
479c
6f9d
979e
bf9f
e780
0f81
3782
5f83
8784
af85
d786
ff87
2788
4f89
778a
9f8b
c78c
ef8d
178e
3f8f
6790
8f91
b792
df93
0794
2f95
5796
7f97
a798
cf99
f79a
1f9b
479c
6f9d
979e
bf9f
e780
0f81
3782
5f83
8784
af85
d786
ff87
2788
4f89
778a
9f8b
c78c
ef8d
178e
3f8f
6790
8f91
b792
df93
07f5
2ff6
57f7
7ff8
a7f9
cffa
f7fb
1ffc
47fd
6ffe
97ff
bfe0
e7e1
0fe2
37e3
5fe4
87e5
afe6
d7e7
ffe8
27e9
4fea
77eb
9fec
c7ed
efee
17ef
3ff0
67f1
8ff2
b7f3
dff4
07f5
2ff6
57f7
7ff8
a7f9
cffa
f7fb
1ffc
47fd
6ffe
97ff
bfe0
e7e1
0fe2
37e3
5fe4
87e5
afe6
d7e7
ffe8
27e9
4fea
77eb
9fec
c7ed
efee
17ef
3ff0
67f1
8ff2
b7f3
dff4
07f5
2ff6
57f7
7ff8
a7f9
cffa
f7fb
1ffc
47fd
6ffe
97ff
bfe0
e7e1
0fe2
37e3
5fe4
87e5
afe6
d7e7
ffe8
27e9
4fea
77eb
9fec
c7ed
efee
17ef
3ff0
67f1
8ff2
b7f3
dff4
07f5
2ff6
57f7
7ff8
a7f9
cffa
f7fb
1ffc
47fd
6ffe
97ff
bfe0
e7e1
0fe2
37e3
5fe4
87e5
afe6
d7e7
ffe8
27e9
4fea
77eb
9fec
c7ed
efee
17ef
3ff0
67f1
8ff2
b7f3
dff4
07f5
2ff6
57f7
7ff8
a7f9
cffa
f7fb
1ffc
47fd
6ffe
97ff
bfe0
e7e1
0fe2
37e3
5fe4
87e5
afe6
d7e7
ffe8
27e9
4fea
77eb
9fec
c7ed
efee
17ef
3ff0
67f1
8ff2
b7f3
dff4
07f5
2ff6
57f7
7ff8
a7f9
cffa
f7fb
1ffc
47fd
6ffe
97ff
bfe0
e7e1
0fe2
37e3
5fe4
87e5
afe6
d7e7
ffe8
27e9
4fea
77eb
9fec
c7ed
efee
17ef
3ff0
67f1
8ff2
b7f3
dff4
07f5
2ff6
57f7
7ff8
a7f9
cffa
f7fb
1ffc
47fd
6ffe
97ff
bfe0
e7e1
0fe2
37e3
5fe4
87e5
afe6
d7e7
ffe8
27e9
4fea
77eb
9fec
c7ed
efee
17ef
3ff0
67f1
8ff2
b7f3
dff4
07f5
2ff6
57f7
7ff8
a7f9
cffa
f7fb
1ffc
47fd
6ffe
97ff
bfe0
e7e1
0fe2
37e3
5fe4
87e5
afe6
d7e7
ffe8
27e9
4fea
77eb
9fec
c7ed
efee
17ef
3ff0
67f1
8ff2
b7f3
dff4
07f5
2ff6
57f7
7ff8
a7f9
cffa
f7fb
1ffc
47fd
6ffe
97ff
bfe0
e7e1
0fe2
37e3
5fe4
87e5
afe6
d7e7
ffe8
27e9
4fea
77eb
9fec
c7ed
efee
17ef
3ff0
67f1
8ff2
b7f3
dff4
0056
2857
5058
7859
a05a
c85b
f05c
185d
405e
685f
9040
b841
e042
0843
3044
5845
8046
a847
d048
f849
204a
484b
704c
984d
c04e
e84f
1050
3851
6052
8853
b054
d855
0056
2857
5058
7859
a05a
c85b
f05c
185d
405e
685f
9040
b841
e042
0843
3044
5845
8046
a847
d048
f849
204a
484b
704c
984d
c04e
e84f
1050
3851
6052
8853
b054
d855
0056
2857
5058
7859
a05a
c85b
f05c
185d
405e
685f
9040
b841
e042
0843
3044
5845
8046
a847
d048
f849
204a
484b
704c
984d
c04e
e84f
1050
3851
6052
8853
b054
d855
0056
2857
5058
7859
a05a
c85b
f05c
185d
405e
685f
9040
b841
e042
0843
3044
5845
8046
a847
d048
f849
204a
484b
704c
984d
c04e
e84f
1050
3851
6052
8853
b054
d855
0056
2857
5058
7859
a05a
c85b
f05c
185d
405e
685f
9040
b841
e042
0843
3044
5845
8046
a847
d048
f849
204a
484b
704c
984d
c04e
e84f
1050
3851
6052
8853
b054
d855
0056
2857
5058
7859
a05a
c85b
f05c
185d
405e
685f
9040
b841
e042
0843
3044
5845
8046
a847
d048
f849
204a
484b
704c
984d
c04e
e84f
1050
3851
6052
8853
b054
d855
0056
2857
5058
7859
a05a
c85b
f05c
185d
405e
685f
9040
b841
e042
0843
3044
5845
8046
a847
d048
f849
204a
484b
704c
984d
c04e
e84f
1050
3851
6052
8853
b054
d855
0056
2857
5058
7859
a05a
c85b
f05c
185d
405e
685f
9040
b841
e042
0843
3044
5845
8046
a847
d048
f849
204a
484b
704c
984d
c04e
e84f
1050
3851
6052
8853
b054
d855
0056
2857
5058
7859
a05a
c85b
f05c
185d
405e
685f
9040
b841
e042
0843
3044
5845
8046
a847
d048
f849
204a
484b
704c
984d
c04e
e84f
1050
3851
6052
8853
b054
d855
00b7
28b8
50b9
78ba
a0bb
c8bc
f0bd
18be
40bf
68a0
90a1
b8a2
e0a3
08a4
30a5
58a6
80a7
a8a8
d0a9
f8aa
20ab
48ac
70ad
98ae
c0af
e8b0
10b1
38b2
60b3
88b4
b0b5
d8b6
00b7
28b8
50b9
78ba
a0bb
c8bc
f0bd
18be
40bf
68a0
90a1
b8a2
e0a3
08a4
30a5
58a6
80a7
a8a8
d0a9
f8aa
20ab
48ac
70ad
98ae
c0af
e8b0
10b1
38b2
60b3
88b4
b0b5
d8b6
00b7
28b8
50b9
78ba
a0bb
c8bc
f0bd
18be
40bf
68a0
90a1
b8a2
e0a3
08a4
30a5
58a6
80a7
a8a8
d0a9
f8aa
20ab
48ac
70ad
98ae
c0af
e8b0
10b1
38b2
60b3
88b4
b0b5
d8b6
00b7
28b8
50b9
78ba
a0bb
c8bc
f0bd
18be
40bf
68a0
90a1
b8a2
e0a3
08a4
30a5
58a6
80a7
a8a8
d0a9
f8aa
20ab
48ac
70ad
98ae
c0af
e8b0
10b1
38b2
60b3
88b4
b0b5
d8b6
00b7
28b8
50b9
78ba
a0bb
c8bc
f0bd
18be
40bf
68a0
90a1
b8a2
e0a3
08a4
30a5
58a6
80a7
a8a8
d0a9
f8aa
20ab
48ac
70ad
98ae
c0af
e8b0
10b1
38b2
60b3
88b4
b0b5
d8b6
00b7
28b8
50b9
78ba
a0bb
c8bc
f0bd
18be
40bf
68a0
90a1
b8a2
e0a3
08a4
30a5
58a6
80a7
a8a8
d0a9
f8aa
20ab
48ac
70ad
98ae
c0af
e8b0
10b1
38b2
60b3
88b4
b0b5
d8b6
00b7
28b8
50b9
78ba
a0bb
c8bc
f0bd
18be
40bf
68a0
90a1
b8a2
e0a3
08a4
30a5
58a6
80a7
a8a8
d0a9
f8aa
20ab
48ac
70ad
98ae
c0af
e8b0
10b1
38b2
60b3
88b4
b0b5
d8b6
00b7
28b8
50b9
78ba
a0bb
c8bc
f0bd
18be
40bf
68a0
90a1
b8a2
e0a3
08a4
30a5
58a6
80a7
a8a8
d0a9
f8aa
20ab
48ac
70ad
98ae
c0af
e8b0
10b1
38b2
60b3
88b4
b0b5
d8b6
00b7
28b8
50b9
78ba
a0bb
c8bc
f0bd
18be
40bf
68a0
90a1
b8a2
e0a3
08a4
30a5
58a6
80a7
a8a8
d0a9
f8aa
20ab
48ac
70ad
98ae
c0af
e8b0
10b1
38b2
60b3
88b4
b0b5
d8b6
0118
2919
511a
791b
a11c
c91d
f11e
191f
4100
6901
9102
b903
e104
0905
3106
5907
8108
a909
d10a
f90b
210c
490d
710e
990f
c110
e911
1112
3913
6114
8915
b116
d917
0118
2919
511a
791b
a11c
c91d
f11e
191f
4100
6901
9102
b903
e104
0905
3106
5907
8108
a909
d10a
f90b
210c
490d
710e
990f
c110
e911
1112
3913
6114
8915
b116
d917
0118
2919
511a
791b
a11c
c91d
f11e
191f
4100
6901
9102
b903
e104
0905
3106
5907
8108
a909
d10a
f90b
210c
490d
710e
990f
c110
e911
1112
3913
6114
8915
b116
d917
0118
2919
511a
791b
a11c
c91d
f11e
191f
4100
6901
9102
b903
e104
0905
3106
5907
8108
a909
d10a
f90b
210c
490d
710e
990f
c110
e911
1112
3913
6114
8915
b116
d917
0118
2919
511a
791b
a11c
c91d
f11e
191f
4100
6901
9102
b903
e104
0905
3106
5907
8108
a909
d10a
f90b
210c
490d
710e
990f
c110
e911
1112
3913
6114
8915
b116
d917
0118
2919
511a
791b
a11c
c91d
f11e
191f
4100
6901
9102
b903
e104
0905
3106
5907
8108
a909
d10a
f90b
210c
490d
710e
990f
c110
e911
1112
3913
6114
8915
b116
d917
0118
2919
511a
791b
a11c
c91d
f11e
191f
4100
6901
9102
b903
e104
0905
3106
5907
8108
a909
d10a
f90b
210c
490d
710e
990f
c110
e911
1112
3913
6114
8915
b116
d917
0118
2919
511a
791b
a11c
c91d
f11e
191f
4100
6901
9102
b903
e104
0905
3106
5907
8108
a909
d10a
f90b
210c
490d
710e
990f
c110
e911
1112
3913
6114
8915
b116
d917
0118
2919
511a
791b
a11c
c91d
f11e
191f
4100
6901
9102
b903
e104
0905
3106
5907
8108
a909
d10a
f90b
210c
490d
710e
990f
c110
e911
1112
3913
6114
8915
b116
d917
0179
297a
517b
797c
a17d
c97e
f17f
1960
4161
6962
9163
b964
e165
0966
3167
5968
8169
a96a
d16b
f96c
216d
496e
716f
9970
c171
e972
1173
3974
6175
8976
b177
d978
0179
297a
517b
797c
a17d
c97e
f17f
1960
4161
6962
9163
b964
e165
0966
3167
5968
8169
a96a
d16b
f96c
216d
496e
716f
9970
c171
e972
1173
3974
6175
8976
b177
d978
0179
297a
517b
797c
a17d
c97e
f17f
1960
4161
6962
9163
b964
e165
0966
3167
5968
8169
a96a
d16b
f96c
216d
496e
716f
9970
c171
e972
1173
3974
6175
8976
b177
d978
0179
297a
517b
797c
a17d
c97e
f17f
1960
4161
6962
9163
b964
e165
0966
3167
5968
8169
a96a
d16b
f96c
216d
496e
716f
9970
c171
e972
1173
3974
6175
8976
b177
d978
0179
297a
517b
797c
a17d
c97e
f17f
1960
4161
6962
9163
b964
e165
0966
3167
5968
8169
a96a
d16b
f96c
216d
496e
716f
9970
c171
e972
1173
3974
6175
8976
b177
d978
0179
297a
517b
797c
a17d
c97e
f17f
1960
4161
6962
9163
b964
e165
0966
3167
5968
8169
a96a
d16b
f96c
216d
496e
716f
9970
c171
e972
1173
3974
6175
8976
b177
d978
0179
297a
517b
797c
a17d
c97e
f17f
1960
4161
6962
9163
b964
e165
0966
3167
5968
8169
a96a
d16b
f96c
216d
496e
716f
9970
c171
e972
1173
3974
6175
8976
b177
d978
0179
297a
517b
797c
a17d
c97e
f17f
1960
4161
6962
9163
b964
e165
0966
3167
5968
8169
a96a
d16b
f96c
216d
496e
716f
9970
c171
e972
1173
3974
6175
8976
b177
d978
0179
297a
517b
797c
a17d
c97e
f17f
1960
4161
6962
9163
b964
e165
0966
3167
5968
8169
a96a
d16b
f96c
216d
496e
716f
9970
c171
e972
1173
3974
6175
8976
b177
d978
01da
29db
51dc
79dd
a1de
c9df
f1c0
19c1
41c2
69c3
91c4
b9c5
e1c6
09c7
31c8
59c9
81ca
a9cb
d1cc
f9cd
21ce
49cf
71d0
99d1
c1d2
e9d3
11d4
39d5
61d6
89d7
b1d8
d9d9
01da
29db
51dc
79dd
a1de
c9df
f1c0
19c1
41c2
69c3
91c4
b9c5
e1c6
09c7
31c8
59c9
81ca
a9cb
d1cc
f9cd
21ce
49cf
71d0
99d1
c1d2
e9d3
11d4
39d5
61d6
89d7
b1d8
d9d9
01da
29db
51dc
79dd
a1de
c9df
f1c0
19c1
41c2
69c3
91c4
b9c5
e1c6
09c7
31c8
59c9
81ca
a9cb
d1cc
f9cd
21ce
49cf
71d0
99d1
c1d2
e9d3
11d4
39d5
61d6
89d7
b1d8
d9d9
01da
29db
51dc
79dd
a1de
c9df
f1c0
19c1
41c2
69c3
91c4
b9c5
e1c6
09c7
31c8
59c9
81ca
a9cb
d1cc
f9cd
21ce
49cf
71d0
99d1
c1d2
e9d3
11d4
39d5
61d6
89d7
b1d8
d9d9
01da
29db
51dc
79dd
a1de
c9df
f1c0
19c1
41c2
69c3
91c4
b9c5
e1c6
09c7
31c8
59c9
81ca
a9cb
d1cc
f9cd
21ce
49cf
71d0
99d1
c1d2
e9d3
11d4
39d5
61d6
89d7
b1d8
d9d9
01da
29db
51dc
79dd
a1de
c9df
f1c0
19c1
41c2
69c3
91c4
b9c5
e1c6
09c7
31c8
59c9
81ca
a9cb
d1cc
f9cd
21ce
49cf
71d0
99d1
c1d2
e9d3
11d4
39d5
61d6
89d7
b1d8
d9d9
01da
29db
51dc
79dd
a1de
c9df
f1c0
19c1
41c2
69c3
91c4
b9c5
e1c6
09c7
31c8
59c9
81ca
a9cb
d1cc
f9cd
21ce
49cf
71d0
99d1
c1d2
e9d3
11d4
39d5
61d6
89d7
b1d8
d9d9
01da
29db
51dc
79dd
a1de
c9df
f1c0
19c1
41c2
69c3
91c4
b9c5
e1c6
09c7
31c8
59c9
81ca
a9cb
d1cc
f9cd
21ce
49cf
71d0
99d1
c1d2
e9d3
11d4
39d5
61d6
89d7
b1d8
d9d9
01da
29db
51dc
79dd
a1de
c9df
f1c0
19c1
41c2
69c3
91c4
b9c5
e1c6
09c7
31c8
59c9
81ca
a9cb
d1cc
f9cd
21ce
49cf
71d0
99d1
c1d2
e9d3
11d4
39d5
61d6
89d7
b1d8
d9d9
023b
2a3c
523d
7a3e
a23f
ca20
f221
1a22
4223
6a24
9225
ba26
e227
0a28
3229
5a2a
822b
aa2c
d22d
fa2e
222f
4a30
7231
9a32
c233
ea34
1235
3a36
6237
8a38
b239
da3a
023b
2a3c
523d
7a3e
a23f
ca20
f221
1a22
4223
6a24
9225
ba26
e227
0a28
3229
5a2a
822b
aa2c
d22d
fa2e
222f
4a30
7231
9a32
c233
ea34
1235
3a36
6237
8a38
b239
da3a
023b
2a3c
523d
7a3e
a23f
ca20
f221
1a22
4223
6a24
9225
ba26
e227
0a28
3229
5a2a
822b
aa2c
d22d
fa2e
222f
4a30
7231
9a32
c233
ea34
1235
3a36
6237
8a38
b239
da3a
023b
2a3c
523d
7a3e
a23f
ca20
f221
1a22
4223
6a24
9225
ba26
e227
0a28
3229
5a2a
822b
aa2c
d22d
fa2e
222f
4a30
7231
9a32
c233
ea34
1235
3a36
6237
8a38
b239
da3a
023b
2a3c
523d
7a3e
a23f
ca20
f221
1a22
4223
6a24
9225
ba26
e227
0a28
3229
5a2a
822b
aa2c
d22d
fa2e
222f
4a30
7231
9a32
c233
ea34
1235
3a36
6237
8a38
b239
da3a
023b
2a3c
523d
7a3e
a23f
ca20
f221
1a22
4223
6a24
9225
ba26
e227
0a28
3229
5a2a
822b
aa2c
d22d
fa2e
222f
4a30
7231
9a32
c233
ea34
1235
3a36
6237
8a38
b239
da3a
023b
2a3c
523d
7a3e
a23f
ca20
f221
1a22
4223
6a24
9225
ba26
e227
0a28
3229
5a2a
822b
aa2c
d22d
fa2e
222f
4a30
7231
9a32
c233
ea34
1235
3a36
6237
8a38
b239
da3a
023b
2a3c
523d
7a3e
a23f
ca20
f221
1a22
4223
6a24
9225
ba26
e227
0a28
3229
5a2a
822b
aa2c
d22d
fa2e
222f
4a30
7231
9a32
c233
ea34
1235
3a36
6237
8a38
b239
da3a
023b
2a3c
523d
7a3e
a23f
ca20
f221
1a22
4223
6a24
9225
ba26
e227
0a28
3229
5a2a
822b
aa2c
d22d
fa2e
222f
4a30
7231
9a32
c233
ea34
1235
3a36
6237
8a38
b239
da3a
029c
2a9d
529e
7a9f
a280
ca81
f282
1a83
4284
6a85
9286
ba87
e288
0a89
328a
5a8b
828c
aa8d
d28e
fa8f
2290
4a91
7292
9a93
c294
ea95
1296
3a97
6298
8a99
b29a
da9b
029c
2a9d
529e
7a9f
a280
ca81
f282
1a83
4284
6a85
9286
ba87
e288
0a89
328a
5a8b
828c
aa8d
d28e
fa8f
2290
4a91
7292
9a93
c294
ea95
1296
3a97
6298
8a99
b29a
da9b
029c
2a9d
529e
7a9f
a280
ca81
f282
1a83
4284
6a85
9286
ba87
e288
0a89
328a
5a8b
828c
aa8d
d28e
fa8f
2290
4a91
7292
9a93
c294
ea95
1296
3a97
6298
8a99
b29a
da9b
029c
2a9d
529e
7a9f
a280
ca81
f282
1a83
4284
6a85
9286
ba87
e288
0a89
328a
5a8b
828c
aa8d
d28e
fa8f
2290
4a91
7292
9a93
c294
ea95
1296
3a97
6298
8a99
b29a
da9b
029c
2a9d
529e
7a9f
a280
ca81
f282
1a83
4284
6a85
9286
ba87
e288
0a89
328a
5a8b
828c
aa8d
d28e
fa8f
2290
4a91
7292
9a93
c294
ea95
1296
3a97
6298
8a99
b29a
da9b
029c
2a9d
529e
7a9f
a280
ca81
f282
1a83
4284
6a85
9286
ba87
e288
0a89
328a
5a8b
828c
aa8d
d28e
fa8f
2290
4a91
7292
9a93
c294
ea95
1296
3a97
6298
8a99
b29a
da9b
029c
2a9d
529e
7a9f
a280
ca81
f282
1a83
4284
6a85
9286
ba87
e288
0a89
328a
5a8b
828c
aa8d
d28e
fa8f
2290
4a91
7292
9a93
c294
ea95
1296
3a97
6298
8a99
b29a
da9b
029c
2a9d
529e
7a9f
a280
ca81
f282
1a83
4284
6a85
9286
ba87
e288
0a89
328a
5a8b
828c
aa8d
d28e
fa8f
2290
4a91
7292
9a93
c294
ea95
1296
3a97
6298
8a99
b29a
da9b
029c
2a9d
529e
7a9f
a280
ca81
f282
1a83
4284
6a85
9286
ba87
e288
0a89
328a
5a8b
828c
aa8d
d28e
fa8f
2290
4a91
7292
9a93
c294
ea95
1296
3a97
6298
8a99
b29a
da9b
02fd
2afe
52ff
7ae0
a2e1
cae2
f2e3
1ae4
42e5
6ae6
92e7
bae8
e2e9
0aea
32eb
5aec
82ed
aaee
d2ef
faf0
22f1
4af2
72f3
9af4
c2f5
eaf6
12f7
3af8
62f9
8afa
b2fb
dafc
02fd
2afe
52ff
7ae0
a2e1
cae2
f2e3
1ae4
42e5
6ae6
92e7
bae8
e2e9
0aea
32eb
5aec
82ed
aaee
d2ef
faf0
22f1
4af2
72f3
9af4
c2f5
eaf6
12f7
3af8
62f9
8afa
b2fb
dafc
02fd
2afe
52ff
7ae0
a2e1
cae2
f2e3
1ae4
42e5
6ae6
92e7
bae8
e2e9
0aea
32eb
5aec
82ed
aaee
d2ef
faf0
22f1
4af2
72f3
9af4
c2f5
eaf6
12f7
3af8
62f9
8afa
b2fb
dafc
02fd
2afe
52ff
7ae0
a2e1
cae2
f2e3
1ae4
42e5
6ae6
92e7
bae8
e2e9
0aea
32eb
5aec
82ed
aaee
d2ef
faf0
22f1
4af2
72f3
9af4
c2f5
eaf6
12f7
3af8
62f9
8afa
b2fb
dafc
02fd
2afe
52ff
7ae0
a2e1
cae2
f2e3
1ae4
42e5
6ae6
92e7
bae8
e2e9
0aea
32eb
5aec
82ed
aaee
d2ef
faf0
22f1
4af2
72f3
9af4
c2f5
eaf6
12f7
3af8
62f9
8afa
b2fb
dafc
02fd
2afe
52ff
7ae0
a2e1
cae2
f2e3
1ae4
42e5
6ae6
92e7
bae8
e2e9
0aea
32eb
5aec
82ed
aaee
d2ef
faf0
22f1
4af2
72f3
9af4
c2f5
eaf6
12f7
3af8
62f9
8afa
b2fb
dafc
02fd
2afe
52ff
7ae0
a2e1
cae2
f2e3
1ae4
42e5
6ae6
92e7
bae8
e2e9
0aea
32eb
5aec
82ed
aaee
d2ef
faf0
22f1
4af2
72f3
9af4
c2f5
eaf6
12f7
3af8
62f9
8afa
b2fb
dafc
02fd
2afe
52ff
7ae0
a2e1
cae2
f2e3
1ae4
42e5
6ae6
92e7
bae8
e2e9
0aea
32eb
5aec
82ed
aaee
d2ef
faf0
22f1
4af2
72f3
9af4
c2f5
eaf6
12f7
3af8
62f9
8afa
b2fb
dafc
02fd
2afe
52ff
7ae0
a2e1
cae2
f2e3
1ae4
42e5
6ae6
92e7
bae8
e2e9
0aea
32eb
5aec
82ed
aaee
d2ef
faf0
22f1
4af2
72f3
9af4
c2f5
eaf6
12f7
3af8
62f9
8afa
b2fb
dafc
035e
2b5f
5340
7b41
a342
cb43
f344
1b45
4346
6b47
9348
bb49
e34a
0b4b
334c
5b4d
834e
ab4f
d350
fb51
2352
4b53
7354
9b55
c356
eb57
1358
3b59
635a
8b5b
b35c
db5d
035e
2b5f
5340
7b41
a342
cb43
f344
1b45
4346
6b47
9348
bb49
e34a
0b4b
334c
5b4d
834e
ab4f
d350
fb51
2352
4b53
7354
9b55
c356
eb57
1358
3b59
635a
8b5b
b35c
db5d
035e
2b5f
5340
7b41
a342
cb43
f344
1b45
4346
6b47
9348
bb49
e34a
0b4b
334c
5b4d
834e
ab4f
d350
fb51
2352
4b53
7354
9b55
c356
eb57
1358
3b59
635a
8b5b
b35c
db5d
035e
2b5f
5340
7b41
a342
cb43
f344
1b45
4346
6b47
9348
bb49
e34a
0b4b
334c
5b4d
834e
ab4f
d350
fb51
2352
4b53
7354
9b55
c356
eb57
1358
3b59
635a
8b5b
b35c
db5d
035e
2b5f
5340
7b41
a342
cb43
f344
1b45
4346
6b47
9348
bb49
e34a
0b4b
334c
5b4d
834e
ab4f
d350
fb51
2352
4b53
7354
9b55
c356
eb57
1358
3b59
635a
8b5b
b35c
db5d
035e
2b5f
5340
7b41
a342
cb43
f344
1b45
4346
6b47
9348
bb49
e34a
0b4b
334c
5b4d
834e
ab4f
d350
fb51
2352
4b53
7354
9b55
c356
eb57
1358
3b59
635a
8b5b
b35c
db5d
035e
2b5f
5340
7b41
a342
cb43
f344
1b45
4346
6b47
9348
bb49
e34a
0b4b
334c
5b4d
834e
ab4f
d350
fb51
2352
4b53
7354
9b55
c356
eb57
1358
3b59
635a
8b5b
b35c
db5d
035e
2b5f
5340
7b41
a342
cb43
f344
1b45
4346
6b47
9348
bb49
e34a
0b4b
334c
5b4d
834e
ab4f
d350
fb51
2352
4b53
7354
9b55
c356
eb57
1358
3b59
635a
8b5b
b35c
db5d
035e
2b5f
5340
7b41
a342
cb43
f344
1b45
4346
6b47
9348
bb49
e34a
0b4b
334c
5b4d
834e
ab4f
d350
fb51
2352
4b53
7354
9b55
c356
eb57
1358
3b59
635a
8b5b
b35c
db5d
03bf
2ba0
53a1
7ba2
a3a3
cba4
f3a5
1ba6
43a7
6ba8
93a9
bbaa
e3ab
0bac
33ad
5bae
83af
abb0
d3b1
fbb2
23b3
4bb4
73b5
9bb6
c3b7
ebb8
13b9
3bba
63bb
8bbc
b3bd
dbbe
03bf
2ba0
53a1
7ba2
a3a3
cba4
f3a5
1ba6
43a7
6ba8
93a9
bbaa
e3ab
0bac
33ad
5bae
83af
abb0
d3b1
fbb2
23b3
4bb4
73b5
9bb6
c3b7
ebb8
13b9
3bba
63bb
8bbc
b3bd
dbbe
03bf
2ba0
53a1
7ba2
a3a3
cba4
f3a5
1ba6
43a7
6ba8
93a9
bbaa
e3ab
0bac
33ad
5bae
83af
abb0
d3b1
fbb2
23b3
4bb4
73b5
9bb6
c3b7
ebb8
13b9
3bba
63bb
8bbc
b3bd
dbbe
03bf
2ba0
53a1
7ba2
a3a3
cba4
f3a5
1ba6
43a7
6ba8
93a9
bbaa
e3ab
0bac
33ad
5bae
83af
abb0
d3b1
fbb2
23b3
4bb4
73b5
9bb6
c3b7
ebb8
13b9
3bba
63bb
8bbc
b3bd
dbbe
03bf
2ba0
53a1
7ba2
a3a3
cba4
f3a5
1ba6
43a7
6ba8
93a9
bbaa
e3ab
0bac
33ad
5bae
83af
abb0
d3b1
fbb2
23b3
4bb4
73b5
9bb6
c3b7
ebb8
13b9
3bba
63bb
8bbc
b3bd
dbbe
03bf
2ba0
53a1
7ba2
a3a3
cba4
f3a5
1ba6
43a7
6ba8
93a9
bbaa
e3ab
0bac
33ad
5bae
83af
abb0
d3b1
fbb2
23b3
4bb4
73b5
9bb6
c3b7
ebb8
13b9
3bba
63bb
8bbc
b3bd
dbbe
03bf
2ba0
53a1
7ba2
a3a3
cba4
f3a5
1ba6
43a7
6ba8
93a9
bbaa
e3ab
0bac
33ad
5bae
83af
abb0
d3b1
fbb2
23b3
4bb4
73b5
9bb6
c3b7
ebb8
13b9
3bba
63bb
8bbc
b3bd
dbbe
03bf
2ba0
53a1
7ba2
a3a3
cba4
f3a5
1ba6
43a7
6ba8
93a9
bbaa
e3ab
0bac
33ad
5bae
83af
abb0
d3b1
fbb2
23b3
4bb4
73b5
9bb6
c3b7
ebb8
13b9
3bba
63bb
8bbc
b3bd
dbbe
03bf
2ba0
53a1
7ba2
a3a3
cba4
f3a5
1ba6
43a7
6ba8
93a9
bbaa
e3ab
0bac
33ad
5bae
83af
abb0
d3b1
fbb2
23b3
4bb4
73b5
9bb6
c3b7
ebb8
13b9
3bba
63bb
8bbc
b3bd
dbbe
0400
2c01
5402
7c03
a404
cc05
f406
1c07
4408
6c09
940a
bc0b
e40c
0c0d
340e
5c0f
8410
ac11
d412
fc13
2414
4c15
7416
9c17
c418
ec19
141a
3c1b
641c
8c1d
b41e
dc1f
0400
2c01
5402
7c03
a404
cc05
f406
1c07
4408
6c09
940a
bc0b
e40c
0c0d
340e
5c0f
8410
ac11
d412
fc13
2414
4c15
7416
9c17
c418
ec19
141a
3c1b
641c
8c1d
b41e
dc1f
0400
2c01
5402
7c03
a404
cc05
f406
1c07
4408
6c09
940a
bc0b
e40c
0c0d
340e
5c0f
8410
ac11
d412
fc13
2414
4c15
7416
9c17
c418
ec19
141a
3c1b
641c
8c1d
b41e
dc1f
0400
2c01
5402
7c03
a404
cc05
f406
1c07
4408
6c09
940a
bc0b
e40c
0c0d
340e
5c0f
8410
ac11
d412
fc13
2414
4c15
7416
9c17
c418
ec19
141a
3c1b
641c
8c1d
b41e
dc1f
0400
2c01
5402
7c03
a404
cc05
f406
1c07
4408
6c09
940a
bc0b
e40c
0c0d
340e
5c0f
8410
ac11
d412
fc13
2414
4c15
7416
9c17
c418
ec19
141a
3c1b
641c
8c1d
b41e
dc1f
0400
2c01
5402
7c03
a404
cc05
f406
1c07
4408
6c09
940a
bc0b
e40c
0c0d
340e
5c0f
8410
ac11
d412
fc13
2414
4c15
7416
9c17
c418
ec19
141a
3c1b
641c
8c1d
b41e
dc1f
0400
2c01
5402
7c03
a404
cc05
f406
1c07
4408
6c09
940a
bc0b
e40c
0c0d
340e
5c0f
8410
ac11
d412
fc13
2414
4c15
7416
9c17
c418
ec19
141a
3c1b
641c
8c1d
b41e
dc1f
0400
2c01
5402
7c03
a404
cc05
f406
1c07
4408
6c09
940a
bc0b
e40c
0c0d
340e
5c0f
8410
ac11
d412
fc13
2414
4c15
7416
9c17
c418
ec19
141a
3c1b
641c
8c1d
b41e
dc1f
0400
2c01
5402
7c03
a404
cc05
f406
1c07
4408
6c09
940a
bc0b
e40c
0c0d
340e
5c0f
8410
ac11
d412
fc13
2414
4c15
7416
9c17
c418
ec19
141a
3c1b
641c
8c1d
b41e
dc1f
0461
2c62
5463
7c64
a465
cc66
f467
1c68
4469
6c6a
946b
bc6c
e46d
0c6e
346f
5c70
8471
ac72
d473
fc74
2475
4c76
7477
9c78
c479
ec7a
147b
3c7c
647d
8c7e
b47f
dc60
0461
2c62
5463
7c64
a465
cc66
f467
1c68
4469
6c6a
946b
bc6c
e46d
0c6e
346f
5c70
8471
ac72
d473
fc74
2475
4c76
7477
9c78
c479
ec7a
147b
3c7c
647d
8c7e
b47f
dc60
0461
2c62
5463
7c64
a465
cc66
f467
1c68
4469
6c6a
946b
bc6c
e46d
0c6e
346f
5c70
8471
ac72
d473
fc74
2475
4c76
7477
9c78
c479
ec7a
147b
3c7c
647d
8c7e
b47f
dc60
0461
2c62
5463
7c64
a465
cc66
f467
1c68
4469
6c6a
946b
bc6c
e46d
0c6e
346f
5c70
8471
ac72
d473
fc74
2475
4c76
7477
9c78
c479
ec7a
147b
3c7c
647d
8c7e
b47f
dc60
0461
2c62
5463
7c64
a465
cc66
f467
1c68
4469
6c6a
946b
bc6c
e46d
0c6e
346f
5c70
8471
ac72
d473
fc74
2475
4c76
7477
9c78
c479
ec7a
147b
3c7c
647d
8c7e
b47f
dc60
0461
2c62
5463
7c64
a465
cc66
f467
1c68
4469
6c6a
946b
bc6c
e46d
0c6e
346f
5c70
8471
ac72
d473
fc74
2475
4c76
7477
9c78
c479
ec7a
147b
3c7c
647d
8c7e
b47f
dc60
0461
2c62
5463
7c64
a465
cc66
f467
1c68
4469
6c6a
946b
bc6c
e46d
0c6e
346f
5c70
8471
ac72
d473
fc74
2475
4c76
7477
9c78
c479
ec7a
147b
3c7c
647d
8c7e
b47f
dc60
0461
2c62
5463
7c64
a465
cc66
f467
1c68
4469
6c6a
946b
bc6c
e46d
0c6e
346f
5c70
8471
ac72
d473
fc74
2475
4c76
7477
9c78
c479
ec7a
147b
3c7c
647d
8c7e
b47f
dc60
0461
2c62
5463
7c64
a465
cc66
f467
1c68
4469
6c6a
946b
bc6c
e46d
0c6e
346f
5c70
8471
ac72
d473
fc74
2475
4c76
7477
9c78
c479
ec7a
147b
3c7c
647d
8c7e
b47f
dc60
04c2
2cc3
54c4
7cc5
a4c6
ccc7
f4c8
1cc9
44ca
6ccb
94cc
bccd
e4ce
0ccf
34d0
5cd1
84d2
acd3
d4d4
fcd5
24d6
4cd7
74d8
9cd9
c4da
ecdb
14dc
3cdd
64de
8cdf
b4c0
dcc1
04c2
2cc3
54c4
7cc5
a4c6
ccc7
f4c8
1cc9
44ca
6ccb
94cc
bccd
e4ce
0ccf
34d0
5cd1
84d2
acd3
d4d4
fcd5
24d6
4cd7
74d8
9cd9
c4da
ecdb
14dc
3cdd
64de
8cdf
b4c0
dcc1
04c2
2cc3
54c4
7cc5
a4c6
ccc7
f4c8
1cc9
44ca
6ccb
94cc
bccd
e4ce
0ccf
34d0
5cd1
84d2
acd3
d4d4
fcd5
24d6
4cd7
74d8
9cd9
c4da
ecdb
14dc
3cdd
64de
8cdf
b4c0
dcc1
04c2
2cc3
54c4
7cc5
a4c6
ccc7
f4c8
1cc9
44ca
6ccb
94cc
bccd
e4ce
0ccf
34d0
5cd1
84d2
acd3
d4d4
fcd5
24d6
4cd7
74d8
9cd9
c4da
ecdb
14dc
3cdd
64de
8cdf
b4c0
dcc1
04c2
2cc3
54c4
7cc5
a4c6
ccc7
f4c8
1cc9
44ca
6ccb
94cc
bccd
e4ce
0ccf
34d0
5cd1
84d2
acd3
d4d4
fcd5
24d6
4cd7
74d8
9cd9
c4da
ecdb
14dc
3cdd
64de
8cdf
b4c0
dcc1
04c2
2cc3
54c4
7cc5
a4c6
ccc7
f4c8
1cc9
44ca
6ccb
94cc
bccd
e4ce
0ccf
34d0
5cd1
84d2
acd3
d4d4
fcd5
24d6
4cd7
74d8
9cd9
c4da
ecdb
14dc
3cdd
64de
8cdf
b4c0
dcc1
04c2
2cc3
54c4
7cc5
a4c6
ccc7
f4c8
1cc9
44ca
6ccb
94cc
bccd
e4ce
0ccf
34d0
5cd1
84d2
acd3
d4d4
fcd5
24d6
4cd7
74d8
9cd9
c4da
ecdb
14dc
3cdd
64de
8cdf
b4c0
dcc1
04c2
2cc3
54c4
7cc5
a4c6
ccc7
f4c8
1cc9
44ca
6ccb
94cc
bccd
e4ce
0ccf
34d0
5cd1
84d2
acd3
d4d4
fcd5
24d6
4cd7
74d8
9cd9
c4da
ecdb
14dc
3cdd
64de
8cdf
b4c0
dcc1
04c2
2cc3
54c4
7cc5
a4c6
ccc7
f4c8
1cc9
44ca
6ccb
94cc
bccd
e4ce
0ccf
34d0
5cd1
84d2
acd3
d4d4
fcd5
24d6
4cd7
74d8
9cd9
c4da
ecdb
14dc
3cdd
64de
8cdf
b4c0
dcc1
0523
2d24
5525
7d26
a527
cd28
f529
1d2a
452b
6d2c
952d
bd2e
e52f
0d30
3531
5d32
8533
ad34
d535
fd36
2537
4d38
7539
9d3a
c53b
ed3c
153d
3d3e
653f
8d20
b521
dd22
0523
2d24
5525
7d26
a527
cd28
f529
1d2a
452b
6d2c
952d
bd2e
e52f
0d30
3531
5d32
8533
ad34
d535
fd36
2537
4d38
7539
9d3a
c53b
ed3c
153d
3d3e
653f
8d20
b521
dd22
0523
2d24
5525
7d26
a527
cd28
f529
1d2a
452b
6d2c
952d
bd2e
e52f
0d30
3531
5d32
8533
ad34
d535
fd36
2537
4d38
7539
9d3a
c53b
ed3c
153d
3d3e
653f
8d20
b521
dd22
0523
2d24
5525
7d26
a527
cd28
f529
1d2a
452b
6d2c
952d
bd2e
e52f
0d30
3531
5d32
8533
ad34
d535
fd36
2537
4d38
7539
9d3a
c53b
ed3c
153d
3d3e
653f
8d20
b521
dd22
0523
2d24
5525
7d26
a527
cd28
f529
1d2a
452b
6d2c
952d
bd2e
e52f
0d30
3531
5d32
8533
ad34
d535
fd36
2537
4d38
7539
9d3a
c53b
ed3c
153d
3d3e
653f
8d20
b521
dd22
0523
2d24
5525
7d26
a527
cd28
f529
1d2a
452b
6d2c
952d
bd2e
e52f
0d30
3531
5d32
8533
ad34
d535
fd36
2537
4d38
7539
9d3a
c53b
ed3c
153d
3d3e
653f
8d20
b521
dd22
0523
2d24
5525
7d26
a527
cd28
f529
1d2a
452b
6d2c
952d
bd2e
e52f
0d30
3531
5d32
8533
ad34
d535
fd36
2537
4d38
7539
9d3a
c53b
ed3c
153d
3d3e
653f
8d20
b521
dd22
0523
2d24
5525
7d26
a527
cd28
f529
1d2a
452b
6d2c
952d
bd2e
e52f
0d30
3531
5d32
8533
ad34
d535
fd36
2537
4d38
7539
9d3a
c53b
ed3c
153d
3d3e
653f
8d20
b521
dd22
0523
2d24
5525
7d26
a527
cd28
f529
1d2a
452b
6d2c
952d
bd2e
e52f
0d30
3531
5d32
8533
ad34
d535
fd36
2537
4d38
7539
9d3a
c53b
ed3c
153d
3d3e
653f
8d20
b521
dd22
0584
2d85
5586
7d87
a588
cd89
f58a
1d8b
458c
6d8d
958e
bd8f
e590
0d91
3592
5d93
8594
ad95
d596
fd97
2598
4d99
759a
9d9b
c59c
ed9d
159e
3d9f
6580
8d81
b582
dd83
0584
2d85
5586
7d87
a588
cd89
f58a
1d8b
458c
6d8d
958e
bd8f
e590
0d91
3592
5d93
8594
ad95
d596
fd97
2598
4d99
759a
9d9b
c59c
ed9d
159e
3d9f
6580
8d81
b582
dd83
0584
2d85
5586
7d87
a588
cd89
f58a
1d8b
458c
6d8d
958e
bd8f
e590
0d91
3592
5d93
8594
ad95
d596
fd97
2598
4d99
759a
9d9b
c59c
ed9d
159e
3d9f
6580
8d81
b582
dd83
0584
2d85
5586
7d87
a588
cd89
f58a
1d8b
458c
6d8d
958e
bd8f
e590
0d91
3592
5d93
8594
ad95
d596
fd97
2598
4d99
759a
9d9b
c59c
ed9d
159e
3d9f
6580
8d81
b582
dd83
0584
2d85
5586
7d87
a588
cd89
f58a
1d8b
458c
6d8d
958e
bd8f
e590
0d91
3592
5d93
8594
ad95
d596
fd97
2598
4d99
759a
9d9b
c59c
ed9d
159e
3d9f
6580
8d81
b582
dd83
0584
2d85
5586
7d87
a588
cd89
f58a
1d8b
458c
6d8d
958e
bd8f
e590
0d91
3592
5d93
8594
ad95
d596
fd97
2598
4d99
759a
9d9b
c59c
ed9d
159e
3d9f
6580
8d81
b582
dd83
0584
2d85
5586
7d87
a588
cd89
f58a
1d8b
458c
6d8d
958e
bd8f
e590
0d91
3592
5d93
8594
ad95
d596
fd97
2598
4d99
759a
9d9b
c59c
ed9d
159e
3d9f
6580
8d81
b582
dd83
0584
2d85
5586
7d87
a588
cd89
f58a
1d8b
458c
6d8d
958e
bd8f
e590
0d91
3592
5d93
8594
ad95
d596
fd97
2598
4d99
759a
9d9b
c59c
ed9d
159e
3d9f
6580
8d81
b582
dd83
0584
2d85
5586
7d87
a588
cd89
f58a
1d8b
458c
6d8d
958e
bd8f
e590
0d91
3592
5d93
8594
ad95
d596
fd97
2598
4d99
759a
9d9b
c59c
ed9d
159e
3d9f
6580
8d81
b582
dd83
05e5
2de6
55e7
7de8
a5e9
cdea
f5eb
1dec
45ed
6dee
95ef
bdf0
e5f1
0df2
35f3
5df4
85f5
adf6
d5f7
fdf8
25f9
4dfa
75fb
9dfc
c5fd
edfe
15ff
3de0
65e1
8de2
b5e3
dde4
05e5
2de6
55e7
7de8
a5e9
cdea
f5eb
1dec
45ed
6dee
95ef
bdf0
e5f1
0df2
35f3
5df4
85f5
adf6
d5f7
fdf8
25f9
4dfa
75fb
9dfc
c5fd
edfe
15ff
3de0
65e1
8de2
b5e3
dde4
05e5
2de6
55e7
7de8
a5e9
cdea
f5eb
1dec
45ed
6dee
95ef
bdf0
e5f1
0df2
35f3
5df4
85f5
adf6
d5f7
fdf8
25f9
4dfa
75fb
9dfc
c5fd
edfe
15ff
3de0
65e1
8de2
b5e3
dde4
05e5
2de6
55e7
7de8
a5e9
cdea
f5eb
1dec
45ed
6dee
95ef
bdf0
e5f1
0df2
35f3
5df4
85f5
adf6
d5f7
fdf8
25f9
4dfa
75fb
9dfc
c5fd
edfe
15ff
3de0
65e1
8de2
b5e3
dde4
05e5
2de6
55e7
7de8
a5e9
cdea
f5eb
1dec
45ed
6dee
95ef
bdf0
e5f1
0df2
35f3
5df4
85f5
adf6
d5f7
fdf8
25f9
4dfa
75fb
9dfc
c5fd
edfe
15ff
3de0
65e1
8de2
b5e3
dde4
05e5
2de6
55e7
7de8
a5e9
cdea
f5eb
1dec
45ed
6dee
95ef
bdf0
e5f1
0df2
35f3
5df4
85f5
adf6
d5f7
fdf8
25f9
4dfa
75fb
9dfc
c5fd
edfe
15ff
3de0
65e1
8de2
b5e3
dde4
05e5
2de6
55e7
7de8
a5e9
cdea
f5eb
1dec
45ed
6dee
95ef
bdf0
e5f1
0df2
35f3
5df4
85f5
adf6
d5f7
fdf8
25f9
4dfa
75fb
9dfc
c5fd
edfe
15ff
3de0
65e1
8de2
b5e3
dde4
05e5
2de6
55e7
7de8
a5e9
cdea
f5eb
1dec
45ed
6dee
95ef
bdf0
e5f1
0df2
35f3
5df4
85f5
adf6
d5f7
fdf8
25f9
4dfa
75fb
9dfc
c5fd
edfe
15ff
3de0
65e1
8de2
b5e3
dde4
05e5
2de6
55e7
7de8
a5e9
cdea
f5eb
1dec
45ed
6dee
95ef
bdf0
e5f1
0df2
35f3
5df4
85f5
adf6
d5f7
fdf8
25f9
4dfa
75fb
9dfc
c5fd
edfe
15ff
3de0
65e1
8de2
b5e3
dde4
0646
2e47
5648
7e49
a64a
ce4b
f64c
1e4d
464e
6e4f
9650
be51
e652
0e53
3654
5e55
8656
ae57
d658
fe59
265a
4e5b
765c
9e5d
c65e
ee5f
1640
3e41
6642
8e43
b644
de45
0646
2e47
5648
7e49
a64a
ce4b
f64c
1e4d
464e
6e4f
9650
be51
e652
0e53
3654
5e55
8656
ae57
d658
fe59
265a
4e5b
765c
9e5d
c65e
ee5f
1640
3e41
6642
8e43
b644
de45
0646
2e47
5648
7e49
a64a
ce4b
f64c
1e4d
464e
6e4f
9650
be51
e652
0e53
3654
5e55
8656
ae57
d658
fe59
265a
4e5b
765c
9e5d
c65e
ee5f
1640
3e41
6642
8e43
b644
de45
0646
2e47
5648
7e49
a64a
ce4b
f64c
1e4d
464e
6e4f
9650
be51
e652
0e53
3654
5e55
8656
ae57
d658
fe59
265a
4e5b
765c
9e5d
c65e
ee5f
1640
3e41
6642
8e43
b644
de45
0646
2e47
5648
7e49
a64a
ce4b
f64c
1e4d
464e
6e4f
9650
be51
e652
0e53
3654
5e55
8656
ae57
d658
fe59
265a
4e5b
765c
9e5d
c65e
ee5f
1640
3e41
6642
8e43
b644
de45
0646
2e47
5648
7e49
a64a
ce4b
f64c
1e4d
464e
6e4f
9650
be51
e652
0e53
3654
5e55
8656
ae57
d658
fe59
265a
4e5b
765c
9e5d
c65e
ee5f
1640
3e41
6642
8e43
b644
de45
0646
2e47
5648
7e49
a64a
ce4b
f64c
1e4d
464e
6e4f
9650
be51
e652
0e53
3654
5e55
8656
ae57
d658
fe59
265a
4e5b
765c
9e5d
c65e
ee5f
1640
3e41
6642
8e43
b644
de45
0646
2e47
5648
7e49
a64a
ce4b
f64c
1e4d
464e
6e4f
9650
be51
e652
0e53
3654
5e55
8656
ae57
d658
fe59
265a
4e5b
765c
9e5d
c65e
ee5f
1640
3e41
6642
8e43
b644
de45
0646
2e47
5648
7e49
a64a
ce4b
f64c
1e4d
464e
6e4f
9650
be51
e652
0e53
3654
5e55
8656
ae57
d658
fe59
265a
4e5b
765c
9e5d
c65e
ee5f
1640
3e41
6642
8e43
b644
de45
06a7
2ea8
56a9
7eaa
a6ab
ceac
f6ad
1eae
46af
6eb0
96b1
beb2
e6b3
0eb4
36b5
5eb6
86b7
aeb8
d6b9
feba
26bb
4ebc
76bd
9ebe
c6bf
eea0
16a1
3ea2
66a3
8ea4
b6a5
dea6
06a7
2ea8
56a9
7eaa
a6ab
ceac
f6ad
1eae
46af
6eb0
96b1
beb2
e6b3
0eb4
36b5
5eb6
86b7
aeb8
d6b9
feba
26bb
4ebc
76bd
9ebe
c6bf
eea0
16a1
3ea2
66a3
8ea4
b6a5
dea6
06a7
2ea8
56a9
7eaa
a6ab
ceac
f6ad
1eae
46af
6eb0
96b1
beb2
e6b3
0eb4
36b5
5eb6
86b7
aeb8
d6b9
feba
26bb
4ebc
76bd
9ebe
c6bf
eea0
16a1
3ea2
66a3
8ea4
b6a5
dea6
06a7
2ea8
56a9
7eaa
a6ab
ceac
f6ad
1eae
46af
6eb0
96b1
beb2
e6b3
0eb4
36b5
5eb6
86b7
aeb8
d6b9
feba
26bb
4ebc
76bd
9ebe
c6bf
eea0
16a1
3ea2
66a3
8ea4
b6a5
dea6
06a7
2ea8
56a9
7eaa
a6ab
ceac
f6ad
1eae
46af
6eb0
96b1
beb2
e6b3
0eb4
36b5
5eb6
86b7
aeb8
d6b9
feba
26bb
4ebc
76bd
9ebe
c6bf
eea0
16a1
3ea2
66a3
8ea4
b6a5
dea6
06a7
2ea8
56a9
7eaa
a6ab
ceac
f6ad
1eae
46af
6eb0
96b1
beb2
e6b3
0eb4
36b5
5eb6
86b7
aeb8
d6b9
feba
26bb
4ebc
76bd
9ebe
c6bf
eea0
16a1
3ea2
66a3
8ea4
b6a5
dea6
06a7
2ea8
56a9
7eaa
a6ab
ceac
f6ad
1eae
46af
6eb0
96b1
beb2
e6b3
0eb4
36b5
5eb6
86b7
aeb8
d6b9
feba
26bb
4ebc
76bd
9ebe
c6bf
eea0
16a1
3ea2
66a3
8ea4
b6a5
dea6
06a7
2ea8
56a9
7eaa
a6ab
ceac
f6ad
1eae
46af
6eb0
96b1
beb2
e6b3
0eb4
36b5
5eb6
86b7
aeb8
d6b9
feba
26bb
4ebc
76bd
9ebe
c6bf
eea0
16a1
3ea2
66a3
8ea4
b6a5
dea6
06a7
2ea8
56a9
7eaa
a6ab
ceac
f6ad
1eae
46af
6eb0
96b1
beb2
e6b3
0eb4
36b5
5eb6
86b7
aeb8
d6b9
feba
26bb
4ebc
76bd
9ebe
c6bf
eea0
16a1
3ea2
66a3
8ea4
b6a5
dea6
0708
2f09
570a
7f0b
a70c
cf0d
f70e
1f0f
4710
6f11
9712
bf13
e714
0f15
3716
5f17
8718
af19
d71a
ff1b
271c
4f1d
771e
9f1f
c700
ef01
1702
3f03
6704
8f05
b706
df07
0708
2f09
570a
7f0b
a70c
cf0d
f70e
1f0f
4710
6f11
9712
bf13
e714
0f15
3716
5f17
8718
af19
d71a
ff1b
271c
4f1d
771e
9f1f
c700
ef01
1702
3f03
6704
8f05
b706
df07
0708
2f09
570a
7f0b
a70c
cf0d
f70e
1f0f
4710
6f11
9712
bf13
e714
0f15
3716
5f17
8718
af19
d71a
ff1b
271c
4f1d
771e
9f1f
c700
ef01
1702
3f03
6704
8f05
b706
df07
0708
2f09
570a
7f0b
a70c
cf0d
f70e
1f0f
4710
6f11
9712
bf13
e714
0f15
3716
5f17
8718
af19
d71a
ff1b
271c
4f1d
771e
9f1f
c700
ef01
1702
3f03
6704
8f05
b706
df07
0708
2f09
570a
7f0b
a70c
cf0d
f70e
1f0f
4710
6f11
9712
bf13
e714
0f15
3716
5f17
8718
af19
d71a
ff1b
271c
4f1d
771e
9f1f
c700
ef01
1702
3f03
6704
8f05
b706
df07
0708
2f09
570a
7f0b
a70c
cf0d
f70e
1f0f
4710
6f11
9712
bf13
e714
0f15
3716
5f17
8718
af19
d71a
ff1b
271c
4f1d
771e
9f1f
c700
ef01
1702
3f03
6704
8f05
b706
df07
0708
2f09
570a
7f0b
a70c
cf0d
f70e
1f0f
4710
6f11
9712
bf13
e714
0f15
3716
5f17
8718
af19
d71a
ff1b
271c
4f1d
771e
9f1f
c700
ef01
1702
3f03
6704
8f05
b706
df07
0708
2f09
570a
7f0b
a70c
cf0d
f70e
1f0f
4710
6f11
9712
bf13
e714
0f15
3716
5f17
8718
af19
d71a
ff1b
271c
4f1d
771e
9f1f
c700
ef01
1702
3f03
6704
8f05
b706
df07
0708
2f09
570a
7f0b
a70c
cf0d
f70e
1f0f
4710
6f11
9712
bf13
e714
0f15
3716
5f17
8718
af19
d71a
ff1b
271c
4f1d
771e
9f1f
c700
ef01
1702
3f03
6704
8f05
b706
df07
0769
2f6a
576b
7f6c
a76d
cf6e
f76f
1f70
4771
6f72
9773
bf74
e775
0f76
3777
5f78
8779
af7a
d77b
ff7c
277d
4f7e
777f
9f60
c761
ef62
1763
3f64
6765
8f66
b767
df68
0769
2f6a
576b
7f6c
a76d
cf6e
f76f
1f70
4771
6f72
9773
bf74
e775
0f76
3777
5f78
8779
af7a
d77b
ff7c
277d
4f7e
777f
9f60
c761
ef62
1763
3f64
6765
8f66
b767
df68
0769
2f6a
576b
7f6c
a76d
cf6e
f76f
1f70
4771
6f72
9773
bf74
e775
0f76
3777
5f78
8779
af7a
d77b
ff7c
277d
4f7e
777f
9f60
c761
ef62
1763
3f64
6765
8f66
b767
df68
0769
2f6a
576b
7f6c
a76d
cf6e
f76f
1f70
4771
6f72
9773
bf74
e775
0f76
3777
5f78
8779
af7a
d77b
ff7c
277d
4f7e
777f
9f60
c761
ef62
1763
3f64
6765
8f66
b767
df68
0769
2f6a
576b
7f6c
a76d
cf6e
f76f
1f70
4771
6f72
9773
bf74
e775
0f76
3777
5f78
8779
af7a
d77b
ff7c
277d
4f7e
777f
9f60
c761
ef62
1763
3f64
6765
8f66
b767
df68
0769
2f6a
576b
7f6c
a76d
cf6e
f76f
1f70
4771
6f72
9773
bf74
e775
0f76
3777
5f78
8779
af7a
d77b
ff7c
277d
4f7e
777f
9f60
c761
ef62
1763
3f64
6765
8f66
b767
df68
0769
2f6a
576b
7f6c
a76d
cf6e
f76f
1f70
4771
6f72
9773
bf74
e775
0f76
3777
5f78
8779
af7a
d77b
ff7c
277d
4f7e
777f
9f60
c761
ef62
1763
3f64
6765
8f66
b767
df68
0769
2f6a
576b
7f6c
a76d
cf6e
f76f
1f70
4771
6f72
9773
bf74
e775
0f76
3777
5f78
8779
af7a
d77b
ff7c
277d
4f7e
777f
9f60
c761
ef62
1763
3f64
6765
8f66
b767
df68
0769
2f6a
576b
7f6c
a76d
cf6e
f76f
1f70
4771
6f72
9773
bf74
e775
0f76
3777
5f78
8779
af7a
d77b
ff7c
277d
4f7e
777f
9f60
c761
ef62
1763
3f64
6765
8f66
b767
df68
07ca
2fcb
57cc
7fcd
a7ce
cfcf
f7d0
1fd1
47d2
6fd3
97d4
bfd5
e7d6
0fd7
37d8
5fd9
87da
afdb
d7dc
ffdd
27de
4fdf
77c0
9fc1
c7c2
efc3
17c4
3fc5
67c6
8fc7
b7c8
dfc9
07ca
2fcb
57cc
7fcd
a7ce
cfcf
f7d0
1fd1
47d2
6fd3
97d4
bfd5
e7d6
0fd7
37d8
5fd9
87da
afdb
d7dc
ffdd
27de
4fdf
77c0
9fc1
c7c2
efc3
17c4
3fc5
67c6
8fc7
b7c8
dfc9
07ca
2fcb
57cc
7fcd
a7ce
cfcf
f7d0
1fd1
47d2
6fd3
97d4
bfd5
e7d6
0fd7
37d8
5fd9
87da
afdb
d7dc
ffdd
27de
4fdf
77c0
9fc1
c7c2
efc3
17c4
3fc5
67c6
8fc7
b7c8
dfc9
07ca
2fcb
57cc
7fcd
a7ce
cfcf
f7d0
1fd1
47d2
6fd3
97d4
bfd5
e7d6
0fd7
37d8
5fd9
87da
afdb
d7dc
ffdd
27de
4fdf
77c0
9fc1
c7c2
efc3
17c4
3fc5
67c6
8fc7
b7c8
dfc9
07ca
2fcb
57cc
7fcd
a7ce
cfcf
f7d0
1fd1
47d2
6fd3
97d4
bfd5
e7d6
0fd7
37d8
5fd9
87da
afdb
d7dc
ffdd
27de
4fdf
77c0
9fc1
c7c2
efc3
17c4
3fc5
67c6
8fc7
b7c8
dfc9
07ca
2fcb
57cc
7fcd
a7ce
cfcf
f7d0
1fd1
47d2
6fd3
97d4
bfd5
e7d6
0fd7
37d8
5fd9
87da
afdb
d7dc
ffdd
27de
4fdf
77c0
9fc1
c7c2
efc3
17c4
3fc5
67c6
8fc7
b7c8
dfc9
07ca
2fcb
57cc
7fcd
a7ce
cfcf
f7d0
1fd1
47d2
6fd3
97d4
bfd5
e7d6
0fd7
37d8
5fd9
87da
afdb
d7dc
ffdd
27de
4fdf
77c0
9fc1
c7c2
efc3
17c4
3fc5
67c6
8fc7
b7c8
dfc9
07ca
2fcb
57cc
7fcd
a7ce
cfcf
f7d0
1fd1
47d2
6fd3
97d4
bfd5
e7d6
0fd7
37d8
5fd9
87da
afdb
d7dc
ffdd
27de
4fdf
77c0
9fc1
c7c2
efc3
17c4
3fc5
67c6
8fc7
b7c8
dfc9
07ca
2fcb
57cc
7fcd
a7ce
cfcf
f7d0
1fd1
47d2
6fd3
97d4
bfd5
e7d6
0fd7
37d8
5fd9
87da
afdb
d7dc
ffdd
27de
4fdf
77c0
9fc1
c7c2
efc3
17c4
3fc5
67c6
8fc7
b7c8
dfc9
002b
282c
502d
782e
a02f
c830
f031
1832
4033
6834
9035
b836
e037
0838
3039
583a
803b
a83c
d03d
f83e
203f
4820
7021
9822
c023
e824
1025
3826
6027
8828
b029
d82a
002b
282c
502d
782e
a02f
c830
f031
1832
4033
6834
9035
b836
e037
0838
3039
583a
803b
a83c
d03d
f83e
203f
4820
7021
9822
c023
e824
1025
3826
6027
8828
b029
d82a
002b
282c
502d
782e
a02f
c830
f031
1832
4033
6834
9035
b836
e037
0838
3039
583a
803b
a83c
d03d
f83e
203f
4820
7021
9822
c023
e824
1025
3826
6027
8828
b029
d82a
002b
282c
502d
782e
a02f
c830
f031
1832
4033
6834
9035
b836
e037
0838
3039
583a
803b
a83c
d03d
f83e
203f
4820
7021
9822
c023
e824
1025
3826
6027
8828
b029
d82a
002b
282c
502d
782e
a02f
c830
f031
1832
4033
6834
9035
b836
e037
0838
3039
583a
803b
a83c
d03d
f83e
203f
4820
7021
9822
c023
e824
1025
3826
6027
8828
b029
d82a
002b
282c
502d
782e
a02f
c830
f031
1832
4033
6834
9035
b836
e037
0838
3039
583a
803b
a83c
d03d
f83e
203f
4820
7021
9822
c023
e824
1025
3826
6027
8828
b029
d82a
002b
282c
502d
782e
a02f
c830
f031
1832
4033
6834
9035
b836
e037
0838
3039
583a
803b
a83c
d03d
f83e
203f
4820
7021
9822
c023
e824
1025
3826
6027
8828
b029
d82a
002b
282c
502d
782e
a02f
c830
f031
1832
4033
6834
9035
b836
e037
0838
3039
583a
803b
a83c
d03d
f83e
203f
4820
7021
9822
c023
e824
1025
3826
6027
8828
b029
d82a
002b
282c
502d
782e
a02f
c830
f031
1832
4033
6834
9035
b836
e037
0838
3039
583a
803b
a83c
d03d
f83e
203f
4820
7021
9822
c023
e824
1025
3826
6027
8828
b029
d82a
008c
288d
508e
788f
a090
c891
f092
1893
4094
6895
9096
b897
e098
0899
309a
589b
809c
a89d
d09e
f89f
2080
4881
7082
9883
c084
e885
1086
3887
6088
8889
b08a
d88b
008c
288d
508e
788f
a090
c891
f092
1893
4094
6895
9096
b897
e098
0899
309a
589b
809c
a89d
d09e
f89f
2080
4881
7082
9883
c084
e885
1086
3887
6088
8889
b08a
d88b
008c
288d
508e
788f
a090
c891
f092
1893
4094
6895
9096
b897
e098
0899
309a
589b
809c
a89d
d09e
f89f
2080
4881
7082
9883
c084
e885
1086
3887
6088
8889
b08a
d88b
008c
288d
508e
788f
a090
c891
f092
1893
4094
6895
9096
b897
e098
0899
309a
589b
809c
a89d
d09e
f89f
2080
4881
7082
9883
c084
e885
1086
3887
6088
8889
b08a
d88b
008c
288d
508e
788f
a090
c891
f092
1893
4094
6895
9096
b897
e098
0899
309a
589b
809c
a89d
d09e
f89f
2080
4881
7082
9883
c084
e885
1086
3887
6088
8889
b08a
d88b
008c
288d
508e
788f
a090
c891
f092
1893
4094
6895
9096
b897
e098
0899
309a
589b
809c
a89d
d09e
f89f
2080
4881
7082
9883
c084
e885
1086
3887
6088
8889
b08a
d88b
008c
288d
508e
788f
a090
c891
f092
1893
4094
6895
9096
b897
e098
0899
309a
589b
809c
a89d
d09e
f89f
2080
4881
7082
9883
c084
e885
1086
3887
6088
8889
b08a
d88b
008c
288d
508e
788f
a090
c891
f092
1893
4094
6895
9096
b897
e098
0899
309a
589b
809c
a89d
d09e
f89f
2080
4881
7082
9883
c084
e885
1086
3887
6088
8889
b08a
d88b
008c
288d
508e
788f
a090
c891
f092
1893
4094
6895
9096
b897
e098
0899
309a
589b
809c
a89d
d09e
f89f
2080
4881
7082
9883
c084
e885
1086
3887
6088
8889
b08a
d88b
00ed
28ee
50ef
78f0
a0f1
c8f2
f0f3
18f4
40f5
68f6
90f7
b8f8
e0f9
08fa
30fb
58fc
80fd
a8fe
d0ff
f8e0
20e1
48e2
70e3
98e4
c0e5
e8e6
10e7
38e8
60e9
88ea
b0eb
d8ec
00ed
28ee
50ef
78f0
a0f1
c8f2
f0f3
18f4
40f5
68f6
90f7
b8f8
e0f9
08fa
30fb
58fc
80fd
a8fe
d0ff
f8e0
20e1
48e2
70e3
98e4
c0e5
e8e6
10e7
38e8
60e9
88ea
b0eb
d8ec
00ed
28ee
50ef
78f0
a0f1
c8f2
f0f3
18f4
40f5
68f6
90f7
b8f8
e0f9
08fa
30fb
58fc
80fd
a8fe
d0ff
f8e0
20e1
48e2
70e3
98e4
c0e5
e8e6
10e7
38e8
60e9
88ea
b0eb
d8ec
00ed
28ee
50ef
78f0
a0f1
c8f2
f0f3
18f4
40f5
68f6
90f7
b8f8
e0f9
08fa
30fb
58fc
80fd
a8fe
d0ff
f8e0
20e1
48e2
70e3
98e4
c0e5
e8e6
10e7
38e8
60e9
88ea
b0eb
d8ec
00ed
28ee
50ef
78f0
a0f1
c8f2
f0f3
18f4
40f5
68f6
90f7
b8f8
e0f9
08fa
30fb
58fc
80fd
a8fe
d0ff
f8e0
20e1
48e2
70e3
98e4
c0e5
e8e6
10e7
38e8
60e9
88ea
b0eb
d8ec
00ed
28ee
50ef
78f0
a0f1
c8f2
f0f3
18f4
40f5
68f6
90f7
b8f8
e0f9
08fa
30fb
58fc
80fd
a8fe
d0ff
f8e0
20e1
48e2
70e3
98e4
c0e5
e8e6
10e7
38e8
60e9
88ea
b0eb
d8ec
00ed
28ee
50ef
78f0
a0f1
c8f2
f0f3
18f4
40f5
68f6
90f7
b8f8
e0f9
08fa
30fb
58fc
80fd
a8fe
d0ff
f8e0
20e1
48e2
70e3
98e4
c0e5
e8e6
10e7
38e8
60e9
88ea
b0eb
d8ec
00ed
28ee
50ef
78f0
a0f1
c8f2
f0f3
18f4
40f5
68f6
90f7
b8f8
e0f9
08fa
30fb
58fc
80fd
a8fe
d0ff
f8e0
20e1
48e2
70e3
98e4
c0e5
e8e6
10e7
38e8
60e9
88ea
b0eb
d8ec
00ed
28ee
50ef
78f0
a0f1
c8f2
f0f3
18f4
40f5
68f6
90f7
b8f8
e0f9
08fa
30fb
58fc
80fd
a8fe
d0ff
f8e0
20e1
48e2
70e3
98e4
c0e5
e8e6
10e7
38e8
60e9
88ea
b0eb
d8ec
014e
294f
5150
7951
a152
c953
f154
1955
4156
6957
9158
b959
e15a
095b
315c
595d
815e
a95f
d140
f941
2142
4943
7144
9945
c146
e947
1148
3949
614a
894b
b14c
d94d
014e
294f
5150
7951
a152
c953
f154
1955
4156
6957
9158
b959
e15a
095b
315c
595d
815e
a95f
d140
f941
2142
4943
7144
9945
c146
e947
1148
3949
614a
894b
b14c
d94d
014e
294f
5150
7951
a152
c953
f154
1955
4156
6957
9158
b959
e15a
095b
315c
595d
815e
a95f
d140
f941
2142
4943
7144
9945
c146
e947
1148
3949
614a
894b
b14c
d94d
014e
294f
5150
7951
a152
c953
f154
1955
4156
6957
9158
b959
e15a
095b
315c
595d
815e
a95f
d140
f941
2142
4943
7144
9945
c146
e947
1148
3949
614a
894b
b14c
d94d
014e
294f
5150
7951
a152
c953
f154
1955
4156
6957
9158
b959
e15a
095b
315c
595d
815e
a95f
d140
f941
2142
4943
7144
9945
c146
e947
1148
3949
614a
894b
b14c
d94d
014e
294f
5150
7951
a152
c953
f154
1955
4156
6957
9158
b959
e15a
095b
315c
595d
815e
a95f
d140
f941
2142
4943
7144
9945
c146
e947
1148
3949
614a
894b
b14c
d94d
014e
294f
5150
7951
a152
c953
f154
1955
4156
6957
9158
b959
e15a
095b
315c
595d
815e
a95f
d140
f941
2142
4943
7144
9945
c146
e947
1148
3949
614a
894b
b14c
d94d
014e
294f
5150
7951
a152
c953
f154
1955
4156
6957
9158
b959
e15a
095b
315c
595d
815e
a95f
d140
f941
2142
4943
7144
9945
c146
e947
1148
3949
614a
894b
b14c
d94d
014e
294f
5150
7951
a152
c953
f154
1955
4156
6957
9158
b959
e15a
095b
315c
595d
815e
a95f
d140
f941
2142
4943
7144
9945
c146
e947
1148
3949
614a
894b
b14c
d94d
01af
29b0
51b1
79b2
a1b3
c9b4
f1b5
19b6
41b7
69b8
91b9
b9ba
e1bb
09bc
31bd
59be
81bf
a9a0
d1a1
f9a2
21a3
49a4
71a5
99a6
c1a7
e9a8
11a9
39aa
61ab
89ac
b1ad
d9ae
01af
29b0
51b1
79b2
a1b3
c9b4
f1b5
19b6
41b7
69b8
91b9
b9ba
e1bb
09bc
31bd
59be
81bf
a9a0
d1a1
f9a2
21a3
49a4
71a5
99a6
c1a7
e9a8
11a9
39aa
61ab
89ac
b1ad
d9ae
01af
29b0
51b1
79b2
a1b3
c9b4
f1b5
19b6
41b7
69b8
91b9
b9ba
e1bb
09bc
31bd
59be
81bf
a9a0
d1a1
f9a2
21a3
49a4
71a5
99a6
c1a7
e9a8
11a9
39aa
61ab
89ac
b1ad
d9ae
01af
29b0
51b1
79b2
a1b3
c9b4
f1b5
19b6
41b7
69b8
91b9
b9ba
e1bb
09bc
31bd
59be
81bf
a9a0
d1a1
f9a2
21a3
49a4
71a5
99a6
c1a7
e9a8
11a9
39aa
61ab
89ac
b1ad
d9ae
01af
29b0
51b1
79b2
a1b3
c9b4
f1b5
19b6
41b7
69b8
91b9
b9ba
e1bb
09bc
31bd
59be
81bf
a9a0
d1a1
f9a2
21a3
49a4
71a5
99a6
c1a7
e9a8
11a9
39aa
61ab
89ac
b1ad
d9ae
01af
29b0
51b1
79b2
a1b3
c9b4
f1b5
19b6
41b7
69b8
91b9
b9ba
e1bb
09bc
31bd
59be
81bf
a9a0
d1a1
f9a2
21a3
49a4
71a5
99a6
c1a7
e9a8
11a9
39aa
61ab
89ac
b1ad
d9ae
01af
29b0
51b1
79b2
a1b3
c9b4
f1b5
19b6
41b7
69b8
91b9
b9ba
e1bb
09bc
31bd
59be
81bf
a9a0
d1a1
f9a2
21a3
49a4
71a5
99a6
c1a7
e9a8
11a9
39aa
61ab
89ac
b1ad
d9ae
01af
29b0
51b1
79b2
a1b3
c9b4
f1b5
19b6
41b7
69b8
91b9
b9ba
e1bb
09bc
31bd
59be
81bf
a9a0
d1a1
f9a2
21a3
49a4
71a5
99a6
c1a7
e9a8
11a9
39aa
61ab
89ac
b1ad
d9ae
01af
29b0
51b1
79b2
a1b3
c9b4
f1b5
19b6
41b7
69b8
91b9
b9ba
e1bb
09bc
31bd
59be
81bf
a9a0
d1a1
f9a2
21a3
49a4
71a5
99a6
c1a7
e9a8
11a9
39aa
61ab
89ac
b1ad
d9ae
0210
2a11
5212
7a13
a214
ca15
f216
1a17
4218
6a19
921a
ba1b
e21c
0a1d
321e
5a1f
8200
aa01
d202
fa03
2204
4a05
7206
9a07
c208
ea09
120a
3a0b
620c
8a0d
b20e
da0f
0210
2a11
5212
7a13
a214
ca15
f216
1a17
4218
6a19
921a
ba1b
e21c
0a1d
321e
5a1f
8200
aa01
d202
fa03
2204
4a05
7206
9a07
c208
ea09
120a
3a0b
620c
8a0d
b20e
da0f
0210
2a11
5212
7a13
a214
ca15
f216
1a17
4218
6a19
921a
ba1b
e21c
0a1d
321e
5a1f
8200
aa01
d202
fa03
2204
4a05
7206
9a07
c208
ea09
120a
3a0b
620c
8a0d
b20e
da0f
0210
2a11
5212
7a13
a214
ca15
f216
1a17
4218
6a19
921a
ba1b
e21c
0a1d
321e
5a1f
8200
aa01
d202
fa03
2204
4a05
7206
9a07
c208
ea09
120a
3a0b
620c
8a0d
b20e
da0f
0210
2a11
5212
7a13
a214
ca15
f216
1a17
4218
6a19
921a
ba1b
e21c
0a1d
321e
5a1f
8200
aa01
d202
fa03
2204
4a05
7206
9a07
c208
ea09
120a
3a0b
620c
8a0d
b20e
da0f
0210
2a11
5212
7a13
a214
ca15
f216
1a17
4218
6a19
921a
ba1b
e21c
0a1d
321e
5a1f
8200
aa01
d202
fa03
2204
4a05
7206
9a07
c208
ea09
120a
3a0b
620c
8a0d
b20e
da0f
0210
2a11
5212
7a13
a214
ca15
f216
1a17
4218
6a19
921a
ba1b
e21c
0a1d
321e
5a1f
8200
aa01
d202
fa03
2204
4a05
7206
9a07
c208
ea09
120a
3a0b
620c
8a0d
b20e
da0f
0210
2a11
5212
7a13
a214
ca15
f216
1a17
4218
6a19
921a
ba1b
e21c
0a1d
321e
5a1f
8200
aa01
d202
fa03
2204
4a05
7206
9a07
c208
ea09
120a
3a0b
620c
8a0d
b20e
da0f
0210
2a11
5212
7a13
a214
ca15
f216
1a17
4218
6a19
921a
ba1b
e21c
0a1d
321e
5a1f
8200
aa01
d202
fa03
2204
4a05
7206
9a07
c208
ea09
120a
3a0b
620c
8a0d
b20e
da0f
0271
2a72
5273
7a74
a275
ca76
f277
1a78
4279
6a7a
927b
ba7c
e27d
0a7e
327f
5a60
8261
aa62
d263
fa64
2265
4a66
7267
9a68
c269
ea6a
126b
3a6c
626d
8a6e
b26f
da70
0271
2a72
5273
7a74
a275
ca76
f277
1a78
4279
6a7a
927b
ba7c
e27d
0a7e
327f
5a60
8261
aa62
d263
fa64
2265
4a66
7267
9a68
c269
ea6a
126b
3a6c
626d
8a6e
b26f
da70
0271
2a72
5273
7a74
a275
ca76
f277
1a78
4279
6a7a
927b
ba7c
e27d
0a7e
327f
5a60
8261
aa62
d263
fa64
2265
4a66
7267
9a68
c269
ea6a
126b
3a6c
626d
8a6e
b26f
da70
0271
2a72
5273
7a74
a275
ca76
f277
1a78
4279
6a7a
927b
ba7c
e27d
0a7e
327f
5a60
8261
aa62
d263
fa64
2265
4a66
7267
9a68
c269
ea6a
126b
3a6c
626d
8a6e
b26f
da70
0271
2a72
5273
7a74
a275
ca76
f277
1a78
4279
6a7a
927b
ba7c
e27d
0a7e
327f
5a60
8261
aa62
d263
fa64
2265
4a66
7267
9a68
c269
ea6a
126b
3a6c
626d
8a6e
b26f
da70
0271
2a72
5273
7a74
a275
ca76
f277
1a78
4279
6a7a
927b
ba7c
e27d
0a7e
327f
5a60
8261
aa62
d263
fa64
2265
4a66
7267
9a68
c269
ea6a
126b
3a6c
626d
8a6e
b26f
da70
0271
2a72
5273
7a74
a275
ca76
f277
1a78
4279
6a7a
927b
ba7c
e27d
0a7e
327f
5a60
8261
aa62
d263
fa64
2265
4a66
7267
9a68
c269
ea6a
126b
3a6c
626d
8a6e
b26f
da70
0271
2a72
5273
7a74
a275
ca76
f277
1a78
4279
6a7a
927b
ba7c
e27d
0a7e
327f
5a60
8261
aa62
d263
fa64
2265
4a66
7267
9a68
c269
ea6a
126b
3a6c
626d
8a6e
b26f
da70
0271
2a72
5273
7a74
a275
ca76
f277
1a78
4279
6a7a
927b
ba7c
e27d
0a7e
327f
5a60
8261
aa62
d263
fa64
2265
4a66
7267
9a68
c269
ea6a
126b
3a6c
626d
8a6e
b26f
da70
02d2
2ad3
52d4
7ad5
a2d6
cad7
f2d8
1ad9
42da
6adb
92dc
badd
e2de
0adf
32c0
5ac1
82c2
aac3
d2c4
fac5
22c6
4ac7
72c8
9ac9
c2ca
eacb
12cc
3acd
62ce
8acf
b2d0
dad1
02d2
2ad3
52d4
7ad5
a2d6
cad7
f2d8
1ad9
42da
6adb
92dc
badd
e2de
0adf
32c0
5ac1
82c2
aac3
d2c4
fac5
22c6
4ac7
72c8
9ac9
c2ca
eacb
12cc
3acd
62ce
8acf
b2d0
dad1
02d2
2ad3
52d4
7ad5
a2d6
cad7
f2d8
1ad9
42da
6adb
92dc
badd
e2de
0adf
32c0
5ac1
82c2
aac3
d2c4
fac5
22c6
4ac7
72c8
9ac9
c2ca
eacb
12cc
3acd
62ce
8acf
b2d0
dad1
02d2
2ad3
52d4
7ad5
a2d6
cad7
f2d8
1ad9
42da
6adb
92dc
badd
e2de
0adf
32c0
5ac1
82c2
aac3
d2c4
fac5
22c6
4ac7
72c8
9ac9
c2ca
eacb
12cc
3acd
62ce
8acf
b2d0
dad1
02d2
2ad3
52d4
7ad5
a2d6
cad7
f2d8
1ad9
42da
6adb
92dc
badd
e2de
0adf
32c0
5ac1
82c2
aac3
d2c4
fac5
22c6
4ac7
72c8
9ac9
c2ca
eacb
12cc
3acd
62ce
8acf
b2d0
dad1
02d2
2ad3
52d4
7ad5
a2d6
cad7
f2d8
1ad9
42da
6adb
92dc
badd
e2de
0adf
32c0
5ac1
82c2
aac3
d2c4
fac5
22c6
4ac7
72c8
9ac9
c2ca
eacb
12cc
3acd
62ce
8acf
b2d0
dad1
02d2
2ad3
52d4
7ad5
a2d6
cad7
f2d8
1ad9
42da
6adb
92dc
badd
e2de
0adf
32c0
5ac1
82c2
aac3
d2c4
fac5
22c6
4ac7
72c8
9ac9
c2ca
eacb
12cc
3acd
62ce
8acf
b2d0
dad1
02d2
2ad3
52d4
7ad5
a2d6
cad7
f2d8
1ad9
42da
6adb
92dc
badd
e2de
0adf
32c0
5ac1
82c2
aac3
d2c4
fac5
22c6
4ac7
72c8
9ac9
c2ca
eacb
12cc
3acd
62ce
8acf
b2d0
dad1
02d2
2ad3
52d4
7ad5
a2d6
cad7
f2d8
1ad9
42da
6adb
92dc
badd
e2de
0adf
32c0
5ac1
82c2
aac3
d2c4
fac5
22c6
4ac7
72c8
9ac9
c2ca
eacb
12cc
3acd
62ce
8acf
b2d0
dad1
0333
2b34
5335
7b36
a337
cb38
f339
1b3a
433b
6b3c
933d
bb3e
e33f
0b20
3321
5b22
8323
ab24
d325
fb26
2327
4b28
7329
9b2a
c32b
eb2c
132d
3b2e
632f
8b30
b331
db32
0333
2b34
5335
7b36
a337
cb38
f339
1b3a
433b
6b3c
933d
bb3e
e33f
0b20
3321
5b22
8323
ab24
d325
fb26
2327
4b28
7329
9b2a
c32b
eb2c
132d
3b2e
632f
8b30
b331
db32
0333
2b34
5335
7b36
a337
cb38
f339
1b3a
433b
6b3c
933d
bb3e
e33f
0b20
3321
5b22
8323
ab24
d325
fb26
2327
4b28
7329
9b2a
c32b
eb2c
132d
3b2e
632f
8b30
b331
db32
0333
2b34
5335
7b36
a337
cb38
f339
1b3a
433b
6b3c
933d
bb3e
e33f
0b20
3321
5b22
8323
ab24
d325
fb26
2327
4b28
7329
9b2a
c32b
eb2c
132d
3b2e
632f
8b30
b331
db32
0333
2b34
5335
7b36
a337
cb38
f339
1b3a
433b
6b3c
933d
bb3e
e33f
0b20
3321
5b22
8323
ab24
d325
fb26
2327
4b28
7329
9b2a
c32b
eb2c
132d
3b2e
632f
8b30
b331
db32
0333
2b34
5335
7b36
a337
cb38
f339
1b3a
433b
6b3c
933d
bb3e
e33f
0b20
3321
5b22
8323
ab24
d325
fb26
2327
4b28
7329
9b2a
c32b
eb2c
132d
3b2e
632f
8b30
b331
db32
0333
2b34
5335
7b36
a337
cb38
f339
1b3a
433b
6b3c
933d
bb3e
e33f
0b20
3321
5b22
8323
ab24
d325
fb26
2327
4b28
7329
9b2a
c32b
eb2c
132d
3b2e
632f
8b30
b331
db32
0333
2b34
5335
7b36
a337
cb38
f339
1b3a
433b
6b3c
933d
bb3e
e33f
0b20
3321
5b22
8323
ab24
d325
fb26
2327
4b28
7329
9b2a
c32b
eb2c
132d
3b2e
632f
8b30
b331
db32
0333
2b34
5335
7b36
a337
cb38
f339
1b3a
433b
6b3c
933d
bb3e
e33f
0b20
3321
5b22
8323
ab24
d325
fb26
2327
4b28
7329
9b2a
c32b
eb2c
132d
3b2e
632f
8b30
b331
db32
0394
2b95
5396
7b97
a398
cb99
f39a
1b9b
439c
6b9d
939e
bb9f
e380
0b81
3382
5b83
8384
ab85
d386
fb87
2388
4b89
738a
9b8b
c38c
eb8d
138e
3b8f
6390
8b91
b392
db93
0394
2b95
5396
7b97
a398
cb99
f39a
1b9b
439c
6b9d
939e
bb9f
e380
0b81
3382
5b83
8384
ab85
d386
fb87
2388
4b89
738a
9b8b
c38c
eb8d
138e
3b8f
6390
8b91
b392
db93
0394
2b95
5396
7b97
a398
cb99
f39a
1b9b
439c
6b9d
939e
bb9f
e380
0b81
3382
5b83
8384
ab85
d386
fb87
2388
4b89
738a
9b8b
c38c
eb8d
138e
3b8f
6390
8b91
b392
db93
0394
2b95
5396
7b97
a398
cb99
f39a
1b9b
439c
6b9d
939e
bb9f
e380
0b81
3382
5b83
8384
ab85
d386
fb87
2388
4b89
738a
9b8b
c38c
eb8d
138e
3b8f
6390
8b91
b392
db93
0394
2b95
5396
7b97
a398
cb99
f39a
1b9b
439c
6b9d
939e
bb9f
e380
0b81
3382
5b83
8384
ab85
d386
fb87
2388
4b89
738a
9b8b
c38c
eb8d
138e
3b8f
6390
8b91
b392
db93
0394
2b95
5396
7b97
a398
cb99
f39a
1b9b
439c
6b9d
939e
bb9f
e380
0b81
3382
5b83
8384
ab85
d386
fb87
2388
4b89
738a
9b8b
c38c
eb8d
138e
3b8f
6390
8b91
b392
db93
0394
2b95
5396
7b97
a398
cb99
f39a
1b9b
439c
6b9d
939e
bb9f
e380
0b81
3382
5b83
8384
ab85
d386
fb87
2388
4b89
738a
9b8b
c38c
eb8d
138e
3b8f
6390
8b91
b392
db93
0394
2b95
5396
7b97
a398
cb99
f39a
1b9b
439c
6b9d
939e
bb9f
e380
0b81
3382
5b83
8384
ab85
d386
fb87
2388
4b89
738a
9b8b
c38c
eb8d
138e
3b8f
6390
8b91
b392
db93
0394
2b95
5396
7b97
a398
cb99
f39a
1b9b
439c
6b9d
939e
bb9f
e380
0b81
3382
5b83
8384
ab85
d386
fb87
2388
4b89
738a
9b8b
c38c
eb8d
138e
3b8f
6390
8b91
b392
db93
03f5
2bf6
53f7
7bf8
a3f9
cbfa
f3fb
1bfc
43fd
6bfe
93ff
bbe0
e3e1
0be2
33e3
5be4
83e5
abe6
d3e7
fbe8
23e9
4bea
73eb
9bec
c3ed
ebee
13ef
3bf0
63f1
8bf2
b3f3
dbf4
03f5
2bf6
53f7
7bf8
a3f9
cbfa
f3fb
1bfc
43fd
6bfe
93ff
bbe0
e3e1
0be2
33e3
5be4
83e5
abe6
d3e7
fbe8
23e9
4bea
73eb
9bec
c3ed
ebee
13ef
3bf0
63f1
8bf2
b3f3
dbf4
03f5
2bf6
53f7
7bf8
a3f9
cbfa
f3fb
1bfc
43fd
6bfe
93ff
bbe0
e3e1
0be2
33e3
5be4
83e5
abe6
d3e7
fbe8
23e9
4bea
73eb
9bec
c3ed
ebee
13ef
3bf0
63f1
8bf2
b3f3
dbf4
03f5
2bf6
53f7
7bf8
a3f9
cbfa
f3fb
1bfc
43fd
6bfe
93ff
bbe0
e3e1
0be2
33e3
5be4
83e5
abe6
d3e7
fbe8
23e9
4bea
73eb
9bec
c3ed
ebee
13ef
3bf0
63f1
8bf2
b3f3
dbf4
03f5
2bf6
53f7
7bf8
a3f9
cbfa
f3fb
1bfc
43fd
6bfe
93ff
bbe0
e3e1
0be2
33e3
5be4
83e5
abe6
d3e7
fbe8
23e9
4bea
73eb
9bec
c3ed
ebee
13ef
3bf0
63f1
8bf2
b3f3
dbf4
03f5
2bf6
53f7
7bf8
a3f9
cbfa
f3fb
1bfc
43fd
6bfe
93ff
bbe0
e3e1
0be2
33e3
5be4
83e5
abe6
d3e7
fbe8
23e9
4bea
73eb
9bec
c3ed
ebee
13ef
3bf0
63f1
8bf2
b3f3
dbf4
03f5
2bf6
53f7
7bf8
a3f9
cbfa
f3fb
1bfc
43fd
6bfe
93ff
bbe0
e3e1
0be2
33e3
5be4
83e5
abe6
d3e7
fbe8
23e9
4bea
73eb
9bec
c3ed
ebee
13ef
3bf0
63f1
8bf2
b3f3
dbf4
03f5
2bf6
53f7
7bf8
a3f9
cbfa
f3fb
1bfc
43fd
6bfe
93ff
bbe0
e3e1
0be2
33e3
5be4
83e5
abe6
d3e7
fbe8
23e9
4bea
73eb
9bec
c3ed
ebee
13ef
3bf0
63f1
8bf2
b3f3
dbf4
03f5
2bf6
53f7
7bf8
a3f9
cbfa
f3fb
1bfc
43fd
6bfe
93ff
bbe0
e3e1
0be2
33e3
5be4
83e5
abe6
d3e7
fbe8
23e9
4bea
73eb
9bec
c3ed
ebee
13ef
3bf0
63f1
8bf2
b3f3
dbf4
0456
2c57
5458
7c59
a45a
cc5b
f45c
1c5d
445e
6c5f
9440
bc41
e442
0c43
3444
5c45
8446
ac47
d448
fc49
244a
4c4b
744c
9c4d
c44e
ec4f
1450
3c51
6452
8c53
b454
dc55
0456
2c57
5458
7c59
a45a
cc5b
f45c
1c5d
445e
6c5f
9440
bc41
e442
0c43
3444
5c45
8446
ac47
d448
fc49
244a
4c4b
744c
9c4d
c44e
ec4f
1450
3c51
6452
8c53
b454
dc55
0456
2c57
5458
7c59
a45a
cc5b
f45c
1c5d
445e
6c5f
9440
bc41
e442
0c43
3444
5c45
8446
ac47
d448
fc49
244a
4c4b
744c
9c4d
c44e
ec4f
1450
3c51
6452
8c53
b454
dc55
0456
2c57
5458
7c59
a45a
cc5b
f45c
1c5d
445e
6c5f
9440
bc41
e442
0c43
3444
5c45
8446
ac47
d448
fc49
244a
4c4b
744c
9c4d
c44e
ec4f
1450
3c51
6452
8c53
b454
dc55
0456
2c57
5458
7c59
a45a
cc5b
f45c
1c5d
445e
6c5f
9440
bc41
e442
0c43
3444
5c45
8446
ac47
d448
fc49
244a
4c4b
744c
9c4d
c44e
ec4f
1450
3c51
6452
8c53
b454
dc55
0456
2c57
5458
7c59
a45a
cc5b
f45c
1c5d
445e
6c5f
9440
bc41
e442
0c43
3444
5c45
8446
ac47
d448
fc49
244a
4c4b
744c
9c4d
c44e
ec4f
1450
3c51
6452
8c53
b454
dc55
0456
2c57
5458
7c59
a45a
cc5b
f45c
1c5d
445e
6c5f
9440
bc41
e442
0c43
3444
5c45
8446
ac47
d448
fc49
244a
4c4b
744c
9c4d
c44e
ec4f
1450
3c51
6452
8c53
b454
dc55
0456
2c57
5458
7c59
a45a
cc5b
f45c
1c5d
445e
6c5f
9440
bc41
e442
0c43
3444
5c45
8446
ac47
d448
fc49
244a
4c4b
744c
9c4d
c44e
ec4f
1450
3c51
6452
8c53
b454
dc55
0456
2c57
5458
7c59
a45a
cc5b
f45c
1c5d
445e
6c5f
9440
bc41
e442
0c43
3444
5c45
8446
ac47
d448
fc49
244a
4c4b
744c
9c4d
c44e
ec4f
1450
3c51
6452
8c53
b454
dc55
04b7
2cb8
54b9
7cba
a4bb
ccbc
f4bd
1cbe
44bf
6ca0
94a1
bca2
e4a3
0ca4
34a5
5ca6
84a7
aca8
d4a9
fcaa
24ab
4cac
74ad
9cae
c4af
ecb0
14b1
3cb2
64b3
8cb4
b4b5
dcb6
04b7
2cb8
54b9
7cba
a4bb
ccbc
f4bd
1cbe
44bf
6ca0
94a1
bca2
e4a3
0ca4
34a5
5ca6
84a7
aca8
d4a9
fcaa
24ab
4cac
74ad
9cae
c4af
ecb0
14b1
3cb2
64b3
8cb4
b4b5
dcb6
04b7
2cb8
54b9
7cba
a4bb
ccbc
f4bd
1cbe
44bf
6ca0
94a1
bca2
e4a3
0ca4
34a5
5ca6
84a7
aca8
d4a9
fcaa
24ab
4cac
74ad
9cae
c4af
ecb0
14b1
3cb2
64b3
8cb4
b4b5
dcb6
04b7
2cb8
54b9
7cba
a4bb
ccbc
f4bd
1cbe
44bf
6ca0
94a1
bca2
e4a3
0ca4
34a5
5ca6
84a7
aca8
d4a9
fcaa
24ab
4cac
74ad
9cae
c4af
ecb0
14b1
3cb2
64b3
8cb4
b4b5
dcb6
04b7
2cb8
54b9
7cba
a4bb
ccbc
f4bd
1cbe
44bf
6ca0
94a1
bca2
e4a3
0ca4
34a5
5ca6
84a7
aca8
d4a9
fcaa
24ab
4cac
74ad
9cae
c4af
ecb0
14b1
3cb2
64b3
8cb4
b4b5
dcb6
04b7
2cb8
54b9
7cba
a4bb
ccbc
f4bd
1cbe
44bf
6ca0
94a1
bca2
e4a3
0ca4
34a5
5ca6
84a7
aca8
d4a9
fcaa
24ab
4cac
74ad
9cae
c4af
ecb0
14b1
3cb2
64b3
8cb4
b4b5
dcb6
04b7
2cb8
54b9
7cba
a4bb
ccbc
f4bd
1cbe
44bf
6ca0
94a1
bca2
e4a3
0ca4
34a5
5ca6
84a7
aca8
d4a9
fcaa
24ab
4cac
74ad
9cae
c4af
ecb0
14b1
3cb2
64b3
8cb4
b4b5
dcb6
04b7
2cb8
54b9
7cba
a4bb
ccbc
f4bd
1cbe
44bf
6ca0
94a1
bca2
e4a3
0ca4
34a5
5ca6
84a7
aca8
d4a9
fcaa
24ab
4cac
74ad
9cae
c4af
ecb0
14b1
3cb2
64b3
8cb4
b4b5
dcb6
04b7
2cb8
54b9
7cba
a4bb
ccbc
f4bd
1cbe
44bf
6ca0
94a1
bca2
e4a3
0ca4
34a5
5ca6
84a7
aca8
d4a9
fcaa
24ab
4cac
74ad
9cae
c4af
ecb0
14b1
3cb2
64b3
8cb4
b4b5
dcb6
0518
2d19
551a
7d1b
a51c
cd1d
f51e
1d1f
4500
6d01
9502
bd03
e504
0d05
3506
5d07
8508
ad09
d50a
fd0b
250c
4d0d
750e
9d0f
c510
ed11
1512
3d13
6514
8d15
b516
dd17
0518
2d19
551a
7d1b
a51c
cd1d
f51e
1d1f
4500
6d01
9502
bd03
e504
0d05
3506
5d07
8508
ad09
d50a
fd0b
250c
4d0d
750e
9d0f
c510
ed11
1512
3d13
6514
8d15
b516
dd17
0518
2d19
551a
7d1b
a51c
cd1d
f51e
1d1f
4500
6d01
9502
bd03
e504
0d05
3506
5d07
8508
ad09
d50a
fd0b
250c
4d0d
750e
9d0f
c510
ed11
1512
3d13
6514
8d15
b516
dd17
0518
2d19
551a
7d1b
a51c
cd1d
f51e
1d1f
4500
6d01
9502
bd03
e504
0d05
3506
5d07
8508
ad09
d50a
fd0b
250c
4d0d
750e
9d0f
c510
ed11
1512
3d13
6514
8d15
b516
dd17
0518
2d19
551a
7d1b
a51c
cd1d
f51e
1d1f
4500
6d01
9502
bd03
e504
0d05
3506
5d07
8508
ad09
d50a
fd0b
250c
4d0d
750e
9d0f
c510
ed11
1512
3d13
6514
8d15
b516
dd17
0518
2d19
551a
7d1b
a51c
cd1d
f51e
1d1f
4500
6d01
9502
bd03
e504
0d05
3506
5d07
8508
ad09
d50a
fd0b
250c
4d0d
750e
9d0f
c510
ed11
1512
3d13
6514
8d15
b516
dd17
0518
2d19
551a
7d1b
a51c
cd1d
f51e
1d1f
4500
6d01
9502
bd03
e504
0d05
3506
5d07
8508
ad09
d50a
fd0b
250c
4d0d
750e
9d0f
c510
ed11
1512
3d13
6514
8d15
b516
dd17
0518
2d19
551a
7d1b
a51c
cd1d
f51e
1d1f
4500
6d01
9502
bd03
e504
0d05
3506
5d07
8508
ad09
d50a
fd0b
250c
4d0d
750e
9d0f
c510
ed11
1512
3d13
6514
8d15
b516
dd17
0518
2d19
551a
7d1b
a51c
cd1d
f51e
1d1f
4500
6d01
9502
bd03
e504
0d05
3506
5d07
8508
ad09
d50a
fd0b
250c
4d0d
750e
9d0f
c510
ed11
1512
3d13
6514
8d15
b516
dd17
0579
2d7a
557b
7d7c
a57d
cd7e
f57f
1d60
4561
6d62
9563
bd64
e565
0d66
3567
5d68
8569
ad6a
d56b
fd6c
256d
4d6e
756f
9d70
c571
ed72
1573
3d74
6575
8d76
b577
dd78
0579
2d7a
557b
7d7c
a57d
cd7e
f57f
1d60
4561
6d62
9563
bd64
e565
0d66
3567
5d68
8569
ad6a
d56b
fd6c
256d
4d6e
756f
9d70
c571
ed72
1573
3d74
6575
8d76
b577
dd78
0579
2d7a
557b
7d7c
a57d
cd7e
f57f
1d60
4561
6d62
9563
bd64
e565
0d66
3567
5d68
8569
ad6a
d56b
fd6c
256d
4d6e
756f
9d70
c571
ed72
1573
3d74
6575
8d76
b577
dd78
0579
2d7a
557b
7d7c
a57d
cd7e
f57f
1d60
4561
6d62
9563
bd64
e565
0d66
3567
5d68
8569
ad6a
d56b
fd6c
256d
4d6e
756f
9d70
c571
ed72
1573
3d74
6575
8d76
b577
dd78
0579
2d7a
557b
7d7c
a57d
cd7e
f57f
1d60
4561
6d62
9563
bd64
e565
0d66
3567
5d68
8569
ad6a
d56b
fd6c
256d
4d6e
756f
9d70
c571
ed72
1573
3d74
6575
8d76
b577
dd78
0579
2d7a
557b
7d7c
a57d
cd7e
f57f
1d60
4561
6d62
9563
bd64
e565
0d66
3567
5d68
8569
ad6a
d56b
fd6c
256d
4d6e
756f
9d70
c571
ed72
1573
3d74
6575
8d76
b577
dd78
0579
2d7a
557b
7d7c
a57d
cd7e
f57f
1d60
4561
6d62
9563
bd64
e565
0d66
3567
5d68
8569
ad6a
d56b
fd6c
256d
4d6e
756f
9d70
c571
ed72
1573
3d74
6575
8d76
b577
dd78
0579
2d7a
557b
7d7c
a57d
cd7e
f57f
1d60
4561
6d62
9563
bd64
e565
0d66
3567
5d68
8569
ad6a
d56b
fd6c
256d
4d6e
756f
9d70
c571
ed72
1573
3d74
6575
8d76
b577
dd78
0579
2d7a
557b
7d7c
a57d
cd7e
f57f
1d60
4561
6d62
9563
bd64
e565
0d66
3567
5d68
8569
ad6a
d56b
fd6c
256d
4d6e
756f
9d70
c571
ed72
1573
3d74
6575
8d76
b577
dd78
05da
2ddb
55dc
7ddd
a5de
cddf
f5c0
1dc1
45c2
6dc3
95c4
bdc5
e5c6
0dc7
35c8
5dc9
85ca
adcb
d5cc
fdcd
25ce
4dcf
75d0
9dd1
c5d2
edd3
15d4
3dd5
65d6
8dd7
b5d8
ddd9
05da
2ddb
55dc
7ddd
a5de
cddf
f5c0
1dc1
45c2
6dc3
95c4
bdc5
e5c6
0dc7
35c8
5dc9
85ca
adcb
d5cc
fdcd
25ce
4dcf
75d0
9dd1
c5d2
edd3
15d4
3dd5
65d6
8dd7
b5d8
ddd9
05da
2ddb
55dc
7ddd
a5de
cddf
f5c0
1dc1
45c2
6dc3
95c4
bdc5
e5c6
0dc7
35c8
5dc9
85ca
adcb
d5cc
fdcd
25ce
4dcf
75d0
9dd1
c5d2
edd3
15d4
3dd5
65d6
8dd7
b5d8
ddd9
05da
2ddb
55dc
7ddd
a5de
cddf
f5c0
1dc1
45c2
6dc3
95c4
bdc5
e5c6
0dc7
35c8
5dc9
85ca
adcb
d5cc
fdcd
25ce
4dcf
75d0
9dd1
c5d2
edd3
15d4
3dd5
65d6
8dd7
b5d8
ddd9
05da
2ddb
55dc
7ddd
a5de
cddf
f5c0
1dc1
45c2
6dc3
95c4
bdc5
e5c6
0dc7
35c8
5dc9
85ca
adcb
d5cc
fdcd
25ce
4dcf
75d0
9dd1
c5d2
edd3
15d4
3dd5
65d6
8dd7
b5d8
ddd9
05da
2ddb
55dc
7ddd
a5de
cddf
f5c0
1dc1
45c2
6dc3
95c4
bdc5
e5c6
0dc7
35c8
5dc9
85ca
adcb
d5cc
fdcd
25ce
4dcf
75d0
9dd1
c5d2
edd3
15d4
3dd5
65d6
8dd7
b5d8
ddd9
05da
2ddb
55dc
7ddd
a5de
cddf
f5c0
1dc1
45c2
6dc3
95c4
bdc5
e5c6
0dc7
35c8
5dc9
85ca
adcb
d5cc
fdcd
25ce
4dcf
75d0
9dd1
c5d2
edd3
15d4
3dd5
65d6
8dd7
b5d8
ddd9
05da
2ddb
55dc
7ddd
a5de
cddf
f5c0
1dc1
45c2
6dc3
95c4
bdc5
e5c6
0dc7
35c8
5dc9
85ca
adcb
d5cc
fdcd
25ce
4dcf
75d0
9dd1
c5d2
edd3
15d4
3dd5
65d6
8dd7
b5d8
ddd9
05da
2ddb
55dc
7ddd
a5de
cddf
f5c0
1dc1
45c2
6dc3
95c4
bdc5
e5c6
0dc7
35c8
5dc9
85ca
adcb
d5cc
fdcd
25ce
4dcf
75d0
9dd1
c5d2
edd3
15d4
3dd5
65d6
8dd7
b5d8
ddd9
063b
2e3c
563d
7e3e
a63f
ce20
f621
1e22
4623
6e24
9625
be26
e627
0e28
3629
5e2a
862b
ae2c
d62d
fe2e
262f
4e30
7631
9e32
c633
ee34
1635
3e36
6637
8e38
b639
de3a
063b
2e3c
563d
7e3e
a63f
ce20
f621
1e22
4623
6e24
9625
be26
e627
0e28
3629
5e2a
862b
ae2c
d62d
fe2e
262f
4e30
7631
9e32
c633
ee34
1635
3e36
6637
8e38
b639
de3a
063b
2e3c
563d
7e3e
a63f
ce20
f621
1e22
4623
6e24
9625
be26
e627
0e28
3629
5e2a
862b
ae2c
d62d
fe2e
262f
4e30
7631
9e32
c633
ee34
1635
3e36
6637
8e38
b639
de3a
063b
2e3c
563d
7e3e
a63f
ce20
f621
1e22
4623
6e24
9625
be26
e627
0e28
3629
5e2a
862b
ae2c
d62d
fe2e
262f
4e30
7631
9e32
c633
ee34
1635
3e36
6637
8e38
b639
de3a
063b
2e3c
563d
7e3e
a63f
ce20
f621
1e22
4623
6e24
9625
be26
e627
0e28
3629
5e2a
862b
ae2c
d62d
fe2e
262f
4e30
7631
9e32
c633
ee34
1635
3e36
6637
8e38
b639
de3a
063b
2e3c
563d
7e3e
a63f
ce20
f621
1e22
4623
6e24
9625
be26
e627
0e28
3629
5e2a
862b
ae2c
d62d
fe2e
262f
4e30
7631
9e32
c633
ee34
1635
3e36
6637
8e38
b639
de3a
063b
2e3c
563d
7e3e
a63f
ce20
f621
1e22
4623
6e24
9625
be26
e627
0e28
3629
5e2a
862b
ae2c
d62d
fe2e
262f
4e30
7631
9e32
c633
ee34
1635
3e36
6637
8e38
b639
de3a
063b
2e3c
563d
7e3e
a63f
ce20
f621
1e22
4623
6e24
9625
be26
e627
0e28
3629
5e2a
862b
ae2c
d62d
fe2e
262f
4e30
7631
9e32
c633
ee34
1635
3e36
6637
8e38
b639
de3a
063b
2e3c
563d
7e3e
a63f
ce20
f621
1e22
4623
6e24
9625
be26
e627
0e28
3629
5e2a
862b
ae2c
d62d
fe2e
262f
4e30
7631
9e32
c633
ee34
1635
3e36
6637
8e38
b639
de3a
069c
2e9d
569e
7e9f
a680
ce81
f682
1e83
4684
6e85
9686
be87
e688
0e89
368a
5e8b
868c
ae8d
d68e
fe8f
2690
4e91
7692
9e93
c694
ee95
1696
3e97
6698
8e99
b69a
de9b
069c
2e9d
569e
7e9f
a680
ce81
f682
1e83
4684
6e85
9686
be87
e688
0e89
368a
5e8b
868c
ae8d
d68e
fe8f
2690
4e91
7692
9e93
c694
ee95
1696
3e97
6698
8e99
b69a
de9b
069c
2e9d
569e
7e9f
a680
ce81
f682
1e83
4684
6e85
9686
be87
e688
0e89
368a
5e8b
868c
ae8d
d68e
fe8f
2690
4e91
7692
9e93
c694
ee95
1696
3e97
6698
8e99
b69a
de9b
069c
2e9d
569e
7e9f
a680
ce81
f682
1e83
4684
6e85
9686
be87
e688
0e89
368a
5e8b
868c
ae8d
d68e
fe8f
2690
4e91
7692
9e93
c694
ee95
1696
3e97
6698
8e99
b69a
de9b
069c
2e9d
569e
7e9f
a680
ce81
f682
1e83
4684
6e85
9686
be87
e688
0e89
368a
5e8b
868c
ae8d
d68e
fe8f
2690
4e91
7692
9e93
c694
ee95
1696
3e97
6698
8e99
b69a
de9b
069c
2e9d
569e
7e9f
a680
ce81
f682
1e83
4684
6e85
9686
be87
e688
0e89
368a
5e8b
868c
ae8d
d68e
fe8f
2690
4e91
7692
9e93
c694
ee95
1696
3e97
6698
8e99
b69a
de9b
069c
2e9d
569e
7e9f
a680
ce81
f682
1e83
4684
6e85
9686
be87
e688
0e89
368a
5e8b
868c
ae8d
d68e
fe8f
2690
4e91
7692
9e93
c694
ee95
1696
3e97
6698
8e99
b69a
de9b
069c
2e9d
569e
7e9f
a680
ce81
f682
1e83
4684
6e85
9686
be87
e688
0e89
368a
5e8b
868c
ae8d
d68e
fe8f
2690
4e91
7692
9e93
c694
ee95
1696
3e97
6698
8e99
b69a
de9b
069c
2e9d
569e
7e9f
a680
ce81
f682
1e83
4684
6e85
9686
be87
e688
0e89
368a
5e8b
868c
ae8d
d68e
fe8f
2690
4e91
7692
9e93
c694
ee95
1696
3e97
6698
8e99
b69a
de9b
06fd
2efe
56ff
7ee0
a6e1
cee2
f6e3
1ee4
46e5
6ee6
96e7
bee8
e6e9
0eea
36eb
5eec
86ed
aeee
d6ef
fef0
26f1
4ef2
76f3
9ef4
c6f5
eef6
16f7
3ef8
66f9
8efa
b6fb
defc
06fd
2efe
56ff
7ee0
a6e1
cee2
f6e3
1ee4
46e5
6ee6
96e7
bee8
e6e9
0eea
36eb
5eec
86ed
aeee
d6ef
fef0
26f1
4ef2
76f3
9ef4
c6f5
eef6
16f7
3ef8
66f9
8efa
b6fb
defc
06fd
2efe
56ff
7ee0
a6e1
cee2
f6e3
1ee4
46e5
6ee6
96e7
bee8
e6e9
0eea
36eb
5eec
86ed
aeee
d6ef
fef0
26f1
4ef2
76f3
9ef4
c6f5
eef6
16f7
3ef8
66f9
8efa
b6fb
defc
06fd
2efe
56ff
7ee0
a6e1
cee2
f6e3
1ee4
46e5
6ee6
96e7
bee8
e6e9
0eea
36eb
5eec
86ed
aeee
d6ef
fef0
26f1
4ef2
76f3
9ef4
c6f5
eef6
16f7
3ef8
66f9
8efa
b6fb
defc
06fd
2efe
56ff
7ee0
a6e1
cee2
f6e3
1ee4
46e5
6ee6
96e7
bee8
e6e9
0eea
36eb
5eec
86ed
aeee
d6ef
fef0
26f1
4ef2
76f3
9ef4
c6f5
eef6
16f7
3ef8
66f9
8efa
b6fb
defc
06fd
2efe
56ff
7ee0
a6e1
cee2
f6e3
1ee4
46e5
6ee6
96e7
bee8
e6e9
0eea
36eb
5eec
86ed
aeee
d6ef
fef0
26f1
4ef2
76f3
9ef4
c6f5
eef6
16f7
3ef8
66f9
8efa
b6fb
defc
06fd
2efe
56ff
7ee0
a6e1
cee2
f6e3
1ee4
46e5
6ee6
96e7
bee8
e6e9
0eea
36eb
5eec
86ed
aeee
d6ef
fef0
26f1
4ef2
76f3
9ef4
c6f5
eef6
16f7
3ef8
66f9
8efa
b6fb
defc
06fd
2efe
56ff
7ee0
a6e1
cee2
f6e3
1ee4
46e5
6ee6
96e7
bee8
e6e9
0eea
36eb
5eec
86ed
aeee
d6ef
fef0
26f1
4ef2
76f3
9ef4
c6f5
eef6
16f7
3ef8
66f9
8efa
b6fb
defc
06fd
2efe
56ff
7ee0
a6e1
cee2
f6e3
1ee4
46e5
6ee6
96e7
bee8
e6e9
0eea
36eb
5eec
86ed
aeee
d6ef
fef0
26f1
4ef2
76f3
9ef4
c6f5
eef6
16f7
3ef8
66f9
8efa
b6fb
defc
075e
2f5f
5740
7f41
a742
cf43
f744
1f45
4746
6f47
9748
bf49
e74a
0f4b
374c
5f4d
874e
af4f
d750
ff51
2752
4f53
7754
9f55
c756
ef57
1758
3f59
675a
8f5b
b75c
df5d
075e
2f5f
5740
7f41
a742
cf43
f744
1f45
4746
6f47
9748
bf49
e74a
0f4b
374c
5f4d
874e
af4f
d750
ff51
2752
4f53
7754
9f55
c756
ef57
1758
3f59
675a
8f5b
b75c
df5d
075e
2f5f
5740
7f41
a742
cf43
f744
1f45
4746
6f47
9748
bf49
e74a
0f4b
374c
5f4d
874e
af4f
d750
ff51
2752
4f53
7754
9f55
c756
ef57
1758
3f59
675a
8f5b
b75c
df5d
075e
2f5f
5740
7f41
a742
cf43
f744
1f45
4746
6f47
9748
bf49
e74a
0f4b
374c
5f4d
874e
af4f
d750
ff51
2752
4f53
7754
9f55
c756
ef57
1758
3f59
675a
8f5b
b75c
df5d
075e
2f5f
5740
7f41
a742
cf43
f744
1f45
4746
6f47
9748
bf49
e74a
0f4b
374c
5f4d
874e
af4f
d750
ff51
2752
4f53
7754
9f55
c756
ef57
1758
3f59
675a
8f5b
b75c
df5d
075e
2f5f
5740
7f41
a742
cf43
f744
1f45
4746
6f47
9748
bf49
e74a
0f4b
374c
5f4d
874e
af4f
d750
ff51
2752
4f53
7754
9f55
c756
ef57
1758
3f59
675a
8f5b
b75c
df5d
075e
2f5f
5740
7f41
a742
cf43
f744
1f45
4746
6f47
9748
bf49
e74a
0f4b
374c
5f4d
874e
af4f
d750
ff51
2752
4f53
7754
9f55
c756
ef57
1758
3f59
675a
8f5b
b75c
df5d
075e
2f5f
5740
7f41
a742
cf43
f744
1f45
4746
6f47
9748
bf49
e74a
0f4b
374c
5f4d
874e
af4f
d750
ff51
2752
4f53
7754
9f55
c756
ef57
1758
3f59
675a
8f5b
b75c
df5d
075e
2f5f
5740
7f41
a742
cf43
f744
1f45
4746
6f47
9748
bf49
e74a
0f4b
374c
5f4d
874e
af4f
d750
ff51
2752
4f53
7754
9f55
c756
ef57
1758
3f59
675a
8f5b
b75c
df5d
07bf
2fa0
57a1
7fa2
a7a3
cfa4
f7a5
1fa6
47a7
6fa8
97a9
bfaa
e7ab
0fac
37ad
5fae
87af
afb0
d7b1
ffb2
27b3
4fb4
77b5
9fb6
c7b7
efb8
17b9
3fba
67bb
8fbc
b7bd
dfbe
07bf
2fa0
57a1
7fa2
a7a3
cfa4
f7a5
1fa6
47a7
6fa8
97a9
bfaa
e7ab
0fac
37ad
5fae
87af
afb0
d7b1
ffb2
27b3
4fb4
77b5
9fb6
c7b7
efb8
17b9
3fba
67bb
8fbc
b7bd
dfbe
07bf
2fa0
57a1
7fa2
a7a3
cfa4
f7a5
1fa6
47a7
6fa8
97a9
bfaa
e7ab
0fac
37ad
5fae
87af
afb0
d7b1
ffb2
27b3
4fb4
77b5
9fb6
c7b7
efb8
17b9
3fba
67bb
8fbc
b7bd
dfbe
07bf
2fa0
57a1
7fa2
a7a3
cfa4
f7a5
1fa6
47a7
6fa8
97a9
bfaa
e7ab
0fac
37ad
5fae
87af
afb0
d7b1
ffb2
27b3
4fb4
77b5
9fb6
c7b7
efb8
17b9
3fba
67bb
8fbc
b7bd
dfbe
07bf
2fa0
57a1
7fa2
a7a3
cfa4
f7a5
1fa6
47a7
6fa8
97a9
bfaa
e7ab
0fac
37ad
5fae
87af
afb0
d7b1
ffb2
27b3
4fb4
77b5
9fb6
c7b7
efb8
17b9
3fba
67bb
8fbc
b7bd
dfbe
07bf
2fa0
57a1
7fa2
a7a3
cfa4
f7a5
1fa6
47a7
6fa8
97a9
bfaa
e7ab
0fac
37ad
5fae
87af
afb0
d7b1
ffb2
27b3
4fb4
77b5
9fb6
c7b7
efb8
17b9
3fba
67bb
8fbc
b7bd
dfbe
07bf
2fa0
57a1
7fa2
a7a3
cfa4
f7a5
1fa6
47a7
6fa8
97a9
bfaa
e7ab
0fac
37ad
5fae
87af
afb0
d7b1
ffb2
27b3
4fb4
77b5
9fb6
c7b7
efb8
17b9
3fba
67bb
8fbc
b7bd
dfbe
07bf
2fa0
57a1
7fa2
a7a3
cfa4
f7a5
1fa6
47a7
6fa8
97a9
bfaa
e7ab
0fac
37ad
5fae
87af
afb0
d7b1
ffb2
27b3
4fb4
77b5
9fb6
c7b7
efb8
17b9
3fba
67bb
8fbc
b7bd
dfbe
07bf
2fa0
57a1
7fa2
a7a3
cfa4
f7a5
1fa6
47a7
6fa8
97a9
bfaa
e7ab
0fac
37ad
5fae
87af
afb0
d7b1
ffb2
27b3
4fb4
77b5
9fb6
c7b7
efb8
17b9
3fba
67bb
8fbc
b7bd
dfbe
0000
2801
5002
7803
a004
c805
f006
1807
4008
6809
900a
b80b
e00c
080d
300e
580f
8010
a811
d012
f813
2014
4815
7016
9817
c018
e819
101a
381b
601c
881d
b01e
d81f
0000
2801
5002
7803
a004
c805
f006
1807
4008
6809
900a
b80b
e00c
080d
300e
580f
8010
a811
d012
f813
2014
4815
7016
9817
c018
e819
101a
381b
601c
881d
b01e
d81f
0000
2801
5002
7803
a004
c805
f006
1807
4008
6809
900a
b80b
e00c
080d
300e
580f
8010
a811
d012
f813
2014
4815
7016
9817
c018
e819
101a
381b
601c
881d
b01e
d81f
0000
2801
5002
7803
a004
c805
f006
1807
4008
6809
900a
b80b
e00c
080d
300e
580f
8010
a811
d012
f813
2014
4815
7016
9817
c018
e819
101a
381b
601c
881d
b01e
d81f
0000
2801
5002
7803
a004
c805
f006
1807
4008
6809
900a
b80b
e00c
080d
300e
580f
8010
a811
d012
f813
2014
4815
7016
9817
c018
e819
101a
381b
601c
881d
b01e
d81f
0000
2801
5002
7803
a004
c805
f006
1807
4008
6809
900a
b80b
e00c
080d
300e
580f
8010
a811
d012
f813
2014
4815
7016
9817
c018
e819
101a
381b
601c
881d
b01e
d81f
0000
2801
5002
7803
a004
c805
f006
1807
4008
6809
900a
b80b
e00c
080d
300e
580f
8010
a811
d012
f813
2014
4815
7016
9817
c018
e819
101a
381b
601c
881d
b01e
d81f
0000
2801
5002
7803
a004
c805
f006
1807
4008
6809
900a
b80b
e00c
080d
300e
580f
8010
a811
d012
f813
2014
4815
7016
9817
c018
e819
101a
381b
601c
881d
b01e
d81f
0000
2801
5002
7803
a004
c805
f006
1807
4008
6809
900a
b80b
e00c
080d
300e
580f
8010
a811
d012
f813
2014
4815
7016
9817
c018
e819
101a
381b
601c
881d
b01e
d81f
0061
2862
5063
7864
a065
c866
f067
1868
4069
686a
906b
b86c
e06d
086e
306f
5870
8071
a872
d073
f874
2075
4876
7077
9878
c079
e87a
107b
387c
607d
887e
b07f
d860
0061
2862
5063
7864
a065
c866
f067
1868
4069
686a
906b
b86c
e06d
086e
306f
5870
8071
a872
d073
f874
2075
4876
7077
9878
c079
e87a
107b
387c
607d
887e
b07f
d860
0061
2862
5063
7864
a065
c866
f067
1868
4069
686a
906b
b86c
e06d
086e
306f
5870
8071
a872
d073
f874
2075
4876
7077
9878
c079
e87a
107b
387c
607d
887e
b07f
d860
0061
2862
5063
7864
a065
c866
f067
1868
4069
686a
906b
b86c
e06d
086e
306f
5870
8071
a872
d073
f874
2075
4876
7077
9878
c079
e87a
107b
387c
607d
887e
b07f
d860
0061
2862
5063
7864
a065
c866
f067
1868
4069
686a
906b
b86c
e06d
086e
306f
5870
8071
a872
d073
f874
2075
4876
7077
9878
c079
e87a
107b
387c
607d
887e
b07f
d860
0061
2862
5063
7864
a065
c866
f067
1868
4069
686a
906b
b86c
e06d
086e
306f
5870
8071
a872
d073
f874
2075
4876
7077
9878
c079
e87a
107b
387c
607d
887e
b07f
d860
0061
2862
5063
7864
a065
c866
f067
1868
4069
686a
906b
b86c
e06d
086e
306f
5870
8071
a872
d073
f874
2075
4876
7077
9878
c079
e87a
107b
387c
607d
887e
b07f
d860
0061
2862
5063
7864
a065
c866
f067
1868
4069
686a
906b
b86c
e06d
086e
306f
5870
8071
a872
d073
f874
2075
4876
7077
9878
c079
e87a
107b
387c
607d
887e
b07f
d860
0061
2862
5063
7864
a065
c866
f067
1868
4069
686a
906b
b86c
e06d
086e
306f
5870
8071
a872
d073
f874
2075
4876
7077
9878
c079
e87a
107b
387c
607d
887e
b07f
d860
00c2
28c3
50c4
78c5
a0c6
c8c7
f0c8
18c9
40ca
68cb
90cc
b8cd
e0ce
08cf
30d0
58d1
80d2
a8d3
d0d4
f8d5
20d6
48d7
70d8
98d9
c0da
e8db
10dc
38dd
60de
88df
b0c0
d8c1
00c2
28c3
50c4
78c5
a0c6
c8c7
f0c8
18c9
40ca
68cb
90cc
b8cd
e0ce
08cf
30d0
58d1
80d2
a8d3
d0d4
f8d5
20d6
48d7
70d8
98d9
c0da
e8db
10dc
38dd
60de
88df
b0c0
d8c1
00c2
28c3
50c4
78c5
a0c6
c8c7
f0c8
18c9
40ca
68cb
90cc
b8cd
e0ce
08cf
30d0
58d1
80d2
a8d3
d0d4
f8d5
20d6
48d7
70d8
98d9
c0da
e8db
10dc
38dd
60de
88df
b0c0
d8c1
00c2
28c3
50c4
78c5
a0c6
c8c7
f0c8
18c9
40ca
68cb
90cc
b8cd
e0ce
08cf
30d0
58d1
80d2
a8d3
d0d4
f8d5
20d6
48d7
70d8
98d9
c0da
e8db
10dc
38dd
60de
88df
b0c0
d8c1
00c2
28c3
50c4
78c5
a0c6
c8c7
f0c8
18c9
40ca
68cb
90cc
b8cd
e0ce
08cf
30d0
58d1
80d2
a8d3
d0d4
f8d5
20d6
48d7
70d8
98d9
c0da
e8db
10dc
38dd
60de
88df
b0c0
d8c1
00c2
28c3
50c4
78c5
a0c6
c8c7
f0c8
18c9
40ca
68cb
90cc
b8cd
e0ce
08cf
30d0
58d1
80d2
a8d3
d0d4
f8d5
20d6
48d7
70d8
98d9
c0da
e8db
10dc
38dd
60de
88df
b0c0
d8c1
00c2
28c3
50c4
78c5
a0c6
c8c7
f0c8
18c9
40ca
68cb
90cc
b8cd
e0ce
08cf
30d0
58d1
80d2
a8d3
d0d4
f8d5
20d6
48d7
70d8
98d9
c0da
e8db
10dc
38dd
60de
88df
b0c0
d8c1
00c2
28c3
50c4
78c5
a0c6
c8c7
f0c8
18c9
40ca
68cb
90cc
b8cd
e0ce
08cf
30d0
58d1
80d2
a8d3
d0d4
f8d5
20d6
48d7
70d8
98d9
c0da
e8db
10dc
38dd
60de
88df
b0c0
d8c1
00c2
28c3
50c4
78c5
a0c6
c8c7
f0c8
18c9
40ca
68cb
90cc
b8cd
e0ce
08cf
30d0
58d1
80d2
a8d3
d0d4
f8d5
20d6
48d7
70d8
98d9
c0da
e8db
10dc
38dd
60de
88df
b0c0
d8c1
0123
2924
5125
7926
a127
c928
f129
192a
412b
692c
912d
b92e
e12f
0930
3131
5932
8133
a934
d135
f936
2137
4938
7139
993a
c13b
e93c
113d
393e
613f
8920
b121
d922
0123
2924
5125
7926
a127
c928
f129
192a
412b
692c
912d
b92e
e12f
0930
3131
5932
8133
a934
d135
f936
2137
4938
7139
993a
c13b
e93c
113d
393e
613f
8920
b121
d922
0123
2924
5125
7926
a127
c928
f129
192a
412b
692c
912d
b92e
e12f
0930
3131
5932
8133
a934
d135
f936
2137
4938
7139
993a
c13b
e93c
113d
393e
613f
8920
b121
d922
0123
2924
5125
7926
a127
c928
f129
192a
412b
692c
912d
b92e
e12f
0930
3131
5932
8133
a934
d135
f936
2137
4938
7139
993a
c13b
e93c
113d
393e
613f
8920
b121
d922
0123
2924
5125
7926
a127
c928
f129
192a
412b
692c
912d
b92e
e12f
0930
3131
5932
8133
a934
d135
f936
2137
4938
7139
993a
c13b
e93c
113d
393e
613f
8920
b121
d922
0123
2924
5125
7926
a127
c928
f129
192a
412b
692c
912d
b92e
e12f
0930
3131
5932
8133
a934
d135
f936
2137
4938
7139
993a
c13b
e93c
113d
393e
613f
8920
b121
d922
0123
2924
5125
7926
a127
c928
f129
192a
412b
692c
912d
b92e
e12f
0930
3131
5932
8133
a934
d135
f936
2137
4938
7139
993a
c13b
e93c
113d
393e
613f
8920
b121
d922
0123
2924
5125
7926
a127
c928
f129
192a
412b
692c
912d
b92e
e12f
0930
3131
5932
8133
a934
d135
f936
2137
4938
7139
993a
c13b
e93c
113d
393e
613f
8920
b121
d922
0123
2924
5125
7926
a127
c928
f129
192a
412b
692c
912d
b92e
e12f
0930
3131
5932
8133
a934
d135
f936
2137
4938
7139
993a
c13b
e93c
113d
393e
613f
8920
b121
d922
0184
2985
5186
7987
a188
c989
f18a
198b
418c
698d
918e
b98f
e190
0991
3192
5993
8194
a995
d196
f997
2198
4999
719a
999b
c19c
e99d
119e
399f
6180
8981
b182
d983
0184
2985
5186
7987
a188
c989
f18a
198b
418c
698d
918e
b98f
e190
0991
3192
5993
8194
a995
d196
f997
2198
4999
719a
999b
c19c
e99d
119e
399f
6180
8981
b182
d983
0184
2985
5186
7987
a188
c989
f18a
198b
418c
698d
918e
b98f
e190
0991
3192
5993
8194
a995
d196
f997
2198
4999
719a
999b
c19c
e99d
119e
399f
6180
8981
b182
d983
0184
2985
5186
7987
a188
c989
f18a
198b
418c
698d
918e
b98f
e190
0991
3192
5993
8194
a995
d196
f997
2198
4999
719a
999b
c19c
e99d
119e
399f
6180
8981
b182
d983
0184
2985
5186
7987
a188
c989
f18a
198b
418c
698d
918e
b98f
e190
0991
3192
5993
8194
a995
d196
f997
2198
4999
719a
999b
c19c
e99d
119e
399f
6180
8981
b182
d983
0184
2985
5186
7987
a188
c989
f18a
198b
418c
698d
918e
b98f
e190
0991
3192
5993
8194
a995
d196
f997
2198
4999
719a
999b
c19c
e99d
119e
399f
6180
8981
b182
d983
0184
2985
5186
7987
a188
c989
f18a
198b
418c
698d
918e
b98f
e190
0991
3192
5993
8194
a995
d196
f997
2198
4999
719a
999b
c19c
e99d
119e
399f
6180
8981
b182
d983
0184
2985
5186
7987
a188
c989
f18a
198b
418c
698d
918e
b98f
e190
0991
3192
5993
8194
a995
d196
f997
2198
4999
719a
999b
c19c
e99d
119e
399f
6180
8981
b182
d983
0184
2985
5186
7987
a188
c989
f18a
198b
418c
698d
918e
b98f
e190
0991
3192
5993
8194
a995
d196
f997
2198
4999
719a
999b
c19c
e99d
119e
399f
6180
8981
b182
d983
01e5
29e6
51e7
79e8
a1e9
c9ea
f1eb
19ec
41ed
69ee
91ef
b9f0
e1f1
09f2
31f3
59f4
81f5
a9f6
d1f7
f9f8
21f9
49fa
71fb
99fc
c1fd
e9fe
11ff
39e0
61e1
89e2
b1e3
d9e4
01e5
29e6
51e7
79e8
a1e9
c9ea
f1eb
19ec
41ed
69ee
91ef
b9f0
e1f1
09f2
31f3
59f4
81f5
a9f6
d1f7
f9f8
21f9
49fa
71fb
99fc
c1fd
e9fe
11ff
39e0
61e1
89e2
b1e3
d9e4
01e5
29e6
51e7
79e8
a1e9
c9ea
f1eb
19ec
41ed
69ee
91ef
b9f0
e1f1
09f2
31f3
59f4
81f5
a9f6
d1f7
f9f8
21f9
49fa
71fb
99fc
c1fd
e9fe
11ff
39e0
61e1
89e2
b1e3
d9e4
01e5
29e6
51e7
79e8
a1e9
c9ea
f1eb
19ec
41ed
69ee
91ef
b9f0
e1f1
09f2
31f3
59f4
81f5
a9f6
d1f7
f9f8
21f9
49fa
71fb
99fc
c1fd
e9fe
11ff
39e0
61e1
89e2
b1e3
d9e4
01e5
29e6
51e7
79e8
a1e9
c9ea
f1eb
19ec
41ed
69ee
91ef
b9f0
e1f1
09f2
31f3
59f4
81f5
a9f6
d1f7
f9f8
21f9
49fa
71fb
99fc
c1fd
e9fe
11ff
39e0
61e1
89e2
b1e3
d9e4
01e5
29e6
51e7
79e8
a1e9
c9ea
f1eb
19ec
41ed
69ee
91ef
b9f0
e1f1
09f2
31f3
59f4
81f5
a9f6
d1f7
f9f8
21f9
49fa
71fb
99fc
c1fd
e9fe
11ff
39e0
61e1
89e2
b1e3
d9e4
01e5
29e6
51e7
79e8
a1e9
c9ea
f1eb
19ec
41ed
69ee
91ef
b9f0
e1f1
09f2
31f3
59f4
81f5
a9f6
d1f7
f9f8
21f9
49fa
71fb
99fc
c1fd
e9fe
11ff
39e0
61e1
89e2
b1e3
d9e4
01e5
29e6
51e7
79e8
a1e9
c9ea
f1eb
19ec
41ed
69ee
91ef
b9f0
e1f1
09f2
31f3
59f4
81f5
a9f6
d1f7
f9f8
21f9
49fa
71fb
99fc
c1fd
e9fe
11ff
39e0
61e1
89e2
b1e3
d9e4
01e5
29e6
51e7
79e8
a1e9
c9ea
f1eb
19ec
41ed
69ee
91ef
b9f0
e1f1
09f2
31f3
59f4
81f5
a9f6
d1f7
f9f8
21f9
49fa
71fb
99fc
c1fd
e9fe
11ff
39e0
61e1
89e2
b1e3
d9e4
0246
2a47
5248
7a49
a24a
ca4b
f24c
1a4d
424e
6a4f
9250
ba51
e252
0a53
3254
5a55
8256
aa57
d258
fa59
225a
4a5b
725c
9a5d
c25e
ea5f
1240
3a41
6242
8a43
b244
da45
0246
2a47
5248
7a49
a24a
ca4b
f24c
1a4d
424e
6a4f
9250
ba51
e252
0a53
3254
5a55
8256
aa57
d258
fa59
225a
4a5b
725c
9a5d
c25e
ea5f
1240
3a41
6242
8a43
b244
da45
0246
2a47
5248
7a49
a24a
ca4b
f24c
1a4d
424e
6a4f
9250
ba51
e252
0a53
3254
5a55
8256
aa57
d258
fa59
225a
4a5b
725c
9a5d
c25e
ea5f
1240
3a41
6242
8a43
b244
da45
0246
2a47
5248
7a49
a24a
ca4b
f24c
1a4d
424e
6a4f
9250
ba51
e252
0a53
3254
5a55
8256
aa57
d258
fa59
225a
4a5b
725c
9a5d
c25e
ea5f
1240
3a41
6242
8a43
b244
da45
0246
2a47
5248
7a49
a24a
ca4b
f24c
1a4d
424e
6a4f
9250
ba51
e252
0a53
3254
5a55
8256
aa57
d258
fa59
225a
4a5b
725c
9a5d
c25e
ea5f
1240
3a41
6242
8a43
b244
da45
0246
2a47
5248
7a49
a24a
ca4b
f24c
1a4d
424e
6a4f
9250
ba51
e252
0a53
3254
5a55
8256
aa57
d258
fa59
225a
4a5b
725c
9a5d
c25e
ea5f
1240
3a41
6242
8a43
b244
da45
0246
2a47
5248
7a49
a24a
ca4b
f24c
1a4d
424e
6a4f
9250
ba51
e252
0a53
3254
5a55
8256
aa57
d258
fa59
225a
4a5b
725c
9a5d
c25e
ea5f
1240
3a41
6242
8a43
b244
da45
0246
2a47
5248
7a49
a24a
ca4b
f24c
1a4d
424e
6a4f
9250
ba51
e252
0a53
3254
5a55
8256
aa57
d258
fa59
225a
4a5b
725c
9a5d
c25e
ea5f
1240
3a41
6242
8a43
b244
da45
0246
2a47
5248
7a49
a24a
ca4b
f24c
1a4d
424e
6a4f
9250
ba51
e252
0a53
3254
5a55
8256
aa57
d258
fa59
225a
4a5b
725c
9a5d
c25e
ea5f
1240
3a41
6242
8a43
b244
da45
02a7
2aa8
52a9
7aaa
a2ab
caac
f2ad
1aae
42af
6ab0
92b1
bab2
e2b3
0ab4
32b5
5ab6
82b7
aab8
d2b9
faba
22bb
4abc
72bd
9abe
c2bf
eaa0
12a1
3aa2
62a3
8aa4
b2a5
daa6
02a7
2aa8
52a9
7aaa
a2ab
caac
f2ad
1aae
42af
6ab0
92b1
bab2
e2b3
0ab4
32b5
5ab6
82b7
aab8
d2b9
faba
22bb
4abc
72bd
9abe
c2bf
eaa0
12a1
3aa2
62a3
8aa4
b2a5
daa6
02a7
2aa8
52a9
7aaa
a2ab
caac
f2ad
1aae
42af
6ab0
92b1
bab2
e2b3
0ab4
32b5
5ab6
82b7
aab8
d2b9
faba
22bb
4abc
72bd
9abe
c2bf
eaa0
12a1
3aa2
62a3
8aa4
b2a5
daa6
02a7
2aa8
52a9
7aaa
a2ab
caac
f2ad
1aae
42af
6ab0
92b1
bab2
e2b3
0ab4
32b5
5ab6
82b7
aab8
d2b9
faba
22bb
4abc
72bd
9abe
c2bf
eaa0
12a1
3aa2
62a3
8aa4
b2a5
daa6
02a7
2aa8
52a9
7aaa
a2ab
caac
f2ad
1aae
42af
6ab0
92b1
bab2
e2b3
0ab4
32b5
5ab6
82b7
aab8
d2b9
faba
22bb
4abc
72bd
9abe
c2bf
eaa0
12a1
3aa2
62a3
8aa4
b2a5
daa6
02a7
2aa8
52a9
7aaa
a2ab
caac
f2ad
1aae
42af
6ab0
92b1
bab2
e2b3
0ab4
32b5
5ab6
82b7
aab8
d2b9
faba
22bb
4abc
72bd
9abe
c2bf
eaa0
12a1
3aa2
62a3
8aa4
b2a5
daa6
02a7
2aa8
52a9
7aaa
a2ab
caac
f2ad
1aae
42af
6ab0
92b1
bab2
e2b3
0ab4
32b5
5ab6
82b7
aab8
d2b9
faba
22bb
4abc
72bd
9abe
c2bf
eaa0
12a1
3aa2
62a3
8aa4
b2a5
daa6
02a7
2aa8
52a9
7aaa
a2ab
caac
f2ad
1aae
42af
6ab0
92b1
bab2
e2b3
0ab4
32b5
5ab6
82b7
aab8
d2b9
faba
22bb
4abc
72bd
9abe
c2bf
eaa0
12a1
3aa2
62a3
8aa4
b2a5
daa6
02a7
2aa8
52a9
7aaa
a2ab
caac
f2ad
1aae
42af
6ab0
92b1
bab2
e2b3
0ab4
32b5
5ab6
82b7
aab8
d2b9
faba
22bb
4abc
72bd
9abe
c2bf
eaa0
12a1
3aa2
62a3
8aa4
b2a5
daa6
0308
2b09
530a
7b0b
a30c
cb0d
f30e
1b0f
4310
6b11
9312
bb13
e314
0b15
3316
5b17
8318
ab19
d31a
fb1b
231c
4b1d
731e
9b1f
c300
eb01
1302
3b03
6304
8b05
b306
db07
0308
2b09
530a
7b0b
a30c
cb0d
f30e
1b0f
4310
6b11
9312
bb13
e314
0b15
3316
5b17
8318
ab19
d31a
fb1b
231c
4b1d
731e
9b1f
c300
eb01
1302
3b03
6304
8b05
b306
db07
0308
2b09
530a
7b0b
a30c
cb0d
f30e
1b0f
4310
6b11
9312
bb13
e314
0b15
3316
5b17
8318
ab19
d31a
fb1b
231c
4b1d
731e
9b1f
c300
eb01
1302
3b03
6304
8b05
b306
db07
0308
2b09
530a
7b0b
a30c
cb0d
f30e
1b0f
4310
6b11
9312
bb13
e314
0b15
3316
5b17
8318
ab19
d31a
fb1b
231c
4b1d
731e
9b1f
c300
eb01
1302
3b03
6304
8b05
b306
db07
0308
2b09
530a
7b0b
a30c
cb0d
f30e
1b0f
4310
6b11
9312
bb13
e314
0b15
3316
5b17
8318
ab19
d31a
fb1b
231c
4b1d
731e
9b1f
c300
eb01
1302
3b03
6304
8b05
b306
db07
0308
2b09
530a
7b0b
a30c
cb0d
f30e
1b0f
4310
6b11
9312
bb13
e314
0b15
3316
5b17
8318
ab19
d31a
fb1b
231c
4b1d
731e
9b1f
c300
eb01
1302
3b03
6304
8b05
b306
db07
0308
2b09
530a
7b0b
a30c
cb0d
f30e
1b0f
4310
6b11
9312
bb13
e314
0b15
3316
5b17
8318
ab19
d31a
fb1b
231c
4b1d
731e
9b1f
c300
eb01
1302
3b03
6304
8b05
b306
db07
0308
2b09
530a
7b0b
a30c
cb0d
f30e
1b0f
4310
6b11
9312
bb13
e314
0b15
3316
5b17
8318
ab19
d31a
fb1b
231c
4b1d
731e
9b1f
c300
eb01
1302
3b03
6304
8b05
b306
db07
0308
2b09
530a
7b0b
a30c
cb0d
f30e
1b0f
4310
6b11
9312
bb13
e314
0b15
3316
5b17
8318
ab19
d31a
fb1b
231c
4b1d
731e
9b1f
c300
eb01
1302
3b03
6304
8b05
b306
db07
0369
2b6a
536b
7b6c
a36d
cb6e
f36f
1b70
4371
6b72
9373
bb74
e375
0b76
3377
5b78
8379
ab7a
d37b
fb7c
237d
4b7e
737f
9b60
c361
eb62
1363
3b64
6365
8b66
b367
db68
0369
2b6a
536b
7b6c
a36d
cb6e
f36f
1b70
4371
6b72
9373
bb74
e375
0b76
3377
5b78
8379
ab7a
d37b
fb7c
237d
4b7e
737f
9b60
c361
eb62
1363
3b64
6365
8b66
b367
db68
0369
2b6a
536b
7b6c
a36d
cb6e
f36f
1b70
4371
6b72
9373
bb74
e375
0b76
3377
5b78
8379
ab7a
d37b
fb7c
237d
4b7e
737f
9b60
c361
eb62
1363
3b64
6365
8b66
b367
db68
0369
2b6a
536b
7b6c
a36d
cb6e
f36f
1b70
4371
6b72
9373
bb74
e375
0b76
3377
5b78
8379
ab7a
d37b
fb7c
237d
4b7e
737f
9b60
c361
eb62
1363
3b64
6365
8b66
b367
db68
0369
2b6a
536b
7b6c
a36d
cb6e
f36f
1b70
4371
6b72
9373
bb74
e375
0b76
3377
5b78
8379
ab7a
d37b
fb7c
237d
4b7e
737f
9b60
c361
eb62
1363
3b64
6365
8b66
b367
db68
0369
2b6a
536b
7b6c
a36d
cb6e
f36f
1b70
4371
6b72
9373
bb74
e375
0b76
3377
5b78
8379
ab7a
d37b
fb7c
237d
4b7e
737f
9b60
c361
eb62
1363
3b64
6365
8b66
b367
db68
0369
2b6a
536b
7b6c
a36d
cb6e
f36f
1b70
4371
6b72
9373
bb74
e375
0b76
3377
5b78
8379
ab7a
d37b
fb7c
237d
4b7e
737f
9b60
c361
eb62
1363
3b64
6365
8b66
b367
db68
0369
2b6a
536b
7b6c
a36d
cb6e
f36f
1b70
4371
6b72
9373
bb74
e375
0b76
3377
5b78
8379
ab7a
d37b
fb7c
237d
4b7e
737f
9b60
c361
eb62
1363
3b64
6365
8b66
b367
db68
0369
2b6a
536b
7b6c
a36d
cb6e
f36f
1b70
4371
6b72
9373
bb74
e375
0b76
3377
5b78
8379
ab7a
d37b
fb7c
237d
4b7e
737f
9b60
c361
eb62
1363
3b64
6365
8b66
b367
db68
03ca
2bcb
53cc
7bcd
a3ce
cbcf
f3d0
1bd1
43d2
6bd3
93d4
bbd5
e3d6
0bd7
33d8
5bd9
83da
abdb
d3dc
fbdd
23de
4bdf
73c0
9bc1
c3c2
ebc3
13c4
3bc5
63c6
8bc7
b3c8
dbc9
03ca
2bcb
53cc
7bcd
a3ce
cbcf
f3d0
1bd1
43d2
6bd3
93d4
bbd5
e3d6
0bd7
33d8
5bd9
83da
abdb
d3dc
fbdd
23de
4bdf
73c0
9bc1
c3c2
ebc3
13c4
3bc5
63c6
8bc7
b3c8
dbc9
03ca
2bcb
53cc
7bcd
a3ce
cbcf
f3d0
1bd1
43d2
6bd3
93d4
bbd5
e3d6
0bd7
33d8
5bd9
83da
abdb
d3dc
fbdd
23de
4bdf
73c0
9bc1
c3c2
ebc3
13c4
3bc5
63c6
8bc7
b3c8
dbc9
03ca
2bcb
53cc
7bcd
a3ce
cbcf
f3d0
1bd1
43d2
6bd3
93d4
bbd5
e3d6
0bd7
33d8
5bd9
83da
abdb
d3dc
fbdd
23de
4bdf
73c0
9bc1
c3c2
ebc3
13c4
3bc5
63c6
8bc7
b3c8
dbc9
03ca
2bcb
53cc
7bcd
a3ce
cbcf
f3d0
1bd1
43d2
6bd3
93d4
bbd5
e3d6
0bd7
33d8
5bd9
83da
abdb
d3dc
fbdd
23de
4bdf
73c0
9bc1
c3c2
ebc3
13c4
3bc5
63c6
8bc7
b3c8
dbc9
03ca
2bcb
53cc
7bcd
a3ce
cbcf
f3d0
1bd1
43d2
6bd3
93d4
bbd5
e3d6
0bd7
33d8
5bd9
83da
abdb
d3dc
fbdd
23de
4bdf
73c0
9bc1
c3c2
ebc3
13c4
3bc5
63c6
8bc7
b3c8
dbc9
03ca
2bcb
53cc
7bcd
a3ce
cbcf
f3d0
1bd1
43d2
6bd3
93d4
bbd5
e3d6
0bd7
33d8
5bd9
83da
abdb
d3dc
fbdd
23de
4bdf
73c0
9bc1
c3c2
ebc3
13c4
3bc5
63c6
8bc7
b3c8
dbc9
03ca
2bcb
53cc
7bcd
a3ce
cbcf
f3d0
1bd1
43d2
6bd3
93d4
bbd5
e3d6
0bd7
33d8
5bd9
83da
abdb
d3dc
fbdd
23de
4bdf
73c0
9bc1
c3c2
ebc3
13c4
3bc5
63c6
8bc7
b3c8
dbc9
03ca
2bcb
53cc
7bcd
a3ce
cbcf
f3d0
1bd1
43d2
6bd3
93d4
bbd5
e3d6
0bd7
33d8
5bd9
83da
abdb
d3dc
fbdd
23de
4bdf
73c0
9bc1
c3c2
ebc3
13c4
3bc5
63c6
8bc7
b3c8
dbc9
042b
2c2c
542d
7c2e
a42f
cc30
f431
1c32
4433
6c34
9435
bc36
e437
0c38
3439
5c3a
843b
ac3c
d43d
fc3e
243f
4c20
7421
9c22
c423
ec24
1425
3c26
6427
8c28
b429
dc2a
042b
2c2c
542d
7c2e
a42f
cc30
f431
1c32
4433
6c34
9435
bc36
e437
0c38
3439
5c3a
843b
ac3c
d43d
fc3e
243f
4c20
7421
9c22
c423
ec24
1425
3c26
6427
8c28
b429
dc2a
042b
2c2c
542d
7c2e
a42f
cc30
f431
1c32
4433
6c34
9435
bc36
e437
0c38
3439
5c3a
843b
ac3c
d43d
fc3e
243f
4c20
7421
9c22
c423
ec24
1425
3c26
6427
8c28
b429
dc2a
042b
2c2c
542d
7c2e
a42f
cc30
f431
1c32
4433
6c34
9435
bc36
e437
0c38
3439
5c3a
843b
ac3c
d43d
fc3e
243f
4c20
7421
9c22
c423
ec24
1425
3c26
6427
8c28
b429
dc2a
042b
2c2c
542d
7c2e
a42f
cc30
f431
1c32
4433
6c34
9435
bc36
e437
0c38
3439
5c3a
843b
ac3c
d43d
fc3e
243f
4c20
7421
9c22
c423
ec24
1425
3c26
6427
8c28
b429
dc2a
042b
2c2c
542d
7c2e
a42f
cc30
f431
1c32
4433
6c34
9435
bc36
e437
0c38
3439
5c3a
843b
ac3c
d43d
fc3e
243f
4c20
7421
9c22
c423
ec24
1425
3c26
6427
8c28
b429
dc2a
042b
2c2c
542d
7c2e
a42f
cc30
f431
1c32
4433
6c34
9435
bc36
e437
0c38
3439
5c3a
843b
ac3c
d43d
fc3e
243f
4c20
7421
9c22
c423
ec24
1425
3c26
6427
8c28
b429
dc2a
042b
2c2c
542d
7c2e
a42f
cc30
f431
1c32
4433
6c34
9435
bc36
e437
0c38
3439
5c3a
843b
ac3c
d43d
fc3e
243f
4c20
7421
9c22
c423
ec24
1425
3c26
6427
8c28
b429
dc2a
042b
2c2c
542d
7c2e
a42f
cc30
f431
1c32
4433
6c34
9435
bc36
e437
0c38
3439
5c3a
843b
ac3c
d43d
fc3e
243f
4c20
7421
9c22
c423
ec24
1425
3c26
6427
8c28
b429
dc2a
048c
2c8d
548e
7c8f
a490
cc91
f492
1c93
4494
6c95
9496
bc97
e498
0c99
349a
5c9b
849c
ac9d
d49e
fc9f
2480
4c81
7482
9c83
c484
ec85
1486
3c87
6488
8c89
b48a
dc8b
048c
2c8d
548e
7c8f
a490
cc91
f492
1c93
4494
6c95
9496
bc97
e498
0c99
349a
5c9b
849c
ac9d
d49e
fc9f
2480
4c81
7482
9c83
c484
ec85
1486
3c87
6488
8c89
b48a
dc8b
048c
2c8d
548e
7c8f
a490
cc91
f492
1c93
4494
6c95
9496
bc97
e498
0c99
349a
5c9b
849c
ac9d
d49e
fc9f
2480
4c81
7482
9c83
c484
ec85
1486
3c87
6488
8c89
b48a
dc8b
048c
2c8d
548e
7c8f
a490
cc91
f492
1c93
4494
6c95
9496
bc97
e498
0c99
349a
5c9b
849c
ac9d
d49e
fc9f
2480
4c81
7482
9c83
c484
ec85
1486
3c87
6488
8c89
b48a
dc8b
048c
2c8d
548e
7c8f
a490
cc91
f492
1c93
4494
6c95
9496
bc97
e498
0c99
349a
5c9b
849c
ac9d
d49e
fc9f
2480
4c81
7482
9c83
c484
ec85
1486
3c87
6488
8c89
b48a
dc8b
048c
2c8d
548e
7c8f
a490
cc91
f492
1c93
4494
6c95
9496
bc97
e498
0c99
349a
5c9b
849c
ac9d
d49e
fc9f
2480
4c81
7482
9c83
c484
ec85
1486
3c87
6488
8c89
b48a
dc8b
048c
2c8d
548e
7c8f
a490
cc91
f492
1c93
4494
6c95
9496
bc97
e498
0c99
349a
5c9b
849c
ac9d
d49e
fc9f
2480
4c81
7482
9c83
c484
ec85
1486
3c87
6488
8c89
b48a
dc8b
048c
2c8d
548e
7c8f
a490
cc91
f492
1c93
4494
6c95
9496
bc97
e498
0c99
349a
5c9b
849c
ac9d
d49e
fc9f
2480
4c81
7482
9c83
c484
ec85
1486
3c87
6488
8c89
b48a
dc8b
048c
2c8d
548e
7c8f
a490
cc91
f492
1c93
4494
6c95
9496
bc97
e498
0c99
349a
5c9b
849c
ac9d
d49e
fc9f
2480
4c81
7482
9c83
c484
ec85
1486
3c87
6488
8c89
b48a
dc8b
04ed
2cee
54ef
7cf0
a4f1
ccf2
f4f3
1cf4
44f5
6cf6
94f7
bcf8
e4f9
0cfa
34fb
5cfc
84fd
acfe
d4ff
fce0
24e1
4ce2
74e3
9ce4
c4e5
ece6
14e7
3ce8
64e9
8cea
b4eb
dcec
04ed
2cee
54ef
7cf0
a4f1
ccf2
f4f3
1cf4
44f5
6cf6
94f7
bcf8
e4f9
0cfa
34fb
5cfc
84fd
acfe
d4ff
fce0
24e1
4ce2
74e3
9ce4
c4e5
ece6
14e7
3ce8
64e9
8cea
b4eb
dcec
04ed
2cee
54ef
7cf0
a4f1
ccf2
f4f3
1cf4
44f5
6cf6
94f7
bcf8
e4f9
0cfa
34fb
5cfc
84fd
acfe
d4ff
fce0
24e1
4ce2
74e3
9ce4
c4e5
ece6
14e7
3ce8
64e9
8cea
b4eb
dcec
04ed
2cee
54ef
7cf0
a4f1
ccf2
f4f3
1cf4
44f5
6cf6
94f7
bcf8
e4f9
0cfa
34fb
5cfc
84fd
acfe
d4ff
fce0
24e1
4ce2
74e3
9ce4
c4e5
ece6
14e7
3ce8
64e9
8cea
b4eb
dcec
04ed
2cee
54ef
7cf0
a4f1
ccf2
f4f3
1cf4
44f5
6cf6
94f7
bcf8
e4f9
0cfa
34fb
5cfc
84fd
acfe
d4ff
fce0
24e1
4ce2
74e3
9ce4
c4e5
ece6
14e7
3ce8
64e9
8cea
b4eb
dcec
04ed
2cee
54ef
7cf0
a4f1
ccf2
f4f3
1cf4
44f5
6cf6
94f7
bcf8
e4f9
0cfa
34fb
5cfc
84fd
acfe
d4ff
fce0
24e1
4ce2
74e3
9ce4
c4e5
ece6
14e7
3ce8
64e9
8cea
b4eb
dcec
04ed
2cee
54ef
7cf0
a4f1
ccf2
f4f3
1cf4
44f5
6cf6
94f7
bcf8
e4f9
0cfa
34fb
5cfc
84fd
acfe
d4ff
fce0
24e1
4ce2
74e3
9ce4
c4e5
ece6
14e7
3ce8
64e9
8cea
b4eb
dcec
04ed
2cee
54ef
7cf0
a4f1
ccf2
f4f3
1cf4
44f5
6cf6
94f7
bcf8
e4f9
0cfa
34fb
5cfc
84fd
acfe
d4ff
fce0
24e1
4ce2
74e3
9ce4
c4e5
ece6
14e7
3ce8
64e9
8cea
b4eb
dcec
04ed
2cee
54ef
7cf0
a4f1
ccf2
f4f3
1cf4
44f5
6cf6
94f7
bcf8
e4f9
0cfa
34fb
5cfc
84fd
acfe
d4ff
fce0
24e1
4ce2
74e3
9ce4
c4e5
ece6
14e7
3ce8
64e9
8cea
b4eb
dcec
054e
2d4f
5550
7d51
a552
cd53
f554
1d55
4556
6d57
9558
bd59
e55a
0d5b
355c
5d5d
855e
ad5f
d540
fd41
2542
4d43
7544
9d45
c546
ed47
1548
3d49
654a
8d4b
b54c
dd4d
054e
2d4f
5550
7d51
a552
cd53
f554
1d55
4556
6d57
9558
bd59
e55a
0d5b
355c
5d5d
855e
ad5f
d540
fd41
2542
4d43
7544
9d45
c546
ed47
1548
3d49
654a
8d4b
b54c
dd4d
054e
2d4f
5550
7d51
a552
cd53
f554
1d55
4556
6d57
9558
bd59
e55a
0d5b
355c
5d5d
855e
ad5f
d540
fd41
2542
4d43
7544
9d45
c546
ed47
1548
3d49
654a
8d4b
b54c
dd4d
054e
2d4f
5550
7d51
a552
cd53
f554
1d55
4556
6d57
9558
bd59
e55a
0d5b
355c
5d5d
855e
ad5f
d540
fd41
2542
4d43
7544
9d45
c546
ed47
1548
3d49
654a
8d4b
b54c
dd4d
054e
2d4f
5550
7d51
a552
cd53
f554
1d55
4556
6d57
9558
bd59
e55a
0d5b
355c
5d5d
855e
ad5f
d540
fd41
2542
4d43
7544
9d45
c546
ed47
1548
3d49
654a
8d4b
b54c
dd4d
054e
2d4f
5550
7d51
a552
cd53
f554
1d55
4556
6d57
9558
bd59
e55a
0d5b
355c
5d5d
855e
ad5f
d540
fd41
2542
4d43
7544
9d45
c546
ed47
1548
3d49
654a
8d4b
b54c
dd4d
054e
2d4f
5550
7d51
a552
cd53
f554
1d55
4556
6d57
9558
bd59
e55a
0d5b
355c
5d5d
855e
ad5f
d540
fd41
2542
4d43
7544
9d45
c546
ed47
1548
3d49
654a
8d4b
b54c
dd4d
054e
2d4f
5550
7d51
a552
cd53
f554
1d55
4556
6d57
9558
bd59
e55a
0d5b
355c
5d5d
855e
ad5f
d540
fd41
2542
4d43
7544
9d45
c546
ed47
1548
3d49
654a
8d4b
b54c
dd4d
054e
2d4f
5550
7d51
a552
cd53
f554
1d55
4556
6d57
9558
bd59
e55a
0d5b
355c
5d5d
855e
ad5f
d540
fd41
2542
4d43
7544
9d45
c546
ed47
1548
3d49
654a
8d4b
b54c
dd4d
05af
2db0
55b1
7db2
a5b3
cdb4
f5b5
1db6
45b7
6db8
95b9
bdba
e5bb
0dbc
35bd
5dbe
85bf
ada0
d5a1
fda2
25a3
4da4
75a5
9da6
c5a7
eda8
15a9
3daa
65ab
8dac
b5ad
ddae
05af
2db0
55b1
7db2
a5b3
cdb4
f5b5
1db6
45b7
6db8
95b9
bdba
e5bb
0dbc
35bd
5dbe
85bf
ada0
d5a1
fda2
25a3
4da4
75a5
9da6
c5a7
eda8
15a9
3daa
65ab
8dac
b5ad
ddae
05af
2db0
55b1
7db2
a5b3
cdb4
f5b5
1db6
45b7
6db8
95b9
bdba
e5bb
0dbc
35bd
5dbe
85bf
ada0
d5a1
fda2
25a3
4da4
75a5
9da6
c5a7
eda8
15a9
3daa
65ab
8dac
b5ad
ddae
05af
2db0
55b1
7db2
a5b3
cdb4
f5b5
1db6
45b7
6db8
95b9
bdba
e5bb
0dbc
35bd
5dbe
85bf
ada0
d5a1
fda2
25a3
4da4
75a5
9da6
c5a7
eda8
15a9
3daa
65ab
8dac
b5ad
ddae
05af
2db0
55b1
7db2
a5b3
cdb4
f5b5
1db6
45b7
6db8
95b9
bdba
e5bb
0dbc
35bd
5dbe
85bf
ada0
d5a1
fda2
25a3
4da4
75a5
9da6
c5a7
eda8
15a9
3daa
65ab
8dac
b5ad
ddae
05af
2db0
55b1
7db2
a5b3
cdb4
f5b5
1db6
45b7
6db8
95b9
bdba
e5bb
0dbc
35bd
5dbe
85bf
ada0
d5a1
fda2
25a3
4da4
75a5
9da6
c5a7
eda8
15a9
3daa
65ab
8dac
b5ad
ddae
05af
2db0
55b1
7db2
a5b3
cdb4
f5b5
1db6
45b7
6db8
95b9
bdba
e5bb
0dbc
35bd
5dbe
85bf
ada0
d5a1
fda2
25a3
4da4
75a5
9da6
c5a7
eda8
15a9
3daa
65ab
8dac
b5ad
ddae
05af
2db0
55b1
7db2
a5b3
cdb4
f5b5
1db6
45b7
6db8
95b9
bdba
e5bb
0dbc
35bd
5dbe
85bf
ada0
d5a1
fda2
25a3
4da4
75a5
9da6
c5a7
eda8
15a9
3daa
65ab
8dac
b5ad
ddae
05af
2db0
55b1
7db2
a5b3
cdb4
f5b5
1db6
45b7
6db8
95b9
bdba
e5bb
0dbc
35bd
5dbe
85bf
ada0
d5a1
fda2
25a3
4da4
75a5
9da6
c5a7
eda8
15a9
3daa
65ab
8dac
b5ad
ddae
0610
2e11
5612
7e13
a614
ce15
f616
1e17
4618
6e19
961a
be1b
e61c
0e1d
361e
5e1f
8600
ae01
d602
fe03
2604
4e05
7606
9e07
c608
ee09
160a
3e0b
660c
8e0d
b60e
de0f
0610
2e11
5612
7e13
a614
ce15
f616
1e17
4618
6e19
961a
be1b
e61c
0e1d
361e
5e1f
8600
ae01
d602
fe03
2604
4e05
7606
9e07
c608
ee09
160a
3e0b
660c
8e0d
b60e
de0f
0610
2e11
5612
7e13
a614
ce15
f616
1e17
4618
6e19
961a
be1b
e61c
0e1d
361e
5e1f
8600
ae01
d602
fe03
2604
4e05
7606
9e07
c608
ee09
160a
3e0b
660c
8e0d
b60e
de0f
0610
2e11
5612
7e13
a614
ce15
f616
1e17
4618
6e19
961a
be1b
e61c
0e1d
361e
5e1f
8600
ae01
d602
fe03
2604
4e05
7606
9e07
c608
ee09
160a
3e0b
660c
8e0d
b60e
de0f
0610
2e11
5612
7e13
a614
ce15
f616
1e17
4618
6e19
961a
be1b
e61c
0e1d
361e
5e1f
8600
ae01
d602
fe03
2604
4e05
7606
9e07
c608
ee09
160a
3e0b
660c
8e0d
b60e
de0f
0610
2e11
5612
7e13
a614
ce15
f616
1e17
4618
6e19
961a
be1b
e61c
0e1d
361e
5e1f
8600
ae01
d602
fe03
2604
4e05
7606
9e07
c608
ee09
160a
3e0b
660c
8e0d
b60e
de0f
0610
2e11
5612
7e13
a614
ce15
f616
1e17
4618
6e19
961a
be1b
e61c
0e1d
361e
5e1f
8600
ae01
d602
fe03
2604
4e05
7606
9e07
c608
ee09
160a
3e0b
660c
8e0d
b60e
de0f
0610
2e11
5612
7e13
a614
ce15
f616
1e17
4618
6e19
961a
be1b
e61c
0e1d
361e
5e1f
8600
ae01
d602
fe03
2604
4e05
7606
9e07
c608
ee09
160a
3e0b
660c
8e0d
b60e
de0f
0610
2e11
5612
7e13
a614
ce15
f616
1e17
4618
6e19
961a
be1b
e61c
0e1d
361e
5e1f
8600
ae01
d602
fe03
2604
4e05
7606
9e07
c608
ee09
160a
3e0b
660c
8e0d
b60e
de0f
0671
2e72
5673
7e74
a675
ce76
f677
1e78
4679
6e7a
967b
be7c
e67d
0e7e
367f
5e60
8661
ae62
d663
fe64
2665
4e66
7667
9e68
c669
ee6a
166b
3e6c
666d
8e6e
b66f
de70
0671
2e72
5673
7e74
a675
ce76
f677
1e78
4679
6e7a
967b
be7c
e67d
0e7e
367f
5e60
8661
ae62
d663
fe64
2665
4e66
7667
9e68
c669
ee6a
166b
3e6c
666d
8e6e
b66f
de70
0671
2e72
5673
7e74
a675
ce76
f677
1e78
4679
6e7a
967b
be7c
e67d
0e7e
367f
5e60
8661
ae62
d663
fe64
2665
4e66
7667
9e68
c669
ee6a
166b
3e6c
666d
8e6e
b66f
de70
0671
2e72
5673
7e74
a675
ce76
f677
1e78
4679
6e7a
967b
be7c
e67d
0e7e
367f
5e60
8661
ae62
d663
fe64
2665
4e66
7667
9e68
c669
ee6a
166b
3e6c
666d
8e6e
b66f
de70
0671
2e72
5673
7e74
a675
ce76
f677
1e78
4679
6e7a
967b
be7c
e67d
0e7e
367f
5e60
8661
ae62
d663
fe64
2665
4e66
7667
9e68
c669
ee6a
166b
3e6c
666d
8e6e
b66f
de70
0671
2e72
5673
7e74
a675
ce76
f677
1e78
4679
6e7a
967b
be7c
e67d
0e7e
367f
5e60
8661
ae62
d663
fe64
2665
4e66
7667
9e68
c669
ee6a
166b
3e6c
666d
8e6e
b66f
de70
0671
2e72
5673
7e74
a675
ce76
f677
1e78
4679
6e7a
967b
be7c
e67d
0e7e
367f
5e60
8661
ae62
d663
fe64
2665
4e66
7667
9e68
c669
ee6a
166b
3e6c
666d
8e6e
b66f
de70
0671
2e72
5673
7e74
a675
ce76
f677
1e78
4679
6e7a
967b
be7c
e67d
0e7e
367f
5e60
8661
ae62
d663
fe64
2665
4e66
7667
9e68
c669
ee6a
166b
3e6c
666d
8e6e
b66f
de70
0671
2e72
5673
7e74
a675
ce76
f677
1e78
4679
6e7a
967b
be7c
e67d
0e7e
367f
5e60
8661
ae62
d663
fe64
2665
4e66
7667
9e68
c669
ee6a
166b
3e6c
666d
8e6e
b66f
de70
06d2
2ed3
56d4
7ed5
a6d6
ced7
f6d8
1ed9
46da
6edb
96dc
bedd
e6de
0edf
36c0
5ec1
86c2
aec3
d6c4
fec5
26c6
4ec7
76c8
9ec9
c6ca
eecb
16cc
3ecd
66ce
8ecf
b6d0
ded1
06d2
2ed3
56d4
7ed5
a6d6
ced7
f6d8
1ed9
46da
6edb
96dc
bedd
e6de
0edf
36c0
5ec1
86c2
aec3
d6c4
fec5
26c6
4ec7
76c8
9ec9
c6ca
eecb
16cc
3ecd
66ce
8ecf
b6d0
ded1
06d2
2ed3
56d4
7ed5
a6d6
ced7
f6d8
1ed9
46da
6edb
96dc
bedd
e6de
0edf
36c0
5ec1
86c2
aec3
d6c4
fec5
26c6
4ec7
76c8
9ec9
c6ca
eecb
16cc
3ecd
66ce
8ecf
b6d0
ded1
06d2
2ed3
56d4
7ed5
a6d6
ced7
f6d8
1ed9
46da
6edb
96dc
bedd
e6de
0edf
36c0
5ec1
86c2
aec3
d6c4
fec5
26c6
4ec7
76c8
9ec9
c6ca
eecb
16cc
3ecd
66ce
8ecf
b6d0
ded1
06d2
2ed3
56d4
7ed5
a6d6
ced7
f6d8
1ed9
46da
6edb
96dc
bedd
e6de
0edf
36c0
5ec1
86c2
aec3
d6c4
fec5
26c6
4ec7
76c8
9ec9
c6ca
eecb
16cc
3ecd
66ce
8ecf
b6d0
ded1
06d2
2ed3
56d4
7ed5
a6d6
ced7
f6d8
1ed9
46da
6edb
96dc
bedd
e6de
0edf
36c0
5ec1
86c2
aec3
d6c4
fec5
26c6
4ec7
76c8
9ec9
c6ca
eecb
16cc
3ecd
66ce
8ecf
b6d0
ded1
06d2
2ed3
56d4
7ed5
a6d6
ced7
f6d8
1ed9
46da
6edb
96dc
bedd
e6de
0edf
36c0
5ec1
86c2
aec3
d6c4
fec5
26c6
4ec7
76c8
9ec9
c6ca
eecb
16cc
3ecd
66ce
8ecf
b6d0
ded1
06d2
2ed3
56d4
7ed5
a6d6
ced7
f6d8
1ed9
46da
6edb
96dc
bedd
e6de
0edf
36c0
5ec1
86c2
aec3
d6c4
fec5
26c6
4ec7
76c8
9ec9
c6ca
eecb
16cc
3ecd
66ce
8ecf
b6d0
ded1
06d2
2ed3
56d4
7ed5
a6d6
ced7
f6d8
1ed9
46da
6edb
96dc
bedd
e6de
0edf
36c0
5ec1
86c2
aec3
d6c4
fec5
26c6
4ec7
76c8
9ec9
c6ca
eecb
16cc
3ecd
66ce
8ecf
b6d0
ded1
0733
2f34
5735
7f36
a737
cf38
f739
1f3a
473b
6f3c
973d
bf3e
e73f
0f20
3721
5f22
8723
af24
d725
ff26
2727
4f28
7729
9f2a
c72b
ef2c
172d
3f2e
672f
8f30
b731
df32
0733
2f34
5735
7f36
a737
cf38
f739
1f3a
473b
6f3c
973d
bf3e
e73f
0f20
3721
5f22
8723
af24
d725
ff26
2727
4f28
7729
9f2a
c72b
ef2c
172d
3f2e
672f
8f30
b731
df32
0733
2f34
5735
7f36
a737
cf38
f739
1f3a
473b
6f3c
973d
bf3e
e73f
0f20
3721
5f22
8723
af24
d725
ff26
2727
4f28
7729
9f2a
c72b
ef2c
172d
3f2e
672f
8f30
b731
df32
0733
2f34
5735
7f36
a737
cf38
f739
1f3a
473b
6f3c
973d
bf3e
e73f
0f20
3721
5f22
8723
af24
d725
ff26
2727
4f28
7729
9f2a
c72b
ef2c
172d
3f2e
672f
8f30
b731
df32
0733
2f34
5735
7f36
a737
cf38
f739
1f3a
473b
6f3c
973d
bf3e
e73f
0f20
3721
5f22
8723
af24
d725
ff26
2727
4f28
7729
9f2a
c72b
ef2c
172d
3f2e
672f
8f30
b731
df32
0733
2f34
5735
7f36
a737
cf38
f739
1f3a
473b
6f3c
973d
bf3e
e73f
0f20
3721
5f22
8723
af24
d725
ff26
2727
4f28
7729
9f2a
c72b
ef2c
172d
3f2e
672f
8f30
b731
df32
0733
2f34
5735
7f36
a737
cf38
f739
1f3a
473b
6f3c
973d
bf3e
e73f
0f20
3721
5f22
8723
af24
d725
ff26
2727
4f28
7729
9f2a
c72b
ef2c
172d
3f2e
672f
8f30
b731
df32
0733
2f34
5735
7f36
a737
cf38
f739
1f3a
473b
6f3c
973d
bf3e
e73f
0f20
3721
5f22
8723
af24
d725
ff26
2727
4f28
7729
9f2a
c72b
ef2c
172d
3f2e
672f
8f30
b731
df32
0733
2f34
5735
7f36
a737
cf38
f739
1f3a
473b
6f3c
973d
bf3e
e73f
0f20
3721
5f22
8723
af24
d725
ff26
2727
4f28
7729
9f2a
c72b
ef2c
172d
3f2e
672f
8f30
b731
df32
0794
2f95
5796
7f97
a798
cf99
f79a
1f9b
479c
6f9d
979e
bf9f
e780
0f81
3782
5f83
8784
af85
d786
ff87
2788
4f89
778a
9f8b
c78c
ef8d
178e
3f8f
6790
8f91
b792
df93
0794
2f95
5796
7f97
a798
cf99
f79a
1f9b
479c
6f9d
979e
bf9f
e780
0f81
3782
5f83
8784
af85
d786
ff87
2788
4f89
778a
9f8b
c78c
ef8d
178e
3f8f
6790
8f91
b792
df93
0794
2f95
5796
7f97
a798
cf99
f79a
1f9b
479c
6f9d
979e
bf9f
e780
0f81
3782
5f83
8784
af85
d786
ff87
2788
4f89
778a
9f8b
c78c
ef8d
178e
3f8f
6790
8f91
b792
df93
0794
2f95
5796
7f97
a798
cf99
f79a
1f9b
479c
6f9d
979e
bf9f
e780
0f81
3782
5f83
8784
af85
d786
ff87
2788
4f89
778a
9f8b
c78c
ef8d
178e
3f8f
6790
8f91
b792
df93
0794
2f95
5796
7f97
a798
cf99
f79a
1f9b
479c
6f9d
979e
bf9f
e780
0f81
3782
5f83
8784
af85
d786
ff87
2788
4f89
778a
9f8b
c78c
ef8d
178e
3f8f
6790
8f91
b792
df93
0794
2f95
5796
7f97
a798
cf99
f79a
1f9b
479c
6f9d
979e
bf9f
e780
0f81
3782
5f83
8784
af85
d786
ff87
2788
4f89
778a
9f8b
c78c
ef8d
178e
3f8f
6790
8f91
b792
df93
0794
2f95
5796
7f97
a798
cf99
f79a
1f9b
479c
6f9d
979e
bf9f
e780
0f81
3782
5f83
8784
af85
d786
ff87
2788
4f89
778a
9f8b
c78c
ef8d
178e
3f8f
6790
8f91
b792
df93
0794
2f95
5796
7f97
a798
cf99
f79a
1f9b
479c
6f9d
979e
bf9f
e780
0f81
3782
5f83
8784
af85
d786
ff87
2788
4f89
778a
9f8b
c78c
ef8d
178e
3f8f
6790
8f91
b792
df93
0794
2f95
5796
7f97
a798
cf99
f79a
1f9b
479c
6f9d
979e
bf9f
e780
0f81
3782
5f83
8784
af85
d786
ff87
2788
4f89
778a
9f8b
c78c
ef8d
178e
3f8f
6790
8f91
b792
df93
07f5
2ff6
57f7
7ff8
a7f9
cffa
f7fb
1ffc
47fd
6ffe
97ff
bfe0
e7e1
0fe2
37e3
5fe4
87e5
afe6
d7e7
ffe8
27e9
4fea
77eb
9fec
c7ed
efee
17ef
3ff0
67f1
8ff2
b7f3
dff4
07f5
2ff6
57f7
7ff8
a7f9
cffa
f7fb
1ffc
47fd
6ffe
97ff
bfe0
e7e1
0fe2
37e3
5fe4
87e5
afe6
d7e7
ffe8
27e9
4fea
77eb
9fec
c7ed
efee
17ef
3ff0
67f1
8ff2
b7f3
dff4
07f5
2ff6
57f7
7ff8
a7f9
cffa
f7fb
1ffc
47fd
6ffe
97ff
bfe0
e7e1
0fe2
37e3
5fe4
87e5
afe6
d7e7
ffe8
27e9
4fea
77eb
9fec
c7ed
efee
17ef
3ff0
67f1
8ff2
b7f3
dff4
07f5
2ff6
57f7
7ff8
a7f9
cffa
f7fb
1ffc
47fd
6ffe
97ff
bfe0
e7e1
0fe2
37e3
5fe4
87e5
afe6
d7e7
ffe8
27e9
4fea
77eb
9fec
c7ed
efee
17ef
3ff0
67f1
8ff2
b7f3
dff4
07f5
2ff6
57f7
7ff8
a7f9
cffa
f7fb
1ffc
47fd
6ffe
97ff
bfe0
e7e1
0fe2
37e3
5fe4
87e5
afe6
d7e7
ffe8
27e9
4fea
77eb
9fec
c7ed
efee
17ef
3ff0
67f1
8ff2
b7f3
dff4
07f5
2ff6
57f7
7ff8
a7f9
cffa
f7fb
1ffc
47fd
6ffe
97ff
bfe0
e7e1
0fe2
37e3
5fe4
87e5
afe6
d7e7
ffe8
27e9
4fea
77eb
9fec
c7ed
efee
17ef
3ff0
67f1
8ff2
b7f3
dff4
07f5
2ff6
57f7
7ff8
a7f9
cffa
f7fb
1ffc
47fd
6ffe
97ff
bfe0
e7e1
0fe2
37e3
5fe4
87e5
afe6
d7e7
ffe8
27e9
4fea
77eb
9fec
c7ed
efee
17ef
3ff0
67f1
8ff2
b7f3
dff4
07f5
2ff6
57f7
7ff8
a7f9
cffa
f7fb
1ffc
47fd
6ffe
97ff
bfe0
e7e1
0fe2
37e3
5fe4
87e5
afe6
d7e7
ffe8
27e9
4fea
77eb
9fec
c7ed
efee
17ef
3ff0
67f1
8ff2
b7f3
dff4
07f5
2ff6
57f7
7ff8
a7f9
cffa
f7fb
1ffc
47fd
6ffe
97ff
bfe0
e7e1
0fe2
37e3
5fe4
87e5
afe6
d7e7
ffe8
27e9
4fea
77eb
9fec
c7ed
efee
17ef
3ff0
67f1
8ff2
b7f3
dff4
0056
2857
5058
7859
a05a
c85b
f05c
185d
405e
685f
9040
b841
e042
0843
3044
5845
8046
a847
d048
f849
204a
484b
704c
984d
c04e
e84f
1050
3851
6052
8853
b054
d855
0056
2857
5058
7859
a05a
c85b
f05c
185d
405e
685f
9040
b841
e042
0843
3044
5845
8046
a847
d048
f849
204a
484b
704c
984d
c04e
e84f
1050
3851
6052
8853
b054
d855
0056
2857
5058
7859
a05a
c85b
f05c
185d
405e
685f
9040
b841
e042
0843
3044
5845
8046
a847
d048
f849
204a
484b
704c
984d
c04e
e84f
1050
3851
6052
8853
b054
d855
0056
2857
5058
7859
a05a
c85b
f05c
185d
405e
685f
9040
b841
e042
0843
3044
5845
8046
a847
d048
f849
204a
484b
704c
984d
c04e
e84f
1050
3851
6052
8853
b054
d855
0056
2857
5058
7859
a05a
c85b
f05c
185d
405e
685f
9040
b841
e042
0843
3044
5845
8046
a847
d048
f849
204a
484b
704c
984d
c04e
e84f
1050
3851
6052
8853
b054
d855
0056
2857
5058
7859
a05a
c85b
f05c
185d
405e
685f
9040
b841
e042
0843
3044
5845
8046
a847
d048
f849
204a
484b
704c
984d
c04e
e84f
1050
3851
6052
8853
b054
d855
0056
2857
5058
7859
a05a
c85b
f05c
185d
405e
685f
9040
b841
e042
0843
3044
5845
8046
a847
d048
f849
204a
484b
704c
984d
c04e
e84f
1050
3851
6052
8853
b054
d855
0056
2857
5058
7859
a05a
c85b
f05c
185d
405e
685f
9040
b841
e042
0843
3044
5845
8046
a847
d048
f849
204a
484b
704c
984d
c04e
e84f
1050
3851
6052
8853
b054
d855
0056
2857
5058
7859
a05a
c85b
f05c
185d
405e
685f
9040
b841
e042
0843
3044
5845
8046
a847
d048
f849
204a
484b
704c
984d
c04e
e84f
1050
3851
6052
8853
b054
d855
00b7
28b8
50b9
78ba
a0bb
c8bc
f0bd
18be
40bf
68a0
90a1
b8a2
e0a3
08a4
30a5
58a6
80a7
a8a8
d0a9
f8aa
20ab
48ac
70ad
98ae
c0af
e8b0
10b1
38b2
60b3
88b4
b0b5
d8b6
00b7
28b8
50b9
78ba
a0bb
c8bc
f0bd
18be
40bf
68a0
90a1
b8a2
e0a3
08a4
30a5
58a6
80a7
a8a8
d0a9
f8aa
20ab
48ac
70ad
98ae
c0af
e8b0
10b1
38b2
60b3
88b4
b0b5
d8b6
00b7
28b8
50b9
78ba
a0bb
c8bc
f0bd
18be
40bf
68a0
90a1
b8a2
e0a3
08a4
30a5
58a6
80a7
a8a8
d0a9
f8aa
20ab
48ac
70ad
98ae
c0af
e8b0
10b1
38b2
60b3
88b4
b0b5
d8b6
00b7
28b8
50b9
78ba
a0bb
c8bc
f0bd
18be
40bf
68a0
90a1
b8a2
e0a3
08a4
30a5
58a6
80a7
a8a8
d0a9
f8aa
20ab
48ac
70ad
98ae
c0af
e8b0
10b1
38b2
60b3
88b4
b0b5
d8b6
00b7
28b8
50b9
78ba
a0bb
c8bc
f0bd
18be
40bf
68a0
90a1
b8a2
e0a3
08a4
30a5
58a6
80a7
a8a8
d0a9
f8aa
20ab
48ac
70ad
98ae
c0af
e8b0
10b1
38b2
60b3
88b4
b0b5
d8b6
00b7
28b8
50b9
78ba
a0bb
c8bc
f0bd
18be
40bf
68a0
90a1
b8a2
e0a3
08a4
30a5
58a6
80a7
a8a8
d0a9
f8aa
20ab
48ac
70ad
98ae
c0af
e8b0
10b1
38b2
60b3
88b4
b0b5
d8b6
00b7
28b8
50b9
78ba
a0bb
c8bc
f0bd
18be
40bf
68a0
90a1
b8a2
e0a3
08a4
30a5
58a6
80a7
a8a8
d0a9
f8aa
20ab
48ac
70ad
98ae
c0af
e8b0
10b1
38b2
60b3
88b4
b0b5
d8b6
00b7
28b8
50b9
78ba
a0bb
c8bc
f0bd
18be
40bf
68a0
90a1
b8a2
e0a3
08a4
30a5
58a6
80a7
a8a8
d0a9
f8aa
20ab
48ac
70ad
98ae
c0af
e8b0
10b1
38b2
60b3
88b4
b0b5
d8b6
00b7
28b8
50b9
78ba
a0bb
c8bc
f0bd
18be
40bf
68a0
90a1
b8a2
e0a3
08a4
30a5
58a6
80a7
a8a8
d0a9
f8aa
20ab
48ac
70ad
98ae
c0af
e8b0
10b1
38b2
60b3
88b4
b0b5
d8b6
