001f
001f
001f
001f
001f
001f
001f
001f
001f
001f
001f
001f
001f
001f
001f
001f
001f
001f
001f
001f
001f
001f
001f
001f
001f
001f
001f
001f
001f
001f
001f
001f
001f
001f
001f
001f
001f
001f
001f
001f
001f
001f
001f
001f
001f
001f
001f
001f
001f
001f
001f
001f
001f
001f
001f
001f
001f
001f
001f
001f
001f
001f
001f
001f
001f
001f
001f
001f
001f
001f
001f
001f
001f
001f
001f
001f
001f
001f
001f
001f
001f
001f
001f
001f
001f
001f
001f
001f
001f
001f
001f
001f
001f
001f
001f
001f
001f
001f
001f
001f
001f
001f
001f
001f
001f
001f
001f
001f
001f
001f
001f
001f
001f
001f
001f
001f
001f
001f
001f
001f
001f
001f
001f
001f
001f
001f
001f
001f
001f
001f
001f
001f
001f
001f
001f
001f
001f
001f
001f
001f
001f
001f
001f
001f
001f
001f
001f
001f
001f
001f
001f
001f
001f
001f
001f
001f
001f
001f
001f
001f
001f
001f
001f
001f
001f
001f
001f
001f
001f
001f
001f
001f
001f
001f
001f
001f
001f
001f
001f
001f
001f
001f
001f
001f
001f
001f
001f
001f
001f
001f
001f
001f
001f
001f
001f
001f
001f
001f
001f
001f
001f
001f
001f
001f
001f
001f
001f
001f
001f
001f
001f
001f
001f
001f
001f
001f
001f
001f
001f
001f
001f
001f
001f
001f
001f
001f
001f
001f
001f
001f
001f
001f
001f
001f
001f
001f
001f
001f
001f
001f
001f
001f
001f
001f
001f
001f
001f
001f
001f
001f
001f
001f
001f
001f
001f
001f
001f
001f
001f
001f
001f
001f
001f
001f
001f
001f
001f
001f
001f
001f
001f
001f
001f
001f
001f
001f
001f
001f
001f
001f
001f
001f
001f
001f
001f
001f
001f
001f
001f
001f
001f
001f
001f
001f
001f
001f
001f
001f
001f
001f
001f
001f
001f
001f
001f
001f
001f
001f
001f
001f
001f
001f
001f
001f
001f
001f
001f
001f
001f
001f
001f
001f
001f
001f
001f
001f
001f
001f
001f
001f
001f
001f
001f
001f
001f
001f
001f
001f
001f
001f
001f
001f
001f
001f
001f
001f
001f
001f
001f
001f
001f
001f
001f
001f
001f
001f
001f
001f
001f
001f
001f
001f
001f
001f
001f
001f
001f
001f
001f
001f
001f
001f
001f
001f
001f
001f
001f
001f
001f
001f
001f
001f
001f
001f
001f
001f
001f
001f
001f
001f
001f
001f
001f
001f
001f
001f
001f
001f
001f
001f
001f
001f
001f
001f
001f
001f
001f
001f
001f
001f
001f
001f
001f
001f
001f
001f
001f
001f
001f
001f
001f
001f
001f
001f
001f
001f
001f
001f
001f
001f
001f
001f
001f
001f
001f
001f
001f
001f
001f
001f
001f
001f
001f
001f
001f
001f
001f
001f
001f
001f
001f
001f
001f
001f
001f
001f
001f
001f
001f
001f
001f
001f
001f
001f
001f
001f
001f
001f
001f
001f
001f
001f
001f
001f
001f
001f
001f
001f
001f
001f
001f
001f
001f
001f
001f
001f
001f
001f
001f
001f
001f
001f
001f
001f
001f
001f
001f
001f
001f
001f
001f
001f
001f
001f
001f
001f
001f
001f
001f
001f
001f
001f
001f
001f
001f
001f
001f
001f
001f
001f
001f
001f
001f
001f
001f
001f
001f
001f
001f
001f
001f
001f
001f
001f
001f
001f
001f
001f
001f
001f
001f
001f
001f
001f
001f
001f
001f
001f
001f
001f
001f
001f
001f
001f
001f
001f
001f
001f
001f
001f
001f
001f
001f
001f
001f
001f
001f
001f
001f
001f
001f
001f
001f
001f
001f
001f
001f
001f
001f
001f
001f
001f
001f
001f
001f
001f
001f
001f
001f
001f
001f
001f
001f
001f
001f
001f
001f
001f
001f
001f
001f
001f
001f
001f
001f
001f
001f
001f
001f
001f
001f
001f
001f
001f
001f
001f
001f
001f
001f
001f
001f
001f
001f
001f
001f
001f
001f
001f
001f
001f
001f
001f
001f
001f
001f
001f
001f
001f
001f
001f
001f
001f
001f
001f
001f
001f
001f
001f
001f
001f
001f
001f
001f
001f
001f
001f
001f
001f
001f
001f
001f
001f
001f
001f
001f
001f
001f
001f
001f
001f
001f
001f
001f
001f
001f
001f
001f
001f
001f
001f
001f
001f
001f
001f
001f
001f
001f
001f
001f
001f
001f
001f
001f
001f
001f
001f
001f
001f
001f
001f
001f
001f
001f
001f
001f
001f
001f
001f
001f
001f
001f
001f
001f
001f
001f
001f
001f
001f
001f
001f
001f
001f
001f
001f
001f
001f
001f
001f
001f
001f
001f
001f
001f
001f
001f
001f
001f
001f
001f
001f
001f
001f
001f
001f
001f
001f
001f
001f
001f
001f
001f
001f
001f
001f
001f
001f
001f
001f
001f
001f
001f
001f
001f
001f
001f
001f
001f
001f
001f
001f
001f
001f
001f
001f
001f
001f
001f
001f
001f
001f
001f
001f
001f
001f
001f
001f
001f
001f
001f
001f
001f
001f
001f
001f
001f
001f
001f
001f
001f
001f
001f
001f
001f
001f
001f
001f
001f
001f
001f
001f
001f
001f
001f
001f
001f
001f
001f
001f
001f
001f
001f
001f
001f
001f
001f
001f
001f
001f
001f
001f
001f
001f
001f
001f
001f
001f
001f
001f
001f
001f
001f
001f
001f
001f
001f
001f
001f
001f
001f
001f
001f
001f
001f
001f
001f
001f
001f
001f
001f
001f
001f
001f
001f
001f
001f
001f
001f
001f
001f
001f
001f
001f
001f
001f
001f
001f
001f
001f
001f
001f
001f
001f
001f
001f
001f
001f
001f
001f
001f
001f
001f
001f
001f
001f
001f
001f
001f
001f
001f
001f
001f
001f
001f
001f
001f
001f
001f
001f
001f
001f
001f
001f
001f
001f
001f
001f
001f
001f
001f
001f
001f
001f
001f
001f
001f
001f
001f
001f
001f
001f
001f
001f
001f
001f
001f
001f
001f
001f
001f
001f
001f
001f
001f
001f
001f
001f
001f
001f
001f
001f
001f
001f
001f
001f
001f
001f
001f
001f
001f
001f
001f
001f
001f
001f
001f
001f
001f
001f
001f
001f
001f
001f
001f
001f
001f
001f
001f
001f
001f
001f
001f
001f
001f
001f
001f
001f
001f
001f
001f
001f
001f
001f
001f
001f
001f
001f
001f
001f
001f
001f
001f
001f
001f
001f
001f
001f
001f
001f
001f
001f
001f
001f
001f
001f
001f
001f
001f
001f
001f
001f
001f
001f
001f
001f
001f
001f
001f
001f
001f
001f
001f
001f
001f
001f
001f
001f
001f
001f
001f
001f
001f
001f
001f
001f
001f
001f
001f
001f
001f
001f
001f
001f
001f
001f
001f
001f
001f
001f
001f
001f
001f
001f
001f
001f
001f
001f
001f
001f
001f
001f
001f
001f
001f
001f
001f
001f
001f
001f
001f
001f
001f
001f
001f
001f
001f
001f
001f
001f
001f
001f
001f
001f
001f
001f
001f
001f
001f
001f
001f
001f
001f
001f
001f
001f
001f
001f
001f
001f
001f
001f
001f
001f
001f
001f
001f
001f
001f
001f
001f
001f
001f
001f
001f
001f
001f
001f
001f
001f
001f
001f
001f
001f
001f
001f
001f
001f
001f
001f
001f
001f
001f
001f
001f
001f
001f
001f
001f
001f
001f
001f
001f
001f
001f
001f
001f
001f
001f
001f
001f
001f
001f
001f
001f
001f
001f
001f
001f
001f
001f
001f
001f
001f
001f
001f
001f
001f
001f
001f
001f
001f
001f
001f
001f
001f
001f
001f
001f
001f
001f
001f
001f
001f
001f
001f
001f
001f
001f
001f
001f
001f
001f
001f
001f
001f
001f
001f
001f
001f
001f
001f
001f
001f
001f
001f
001f
001f
001f
001f
001f
001f
001f
001f
001f
001f
001f
001f
001f
001f
001f
001f
001f
001f
001f
001f
001f
001f
001f
001f
001f
001f
001f
001f
001f
001f
001f
001f
001f
001f
001f
001f
001f
001f
001f
001f
001f
001f
001f
001f
001f
001f
001f
001f
001f
001f
001f
001f
001f
001f
001f
001f
001f
001f
001f
001f
001f
001f
001f
001f
001f
001f
001f
001f
001f
001f
001f
001f
001f
001f
001f
001f
001f
001f
001f
001f
001f
001f
001f
001f
001f
001f
001f
001f
001f
001f
001f
001f
001f
001f
001f
001f
001f
001f
001f
001f
001f
001f
001f
001f
001f
001f
001f
001f
001f
001f
001f
001f
001f
001f
001f
001f
001f
001f
001f
001f
001f
001f
001f
001f
001f
001f
001f
001f
001f
001f
001f
001f
001f
001f
001f
001f
001f
001f
001f
001f
001f
001f
001f
001f
001f
001f
001f
001f
001f
001f
001f
001f
001f
001f
001f
001f
001f
001f
001f
001f
001f
001f
001f
001f
001f
001f
001f
001f
001f
001f
001f
001f
001f
001f
001f
001f
001f
001f
001f
001f
001f
001f
001f
001f
001f
001f
001f
001f
001f
001f
001f
001f
001f
001f
001f
001f
001f
001f
001f
001f
001f
001f
001f
001f
001f
001f
001f
001f
001f
001f
001f
001f
001f
001f
001f
001f
001f
001f
001f
001f
001f
001f
001f
001f
001f
001f
001f
001f
001f
001f
001f
001f
001f
001f
001f
001f
001f
001f
001f
001f
001f
001f
001f
001f
001f
001f
001f
001f
001f
001f
001f
001f
001f
001f
001f
001f
001f
001f
001f
001f
001f
001f
001f
001f
001f
001f
001f
001f
001f
001f
001f
001f
001f
001f
001f
001f
001f
001f
001f
001f
001f
001f
001f
001f
001f
001f
001f
001f
001f
001f
001f
001f
001f
001f
001f
001f
001f
001f
001f
001f
001f
001f
001f
001f
001f
001f
001f
001f
001f
001f
001f
001f
001f
001f
001f
001f
001f
001f
001f
001f
001f
001f
001f
001f
001f
001f
001f
001f
001f
001f
001f
001f
001f
001f
001f
001f
001f
001f
001f
001f
001f
001f
001f
001f
001f
001f
001f
001f
001f
001f
001f
001f
001f
001f
001f
001f
001f
001f
001f
001f
001f
001f
001f
001f
001f
001f
001f
001f
001f
001f
001f
001f
001f
001f
001f
001f
001f
001f
001f
001f
001f
001f
001f
001f
001f
001f
001f
001f
001f
001f
001f
001f
001f
001f
001f
001f
001f
001f
001f
001f
001f
001f
001f
001f
001f
001f
001f
001f
001f
001f
001f
001f
001f
001f
001f
001f
001f
001f
001f
001f
001f
001f
001f
001f
001f
001f
001f
001f
001f
001f
001f
001f
001f
001f
001f
001f
001f
001f
001f
001f
001f
001f
001f
001f
001f
001f
001f
001f
001f
001f
001f
001f
001f
001f
001f
001f
001f
001f
001f
001f
001f
001f
001f
001f
001f
001f
001f
001f
001f
001f
001f
001f
001f
001f
001f
001f
001f
001f
001f
001f
001f
001f
001f
001f
001f
001f
001f
001f
001f
001f
001f
001f
001f
001f
001f
001f
001f
001f
001f
001f
001f
001f
001f
001f
001f
001f
001f
001f
001f
001f
001f
001f
001f
001f
001f
001f
001f
001f
001f
001f
001f
001f
001f
001f
001f
001f
001f
001f
001f
001f
001f
001f
001f
001f
001f
001f
001f
001f
001f
001f
001f
001f
001f
001f
001f
001f
001f
001f
001f
001f
001f
001f
001f
001f
001f
001f
001f
001f
001f
001f
001f
001f
001f
001f
001f
001f
001f
001f
001f
001f
001f
001f
001f
001f
001f
001f
001f
001f
001f
001f
001f
001f
001f
001f
001f
001f
001f
001f
001f
001f
001f
001f
001f
001f
001f
001f
001f
001f
001f
001f
001f
001f
001f
001f
001f
001f
001f
001f
001f
001f
001f
001f
001f
001f
001f
001f
001f
001f
001f
001f
001f
001f
001f
001f
001f
001f
001f
001f
001f
001f
001f
001f
001f
001f
001f
001f
001f
001f
001f
001f
001f
001f
001f
001f
001f
001f
001f
001f
001f
001f
001f
001f
001f
001f
001f
001f
001f
001f
001f
001f
001f
001f
001f
001f
001f
001f
001f
001f
001f
001f
001f
001f
001f
001f
001f
001f
001f
001f
001f
001f
001f
001f
001f
001f
001f
001f
001f
001f
001f
001f
001f
001f
001f
001f
001f
001f
001f
001f
001f
001f
001f
001f
001f
001f
001f
001f
001f
001f
001f
001f
001f
001f
001f
001f
001f
001f
001f
001f
001f
001f
001f
001f
001f
001f
001f
001f
001f
001f
001f
001f
001f
001f
001f
001f
001f
001f
001f
001f
001f
001f
001f
001f
001f
001f
001f
001f
001f
001f
001f
001f
001f
001f
001f
001f
001f
001f
001f
001f
001f
001f
001f
001f
001f
001f
001f
001f
001f
001f
001f
001f
001f
001f
001f
001f
001f
001f
001f
001f
001f
001f
001f
001f
001f
001f
001f
001f
001f
001f
001f
001f
001f
001f
001f
001f
001f
001f
001f
001f
001f
001f
001f
001f
001f
001f
001f
001f
001f
001f
001f
001f
001f
001f
001f
001f
001f
001f
001f
001f
001f
001f
001f
001f
001f
001f
001f
001f
001f
001f
001f
001f
001f
001f
001f
001f
001f
001f
001f
001f
001f
001f
001f
001f
001f
001f
001f
001f
001f
001f
001f
001f
001f
001f
001f
001f
001f
001f
001f
001f
001f
001f
001f
001f
001f
001f
001f
001f
001f
001f
001f
001f
001f
001f
001f
001f
001f
001f
001f
001f
001f
001f
001f
001f
001f
001f
001f
001f
001f
001f
001f
001f
001f
001f
001f
001f
001f
001f
001f
001f
001f
001f
001f
001f
001f
001f
001f
001f
001f
001f
001f
001f
001f
001f
001f
001f
001f
001f
001f
001f
001f
001f
001f
001f
001f
001f
001f
001f
001f
001f
001f
001f
001f
001f
001f
001f
001f
001f
001f
001f
001f
001f
001f
001f
001f
001f
001f
001f
001f
001f
001f
001f
001f
001f
001f
001f
001f
001f
001f
001f
001f
001f
001f
001f
001f
001f
001f
001f
001f
001f
001f
001f
001f
001f
001f
001f
001f
001f
001f
001f
001f
001f
001f
001f
001f
001f
001f
001f
001f
001f
001f
001f
001f
001f
001f
001f
001f
001f
001f
001f
001f
001f
001f
001f
001f
001f
001f
001f
001f
001f
001f
001f
001f
001f
001f
001f
001f
001f
001f
001f
001f
001f
001f
001f
001f
001f
001f
001f
001f
001f
001f
001f
001f
001f
001f
001f
001f
001f
001f
001f
001f
001f
001f
001f
001f
001f
001f
001f
001f
001f
001f
001f
001f
001f
001f
001f
001f
001f
001f
001f
001f
001f
001f
001f
001f
001f
001f
001f
001f
001f
001f
001f
001f
001f
001f
001f
001f
001f
001f
001f
001f
001f
001f
001f
001f
001f
001f
001f
001f
001f
001f
001f
001f
001f
001f
001f
001f
001f
001f
001f
001f
001f
001f
001f
001f
001f
001f
001f
001f
001f
001f
001f
001f
001f
001f
001f
001f
001f
001f
001f
001f
001f
001f
001f
001f
001f
001f
001f
001f
001f
001f
001f
001f
001f
001f
001f
001f
001f
001f
001f
001f
001f
001f
001f
001f
001f
001f
001f
001f
001f
001f
001f
001f
001f
001f
001f
001f
001f
001f
001f
001f
001f
001f
001f
001f
001f
001f
001f
001f
001f
001f
001f
001f
001f
001f
001f
001f
001f
001f
001f
001f
001f
001f
001f
001f
001f
001f
001f
001f
001f
001f
001f
001f
001f
001f
001f
001f
001f
001f
001f
001f
001f
001f
001f
001f
001f
001f
001f
001f
001f
001f
001f
001f
001f
001f
001f
001f
001f
001f
001f
001f
001f
001f
001f
001f
001f
001f
001f
001f
001f
001f
001f
001f
001f
001f
001f
001f
001f
001f
001f
001f
001f
001f
001f
001f
001f
001f
001f
001f
001f
001f
001f
001f
001f
001f
001f
001f
001f
001f
001f
001f
001f
001f
001f
001f
001f
001f
001f
001f
001f
001f
001f
001f
001f
001f
001f
001f
001f
001f
001f
001f
001f
001f
001f
001f
001f
001f
001f
001f
001f
001f
001f
001f
001f
001f
001f
001f
001f
001f
001f
001f
001f
001f
001f
001f
001f
001f
001f
001f
001f
001f
001f
001f
001f
001f
001f
001f
001f
001f
001f
001f
001f
001f
001f
001f
001f
001f
001f
001f
001f
001f
001f
001f
001f
001f
001f
001f
001f
001f
001f
001f
001f
001f
001f
001f
001f
001f
001f
001f
001f
001f
001f
001f
001f
001f
001f
001f
001f
001f
001f
001f
001f
001f
001f
001f
001f
001f
001f
001f
001f
001f
001f
001f
001f
001f
001f
001f
001f
001f
001f
001f
001f
001f
001f
001f
001f
001f
001f
001f
001f
001f
001f
001f
001f
001f
001f
001f
001f
001f
001f
001f
001f
001f
001f
001f
001f
001f
001f
001f
001f
001f
001f
001f
001f
001f
001f
001f
001f
001f
001f
001f
001f
001f
001f
001f
001f
001f
001f
001f
001f
001f
001f
001f
001f
001f
001f
001f
001f
001f
001f
001f
001f
001f
001f
001f
001f
001f
001f
001f
001f
001f
001f
001f
001f
001f
001f
001f
001f
001f
001f
001f
001f
001f
001f
001f
001f
001f
001f
001f
001f
001f
001f
001f
001f
001f
001f
001f
001f
001f
001f
001f
001f
001f
001f
001f
001f
001f
001f
001f
001f
001f
001f
001f
001f
001f
001f
001f
001f
001f
001f
001f
001f
001f
001f
001f
001f
001f
001f
001f
001f
001f
001f
001f
001f
001f
001f
001f
001f
001f
001f
001f
001f
001f
001f
001f
001f
001f
001f
001f
001f
001f
001f
001f
001f
001f
001f
001f
001f
001f
001f
001f
001f
001f
001f
001f
001f
001f
001f
001f
001f
001f
001f
001f
001f
001f
001f
001f
001f
001f
001f
001f
001f
001f
001f
001f
001f
001f
001f
001f
001f
001f
001f
001f
001f
001f
001f
001f
001f
001f
001f
001f
001f
001f
001f
001f
001f
001f
001f
001f
001f
001f
001f
001f
001f
001f
001f
001f
001f
001f
001f
001f
001f
001f
001f
001f
001f
001f
001f
001f
001f
001f
001f
001f
001f
001f
001f
001f
001f
001f
001f
001f
001f
001f
001f
001f
001f
001f
001f
001f
001f
001f
001f
001f
001f
001f
001f
001f
001f
001f
001f
001f
001f
001f
001f
001f
001f
001f
001f
001f
001f
001f
001f
001f
001f
001f
001f
001f
001f
001f
001f
001f
001f
001f
001f
001f
001f
001f
001f
001f
001f
001f
001f
001f
001f
001f
001f
001f
001f
001f
001f
001f
001f
001f
001f
001f
001f
001f
001f
001f
001f
001f
001f
001f
001f
001f
001f
001f
001f
001f
001f
001f
001f
001f
001f
001f
001f
001f
001f
001f
001f
001f
001f
001f
001f
001f
001f
001f
001f
001f
001f
001f
001f
001f
001f
001f
001f
001f
001f
001f
001f
001f
001f
001f
001f
001f
001f
001f
001f
001f
001f
001f
001f
001f
001f
001f
001f
001f
001f
001f
001f
001f
001f
001f
001f
001f
001f
001f
001f
001f
001f
001f
001f
001f
001f
001f
001f
001f
001f
001f
001f
001f
001f
001f
001f
001f
001f
001f
001f
001f
001f
001f
001f
001f
001f
001f
001f
001f
001f
001f
001f
001f
001f
001f
001f
001f
001f
001f
001f
001f
001f
001f
001f
001f
001f
001f
001f
001f
001f
001f
001f
001f
001f
001f
001f
001f
001f
001f
001f
001f
001f
001f
001f
001f
001f
001f
001f
001f
001f
001f
001f
001f
001f
001f
001f
001f
001f
001f
001f
001f
001f
001f
001f
001f
001f
001f
001f
001f
001f
001f
001f
001f
001f
001f
001f
001f
001f
001f
001f
001f
001f
001f
001f
001f
001f
001f
001f
001f
001f
001f
001f
001f
001f
001f
001f
001f
001f
001f
001f
001f
001f
001f
001f
001f
001f
001f
001f
001f
001f
001f
001f
001f
001f
001f
001f
001f
001f
001f
001f
001f
001f
001f
001f
001f
001f
001f
001f
001f
001f
001f
001f
001f
001f
001f
001f
001f
001f
001f
001f
001f
001f
001f
001f
001f
001f
001f
001f
001f
001f
001f
001f
001f
001f
001f
001f
001f
001f
001f
001f
001f
001f
001f
001f
001f
001f
001f
001f
001f
001f
001f
001f
001f
001f
001f
001f
001f
001f
001f
001f
001f
001f
001f
001f
001f
001f
001f
001f
001f
001f
001f
001f
001f
001f
001f
001f
001f
001f
001f
001f
001f
001f
001f
001f
001f
001f
001f
001f
001f
001f
001f
001f
001f
001f
001f
001f
001f
001f
001f
001f
001f
001f
001f
001f
001f
001f
001f
001f
001f
001f
001f
001f
001f
001f
001f
001f
001f
001f
001f
001f
001f
001f
001f
001f
001f
001f
001f
001f
001f
001f
001f
001f
001f
001f
001f
001f
001f
001f
001f
001f
001f
001f
001f
001f
001f
001f
001f
001f
001f
001f
001f
001f
001f
001f
001f
001f
001f
001f
001f
001f
001f
001f
001f
001f
001f
001f
001f
001f
001f
001f
001f
001f
001f
001f
001f
001f
001f
001f
001f
001f
001f
001f
001f
001f
001f
001f
001f
001f
001f
001f
001f
001f
001f
001f
001f
001f
001f
001f
001f
001f
001f
001f
001f
001f
001f
001f
001f
001f
001f
001f
001f
001f
001f
001f
001f
001f
001f
001f
001f
001f
001f
001f
001f
001f
001f
001f
001f
001f
001f
001f
001f
001f
001f
001f
001f
001f
001f
001f
001f
001f
001f
001f
001f
001f
001f
001f
001f
001f
001f
001f
001f
001f
001f
001f
001f
001f
001f
001f
001f
001f
001f
001f
001f
001f
001f
001f
001f
001f
001f
001f
001f
001f
001f
001f
001f
001f
001f
001f
001f
001f
001f
001f
001f
001f
001f
001f
001f
001f
001f
001f
001f
001f
001f
001f
001f
001f
001f
001f
001f
001f
001f
001f
001f
001f
001f
001f
001f
001f
001f
001f
001f
001f
001f
001f
001f
001f
001f
001f
001f
001f
001f
001f
001f
001f
001f
001f
001f
001f
001f
001f
001f
001f
001f
001f
001f
001f
001f
001f
001f
001f
001f
001f
001f
001f
001f
001f
001f
001f
001f
001f
001f
001f
001f
001f
001f
001f
001f
001f
001f
001f
001f
001f
001f
001f
001f
001f
001f
001f
001f
001f
001f
001f
001f
001f
001f
001f
001f
001f
001f
001f
001f
001f
001f
001f
001f
001f
001f
001f
001f
001f
001f
001f
001f
001f
001f
001f
001f
001f
001f
001f
001f
001f
001f
001f
001f
001f
001f
001f
001f
001f
001f
001f
001f
001f
001f
001f
001f
001f
001f
001f
001f
001f
001f
001f
001f
001f
001f
001f
001f
001f
001f
001f
001f
001f
001f
001f
001f
001f
001f
001f
001f
001f
001f
001f
001f
001f
001f
001f
001f
001f
001f
001f
001f
001f
001f
001f
001f
001f
001f
001f
001f
001f
001f
001f
001f
001f
001f
001f
001f
001f
001f
001f
001f
001f
001f
001f
001f
001f
001f
001f
001f
001f
001f
001f
001f
001f
001f
001f
001f
001f
001f
001f
001f
001f
001f
001f
001f
001f
001f
001f
001f
001f
001f
001f
001f
001f
001f
001f
001f
001f
001f
001f
001f
001f
001f
001f
001f
001f
001f
001f
001f
001f
001f
001f
001f
001f
001f
001f
001f
001f
001f
001f
001f
001f
001f
001f
001f
001f
001f
001f
001f
001f
001f
001f
001f
001f
001f
001f
001f
001f
001f
001f
001f
001f
001f
001f
001f
001f
001f
001f
001f
001f
001f
001f
001f
001f
001f
001f
001f
001f
001f
001f
001f
001f
001f
001f
001f
001f
001f
001f
001f
001f
001f
001f
001f
001f
001f
001f
001f
001f
001f
001f
001f
001f
001f
001f
001f
001f
001f
001f
001f
001f
001f
001f
001f
001f
001f
001f
001f
001f
001f
001f
001f
001f
001f
001f
001f
001f
001f
001f
001f
001f
001f
001f
001f
001f
001f
001f
001f
001f
001f
001f
001f
001f
001f
001f
001f
001f
001f
001f
001f
001f
001f
001f
001f
001f
001f
001f
001f
001f
001f
001f
001f
001f
001f
001f
001f
001f
001f
001f
001f
001f
001f
001f
001f
001f
001f
001f
001f
001f
001f
001f
001f
001f
001f
001f
001f
001f
001f
001f
001f
001f
001f
001f
001f
001f
001f
001f
001f
001f
001f
001f
001f
001f
001f
001f
001f
001f
001f
001f
001f
001f
001f
001f
001f
001f
001f
001f
001f
001f
001f
001f
001f
001f
001f
001f
001f
001f
001f
001f
001f
001f
001f
001f
001f
001f
001f
001f
001f
001f
001f
001f
001f
001f
001f
001f
001f
001f
001f
001f
001f
001f
001f
001f
001f
001f
001f
001f
001f
001f
001f
001f
001f
001f
001f
001f
001f
001f
001f
001f
001f
001f
001f
001f
001f
001f
001f
001f
001f
001f
001f
001f
001f
001f
001f
001f
001f
001f
001f
001f
001f
001f
001f
001f
001f
001f
001f
001f
001f
001f
001f
001f
001f
001f
001f
001f
001f
001f
001f
001f
001f
001f
001f
001f
001f
001f
001f
001f
001f
001f
001f
001f
001f
001f
001f
001f
001f
001f
001f
001f
001f
001f
001f
001f
001f
001f
001f
001f
001f
001f
001f
001f
001f
001f
001f
001f
001f
001f
001f
001f
001f
001f
001f
001f
001f
001f
001f
001f
001f
001f
001f
001f
001f
001f
001f
001f
001f
001f
001f
001f
001f
001f
001f
001f
001f
001f
001f
001f
001f
001f
001f
001f
001f
001f
001f
001f
001f
001f
001f
001f
001f
001f
001f
001f
001f
001f
001f
001f
001f
001f
001f
001f
001f
001f
001f
001f
001f
001f
001f
001f
001f
001f
001f
001f
001f
001f
001f
001f
001f
001f
001f
001f
001f
001f
001f
001f
001f
001f
001f
001f
001f
001f
001f
001f
001f
001f
001f
001f
001f
001f
001f
001f
001f
001f
001f
001f
001f
001f
001f
001f
001f
001f
001f
001f
001f
001f
001f
001f
001f
001f
001f
001f
001f
001f
001f
001f
001f
001f
001f
001f
001f
001f
001f
001f
001f
001f
001f
001f
001f
001f
001f
001f
001f
001f
001f
001f
001f
001f
001f
001f
001f
001f
001f
001f
001f
001f
001f
001f
001f
001f
001f
001f
001f
001f
001f
001f
001f
001f
001f
001f
001f
001f
001f
001f
001f
001f
001f
001f
001f
001f
001f
001f
001f
001f
001f
001f
001f
001f
001f
001f
001f
001f
001f
001f
001f
001f
001f
001f
001f
001f
001f
001f
001f
001f
001f
001f
001f
001f
001f
001f
001f
001f
001f
001f
001f
001f
001f
001f
001f
001f
001f
001f
001f
001f
001f
001f
001f
001f
001f
001f
001f
001f
001f
001f
001f
001f
001f
001f
001f
001f
001f
001f
001f
001f
001f
001f
001f
001f
001f
001f
001f
001f
001f
001f
001f
001f
001f
001f
001f
001f
001f
001f
001f
001f
001f
001f
001f
001f
001f
001f
001f
001f
001f
001f
001f
001f
001f
001f
001f
001f
001f
001f
001f
001f
001f
001f
001f
001f
001f
001f
001f
001f
001f
001f
001f
001f
001f
001f
001f
001f
001f
001f
001f
001f
001f
001f
001f
001f
001f
001f
001f
001f
001f
001f
001f
001f
001f
001f
001f
001f
001f
001f
001f
001f
001f
001f
001f
001f
001f
001f
001f
001f
001f
001f
001f
001f
001f
001f
001f
001f
001f
001f
001f
001f
001f
001f
001f
001f
001f
001f
001f
001f
001f
001f
001f
001f
001f
001f
001f
001f
001f
001f
001f
001f
001f
001f
001f
001f
001f
001f
001f
001f
001f
001f
001f
001f
001f
001f
001f
001f
001f
001f
001f
001f
001f
001f
001f
001f
001f
001f
001f
001f
001f
001f
001f
001f
001f
001f
001f
001f
001f
001f
001f
001f
001f
001f
001f
001f
001f
001f
001f
001f
001f
001f
001f
001f
001f
001f
001f
001f
001f
001f
001f
001f
001f
001f
001f
001f
001f
001f
001f
001f
001f
001f
001f
001f
001f
001f
001f
001f
001f
001f
001f
001f
001f
001f
001f
001f
001f
001f
001f
001f
001f
001f
001f
001f
001f
001f
001f
001f
001f
001f
001f
001f
001f
001f
001f
001f
001f
001f
001f
001f
001f
001f
001f
001f
001f
001f
001f
001f
001f
001f
001f
001f
001f
001f
001f
001f
001f
001f
001f
001f
001f
001f
001f
001f
001f
001f
001f
001f
001f
001f
001f
001f
001f
001f
001f
001f
001f
001f
001f
001f
001f
001f
001f
001f
001f
001f
001f
001f
001f
001f
001f
001f
001f
001f
001f
001f
001f
001f
001f
001f
001f
001f
001f
001f
001f
001f
001f
001f
001f
001f
001f
001f
001f
001f
001f
001f
001f
001f
001f
001f
001f
001f
001f
001f
001f
001f
001f
001f
001f
001f
001f
001f
001f
001f
001f
001f
001f
001f
001f
001f
001f
001f
001f
001f
001f
001f
001f
001f
001f
001f
001f
001f
001f
001f
001f
001f
001f
001f
001f
001f
001f
001f
001f
001f
001f
001f
001f
001f
001f
001f
001f
001f
001f
001f
001f
001f
001f
001f
001f
001f
001f
001f
001f
001f
001f
001f
001f
001f
001f
001f
001f
001f
001f
001f
001f
001f
001f
001f
001f
001f
001f
001f
001f
001f
001f
001f
001f
001f
001f
001f
001f
001f
001f
001f
001f
001f
001f
001f
001f
001f
001f
001f
001f
001f
001f
001f
001f
001f
001f
001f
001f
001f
001f
001f
001f
001f
001f
001f
001f
001f
001f
001f
001f
001f
001f
001f
001f
001f
001f
001f
001f
001f
001f
001f
001f
001f
001f
001f
001f
001f
001f
001f
001f
001f
001f
001f
001f
001f
001f
001f
001f
001f
001f
001f
001f
001f
001f
001f
001f
001f
001f
001f
001f
001f
001f
001f
001f
001f
001f
001f
001f
001f
001f
001f
001f
001f
001f
001f
001f
001f
001f
001f
001f
001f
001f
001f
001f
001f
001f
001f
001f
001f
001f
001f
001f
001f
001f
001f
001f
001f
001f
001f
001f
001f
001f
001f
001f
001f
001f
001f
001f
001f
001f
001f
001f
001f
001f
001f
001f
001f
001f
001f
001f
001f
001f
001f
001f
001f
001f
001f
001f
001f
001f
001f
001f
001f
001f
001f
001f
001f
001f
001f
001f
001f
001f
001f
001f
001f
001f
001f
001f
001f
001f
001f
001f
001f
001f
001f
001f
001f
001f
001f
001f
001f
001f
001f
001f
001f
001f
001f
001f
001f
001f
001f
001f
001f
001f
001f
001f
001f
001f
001f
001f
001f
001f
001f
001f
001f
001f
001f
001f
001f
001f
001f
001f
001f
001f
001f
001f
001f
001f
001f
001f
001f
001f
001f
001f
001f
001f
001f
001f
001f
001f
001f
001f
001f
001f
001f
001f
001f
001f
001f
001f
001f
001f
001f
001f
001f
001f
001f
001f
001f
001f
001f
001f
001f
001f
001f
001f
001f
001f
001f
001f
001f
001f
001f
001f
001f
001f
001f
001f
001f
001f
001f
001f
001f
001f
001f
001f
001f
001f
001f
001f
001f
001f
001f
001f
001f
001f
001f
001f
001f
001f
001f
001f
001f
001f
001f
001f
001f
001f
001f
001f
001f
001f
001f
001f
001f
001f
001f
001f
001f
001f
001f
001f
001f
001f
001f
001f
001f
001f
001f
001f
001f
001f
001f
001f
001f
001f
001f
001f
001f
001f
001f
001f
001f
001f
001f
001f
001f
001f
001f
001f
001f
001f
001f
001f
001f
001f
001f
001f
001f
001f
001f
001f
001f
001f
001f
001f
001f
001f
001f
001f
001f
001f
001f
001f
001f
001f
001f
001f
001f
001f
001f
001f
001f
001f
001f
001f
001f
001f
001f
001f
001f
001f
001f
001f
001f
001f
001f
001f
001f
001f
001f
001f
001f
001f
001f
001f
001f
001f
001f
001f
001f
001f
001f
001f
001f
001f
001f
001f
001f
001f
001f
001f
001f
001f
001f
001f
001f
001f
001f
001f
001f
001f
001f
001f
001f
001f
001f
001f
001f
001f
001f
001f
001f
001f
001f
001f
001f
001f
001f
001f
001f
001f
001f
001f
001f
001f
001f
001f
001f
001f
001f
001f
001f
001f
001f
001f
001f
001f
001f
001f
001f
001f
001f
001f
001f
001f
001f
001f
001f
001f
001f
001f
001f
001f
001f
001f
001f
001f
001f
001f
001f
001f
001f
001f
001f
001f
001f
001f
001f
001f
001f
001f
001f
001f
001f
001f
001f
001f
001f
001f
001f
001f
001f
001f
001f
001f
001f
001f
001f
001f
001f
001f
001f
001f
001f
001f
001f
001f
001f
001f
001f
001f
001f
001f
001f
001f
001f
001f
001f
001f
001f
001f
001f
001f
001f
001f
001f
001f
001f
001f
001f
001f
001f
001f
001f
001f
001f
001f
001f
001f
001f
001f
001f
001f
001f
001f
001f
001f
001f
001f
001f
001f
001f
001f
001f
001f
001f
001f
001f
001f
001f
001f
001f
001f
001f
001f
001f
001f
001f
001f
001f
001f
001f
001f
001f
001f
001f
001f
001f
001f
001f
001f
001f
001f
001f
001f
001f
001f
001f
001f
001f
001f
001f
001f
001f
001f
001f
001f
001f
001f
001f
001f
001f
001f
001f
001f
001f
001f
001f
001f
001f
001f
001f
001f
001f
001f
001f
001f
001f
001f
001f
001f
001f
001f
001f
001f
001f
001f
001f
001f
001f
001f
001f
001f
001f
001f
001f
001f
001f
001f
001f
001f
001f
001f
001f
001f
001f
001f
001f
001f
001f
001f
001f
001f
001f
001f
001f
001f
001f
001f
001f
001f
001f
001f
001f
001f
001f
001f
001f
001f
001f
001f
001f
001f
001f
001f
001f
001f
001f
001f
001f
001f
001f
001f
001f
001f
001f
001f
001f
001f
001f
001f
001f
001f
001f
001f
001f
001f
001f
001f
001f
001f
001f
001f
001f
001f
001f
001f
001f
001f
001f
001f
001f
001f
001f
001f
001f
001f
001f
001f
001f
001f
001f
001f
001f
001f
001f
001f
001f
001f
001f
001f
001f
001f
001f
001f
001f
001f
001f
001f
001f
001f
001f
001f
001f
001f
001f
001f
001f
001f
001f
001f
001f
001f
001f
001f
001f
001f
001f
001f
001f
001f
001f
001f
001f
001f
001f
001f
001f
001f
001f
001f
001f
001f
001f
001f
001f
001f
001f
001f
001f
001f
001f
001f
001f
001f
001f
001f
001f
001f
001f
001f
001f
001f
001f
001f
001f
001f
001f
001f
001f
001f
001f
001f
001f
001f
001f
001f
001f
001f
001f
001f
001f
001f
001f
001f
001f
001f
001f
001f
001f
001f
001f
001f
001f
001f
001f
001f
001f
001f
001f
001f
001f
001f
001f
001f
001f
001f
001f
001f
001f
001f
001f
001f
001f
001f
001f
001f
001f
001f
001f
001f
001f
001f
001f
001f
001f
001f
001f
001f
001f
001f
001f
001f
001f
001f
001f
001f
001f
001f
001f
001f
001f
001f
001f
001f
001f
001f
001f
001f
001f
001f
001f
001f
001f
001f
001f
001f
001f
001f
001f
001f
001f
001f
001f
001f
001f
001f
001f
001f
001f
001f
001f
001f
001f
001f
001f
001f
001f
001f
001f
001f
001f
001f
001f
001f
001f
001f
001f
001f
001f
001f
001f
001f
001f
001f
001f
001f
001f
001f
001f
001f
001f
001f
001f
001f
001f
001f
001f
001f
001f
001f
001f
001f
001f
001f
001f
001f
001f
001f
001f
001f
001f
001f
001f
001f
001f
001f
001f
001f
001f
001f
001f
001f
001f
001f
001f
001f
001f
001f
001f
001f
001f
001f
001f
001f
001f
001f
001f
001f
001f
001f
001f
001f
001f
001f
001f
001f
001f
001f
001f
001f
001f
001f
001f
001f
001f
001f
001f
001f
001f
001f
001f
001f
001f
001f
001f
001f
001f
001f
001f
001f
001f
001f
001f
001f
001f
001f
001f
001f
001f
001f
001f
001f
001f
001f
001f
001f
001f
001f
001f
001f
001f
001f
001f
001f
001f
001f
001f
001f
001f
001f
001f
001f
001f
001f
001f
001f
001f
001f
001f
001f
001f
001f
001f
001f
001f
001f
001f
001f
001f
001f
001f
001f
001f
001f
001f
001f
001f
001f
001f
001f
001f
001f
001f
001f
001f
001f
001f
001f
001f
001f
001f
001f
001f
001f
001f
001f
001f
001f
001f
001f
001f
001f
001f
001f
001f
001f
001f
001f
001f
001f
001f
001f
001f
001f
001f
001f
001f
001f
001f
001f
001f
001f
001f
001f
001f
001f
001f
001f
001f
001f
001f
001f
001f
001f
001f
001f
001f
001f
001f
001f
001f
001f
001f
001f
001f
001f
001f
001f
001f
001f
001f
001f
001f
001f
001f
001f
001f
001f
001f
001f
001f
001f
001f
001f
001f
001f
001f
001f
001f
001f
001f
001f
001f
001f
001f
001f
001f
001f
001f
001f
001f
001f
001f
001f
001f
001f
001f
001f
001f
001f
001f
001f
001f
001f
001f
001f
001f
001f
001f
001f
001f
001f
001f
001f
001f
001f
001f
001f
001f
001f
001f
001f
001f
001f
001f
001f
001f
001f
001f
001f
001f
001f
001f
001f
001f
001f
001f
001f
001f
001f
001f
001f
001f
001f
001f
001f
001f
001f
001f
001f
001f
001f
001f
001f
001f
001f
001f
001f
001f
001f
001f
001f
001f
001f
001f
001f
001f
001f
001f
001f
001f
001f
001f
001f
001f
001f
001f
001f
001f
001f
001f
001f
001f
001f
001f
001f
001f
001f
001f
001f
001f
001f
001f
001f
001f
001f
001f
001f
001f
001f
001f
001f
001f
001f
001f
001f
001f
001f
001f
001f
001f
001f
001f
001f
001f
001f
001f
001f
001f
001f
001f
001f
001f
001f
001f
001f
001f
001f
001f
001f
001f
001f
001f
001f
001f
001f
001f
001f
001f
001f
001f
001f
001f
001f
001f
001f
001f
001f
001f
001f
001f
001f
001f
001f
001f
001f
001f
001f
001f
001f
001f
001f
001f
001f
001f
001f
001f
001f
001f
001f
001f
001f
001f
001f
001f
001f
001f
001f
001f
001f
001f
001f
001f
001f
001f
001f
001f
001f
001f
001f
001f
001f
001f
001f
001f
001f
001f
001f
001f
001f
001f
001f
001f
001f
001f
001f
001f
001f
001f
001f
001f
001f
001f
001f
001f
001f
001f
001f
001f
001f
001f
001f
001f
001f
001f
001f
001f
001f
001f
001f
001f
001f
001f
001f
001f
001f
001f
001f
001f
001f
001f
001f
001f
001f
001f
001f
001f
001f
001f
001f
001f
001f
001f
001f
001f
001f
001f
001f
001f
001f
001f
001f
001f
001f
001f
001f
001f
001f
001f
001f
001f
001f
001f
001f
001f
001f
001f
001f
001f
001f
001f
001f
001f
001f
001f
001f
001f
001f
001f
001f
001f
001f
001f
001f
001f
001f
001f
001f
001f
001f
001f
001f
001f
001f
001f
001f
001f
001f
001f
001f
001f
001f
001f
001f
001f
001f
001f
001f
001f
001f
001f
001f
001f
001f
001f
001f
001f
001f
001f
001f
001f
001f
001f
001f
001f
001f
001f
001f
001f
001f
001f
001f
001f
001f
001f
001f
001f
001f
001f
001f
001f
001f
001f
001f
001f
001f
001f
001f
001f
001f
001f
001f
001f
001f
001f
001f
001f
001f
001f
001f
001f
001f
001f
001f
001f
001f
001f
001f
001f
001f
001f
001f
001f
001f
001f
001f
001f
001f
001f
001f
001f
001f
001f
001f
001f
001f
001f
001f
001f
001f
001f
001f
001f
001f
001f
001f
001f
001f
001f
001f
001f
001f
001f
001f
001f
001f
001f
001f
001f
001f
001f
001f
001f
001f
001f
001f
001f
001f
001f
001f
001f
001f
001f
001f
001f
001f
001f
001f
001f
001f
001f
001f
001f
001f
001f
001f
001f
001f
001f
001f
001f
001f
001f
001f
001f
001f
001f
001f
001f
001f
001f
001f
001f
001f
001f
001f
001f
001f
001f
001f
001f
001f
001f
001f
001f
001f
001f
001f
001f
001f
001f
001f
001f
001f
001f
001f
001f
001f
001f
001f
001f
001f
001f
001f
001f
001f
001f
001f
001f
001f
001f
001f
001f
001f
001f
001f
001f
001f
001f
001f
001f
001f
001f
001f
001f
001f
001f
001f
001f
001f
001f
001f
001f
001f
001f
001f
001f
001f
001f
001f
001f
001f
001f
001f
001f
001f
001f
001f
001f
001f
001f
001f
001f
001f
001f
001f
001f
001f
001f
001f
001f
001f
001f
001f
001f
001f
001f
001f
001f
001f
001f
001f
001f
001f
001f
001f
001f
001f
001f
001f
001f
001f
001f
001f
001f
001f
001f
001f
001f
001f
001f
001f
001f
001f
001f
001f
001f
001f
001f
001f
001f
001f
001f
001f
001f
001f
001f
001f
001f
001f
001f
001f
001f
001f
001f
001f
001f
001f
001f
001f
001f
001f
001f
001f
001f
001f
001f
001f
001f
001f
001f
001f
001f
001f
001f
001f
001f
001f
001f
001f
001f
001f
001f
001f
001f
001f
001f
001f
001f
001f
001f
001f
001f
001f
001f
001f
001f
001f
001f
001f
001f
001f
001f
001f
001f
001f
001f
001f
001f
001f
001f
001f
001f
001f
001f
001f
001f
001f
001f
001f
001f
001f
001f
001f
001f
001f
001f
001f
001f
001f
001f
001f
001f
001f
001f
001f
001f
001f
001f
001f
001f
001f
001f
001f
001f
001f
001f
001f
001f
001f
001f
001f
001f
001f
001f
001f
001f
001f
001f
001f
001f
001f
001f
001f
001f
001f
001f
001f
001f
001f
001f
001f
001f
001f
001f
001f
001f
001f
001f
001f
001f
001f
001f
001f
001f
001f
001f
001f
001f
001f
001f
001f
001f
001f
001f
001f
001f
001f
001f
001f
001f
001f
001f
001f
001f
001f
001f
001f
001f
001f
001f
001f
001f
001f
001f
001f
001f
001f
001f
001f
001f
001f
001f
001f
001f
001f
001f
001f
001f
001f
001f
001f
001f
001f
001f
001f
001f
001f
001f
001f
001f
001f
001f
001f
001f
001f
001f
001f
001f
001f
001f
001f
001f
001f
001f
001f
001f
001f
001f
001f
001f
001f
001f
001f
001f
001f
001f
001f
001f
001f
001f
001f
001f
001f
001f
001f
001f
001f
001f
001f
001f
001f
001f
001f
001f
001f
001f
001f
001f
001f
001f
001f
001f
001f
001f
001f
001f
001f
001f
001f
001f
001f
001f
001f
001f
001f
001f
001f
001f
001f
001f
001f
001f
001f
001f
001f
001f
001f
001f
001f
001f
001f
001f
001f
001f
001f
001f
001f
001f
001f
001f
001f
001f
001f
001f
001f
001f
001f
001f
001f
001f
001f
001f
001f
001f
001f
001f
001f
001f
001f
001f
001f
001f
001f
001f
001f
001f
001f
001f
001f
001f
001f
001f
001f
001f
001f
001f
001f
001f
001f
001f
001f
001f
001f
001f
001f
001f
001f
001f
001f
001f
001f
001f
001f
001f
001f
001f
001f
001f
001f
001f
001f
001f
001f
001f
001f
001f
001f
001f
001f
001f
001f
001f
001f
001f
001f
001f
001f
001f
001f
001f
001f
001f
001f
001f
001f
001f
001f
001f
001f
001f
001f
001f
001f
001f
001f
001f
001f
001f
001f
001f
001f
001f
001f
001f
001f
001f
001f
001f
001f
001f
001f
001f
001f
001f
001f
001f
001f
001f
001f
001f
001f
001f
001f
001f
001f
001f
001f
001f
001f
001f
001f
001f
001f
001f
001f
001f
001f
001f
001f
001f
001f
001f
001f
001f
001f
001f
001f
001f
001f
001f
001f
001f
001f
001f
001f
001f
001f
001f
001f
001f
001f
001f
001f
001f
001f
001f
001f
001f
001f
001f
001f
001f
001f
001f
001f
001f
001f
001f
001f
001f
001f
001f
001f
001f
001f
001f
001f
001f
001f
001f
001f
001f
001f
001f
001f
001f
001f
001f
001f
001f
001f
001f
001f
001f
001f
001f
001f
001f
001f
001f
001f
001f
001f
001f
001f
001f
001f
001f
001f
001f
001f
001f
001f
001f
001f
001f
001f
001f
001f
001f
001f
001f
001f
001f
001f
001f
001f
001f
001f
001f
001f
001f
001f
001f
001f
001f
001f
001f
001f
001f
001f
001f
001f
001f
001f
001f
001f
001f
001f
001f
001f
001f
001f
001f
001f
001f
001f
001f
001f
001f
001f
001f
001f
001f
001f
001f
001f
001f
001f
001f
001f
001f
001f
001f
001f
001f
001f
001f
001f
001f
001f
001f
001f
001f
001f
001f
001f
001f
001f
001f
001f
001f
001f
001f
001f
001f
001f
001f
001f
001f
001f
001f
001f
001f
001f
001f
001f
001f
001f
001f
001f
001f
001f
001f
001f
001f
001f
001f
001f
001f
001f
001f
001f
001f
001f
001f
001f
001f
001f
001f
001f
001f
001f
001f
001f
001f
001f
001f
001f
001f
001f
001f
001f
001f
001f
001f
001f
001f
001f
001f
001f
001f
001f
001f
001f
001f
001f
001f
001f
001f
001f
001f
001f
001f
001f
001f
001f
001f
001f
001f
001f
001f
001f
001f
001f
001f
001f
001f
001f
001f
001f
001f
001f
001f
001f
001f
001f
001f
001f
001f
001f
001f
001f
001f
001f
001f
001f
001f
001f
001f
001f
001f
001f
001f
001f
001f
001f
001f
001f
001f
001f
001f
001f
001f
001f
001f
001f
001f
001f
001f
001f
001f
001f
001f
001f
001f
001f
001f
001f
001f
001f
001f
001f
001f
001f
001f
001f
001f
001f
001f
001f
001f
001f
001f
001f
001f
001f
001f
001f
001f
001f
001f
001f
001f
001f
001f
001f
001f
001f
001f
001f
001f
001f
001f
001f
001f
001f
001f
001f
001f
001f
001f
001f
001f
001f
001f
001f
001f
001f
001f
001f
001f
001f
001f
001f
001f
001f
001f
001f
001f
001f
001f
001f
001f
001f
001f
001f
001f
001f
001f
001f
001f
001f
001f
001f
001f
001f
001f
001f
001f
001f
001f
001f
001f
001f
001f
001f
001f
001f
001f
001f
001f
001f
001f
001f
001f
001f
001f
001f
001f
001f
001f
001f
001f
001f
001f
001f
001f
001f
001f
001f
001f
001f
001f
001f
001f
001f
001f
001f
001f
001f
001f
001f
001f
001f
001f
001f
001f
001f
001f
001f
001f
001f
001f
001f
001f
001f
001f
001f
001f
001f
001f
001f
001f
001f
001f
001f
001f
001f
001f
001f
001f
001f
001f
001f
001f
001f
001f
001f
001f
001f
001f
001f
001f
001f
001f
001f
001f
001f
001f
001f
001f
001f
001f
001f
001f
001f
001f
001f
001f
001f
001f
001f
001f
001f
001f
001f
001f
001f
001f
001f
001f
001f
001f
001f
001f
001f
001f
001f
001f
001f
001f
001f
001f
001f
001f
001f
001f
001f
001f
001f
001f
001f
001f
001f
001f
001f
001f
001f
001f
001f
001f
001f
001f
001f
001f
001f
001f
001f
001f
001f
001f
001f
001f
001f
001f
001f
001f
001f
001f
001f
001f
001f
001f
001f
001f
001f
001f
001f
001f
001f
001f
001f
001f
001f
001f
001f
001f
001f
001f
001f
001f
001f
001f
001f
001f
001f
001f
001f
001f
001f
001f
001f
001f
001f
001f
001f
001f
001f
001f
001f
001f
001f
001f
001f
001f
001f
001f
001f
001f
001f
001f
001f
001f
001f
001f
001f
001f
001f
001f
001f
001f
001f
001f
001f
001f
001f
001f
001f
001f
001f
001f
001f
001f
001f
001f
001f
001f
001f
001f
001f
001f
001f
001f
001f
001f
001f
001f
001f
001f
001f
001f
001f
001f
001f
001f
001f
001f
001f
001f
001f
001f
001f
001f
001f
001f
001f
001f
001f
001f
001f
001f
001f
001f
001f
001f
001f
001f
001f
001f
001f
001f
001f
001f
001f
001f
001f
001f
001f
001f
001f
001f
001f
001f
001f
001f
001f
001f
001f
001f
001f
001f
001f
001f
001f
001f
001f
001f
001f
001f
001f
001f
001f
001f
001f
001f
001f
001f
001f
001f
001f
001f
001f
001f
001f
001f
001f
001f
001f
001f
001f
001f
001f
001f
001f
001f
001f
001f
001f
001f
001f
001f
001f
001f
001f
001f
001f
001f
001f
001f
001f
001f
001f
001f
001f
001f
001f
001f
001f
001f
001f
001f
001f
001f
001f
001f
001f
001f
001f
001f
001f
001f
001f
001f
001f
001f
001f
001f
001f
001f
001f
001f
001f
001f
001f
001f
001f
001f
001f
001f
001f
001f
001f
001f
001f
001f
001f
001f
001f
001f
001f
001f
001f
001f
001f
001f
001f
001f
001f
001f
001f
001f
001f
001f
001f
001f
001f
001f
001f
001f
001f
001f
001f
001f
001f
001f
001f
001f
001f
001f
001f
001f
001f
001f
001f
001f
001f
001f
001f
001f
001f
001f
001f
001f
001f
001f
001f
001f
001f
001f
001f
001f
001f
001f
001f
001f
001f
001f
001f
001f
001f
001f
001f
001f
001f
001f
001f
001f
001f
001f
001f
001f
001f
001f
001f
001f
001f
001f
001f
001f
001f
001f
001f
001f
001f
001f
001f
001f
001f
001f
001f
001f
001f
001f
001f
001f
001f
001f
001f
001f
001f
001f
001f
001f
001f
001f
001f
001f
001f
001f
001f
001f
001f
001f
001f
001f
001f
001f
001f
001f
001f
001f
001f
001f
001f
001f
001f
001f
001f
001f
001f
001f
001f
001f
001f
001f
001f
001f
001f
001f
001f
001f
001f
001f
001f
001f
001f
001f
001f
001f
001f
001f
001f
001f
001f
001f
001f
001f
001f
001f
001f
001f
001f
001f
001f
001f
001f
001f
001f
001f
001f
001f
001f
001f
001f
001f
001f
001f
001f
001f
001f
001f
001f
001f
001f
001f
001f
001f
001f
001f
001f
001f
001f
001f
001f
001f
001f
001f
001f
001f
001f
001f
001f
001f
001f
001f
001f
001f
001f
001f
001f
001f
001f
001f
001f
001f
001f
001f
001f
001f
001f
001f
001f
001f
001f
001f
001f
001f
001f
001f
001f
001f
001f
001f
001f
001f
001f
001f
001f
001f
001f
001f
001f
001f
001f
001f
001f
001f
001f
001f
001f
001f
001f
001f
001f
001f
001f
001f
001f
001f
001f
001f
001f
001f
001f
001f
001f
001f
001f
001f
001f
001f
001f
001f
001f
001f
001f
001f
001f
001f
001f
001f
001f
001f
001f
001f
001f
001f
001f
001f
001f
001f
001f
001f
001f
001f
001f
001f
001f
001f
001f
001f
001f
001f
001f
001f
001f
001f
001f
001f
001f
001f
001f
001f
001f
001f
001f
001f
001f
001f
001f
001f
001f
001f
001f
001f
001f
001f
001f
001f
001f
001f
001f
001f
001f
001f
001f
001f
001f
001f
001f
001f
001f
001f
001f
001f
001f
001f
001f
001f
001f
001f
001f
001f
001f
001f
001f
001f
001f
001f
001f
001f
001f
001f
001f
001f
001f
001f
001f
001f
001f
001f
001f
001f
001f
001f
001f
001f
001f
001f
001f
001f
001f
001f
001f
001f
001f
001f
001f
001f
001f
001f
001f
001f
001f
001f
001f
001f
001f
001f
001f
001f
001f
001f
001f
001f
001f
001f
001f
001f
001f
001f
001f
001f
001f
001f
001f
001f
001f
001f
001f
001f
001f
001f
001f
001f
001f
001f
001f
001f
001f
001f
001f
001f
001f
001f
001f
001f
001f
001f
001f
001f
001f
001f
001f
001f
001f
001f
001f
001f
001f
001f
001f
001f
001f
001f
001f
001f
001f
001f
001f
001f
001f
001f
001f
001f
001f
001f
001f
001f
001f
001f
001f
001f
001f
001f
001f
001f
001f
001f
001f
001f
001f
001f
001f
001f
001f
001f
001f
001f
001f
001f
001f
001f
001f
001f
001f
001f
001f
001f
001f
001f
001f
001f
001f
001f
001f
001f
001f
001f
001f
001f
001f
001f
001f
001f
001f
001f
001f
001f
001f
001f
001f
001f
001f
001f
001f
001f
001f
001f
001f
001f
001f
001f
001f
001f
001f
001f
001f
001f
001f
001f
001f
001f
001f
001f
001f
001f
001f
001f
001f
001f
001f
001f
001f
001f
001f
001f
001f
001f
001f
001f
001f
001f
001f
001f
001f
001f
001f
001f
001f
001f
001f
001f
001f
001f
001f
001f
001f
001f
001f
001f
001f
001f
001f
001f
001f
001f
001f
001f
001f
001f
001f
001f
001f
001f
001f
001f
001f
001f
001f
001f
001f
001f
001f
001f
001f
001f
001f
001f
001f
001f
001f
001f
001f
001f
001f
001f
001f
001f
001f
001f
001f
001f
001f
001f
001f
001f
001f
001f
001f
001f
001f
001f
001f
001f
001f
001f
001f
001f
001f
001f
001f
001f
001f
001f
001f
001f
001f
001f
001f
001f
001f
001f
001f
001f
001f
001f
001f
001f
001f
001f
001f
001f
001f
001f
001f
001f
001f
001f
001f
001f
001f
001f
001f
001f
001f
001f
001f
001f
001f
001f
001f
001f
001f
001f
001f
001f
001f
001f
001f
001f
001f
001f
001f
001f
001f
001f
001f
001f
001f
001f
001f
001f
001f
001f
001f
001f
001f
001f
001f
001f
001f
001f
001f
001f
001f
001f
001f
001f
001f
001f
001f
001f
001f
001f
001f
001f
001f
001f
001f
001f
001f
001f
001f
001f
001f
001f
001f
001f
001f
001f
001f
001f
001f
001f
001f
001f
001f
001f
001f
001f
001f
001f
001f
001f
001f
001f
001f
001f
001f
001f
001f
001f
001f
001f
001f
001f
001f
001f
001f
001f
001f
001f
001f
001f
001f
001f
001f
001f
001f
001f
001f
001f
001f
001f
001f
001f
001f
001f
001f
001f
001f
001f
001f
001f
001f
001f
001f
001f
001f
001f
001f
001f
001f
001f
001f
001f
001f
001f
001f
001f
001f
001f
001f
001f
001f
001f
001f
001f
001f
001f
001f
001f
001f
001f
001f
001f
001f
001f
001f
001f
001f
001f
001f
001f
001f
001f
001f
001f
001f
001f
001f
001f
001f
001f
001f
001f
001f
001f
001f
001f
001f
001f
001f
001f
001f
001f
001f
001f
001f
001f
001f
001f
001f
001f
001f
001f
001f
001f
001f
001f
001f
001f
001f
001f
001f
001f
001f
001f
001f
001f
001f
001f
001f
001f
001f
001f
001f
001f
001f
001f
001f
001f
001f
001f
001f
001f
001f
001f
001f
001f
001f
001f
001f
001f
001f
001f
001f
001f
001f
001f
001f
001f
001f
001f
001f
001f
001f
001f
001f
001f
001f
001f
001f
001f
001f
001f
001f
001f
001f
001f
001f
001f
001f
001f
001f
001f
001f
001f
001f
001f
001f
001f
001f
001f
001f
001f
001f
001f
001f
001f
001f
001f
001f
001f
001f
001f
001f
001f
001f
001f
001f
001f
001f
001f
001f
001f
001f
001f
001f
001f
001f
001f
001f
001f
001f
001f
001f
001f
001f
001f
001f
001f
001f
001f
001f
001f
001f
001f
001f
001f
001f
001f
001f
001f
001f
001f
001f
001f
001f
001f
001f
001f
001f
001f
001f
001f
001f
001f
001f
001f
001f
001f
001f
001f
001f
001f
001f
001f
001f
001f
001f
001f
001f
001f
001f
001f
001f
001f
001f
001f
001f
001f
001f
001f
001f
001f
001f
001f
001f
001f
001f
001f
001f
001f
001f
001f
001f
001f
001f
001f
001f
001f
001f
001f
001f
001f
001f
001f
001f
001f
001f
001f
001f
001f
001f
001f
001f
001f
001f
001f
001f
001f
001f
001f
001f
001f
001f
001f
001f
001f
001f
001f
001f
001f
001f
001f
001f
001f
001f
001f
001f
001f
001f
001f
001f
001f
001f
001f
001f
001f
001f
001f
001f
001f
001f
001f
001f
001f
001f
001f
001f
001f
001f
001f
001f
001f
001f
001f
001f
001f
001f
001f
001f
001f
001f
001f
001f
001f
001f
001f
001f
001f
001f
001f
001f
001f
001f
001f
001f
001f
001f
001f
001f
001f
001f
001f
001f
001f
001f
001f
001f
001f
001f
001f
001f
001f
001f
001f
001f
001f
001f
001f
001f
001f
001f
001f
001f
001f
001f
001f
001f
001f
001f
001f
001f
001f
001f
001f
001f
001f
001f
001f
001f
001f
001f
001f
001f
001f
001f
001f
001f
001f
001f
001f
001f
001f
001f
001f
001f
001f
001f
001f
001f
001f
001f
001f
001f
001f
001f
001f
001f
001f
001f
001f
001f
001f
001f
001f
001f
001f
001f
001f
001f
001f
001f
001f
001f
001f
001f
001f
001f
001f
001f
001f
001f
001f
001f
001f
001f
001f
001f
001f
001f
001f
001f
001f
001f
001f
001f
001f
001f
001f
001f
001f
001f
001f
001f
001f
001f
001f
001f
001f
001f
001f
001f
001f
001f
001f
001f
001f
001f
001f
001f
001f
001f
001f
001f
001f
001f
001f
001f
001f
001f
001f
001f
001f
001f
001f
001f
001f
001f
001f
001f
001f
001f
001f
001f
001f
001f
001f
001f
001f
001f
001f
001f
001f
001f
001f
001f
001f
001f
001f
001f
001f
001f
001f
001f
001f
001f
001f
001f
001f
001f
001f
001f
001f
001f
001f
001f
001f
001f
001f
001f
001f
001f
001f
001f
001f
001f
001f
001f
001f
001f
001f
001f
001f
001f
001f
001f
001f
001f
001f
001f
001f
001f
001f
001f
001f
001f
001f
001f
001f
001f
001f
001f
001f
001f
001f
001f
001f
001f
001f
001f
001f
001f
001f
001f
001f
001f
001f
001f
001f
001f
001f
001f
001f
001f
001f
001f
001f
001f
001f
001f
001f
001f
001f
001f
001f
001f
001f
001f
001f
001f
001f
001f
001f
001f
001f
001f
001f
001f
001f
001f
001f
001f
001f
001f
001f
001f
001f
001f
001f
001f
001f
001f
001f
001f
001f
001f
001f
001f
001f
001f
001f
001f
001f
001f
001f
001f
001f
001f
001f
001f
001f
001f
001f
001f
001f
001f
001f
001f
001f
001f
001f
001f
001f
001f
001f
001f
001f
001f
001f
001f
001f
001f
001f
001f
001f
001f
001f
001f
001f
001f
001f
001f
001f
001f
001f
001f
001f
001f
001f
001f
001f
001f
001f
001f
001f
001f
001f
001f
001f
001f
001f
001f
001f
001f
001f
001f
001f
001f
001f
001f
001f
001f
001f
001f
001f
001f
001f
001f
001f
001f
001f
001f
001f
001f
001f
001f
001f
001f
001f
001f
001f
001f
001f
001f
001f
001f
001f
001f
001f
001f
001f
001f
001f
001f
001f
001f
001f
001f
001f
001f
001f
001f
001f
001f
001f
001f
001f
001f
001f
001f
001f
001f
001f
001f
001f
001f
001f
001f
001f
001f
001f
001f
001f
001f
001f
001f
001f
001f
001f
001f
001f
001f
001f
001f
001f
001f
001f
001f
001f
001f
001f
001f
001f
001f
001f
001f
001f
001f
001f
001f
001f
001f
001f
001f
001f
001f
001f
001f
001f
001f
001f
001f
001f
001f
001f
001f
001f
001f
001f
001f
001f
001f
001f
001f
001f
001f
001f
001f
001f
001f
001f
001f
001f
001f
001f
001f
001f
001f
001f
001f
001f
001f
001f
001f
001f
001f
001f
001f
001f
001f
001f
001f
001f
001f
001f
001f
001f
001f
001f
001f
001f
001f
001f
001f
001f
001f
001f
001f
001f
001f
001f
001f
001f
001f
001f
001f
001f
001f
001f
001f
001f
001f
001f
001f
001f
001f
001f
001f
001f
001f
001f
001f
001f
001f
001f
001f
001f
001f
001f
001f
001f
001f
001f
001f
001f
001f
001f
001f
001f
001f
001f
001f
001f
001f
001f
001f
001f
001f
001f
001f
001f
001f
001f
001f
001f
001f
001f
001f
001f
001f
001f
001f
001f
001f
001f
001f
001f
001f
001f
001f
001f
001f
001f
001f
001f
001f
001f
001f
001f
001f
001f
001f
001f
001f
001f
001f
001f
001f
001f
001f
001f
001f
001f
001f
001f
001f
001f
001f
001f
001f
001f
001f
001f
001f
001f
001f
001f
001f
001f
001f
001f
001f
001f
001f
001f
001f
001f
001f
001f
001f
001f
001f
001f
001f
001f
001f
001f
001f
001f
001f
001f
001f
001f
001f
001f
001f
001f
001f
001f
001f
001f
001f
001f
001f
001f
001f
001f
001f
001f
001f
001f
001f
001f
001f
001f
001f
001f
001f
001f
001f
001f
001f
001f
001f
001f
001f
001f
001f
001f
001f
001f
001f
001f
001f
001f
001f
001f
001f
001f
001f
001f
001f
001f
001f
001f
001f
001f
001f
001f
001f
001f
001f
001f
001f
001f
001f
001f
001f
001f
001f
001f
001f
001f
001f
001f
001f
001f
001f
001f
001f
001f
001f
001f
001f
001f
001f
001f
001f
001f
001f
001f
001f
001f
001f
001f
001f
001f
001f
001f
001f
001f
001f
001f
001f
001f
001f
001f
001f
001f
001f
001f
001f
001f
001f
001f
001f
001f
001f
001f
001f
001f
001f
001f
001f
001f
001f
001f
001f
001f
001f
001f
001f
001f
001f
001f
001f
001f
001f
001f
001f
001f
001f
001f
001f
001f
001f
001f
001f
001f
001f
001f
001f
001f
001f
001f
001f
001f
001f
001f
001f
001f
001f
001f
001f
001f
001f
001f
001f
001f
001f
001f
001f
001f
001f
001f
001f
001f
001f
001f
001f
001f
001f
001f
001f
001f
001f
001f
001f
001f
001f
001f
001f
001f
001f
001f
001f
001f
001f
001f
001f
001f
001f
001f
001f
001f
001f
001f
001f
001f
001f
001f
001f
001f
001f
001f
001f
001f
001f
001f
001f
001f
001f
001f
001f
001f
001f
001f
001f
001f
001f
001f
001f
001f
001f
001f
001f
001f
001f
001f
001f
001f
001f
001f
001f
001f
001f
001f
001f
001f
001f
001f
001f
001f
001f
001f
001f
001f
001f
001f
001f
001f
001f
001f
001f
001f
001f
001f
001f
001f
001f
001f
001f
001f
001f
001f
001f
001f
001f
001f
001f
001f
001f
001f
001f
001f
001f
001f
001f
001f
001f
001f
001f
001f
001f
001f
001f
001f
001f
001f
001f
001f
001f
001f
001f
001f
001f
001f
001f
001f
001f
001f
001f
001f
001f
001f
001f
001f
001f
001f
001f
001f
001f
001f
001f
001f
001f
001f
001f
001f
001f
001f
001f
001f
001f
001f
001f
001f
001f
001f
001f
001f
001f
001f
001f
001f
001f
001f
001f
001f
001f
001f
001f
001f
001f
001f
001f
001f
001f
001f
001f
001f
001f
001f
001f
001f
001f
001f
001f
001f
001f
001f
001f
001f
001f
001f
001f
001f
001f
001f
001f
001f
001f
001f
001f
001f
001f
001f
001f
001f
001f
001f
001f
001f
001f
001f
001f
001f
001f
001f
001f
001f
001f
001f
001f
001f
001f
001f
001f
001f
001f
001f
001f
001f
001f
001f
001f
001f
001f
001f
001f
001f
001f
001f
001f
001f
001f
001f
001f
001f
001f
001f
001f
001f
001f
001f
001f
001f
001f
001f
001f
001f
001f
001f
001f
001f
001f
001f
001f
001f
001f
001f
001f
001f
001f
001f
001f
001f
001f
001f
001f
001f
001f
001f
001f
001f
001f
001f
001f
001f
001f
001f
001f
001f
001f
001f
001f
001f
001f
001f
001f
001f
001f
001f
001f
001f
001f
001f
001f
001f
001f
001f
001f
001f
001f
001f
001f
001f
001f
001f
001f
001f
001f
001f
001f
001f
001f
001f
001f
001f
001f
001f
001f
001f
001f
001f
001f
001f
001f
001f
001f
001f
001f
001f
001f
001f
001f
001f
001f
001f
001f
001f
001f
001f
001f
001f
001f
001f
001f
001f
001f
001f
001f
001f
001f
001f
001f
001f
001f
001f
001f
001f
001f
001f
001f
001f
001f
001f
001f
001f
001f
001f
001f
001f
001f
001f
001f
001f
001f
001f
001f
001f
001f
001f
001f
001f
001f
001f
001f
001f
001f
001f
001f
001f
001f
001f
001f
001f
001f
001f
001f
001f
001f
001f
001f
001f
001f
001f
001f
001f
001f
001f
001f
001f
001f
001f
001f
001f
001f
001f
001f
001f
001f
001f
001f
001f
001f
001f
001f
001f
001f
001f
001f
001f
001f
001f
001f
001f
001f
001f
001f
001f
001f
001f
001f
001f
001f
001f
001f
001f
001f
001f
001f
001f
001f
001f
001f
001f
001f
001f
001f
001f
001f
001f
001f
001f
001f
001f
001f
001f
001f
001f
001f
001f
001f
001f
001f
001f
001f
001f
001f
001f
001f
001f
001f
001f
001f
001f
001f
001f
001f
001f
001f
001f
001f
001f
001f
001f
001f
001f
001f
001f
001f
001f
001f
001f
001f
001f
001f
001f
001f
001f
001f
001f
001f
001f
001f
001f
001f
001f
001f
001f
001f
001f
001f
001f
001f
001f
001f
001f
001f
001f
001f
001f
001f
001f
001f
001f
001f
001f
001f
001f
001f
001f
001f
001f
001f
001f
001f
001f
001f
001f
001f
001f
001f
001f
001f
001f
001f
001f
001f
001f
001f
001f
001f
001f
001f
001f
001f
001f
001f
001f
001f
001f
001f
001f
001f
001f
001f
001f
001f
001f
001f
001f
001f
001f
001f
001f
001f
001f
001f
001f
001f
001f
001f
001f
001f
001f
001f
001f
001f
001f
001f
001f
001f
001f
001f
001f
001f
001f
001f
001f
001f
001f
001f
001f
001f
001f
001f
001f
001f
001f
001f
001f
001f
001f
001f
001f
001f
001f
001f
001f
001f
001f
001f
001f
001f
001f
001f
001f
001f
001f
001f
001f
001f
001f
001f
001f
001f
001f
001f
001f
001f
001f
001f
001f
001f
001f
001f
001f
001f
001f
001f
001f
001f
001f
001f
001f
001f
001f
001f
001f
001f
001f
001f
001f
001f
001f
001f
001f
001f
001f
001f
001f
001f
001f
001f
001f
001f
001f
001f
001f
001f
001f
001f
001f
001f
001f
001f
001f
001f
001f
001f
001f
001f
001f
001f
001f
001f
001f
001f
001f
001f
001f
001f
001f
001f
001f
001f
001f
001f
001f
001f
001f
001f
001f
001f
001f
001f
001f
001f
001f
001f
001f
001f
001f
001f
001f
001f
001f
001f
001f
001f
001f
001f
001f
001f
001f
001f
001f
001f
001f
001f
001f
001f
001f
001f
001f
001f
001f
001f
001f
001f
001f
001f
001f
001f
001f
001f
001f
001f
001f
001f
001f
001f
001f
001f
001f
001f
001f
001f
001f
001f
001f
001f
001f
001f
001f
001f
001f
001f
001f
001f
001f
001f
001f
001f
001f
001f
001f
001f
001f
001f
001f
001f
001f
001f
001f
001f
001f
001f
001f
001f
001f
001f
001f
001f
001f
001f
001f
001f
001f
001f
001f
001f
001f
001f
001f
001f
001f
001f
001f
001f
001f
001f
001f
001f
001f
001f
001f
001f
001f
001f
001f
001f
001f
001f
001f
001f
001f
001f
001f
001f
001f
001f
001f
001f
001f
001f
001f
001f
001f
001f
001f
001f
001f
001f
001f
001f
001f
001f
001f
001f
001f
001f
001f
001f
001f
001f
001f
001f
001f
001f
001f
001f
001f
001f
001f
001f
001f
001f
001f
001f
001f
001f
001f
001f
001f
001f
001f
001f
001f
001f
001f
001f
001f
001f
001f
001f
001f
001f
001f
001f
001f
001f
001f
001f
001f
001f
001f
001f
001f
001f
001f
001f
001f
001f
001f
001f
001f
001f
001f
001f
001f
001f
001f
001f
001f
001f
001f
001f
001f
001f
001f
001f
001f
001f
001f
001f
001f
001f
001f
001f
001f
001f
001f
001f
001f
001f
001f
001f
001f
001f
001f
001f
001f
001f
001f
001f
001f
001f
001f
001f
001f
001f
001f
001f
001f
001f
001f
001f
001f
001f
001f
001f
001f
001f
001f
001f
001f
001f
001f
001f
001f
001f
001f
001f
001f
001f
001f
001f
001f
001f
001f
001f
001f
001f
001f
001f
001f
001f
001f
001f
001f
001f
001f
001f
001f
001f
001f
001f
001f
001f
001f
001f
001f
001f
001f
001f
001f
001f
001f
001f
001f
001f
001f
001f
001f
001f
001f
001f
001f
001f
001f
001f
001f
001f
001f
001f
001f
001f
001f
001f
001f
001f
001f
001f
001f
001f
001f
001f
001f
001f
001f
001f
001f
001f
001f
001f
001f
001f
001f
001f
001f
001f
001f
001f
001f
001f
001f
001f
001f
001f
001f
001f
001f
001f
001f
001f
001f
001f
001f
001f
001f
001f
001f
001f
001f
001f
001f
001f
001f
001f
001f
001f
001f
001f
001f
001f
001f
001f
001f
001f
001f
001f
001f
001f
001f
001f
001f
001f
001f
001f
001f
001f
001f
001f
001f
001f
001f
001f
001f
001f
001f
001f
001f
001f
001f
001f
001f
001f
001f
001f
001f
001f
001f
001f
001f
001f
001f
001f
001f
001f
001f
001f
001f
001f
001f
001f
001f
001f
001f
001f
001f
001f
001f
001f
001f
001f
001f
001f
001f
001f
001f
001f
001f
001f
001f
001f
001f
001f
001f
001f
001f
001f
001f
001f
001f
001f
001f
001f
001f
001f
001f
001f
001f
001f
001f
001f
001f
001f
001f
001f
001f
001f
001f
001f
001f
001f
001f
001f
001f
001f
001f
001f
001f
001f
001f
001f
001f
001f
001f
001f
001f
001f
001f
001f
001f
001f
001f
001f
001f
001f
001f
001f
001f
001f
001f
001f
001f
001f
001f
001f
001f
001f
001f
001f
001f
001f
001f
001f
001f
001f
001f
001f
001f
001f
001f
001f
001f
001f
001f
001f
001f
001f
001f
001f
001f
001f
001f
001f
001f
001f
001f
001f
001f
001f
001f
001f
001f
001f
001f
001f
001f
001f
001f
001f
001f
001f
001f
001f
001f
001f
001f
001f
001f
001f
001f
001f
001f
001f
001f
001f
001f
001f
001f
001f
001f
001f
001f
001f
001f
001f
001f
001f
001f
001f
001f
001f
001f
001f
001f
001f
001f
001f
001f
001f
001f
001f
001f
001f
001f
001f
001f
001f
001f
001f
001f
001f
001f
001f
001f
001f
001f
001f
001f
001f
001f
001f
001f
001f
001f
001f
001f
001f
001f
001f
001f
001f
001f
001f
001f
001f
001f
001f
001f
001f
001f
001f
001f
001f
001f
001f
001f
001f
001f
001f
001f
001f
001f
001f
001f
001f
001f
001f
001f
001f
001f
001f
001f
001f
001f
001f
001f
001f
001f
001f
001f
001f
001f
001f
001f
001f
001f
001f
001f
001f
001f
001f
001f
001f
001f
001f
001f
001f
001f
001f
001f
001f
001f
001f
001f
001f
001f
001f
001f
001f
001f
001f
001f
001f
001f
001f
001f
001f
001f
001f
001f
001f
001f
001f
001f
001f
001f
001f
001f
001f
001f
001f
001f
001f
001f
001f
001f
001f
001f
001f
001f
001f
001f
001f
001f
001f
001f
001f
001f
001f
001f
001f
001f
001f
001f
001f
001f
001f
001f
001f
001f
001f
001f
001f
001f
001f
001f
001f
001f
001f
001f
001f
001f
001f
001f
001f
001f
001f
001f
001f
001f
001f
001f
001f
001f
001f
001f
001f
001f
001f
001f
001f
001f
001f
001f
001f
001f
001f
001f
001f
001f
001f
001f
001f
001f
001f
001f
001f
001f
001f
001f
001f
001f
001f
001f
001f
001f
001f
001f
001f
001f
001f
001f
001f
001f
001f
001f
001f
001f
001f
001f
001f
001f
001f
001f
001f
001f
001f
001f
001f
001f
001f
001f
001f
001f
001f
001f
001f
001f
001f
001f
001f
001f
001f
001f
001f
001f
001f
001f
001f
001f
001f
001f
001f
001f
001f
001f
001f
001f
001f
001f
001f
001f
001f
001f
001f
001f
001f
001f
001f
001f
001f
001f
001f
001f
001f
001f
001f
001f
001f
001f
001f
001f
001f
001f
001f
001f
001f
001f
001f
001f
001f
001f
001f
001f
001f
001f
001f
001f
001f
001f
001f
001f
001f
001f
001f
001f
001f
001f
001f
001f
001f
001f
001f
001f
001f
001f
001f
001f
001f
001f
001f
001f
001f
001f
001f
001f
001f
001f
001f
001f
001f
001f
001f
001f
001f
001f
001f
001f
001f
001f
001f
001f
001f
001f
001f
001f
001f
001f
001f
001f
001f
001f
001f
001f
001f
001f
001f
001f
001f
001f
001f
001f
001f
001f
001f
001f
001f
001f
001f
001f
001f
001f
001f
001f
001f
001f
001f
001f
001f
001f
001f
001f
001f
001f
001f
001f
001f
001f
001f
001f
001f
001f
001f
001f
001f
001f
001f
001f
001f
001f
001f
001f
001f
001f
001f
001f
001f
001f
001f
001f
001f
001f
001f
001f
001f
001f
001f
001f
001f
001f
001f
001f
001f
001f
001f
001f
001f
001f
001f
001f
001f
001f
001f
001f
001f
001f
001f
001f
001f
001f
001f
001f
001f
001f
001f
001f
001f
001f
001f
001f
001f
001f
001f
001f
001f
001f
001f
001f
001f
001f
001f
001f
001f
001f
001f
001f
001f
001f
001f
001f
001f
001f
001f
001f
001f
001f
001f
001f
001f
001f
001f
001f
001f
001f
001f
001f
001f
001f
001f
001f
001f
001f
001f
001f
001f
001f
001f
001f
001f
001f
001f
001f
001f
001f
001f
001f
001f
001f
001f
001f
001f
001f
001f
001f
001f
001f
001f
001f
001f
001f
001f
001f
001f
001f
001f
001f
001f
001f
001f
001f
001f
001f
001f
001f
001f
001f
001f
001f
001f
001f
001f
001f
001f
001f
001f
001f
001f
001f
001f
001f
001f
001f
001f
001f
001f
001f
001f
001f
001f
001f
001f
001f
001f
001f
001f
001f
001f
001f
001f
001f
001f
001f
001f
001f
001f
001f
001f
001f
001f
001f
001f
001f
001f
001f
001f
001f
001f
001f
001f
001f
001f
001f
001f
001f
001f
001f
001f
001f
001f
001f
001f
001f
001f
001f
001f
001f
001f
001f
001f
001f
001f
001f
001f
001f
001f
001f
001f
001f
001f
001f
001f
001f
001f
001f
001f
001f
001f
001f
001f
001f
001f
001f
001f
001f
001f
001f
001f
001f
001f
001f
001f
001f
001f
001f
001f
001f
001f
001f
001f
001f
001f
001f
001f
001f
001f
001f
001f
001f
001f
001f
001f
001f
001f
001f
001f
001f
001f
001f
001f
001f
001f
001f
001f
001f
001f
001f
001f
001f
001f
001f
000f
0010
0010
0011
0811
0812
0812
0813
0813
0814
0814
0815
1015
1016
1016
1017
1017
1018
1018
1019
1819
181a
181a
181b
181b
181c
181c
181d
201d
201e
201e
201f
200f
2010
2010
2011
2811
2812
2812
2813
2813
2814
2814
2815
3015
3016
3016
3017
3017
3018
3018
3019
3819
381a
381a
381b
381b
381c
381c
381d
401d
401e
401e
401f
400f
4010
4010
4011
4011
4811
4812
4812
4813
4813
4814
4814
4815
5015
5016
5016
5017
5017
5018
5018
5019
5819
581a
581a
581b
581b
581c
581c
581d
601d
601e
601e
601f
600f
6010
6010
6011
6811
6812
6812
6813
6813
6814
6814
6815
7015
7016
7016
7017
7017
7018
7018
7019
7819
781a
781a
781b
781b
781c
781c
781d
801d
801e
801e
001f
001f
001f
001f
001f
001f
001f
001f
001f
001f
001f
001f
001f
001f
001f
001f
001f
001f
001f
001f
001f
001f
001f
001f
001f
001f
001f
001f
001f
001f
001f
001f
001f
001f
001f
001f
001f
001f
001f
001f
001f
001f
001f
001f
001f
001f
001f
001f
001f
001f
001f
001f
001f
001f
001f
001f
001f
001f
001f
001f
001f
001f
001f
001f
001f
001f
001f
001f
001f
001f
001f
001f
001f
001f
001f
001f
001f
001f
001f
001f
001f
001f
001f
001f
001f
001f
001f
001f
001f
001f
001f
001f
001f
001f
001f
001f
001f
001f
001f
001f
001f
001f
001f
001f
001f
001f
001f
001f
001f
001f
001f
001f
001f
001f
001f
001f
001f
001f
001f
001f
001f
001f
001f
001f
001f
001f
001f
001f
001f
001f
001f
001f
001f
001f
001f
001f
001f
001f
001f
001f
001f
001f
001f
001f
001f
001f
001f
001f
001f
001f
001f
001f
001f
001f
001f
001f
001f
001f
001f
001f
0010
000f
0011
0010
0812
0811
0813
0812
0814
0813
0815
0814
1016
1015
1017
1016
1018
1017
1019
1018
181a
1819
181b
181a
181c
181b
181d
181c
201e
201d
201f
201e
2010
200f
2011
2010
2812
2811
2813
2812
2814
2813
2815
2814
3016
3015
3017
3016
3018
3017
3019
3018
381a
3819
381b
381a
381c
381b
381d
381c
401e
401d
401f
401e
4010
400f
4011
4010
4010
4812
4811
4813
4812
4814
4813
4815
4814
5016
5015
5017
5016
5018
5017
5019
5018
581a
5819
581b
581a
581c
581b
581d
581c
601e
601d
601f
601e
6010
600f
6011
6010
6812
6811
6813
6812
6814
6813
6815
6814
7016
7015
7017
7016
7018
7017
7019
7018
781a
7819
781b
781a
781c
781b
781d
781c
801e
801d
801f
001f
001f
001f
001f
001f
001f
001f
001f
001f
001f
001f
001f
001f
001f
001f
001f
001f
001f
001f
001f
001f
001f
001f
001f
001f
001f
001f
001f
001f
001f
001f
001f
001f
001f
001f
001f
001f
001f
001f
001f
001f
001f
001f
001f
001f
001f
001f
001f
001f
001f
001f
001f
001f
001f
001f
001f
001f
001f
001f
001f
001f
001f
001f
001f
001f
001f
001f
001f
001f
001f
001f
001f
001f
001f
001f
001f
001f
001f
001f
001f
001f
001f
001f
001f
001f
001f
001f
001f
001f
001f
001f
001f
001f
001f
001f
001f
001f
001f
001f
001f
001f
001f
001f
001f
001f
001f
001f
001f
001f
001f
001f
001f
001f
001f
001f
001f
001f
001f
001f
001f
001f
001f
001f
001f
001f
001f
001f
001f
001f
001f
001f
001f
001f
001f
001f
001f
001f
001f
001f
001f
001f
001f
001f
001f
001f
001f
001f
001f
001f
001f
001f
001f
001f
001f
001f
001f
001f
001f
001f
001f
0030
0031
002f
0030
0832
0833
0831
0832
0834
0835
0833
0834
1036
1037
1035
1036
1038
1039
1037
1038
183a
183b
1839
183a
183c
183d
183b
183c
203e
203f
203d
203e
2030
2031
202f
2030
2832
2833
2831
2832
2834
2835
2833
2834
3036
3037
3035
3036
3038
3039
3037
3038
383a
383b
3839
383a
383c
383d
383b
383c
403e
403f
403d
403e
4030
4031
402f
4030
4030
4832
4833
4831
4832
4834
4835
4833
4834
5036
5037
5035
5036
5038
5039
5037
5038
583a
583b
5839
583a
583c
583d
583b
583c
603e
603f
603d
603e
6030
6031
602f
6030
6832
6833
6831
6832
6834
6835
6833
6834
7036
7037
7035
7036
7038
7039
7037
7038
783a
783b
7839
783a
783c
783d
783b
783c
803e
803f
803d
001f
001f
001f
001f
001f
001f
001f
001f
001f
001f
001f
001f
001f
001f
001f
001f
001f
001f
001f
001f
001f
001f
001f
001f
001f
001f
001f
001f
001f
001f
001f
001f
001f
001f
001f
001f
001f
001f
001f
001f
001f
001f
001f
001f
001f
001f
001f
001f
001f
001f
001f
001f
001f
001f
001f
001f
001f
001f
001f
001f
001f
001f
001f
001f
001f
001f
001f
001f
001f
001f
001f
001f
001f
001f
001f
001f
001f
001f
001f
001f
001f
001f
001f
001f
001f
001f
001f
001f
001f
001f
001f
001f
001f
001f
001f
001f
001f
001f
001f
001f
001f
001f
001f
001f
001f
001f
001f
001f
001f
001f
001f
001f
001f
001f
001f
001f
001f
001f
001f
001f
001f
001f
001f
001f
001f
001f
001f
001f
001f
001f
001f
001f
001f
001f
001f
001f
001f
001f
001f
001f
001f
001f
001f
001f
001f
001f
001f
001f
001f
001f
001f
001f
001f
001f
001f
001f
001f
001f
001f
001f
0031
0030
0030
002f
0833
0832
0832
0831
0835
0834
0834
0833
1037
1036
1036
1035
1039
1038
1038
1037
183b
183a
183a
1839
183d
183c
183c
183b
203f
203e
203e
203d
2031
2030
2030
202f
2833
2832
2832
2831
2835
2834
2834
2833
3037
3036
3036
3035
3039
3038
3038
3037
383b
383a
383a
3839
383d
383c
383c
383b
403f
403e
403e
403d
4031
4030
4030
402f
402f
4833
4832
4832
4831
4835
4834
4834
4833
5037
5036
5036
5035
5039
5038
5038
5037
583b
583a
583a
5839
583d
583c
583c
583b
603f
603e
603e
603d
6031
6030
6030
602f
6833
6832
6832
6831
6835
6834
6834
6833
7037
7036
7036
7035
7039
7038
7038
7037
783b
783a
783a
7839
783d
783c
783c
783b
803f
803e
803e
001f
001f
001f
001f
001f
001f
001f
001f
001f
001f
001f
001f
001f
001f
001f
001f
001f
001f
001f
001f
001f
001f
001f
001f
001f
001f
001f
001f
001f
001f
001f
001f
001f
001f
001f
001f
001f
001f
001f
001f
001f
001f
001f
001f
001f
001f
001f
001f
001f
001f
001f
001f
001f
001f
001f
001f
001f
001f
001f
001f
001f
001f
001f
001f
001f
001f
001f
001f
001f
001f
001f
001f
001f
001f
001f
001f
001f
001f
001f
001f
001f
001f
001f
001f
001f
001f
001f
001f
001f
001f
001f
001f
001f
001f
001f
001f
001f
001f
001f
001f
001f
001f
001f
001f
001f
001f
001f
001f
001f
001f
001f
001f
001f
001f
001f
001f
001f
001f
001f
001f
001f
001f
001f
001f
001f
001f
001f
001f
001f
001f
001f
001f
001f
001f
001f
001f
001f
001f
001f
001f
001f
001f
001f
001f
001f
001f
001f
001f
001f
001f
001f
001f
001f
001f
001f
001f
001f
001f
001f
001f
0031
0032
0032
0033
082f
0830
0830
0831
0835
0836
0836
0837
1033
1034
1034
1035
1039
103a
103a
103b
1837
1838
1838
1839
183d
183e
183e
183f
203b
203c
203c
203d
2031
2032
2032
2033
282f
2830
2830
2831
2835
2836
2836
2837
3033
3034
3034
3035
3039
303a
303a
303b
3837
3838
3838
3839
383d
383e
383e
383f
403b
403c
403c
403d
4031
4032
4032
4033
4033
482f
4830
4830
4831
4835
4836
4836
4837
5033
5034
5034
5035
5039
503a
503a
503b
5837
5838
5838
5839
583d
583e
583e
583f
603b
603c
603c
603d
6031
6032
6032
6033
682f
6830
6830
6831
6835
6836
6836
6837
7033
7034
7034
7035
7039
703a
703a
703b
7837
7838
7838
7839
783d
783e
783e
783f
803b
803c
803c
001f
001f
001f
001f
001f
001f
001f
001f
001f
001f
001f
001f
001f
001f
001f
001f
001f
001f
001f
001f
001f
001f
001f
001f
001f
001f
001f
001f
001f
001f
001f
001f
001f
001f
001f
001f
001f
001f
001f
001f
001f
001f
001f
001f
001f
001f
001f
001f
001f
001f
001f
001f
001f
001f
001f
001f
001f
001f
001f
001f
001f
001f
001f
001f
001f
001f
001f
001f
001f
001f
001f
001f
001f
001f
001f
001f
001f
001f
001f
001f
001f
001f
001f
001f
001f
001f
001f
001f
001f
001f
001f
001f
001f
001f
001f
001f
001f
001f
001f
001f
001f
001f
001f
001f
001f
001f
001f
001f
001f
001f
001f
001f
001f
001f
001f
001f
001f
001f
001f
001f
001f
001f
001f
001f
001f
001f
001f
001f
001f
001f
001f
001f
001f
001f
001f
001f
001f
001f
001f
001f
001f
001f
001f
001f
001f
001f
001f
001f
001f
001f
001f
001f
001f
001f
001f
001f
001f
001f
001f
001f
0032
0031
0033
0032
0830
082f
0831
0830
0836
0835
0837
0836
1034
1033
1035
1034
103a
1039
103b
103a
1838
1837
1839
1838
183e
183d
183f
183e
203c
203b
203d
203c
2032
2031
2033
2032
2830
282f
2831
2830
2836
2835
2837
2836
3034
3033
3035
3034
303a
3039
303b
303a
3838
3837
3839
3838
383e
383d
383f
383e
403c
403b
403d
403c
4032
4031
4033
4032
4032
4830
482f
4831
4830
4836
4835
4837
4836
5034
5033
5035
5034
503a
5039
503b
503a
5838
5837
5839
5838
583e
583d
583f
583e
603c
603b
603d
603c
6032
6031
6033
6032
6830
682f
6831
6830
6836
6835
6837
6836
7034
7033
7035
7034
703a
7039
703b
703a
7838
7837
7839
7838
783e
783d
783f
783e
803c
803b
803d
001f
001f
001f
001f
001f
001f
001f
001f
001f
001f
001f
001f
001f
001f
001f
001f
001f
001f
001f
001f
001f
001f
001f
001f
001f
001f
001f
001f
001f
001f
001f
001f
001f
001f
001f
001f
001f
001f
001f
001f
001f
001f
001f
001f
001f
001f
001f
001f
001f
001f
001f
001f
001f
001f
001f
001f
001f
001f
001f
001f
001f
001f
001f
001f
001f
001f
001f
001f
001f
001f
001f
001f
001f
001f
001f
001f
001f
001f
001f
001f
001f
001f
001f
001f
001f
001f
001f
001f
001f
001f
001f
001f
001f
001f
001f
001f
001f
001f
001f
001f
001f
001f
001f
001f
001f
001f
001f
001f
001f
001f
001f
001f
001f
001f
001f
001f
001f
001f
001f
001f
001f
001f
001f
001f
001f
001f
001f
001f
001f
001f
001f
001f
001f
001f
001f
001f
001f
001f
001f
001f
001f
001f
001f
001f
001f
001f
001f
001f
001f
001f
001f
001f
001f
001f
001f
001f
001f
001f
001f
001f
0052
0053
0051
0052
0850
0851
084f
0850
0856
0857
0855
0856
1054
1055
1053
1054
105a
105b
1059
105a
1858
1859
1857
1858
185e
185f
185d
185e
205c
205d
205b
205c
2052
2053
2051
2052
2850
2851
284f
2850
2856
2857
2855
2856
3054
3055
3053
3054
305a
305b
3059
305a
3858
3859
3857
3858
385e
385f
385d
385e
405c
405d
405b
405c
4052
4053
4051
4052
4052
4850
4851
484f
4850
4856
4857
4855
4856
5054
5055
5053
5054
505a
505b
5059
505a
5858
5859
5857
5858
585e
585f
585d
585e
605c
605d
605b
605c
6052
6053
6051
6052
6850
6851
684f
6850
6856
6857
6855
6856
7054
7055
7053
7054
705a
705b
7059
705a
7858
7859
7857
7858
785e
785f
785d
785e
805c
805d
805b
001f
001f
001f
001f
001f
001f
001f
001f
001f
001f
001f
001f
001f
001f
001f
001f
001f
001f
001f
001f
001f
001f
001f
001f
001f
001f
001f
001f
001f
001f
001f
001f
001f
001f
001f
001f
001f
001f
001f
001f
001f
001f
001f
001f
001f
001f
001f
001f
001f
001f
001f
001f
001f
001f
001f
001f
001f
001f
001f
001f
001f
001f
001f
001f
001f
001f
001f
001f
001f
001f
001f
001f
001f
001f
001f
001f
001f
001f
001f
001f
001f
001f
001f
001f
001f
001f
001f
001f
001f
001f
001f
001f
001f
001f
001f
001f
001f
001f
001f
001f
001f
001f
001f
001f
001f
001f
001f
001f
001f
001f
001f
001f
001f
001f
001f
001f
001f
001f
001f
001f
001f
001f
001f
001f
001f
001f
001f
001f
001f
001f
001f
001f
001f
001f
001f
001f
001f
001f
001f
001f
001f
001f
001f
001f
001f
001f
001f
001f
001f
001f
001f
001f
001f
001f
001f
001f
001f
001f
001f
001f
0053
0052
0052
0051
0851
0850
0850
084f
0857
0856
0856
0855
1055
1054
1054
1053
105b
105a
105a
1059
1859
1858
1858
1857
185f
185e
185e
185d
205d
205c
205c
205b
2053
2052
2052
2051
2851
2850
2850
284f
2857
2856
2856
2855
3055
3054
3054
3053
305b
305a
305a
3059
3859
3858
3858
3857
385f
385e
385e
385d
405d
405c
405c
405b
4053
4052
4052
4051
4051
4851
4850
4850
484f
4857
4856
4856
4855
5055
5054
5054
5053
505b
505a
505a
5059
5859
5858
5858
5857
585f
585e
585e
585d
605d
605c
605c
605b
6053
6052
6052
6051
6851
6850
6850
684f
6857
6856
6856
6855
7055
7054
7054
7053
705b
705a
705a
7059
7859
7858
7858
7857
785f
785e
785e
785d
805d
805c
805c
001f
001f
001f
001f
001f
001f
001f
001f
001f
001f
001f
001f
001f
001f
001f
001f
001f
001f
001f
001f
001f
001f
001f
001f
001f
001f
001f
001f
001f
001f
001f
001f
001f
001f
001f
001f
001f
001f
001f
001f
001f
001f
001f
001f
001f
001f
001f
001f
001f
001f
001f
001f
001f
001f
001f
001f
001f
001f
001f
001f
001f
001f
001f
001f
001f
001f
001f
001f
001f
001f
001f
001f
001f
001f
001f
001f
001f
001f
001f
001f
001f
001f
001f
001f
001f
001f
001f
001f
001f
001f
001f
001f
001f
001f
001f
001f
001f
001f
001f
001f
001f
001f
001f
001f
001f
001f
001f
001f
001f
001f
001f
001f
001f
001f
001f
001f
001f
001f
001f
001f
001f
001f
001f
001f
001f
001f
001f
001f
001f
001f
001f
001f
001f
001f
001f
001f
001f
001f
001f
001f
001f
001f
001f
001f
001f
001f
001f
001f
001f
001f
001f
001f
001f
001f
001f
001f
001f
001f
001f
001f
0053
0054
0054
0055
0855
0856
0856
0857
084f
0850
0850
0851
1051
1052
1052
1053
105b
105c
105c
105d
185d
185e
185e
185f
1857
1858
1858
1859
2059
205a
205a
205b
2053
2054
2054
2055
2855
2856
2856
2857
284f
2850
2850
2851
3051
3052
3052
3053
305b
305c
305c
305d
385d
385e
385e
385f
3857
3858
3858
3859
4059
405a
405a
405b
4053
4054
4054
4055
4055
4855
4856
4856
4857
484f
4850
4850
4851
5051
5052
5052
5053
505b
505c
505c
505d
585d
585e
585e
585f
5857
5858
5858
5859
6059
605a
605a
605b
6053
6054
6054
6055
6855
6856
6856
6857
684f
6850
6850
6851
7051
7052
7052
7053
705b
705c
705c
705d
785d
785e
785e
785f
7857
7858
7858
7859
8059
805a
805a
001f
001f
001f
001f
001f
001f
001f
001f
001f
001f
001f
001f
001f
001f
001f
001f
001f
001f
001f
001f
001f
001f
001f
001f
001f
001f
001f
001f
001f
001f
001f
001f
001f
001f
001f
001f
001f
001f
001f
001f
001f
001f
001f
001f
001f
001f
001f
001f
001f
001f
001f
001f
001f
001f
001f
001f
001f
001f
001f
001f
001f
001f
001f
001f
001f
001f
001f
001f
001f
001f
001f
001f
001f
001f
001f
001f
001f
001f
001f
001f
001f
001f
001f
001f
001f
001f
001f
001f
001f
001f
001f
001f
001f
001f
001f
001f
001f
001f
001f
001f
001f
001f
001f
001f
001f
001f
001f
001f
001f
001f
001f
001f
001f
001f
001f
001f
001f
001f
001f
001f
001f
001f
001f
001f
001f
001f
001f
001f
001f
001f
001f
001f
001f
001f
001f
001f
001f
001f
001f
001f
001f
001f
001f
001f
001f
001f
001f
001f
001f
001f
001f
001f
001f
001f
001f
001f
001f
001f
001f
001f
0054
0053
0055
0054
0856
0855
0857
0856
0850
084f
0851
0850
1052
1051
1053
1052
105c
105b
105d
105c
185e
185d
185f
185e
1858
1857
1859
1858
205a
2059
205b
205a
2054
2053
2055
2054
2856
2855
2857
2856
2850
284f
2851
2850
3052
3051
3053
3052
305c
305b
305d
305c
385e
385d
385f
385e
3858
3857
3859
3858
405a
4059
405b
405a
4054
4053
4055
4054
4054
4856
4855
4857
4856
4850
484f
4851
4850
5052
5051
5053
5052
505c
505b
505d
505c
585e
585d
585f
585e
5858
5857
5859
5858
605a
6059
605b
605a
6054
6053
6055
6054
6856
6855
6857
6856
6850
684f
6851
6850
7052
7051
7053
7052
705c
705b
705d
705c
785e
785d
785f
785e
7858
7857
7859
7858
805a
8059
805b
001f
001f
001f
001f
001f
001f
001f
001f
001f
001f
001f
001f
001f
001f
001f
001f
001f
001f
001f
001f
001f
001f
001f
001f
001f
001f
001f
001f
001f
001f
001f
001f
001f
001f
001f
001f
001f
001f
001f
001f
001f
001f
001f
001f
001f
001f
001f
001f
001f
001f
001f
001f
001f
001f
001f
001f
001f
001f
001f
001f
001f
001f
001f
001f
001f
001f
001f
001f
001f
001f
001f
001f
001f
001f
001f
001f
001f
001f
001f
001f
001f
001f
001f
001f
001f
001f
001f
001f
001f
001f
001f
001f
001f
001f
001f
001f
001f
001f
001f
001f
001f
001f
001f
001f
001f
001f
001f
001f
001f
001f
001f
001f
001f
001f
001f
001f
001f
001f
001f
001f
001f
001f
001f
001f
001f
001f
001f
001f
001f
001f
001f
001f
001f
001f
001f
001f
001f
001f
001f
001f
001f
001f
001f
001f
001f
001f
001f
001f
001f
001f
001f
001f
001f
001f
001f
001f
001f
001f
001f
001f
0074
0075
0073
0074
0876
0877
0875
0876
0870
0871
086f
0870
1072
1073
1071
1072
107c
107d
107b
107c
187e
187f
187d
187e
1878
1879
1877
1878
207a
207b
2079
207a
2074
2075
2073
2074
2876
2877
2875
2876
2870
2871
286f
2870
3072
3073
3071
3072
307c
307d
307b
307c
387e
387f
387d
387e
3878
3879
3877
3878
407a
407b
4079
407a
4074
4075
4073
4074
4074
4876
4877
4875
4876
4870
4871
486f
4870
5072
5073
5071
5072
507c
507d
507b
507c
587e
587f
587d
587e
5878
5879
5877
5878
607a
607b
6079
607a
6074
6075
6073
6074
6876
6877
6875
6876
6870
6871
686f
6870
7072
7073
7071
7072
707c
707d
707b
707c
787e
787f
787d
787e
7878
7879
7877
7878
807a
807b
8079
001f
001f
001f
001f
001f
001f
001f
001f
001f
001f
001f
001f
001f
001f
001f
001f
001f
001f
001f
001f
001f
001f
001f
001f
001f
001f
001f
001f
001f
001f
001f
001f
001f
001f
001f
001f
001f
001f
001f
001f
001f
001f
001f
001f
001f
001f
001f
001f
001f
001f
001f
001f
001f
001f
001f
001f
001f
001f
001f
001f
001f
001f
001f
001f
001f
001f
001f
001f
001f
001f
001f
001f
001f
001f
001f
001f
001f
001f
001f
001f
001f
001f
001f
001f
001f
001f
001f
001f
001f
001f
001f
001f
001f
001f
001f
001f
001f
001f
001f
001f
001f
001f
001f
001f
001f
001f
001f
001f
001f
001f
001f
001f
001f
001f
001f
001f
001f
001f
001f
001f
001f
001f
001f
001f
001f
001f
001f
001f
001f
001f
001f
001f
001f
001f
001f
001f
001f
001f
001f
001f
001f
001f
001f
001f
001f
001f
001f
001f
001f
001f
001f
001f
001f
001f
001f
001f
001f
001f
001f
001f
0075
0074
0074
0073
0877
0876
0876
0875
0871
0870
0870
086f
1073
1072
1072
1071
107d
107c
107c
107b
187f
187e
187e
187d
1879
1878
1878
1877
207b
207a
207a
2079
2075
2074
2074
2073
2877
2876
2876
2875
2871
2870
2870
286f
3073
3072
3072
3071
307d
307c
307c
307b
387f
387e
387e
387d
3879
3878
3878
3877
407b
407a
407a
4079
4075
4074
4074
4073
4073
4877
4876
4876
4875
4871
4870
4870
486f
5073
5072
5072
5071
507d
507c
507c
507b
587f
587e
587e
587d
5879
5878
5878
5877
607b
607a
607a
6079
6075
6074
6074
6073
6877
6876
6876
6875
6871
6870
6870
686f
7073
7072
7072
7071
707d
707c
707c
707b
787f
787e
787e
787d
7879
7878
7878
7877
807b
807a
807a
001f
001f
001f
001f
001f
001f
001f
001f
001f
001f
001f
001f
001f
001f
001f
001f
001f
001f
001f
001f
001f
001f
001f
001f
001f
001f
001f
001f
001f
001f
001f
001f
001f
001f
001f
001f
001f
001f
001f
001f
001f
001f
001f
001f
001f
001f
001f
001f
001f
001f
001f
001f
001f
001f
001f
001f
001f
001f
001f
001f
001f
001f
001f
001f
001f
001f
001f
001f
001f
001f
001f
001f
001f
001f
001f
001f
001f
001f
001f
001f
001f
001f
001f
001f
001f
001f
001f
001f
001f
001f
001f
001f
001f
001f
001f
001f
001f
001f
001f
001f
001f
001f
001f
001f
001f
001f
001f
001f
001f
001f
001f
001f
001f
001f
001f
001f
001f
001f
001f
001f
001f
001f
001f
001f
001f
001f
001f
001f
001f
001f
001f
001f
001f
001f
001f
001f
001f
001f
001f
001f
001f
001f
001f
001f
001f
001f
001f
001f
001f
001f
001f
001f
001f
001f
001f
001f
001f
001f
001f
001f
0075
0076
0076
0077
0873
0874
0874
0875
0871
0872
0872
0873
106f
1070
1070
1071
107d
107e
107e
107f
187b
187c
187c
187d
1879
187a
187a
187b
2077
2078
2078
2079
2075
2076
2076
2077
2873
2874
2874
2875
2871
2872
2872
2873
306f
3070
3070
3071
307d
307e
307e
307f
387b
387c
387c
387d
3879
387a
387a
387b
4077
4078
4078
4079
4075
4076
4076
4077
4077
4873
4874
4874
4875
4871
4872
4872
4873
506f
5070
5070
5071
507d
507e
507e
507f
587b
587c
587c
587d
5879
587a
587a
587b
6077
6078
6078
6079
6075
6076
6076
6077
6873
6874
6874
6875
6871
6872
6872
6873
706f
7070
7070
7071
707d
707e
707e
707f
787b
787c
787c
787d
7879
787a
787a
787b
8077
8078
8078
001f
001f
001f
001f
001f
001f
001f
001f
001f
001f
001f
001f
001f
001f
001f
001f
001f
001f
001f
001f
001f
001f
001f
001f
001f
001f
001f
001f
001f
001f
001f
001f
001f
001f
001f
001f
001f
001f
001f
001f
001f
001f
001f
001f
001f
001f
001f
001f
001f
001f
001f
001f
001f
001f
001f
001f
001f
001f
001f
001f
001f
001f
001f
001f
001f
001f
001f
001f
001f
001f
001f
001f
001f
001f
001f
001f
001f
001f
001f
001f
001f
001f
001f
001f
001f
001f
001f
001f
001f
001f
001f
001f
001f
001f
001f
001f
001f
001f
001f
001f
001f
001f
001f
001f
001f
001f
001f
001f
001f
001f
001f
001f
001f
001f
001f
001f
001f
001f
001f
001f
001f
001f
001f
001f
001f
001f
001f
001f
001f
001f
001f
001f
001f
001f
001f
001f
001f
001f
001f
001f
001f
001f
001f
001f
001f
001f
001f
001f
001f
001f
001f
001f
001f
001f
001f
001f
001f
001f
001f
001f
0076
0075
0077
0076
0874
0873
0875
0874
0872
0871
0873
0872
1070
106f
1071
1070
107e
107d
107f
107e
187c
187b
187d
187c
187a
1879
187b
187a
2078
2077
2079
2078
2076
2075
2077
2076
2874
2873
2875
2874
2872
2871
2873
2872
3070
306f
3071
3070
307e
307d
307f
307e
387c
387b
387d
387c
387a
3879
387b
387a
4078
4077
4079
4078
4076
4075
4077
4076
4076
4874
4873
4875
4874
4872
4871
4873
4872
5070
506f
5071
5070
507e
507d
507f
507e
587c
587b
587d
587c
587a
5879
587b
587a
6078
6077
6079
6078
6076
6075
6077
6076
6874
6873
6875
6874
6872
6871
6873
6872
7070
706f
7071
7070
707e
707d
707f
707e
787c
787b
787d
787c
787a
7879
787b
787a
8078
8077
8079
001f
001f
001f
001f
001f
001f
001f
001f
001f
001f
001f
001f
001f
001f
001f
001f
001f
001f
001f
001f
001f
001f
001f
001f
001f
001f
001f
001f
001f
001f
001f
001f
001f
001f
001f
001f
001f
001f
001f
001f
001f
001f
001f
001f
001f
001f
001f
001f
001f
001f
001f
001f
001f
001f
001f
001f
001f
001f
001f
001f
001f
001f
001f
001f
001f
001f
001f
001f
001f
001f
001f
001f
001f
001f
001f
001f
001f
001f
001f
001f
001f
001f
001f
001f
001f
001f
001f
001f
001f
001f
001f
001f
001f
001f
001f
001f
001f
001f
001f
001f
001f
001f
001f
001f
001f
001f
001f
001f
001f
001f
001f
001f
001f
001f
001f
001f
001f
001f
001f
001f
001f
001f
001f
001f
001f
001f
001f
001f
001f
001f
001f
001f
001f
001f
001f
001f
001f
001f
001f
001f
001f
001f
001f
001f
001f
001f
001f
001f
001f
001f
001f
001f
001f
001f
001f
001f
001f
001f
001f
001f
0096
0097
0095
0096
0894
0895
0893
0894
0892
0893
0891
0892
1090
1091
108f
1090
109e
109f
109d
109e
189c
189d
189b
189c
189a
189b
1899
189a
2098
2099
2097
2098
2096
2097
2095
2096
2894
2895
2893
2894
2892
2893
2891
2892
3090
3091
308f
3090
309e
309f
309d
309e
389c
389d
389b
389c
389a
389b
3899
389a
4098
4099
4097
4098
4096
4097
4095
4096
4096
4894
4895
4893
4894
4892
4893
4891
4892
5090
5091
508f
5090
509e
509f
509d
509e
589c
589d
589b
589c
589a
589b
5899
589a
6098
6099
6097
6098
6096
6097
6095
6096
6894
6895
6893
6894
6892
6893
6891
6892
7090
7091
708f
7090
709e
709f
709d
709e
789c
789d
789b
789c
789a
789b
7899
789a
8098
8099
8097
001f
001f
001f
001f
001f
001f
001f
001f
001f
001f
001f
001f
001f
001f
001f
001f
001f
001f
001f
001f
001f
001f
001f
001f
001f
001f
001f
001f
001f
001f
001f
001f
001f
001f
001f
001f
001f
001f
001f
001f
001f
001f
001f
001f
001f
001f
001f
001f
001f
001f
001f
001f
001f
001f
001f
001f
001f
001f
001f
001f
001f
001f
001f
001f
001f
001f
001f
001f
001f
001f
001f
001f
001f
001f
001f
001f
001f
001f
001f
001f
001f
001f
001f
001f
001f
001f
001f
001f
001f
001f
001f
001f
001f
001f
001f
001f
001f
001f
001f
001f
001f
001f
001f
001f
001f
001f
001f
001f
001f
001f
001f
001f
001f
001f
001f
001f
001f
001f
001f
001f
001f
001f
001f
001f
001f
001f
001f
001f
001f
001f
001f
001f
001f
001f
001f
001f
001f
001f
001f
001f
001f
001f
001f
001f
001f
001f
001f
001f
001f
001f
001f
001f
001f
001f
001f
001f
001f
001f
001f
001f
0097
0096
0096
0095
0895
0894
0894
0893
0893
0892
0892
0891
1091
1090
1090
108f
109f
109e
109e
109d
189d
189c
189c
189b
189b
189a
189a
1899
2099
2098
2098
2097
2097
2096
2096
2095
2895
2894
2894
2893
2893
2892
2892
2891
3091
3090
3090
308f
309f
309e
309e
309d
389d
389c
389c
389b
389b
389a
389a
3899
4099
4098
4098
4097
4097
4096
4096
4095
4095
4895
4894
4894
4893
4893
4892
4892
4891
5091
5090
5090
508f
509f
509e
509e
509d
589d
589c
589c
589b
589b
589a
589a
5899
6099
6098
6098
6097
6097
6096
6096
6095
6895
6894
6894
6893
6893
6892
6892
6891
7091
7090
7090
708f
709f
709e
709e
709d
789d
789c
789c
789b
789b
789a
789a
7899
8099
8098
8098
001f
001f
001f
001f
001f
001f
001f
001f
001f
001f
001f
001f
001f
001f
001f
001f
001f
001f
001f
001f
001f
001f
001f
001f
001f
001f
001f
001f
001f
001f
001f
001f
001f
001f
001f
001f
001f
001f
001f
001f
001f
001f
001f
001f
001f
001f
001f
001f
001f
001f
001f
001f
001f
001f
001f
001f
001f
001f
001f
001f
001f
001f
001f
001f
001f
001f
001f
001f
001f
001f
001f
001f
001f
001f
001f
001f
001f
001f
001f
001f
001f
001f
001f
001f
001f
001f
001f
001f
001f
001f
001f
001f
001f
001f
001f
001f
001f
001f
001f
001f
001f
001f
001f
001f
001f
001f
001f
001f
001f
001f
001f
001f
001f
001f
001f
001f
001f
001f
001f
001f
001f
001f
001f
001f
001f
001f
001f
001f
001f
001f
001f
001f
001f
001f
001f
001f
001f
001f
001f
001f
001f
001f
001f
001f
001f
001f
001f
001f
001f
001f
001f
001f
001f
001f
001f
001f
001f
001f
001f
001f
0097
0098
0098
0099
0899
089a
089a
089b
089b
089c
089c
089d
109d
109e
109e
109f
108f
1090
1090
1091
1891
1892
1892
1893
1893
1894
1894
1895
2095
2096
2096
2097
2097
2098
2098
2099
2899
289a
289a
289b
289b
289c
289c
289d
309d
309e
309e
309f
308f
3090
3090
3091
3891
3892
3892
3893
3893
3894
3894
3895
4095
4096
4096
4097
4097
4098
4098
4099
4099
4899
489a
489a
489b
489b
489c
489c
489d
509d
509e
509e
509f
508f
5090
5090
5091
5891
5892
5892
5893
5893
5894
5894
5895
6095
6096
6096
6097
6097
6098
6098
6099
6899
689a
689a
689b
689b
689c
689c
689d
709d
709e
709e
709f
708f
7090
7090
7091
7891
7892
7892
7893
7893
7894
7894
7895
8095
8096
8096
001f
001f
001f
001f
001f
001f
001f
001f
001f
001f
001f
001f
001f
001f
001f
001f
001f
001f
001f
001f
001f
001f
001f
001f
001f
001f
001f
001f
001f
001f
001f
001f
001f
001f
001f
001f
001f
001f
001f
001f
001f
001f
001f
001f
001f
001f
001f
001f
001f
001f
001f
001f
001f
001f
001f
001f
001f
001f
001f
001f
001f
001f
001f
001f
001f
001f
001f
001f
001f
001f
001f
001f
001f
001f
001f
001f
001f
001f
001f
001f
001f
001f
001f
001f
001f
001f
001f
001f
001f
001f
001f
001f
001f
001f
001f
001f
001f
001f
001f
001f
001f
001f
001f
001f
001f
001f
001f
001f
001f
001f
001f
001f
001f
001f
001f
001f
001f
001f
001f
001f
001f
001f
001f
001f
001f
001f
001f
001f
001f
001f
001f
001f
001f
001f
001f
001f
001f
001f
001f
001f
001f
001f
001f
001f
001f
001f
001f
001f
001f
001f
001f
001f
001f
001f
001f
001f
001f
001f
001f
001f
0098
0097
0099
0098
089a
0899
089b
089a
089c
089b
089d
089c
109e
109d
109f
109e
1090
108f
1091
1090
1892
1891
1893
1892
1894
1893
1895
1894
2096
2095
2097
2096
2098
2097
2099
2098
289a
2899
289b
289a
289c
289b
289d
289c
309e
309d
309f
309e
3090
308f
3091
3090
3892
3891
3893
3892
3894
3893
3895
3894
4096
4095
4097
4096
4098
4097
4099
4098
4098
489a
4899
489b
489a
489c
489b
489d
489c
509e
509d
509f
509e
5090
508f
5091
5090
5892
5891
5893
5892
5894
5893
5895
5894
6096
6095
6097
6096
6098
6097
6099
6098
689a
6899
689b
689a
689c
689b
689d
689c
709e
709d
709f
709e
7090
708f
7091
7090
7892
7891
7893
7892
7894
7893
7895
7894
8096
8095
8097
001f
001f
001f
001f
001f
001f
001f
001f
001f
001f
001f
001f
001f
001f
001f
001f
001f
001f
001f
001f
001f
001f
001f
001f
001f
001f
001f
001f
001f
001f
001f
001f
001f
001f
001f
001f
001f
001f
001f
001f
001f
001f
001f
001f
001f
001f
001f
001f
001f
001f
001f
001f
001f
001f
001f
001f
001f
001f
001f
001f
001f
001f
001f
001f
001f
001f
001f
001f
001f
001f
001f
001f
001f
001f
001f
001f
001f
001f
001f
001f
001f
001f
001f
001f
001f
001f
001f
001f
001f
001f
001f
001f
001f
001f
001f
001f
001f
001f
001f
001f
001f
001f
001f
001f
001f
001f
001f
001f
001f
001f
001f
001f
001f
001f
001f
001f
001f
001f
001f
001f
001f
001f
001f
001f
001f
001f
001f
001f
001f
001f
001f
001f
001f
001f
001f
001f
001f
001f
001f
001f
001f
001f
001f
001f
001f
001f
001f
001f
001f
001f
001f
001f
001f
001f
001f
001f
001f
001f
001f
001f
00b8
00b9
00b7
00b8
08ba
08bb
08b9
08ba
08bc
08bd
08bb
08bc
10be
10bf
10bd
10be
10b0
10b1
10af
10b0
18b2
18b3
18b1
18b2
18b4
18b5
18b3
18b4
20b6
20b7
20b5
20b6
20b8
20b9
20b7
20b8
28ba
28bb
28b9
28ba
28bc
28bd
28bb
28bc
30be
30bf
30bd
30be
30b0
30b1
30af
30b0
38b2
38b3
38b1
38b2
38b4
38b5
38b3
38b4
40b6
40b7
40b5
40b6
40b8
40b9
40b7
40b8
40b8
48ba
48bb
48b9
48ba
48bc
48bd
48bb
48bc
50be
50bf
50bd
50be
50b0
50b1
50af
50b0
58b2
58b3
58b1
58b2
58b4
58b5
58b3
58b4
60b6
60b7
60b5
60b6
60b8
60b9
60b7
60b8
68ba
68bb
68b9
68ba
68bc
68bd
68bb
68bc
70be
70bf
70bd
70be
70b0
70b1
70af
70b0
78b2
78b3
78b1
78b2
78b4
78b5
78b3
78b4
80b6
80b7
80b5
001f
001f
001f
001f
001f
001f
001f
001f
001f
001f
001f
001f
001f
001f
001f
001f
001f
001f
001f
001f
001f
001f
001f
001f
001f
001f
001f
001f
001f
001f
001f
001f
001f
001f
001f
001f
001f
001f
001f
001f
001f
001f
001f
001f
001f
001f
001f
001f
001f
001f
001f
001f
001f
001f
001f
001f
001f
001f
001f
001f
001f
001f
001f
001f
001f
001f
001f
001f
001f
001f
001f
001f
001f
001f
001f
001f
001f
001f
001f
001f
001f
001f
001f
001f
001f
001f
001f
001f
001f
001f
001f
001f
001f
001f
001f
001f
001f
001f
001f
001f
001f
001f
001f
001f
001f
001f
001f
001f
001f
001f
001f
001f
001f
001f
001f
001f
001f
001f
001f
001f
001f
001f
001f
001f
001f
001f
001f
001f
001f
001f
001f
001f
001f
001f
001f
001f
001f
001f
001f
001f
001f
001f
001f
001f
001f
001f
001f
001f
001f
001f
001f
001f
001f
001f
001f
001f
001f
001f
001f
001f
00b9
00b8
00b8
00b7
08bb
08ba
08ba
08b9
08bd
08bc
08bc
08bb
10bf
10be
10be
10bd
10b1
10b0
10b0
10af
18b3
18b2
18b2
18b1
18b5
18b4
18b4
18b3
20b7
20b6
20b6
20b5
20b9
20b8
20b8
20b7
28bb
28ba
28ba
28b9
28bd
28bc
28bc
28bb
30bf
30be
30be
30bd
30b1
30b0
30b0
30af
38b3
38b2
38b2
38b1
38b5
38b4
38b4
38b3
40b7
40b6
40b6
40b5
40b9
40b8
40b8
40b7
40b7
48bb
48ba
48ba
48b9
48bd
48bc
48bc
48bb
50bf
50be
50be
50bd
50b1
50b0
50b0
50af
58b3
58b2
58b2
58b1
58b5
58b4
58b4
58b3
60b7
60b6
60b6
60b5
60b9
60b8
60b8
60b7
68bb
68ba
68ba
68b9
68bd
68bc
68bc
68bb
70bf
70be
70be
70bd
70b1
70b0
70b0
70af
78b3
78b2
78b2
78b1
78b5
78b4
78b4
78b3
80b7
80b6
80b6
001f
001f
001f
001f
001f
001f
001f
001f
001f
001f
001f
001f
001f
001f
001f
001f
001f
001f
001f
001f
001f
001f
001f
001f
001f
001f
001f
001f
001f
001f
001f
001f
001f
001f
001f
001f
001f
001f
001f
001f
001f
001f
001f
001f
001f
001f
001f
001f
001f
001f
001f
001f
001f
001f
001f
001f
001f
001f
001f
001f
001f
001f
001f
001f
001f
001f
001f
001f
001f
001f
001f
001f
001f
001f
001f
001f
001f
001f
001f
001f
001f
001f
001f
001f
001f
001f
001f
001f
001f
001f
001f
001f
001f
001f
001f
001f
001f
001f
001f
001f
001f
001f
001f
001f
001f
001f
001f
001f
001f
001f
001f
001f
001f
001f
001f
001f
001f
001f
001f
001f
001f
001f
001f
001f
001f
001f
001f
001f
001f
001f
001f
001f
001f
001f
001f
001f
001f
001f
001f
001f
001f
001f
001f
001f
001f
001f
001f
001f
001f
001f
001f
001f
001f
001f
001f
001f
001f
001f
001f
001f
00b9
00ba
00ba
00bb
08b7
08b8
08b8
08b9
08bd
08be
08be
08bf
10bb
10bc
10bc
10bd
10b1
10b2
10b2
10b3
18af
18b0
18b0
18b1
18b5
18b6
18b6
18b7
20b3
20b4
20b4
20b5
20b9
20ba
20ba
20bb
28b7
28b8
28b8
28b9
28bd
28be
28be
28bf
30bb
30bc
30bc
30bd
30b1
30b2
30b2
30b3
38af
38b0
38b0
38b1
38b5
38b6
38b6
38b7
40b3
40b4
40b4
40b5
40b9
40ba
40ba
40bb
40bb
48b7
48b8
48b8
48b9
48bd
48be
48be
48bf
50bb
50bc
50bc
50bd
50b1
50b2
50b2
50b3
58af
58b0
58b0
58b1
58b5
58b6
58b6
58b7
60b3
60b4
60b4
60b5
60b9
60ba
60ba
60bb
68b7
68b8
68b8
68b9
68bd
68be
68be
68bf
70bb
70bc
70bc
70bd
70b1
70b2
70b2
70b3
78af
78b0
78b0
78b1
78b5
78b6
78b6
78b7
80b3
80b4
80b4
001f
001f
001f
001f
001f
001f
001f
001f
001f
001f
001f
001f
001f
001f
001f
001f
001f
001f
001f
001f
001f
001f
001f
001f
001f
001f
001f
001f
001f
001f
001f
001f
001f
001f
001f
001f
001f
001f
001f
001f
001f
001f
001f
001f
001f
001f
001f
001f
001f
001f
001f
001f
001f
001f
001f
001f
001f
001f
001f
001f
001f
001f
001f
001f
001f
001f
001f
001f
001f
001f
001f
001f
001f
001f
001f
001f
001f
001f
001f
001f
001f
001f
001f
001f
001f
001f
001f
001f
001f
001f
001f
001f
001f
001f
001f
001f
001f
001f
001f
001f
001f
001f
001f
001f
001f
001f
001f
001f
001f
001f
001f
001f
001f
001f
001f
001f
001f
001f
001f
001f
001f
001f
001f
001f
001f
001f
001f
001f
001f
001f
001f
001f
001f
001f
001f
001f
001f
001f
001f
001f
001f
001f
001f
001f
001f
001f
001f
001f
001f
001f
001f
001f
001f
001f
001f
001f
001f
001f
001f
001f
00ba
00b9
00bb
00ba
08b8
08b7
08b9
08b8
08be
08bd
08bf
08be
10bc
10bb
10bd
10bc
10b2
10b1
10b3
10b2
18b0
18af
18b1
18b0
18b6
18b5
18b7
18b6
20b4
20b3
20b5
20b4
20ba
20b9
20bb
20ba
28b8
28b7
28b9
28b8
28be
28bd
28bf
28be
30bc
30bb
30bd
30bc
30b2
30b1
30b3
30b2
38b0
38af
38b1
38b0
38b6
38b5
38b7
38b6
40b4
40b3
40b5
40b4
40ba
40b9
40bb
40ba
40ba
48b8
48b7
48b9
48b8
48be
48bd
48bf
48be
50bc
50bb
50bd
50bc
50b2
50b1
50b3
50b2
58b0
58af
58b1
58b0
58b6
58b5
58b7
58b6
60b4
60b3
60b5
60b4
60ba
60b9
60bb
60ba
68b8
68b7
68b9
68b8
68be
68bd
68bf
68be
70bc
70bb
70bd
70bc
70b2
70b1
70b3
70b2
78b0
78af
78b1
78b0
78b6
78b5
78b7
78b6
80b4
80b3
80b5
001f
001f
001f
001f
001f
001f
001f
001f
001f
001f
001f
001f
001f
001f
001f
001f
001f
001f
001f
001f
001f
001f
001f
001f
001f
001f
001f
001f
001f
001f
001f
001f
001f
001f
001f
001f
001f
001f
001f
001f
001f
001f
001f
001f
001f
001f
001f
001f
001f
001f
001f
001f
001f
001f
001f
001f
001f
001f
001f
001f
001f
001f
001f
001f
001f
001f
001f
001f
001f
001f
001f
001f
001f
001f
001f
001f
001f
001f
001f
001f
001f
001f
001f
001f
001f
001f
001f
001f
001f
001f
001f
001f
001f
001f
001f
001f
001f
001f
001f
001f
001f
001f
001f
001f
001f
001f
001f
001f
001f
001f
001f
001f
001f
001f
001f
001f
001f
001f
001f
001f
001f
001f
001f
001f
001f
001f
001f
001f
001f
001f
001f
001f
001f
001f
001f
001f
001f
001f
001f
001f
001f
001f
001f
001f
001f
001f
001f
001f
001f
001f
001f
001f
001f
001f
001f
001f
001f
001f
001f
001f
00da
00db
00d9
00da
08d8
08d9
08d7
08d8
08de
08df
08dd
08de
10dc
10dd
10db
10dc
10d2
10d3
10d1
10d2
18d0
18d1
18cf
18d0
18d6
18d7
18d5
18d6
20d4
20d5
20d3
20d4
20da
20db
20d9
20da
28d8
28d9
28d7
28d8
28de
28df
28dd
28de
30dc
30dd
30db
30dc
30d2
30d3
30d1
30d2
38d0
38d1
38cf
38d0
38d6
38d7
38d5
38d6
40d4
40d5
40d3
40d4
40da
40db
40d9
40da
40da
48d8
48d9
48d7
48d8
48de
48df
48dd
48de
50dc
50dd
50db
50dc
50d2
50d3
50d1
50d2
58d0
58d1
58cf
58d0
58d6
58d7
58d5
58d6
60d4
60d5
60d3
60d4
60da
60db
60d9
60da
68d8
68d9
68d7
68d8
68de
68df
68dd
68de
70dc
70dd
70db
70dc
70d2
70d3
70d1
70d2
78d0
78d1
78cf
78d0
78d6
78d7
78d5
78d6
80d4
80d5
80d3
001f
001f
001f
001f
001f
001f
001f
001f
001f
001f
001f
001f
001f
001f
001f
001f
001f
001f
001f
001f
001f
001f
001f
001f
001f
001f
001f
001f
001f
001f
001f
001f
001f
001f
001f
001f
001f
001f
001f
001f
001f
001f
001f
001f
001f
001f
001f
001f
001f
001f
001f
001f
001f
001f
001f
001f
001f
001f
001f
001f
001f
001f
001f
001f
001f
001f
001f
001f
001f
001f
001f
001f
001f
001f
001f
001f
001f
001f
001f
001f
001f
001f
001f
001f
001f
001f
001f
001f
001f
001f
001f
001f
001f
001f
001f
001f
001f
001f
001f
001f
001f
001f
001f
001f
001f
001f
001f
001f
001f
001f
001f
001f
001f
001f
001f
001f
001f
001f
001f
001f
001f
001f
001f
001f
001f
001f
001f
001f
001f
001f
001f
001f
001f
001f
001f
001f
001f
001f
001f
001f
001f
001f
001f
001f
001f
001f
001f
001f
001f
001f
001f
001f
001f
001f
001f
001f
001f
001f
001f
001f
00db
00da
00da
00d9
08d9
08d8
08d8
08d7
08df
08de
08de
08dd
10dd
10dc
10dc
10db
10d3
10d2
10d2
10d1
18d1
18d0
18d0
18cf
18d7
18d6
18d6
18d5
20d5
20d4
20d4
20d3
20db
20da
20da
20d9
28d9
28d8
28d8
28d7
28df
28de
28de
28dd
30dd
30dc
30dc
30db
30d3
30d2
30d2
30d1
38d1
38d0
38d0
38cf
38d7
38d6
38d6
38d5
40d5
40d4
40d4
40d3
40db
40da
40da
40d9
40d9
48d9
48d8
48d8
48d7
48df
48de
48de
48dd
50dd
50dc
50dc
50db
50d3
50d2
50d2
50d1
58d1
58d0
58d0
58cf
58d7
58d6
58d6
58d5
60d5
60d4
60d4
60d3
60db
60da
60da
60d9
68d9
68d8
68d8
68d7
68df
68de
68de
68dd
70dd
70dc
70dc
70db
70d3
70d2
70d2
70d1
78d1
78d0
78d0
78cf
78d7
78d6
78d6
78d5
80d5
80d4
80d4
001f
001f
001f
001f
001f
001f
001f
001f
001f
001f
001f
001f
001f
001f
001f
001f
001f
001f
001f
001f
001f
001f
001f
001f
001f
001f
001f
001f
001f
001f
001f
001f
001f
001f
001f
001f
001f
001f
001f
001f
001f
001f
001f
001f
001f
001f
001f
001f
001f
001f
001f
001f
001f
001f
001f
001f
001f
001f
001f
001f
001f
001f
001f
001f
001f
001f
001f
001f
001f
001f
001f
001f
001f
001f
001f
001f
001f
001f
001f
001f
001f
001f
001f
001f
001f
001f
001f
001f
001f
001f
001f
001f
001f
001f
001f
001f
001f
001f
001f
001f
001f
001f
001f
001f
001f
001f
001f
001f
001f
001f
001f
001f
001f
001f
001f
001f
001f
001f
001f
001f
001f
001f
001f
001f
001f
001f
001f
001f
001f
001f
001f
001f
001f
001f
001f
001f
001f
001f
001f
001f
001f
001f
001f
001f
001f
001f
001f
001f
001f
001f
001f
001f
001f
001f
001f
001f
001f
001f
001f
001f
00db
00dc
00dc
00dd
08dd
08de
08de
08df
08d7
08d8
08d8
08d9
10d9
10da
10da
10db
10d3
10d4
10d4
10d5
18d5
18d6
18d6
18d7
18cf
18d0
18d0
18d1
20d1
20d2
20d2
20d3
20db
20dc
20dc
20dd
28dd
28de
28de
28df
28d7
28d8
28d8
28d9
30d9
30da
30da
30db
30d3
30d4
30d4
30d5
38d5
38d6
38d6
38d7
38cf
38d0
38d0
38d1
40d1
40d2
40d2
40d3
40db
40dc
40dc
40dd
40dd
48dd
48de
48de
48df
48d7
48d8
48d8
48d9
50d9
50da
50da
50db
50d3
50d4
50d4
50d5
58d5
58d6
58d6
58d7
58cf
58d0
58d0
58d1
60d1
60d2
60d2
60d3
60db
60dc
60dc
60dd
68dd
68de
68de
68df
68d7
68d8
68d8
68d9
70d9
70da
70da
70db
70d3
70d4
70d4
70d5
78d5
78d6
78d6
78d7
78cf
78d0
78d0
78d1
80d1
80d2
80d2
001f
001f
001f
001f
001f
001f
001f
001f
001f
001f
001f
001f
001f
001f
001f
001f
001f
001f
001f
001f
001f
001f
001f
001f
001f
001f
001f
001f
001f
001f
001f
001f
001f
001f
001f
001f
001f
001f
001f
001f
001f
001f
001f
001f
001f
001f
001f
001f
001f
001f
001f
001f
001f
001f
001f
001f
001f
001f
001f
001f
001f
001f
001f
001f
001f
001f
001f
001f
001f
001f
001f
001f
001f
001f
001f
001f
001f
001f
001f
001f
001f
001f
001f
001f
001f
001f
001f
001f
001f
001f
001f
001f
001f
001f
001f
001f
001f
001f
001f
001f
001f
001f
001f
001f
001f
001f
001f
001f
001f
001f
001f
001f
001f
001f
001f
001f
001f
001f
001f
001f
001f
001f
001f
001f
001f
001f
001f
001f
001f
001f
001f
001f
001f
001f
001f
001f
001f
001f
001f
001f
001f
001f
001f
001f
001f
001f
001f
001f
001f
001f
001f
001f
001f
001f
001f
001f
001f
001f
001f
001f
00dc
00db
00dd
00dc
08de
08dd
08df
08de
08d8
08d7
08d9
08d8
10da
10d9
10db
10da
10d4
10d3
10d5
10d4
18d6
18d5
18d7
18d6
18d0
18cf
18d1
18d0
20d2
20d1
20d3
20d2
20dc
20db
20dd
20dc
28de
28dd
28df
28de
28d8
28d7
28d9
28d8
30da
30d9
30db
30da
30d4
30d3
30d5
30d4
38d6
38d5
38d7
38d6
38d0
38cf
38d1
38d0
40d2
40d1
40d3
40d2
40dc
40db
40dd
40dc
40dc
48de
48dd
48df
48de
48d8
48d7
48d9
48d8
50da
50d9
50db
50da
50d4
50d3
50d5
50d4
58d6
58d5
58d7
58d6
58d0
58cf
58d1
58d0
60d2
60d1
60d3
60d2
60dc
60db
60dd
60dc
68de
68dd
68df
68de
68d8
68d7
68d9
68d8
70da
70d9
70db
70da
70d4
70d3
70d5
70d4
78d6
78d5
78d7
78d6
78d0
78cf
78d1
78d0
80d2
80d1
80d3
001f
001f
001f
001f
001f
001f
001f
001f
001f
001f
001f
001f
001f
001f
001f
001f
001f
001f
001f
001f
001f
001f
001f
001f
001f
001f
001f
001f
001f
001f
001f
001f
001f
001f
001f
001f
001f
001f
001f
001f
001f
001f
001f
001f
001f
001f
001f
001f
001f
001f
001f
001f
001f
001f
001f
001f
001f
001f
001f
001f
001f
001f
001f
001f
001f
001f
001f
001f
001f
001f
001f
001f
001f
001f
001f
001f
001f
001f
001f
001f
001f
001f
001f
001f
001f
001f
001f
001f
001f
001f
001f
001f
001f
001f
001f
001f
001f
001f
001f
001f
001f
001f
001f
001f
001f
001f
001f
001f
001f
001f
001f
001f
001f
001f
001f
001f
001f
001f
001f
001f
001f
001f
001f
001f
001f
001f
001f
001f
001f
001f
001f
001f
001f
001f
001f
001f
001f
001f
001f
001f
001f
001f
001f
001f
001f
001f
001f
001f
001f
001f
001f
001f
001f
001f
001f
001f
001f
001f
001f
001f
00fc
00fd
00fb
00fc
08fe
08ff
08fd
08fe
08f8
08f9
08f7
08f8
10fa
10fb
10f9
10fa
10f4
10f5
10f3
10f4
18f6
18f7
18f5
18f6
18f0
18f1
18ef
18f0
20f2
20f3
20f1
20f2
20fc
20fd
20fb
20fc
28fe
28ff
28fd
28fe
28f8
28f9
28f7
28f8
30fa
30fb
30f9
30fa
30f4
30f5
30f3
30f4
38f6
38f7
38f5
38f6
38f0
38f1
38ef
38f0
40f2
40f3
40f1
40f2
40fc
40fd
40fb
40fc
40fc
48fe
48ff
48fd
48fe
48f8
48f9
48f7
48f8
50fa
50fb
50f9
50fa
50f4
50f5
50f3
50f4
58f6
58f7
58f5
58f6
58f0
58f1
58ef
58f0
60f2
60f3
60f1
60f2
60fc
60fd
60fb
60fc
68fe
68ff
68fd
68fe
68f8
68f9
68f7
68f8
70fa
70fb
70f9
70fa
70f4
70f5
70f3
70f4
78f6
78f7
78f5
78f6
78f0
78f1
78ef
78f0
80f2
80f3
80f1
001f
001f
001f
001f
001f
001f
001f
001f
001f
001f
001f
001f
001f
001f
001f
001f
001f
001f
001f
001f
001f
001f
001f
001f
001f
001f
001f
001f
001f
001f
001f
001f
001f
001f
001f
001f
001f
001f
001f
001f
001f
001f
001f
001f
001f
001f
001f
001f
001f
001f
001f
001f
001f
001f
001f
001f
001f
001f
001f
001f
001f
001f
001f
001f
001f
001f
001f
001f
001f
001f
001f
001f
001f
001f
001f
001f
001f
001f
001f
001f
001f
001f
001f
001f
001f
001f
001f
001f
001f
001f
001f
001f
001f
001f
001f
001f
001f
001f
001f
001f
001f
001f
001f
001f
001f
001f
001f
001f
001f
001f
001f
001f
001f
001f
001f
001f
001f
001f
001f
001f
001f
001f
001f
001f
001f
001f
001f
001f
001f
001f
001f
001f
001f
001f
001f
001f
001f
001f
001f
001f
001f
001f
001f
001f
001f
001f
001f
001f
001f
001f
001f
001f
001f
001f
001f
001f
001f
001f
001f
001f
00fd
00fc
00fc
00fb
08ff
08fe
08fe
08fd
08f9
08f8
08f8
08f7
10fb
10fa
10fa
10f9
10f5
10f4
10f4
10f3
18f7
18f6
18f6
18f5
18f1
18f0
18f0
18ef
20f3
20f2
20f2
20f1
20fd
20fc
20fc
20fb
28ff
28fe
28fe
28fd
28f9
28f8
28f8
28f7
30fb
30fa
30fa
30f9
30f5
30f4
30f4
30f3
38f7
38f6
38f6
38f5
38f1
38f0
38f0
38ef
40f3
40f2
40f2
40f1
40fd
40fc
40fc
40fb
40fb
48ff
48fe
48fe
48fd
48f9
48f8
48f8
48f7
50fb
50fa
50fa
50f9
50f5
50f4
50f4
50f3
58f7
58f6
58f6
58f5
58f1
58f0
58f0
58ef
60f3
60f2
60f2
60f1
60fd
60fc
60fc
60fb
68ff
68fe
68fe
68fd
68f9
68f8
68f8
68f7
70fb
70fa
70fa
70f9
70f5
70f4
70f4
70f3
78f7
78f6
78f6
78f5
78f1
78f0
78f0
78ef
80f3
80f2
80f2
001f
001f
001f
001f
001f
001f
001f
001f
001f
001f
001f
001f
001f
001f
001f
001f
001f
001f
001f
001f
001f
001f
001f
001f
001f
001f
001f
001f
001f
001f
001f
001f
001f
001f
001f
001f
001f
001f
001f
001f
001f
001f
001f
001f
001f
001f
001f
001f
001f
001f
001f
001f
001f
001f
001f
001f
001f
001f
001f
001f
001f
001f
001f
001f
001f
001f
001f
001f
001f
001f
001f
001f
001f
001f
001f
001f
001f
001f
001f
001f
001f
001f
001f
001f
001f
001f
001f
001f
001f
001f
001f
001f
001f
001f
001f
001f
001f
001f
001f
001f
001f
001f
001f
001f
001f
001f
001f
001f
001f
001f
001f
001f
001f
001f
001f
001f
001f
001f
001f
001f
001f
001f
001f
001f
001f
001f
001f
001f
001f
001f
001f
001f
001f
001f
001f
001f
001f
001f
001f
001f
001f
001f
001f
001f
001f
001f
001f
001f
001f
001f
001f
001f
001f
001f
001f
001f
001f
001f
001f
001f
00fd
00fe
00fe
00ff
08fb
08fc
08fc
08fd
08f9
08fa
08fa
08fb
10f7
10f8
10f8
10f9
10f5
10f6
10f6
10f7
18f3
18f4
18f4
18f5
18f1
18f2
18f2
18f3
20ef
20f0
20f0
20f1
20fd
20fe
20fe
20ff
28fb
28fc
28fc
28fd
28f9
28fa
28fa
28fb
30f7
30f8
30f8
30f9
30f5
30f6
30f6
30f7
38f3
38f4
38f4
38f5
38f1
38f2
38f2
38f3
40ef
40f0
40f0
40f1
40fd
40fe
40fe
40ff
40ff
48fb
48fc
48fc
48fd
48f9
48fa
48fa
48fb
50f7
50f8
50f8
50f9
50f5
50f6
50f6
50f7
58f3
58f4
58f4
58f5
58f1
58f2
58f2
58f3
60ef
60f0
60f0
60f1
60fd
60fe
60fe
60ff
68fb
68fc
68fc
68fd
68f9
68fa
68fa
68fb
70f7
70f8
70f8
70f9
70f5
70f6
70f6
70f7
78f3
78f4
78f4
78f5
78f1
78f2
78f2
78f3
80ef
80f0
80f0
001f
001f
001f
001f
001f
001f
001f
001f
001f
001f
001f
001f
001f
001f
001f
001f
001f
001f
001f
001f
001f
001f
001f
001f
001f
001f
001f
001f
001f
001f
001f
001f
001f
001f
001f
001f
001f
001f
001f
001f
001f
001f
001f
001f
001f
001f
001f
001f
001f
001f
001f
001f
001f
001f
001f
001f
001f
001f
001f
001f
001f
001f
001f
001f
001f
001f
001f
001f
001f
001f
001f
001f
001f
001f
001f
001f
001f
001f
001f
001f
001f
001f
001f
001f
001f
001f
001f
001f
001f
001f
001f
001f
001f
001f
001f
001f
001f
001f
001f
001f
001f
001f
001f
001f
001f
001f
001f
001f
001f
001f
001f
001f
001f
001f
001f
001f
001f
001f
001f
001f
001f
001f
001f
001f
001f
001f
001f
001f
001f
001f
001f
001f
001f
001f
001f
001f
001f
001f
001f
001f
001f
001f
001f
001f
001f
001f
001f
001f
001f
001f
001f
001f
001f
001f
001f
001f
001f
001f
001f
001f
00fe
00fd
00ff
00fe
08fc
08fb
08fd
08fc
08fa
08f9
08fb
08fa
10f8
10f7
10f9
10f8
10f6
10f5
10f7
10f6
18f4
18f3
18f5
18f4
18f2
18f1
18f3
18f2
20f0
20ef
20f1
20f0
20fe
20fd
20ff
20fe
28fc
28fb
28fd
28fc
28fa
28f9
28fb
28fa
30f8
30f7
30f9
30f8
30f6
30f5
30f7
30f6
38f4
38f3
38f5
38f4
38f2
38f1
38f3
38f2
40f0
40ef
40f1
40f0
40fe
40fd
40ff
40fe
40fe
48fc
48fb
48fd
48fc
48fa
48f9
48fb
48fa
50f8
50f7
50f9
50f8
50f6
50f5
50f7
50f6
58f4
58f3
58f5
58f4
58f2
58f1
58f3
58f2
60f0
60ef
60f1
60f0
60fe
60fd
60ff
60fe
68fc
68fb
68fd
68fc
68fa
68f9
68fb
68fa
70f8
70f7
70f9
70f8
70f6
70f5
70f7
70f6
78f4
78f3
78f5
78f4
78f2
78f1
78f3
78f2
80f0
80ef
80f1
001f
001f
001f
001f
001f
001f
001f
001f
001f
001f
001f
001f
001f
001f
001f
001f
001f
001f
001f
001f
001f
001f
001f
001f
001f
001f
001f
001f
001f
001f
001f
001f
001f
001f
001f
001f
001f
001f
001f
001f
001f
001f
001f
001f
001f
001f
001f
001f
001f
001f
001f
001f
001f
001f
001f
001f
001f
001f
001f
001f
001f
001f
001f
001f
001f
001f
001f
001f
001f
001f
001f
001f
001f
001f
001f
001f
001f
001f
001f
001f
001f
001f
001f
001f
001f
001f
001f
001f
001f
001f
001f
001f
001f
001f
001f
001f
001f
001f
001f
001f
001f
001f
001f
001f
001f
001f
001f
001f
001f
001f
001f
001f
001f
001f
001f
001f
001f
001f
001f
001f
001f
001f
001f
001f
001f
001f
001f
001f
001f
001f
001f
001f
001f
001f
001f
001f
001f
001f
001f
001f
001f
001f
001f
001f
001f
001f
001f
001f
001f
001f
001f
001f
001f
001f
001f
001f
001f
001f
001f
001f
011e
011f
011d
011e
091c
091d
091b
091c
091a
091b
0919
091a
1118
1119
1117
1118
1116
1117
1115
1116
1914
1915
1913
1914
1912
1913
1911
1912
2110
2111
210f
2110
211e
211f
211d
211e
291c
291d
291b
291c
291a
291b
2919
291a
3118
3119
3117
3118
3116
3117
3115
3116
3914
3915
3913
3914
3912
3913
3911
3912
4110
4111
410f
4110
411e
411f
411d
411e
411e
491c
491d
491b
491c
491a
491b
4919
491a
5118
5119
5117
5118
5116
5117
5115
5116
5914
5915
5913
5914
5912
5913
5911
5912
6110
6111
610f
6110
611e
611f
611d
611e
691c
691d
691b
691c
691a
691b
6919
691a
7118
7119
7117
7118
7116
7117
7115
7116
7914
7915
7913
7914
7912
7913
7911
7912
8110
8111
810f
001f
001f
001f
001f
001f
001f
001f
001f
001f
001f
001f
001f
001f
001f
001f
001f
001f
001f
001f
001f
001f
001f
001f
001f
001f
001f
001f
001f
001f
001f
001f
001f
001f
001f
001f
001f
001f
001f
001f
001f
001f
001f
001f
001f
001f
001f
001f
001f
001f
001f
001f
001f
001f
001f
001f
001f
001f
001f
001f
001f
001f
001f
001f
001f
001f
001f
001f
001f
001f
001f
001f
001f
001f
001f
001f
001f
001f
001f
001f
001f
001f
001f
001f
001f
001f
001f
001f
001f
001f
001f
001f
001f
001f
001f
001f
001f
001f
001f
001f
001f
001f
001f
001f
001f
001f
001f
001f
001f
001f
001f
001f
001f
001f
001f
001f
001f
001f
001f
001f
001f
001f
001f
001f
001f
001f
001f
001f
001f
001f
001f
001f
001f
001f
001f
001f
001f
001f
001f
001f
001f
001f
001f
001f
001f
001f
001f
001f
001f
001f
001f
001f
001f
001f
001f
001f
001f
001f
001f
001f
001f
011f
011e
011e
011d
091d
091c
091c
091b
091b
091a
091a
0919
1119
1118
1118
1117
1117
1116
1116
1115
1915
1914
1914
1913
1913
1912
1912
1911
2111
2110
2110
210f
211f
211e
211e
211d
291d
291c
291c
291b
291b
291a
291a
2919
3119
3118
3118
3117
3117
3116
3116
3115
3915
3914
3914
3913
3913
3912
3912
3911
4111
4110
4110
410f
411f
411e
411e
411d
411d
491d
491c
491c
491b
491b
491a
491a
4919
5119
5118
5118
5117
5117
5116
5116
5115
5915
5914
5914
5913
5913
5912
5912
5911
6111
6110
6110
610f
611f
611e
611e
611d
691d
691c
691c
691b
691b
691a
691a
6919
7119
7118
7118
7117
7117
7116
7116
7115
7915
7914
7914
7913
7913
7912
7912
7911
8111
8110
8110
001f
001f
001f
001f
001f
001f
001f
001f
001f
001f
001f
001f
001f
001f
001f
001f
001f
001f
001f
001f
001f
001f
001f
001f
001f
001f
001f
001f
001f
001f
001f
001f
001f
001f
001f
001f
001f
001f
001f
001f
001f
001f
001f
001f
001f
001f
001f
001f
001f
001f
001f
001f
001f
001f
001f
001f
001f
001f
001f
001f
001f
001f
001f
001f
001f
001f
001f
001f
001f
001f
001f
001f
001f
001f
001f
001f
001f
001f
001f
001f
001f
001f
001f
001f
001f
001f
001f
001f
001f
001f
001f
001f
001f
001f
001f
001f
001f
001f
001f
001f
001f
001f
001f
001f
001f
001f
001f
001f
001f
001f
001f
001f
001f
001f
001f
001f
001f
001f
001f
001f
001f
001f
001f
001f
001f
001f
001f
001f
001f
001f
001f
001f
001f
001f
001f
001f
001f
001f
001f
001f
001f
001f
001f
001f
001f
001f
001f
001f
001f
001f
001f
001f
001f
001f
001f
001f
001f
001f
001f
001f
010f
0110
0110
0111
0911
0912
0912
0913
0913
0914
0914
0915
1115
1116
1116
1117
1117
1118
1118
1119
1919
191a
191a
191b
191b
191c
191c
191d
211d
211e
211e
211f
210f
2110
2110
2111
2911
2912
2912
2913
2913
2914
2914
2915
3115
3116
3116
3117
3117
3118
3118
3119
3919
391a
391a
391b
391b
391c
391c
391d
411d
411e
411e
411f
410f
4110
4110
4111
4111
4911
4912
4912
4913
4913
4914
4914
4915
5115
5116
5116
5117
5117
5118
5118
5119
5919
591a
591a
591b
591b
591c
591c
591d
611d
611e
611e
611f
610f
6110
6110
6111
6911
6912
6912
6913
6913
6914
6914
6915
7115
7116
7116
7117
7117
7118
7118
7119
7919
791a
791a
791b
791b
791c
791c
791d
811d
811e
811e
001f
001f
001f
001f
001f
001f
001f
001f
001f
001f
001f
001f
001f
001f
001f
001f
001f
001f
001f
001f
001f
001f
001f
001f
001f
001f
001f
001f
001f
001f
001f
001f
001f
001f
001f
001f
001f
001f
001f
001f
001f
001f
001f
001f
001f
001f
001f
001f
001f
001f
001f
001f
001f
001f
001f
001f
001f
001f
001f
001f
001f
001f
001f
001f
001f
001f
001f
001f
001f
001f
001f
001f
001f
001f
001f
001f
001f
001f
001f
001f
001f
001f
001f
001f
001f
001f
001f
001f
001f
001f
001f
001f
001f
001f
001f
001f
001f
001f
001f
001f
001f
001f
001f
001f
001f
001f
001f
001f
001f
001f
001f
001f
001f
001f
001f
001f
001f
001f
001f
001f
001f
001f
001f
001f
001f
001f
001f
001f
001f
001f
001f
001f
001f
001f
001f
001f
001f
001f
001f
001f
001f
001f
001f
001f
001f
001f
001f
001f
001f
001f
001f
001f
001f
001f
001f
001f
001f
001f
001f
001f
0110
010f
0111
0110
0912
0911
0913
0912
0914
0913
0915
0914
1116
1115
1117
1116
1118
1117
1119
1118
191a
1919
191b
191a
191c
191b
191d
191c
211e
211d
211f
211e
2110
210f
2111
2110
2912
2911
2913
2912
2914
2913
2915
2914
3116
3115
3117
3116
3118
3117
3119
3118
391a
3919
391b
391a
391c
391b
391d
391c
411e
411d
411f
411e
4110
410f
4111
4110
4110
4912
4911
4913
4912
4914
4913
4915
4914
5116
5115
5117
5116
5118
5117
5119
5118
591a
5919
591b
591a
591c
591b
591d
591c
611e
611d
611f
611e
6110
610f
6111
6110
6912
6911
6913
6912
6914
6913
6915
6914
7116
7115
7117
7116
7118
7117
7119
7118
791a
7919
791b
791a
791c
791b
791d
791c
811e
811d
811f
001f
001f
001f
001f
001f
001f
001f
001f
001f
001f
001f
001f
001f
001f
001f
001f
001f
001f
001f
001f
001f
001f
001f
001f
001f
001f
001f
001f
001f
001f
001f
001f
001f
001f
001f
001f
001f
001f
001f
001f
001f
001f
001f
001f
001f
001f
001f
001f
001f
001f
001f
001f
001f
001f
001f
001f
001f
001f
001f
001f
001f
001f
001f
001f
001f
001f
001f
001f
001f
001f
001f
001f
001f
001f
001f
001f
001f
001f
001f
001f
001f
001f
001f
001f
001f
001f
001f
001f
001f
001f
001f
001f
001f
001f
001f
001f
001f
001f
001f
001f
001f
001f
001f
001f
001f
001f
001f
001f
001f
001f
001f
001f
001f
001f
001f
001f
001f
001f
001f
001f
001f
001f
001f
001f
001f
001f
001f
001f
001f
001f
001f
001f
001f
001f
001f
001f
001f
001f
001f
001f
001f
001f
001f
001f
001f
001f
001f
001f
001f
001f
001f
001f
001f
001f
001f
001f
001f
001f
001f
001f
0130
0131
012f
0130
0932
0933
0931
0932
0934
0935
0933
0934
1136
1137
1135
1136
1138
1139
1137
1138
193a
193b
1939
193a
193c
193d
193b
193c
213e
213f
213d
213e
2130
2131
212f
2130
2932
2933
2931
2932
2934
2935
2933
2934
3136
3137
3135
3136
3138
3139
3137
3138
393a
393b
3939
393a
393c
393d
393b
393c
413e
413f
413d
413e
4130
4131
412f
4130
4130
4932
4933
4931
4932
4934
4935
4933
4934
5136
5137
5135
5136
5138
5139
5137
5138
593a
593b
5939
593a
593c
593d
593b
593c
613e
613f
613d
613e
6130
6131
612f
6130
6932
6933
6931
6932
6934
6935
6933
6934
7136
7137
7135
7136
7138
7139
7137
7138
793a
793b
7939
793a
793c
793d
793b
793c
813e
813f
813d
001f
001f
001f
001f
001f
001f
001f
001f
001f
001f
001f
001f
001f
001f
001f
001f
001f
001f
001f
001f
001f
001f
001f
001f
001f
001f
001f
001f
001f
001f
001f
001f
001f
001f
001f
001f
001f
001f
001f
001f
001f
001f
001f
001f
001f
001f
001f
001f
001f
001f
001f
001f
001f
001f
001f
001f
001f
001f
001f
001f
001f
001f
001f
001f
001f
001f
001f
001f
001f
001f
001f
001f
001f
001f
001f
001f
001f
001f
001f
001f
001f
001f
001f
001f
001f
001f
001f
001f
001f
001f
001f
001f
001f
001f
001f
001f
001f
001f
001f
001f
001f
001f
001f
001f
001f
001f
001f
001f
001f
001f
001f
001f
001f
001f
001f
001f
001f
001f
001f
001f
001f
001f
001f
001f
001f
001f
001f
001f
001f
001f
001f
001f
001f
001f
001f
001f
001f
001f
001f
001f
001f
001f
001f
001f
001f
001f
001f
001f
001f
001f
001f
001f
001f
001f
001f
001f
001f
001f
001f
001f
0131
0130
0130
012f
0933
0932
0932
0931
0935
0934
0934
0933
1137
1136
1136
1135
1139
1138
1138
1137
193b
193a
193a
1939
193d
193c
193c
193b
213f
213e
213e
213d
2131
2130
2130
212f
2933
2932
2932
2931
2935
2934
2934
2933
3137
3136
3136
3135
3139
3138
3138
3137
393b
393a
393a
3939
393d
393c
393c
393b
413f
413e
413e
413d
4131
4130
4130
412f
412f
4933
4932
4932
4931
4935
4934
4934
4933
5137
5136
5136
5135
5139
5138
5138
5137
593b
593a
593a
5939
593d
593c
593c
593b
613f
613e
613e
613d
6131
6130
6130
612f
6933
6932
6932
6931
6935
6934
6934
6933
7137
7136
7136
7135
7139
7138
7138
7137
793b
793a
793a
7939
793d
793c
793c
793b
813f
813e
813e
001f
001f
001f
001f
001f
001f
001f
001f
001f
001f
001f
001f
001f
001f
001f
001f
001f
001f
001f
001f
001f
001f
001f
001f
001f
001f
001f
001f
001f
001f
001f
001f
001f
001f
001f
001f
001f
001f
001f
001f
001f
001f
001f
001f
001f
001f
001f
001f
001f
001f
001f
001f
001f
001f
001f
001f
001f
001f
001f
001f
001f
001f
001f
001f
001f
001f
001f
001f
001f
001f
001f
001f
001f
001f
001f
001f
001f
001f
001f
001f
001f
001f
001f
001f
001f
001f
001f
001f
001f
001f
001f
001f
001f
001f
001f
001f
001f
001f
001f
001f
001f
001f
001f
001f
001f
001f
001f
001f
001f
001f
001f
001f
001f
001f
001f
001f
001f
001f
001f
001f
001f
001f
001f
001f
001f
001f
001f
001f
001f
001f
001f
001f
001f
001f
001f
001f
001f
001f
001f
001f
001f
001f
001f
001f
001f
001f
001f
001f
001f
001f
001f
001f
001f
001f
001f
001f
001f
001f
001f
001f
0131
0132
0132
0133
092f
0930
0930
0931
0935
0936
0936
0937
1133
1134
1134
1135
1139
113a
113a
113b
1937
1938
1938
1939
193d
193e
193e
193f
213b
213c
213c
213d
2131
2132
2132
2133
292f
2930
2930
2931
2935
2936
2936
2937
3133
3134
3134
3135
3139
313a
313a
313b
3937
3938
3938
3939
393d
393e
393e
393f
413b
413c
413c
413d
4131
4132
4132
4133
4133
492f
4930
4930
4931
4935
4936
4936
4937
5133
5134
5134
5135
5139
513a
513a
513b
5937
5938
5938
5939
593d
593e
593e
593f
613b
613c
613c
613d
6131
6132
6132
6133
692f
6930
6930
6931
6935
6936
6936
6937
7133
7134
7134
7135
7139
713a
713a
713b
7937
7938
7938
7939
793d
793e
793e
793f
813b
813c
813c
001f
001f
001f
001f
001f
001f
001f
001f
001f
001f
001f
001f
001f
001f
001f
001f
001f
001f
001f
001f
001f
001f
001f
001f
001f
001f
001f
001f
001f
001f
001f
001f
001f
001f
001f
001f
001f
001f
001f
001f
001f
001f
001f
001f
001f
001f
001f
001f
001f
001f
001f
001f
001f
001f
001f
001f
001f
001f
001f
001f
001f
001f
001f
001f
001f
001f
001f
001f
001f
001f
001f
001f
001f
001f
001f
001f
001f
001f
001f
001f
001f
001f
001f
001f
001f
001f
001f
001f
001f
001f
001f
001f
001f
001f
001f
001f
001f
001f
001f
001f
001f
001f
001f
001f
001f
001f
001f
001f
001f
001f
001f
001f
001f
001f
001f
001f
001f
001f
001f
001f
001f
001f
001f
001f
001f
001f
001f
001f
001f
001f
001f
001f
001f
001f
001f
001f
001f
001f
001f
001f
001f
001f
001f
001f
001f
001f
001f
001f
001f
001f
001f
001f
001f
001f
001f
001f
001f
001f
001f
001f
0132
0131
0133
0132
0930
092f
0931
0930
0936
0935
0937
0936
1134
1133
1135
1134
113a
1139
113b
113a
1938
1937
1939
1938
193e
193d
193f
193e
213c
213b
213d
213c
2132
2131
2133
2132
2930
292f
2931
2930
2936
2935
2937
2936
3134
3133
3135
3134
313a
3139
313b
313a
3938
3937
3939
3938
393e
393d
393f
393e
413c
413b
413d
413c
4132
4131
4133
4132
4132
4930
492f
4931
4930
4936
4935
4937
4936
5134
5133
5135
5134
513a
5139
513b
513a
5938
5937
5939
5938
593e
593d
593f
593e
613c
613b
613d
613c
6132
6131
6133
6132
6930
692f
6931
6930
6936
6935
6937
6936
7134
7133
7135
7134
713a
7139
713b
713a
7938
7937
7939
7938
793e
793d
793f
793e
813c
813b
813d
001f
001f
001f
001f
001f
001f
001f
001f
001f
001f
001f
001f
001f
001f
001f
001f
001f
001f
001f
001f
001f
001f
001f
001f
001f
001f
001f
001f
001f
001f
001f
001f
001f
001f
001f
001f
001f
001f
001f
001f
001f
001f
001f
001f
001f
001f
001f
001f
001f
001f
001f
001f
001f
001f
001f
001f
001f
001f
001f
001f
001f
001f
001f
001f
001f
001f
001f
001f
001f
001f
001f
001f
001f
001f
001f
001f
001f
001f
001f
001f
001f
001f
001f
001f
001f
001f
001f
001f
001f
001f
001f
001f
001f
001f
001f
001f
001f
001f
001f
001f
001f
001f
001f
001f
001f
001f
001f
001f
001f
001f
001f
001f
001f
001f
001f
001f
001f
001f
001f
001f
001f
001f
001f
001f
001f
001f
001f
001f
001f
001f
001f
001f
001f
001f
001f
001f
001f
001f
001f
001f
001f
001f
001f
001f
001f
001f
001f
001f
001f
001f
001f
001f
001f
001f
001f
001f
001f
001f
001f
001f
0152
0153
0151
0152
0950
0951
094f
0950
0956
0957
0955
0956
1154
1155
1153
1154
115a
115b
1159
115a
1958
1959
1957
1958
195e
195f
195d
195e
215c
215d
215b
215c
2152
2153
2151
2152
2950
2951
294f
2950
2956
2957
2955
2956
3154
3155
3153
3154
315a
315b
3159
315a
3958
3959
3957
3958
395e
395f
395d
395e
415c
415d
415b
415c
4152
4153
4151
4152
4152
4950
4951
494f
4950
4956
4957
4955
4956
5154
5155
5153
5154
515a
515b
5159
515a
5958
5959
5957
5958
595e
595f
595d
595e
615c
615d
615b
615c
6152
6153
6151
6152
6950
6951
694f
6950
6956
6957
6955
6956
7154
7155
7153
7154
715a
715b
7159
715a
7958
7959
7957
7958
795e
795f
795d
795e
815c
815d
815b
001f
001f
001f
001f
001f
001f
001f
001f
001f
001f
001f
001f
001f
001f
001f
001f
001f
001f
001f
001f
001f
001f
001f
001f
001f
001f
001f
001f
001f
001f
001f
001f
001f
001f
001f
001f
001f
001f
001f
001f
001f
001f
001f
001f
001f
001f
001f
001f
001f
001f
001f
001f
001f
001f
001f
001f
001f
001f
001f
001f
001f
001f
001f
001f
001f
001f
001f
001f
001f
001f
001f
001f
001f
001f
001f
001f
001f
001f
001f
001f
001f
001f
001f
001f
001f
001f
001f
001f
001f
001f
001f
001f
001f
001f
001f
001f
001f
001f
001f
001f
001f
001f
001f
001f
001f
001f
001f
001f
001f
001f
001f
001f
001f
001f
001f
001f
001f
001f
001f
001f
001f
001f
001f
001f
001f
001f
001f
001f
001f
001f
001f
001f
001f
001f
001f
001f
001f
001f
001f
001f
001f
001f
001f
001f
001f
001f
001f
001f
001f
001f
001f
001f
001f
001f
001f
001f
001f
001f
001f
001f
0153
0152
0152
0151
0951
0950
0950
094f
0957
0956
0956
0955
1155
1154
1154
1153
115b
115a
115a
1159
1959
1958
1958
1957
195f
195e
195e
195d
215d
215c
215c
215b
2153
2152
2152
2151
2951
2950
2950
294f
2957
2956
2956
2955
3155
3154
3154
3153
315b
315a
315a
3159
3959
3958
3958
3957
395f
395e
395e
395d
415d
415c
415c
415b
4153
4152
4152
4151
4151
4951
4950
4950
494f
4957
4956
4956
4955
5155
5154
5154
5153
515b
515a
515a
5159
5959
5958
5958
5957
595f
595e
595e
595d
615d
615c
615c
615b
6153
6152
6152
6151
6951
6950
6950
694f
6957
6956
6956
6955
7155
7154
7154
7153
715b
715a
715a
7159
7959
7958
7958
7957
795f
795e
795e
795d
815d
815c
815c
001f
001f
001f
001f
001f
001f
001f
001f
001f
001f
001f
001f
001f
001f
001f
001f
001f
001f
001f
001f
001f
001f
001f
001f
001f
001f
001f
001f
001f
001f
001f
001f
001f
001f
001f
001f
001f
001f
001f
001f
001f
001f
001f
001f
001f
001f
001f
001f
001f
001f
001f
001f
001f
001f
001f
001f
001f
001f
001f
001f
001f
001f
001f
001f
001f
001f
001f
001f
001f
001f
001f
001f
001f
001f
001f
001f
001f
001f
001f
001f
001f
001f
001f
001f
001f
001f
001f
001f
001f
001f
001f
001f
001f
001f
001f
001f
001f
001f
001f
001f
001f
001f
001f
001f
001f
001f
001f
001f
001f
001f
001f
001f
001f
001f
001f
001f
001f
001f
001f
001f
001f
001f
001f
001f
001f
001f
001f
001f
001f
001f
001f
001f
001f
001f
001f
001f
001f
001f
001f
001f
001f
001f
001f
001f
001f
001f
001f
001f
001f
001f
001f
001f
001f
001f
001f
001f
001f
001f
001f
001f
0153
0154
0154
0155
0955
0956
0956
0957
094f
0950
0950
0951
1151
1152
1152
1153
115b
115c
115c
115d
195d
195e
195e
195f
1957
1958
1958
1959
2159
215a
215a
215b
2153
2154
2154
2155
2955
2956
2956
2957
294f
2950
2950
2951
3151
3152
3152
3153
315b
315c
315c
315d
395d
395e
395e
395f
3957
3958
3958
3959
4159
415a
415a
415b
4153
4154
4154
4155
4155
4955
4956
4956
4957
494f
4950
4950
4951
5151
5152
5152
5153
515b
515c
515c
515d
595d
595e
595e
595f
5957
5958
5958
5959
6159
615a
615a
615b
6153
6154
6154
6155
6955
6956
6956
6957
694f
6950
6950
6951
7151
7152
7152
7153
715b
715c
715c
715d
795d
795e
795e
795f
7957
7958
7958
7959
8159
815a
815a
001f
001f
001f
001f
001f
001f
001f
001f
001f
001f
001f
001f
001f
001f
001f
001f
001f
001f
001f
001f
001f
001f
001f
001f
001f
001f
001f
001f
001f
001f
001f
001f
001f
001f
001f
001f
001f
001f
001f
001f
001f
001f
001f
001f
001f
001f
001f
001f
001f
001f
001f
001f
001f
001f
001f
001f
001f
001f
001f
001f
001f
001f
001f
001f
001f
001f
001f
001f
001f
001f
001f
001f
001f
001f
001f
001f
001f
001f
001f
001f
001f
001f
001f
001f
001f
001f
001f
001f
001f
001f
001f
001f
001f
001f
001f
001f
001f
001f
001f
001f
001f
001f
001f
001f
001f
001f
001f
001f
001f
001f
001f
001f
001f
001f
001f
001f
001f
001f
001f
001f
001f
001f
001f
001f
001f
001f
001f
001f
001f
001f
001f
001f
001f
001f
001f
001f
001f
001f
001f
001f
001f
001f
001f
001f
001f
001f
001f
001f
001f
001f
001f
001f
001f
001f
001f
001f
001f
001f
001f
001f
0154
0153
0155
0154
0956
0955
0957
0956
0950
094f
0951
0950
1152
1151
1153
1152
115c
115b
115d
115c
195e
195d
195f
195e
1958
1957
1959
1958
215a
2159
215b
215a
2154
2153
2155
2154
2956
2955
2957
2956
2950
294f
2951
2950
3152
3151
3153
3152
315c
315b
315d
315c
395e
395d
395f
395e
3958
3957
3959
3958
415a
4159
415b
415a
4154
4153
4155
4154
4154
4956
4955
4957
4956
4950
494f
4951
4950
5152
5151
5153
5152
515c
515b
515d
515c
595e
595d
595f
595e
5958
5957
5959
5958
615a
6159
615b
615a
6154
6153
6155
6154
6956
6955
6957
6956
6950
694f
6951
6950
7152
7151
7153
7152
715c
715b
715d
715c
795e
795d
795f
795e
7958
7957
7959
7958
815a
8159
815b
001f
001f
001f
001f
001f
001f
001f
001f
001f
001f
001f
001f
001f
001f
001f
001f
001f
001f
001f
001f
001f
001f
001f
001f
001f
001f
001f
001f
001f
001f
001f
001f
001f
001f
001f
001f
001f
001f
001f
001f
001f
001f
001f
001f
001f
001f
001f
001f
001f
001f
001f
001f
001f
001f
001f
001f
001f
001f
001f
001f
001f
001f
001f
001f
001f
001f
001f
001f
001f
001f
001f
001f
001f
001f
001f
001f
001f
001f
001f
001f
001f
001f
001f
001f
001f
001f
001f
001f
001f
001f
001f
001f
001f
001f
001f
001f
001f
001f
001f
001f
001f
001f
001f
001f
001f
001f
001f
001f
001f
001f
001f
001f
001f
001f
001f
001f
001f
001f
001f
001f
001f
001f
001f
001f
001f
001f
001f
001f
001f
001f
001f
001f
001f
001f
001f
001f
001f
001f
001f
001f
001f
001f
001f
001f
001f
001f
001f
001f
001f
001f
001f
001f
001f
001f
001f
001f
001f
001f
001f
001f
0174
0175
0173
0174
0976
0977
0975
0976
0970
0971
096f
0970
1172
1173
1171
1172
117c
117d
117b
117c
197e
197f
197d
197e
1978
1979
1977
1978
217a
217b
2179
217a
2174
2175
2173
2174
2976
2977
2975
2976
2970
2971
296f
2970
3172
3173
3171
3172
317c
317d
317b
317c
397e
397f
397d
397e
3978
3979
3977
3978
417a
417b
4179
417a
4174
4175
4173
4174
4174
4976
4977
4975
4976
4970
4971
496f
4970
5172
5173
5171
5172
517c
517d
517b
517c
597e
597f
597d
597e
5978
5979
5977
5978
617a
617b
6179
617a
6174
6175
6173
6174
6976
6977
6975
6976
6970
6971
696f
6970
7172
7173
7171
7172
717c
717d
717b
717c
797e
797f
797d
797e
7978
7979
7977
7978
817a
817b
8179
001f
001f
001f
001f
001f
001f
001f
001f
001f
001f
001f
001f
001f
001f
001f
001f
001f
001f
001f
001f
001f
001f
001f
001f
001f
001f
001f
001f
001f
001f
001f
001f
001f
001f
001f
001f
001f
001f
001f
001f
001f
001f
001f
001f
001f
001f
001f
001f
001f
001f
001f
001f
001f
001f
001f
001f
001f
001f
001f
001f
001f
001f
001f
001f
001f
001f
001f
001f
001f
001f
001f
001f
001f
001f
001f
001f
001f
001f
001f
001f
001f
001f
001f
001f
001f
001f
001f
001f
001f
001f
001f
001f
001f
001f
001f
001f
001f
001f
001f
001f
001f
001f
001f
001f
001f
001f
001f
001f
001f
001f
001f
001f
001f
001f
001f
001f
001f
001f
001f
001f
001f
001f
001f
001f
001f
001f
001f
001f
001f
001f
001f
001f
001f
001f
001f
001f
001f
001f
001f
001f
001f
001f
001f
001f
001f
001f
001f
001f
001f
001f
001f
001f
001f
001f
001f
001f
001f
001f
001f
001f
0175
0174
0174
0173
0977
0976
0976
0975
0971
0970
0970
096f
1173
1172
1172
1171
117d
117c
117c
117b
197f
197e
197e
197d
1979
1978
1978
1977
217b
217a
217a
2179
2175
2174
2174
2173
2977
2976
2976
2975
2971
2970
2970
296f
3173
3172
3172
3171
317d
317c
317c
317b
397f
397e
397e
397d
3979
3978
3978
3977
417b
417a
417a
4179
4175
4174
4174
4173
4173
4977
4976
4976
4975
4971
4970
4970
496f
5173
5172
5172
5171
517d
517c
517c
517b
597f
597e
597e
597d
5979
5978
5978
5977
617b
617a
617a
6179
6175
6174
6174
6173
6977
6976
6976
6975
6971
6970
6970
696f
7173
7172
7172
7171
717d
717c
717c
717b
797f
797e
797e
797d
7979
7978
7978
7977
817b
817a
817a
001f
001f
001f
001f
001f
001f
001f
001f
001f
001f
001f
001f
001f
001f
001f
001f
001f
001f
001f
001f
001f
001f
001f
001f
001f
001f
001f
001f
001f
001f
001f
001f
001f
001f
001f
001f
001f
001f
001f
001f
001f
001f
001f
001f
001f
001f
001f
001f
001f
001f
001f
001f
001f
001f
001f
001f
001f
001f
001f
001f
001f
001f
001f
001f
001f
001f
001f
001f
001f
001f
001f
001f
001f
001f
001f
001f
001f
001f
001f
001f
001f
001f
001f
001f
001f
001f
001f
001f
001f
001f
001f
001f
001f
001f
001f
001f
001f
001f
001f
001f
001f
001f
001f
001f
001f
001f
001f
001f
001f
001f
001f
001f
001f
001f
001f
001f
001f
001f
001f
001f
001f
001f
001f
001f
001f
001f
001f
001f
001f
001f
001f
001f
001f
001f
001f
001f
001f
001f
001f
001f
001f
001f
001f
001f
001f
001f
001f
001f
001f
001f
001f
001f
001f
001f
001f
001f
001f
001f
001f
001f
0175
0176
0176
0177
0973
0974
0974
0975
0971
0972
0972
0973
116f
1170
1170
1171
117d
117e
117e
117f
197b
197c
197c
197d
1979
197a
197a
197b
2177
2178
2178
2179
2175
2176
2176
2177
2973
2974
2974
2975
2971
2972
2972
2973
316f
3170
3170
3171
317d
317e
317e
317f
397b
397c
397c
397d
3979
397a
397a
397b
4177
4178
4178
4179
4175
4176
4176
4177
4177
4973
4974
4974
4975
4971
4972
4972
4973
516f
5170
5170
5171
517d
517e
517e
517f
597b
597c
597c
597d
5979
597a
597a
597b
6177
6178
6178
6179
6175
6176
6176
6177
6973
6974
6974
6975
6971
6972
6972
6973
716f
7170
7170
7171
717d
717e
717e
717f
797b
797c
797c
797d
7979
797a
797a
797b
8177
8178
8178
001f
001f
001f
001f
001f
001f
001f
001f
001f
001f
001f
001f
001f
001f
001f
001f
001f
001f
001f
001f
001f
001f
001f
001f
001f
001f
001f
001f
001f
001f
001f
001f
001f
001f
001f
001f
001f
001f
001f
001f
001f
001f
001f
001f
001f
001f
001f
001f
001f
001f
001f
001f
001f
001f
001f
001f
001f
001f
001f
001f
001f
001f
001f
001f
001f
001f
001f
001f
001f
001f
001f
001f
001f
001f
001f
001f
001f
001f
001f
001f
001f
001f
001f
001f
001f
001f
001f
001f
001f
001f
001f
001f
001f
001f
001f
001f
001f
001f
001f
001f
001f
001f
001f
001f
001f
001f
001f
001f
001f
001f
001f
001f
001f
001f
001f
001f
001f
001f
001f
001f
001f
001f
001f
001f
001f
001f
001f
001f
001f
001f
001f
001f
001f
001f
001f
001f
001f
001f
001f
001f
001f
001f
001f
001f
001f
001f
001f
001f
001f
001f
001f
001f
001f
001f
001f
001f
001f
001f
001f
001f
0176
0175
0177
0176
0974
0973
0975
0974
0972
0971
0973
0972
1170
116f
1171
1170
117e
117d
117f
117e
197c
197b
197d
197c
197a
1979
197b
197a
2178
2177
2179
2178
2176
2175
2177
2176
2974
2973
2975
2974
2972
2971
2973
2972
3170
316f
3171
3170
317e
317d
317f
317e
397c
397b
397d
397c
397a
3979
397b
397a
4178
4177
4179
4178
4176
4175
4177
4176
4176
4974
4973
4975
4974
4972
4971
4973
4972
5170
516f
5171
5170
517e
517d
517f
517e
597c
597b
597d
597c
597a
5979
597b
597a
6178
6177
6179
6178
6176
6175
6177
6176
6974
6973
6975
6974
6972
6971
6973
6972
7170
716f
7171
7170
717e
717d
717f
717e
797c
797b
797d
797c
797a
7979
797b
797a
8178
8177
8179
001f
001f
001f
001f
001f
001f
001f
001f
001f
001f
001f
001f
001f
001f
001f
001f
001f
001f
001f
001f
001f
001f
001f
001f
001f
001f
001f
001f
001f
001f
001f
001f
001f
001f
001f
001f
001f
001f
001f
001f
001f
001f
001f
001f
001f
001f
001f
001f
001f
001f
001f
001f
001f
001f
001f
001f
001f
001f
001f
001f
001f
001f
001f
001f
001f
001f
001f
001f
001f
001f
001f
001f
001f
001f
001f
001f
001f
001f
001f
001f
001f
001f
001f
001f
001f
001f
001f
001f
001f
001f
001f
001f
001f
001f
001f
001f
001f
001f
001f
001f
001f
001f
001f
001f
001f
001f
001f
001f
001f
001f
001f
001f
001f
001f
001f
001f
001f
001f
001f
001f
001f
001f
001f
001f
001f
001f
001f
001f
001f
001f
001f
001f
001f
001f
001f
001f
001f
001f
001f
001f
001f
001f
001f
001f
001f
001f
001f
001f
001f
001f
001f
001f
001f
001f
001f
001f
001f
001f
001f
001f
0196
0197
0195
0196
0994
0995
0993
0994
0992
0993
0991
0992
1190
1191
118f
1190
119e
119f
119d
119e
199c
199d
199b
199c
199a
199b
1999
199a
2198
2199
2197
2198
2196
2197
2195
2196
2994
2995
2993
2994
2992
2993
2991
2992
3190
3191
318f
3190
319e
319f
319d
319e
399c
399d
399b
399c
399a
399b
3999
399a
4198
4199
4197
4198
4196
4197
4195
4196
4196
4994
4995
4993
4994
4992
4993
4991
4992
5190
5191
518f
5190
519e
519f
519d
519e
599c
599d
599b
599c
599a
599b
5999
599a
6198
6199
6197
6198
6196
6197
6195
6196
6994
6995
6993
6994
6992
6993
6991
6992
7190
7191
718f
7190
719e
719f
719d
719e
799c
799d
799b
799c
799a
799b
7999
799a
8198
8199
8197
001f
001f
001f
001f
001f
001f
001f
001f
001f
001f
001f
001f
001f
001f
001f
001f
001f
001f
001f
001f
001f
001f
001f
001f
001f
001f
001f
001f
001f
001f
001f
001f
001f
001f
001f
001f
001f
001f
001f
001f
001f
001f
001f
001f
001f
001f
001f
001f
001f
001f
001f
001f
001f
001f
001f
001f
001f
001f
001f
001f
001f
001f
001f
001f
001f
001f
001f
001f
001f
001f
001f
001f
001f
001f
001f
001f
001f
001f
001f
001f
001f
001f
001f
001f
001f
001f
001f
001f
001f
001f
001f
001f
001f
001f
001f
001f
001f
001f
001f
001f
001f
001f
001f
001f
001f
001f
001f
001f
001f
001f
001f
001f
001f
001f
001f
001f
001f
001f
001f
001f
001f
001f
001f
001f
001f
001f
001f
001f
001f
001f
001f
001f
001f
001f
001f
001f
001f
001f
001f
001f
001f
001f
001f
001f
001f
001f
001f
001f
001f
001f
001f
001f
001f
001f
001f
001f
001f
001f
001f
001f
0197
0196
0196
0195
0995
0994
0994
0993
0993
0992
0992
0991
1191
1190
1190
118f
119f
119e
119e
119d
199d
199c
199c
199b
199b
199a
199a
1999
2199
2198
2198
2197
2197
2196
2196
2195
2995
2994
2994
2993
2993
2992
2992
2991
3191
3190
3190
318f
319f
319e
319e
319d
399d
399c
399c
399b
399b
399a
399a
3999
4199
4198
4198
4197
4197
4196
4196
4195
4195
4995
4994
4994
4993
4993
4992
4992
4991
5191
5190
5190
518f
519f
519e
519e
519d
599d
599c
599c
599b
599b
599a
599a
5999
6199
6198
6198
6197
6197
6196
6196
6195
6995
6994
6994
6993
6993
6992
6992
6991
7191
7190
7190
718f
719f
719e
719e
719d
799d
799c
799c
799b
799b
799a
799a
7999
8199
8198
8198
001f
001f
001f
001f
001f
001f
001f
001f
001f
001f
001f
001f
001f
001f
001f
001f
001f
001f
001f
001f
001f
001f
001f
001f
001f
001f
001f
001f
001f
001f
001f
001f
001f
001f
001f
001f
001f
001f
001f
001f
001f
001f
001f
001f
001f
001f
001f
001f
001f
001f
001f
001f
001f
001f
001f
001f
001f
001f
001f
001f
001f
001f
001f
001f
001f
001f
001f
001f
001f
001f
001f
001f
001f
001f
001f
001f
001f
001f
001f
001f
001f
001f
001f
001f
001f
001f
001f
001f
001f
001f
001f
001f
001f
001f
001f
001f
001f
001f
001f
001f
001f
001f
001f
001f
001f
001f
001f
001f
001f
001f
001f
001f
001f
001f
001f
001f
001f
001f
001f
001f
001f
001f
001f
001f
001f
001f
001f
001f
001f
001f
001f
001f
001f
001f
001f
001f
001f
001f
001f
001f
001f
001f
001f
001f
001f
001f
001f
001f
001f
001f
001f
001f
001f
001f
001f
001f
001f
001f
001f
001f
0197
0198
0198
0199
0999
099a
099a
099b
099b
099c
099c
099d
119d
119e
119e
119f
118f
1190
1190
1191
1991
1992
1992
1993
1993
1994
1994
1995
2195
2196
2196
2197
2197
2198
2198
2199
2999
299a
299a
299b
299b
299c
299c
299d
319d
319e
319e
319f
318f
3190
3190
3191
3991
3992
3992
3993
3993
3994
3994
3995
4195
4196
4196
4197
4197
4198
4198
4199
4199
4999
499a
499a
499b
499b
499c
499c
499d
519d
519e
519e
519f
518f
5190
5190
5191
5991
5992
5992
5993
5993
5994
5994
5995
6195
6196
6196
6197
6197
6198
6198
6199
6999
699a
699a
699b
699b
699c
699c
699d
719d
719e
719e
719f
718f
7190
7190
7191
7991
7992
7992
7993
7993
7994
7994
7995
8195
8196
8196
001f
001f
001f
001f
001f
001f
001f
001f
001f
001f
001f
001f
001f
001f
001f
001f
001f
001f
001f
001f
001f
001f
001f
001f
001f
001f
001f
001f
001f
001f
001f
001f
001f
001f
001f
001f
001f
001f
001f
001f
001f
001f
001f
001f
001f
001f
001f
001f
001f
001f
001f
001f
001f
001f
001f
001f
001f
001f
001f
001f
001f
001f
001f
001f
001f
001f
001f
001f
001f
001f
001f
001f
001f
001f
001f
001f
001f
001f
001f
001f
001f
001f
001f
001f
001f
001f
001f
001f
001f
001f
001f
001f
001f
001f
001f
001f
001f
001f
001f
001f
001f
001f
001f
001f
001f
001f
001f
001f
001f
001f
001f
001f
001f
001f
001f
001f
001f
001f
001f
001f
001f
001f
001f
001f
001f
001f
001f
001f
001f
001f
001f
001f
001f
001f
001f
001f
001f
001f
001f
001f
001f
001f
001f
001f
001f
001f
001f
001f
001f
001f
001f
001f
001f
001f
001f
001f
001f
001f
001f
001f
0198
0197
0199
0198
099a
0999
099b
099a
099c
099b
099d
099c
119e
119d
119f
119e
1190
118f
1191
1190
1992
1991
1993
1992
1994
1993
1995
1994
2196
2195
2197
2196
2198
2197
2199
2198
299a
2999
299b
299a
299c
299b
299d
299c
319e
319d
319f
319e
3190
318f
3191
3190
3992
3991
3993
3992
3994
3993
3995
3994
4196
4195
4197
4196
4198
4197
4199
4198
4198
499a
4999
499b
499a
499c
499b
499d
499c
519e
519d
519f
519e
5190
518f
5191
5190
5992
5991
5993
5992
5994
5993
5995
5994
6196
6195
6197
6196
6198
6197
6199
6198
699a
6999
699b
699a
699c
699b
699d
699c
719e
719d
719f
719e
7190
718f
7191
7190
7992
7991
7993
7992
7994
7993
7995
7994
8196
8195
8197
001f
001f
001f
001f
001f
001f
001f
001f
001f
001f
001f
001f
001f
001f
001f
001f
001f
001f
001f
001f
001f
001f
001f
001f
001f
001f
001f
001f
001f
001f
001f
001f
001f
001f
001f
001f
001f
001f
001f
001f
001f
001f
001f
001f
001f
001f
001f
001f
001f
001f
001f
001f
001f
001f
001f
001f
001f
001f
001f
001f
001f
001f
001f
001f
001f
001f
001f
001f
001f
001f
001f
001f
001f
001f
001f
001f
001f
001f
001f
001f
001f
001f
001f
001f
001f
001f
001f
001f
001f
001f
001f
001f
001f
001f
001f
001f
001f
001f
001f
001f
001f
001f
001f
001f
001f
001f
001f
001f
001f
001f
001f
001f
001f
001f
001f
001f
001f
001f
001f
001f
001f
001f
001f
001f
001f
001f
001f
001f
001f
001f
001f
001f
001f
001f
001f
001f
001f
001f
001f
001f
001f
001f
001f
001f
001f
001f
001f
001f
001f
001f
001f
001f
001f
001f
001f
001f
001f
001f
001f
001f
01b8
01b9
01b7
01b8
09ba
09bb
09b9
09ba
09bc
09bd
09bb
09bc
11be
11bf
11bd
11be
11b0
11b1
11af
11b0
19b2
19b3
19b1
19b2
19b4
19b5
19b3
19b4
21b6
21b7
21b5
21b6
21b8
21b9
21b7
21b8
29ba
29bb
29b9
29ba
29bc
29bd
29bb
29bc
31be
31bf
31bd
31be
31b0
31b1
31af
31b0
39b2
39b3
39b1
39b2
39b4
39b5
39b3
39b4
41b6
41b7
41b5
41b6
41b8
41b9
41b7
41b8
41b8
49ba
49bb
49b9
49ba
49bc
49bd
49bb
49bc
51be
51bf
51bd
51be
51b0
51b1
51af
51b0
59b2
59b3
59b1
59b2
59b4
59b5
59b3
59b4
61b6
61b7
61b5
61b6
61b8
61b9
61b7
61b8
69ba
69bb
69b9
69ba
69bc
69bd
69bb
69bc
71be
71bf
71bd
71be
71b0
71b1
71af
71b0
79b2
79b3
79b1
79b2
79b4
79b5
79b3
79b4
81b6
81b7
81b5
001f
001f
001f
001f
001f
001f
001f
001f
001f
001f
001f
001f
001f
001f
001f
001f
001f
001f
001f
001f
001f
001f
001f
001f
001f
001f
001f
001f
001f
001f
001f
001f
001f
001f
001f
001f
001f
001f
001f
001f
001f
001f
001f
001f
001f
001f
001f
001f
001f
001f
001f
001f
001f
001f
001f
001f
001f
001f
001f
001f
001f
001f
001f
001f
001f
001f
001f
001f
001f
001f
001f
001f
001f
001f
001f
001f
001f
001f
001f
001f
001f
001f
001f
001f
001f
001f
001f
001f
001f
001f
001f
001f
001f
001f
001f
001f
001f
001f
001f
001f
001f
001f
001f
001f
001f
001f
001f
001f
001f
001f
001f
001f
001f
001f
001f
001f
001f
001f
001f
001f
001f
001f
001f
001f
001f
001f
001f
001f
001f
001f
001f
001f
001f
001f
001f
001f
001f
001f
001f
001f
001f
001f
001f
001f
001f
001f
001f
001f
001f
001f
001f
001f
001f
001f
001f
001f
001f
001f
001f
001f
01b9
01b8
01b8
01b7
09bb
09ba
09ba
09b9
09bd
09bc
09bc
09bb
11bf
11be
11be
11bd
11b1
11b0
11b0
11af
19b3
19b2
19b2
19b1
19b5
19b4
19b4
19b3
21b7
21b6
21b6
21b5
21b9
21b8
21b8
21b7
29bb
29ba
29ba
29b9
29bd
29bc
29bc
29bb
31bf
31be
31be
31bd
31b1
31b0
31b0
31af
39b3
39b2
39b2
39b1
39b5
39b4
39b4
39b3
41b7
41b6
41b6
41b5
41b9
41b8
41b8
41b7
41b7
49bb
49ba
49ba
49b9
49bd
49bc
49bc
49bb
51bf
51be
51be
51bd
51b1
51b0
51b0
51af
59b3
59b2
59b2
59b1
59b5
59b4
59b4
59b3
61b7
61b6
61b6
61b5
61b9
61b8
61b8
61b7
69bb
69ba
69ba
69b9
69bd
69bc
69bc
69bb
71bf
71be
71be
71bd
71b1
71b0
71b0
71af
79b3
79b2
79b2
79b1
79b5
79b4
79b4
79b3
81b7
81b6
81b6
001f
001f
001f
001f
001f
001f
001f
001f
001f
001f
001f
001f
001f
001f
001f
001f
001f
001f
001f
001f
001f
001f
001f
001f
001f
001f
001f
001f
001f
001f
001f
001f
001f
001f
001f
001f
001f
001f
001f
001f
001f
001f
001f
001f
001f
001f
001f
001f
001f
001f
001f
001f
001f
001f
001f
001f
001f
001f
001f
001f
001f
001f
001f
001f
001f
001f
001f
001f
001f
001f
001f
001f
001f
001f
001f
001f
001f
001f
001f
001f
001f
001f
001f
001f
001f
001f
001f
001f
001f
001f
001f
001f
001f
001f
001f
001f
001f
001f
001f
001f
001f
001f
001f
001f
001f
001f
001f
001f
001f
001f
001f
001f
001f
001f
001f
001f
001f
001f
001f
001f
001f
001f
001f
001f
001f
001f
001f
001f
001f
001f
001f
001f
001f
001f
001f
001f
001f
001f
001f
001f
001f
001f
001f
001f
001f
001f
001f
001f
001f
001f
001f
001f
001f
001f
001f
001f
001f
001f
001f
001f
01b9
01ba
01ba
01bb
09b7
09b8
09b8
09b9
09bd
09be
09be
09bf
11bb
11bc
11bc
11bd
11b1
11b2
11b2
11b3
19af
19b0
19b0
19b1
19b5
19b6
19b6
19b7
21b3
21b4
21b4
21b5
21b9
21ba
21ba
21bb
29b7
29b8
29b8
29b9
29bd
29be
29be
29bf
31bb
31bc
31bc
31bd
31b1
31b2
31b2
31b3
39af
39b0
39b0
39b1
39b5
39b6
39b6
39b7
41b3
41b4
41b4
41b5
41b9
41ba
41ba
41bb
41bb
49b7
49b8
49b8
49b9
49bd
49be
49be
49bf
51bb
51bc
51bc
51bd
51b1
51b2
51b2
51b3
59af
59b0
59b0
59b1
59b5
59b6
59b6
59b7
61b3
61b4
61b4
61b5
61b9
61ba
61ba
61bb
69b7
69b8
69b8
69b9
69bd
69be
69be
69bf
71bb
71bc
71bc
71bd
71b1
71b2
71b2
71b3
79af
79b0
79b0
79b1
79b5
79b6
79b6
79b7
81b3
81b4
81b4
001f
001f
001f
001f
001f
001f
001f
001f
001f
001f
001f
001f
001f
001f
001f
001f
001f
001f
001f
001f
001f
001f
001f
001f
001f
001f
001f
001f
001f
001f
001f
001f
001f
001f
001f
001f
001f
001f
001f
001f
001f
001f
001f
001f
001f
001f
001f
001f
001f
001f
001f
001f
001f
001f
001f
001f
001f
001f
001f
001f
001f
001f
001f
001f
001f
001f
001f
001f
001f
001f
001f
001f
001f
001f
001f
001f
001f
001f
001f
001f
001f
001f
001f
001f
001f
001f
001f
001f
001f
001f
001f
001f
001f
001f
001f
001f
001f
001f
001f
001f
001f
001f
001f
001f
001f
001f
001f
001f
001f
001f
001f
001f
001f
001f
001f
001f
001f
001f
001f
001f
001f
001f
001f
001f
001f
001f
001f
001f
001f
001f
001f
001f
001f
001f
001f
001f
001f
001f
001f
001f
001f
001f
001f
001f
001f
001f
001f
001f
001f
001f
001f
001f
001f
001f
001f
001f
001f
001f
001f
001f
01ba
01b9
01bb
01ba
09b8
09b7
09b9
09b8
09be
09bd
09bf
09be
11bc
11bb
11bd
11bc
11b2
11b1
11b3
11b2
19b0
19af
19b1
19b0
19b6
19b5
19b7
19b6
21b4
21b3
21b5
21b4
21ba
21b9
21bb
21ba
29b8
29b7
29b9
29b8
29be
29bd
29bf
29be
31bc
31bb
31bd
31bc
31b2
31b1
31b3
31b2
39b0
39af
39b1
39b0
39b6
39b5
39b7
39b6
41b4
41b3
41b5
41b4
41ba
41b9
41bb
41ba
41ba
49b8
49b7
49b9
49b8
49be
49bd
49bf
49be
51bc
51bb
51bd
51bc
51b2
51b1
51b3
51b2
59b0
59af
59b1
59b0
59b6
59b5
59b7
59b6
61b4
61b3
61b5
61b4
61ba
61b9
61bb
61ba
69b8
69b7
69b9
69b8
69be
69bd
69bf
69be
71bc
71bb
71bd
71bc
71b2
71b1
71b3
71b2
79b0
79af
79b1
79b0
79b6
79b5
79b7
79b6
81b4
81b3
81b5
001f
001f
001f
001f
001f
001f
001f
001f
001f
001f
001f
001f
001f
001f
001f
001f
001f
001f
001f
001f
001f
001f
001f
001f
001f
001f
001f
001f
001f
001f
001f
001f
001f
001f
001f
001f
001f
001f
001f
001f
001f
001f
001f
001f
001f
001f
001f
001f
001f
001f
001f
001f
001f
001f
001f
001f
001f
001f
001f
001f
001f
001f
001f
001f
001f
001f
001f
001f
001f
001f
001f
001f
001f
001f
001f
001f
001f
001f
001f
001f
001f
001f
001f
001f
001f
001f
001f
001f
001f
001f
001f
001f
001f
001f
001f
001f
001f
001f
001f
001f
001f
001f
001f
001f
001f
001f
001f
001f
001f
001f
001f
001f
001f
001f
001f
001f
001f
001f
001f
001f
001f
001f
001f
001f
001f
001f
001f
001f
001f
001f
001f
001f
001f
001f
001f
001f
001f
001f
001f
001f
001f
001f
001f
001f
001f
001f
001f
001f
001f
001f
001f
001f
001f
001f
001f
001f
001f
001f
001f
001f
01da
01db
01d9
01da
09d8
09d9
09d7
09d8
09de
09df
09dd
09de
11dc
11dd
11db
11dc
11d2
11d3
11d1
11d2
19d0
19d1
19cf
19d0
19d6
19d7
19d5
19d6
21d4
21d5
21d3
21d4
21da
21db
21d9
21da
29d8
29d9
29d7
29d8
29de
29df
29dd
29de
31dc
31dd
31db
31dc
31d2
31d3
31d1
31d2
39d0
39d1
39cf
39d0
39d6
39d7
39d5
39d6
41d4
41d5
41d3
41d4
41da
41db
41d9
41da
41da
49d8
49d9
49d7
49d8
49de
49df
49dd
49de
51dc
51dd
51db
51dc
51d2
51d3
51d1
51d2
59d0
59d1
59cf
59d0
59d6
59d7
59d5
59d6
61d4
61d5
61d3
61d4
61da
61db
61d9
61da
69d8
69d9
69d7
69d8
69de
69df
69dd
69de
71dc
71dd
71db
71dc
71d2
71d3
71d1
71d2
79d0
79d1
79cf
79d0
79d6
79d7
79d5
79d6
81d4
81d5
81d3
001f
001f
001f
001f
001f
001f
001f
001f
001f
001f
001f
001f
001f
001f
001f
001f
001f
001f
001f
001f
001f
001f
001f
001f
001f
001f
001f
001f
001f
001f
001f
001f
001f
001f
001f
001f
001f
001f
001f
001f
001f
001f
001f
001f
001f
001f
001f
001f
001f
001f
001f
001f
001f
001f
001f
001f
001f
001f
001f
001f
001f
001f
001f
001f
001f
001f
001f
001f
001f
001f
001f
001f
001f
001f
001f
001f
001f
001f
001f
001f
001f
001f
001f
001f
001f
001f
001f
001f
001f
001f
001f
001f
001f
001f
001f
001f
001f
001f
001f
001f
001f
001f
001f
001f
001f
001f
001f
001f
001f
001f
001f
001f
001f
001f
001f
001f
001f
001f
001f
001f
001f
001f
001f
001f
001f
001f
001f
001f
001f
001f
001f
001f
001f
001f
001f
001f
001f
001f
001f
001f
001f
001f
001f
001f
001f
001f
001f
001f
001f
001f
001f
001f
001f
001f
001f
001f
001f
001f
001f
001f
01db
01da
01da
01d9
09d9
09d8
09d8
09d7
09df
09de
09de
09dd
11dd
11dc
11dc
11db
11d3
11d2
11d2
11d1
19d1
19d0
19d0
19cf
19d7
19d6
19d6
19d5
21d5
21d4
21d4
21d3
21db
21da
21da
21d9
29d9
29d8
29d8
29d7
29df
29de
29de
29dd
31dd
31dc
31dc
31db
31d3
31d2
31d2
31d1
39d1
39d0
39d0
39cf
39d7
39d6
39d6
39d5
41d5
41d4
41d4
41d3
41db
41da
41da
41d9
41d9
49d9
49d8
49d8
49d7
49df
49de
49de
49dd
51dd
51dc
51dc
51db
51d3
51d2
51d2
51d1
59d1
59d0
59d0
59cf
59d7
59d6
59d6
59d5
61d5
61d4
61d4
61d3
61db
61da
61da
61d9
69d9
69d8
69d8
69d7
69df
69de
69de
69dd
71dd
71dc
71dc
71db
71d3
71d2
71d2
71d1
79d1
79d0
79d0
79cf
79d7
79d6
79d6
79d5
81d5
81d4
81d4
001f
001f
001f
001f
001f
001f
001f
001f
001f
001f
001f
001f
001f
001f
001f
001f
001f
001f
001f
001f
001f
001f
001f
001f
001f
001f
001f
001f
001f
001f
001f
001f
001f
001f
001f
001f
001f
001f
001f
001f
001f
001f
001f
001f
001f
001f
001f
001f
001f
001f
001f
001f
001f
001f
001f
001f
001f
001f
001f
001f
001f
001f
001f
001f
001f
001f
001f
001f
001f
001f
001f
001f
001f
001f
001f
001f
001f
001f
001f
001f
001f
001f
001f
001f
001f
001f
001f
001f
001f
001f
001f
001f
001f
001f
001f
001f
001f
001f
001f
001f
001f
001f
001f
001f
001f
001f
001f
001f
001f
001f
001f
001f
001f
001f
001f
001f
001f
001f
001f
001f
001f
001f
001f
001f
001f
001f
001f
001f
001f
001f
001f
001f
001f
001f
001f
001f
001f
001f
001f
001f
001f
001f
001f
001f
001f
001f
001f
001f
001f
001f
001f
001f
001f
001f
001f
001f
001f
001f
001f
001f
01db
01dc
01dc
01dd
09dd
09de
09de
09df
09d7
09d8
09d8
09d9
11d9
11da
11da
11db
11d3
11d4
11d4
11d5
19d5
19d6
19d6
19d7
19cf
19d0
19d0
19d1
21d1
21d2
21d2
21d3
21db
21dc
21dc
21dd
29dd
29de
29de
29df
29d7
29d8
29d8
29d9
31d9
31da
31da
31db
31d3
31d4
31d4
31d5
39d5
39d6
39d6
39d7
39cf
39d0
39d0
39d1
41d1
41d2
41d2
41d3
41db
41dc
41dc
41dd
41dd
49dd
49de
49de
49df
49d7
49d8
49d8
49d9
51d9
51da
51da
51db
51d3
51d4
51d4
51d5
59d5
59d6
59d6
59d7
59cf
59d0
59d0
59d1
61d1
61d2
61d2
61d3
61db
61dc
61dc
61dd
69dd
69de
69de
69df
69d7
69d8
69d8
69d9
71d9
71da
71da
71db
71d3
71d4
71d4
71d5
79d5
79d6
79d6
79d7
79cf
79d0
79d0
79d1
81d1
81d2
81d2
001f
001f
001f
001f
001f
001f
001f
001f
001f
001f
001f
001f
001f
001f
001f
001f
001f
001f
001f
001f
001f
001f
001f
001f
001f
001f
001f
001f
001f
001f
001f
001f
001f
001f
001f
001f
001f
001f
001f
001f
001f
001f
001f
001f
001f
001f
001f
001f
001f
001f
001f
001f
001f
001f
001f
001f
001f
001f
001f
001f
001f
001f
001f
001f
001f
001f
001f
001f
001f
001f
001f
001f
001f
001f
001f
001f
001f
001f
001f
001f
001f
001f
001f
001f
001f
001f
001f
001f
001f
001f
001f
001f
001f
001f
001f
001f
001f
001f
001f
001f
001f
001f
001f
001f
001f
001f
001f
001f
001f
001f
001f
001f
001f
001f
001f
001f
001f
001f
001f
001f
001f
001f
001f
001f
001f
001f
001f
001f
001f
001f
001f
001f
001f
001f
001f
001f
001f
001f
001f
001f
001f
001f
001f
001f
001f
001f
001f
001f
001f
001f
001f
001f
001f
001f
001f
001f
001f
001f
001f
001f
01dc
01db
01dd
01dc
09de
09dd
09df
09de
09d8
09d7
09d9
09d8
11da
11d9
11db
11da
11d4
11d3
11d5
11d4
19d6
19d5
19d7
19d6
19d0
19cf
19d1
19d0
21d2
21d1
21d3
21d2
21dc
21db
21dd
21dc
29de
29dd
29df
29de
29d8
29d7
29d9
29d8
31da
31d9
31db
31da
31d4
31d3
31d5
31d4
39d6
39d5
39d7
39d6
39d0
39cf
39d1
39d0
41d2
41d1
41d3
41d2
41dc
41db
41dd
41dc
41dc
49de
49dd
49df
49de
49d8
49d7
49d9
49d8
51da
51d9
51db
51da
51d4
51d3
51d5
51d4
59d6
59d5
59d7
59d6
59d0
59cf
59d1
59d0
61d2
61d1
61d3
61d2
61dc
61db
61dd
61dc
69de
69dd
69df
69de
69d8
69d7
69d9
69d8
71da
71d9
71db
71da
71d4
71d3
71d5
71d4
79d6
79d5
79d7
79d6
79d0
79cf
79d1
79d0
81d2
81d1
81d3
001f
001f
001f
001f
001f
001f
001f
001f
001f
001f
001f
001f
001f
001f
001f
001f
001f
001f
001f
001f
001f
001f
001f
001f
001f
001f
001f
001f
001f
001f
001f
001f
001f
001f
001f
001f
001f
001f
001f
001f
001f
001f
001f
001f
001f
001f
001f
001f
001f
001f
001f
001f
001f
001f
001f
001f
001f
001f
001f
001f
001f
001f
001f
001f
001f
001f
001f
001f
001f
001f
001f
001f
001f
001f
001f
001f
001f
001f
001f
001f
001f
001f
001f
001f
001f
001f
001f
001f
001f
001f
001f
001f
001f
001f
001f
001f
001f
001f
001f
001f
001f
001f
001f
001f
001f
001f
001f
001f
001f
001f
001f
001f
001f
001f
001f
001f
001f
001f
001f
001f
001f
001f
001f
001f
001f
001f
001f
001f
001f
001f
001f
001f
001f
001f
001f
001f
001f
001f
001f
001f
001f
001f
001f
001f
001f
001f
001f
001f
001f
001f
001f
001f
001f
001f
001f
001f
001f
001f
001f
001f
01fc
01fd
01fb
01fc
09fe
09ff
09fd
09fe
09f8
09f9
09f7
09f8
11fa
11fb
11f9
11fa
11f4
11f5
11f3
11f4
19f6
19f7
19f5
19f6
19f0
19f1
19ef
19f0
21f2
21f3
21f1
21f2
21fc
21fd
21fb
21fc
29fe
29ff
29fd
29fe
29f8
29f9
29f7
29f8
31fa
31fb
31f9
31fa
31f4
31f5
31f3
31f4
39f6
39f7
39f5
39f6
39f0
39f1
39ef
39f0
41f2
41f3
41f1
41f2
41fc
41fd
41fb
41fc
41fc
49fe
49ff
49fd
49fe
49f8
49f9
49f7
49f8
51fa
51fb
51f9
51fa
51f4
51f5
51f3
51f4
59f6
59f7
59f5
59f6
59f0
59f1
59ef
59f0
61f2
61f3
61f1
61f2
61fc
61fd
61fb
61fc
69fe
69ff
69fd
69fe
69f8
69f9
69f7
69f8
71fa
71fb
71f9
71fa
71f4
71f5
71f3
71f4
79f6
79f7
79f5
79f6
79f0
79f1
79ef
79f0
81f2
81f3
81f1
001f
001f
001f
001f
001f
001f
001f
001f
001f
001f
001f
001f
001f
001f
001f
001f
001f
001f
001f
001f
001f
001f
001f
001f
001f
001f
001f
001f
001f
001f
001f
001f
001f
001f
001f
001f
001f
001f
001f
001f
001f
001f
001f
001f
001f
001f
001f
001f
001f
001f
001f
001f
001f
001f
001f
001f
001f
001f
001f
001f
001f
001f
001f
001f
001f
001f
001f
001f
001f
001f
001f
001f
001f
001f
001f
001f
001f
001f
001f
001f
001f
001f
001f
001f
001f
001f
001f
001f
001f
001f
001f
001f
001f
001f
001f
001f
001f
001f
001f
001f
001f
001f
001f
001f
001f
001f
001f
001f
001f
001f
001f
001f
001f
001f
001f
001f
001f
001f
001f
001f
001f
001f
001f
001f
001f
001f
001f
001f
001f
001f
001f
001f
001f
001f
001f
001f
001f
001f
001f
001f
001f
001f
001f
001f
001f
001f
001f
001f
001f
001f
001f
001f
001f
001f
001f
001f
001f
001f
001f
001f
01fd
01fc
01fc
01fb
09ff
09fe
09fe
09fd
09f9
09f8
09f8
09f7
11fb
11fa
11fa
11f9
11f5
11f4
11f4
11f3
19f7
19f6
19f6
19f5
19f1
19f0
19f0
19ef
21f3
21f2
21f2
21f1
21fd
21fc
21fc
21fb
29ff
29fe
29fe
29fd
29f9
29f8
29f8
29f7
31fb
31fa
31fa
31f9
31f5
31f4
31f4
31f3
39f7
39f6
39f6
39f5
39f1
39f0
39f0
39ef
41f3
41f2
41f2
41f1
41fd
41fc
41fc
41fb
41fb
49ff
49fe
49fe
49fd
49f9
49f8
49f8
49f7
51fb
51fa
51fa
51f9
51f5
51f4
51f4
51f3
59f7
59f6
59f6
59f5
59f1
59f0
59f0
59ef
61f3
61f2
61f2
61f1
61fd
61fc
61fc
61fb
69ff
69fe
69fe
69fd
69f9
69f8
69f8
69f7
71fb
71fa
71fa
71f9
71f5
71f4
71f4
71f3
79f7
79f6
79f6
79f5
79f1
79f0
79f0
79ef
81f3
81f2
81f2
001f
001f
001f
001f
001f
001f
001f
001f
001f
001f
001f
001f
001f
001f
001f
001f
001f
001f
001f
001f
001f
001f
001f
001f
001f
001f
001f
001f
001f
001f
001f
001f
001f
001f
001f
001f
001f
001f
001f
001f
001f
001f
001f
001f
001f
001f
001f
001f
001f
001f
001f
001f
001f
001f
001f
001f
001f
001f
001f
001f
001f
001f
001f
001f
001f
001f
001f
001f
001f
001f
001f
001f
001f
001f
001f
001f
001f
001f
001f
001f
001f
001f
001f
001f
001f
001f
001f
001f
001f
001f
001f
001f
001f
001f
001f
001f
001f
001f
001f
001f
001f
001f
001f
001f
001f
001f
001f
001f
001f
001f
001f
001f
001f
001f
001f
001f
001f
001f
001f
001f
001f
001f
001f
001f
001f
001f
001f
001f
001f
001f
001f
001f
001f
001f
001f
001f
001f
001f
001f
001f
001f
001f
001f
001f
001f
001f
001f
001f
001f
001f
001f
001f
001f
001f
001f
001f
001f
001f
001f
001f
01fd
01fe
01fe
01ff
09fb
09fc
09fc
09fd
09f9
09fa
09fa
09fb
11f7
11f8
11f8
11f9
11f5
11f6
11f6
11f7
19f3
19f4
19f4
19f5
19f1
19f2
19f2
19f3
21ef
21f0
21f0
21f1
21fd
21fe
21fe
21ff
29fb
29fc
29fc
29fd
29f9
29fa
29fa
29fb
31f7
31f8
31f8
31f9
31f5
31f6
31f6
31f7
39f3
39f4
39f4
39f5
39f1
39f2
39f2
39f3
41ef
41f0
41f0
41f1
41fd
41fe
41fe
41ff
41ff
49fb
49fc
49fc
49fd
49f9
49fa
49fa
49fb
51f7
51f8
51f8
51f9
51f5
51f6
51f6
51f7
59f3
59f4
59f4
59f5
59f1
59f2
59f2
59f3
61ef
61f0
61f0
61f1
61fd
61fe
61fe
61ff
69fb
69fc
69fc
69fd
69f9
69fa
69fa
69fb
71f7
71f8
71f8
71f9
71f5
71f6
71f6
71f7
79f3
79f4
79f4
79f5
79f1
79f2
79f2
79f3
81ef
81f0
81f0
001f
001f
001f
001f
001f
001f
001f
001f
001f
001f
001f
001f
001f
001f
001f
001f
001f
001f
001f
001f
001f
001f
001f
001f
001f
001f
001f
001f
001f
001f
001f
001f
001f
001f
001f
001f
001f
001f
001f
001f
001f
001f
001f
001f
001f
001f
001f
001f
001f
001f
001f
001f
001f
001f
001f
001f
001f
001f
001f
001f
001f
001f
001f
001f
001f
001f
001f
001f
001f
001f
001f
001f
001f
001f
001f
001f
001f
001f
001f
001f
001f
001f
001f
001f
001f
001f
001f
001f
001f
001f
001f
001f
001f
001f
001f
001f
001f
001f
001f
001f
001f
001f
001f
001f
001f
001f
001f
001f
001f
001f
001f
001f
001f
001f
001f
001f
001f
001f
001f
001f
001f
001f
001f
001f
001f
001f
001f
001f
001f
001f
001f
001f
001f
001f
001f
001f
001f
001f
001f
001f
001f
001f
001f
001f
001f
001f
001f
001f
001f
001f
001f
001f
001f
001f
001f
001f
001f
001f
001f
001f
01fe
01fd
01ff
01fe
09fc
09fb
09fd
09fc
09fa
09f9
09fb
09fa
11f8
11f7
11f9
11f8
11f6
11f5
11f7
11f6
19f4
19f3
19f5
19f4
19f2
19f1
19f3
19f2
21f0
21ef
21f1
21f0
21fe
21fd
21ff
21fe
29fc
29fb
29fd
29fc
29fa
29f9
29fb
29fa
31f8
31f7
31f9
31f8
31f6
31f5
31f7
31f6
39f4
39f3
39f5
39f4
39f2
39f1
39f3
39f2
41f0
41ef
41f1
41f0
41fe
41fd
41ff
41fe
41fe
49fc
49fb
49fd
49fc
49fa
49f9
49fb
49fa
51f8
51f7
51f9
51f8
51f6
51f5
51f7
51f6
59f4
59f3
59f5
59f4
59f2
59f1
59f3
59f2
61f0
61ef
61f1
61f0
61fe
61fd
61ff
61fe
69fc
69fb
69fd
69fc
69fa
69f9
69fb
69fa
71f8
71f7
71f9
71f8
71f6
71f5
71f7
71f6
79f4
79f3
79f5
79f4
79f2
79f1
79f3
79f2
81f0
81ef
81f1
001f
001f
001f
001f
001f
001f
001f
001f
001f
001f
001f
001f
001f
001f
001f
001f
001f
001f
001f
001f
001f
001f
001f
001f
001f
001f
001f
001f
001f
001f
001f
001f
001f
001f
001f
001f
001f
001f
001f
001f
001f
001f
001f
001f
001f
001f
001f
001f
001f
001f
001f
001f
001f
001f
001f
001f
001f
001f
001f
001f
001f
001f
001f
001f
001f
001f
001f
001f
001f
001f
001f
001f
001f
001f
001f
001f
001f
001f
001f
001f
001f
001f
001f
001f
001f
001f
001f
001f
001f
001f
001f
001f
001f
001f
001f
001f
001f
001f
001f
001f
001f
001f
001f
001f
001f
001f
001f
001f
001f
001f
001f
001f
001f
001f
001f
001f
001f
001f
001f
001f
001f
001f
001f
001f
001f
001f
001f
001f
001f
001f
001f
001f
001f
001f
001f
001f
001f
001f
001f
001f
001f
001f
001f
001f
001f
001f
001f
001f
001f
001f
001f
001f
001f
001f
001f
001f
001f
001f
001f
001f
021e
021f
021d
021e
0a1c
0a1d
0a1b
0a1c
0a1a
0a1b
0a19
0a1a
1218
1219
1217
1218
1216
1217
1215
1216
1a14
1a15
1a13
1a14
1a12
1a13
1a11
1a12
2210
2211
220f
2210
221e
221f
221d
221e
2a1c
2a1d
2a1b
2a1c
2a1a
2a1b
2a19
2a1a
3218
3219
3217
3218
3216
3217
3215
3216
3a14
3a15
3a13
3a14
3a12
3a13
3a11
3a12
4210
4211
420f
4210
421e
421f
421d
421e
421e
4a1c
4a1d
4a1b
4a1c
4a1a
4a1b
4a19
4a1a
5218
5219
5217
5218
5216
5217
5215
5216
5a14
5a15
5a13
5a14
5a12
5a13
5a11
5a12
6210
6211
620f
6210
621e
621f
621d
621e
6a1c
6a1d
6a1b
6a1c
6a1a
6a1b
6a19
6a1a
7218
7219
7217
7218
7216
7217
7215
7216
7a14
7a15
7a13
7a14
7a12
7a13
7a11
7a12
8210
8211
820f
001f
001f
001f
001f
001f
001f
001f
001f
001f
001f
001f
001f
001f
001f
001f
001f
001f
001f
001f
001f
001f
001f
001f
001f
001f
001f
001f
001f
001f
001f
001f
001f
001f
001f
001f
001f
001f
001f
001f
001f
001f
001f
001f
001f
001f
001f
001f
001f
001f
001f
001f
001f
001f
001f
001f
001f
001f
001f
001f
001f
001f
001f
001f
001f
001f
001f
001f
001f
001f
001f
001f
001f
001f
001f
001f
001f
001f
001f
001f
001f
001f
001f
001f
001f
001f
001f
001f
001f
001f
001f
001f
001f
001f
001f
001f
001f
001f
001f
001f
001f
001f
001f
001f
001f
001f
001f
001f
001f
001f
001f
001f
001f
001f
001f
001f
001f
001f
001f
001f
001f
001f
001f
001f
001f
001f
001f
001f
001f
001f
001f
001f
001f
001f
001f
001f
001f
001f
001f
001f
001f
001f
001f
001f
001f
001f
001f
001f
001f
001f
001f
001f
001f
001f
001f
001f
001f
001f
001f
001f
001f
021f
021e
021e
021d
0a1d
0a1c
0a1c
0a1b
0a1b
0a1a
0a1a
0a19
1219
1218
1218
1217
1217
1216
1216
1215
1a15
1a14
1a14
1a13
1a13
1a12
1a12
1a11
2211
2210
2210
220f
221f
221e
221e
221d
2a1d
2a1c
2a1c
2a1b
2a1b
2a1a
2a1a
2a19
3219
3218
3218
3217
3217
3216
3216
3215
3a15
3a14
3a14
3a13
3a13
3a12
3a12
3a11
4211
4210
4210
420f
421f
421e
421e
421d
421d
4a1d
4a1c
4a1c
4a1b
4a1b
4a1a
4a1a
4a19
5219
5218
5218
5217
5217
5216
5216
5215
5a15
5a14
5a14
5a13
5a13
5a12
5a12
5a11
6211
6210
6210
620f
621f
621e
621e
621d
6a1d
6a1c
6a1c
6a1b
6a1b
6a1a
6a1a
6a19
7219
7218
7218
7217
7217
7216
7216
7215
7a15
7a14
7a14
7a13
7a13
7a12
7a12
7a11
8211
8210
8210
001f
001f
001f
001f
001f
001f
001f
001f
001f
001f
001f
001f
001f
001f
001f
001f
001f
001f
001f
001f
001f
001f
001f
001f
001f
001f
001f
001f
001f
001f
001f
001f
001f
001f
001f
001f
001f
001f
001f
001f
001f
001f
001f
001f
001f
001f
001f
001f
001f
001f
001f
001f
001f
001f
001f
001f
001f
001f
001f
001f
001f
001f
001f
001f
001f
001f
001f
001f
001f
001f
001f
001f
001f
001f
001f
001f
001f
001f
001f
001f
001f
001f
001f
001f
001f
001f
001f
001f
001f
001f
001f
001f
001f
001f
001f
001f
001f
001f
001f
001f
001f
001f
001f
001f
001f
001f
001f
001f
001f
001f
001f
001f
001f
001f
001f
001f
001f
001f
001f
001f
001f
001f
001f
001f
001f
001f
001f
001f
001f
001f
001f
001f
001f
001f
001f
001f
001f
001f
001f
001f
001f
001f
001f
001f
001f
001f
001f
001f
001f
001f
001f
001f
001f
001f
001f
001f
001f
001f
001f
001f
020f
0210
0210
0211
0a11
0a12
0a12
0a13
0a13
0a14
0a14
0a15
1215
1216
1216
1217
1217
1218
1218
1219
1a19
1a1a
1a1a
1a1b
1a1b
1a1c
1a1c
1a1d
221d
221e
221e
221f
220f
2210
2210
2211
2a11
2a12
2a12
2a13
2a13
2a14
2a14
2a15
3215
3216
3216
3217
3217
3218
3218
3219
3a19
3a1a
3a1a
3a1b
3a1b
3a1c
3a1c
3a1d
421d
421e
421e
421f
420f
4210
4210
4211
4211
4a11
4a12
4a12
4a13
4a13
4a14
4a14
4a15
5215
5216
5216
5217
5217
5218
5218
5219
5a19
5a1a
5a1a
5a1b
5a1b
5a1c
5a1c
5a1d
621d
621e
621e
621f
620f
6210
6210
6211
6a11
6a12
6a12
6a13
6a13
6a14
6a14
6a15
7215
7216
7216
7217
7217
7218
7218
7219
7a19
7a1a
7a1a
7a1b
7a1b
7a1c
7a1c
7a1d
821d
821e
821e
001f
001f
001f
001f
001f
001f
001f
001f
001f
001f
001f
001f
001f
001f
001f
001f
001f
001f
001f
001f
001f
001f
001f
001f
001f
001f
001f
001f
001f
001f
001f
001f
001f
001f
001f
001f
001f
001f
001f
001f
001f
001f
001f
001f
001f
001f
001f
001f
001f
001f
001f
001f
001f
001f
001f
001f
001f
001f
001f
001f
001f
001f
001f
001f
001f
001f
001f
001f
001f
001f
001f
001f
001f
001f
001f
001f
001f
001f
001f
001f
001f
001f
001f
001f
001f
001f
001f
001f
001f
001f
001f
001f
001f
001f
001f
001f
001f
001f
001f
001f
001f
001f
001f
001f
001f
001f
001f
001f
001f
001f
001f
001f
001f
001f
001f
001f
001f
001f
001f
001f
001f
001f
001f
001f
001f
001f
001f
001f
001f
001f
001f
001f
001f
001f
001f
001f
001f
001f
001f
001f
001f
001f
001f
001f
001f
001f
001f
001f
001f
001f
001f
001f
001f
001f
001f
001f
001f
001f
001f
001f
0210
020f
0211
0210
0a12
0a11
0a13
0a12
0a14
0a13
0a15
0a14
1216
1215
1217
1216
1218
1217
1219
1218
1a1a
1a19
1a1b
1a1a
1a1c
1a1b
1a1d
1a1c
221e
221d
221f
221e
2210
220f
2211
2210
2a12
2a11
2a13
2a12
2a14
2a13
2a15
2a14
3216
3215
3217
3216
3218
3217
3219
3218
3a1a
3a19
3a1b
3a1a
3a1c
3a1b
3a1d
3a1c
421e
421d
421f
421e
4210
420f
4211
4210
4210
4a12
4a11
4a13
4a12
4a14
4a13
4a15
4a14
5216
5215
5217
5216
5218
5217
5219
5218
5a1a
5a19
5a1b
5a1a
5a1c
5a1b
5a1d
5a1c
621e
621d
621f
621e
6210
620f
6211
6210
6a12
6a11
6a13
6a12
6a14
6a13
6a15
6a14
7216
7215
7217
7216
7218
7217
7219
7218
7a1a
7a19
7a1b
7a1a
7a1c
7a1b
7a1d
7a1c
821e
821d
821f
001f
001f
001f
001f
001f
001f
001f
001f
001f
001f
001f
001f
001f
001f
001f
001f
001f
001f
001f
001f
001f
001f
001f
001f
001f
001f
001f
001f
001f
001f
001f
001f
001f
001f
001f
001f
001f
001f
001f
001f
001f
001f
001f
001f
001f
001f
001f
001f
001f
001f
001f
001f
001f
001f
001f
001f
001f
001f
001f
001f
001f
001f
001f
001f
001f
001f
001f
001f
001f
001f
001f
001f
001f
001f
001f
001f
001f
001f
001f
001f
001f
001f
001f
001f
001f
001f
001f
001f
001f
001f
001f
001f
001f
001f
001f
001f
001f
001f
001f
001f
001f
001f
001f
001f
001f
001f
001f
001f
001f
001f
001f
001f
001f
001f
001f
001f
001f
001f
001f
001f
001f
001f
001f
001f
001f
001f
001f
001f
001f
001f
001f
001f
001f
001f
001f
001f
001f
001f
001f
001f
001f
001f
001f
001f
001f
001f
001f
001f
001f
001f
001f
001f
001f
001f
001f
001f
001f
001f
001f
001f
0230
0231
022f
0230
0a32
0a33
0a31
0a32
0a34
0a35
0a33
0a34
1236
1237
1235
1236
1238
1239
1237
1238
1a3a
1a3b
1a39
1a3a
1a3c
1a3d
1a3b
1a3c
223e
223f
223d
223e
2230
2231
222f
2230
2a32
2a33
2a31
2a32
2a34
2a35
2a33
2a34
3236
3237
3235
3236
3238
3239
3237
3238
3a3a
3a3b
3a39
3a3a
3a3c
3a3d
3a3b
3a3c
423e
423f
423d
423e
4230
4231
422f
4230
4230
4a32
4a33
4a31
4a32
4a34
4a35
4a33
4a34
5236
5237
5235
5236
5238
5239
5237
5238
5a3a
5a3b
5a39
5a3a
5a3c
5a3d
5a3b
5a3c
623e
623f
623d
623e
6230
6231
622f
6230
6a32
6a33
6a31
6a32
6a34
6a35
6a33
6a34
7236
7237
7235
7236
7238
7239
7237
7238
7a3a
7a3b
7a39
7a3a
7a3c
7a3d
7a3b
7a3c
823e
823f
823d
001f
001f
001f
001f
001f
001f
001f
001f
001f
001f
001f
001f
001f
001f
001f
001f
001f
001f
001f
001f
001f
001f
001f
001f
001f
001f
001f
001f
001f
001f
001f
001f
001f
001f
001f
001f
001f
001f
001f
001f
001f
001f
001f
001f
001f
001f
001f
001f
001f
001f
001f
001f
001f
001f
001f
001f
001f
001f
001f
001f
001f
001f
001f
001f
001f
001f
001f
001f
001f
001f
001f
001f
001f
001f
001f
001f
001f
001f
001f
001f
001f
001f
001f
001f
001f
001f
001f
001f
001f
001f
001f
001f
001f
001f
001f
001f
001f
001f
001f
001f
001f
001f
001f
001f
001f
001f
001f
001f
001f
001f
001f
001f
001f
001f
001f
001f
001f
001f
001f
001f
001f
001f
001f
001f
001f
001f
001f
001f
001f
001f
001f
001f
001f
001f
001f
001f
001f
001f
001f
001f
001f
001f
001f
001f
001f
001f
001f
001f
001f
001f
001f
001f
001f
001f
001f
001f
001f
001f
001f
001f
0231
0230
0230
022f
0a33
0a32
0a32
0a31
0a35
0a34
0a34
0a33
1237
1236
1236
1235
1239
1238
1238
1237
1a3b
1a3a
1a3a
1a39
1a3d
1a3c
1a3c
1a3b
223f
223e
223e
223d
2231
2230
2230
222f
2a33
2a32
2a32
2a31
2a35
2a34
2a34
2a33
3237
3236
3236
3235
3239
3238
3238
3237
3a3b
3a3a
3a3a
3a39
3a3d
3a3c
3a3c
3a3b
423f
423e
423e
423d
4231
4230
4230
422f
422f
4a33
4a32
4a32
4a31
4a35
4a34
4a34
4a33
5237
5236
5236
5235
5239
5238
5238
5237
5a3b
5a3a
5a3a
5a39
5a3d
5a3c
5a3c
5a3b
623f
623e
623e
623d
6231
6230
6230
622f
6a33
6a32
6a32
6a31
6a35
6a34
6a34
6a33
7237
7236
7236
7235
7239
7238
7238
7237
7a3b
7a3a
7a3a
7a39
7a3d
7a3c
7a3c
7a3b
823f
823e
823e
001f
001f
001f
001f
001f
001f
001f
001f
001f
001f
001f
001f
001f
001f
001f
001f
001f
001f
001f
001f
001f
001f
001f
001f
001f
001f
001f
001f
001f
001f
001f
001f
001f
001f
001f
001f
001f
001f
001f
001f
001f
001f
001f
001f
001f
001f
001f
001f
001f
001f
001f
001f
001f
001f
001f
001f
001f
001f
001f
001f
001f
001f
001f
001f
001f
001f
001f
001f
001f
001f
001f
001f
001f
001f
001f
001f
001f
001f
001f
001f
001f
001f
001f
001f
001f
001f
001f
001f
001f
001f
001f
001f
001f
001f
001f
001f
001f
001f
001f
001f
001f
001f
001f
001f
001f
001f
001f
001f
001f
001f
001f
001f
001f
001f
001f
001f
001f
001f
001f
001f
001f
001f
001f
001f
001f
001f
001f
001f
001f
001f
001f
001f
001f
001f
001f
001f
001f
001f
001f
001f
001f
001f
001f
001f
001f
001f
001f
001f
001f
001f
001f
001f
001f
001f
001f
001f
001f
001f
001f
001f
0231
0230
0230
022f
0a33
0a32
0a32
0a31
0a35
0a34
0a34
0a33
1237
1236
1236
1235
1239
1238
1238
1237
1a3b
1a3a
1a3a
1a39
1a3d
1a3c
1a3c
1a3b
223f
223e
223e
223d
2231
2230
2230
222f
2a33
2a32
2a32
2a31
2a35
2a34
2a34
2a33
3237
3236
3236
3235
3239
3238
3238
3237
3a3b
3a3a
3a3a
3a39
3a3d
3a3c
3a3c
3a3b
423f
423e
423e
423d
4231
4230
4230
422f
422f
4a33
4a32
4a32
4a31
4a35
4a34
4a34
4a33
5237
5236
5236
5235
5239
5238
5238
5237
5a3b
5a3a
5a3a
5a39
5a3d
5a3c
5a3c
5a3b
623f
623e
623e
623d
6231
6230
6230
622f
6a33
6a32
6a32
6a31
6a35
6a34
6a34
6a33
7237
7236
7236
7235
7239
7238
7238
7237
7a3b
7a3a
7a3a
7a39
7a3d
7a3c
7a3c
7a3b
823f
823e
823e
001f
001f
001f
001f
001f
001f
001f
001f
001f
001f
001f
001f
001f
001f
001f
001f
001f
001f
001f
001f
001f
001f
001f
001f
001f
001f
001f
001f
001f
001f
001f
001f
001f
001f
001f
001f
001f
001f
001f
001f
001f
001f
001f
001f
001f
001f
001f
001f
001f
001f
001f
001f
001f
001f
001f
001f
001f
001f
001f
001f
001f
001f
001f
001f
001f
001f
001f
001f
001f
001f
001f
001f
001f
001f
001f
001f
001f
001f
001f
001f
001f
001f
001f
001f
001f
001f
001f
001f
001f
001f
001f
001f
001f
001f
001f
001f
001f
001f
001f
001f
001f
001f
001f
001f
001f
001f
001f
001f
001f
001f
001f
001f
001f
001f
001f
001f
001f
001f
001f
001f
001f
001f
001f
001f
001f
001f
001f
001f
001f
001f
001f
001f
001f
001f
001f
001f
001f
001f
001f
001f
001f
001f
001f
001f
001f
001f
001f
001f
001f
001f
001f
001f
001f
001f
001f
001f
001f
001f
001f
001f
0231
0232
0232
0233
0a2f
0a30
0a30
0a31
0a35
0a36
0a36
0a37
1233
1234
1234
1235
1239
123a
123a
123b
1a37
1a38
1a38
1a39
1a3d
1a3e
1a3e
1a3f
223b
223c
223c
223d
2231
2232
2232
2233
2a2f
2a30
2a30
2a31
2a35
2a36
2a36
2a37
3233
3234
3234
3235
3239
323a
323a
323b
3a37
3a38
3a38
3a39
3a3d
3a3e
3a3e
3a3f
423b
423c
423c
423d
4231
4232
4232
4233
4233
4a2f
4a30
4a30
4a31
4a35
4a36
4a36
4a37
5233
5234
5234
5235
5239
523a
523a
523b
5a37
5a38
5a38
5a39
5a3d
5a3e
5a3e
5a3f
623b
623c
623c
623d
6231
6232
6232
6233
6a2f
6a30
6a30
6a31
6a35
6a36
6a36
6a37
7233
7234
7234
7235
7239
723a
723a
723b
7a37
7a38
7a38
7a39
7a3d
7a3e
7a3e
7a3f
823b
823c
823c
001f
001f
001f
001f
001f
001f
001f
001f
001f
001f
001f
001f
001f
001f
001f
001f
001f
001f
001f
001f
001f
001f
001f
001f
001f
001f
001f
001f
001f
001f
001f
001f
001f
001f
001f
001f
001f
001f
001f
001f
001f
001f
001f
001f
001f
001f
001f
001f
001f
001f
001f
001f
001f
001f
001f
001f
001f
001f
001f
001f
001f
001f
001f
001f
001f
001f
001f
001f
001f
001f
001f
001f
001f
001f
001f
001f
001f
001f
001f
001f
001f
001f
001f
001f
001f
001f
001f
001f
001f
001f
001f
001f
001f
001f
001f
001f
001f
001f
001f
001f
001f
001f
001f
001f
001f
001f
001f
001f
001f
001f
001f
001f
001f
001f
001f
001f
001f
001f
001f
001f
001f
001f
001f
001f
001f
001f
001f
001f
001f
001f
001f
001f
001f
001f
001f
001f
001f
001f
001f
001f
001f
001f
001f
001f
001f
001f
001f
001f
001f
001f
001f
001f
001f
001f
001f
001f
001f
001f
001f
001f
0232
0231
0233
0232
0a30
0a2f
0a31
0a30
0a36
0a35
0a37
0a36
1234
1233
1235
1234
123a
1239
123b
123a
1a38
1a37
1a39
1a38
1a3e
1a3d
1a3f
1a3e
223c
223b
223d
223c
2232
2231
2233
2232
2a30
2a2f
2a31
2a30
2a36
2a35
2a37
2a36
3234
3233
3235
3234
323a
3239
323b
323a
3a38
3a37
3a39
3a38
3a3e
3a3d
3a3f
3a3e
423c
423b
423d
423c
4232
4231
4233
4232
4232
4a30
4a2f
4a31
4a30
4a36
4a35
4a37
4a36
5234
5233
5235
5234
523a
5239
523b
523a
5a38
5a37
5a39
5a38
5a3e
5a3d
5a3f
5a3e
623c
623b
623d
623c
6232
6231
6233
6232
6a30
6a2f
6a31
6a30
6a36
6a35
6a37
6a36
7234
7233
7235
7234
723a
7239
723b
723a
7a38
7a37
7a39
7a38
7a3e
7a3d
7a3f
7a3e
823c
823b
823d
001f
001f
001f
001f
001f
001f
001f
001f
001f
001f
001f
001f
001f
001f
001f
001f
001f
001f
001f
001f
001f
001f
001f
001f
001f
001f
001f
001f
001f
001f
001f
001f
001f
001f
001f
001f
001f
001f
001f
001f
001f
001f
001f
001f
001f
001f
001f
001f
001f
001f
001f
001f
001f
001f
001f
001f
001f
001f
001f
001f
001f
001f
001f
001f
001f
001f
001f
001f
001f
001f
001f
001f
001f
001f
001f
001f
001f
001f
001f
001f
001f
001f
001f
001f
001f
001f
001f
001f
001f
001f
001f
001f
001f
001f
001f
001f
001f
001f
001f
001f
001f
001f
001f
001f
001f
001f
001f
001f
001f
001f
001f
001f
001f
001f
001f
001f
001f
001f
001f
001f
001f
001f
001f
001f
001f
001f
001f
001f
001f
001f
001f
001f
001f
001f
001f
001f
001f
001f
001f
001f
001f
001f
001f
001f
001f
001f
001f
001f
001f
001f
001f
001f
001f
001f
001f
001f
001f
001f
001f
001f
0252
0253
0251
0252
0a50
0a51
0a4f
0a50
0a56
0a57
0a55
0a56
1254
1255
1253
1254
125a
125b
1259
125a
1a58
1a59
1a57
1a58
1a5e
1a5f
1a5d
1a5e
225c
225d
225b
225c
2252
2253
2251
2252
2a50
2a51
2a4f
2a50
2a56
2a57
2a55
2a56
3254
3255
3253
3254
325a
325b
3259
325a
3a58
3a59
3a57
3a58
3a5e
3a5f
3a5d
3a5e
425c
425d
425b
425c
4252
4253
4251
4252
4252
4a50
4a51
4a4f
4a50
4a56
4a57
4a55
4a56
5254
5255
5253
5254
525a
525b
5259
525a
5a58
5a59
5a57
5a58
5a5e
5a5f
5a5d
5a5e
625c
625d
625b
625c
6252
6253
6251
6252
6a50
6a51
6a4f
6a50
6a56
6a57
6a55
6a56
7254
7255
7253
7254
725a
725b
7259
725a
7a58
7a59
7a57
7a58
7a5e
7a5f
7a5d
7a5e
825c
825d
825b
001f
001f
001f
001f
001f
001f
001f
001f
001f
001f
001f
001f
001f
001f
001f
001f
001f
001f
001f
001f
001f
001f
001f
001f
001f
001f
001f
001f
001f
001f
001f
001f
001f
001f
001f
001f
001f
001f
001f
001f
001f
001f
001f
001f
001f
001f
001f
001f
001f
001f
001f
001f
001f
001f
001f
001f
001f
001f
001f
001f
001f
001f
001f
001f
001f
001f
001f
001f
001f
001f
001f
001f
001f
001f
001f
001f
001f
001f
001f
001f
001f
001f
001f
001f
001f
001f
001f
001f
001f
001f
001f
001f
001f
001f
001f
001f
001f
001f
001f
001f
001f
001f
001f
001f
001f
001f
001f
001f
001f
001f
001f
001f
001f
001f
001f
001f
001f
001f
001f
001f
001f
001f
001f
001f
001f
001f
001f
001f
001f
001f
001f
001f
001f
001f
001f
001f
001f
001f
001f
001f
001f
001f
001f
001f
001f
001f
001f
001f
001f
001f
001f
001f
001f
001f
001f
001f
001f
001f
001f
001f
0253
0252
0252
0251
0a51
0a50
0a50
0a4f
0a57
0a56
0a56
0a55
1255
1254
1254
1253
125b
125a
125a
1259
1a59
1a58
1a58
1a57
1a5f
1a5e
1a5e
1a5d
225d
225c
225c
225b
2253
2252
2252
2251
2a51
2a50
2a50
2a4f
2a57
2a56
2a56
2a55
3255
3254
3254
3253
325b
325a
325a
3259
3a59
3a58
3a58
3a57
3a5f
3a5e
3a5e
3a5d
425d
425c
425c
425b
4253
4252
4252
4251
4251
4a51
4a50
4a50
4a4f
4a57
4a56
4a56
4a55
5255
5254
5254
5253
525b
525a
525a
5259
5a59
5a58
5a58
5a57
5a5f
5a5e
5a5e
5a5d
625d
625c
625c
625b
6253
6252
6252
6251
6a51
6a50
6a50
6a4f
6a57
6a56
6a56
6a55
7255
7254
7254
7253
725b
725a
725a
7259
7a59
7a58
7a58
7a57
7a5f
7a5e
7a5e
7a5d
825d
825c
825c
001f
001f
001f
001f
001f
001f
001f
001f
001f
001f
001f
001f
001f
001f
001f
001f
001f
001f
001f
001f
001f
001f
001f
001f
001f
001f
001f
001f
001f
001f
001f
001f
001f
001f
001f
001f
001f
001f
001f
001f
001f
001f
001f
001f
001f
001f
001f
001f
001f
001f
001f
001f
001f
001f
001f
001f
001f
001f
001f
001f
001f
001f
001f
001f
001f
001f
001f
001f
001f
001f
001f
001f
001f
001f
001f
001f
001f
001f
001f
001f
001f
001f
001f
001f
001f
001f
001f
001f
001f
001f
001f
001f
001f
001f
001f
001f
001f
001f
001f
001f
001f
001f
001f
001f
001f
001f
001f
001f
001f
001f
001f
001f
001f
001f
001f
001f
001f
001f
001f
001f
001f
001f
001f
001f
001f
001f
001f
001f
001f
001f
001f
001f
001f
001f
001f
001f
001f
001f
001f
001f
001f
001f
001f
001f
001f
001f
001f
001f
001f
001f
001f
001f
001f
001f
001f
001f
001f
001f
001f
001f
0253
0254
0254
0255
0a55
0a56
0a56
0a57
0a4f
0a50
0a50
0a51
1251
1252
1252
1253
125b
125c
125c
125d
1a5d
1a5e
1a5e
1a5f
1a57
1a58
1a58
1a59
2259
225a
225a
225b
2253
2254
2254
2255
2a55
2a56
2a56
2a57
2a4f
2a50
2a50
2a51
3251
3252
3252
3253
325b
325c
325c
325d
3a5d
3a5e
3a5e
3a5f
3a57
3a58
3a58
3a59
4259
425a
425a
425b
4253
4254
4254
4255
4255
4a55
4a56
4a56
4a57
4a4f
4a50
4a50
4a51
5251
5252
5252
5253
525b
525c
525c
525d
5a5d
5a5e
5a5e
5a5f
5a57
5a58
5a58
5a59
6259
625a
625a
625b
6253
6254
6254
6255
6a55
6a56
6a56
6a57
6a4f
6a50
6a50
6a51
7251
7252
7252
7253
725b
725c
725c
725d
7a5d
7a5e
7a5e
7a5f
7a57
7a58
7a58
7a59
8259
825a
825a
001f
001f
001f
001f
001f
001f
001f
001f
001f
001f
001f
001f
001f
001f
001f
001f
001f
001f
001f
001f
001f
001f
001f
001f
001f
001f
001f
001f
001f
001f
001f
001f
001f
001f
001f
001f
001f
001f
001f
001f
001f
001f
001f
001f
001f
001f
001f
001f
001f
001f
001f
001f
001f
001f
001f
001f
001f
001f
001f
001f
001f
001f
001f
001f
001f
001f
001f
001f
001f
001f
001f
001f
001f
001f
001f
001f
001f
001f
001f
001f
001f
001f
001f
001f
001f
001f
001f
001f
001f
001f
001f
001f
001f
001f
001f
001f
001f
001f
001f
001f
001f
001f
001f
001f
001f
001f
001f
001f
001f
001f
001f
001f
001f
001f
001f
001f
001f
001f
001f
001f
001f
001f
001f
001f
001f
001f
001f
001f
001f
001f
001f
001f
001f
001f
001f
001f
001f
001f
001f
001f
001f
001f
001f
001f
001f
001f
001f
001f
001f
001f
001f
001f
001f
001f
001f
001f
001f
001f
001f
001f
0254
0253
0255
0254
0a56
0a55
0a57
0a56
0a50
0a4f
0a51
0a50
1252
1251
1253
1252
125c
125b
125d
125c
1a5e
1a5d
1a5f
1a5e
1a58
1a57
1a59
1a58
225a
2259
225b
225a
2254
2253
2255
2254
2a56
2a55
2a57
2a56
2a50
2a4f
2a51
2a50
3252
3251
3253
3252
325c
325b
325d
325c
3a5e
3a5d
3a5f
3a5e
3a58
3a57
3a59
3a58
425a
4259
425b
425a
4254
4253
4255
4254
4254
4a56
4a55
4a57
4a56
4a50
4a4f
4a51
4a50
5252
5251
5253
5252
525c
525b
525d
525c
5a5e
5a5d
5a5f
5a5e
5a58
5a57
5a59
5a58
625a
6259
625b
625a
6254
6253
6255
6254
6a56
6a55
6a57
6a56
6a50
6a4f
6a51
6a50
7252
7251
7253
7252
725c
725b
725d
725c
7a5e
7a5d
7a5f
7a5e
7a58
7a57
7a59
7a58
825a
8259
825b
001f
001f
001f
001f
001f
001f
001f
001f
001f
001f
001f
001f
001f
001f
001f
001f
001f
001f
001f
001f
001f
001f
001f
001f
001f
001f
001f
001f
001f
001f
001f
001f
001f
001f
001f
001f
001f
001f
001f
001f
001f
001f
001f
001f
001f
001f
001f
001f
001f
001f
001f
001f
001f
001f
001f
001f
001f
001f
001f
001f
001f
001f
001f
001f
001f
001f
001f
001f
001f
001f
001f
001f
001f
001f
001f
001f
001f
001f
001f
001f
001f
001f
001f
001f
001f
001f
001f
001f
001f
001f
001f
001f
001f
001f
001f
001f
001f
001f
001f
001f
001f
001f
001f
001f
001f
001f
001f
001f
001f
001f
001f
001f
001f
001f
001f
001f
001f
001f
001f
001f
001f
001f
001f
001f
001f
001f
001f
001f
001f
001f
001f
001f
001f
001f
001f
001f
001f
001f
001f
001f
001f
001f
001f
001f
001f
001f
001f
001f
001f
001f
001f
001f
001f
001f
001f
001f
001f
001f
001f
001f
0274
0275
0273
0274
0a76
0a77
0a75
0a76
0a70
0a71
0a6f
0a70
1272
1273
1271
1272
127c
127d
127b
127c
1a7e
1a7f
1a7d
1a7e
1a78
1a79
1a77
1a78
227a
227b
2279
227a
2274
2275
2273
2274
2a76
2a77
2a75
2a76
2a70
2a71
2a6f
2a70
3272
3273
3271
3272
327c
327d
327b
327c
3a7e
3a7f
3a7d
3a7e
3a78
3a79
3a77
3a78
427a
427b
4279
427a
4274
4275
4273
4274
4274
4a76
4a77
4a75
4a76
4a70
4a71
4a6f
4a70
5272
5273
5271
5272
527c
527d
527b
527c
5a7e
5a7f
5a7d
5a7e
5a78
5a79
5a77
5a78
627a
627b
6279
627a
6274
6275
6273
6274
6a76
6a77
6a75
6a76
6a70
6a71
6a6f
6a70
7272
7273
7271
7272
727c
727d
727b
727c
7a7e
7a7f
7a7d
7a7e
7a78
7a79
7a77
7a78
827a
827b
8279
001f
001f
001f
001f
001f
001f
001f
001f
001f
001f
001f
001f
001f
001f
001f
001f
001f
001f
001f
001f
001f
001f
001f
001f
001f
001f
001f
001f
001f
001f
001f
001f
001f
001f
001f
001f
001f
001f
001f
001f
001f
001f
001f
001f
001f
001f
001f
001f
001f
001f
001f
001f
001f
001f
001f
001f
001f
001f
001f
001f
001f
001f
001f
001f
001f
001f
001f
001f
001f
001f
001f
001f
001f
001f
001f
001f
001f
001f
001f
001f
001f
001f
001f
001f
001f
001f
001f
001f
001f
001f
001f
001f
001f
001f
001f
001f
001f
001f
001f
001f
001f
001f
001f
001f
001f
001f
001f
001f
001f
001f
001f
001f
001f
001f
001f
001f
001f
001f
001f
001f
001f
001f
001f
001f
001f
001f
001f
001f
001f
001f
001f
001f
001f
001f
001f
001f
001f
001f
001f
001f
001f
001f
001f
001f
001f
001f
001f
001f
001f
001f
001f
001f
001f
001f
001f
001f
001f
001f
001f
001f
0275
0274
0274
0273
0a77
0a76
0a76
0a75
0a71
0a70
0a70
0a6f
1273
1272
1272
1271
127d
127c
127c
127b
1a7f
1a7e
1a7e
1a7d
1a79
1a78
1a78
1a77
227b
227a
227a
2279
2275
2274
2274
2273
2a77
2a76
2a76
2a75
2a71
2a70
2a70
2a6f
3273
3272
3272
3271
327d
327c
327c
327b
3a7f
3a7e
3a7e
3a7d
3a79
3a78
3a78
3a77
427b
427a
427a
4279
4275
4274
4274
4273
4273
4a77
4a76
4a76
4a75
4a71
4a70
4a70
4a6f
5273
5272
5272
5271
527d
527c
527c
527b
5a7f
5a7e
5a7e
5a7d
5a79
5a78
5a78
5a77
627b
627a
627a
6279
6275
6274
6274
6273
6a77
6a76
6a76
6a75
6a71
6a70
6a70
6a6f
7273
7272
7272
7271
727d
727c
727c
727b
7a7f
7a7e
7a7e
7a7d
7a79
7a78
7a78
7a77
827b
827a
827a
001f
001f
001f
001f
001f
001f
001f
001f
001f
001f
001f
001f
001f
001f
001f
001f
001f
001f
001f
001f
001f
001f
001f
001f
001f
001f
001f
001f
001f
001f
001f
001f
001f
001f
001f
001f
001f
001f
001f
001f
001f
001f
001f
001f
001f
001f
001f
001f
001f
001f
001f
001f
001f
001f
001f
001f
001f
001f
001f
001f
001f
001f
001f
001f
001f
001f
001f
001f
001f
001f
001f
001f
001f
001f
001f
001f
001f
001f
001f
001f
001f
001f
001f
001f
001f
001f
001f
001f
001f
001f
001f
001f
001f
001f
001f
001f
001f
001f
001f
001f
001f
001f
001f
001f
001f
001f
001f
001f
001f
001f
001f
001f
001f
001f
001f
001f
001f
001f
001f
001f
001f
001f
001f
001f
001f
001f
001f
001f
001f
001f
001f
001f
001f
001f
001f
001f
001f
001f
001f
001f
001f
001f
001f
001f
001f
001f
001f
001f
001f
001f
001f
001f
001f
001f
001f
001f
001f
001f
001f
001f
0275
0276
0276
0277
0a73
0a74
0a74
0a75
0a71
0a72
0a72
0a73
126f
1270
1270
1271
127d
127e
127e
127f
1a7b
1a7c
1a7c
1a7d
1a79
1a7a
1a7a
1a7b
2277
2278
2278
2279
2275
2276
2276
2277
2a73
2a74
2a74
2a75
2a71
2a72
2a72
2a73
326f
3270
3270
3271
327d
327e
327e
327f
3a7b
3a7c
3a7c
3a7d
3a79
3a7a
3a7a
3a7b
4277
4278
4278
4279
4275
4276
4276
4277
4277
4a73
4a74
4a74
4a75
4a71
4a72
4a72
4a73
526f
5270
5270
5271
527d
527e
527e
527f
5a7b
5a7c
5a7c
5a7d
5a79
5a7a
5a7a
5a7b
6277
6278
6278
6279
6275
6276
6276
6277
6a73
6a74
6a74
6a75
6a71
6a72
6a72
6a73
726f
7270
7270
7271
727d
727e
727e
727f
7a7b
7a7c
7a7c
7a7d
7a79
7a7a
7a7a
7a7b
8277
8278
8278
001f
001f
001f
001f
001f
001f
001f
001f
001f
001f
001f
001f
001f
001f
001f
001f
001f
001f
001f
001f
001f
001f
001f
001f
001f
001f
001f
001f
001f
001f
001f
001f
001f
001f
001f
001f
001f
001f
001f
001f
001f
001f
001f
001f
001f
001f
001f
001f
001f
001f
001f
001f
001f
001f
001f
001f
001f
001f
001f
001f
001f
001f
001f
001f
001f
001f
001f
001f
001f
001f
001f
001f
001f
001f
001f
001f
001f
001f
001f
001f
001f
001f
001f
001f
001f
001f
001f
001f
001f
001f
001f
001f
001f
001f
001f
001f
001f
001f
001f
001f
001f
001f
001f
001f
001f
001f
001f
001f
001f
001f
001f
001f
001f
001f
001f
001f
001f
001f
001f
001f
001f
001f
001f
001f
001f
001f
001f
001f
001f
001f
001f
001f
001f
001f
001f
001f
001f
001f
001f
001f
001f
001f
001f
001f
001f
001f
001f
001f
001f
001f
001f
001f
001f
001f
001f
001f
001f
001f
001f
001f
0276
0275
0277
0276
0a74
0a73
0a75
0a74
0a72
0a71
0a73
0a72
1270
126f
1271
1270
127e
127d
127f
127e
1a7c
1a7b
1a7d
1a7c
1a7a
1a79
1a7b
1a7a
2278
2277
2279
2278
2276
2275
2277
2276
2a74
2a73
2a75
2a74
2a72
2a71
2a73
2a72
3270
326f
3271
3270
327e
327d
327f
327e
3a7c
3a7b
3a7d
3a7c
3a7a
3a79
3a7b
3a7a
4278
4277
4279
4278
4276
4275
4277
4276
4276
4a74
4a73
4a75
4a74
4a72
4a71
4a73
4a72
5270
526f
5271
5270
527e
527d
527f
527e
5a7c
5a7b
5a7d
5a7c
5a7a
5a79
5a7b
5a7a
6278
6277
6279
6278
6276
6275
6277
6276
6a74
6a73
6a75
6a74
6a72
6a71
6a73
6a72
7270
726f
7271
7270
727e
727d
727f
727e
7a7c
7a7b
7a7d
7a7c
7a7a
7a79
7a7b
7a7a
8278
8277
8279
001f
001f
001f
001f
001f
001f
001f
001f
001f
001f
001f
001f
001f
001f
001f
001f
001f
001f
001f
001f
001f
001f
001f
001f
001f
001f
001f
001f
001f
001f
001f
001f
001f
001f
001f
001f
001f
001f
001f
001f
001f
001f
001f
001f
001f
001f
001f
001f
001f
001f
001f
001f
001f
001f
001f
001f
001f
001f
001f
001f
001f
001f
001f
001f
001f
001f
001f
001f
001f
001f
001f
001f
001f
001f
001f
001f
001f
001f
001f
001f
001f
001f
001f
001f
001f
001f
001f
001f
001f
001f
001f
001f
001f
001f
001f
001f
001f
001f
001f
001f
001f
001f
001f
001f
001f
001f
001f
001f
001f
001f
001f
001f
001f
001f
001f
001f
001f
001f
001f
001f
001f
001f
001f
001f
001f
001f
001f
001f
001f
001f
001f
001f
001f
001f
001f
001f
001f
001f
001f
001f
001f
001f
001f
001f
001f
001f
001f
001f
001f
001f
001f
001f
001f
001f
001f
001f
001f
001f
001f
001f
0296
0297
0295
0296
0a94
0a95
0a93
0a94
0a92
0a93
0a91
0a92
1290
1291
128f
1290
129e
129f
129d
129e
1a9c
1a9d
1a9b
1a9c
1a9a
1a9b
1a99
1a9a
2298
2299
2297
2298
2296
2297
2295
2296
2a94
2a95
2a93
2a94
2a92
2a93
2a91
2a92
3290
3291
328f
3290
329e
329f
329d
329e
3a9c
3a9d
3a9b
3a9c
3a9a
3a9b
3a99
3a9a
4298
4299
4297
4298
4296
4297
4295
4296
4296
4a94
4a95
4a93
4a94
4a92
4a93
4a91
4a92
5290
5291
528f
5290
529e
529f
529d
529e
5a9c
5a9d
5a9b
5a9c
5a9a
5a9b
5a99
5a9a
6298
6299
6297
6298
6296
6297
6295
6296
6a94
6a95
6a93
6a94
6a92
6a93
6a91
6a92
7290
7291
728f
7290
729e
729f
729d
729e
7a9c
7a9d
7a9b
7a9c
7a9a
7a9b
7a99
7a9a
8298
8299
8297
001f
001f
001f
001f
001f
001f
001f
001f
001f
001f
001f
001f
001f
001f
001f
001f
001f
001f
001f
001f
001f
001f
001f
001f
001f
001f
001f
001f
001f
001f
001f
001f
001f
001f
001f
001f
001f
001f
001f
001f
001f
001f
001f
001f
001f
001f
001f
001f
001f
001f
001f
001f
001f
001f
001f
001f
001f
001f
001f
001f
001f
001f
001f
001f
001f
001f
001f
001f
001f
001f
001f
001f
001f
001f
001f
001f
001f
001f
001f
001f
001f
001f
001f
001f
001f
001f
001f
001f
001f
001f
001f
001f
001f
001f
001f
001f
001f
001f
001f
001f
001f
001f
001f
001f
001f
001f
001f
001f
001f
001f
001f
001f
001f
001f
001f
001f
001f
001f
001f
001f
001f
001f
001f
001f
001f
001f
001f
001f
001f
001f
001f
001f
001f
001f
001f
001f
001f
001f
001f
001f
001f
001f
001f
001f
001f
001f
001f
001f
001f
001f
001f
001f
001f
001f
001f
001f
001f
001f
001f
001f
0297
0296
0296
0295
0a95
0a94
0a94
0a93
0a93
0a92
0a92
0a91
1291
1290
1290
128f
129f
129e
129e
129d
1a9d
1a9c
1a9c
1a9b
1a9b
1a9a
1a9a
1a99
2299
2298
2298
2297
2297
2296
2296
2295
2a95
2a94
2a94
2a93
2a93
2a92
2a92
2a91
3291
3290
3290
328f
329f
329e
329e
329d
3a9d
3a9c
3a9c
3a9b
3a9b
3a9a
3a9a
3a99
4299
4298
4298
4297
4297
4296
4296
4295
4295
4a95
4a94
4a94
4a93
4a93
4a92
4a92
4a91
5291
5290
5290
528f
529f
529e
529e
529d
5a9d
5a9c
5a9c
5a9b
5a9b
5a9a
5a9a
5a99
6299
6298
6298
6297
6297
6296
6296
6295
6a95
6a94
6a94
6a93
6a93
6a92
6a92
6a91
7291
7290
7290
728f
729f
729e
729e
729d
7a9d
7a9c
7a9c
7a9b
7a9b
7a9a
7a9a
7a99
8299
8298
8298
001f
001f
001f
001f
001f
001f
001f
001f
001f
001f
001f
001f
001f
001f
001f
001f
001f
001f
001f
001f
001f
001f
001f
001f
001f
001f
001f
001f
001f
001f
001f
001f
001f
001f
001f
001f
001f
001f
001f
001f
001f
001f
001f
001f
001f
001f
001f
001f
001f
001f
001f
001f
001f
001f
001f
001f
001f
001f
001f
001f
001f
001f
001f
001f
001f
001f
001f
001f
001f
001f
001f
001f
001f
001f
001f
001f
001f
001f
001f
001f
001f
001f
001f
001f
001f
001f
001f
001f
001f
001f
001f
001f
001f
001f
001f
001f
001f
001f
001f
001f
001f
001f
001f
001f
001f
001f
001f
001f
001f
001f
001f
001f
001f
001f
001f
001f
001f
001f
001f
001f
001f
001f
001f
001f
001f
001f
001f
001f
001f
001f
001f
001f
001f
001f
001f
001f
001f
001f
001f
001f
001f
001f
001f
001f
001f
001f
001f
001f
001f
001f
001f
001f
001f
001f
001f
001f
001f
001f
001f
001f
0297
0298
0298
0299
0a99
0a9a
0a9a
0a9b
0a9b
0a9c
0a9c
0a9d
129d
129e
129e
129f
128f
1290
1290
1291
1a91
1a92
1a92
1a93
1a93
1a94
1a94
1a95
2295
2296
2296
2297
2297
2298
2298
2299
2a99
2a9a
2a9a
2a9b
2a9b
2a9c
2a9c
2a9d
329d
329e
329e
329f
328f
3290
3290
3291
3a91
3a92
3a92
3a93
3a93
3a94
3a94
3a95
4295
4296
4296
4297
4297
4298
4298
4299
4299
4a99
4a9a
4a9a
4a9b
4a9b
4a9c
4a9c
4a9d
529d
529e
529e
529f
528f
5290
5290
5291
5a91
5a92
5a92
5a93
5a93
5a94
5a94
5a95
6295
6296
6296
6297
6297
6298
6298
6299
6a99
6a9a
6a9a
6a9b
6a9b
6a9c
6a9c
6a9d
729d
729e
729e
729f
728f
7290
7290
7291
7a91
7a92
7a92
7a93
7a93
7a94
7a94
7a95
8295
8296
8296
001f
001f
001f
001f
001f
001f
001f
001f
001f
001f
001f
001f
001f
001f
001f
001f
001f
001f
001f
001f
001f
001f
001f
001f
001f
001f
001f
001f
001f
001f
001f
001f
001f
001f
001f
001f
001f
001f
001f
001f
001f
001f
001f
001f
001f
001f
001f
001f
001f
001f
001f
001f
001f
001f
001f
001f
001f
001f
001f
001f
001f
001f
001f
001f
001f
001f
001f
001f
001f
001f
001f
001f
001f
001f
001f
001f
001f
001f
001f
001f
001f
001f
001f
001f
001f
001f
001f
001f
001f
001f
001f
001f
001f
001f
001f
001f
001f
001f
001f
001f
001f
001f
001f
001f
001f
001f
001f
001f
001f
001f
001f
001f
001f
001f
001f
001f
001f
001f
001f
001f
001f
001f
001f
001f
001f
001f
001f
001f
001f
001f
001f
001f
001f
001f
001f
001f
001f
001f
001f
001f
001f
001f
001f
001f
001f
001f
001f
001f
001f
001f
001f
001f
001f
001f
001f
001f
001f
001f
001f
001f
0298
0297
0299
0298
0a9a
0a99
0a9b
0a9a
0a9c
0a9b
0a9d
0a9c
129e
129d
129f
129e
1290
128f
1291
1290
1a92
1a91
1a93
1a92
1a94
1a93
1a95
1a94
2296
2295
2297
2296
2298
2297
2299
2298
2a9a
2a99
2a9b
2a9a
2a9c
2a9b
2a9d
2a9c
329e
329d
329f
329e
3290
328f
3291
3290
3a92
3a91
3a93
3a92
3a94
3a93
3a95
3a94
4296
4295
4297
4296
4298
4297
4299
4298
4298
4a9a
4a99
4a9b
4a9a
4a9c
4a9b
4a9d
4a9c
529e
529d
529f
529e
5290
528f
5291
5290
5a92
5a91
5a93
5a92
5a94
5a93
5a95
5a94
6296
6295
6297
6296
6298
6297
6299
6298
6a9a
6a99
6a9b
6a9a
6a9c
6a9b
6a9d
6a9c
729e
729d
729f
729e
7290
728f
7291
7290
7a92
7a91
7a93
7a92
7a94
7a93
7a95
7a94
8296
8295
8297
001f
001f
001f
001f
001f
001f
001f
001f
001f
001f
001f
001f
001f
001f
001f
001f
001f
001f
001f
001f
001f
001f
001f
001f
001f
001f
001f
001f
001f
001f
001f
001f
001f
001f
001f
001f
001f
001f
001f
001f
001f
001f
001f
001f
001f
001f
001f
001f
001f
001f
001f
001f
001f
001f
001f
001f
001f
001f
001f
001f
001f
001f
001f
001f
001f
001f
001f
001f
001f
001f
001f
001f
001f
001f
001f
001f
001f
001f
001f
001f
001f
001f
001f
001f
001f
001f
001f
001f
001f
001f
001f
001f
001f
001f
001f
001f
001f
001f
001f
001f
001f
001f
001f
001f
001f
001f
001f
001f
001f
001f
001f
001f
001f
001f
001f
001f
001f
001f
001f
001f
001f
001f
001f
001f
001f
001f
001f
001f
001f
001f
001f
001f
001f
001f
001f
001f
001f
001f
001f
001f
001f
001f
001f
001f
001f
001f
001f
001f
001f
001f
001f
001f
001f
001f
001f
001f
001f
001f
001f
001f
02b8
02b9
02b7
02b8
0aba
0abb
0ab9
0aba
0abc
0abd
0abb
0abc
12be
12bf
12bd
12be
12b0
12b1
12af
12b0
1ab2
1ab3
1ab1
1ab2
1ab4
1ab5
1ab3
1ab4
22b6
22b7
22b5
22b6
22b8
22b9
22b7
22b8
2aba
2abb
2ab9
2aba
2abc
2abd
2abb
2abc
32be
32bf
32bd
32be
32b0
32b1
32af
32b0
3ab2
3ab3
3ab1
3ab2
3ab4
3ab5
3ab3
3ab4
42b6
42b7
42b5
42b6
42b8
42b9
42b7
42b8
42b8
4aba
4abb
4ab9
4aba
4abc
4abd
4abb
4abc
52be
52bf
52bd
52be
52b0
52b1
52af
52b0
5ab2
5ab3
5ab1
5ab2
5ab4
5ab5
5ab3
5ab4
62b6
62b7
62b5
62b6
62b8
62b9
62b7
62b8
6aba
6abb
6ab9
6aba
6abc
6abd
6abb
6abc
72be
72bf
72bd
72be
72b0
72b1
72af
72b0
7ab2
7ab3
7ab1
7ab2
7ab4
7ab5
7ab3
7ab4
82b6
82b7
82b5
001f
001f
001f
001f
001f
001f
001f
001f
001f
001f
001f
001f
001f
001f
001f
001f
001f
001f
001f
001f
001f
001f
001f
001f
001f
001f
001f
001f
001f
001f
001f
001f
001f
001f
001f
001f
001f
001f
001f
001f
001f
001f
001f
001f
001f
001f
001f
001f
001f
001f
001f
001f
001f
001f
001f
001f
001f
001f
001f
001f
001f
001f
001f
001f
001f
001f
001f
001f
001f
001f
001f
001f
001f
001f
001f
001f
001f
001f
001f
001f
001f
001f
001f
001f
001f
001f
001f
001f
001f
001f
001f
001f
001f
001f
001f
001f
001f
001f
001f
001f
001f
001f
001f
001f
001f
001f
001f
001f
001f
001f
001f
001f
001f
001f
001f
001f
001f
001f
001f
001f
001f
001f
001f
001f
001f
001f
001f
001f
001f
001f
001f
001f
001f
001f
001f
001f
001f
001f
001f
001f
001f
001f
001f
001f
001f
001f
001f
001f
001f
001f
001f
001f
001f
001f
001f
001f
001f
001f
001f
001f
02b9
02b8
02b8
02b7
0abb
0aba
0aba
0ab9
0abd
0abc
0abc
0abb
12bf
12be
12be
12bd
12b1
12b0
12b0
12af
1ab3
1ab2
1ab2
1ab1
1ab5
1ab4
1ab4
1ab3
22b7
22b6
22b6
22b5
22b9
22b8
22b8
22b7
2abb
2aba
2aba
2ab9
2abd
2abc
2abc
2abb
32bf
32be
32be
32bd
32b1
32b0
32b0
32af
3ab3
3ab2
3ab2
3ab1
3ab5
3ab4
3ab4
3ab3
42b7
42b6
42b6
42b5
42b9
42b8
42b8
42b7
42b7
4abb
4aba
4aba
4ab9
4abd
4abc
4abc
4abb
52bf
52be
52be
52bd
52b1
52b0
52b0
52af
5ab3
5ab2
5ab2
5ab1
5ab5
5ab4
5ab4
5ab3
62b7
62b6
62b6
62b5
62b9
62b8
62b8
62b7
6abb
6aba
6aba
6ab9
6abd
6abc
6abc
6abb
72bf
72be
72be
72bd
72b1
72b0
72b0
72af
7ab3
7ab2
7ab2
7ab1
7ab5
7ab4
7ab4
7ab3
82b7
82b6
82b6
001f
001f
001f
001f
001f
001f
001f
001f
001f
001f
001f
001f
001f
001f
001f
001f
001f
001f
001f
001f
001f
001f
001f
001f
001f
001f
001f
001f
001f
001f
001f
001f
001f
001f
001f
001f
001f
001f
001f
001f
001f
001f
001f
001f
001f
001f
001f
001f
001f
001f
001f
001f
001f
001f
001f
001f
001f
001f
001f
001f
001f
001f
001f
001f
001f
001f
001f
001f
001f
001f
001f
001f
001f
001f
001f
001f
001f
001f
001f
001f
001f
001f
001f
001f
001f
001f
001f
001f
001f
001f
001f
001f
001f
001f
001f
001f
001f
001f
001f
001f
001f
001f
001f
001f
001f
001f
001f
001f
001f
001f
001f
001f
001f
001f
001f
001f
001f
001f
001f
001f
001f
001f
001f
001f
001f
001f
001f
001f
001f
001f
001f
001f
001f
001f
001f
001f
001f
001f
001f
001f
001f
001f
001f
001f
001f
001f
001f
001f
001f
001f
001f
001f
001f
001f
001f
001f
001f
001f
001f
001f
02b9
02ba
02ba
02bb
0ab7
0ab8
0ab8
0ab9
0abd
0abe
0abe
0abf
12bb
12bc
12bc
12bd
12b1
12b2
12b2
12b3
1aaf
1ab0
1ab0
1ab1
1ab5
1ab6
1ab6
1ab7
22b3
22b4
22b4
22b5
22b9
22ba
22ba
22bb
2ab7
2ab8
2ab8
2ab9
2abd
2abe
2abe
2abf
32bb
32bc
32bc
32bd
32b1
32b2
32b2
32b3
3aaf
3ab0
3ab0
3ab1
3ab5
3ab6
3ab6
3ab7
42b3
42b4
42b4
42b5
42b9
42ba
42ba
42bb
42bb
4ab7
4ab8
4ab8
4ab9
4abd
4abe
4abe
4abf
52bb
52bc
52bc
52bd
52b1
52b2
52b2
52b3
5aaf
5ab0
5ab0
5ab1
5ab5
5ab6
5ab6
5ab7
62b3
62b4
62b4
62b5
62b9
62ba
62ba
62bb
6ab7
6ab8
6ab8
6ab9
6abd
6abe
6abe
6abf
72bb
72bc
72bc
72bd
72b1
72b2
72b2
72b3
7aaf
7ab0
7ab0
7ab1
7ab5
7ab6
7ab6
7ab7
82b3
82b4
82b4
001f
001f
001f
001f
001f
001f
001f
001f
001f
001f
001f
001f
001f
001f
001f
001f
001f
001f
001f
001f
001f
001f
001f
001f
001f
001f
001f
001f
001f
001f
001f
001f
001f
001f
001f
001f
001f
001f
001f
001f
001f
001f
001f
001f
001f
001f
001f
001f
001f
001f
001f
001f
001f
001f
001f
001f
001f
001f
001f
001f
001f
001f
001f
001f
001f
001f
001f
001f
001f
001f
001f
001f
001f
001f
001f
001f
001f
001f
001f
001f
001f
001f
001f
001f
001f
001f
001f
001f
001f
001f
001f
001f
001f
001f
001f
001f
001f
001f
001f
001f
001f
001f
001f
001f
001f
001f
001f
001f
001f
001f
001f
001f
001f
001f
001f
001f
001f
001f
001f
001f
001f
001f
001f
001f
001f
001f
001f
001f
001f
001f
001f
001f
001f
001f
001f
001f
001f
001f
001f
001f
001f
001f
001f
001f
001f
001f
001f
001f
001f
001f
001f
001f
001f
001f
001f
001f
001f
001f
001f
001f
02ba
02b9
02bb
02ba
0ab8
0ab7
0ab9
0ab8
0abe
0abd
0abf
0abe
12bc
12bb
12bd
12bc
12b2
12b1
12b3
12b2
1ab0
1aaf
1ab1
1ab0
1ab6
1ab5
1ab7
1ab6
22b4
22b3
22b5
22b4
22ba
22b9
22bb
22ba
2ab8
2ab7
2ab9
2ab8
2abe
2abd
2abf
2abe
32bc
32bb
32bd
32bc
32b2
32b1
32b3
32b2
3ab0
3aaf
3ab1
3ab0
3ab6
3ab5
3ab7
3ab6
42b4
42b3
42b5
42b4
42ba
42b9
42bb
42ba
42ba
4ab8
4ab7
4ab9
4ab8
4abe
4abd
4abf
4abe
52bc
52bb
52bd
52bc
52b2
52b1
52b3
52b2
5ab0
5aaf
5ab1
5ab0
5ab6
5ab5
5ab7
5ab6
62b4
62b3
62b5
62b4
62ba
62b9
62bb
62ba
6ab8
6ab7
6ab9
6ab8
6abe
6abd
6abf
6abe
72bc
72bb
72bd
72bc
72b2
72b1
72b3
72b2
7ab0
7aaf
7ab1
7ab0
7ab6
7ab5
7ab7
7ab6
82b4
82b3
82b5
001f
001f
001f
001f
001f
001f
001f
001f
001f
001f
001f
001f
001f
001f
001f
001f
001f
001f
001f
001f
001f
001f
001f
001f
001f
001f
001f
001f
001f
001f
001f
001f
001f
001f
001f
001f
001f
001f
001f
001f
001f
001f
001f
001f
001f
001f
001f
001f
001f
001f
001f
001f
001f
001f
001f
001f
001f
001f
001f
001f
001f
001f
001f
001f
001f
001f
001f
001f
001f
001f
001f
001f
001f
001f
001f
001f
001f
001f
001f
001f
001f
001f
001f
001f
001f
001f
001f
001f
001f
001f
001f
001f
001f
001f
001f
001f
001f
001f
001f
001f
001f
001f
001f
001f
001f
001f
001f
001f
001f
001f
001f
001f
001f
001f
001f
001f
001f
001f
001f
001f
001f
001f
001f
001f
001f
001f
001f
001f
001f
001f
001f
001f
001f
001f
001f
001f
001f
001f
001f
001f
001f
001f
001f
001f
001f
001f
001f
001f
001f
001f
001f
001f
001f
001f
001f
001f
001f
001f
001f
001f
02da
02db
02d9
02da
0ad8
0ad9
0ad7
0ad8
0ade
0adf
0add
0ade
12dc
12dd
12db
12dc
12d2
12d3
12d1
12d2
1ad0
1ad1
1acf
1ad0
1ad6
1ad7
1ad5
1ad6
22d4
22d5
22d3
22d4
22da
22db
22d9
22da
2ad8
2ad9
2ad7
2ad8
2ade
2adf
2add
2ade
32dc
32dd
32db
32dc
32d2
32d3
32d1
32d2
3ad0
3ad1
3acf
3ad0
3ad6
3ad7
3ad5
3ad6
42d4
42d5
42d3
42d4
42da
42db
42d9
42da
42da
4ad8
4ad9
4ad7
4ad8
4ade
4adf
4add
4ade
52dc
52dd
52db
52dc
52d2
52d3
52d1
52d2
5ad0
5ad1
5acf
5ad0
5ad6
5ad7
5ad5
5ad6
62d4
62d5
62d3
62d4
62da
62db
62d9
62da
6ad8
6ad9
6ad7
6ad8
6ade
6adf
6add
6ade
72dc
72dd
72db
72dc
72d2
72d3
72d1
72d2
7ad0
7ad1
7acf
7ad0
7ad6
7ad7
7ad5
7ad6
82d4
82d5
82d3
001f
001f
001f
001f
001f
001f
001f
001f
001f
001f
001f
001f
001f
001f
001f
001f
001f
001f
001f
001f
001f
001f
001f
001f
001f
001f
001f
001f
001f
001f
001f
001f
001f
001f
001f
001f
001f
001f
001f
001f
001f
001f
001f
001f
001f
001f
001f
001f
001f
001f
001f
001f
001f
001f
001f
001f
001f
001f
001f
001f
001f
001f
001f
001f
001f
001f
001f
001f
001f
001f
001f
001f
001f
001f
001f
001f
001f
001f
001f
001f
001f
001f
001f
001f
001f
001f
001f
001f
001f
001f
001f
001f
001f
001f
001f
001f
001f
001f
001f
001f
001f
001f
001f
001f
001f
001f
001f
001f
001f
001f
001f
001f
001f
001f
001f
001f
001f
001f
001f
001f
001f
001f
001f
001f
001f
001f
001f
001f
001f
001f
001f
001f
001f
001f
001f
001f
001f
001f
001f
001f
001f
001f
001f
001f
001f
001f
001f
001f
001f
001f
001f
001f
001f
001f
001f
001f
001f
001f
001f
001f
02db
02da
02da
02d9
0ad9
0ad8
0ad8
0ad7
0adf
0ade
0ade
0add
12dd
12dc
12dc
12db
12d3
12d2
12d2
12d1
1ad1
1ad0
1ad0
1acf
1ad7
1ad6
1ad6
1ad5
22d5
22d4
22d4
22d3
22db
22da
22da
22d9
2ad9
2ad8
2ad8
2ad7
2adf
2ade
2ade
2add
32dd
32dc
32dc
32db
32d3
32d2
32d2
32d1
3ad1
3ad0
3ad0
3acf
3ad7
3ad6
3ad6
3ad5
42d5
42d4
42d4
42d3
42db
42da
42da
42d9
42d9
4ad9
4ad8
4ad8
4ad7
4adf
4ade
4ade
4add
52dd
52dc
52dc
52db
52d3
52d2
52d2
52d1
5ad1
5ad0
5ad0
5acf
5ad7
5ad6
5ad6
5ad5
62d5
62d4
62d4
62d3
62db
62da
62da
62d9
6ad9
6ad8
6ad8
6ad7
6adf
6ade
6ade
6add
72dd
72dc
72dc
72db
72d3
72d2
72d2
72d1
7ad1
7ad0
7ad0
7acf
7ad7
7ad6
7ad6
7ad5
82d5
82d4
82d4
001f
001f
001f
001f
001f
001f
001f
001f
001f
001f
001f
001f
001f
001f
001f
001f
001f
001f
001f
001f
001f
001f
001f
001f
001f
001f
001f
001f
001f
001f
001f
001f
001f
001f
001f
001f
001f
001f
001f
001f
001f
001f
001f
001f
001f
001f
001f
001f
001f
001f
001f
001f
001f
001f
001f
001f
001f
001f
001f
001f
001f
001f
001f
001f
001f
001f
001f
001f
001f
001f
001f
001f
001f
001f
001f
001f
001f
001f
001f
001f
001f
001f
001f
001f
001f
001f
001f
001f
001f
001f
001f
001f
001f
001f
001f
001f
001f
001f
001f
001f
001f
001f
001f
001f
001f
001f
001f
001f
001f
001f
001f
001f
001f
001f
001f
001f
001f
001f
001f
001f
001f
001f
001f
001f
001f
001f
001f
001f
001f
001f
001f
001f
001f
001f
001f
001f
001f
001f
001f
001f
001f
001f
001f
001f
001f
001f
001f
001f
001f
001f
001f
001f
001f
001f
001f
001f
001f
001f
001f
001f
02db
02dc
02dc
02dd
0add
0ade
0ade
0adf
0ad7
0ad8
0ad8
0ad9
12d9
12da
12da
12db
12d3
12d4
12d4
12d5
1ad5
1ad6
1ad6
1ad7
1acf
1ad0
1ad0
1ad1
22d1
22d2
22d2
22d3
22db
22dc
22dc
22dd
2add
2ade
2ade
2adf
2ad7
2ad8
2ad8
2ad9
32d9
32da
32da
32db
32d3
32d4
32d4
32d5
3ad5
3ad6
3ad6
3ad7
3acf
3ad0
3ad0
3ad1
42d1
42d2
42d2
42d3
42db
42dc
42dc
42dd
42dd
4add
4ade
4ade
4adf
4ad7
4ad8
4ad8
4ad9
52d9
52da
52da
52db
52d3
52d4
52d4
52d5
5ad5
5ad6
5ad6
5ad7
5acf
5ad0
5ad0
5ad1
62d1
62d2
62d2
62d3
62db
62dc
62dc
62dd
6add
6ade
6ade
6adf
6ad7
6ad8
6ad8
6ad9
72d9
72da
72da
72db
72d3
72d4
72d4
72d5
7ad5
7ad6
7ad6
7ad7
7acf
7ad0
7ad0
7ad1
82d1
82d2
82d2
001f
001f
001f
001f
001f
001f
001f
001f
001f
001f
001f
001f
001f
001f
001f
001f
001f
001f
001f
001f
001f
001f
001f
001f
001f
001f
001f
001f
001f
001f
001f
001f
001f
001f
001f
001f
001f
001f
001f
001f
001f
001f
001f
001f
001f
001f
001f
001f
001f
001f
001f
001f
001f
001f
001f
001f
001f
001f
001f
001f
001f
001f
001f
001f
001f
001f
001f
001f
001f
001f
001f
001f
001f
001f
001f
001f
001f
001f
001f
001f
001f
001f
001f
001f
001f
001f
001f
001f
001f
001f
001f
001f
001f
001f
001f
001f
001f
001f
001f
001f
001f
001f
001f
001f
001f
001f
001f
001f
001f
001f
001f
001f
001f
001f
001f
001f
001f
001f
001f
001f
001f
001f
001f
001f
001f
001f
001f
001f
001f
001f
001f
001f
001f
001f
001f
001f
001f
001f
001f
001f
001f
001f
001f
001f
001f
001f
001f
001f
001f
001f
001f
001f
001f
001f
001f
001f
001f
001f
001f
001f
02dc
02db
02dd
02dc
0ade
0add
0adf
0ade
0ad8
0ad7
0ad9
0ad8
12da
12d9
12db
12da
12d4
12d3
12d5
12d4
1ad6
1ad5
1ad7
1ad6
1ad0
1acf
1ad1
1ad0
22d2
22d1
22d3
22d2
22dc
22db
22dd
22dc
2ade
2add
2adf
2ade
2ad8
2ad7
2ad9
2ad8
32da
32d9
32db
32da
32d4
32d3
32d5
32d4
3ad6
3ad5
3ad7
3ad6
3ad0
3acf
3ad1
3ad0
42d2
42d1
42d3
42d2
42dc
42db
42dd
42dc
42dc
4ade
4add
4adf
4ade
4ad8
4ad7
4ad9
4ad8
52da
52d9
52db
52da
52d4
52d3
52d5
52d4
5ad6
5ad5
5ad7
5ad6
5ad0
5acf
5ad1
5ad0
62d2
62d1
62d3
62d2
62dc
62db
62dd
62dc
6ade
6add
6adf
6ade
6ad8
6ad7
6ad9
6ad8
72da
72d9
72db
72da
72d4
72d3
72d5
72d4
7ad6
7ad5
7ad7
7ad6
7ad0
7acf
7ad1
7ad0
82d2
82d1
82d3
001f
001f
001f
001f
001f
001f
001f
001f
001f
001f
001f
001f
001f
001f
001f
001f
001f
001f
001f
001f
001f
001f
001f
001f
001f
001f
001f
001f
001f
001f
001f
001f
001f
001f
001f
001f
001f
001f
001f
001f
001f
001f
001f
001f
001f
001f
001f
001f
001f
001f
001f
001f
001f
001f
001f
001f
001f
001f
001f
001f
001f
001f
001f
001f
001f
001f
001f
001f
001f
001f
001f
001f
001f
001f
001f
001f
001f
001f
001f
001f
001f
001f
001f
001f
001f
001f
001f
001f
001f
001f
001f
001f
001f
001f
001f
001f
001f
001f
001f
001f
001f
001f
001f
001f
001f
001f
001f
001f
001f
001f
001f
001f
001f
001f
001f
001f
001f
001f
001f
001f
001f
001f
001f
001f
001f
001f
001f
001f
001f
001f
001f
001f
001f
001f
001f
001f
001f
001f
001f
001f
001f
001f
001f
001f
001f
001f
001f
001f
001f
001f
001f
001f
001f
001f
001f
001f
001f
001f
001f
001f
02fc
02fd
02fb
02fc
0afe
0aff
0afd
0afe
0af8
0af9
0af7
0af8
12fa
12fb
12f9
12fa
12f4
12f5
12f3
12f4
1af6
1af7
1af5
1af6
1af0
1af1
1aef
1af0
22f2
22f3
22f1
22f2
22fc
22fd
22fb
22fc
2afe
2aff
2afd
2afe
2af8
2af9
2af7
2af8
32fa
32fb
32f9
32fa
32f4
32f5
32f3
32f4
3af6
3af7
3af5
3af6
3af0
3af1
3aef
3af0
42f2
42f3
42f1
42f2
42fc
42fd
42fb
42fc
42fc
4afe
4aff
4afd
4afe
4af8
4af9
4af7
4af8
52fa
52fb
52f9
52fa
52f4
52f5
52f3
52f4
5af6
5af7
5af5
5af6
5af0
5af1
5aef
5af0
62f2
62f3
62f1
62f2
62fc
62fd
62fb
62fc
6afe
6aff
6afd
6afe
6af8
6af9
6af7
6af8
72fa
72fb
72f9
72fa
72f4
72f5
72f3
72f4
7af6
7af7
7af5
7af6
7af0
7af1
7aef
7af0
82f2
82f3
82f1
001f
001f
001f
001f
001f
001f
001f
001f
001f
001f
001f
001f
001f
001f
001f
001f
001f
001f
001f
001f
001f
001f
001f
001f
001f
001f
001f
001f
001f
001f
001f
001f
001f
001f
001f
001f
001f
001f
001f
001f
001f
001f
001f
001f
001f
001f
001f
001f
001f
001f
001f
001f
001f
001f
001f
001f
001f
001f
001f
001f
001f
001f
001f
001f
001f
001f
001f
001f
001f
001f
001f
001f
001f
001f
001f
001f
001f
001f
001f
001f
001f
001f
001f
001f
001f
001f
001f
001f
001f
001f
001f
001f
001f
001f
001f
001f
001f
001f
001f
001f
001f
001f
001f
001f
001f
001f
001f
001f
001f
001f
001f
001f
001f
001f
001f
001f
001f
001f
001f
001f
001f
001f
001f
001f
001f
001f
001f
001f
001f
001f
001f
001f
001f
001f
001f
001f
001f
001f
001f
001f
001f
001f
001f
001f
001f
001f
001f
001f
001f
001f
001f
001f
001f
001f
001f
001f
001f
001f
001f
001f
02fd
02fc
02fc
02fb
0aff
0afe
0afe
0afd
0af9
0af8
0af8
0af7
12fb
12fa
12fa
12f9
12f5
12f4
12f4
12f3
1af7
1af6
1af6
1af5
1af1
1af0
1af0
1aef
22f3
22f2
22f2
22f1
22fd
22fc
22fc
22fb
2aff
2afe
2afe
2afd
2af9
2af8
2af8
2af7
32fb
32fa
32fa
32f9
32f5
32f4
32f4
32f3
3af7
3af6
3af6
3af5
3af1
3af0
3af0
3aef
42f3
42f2
42f2
42f1
42fd
42fc
42fc
42fb
42fb
4aff
4afe
4afe
4afd
4af9
4af8
4af8
4af7
52fb
52fa
52fa
52f9
52f5
52f4
52f4
52f3
5af7
5af6
5af6
5af5
5af1
5af0
5af0
5aef
62f3
62f2
62f2
62f1
62fd
62fc
62fc
62fb
6aff
6afe
6afe
6afd
6af9
6af8
6af8
6af7
72fb
72fa
72fa
72f9
72f5
72f4
72f4
72f3
7af7
7af6
7af6
7af5
7af1
7af0
7af0
7aef
82f3
82f2
82f2
001f
001f
001f
001f
001f
001f
001f
001f
001f
001f
001f
001f
001f
001f
001f
001f
001f
001f
001f
001f
001f
001f
001f
001f
001f
001f
001f
001f
001f
001f
001f
001f
001f
001f
001f
001f
001f
001f
001f
001f
001f
001f
001f
001f
001f
001f
001f
001f
001f
001f
001f
001f
001f
001f
001f
001f
001f
001f
001f
001f
001f
001f
001f
001f
001f
001f
001f
001f
001f
001f
001f
001f
001f
001f
001f
001f
001f
001f
001f
001f
001f
001f
001f
001f
001f
001f
001f
001f
001f
001f
001f
001f
001f
001f
001f
001f
001f
001f
001f
001f
001f
001f
001f
001f
001f
001f
001f
001f
001f
001f
001f
001f
001f
001f
001f
001f
001f
001f
001f
001f
001f
001f
001f
001f
001f
001f
001f
001f
001f
001f
001f
001f
001f
001f
001f
001f
001f
001f
001f
001f
001f
001f
001f
001f
001f
001f
001f
001f
001f
001f
001f
001f
001f
001f
001f
001f
001f
001f
001f
001f
02fd
02fe
02fe
02ff
0afb
0afc
0afc
0afd
0af9
0afa
0afa
0afb
12f7
12f8
12f8
12f9
12f5
12f6
12f6
12f7
1af3
1af4
1af4
1af5
1af1
1af2
1af2
1af3
22ef
22f0
22f0
22f1
22fd
22fe
22fe
22ff
2afb
2afc
2afc
2afd
2af9
2afa
2afa
2afb
32f7
32f8
32f8
32f9
32f5
32f6
32f6
32f7
3af3
3af4
3af4
3af5
3af1
3af2
3af2
3af3
42ef
42f0
42f0
42f1
42fd
42fe
42fe
42ff
42ff
4afb
4afc
4afc
4afd
4af9
4afa
4afa
4afb
52f7
52f8
52f8
52f9
52f5
52f6
52f6
52f7
5af3
5af4
5af4
5af5
5af1
5af2
5af2
5af3
62ef
62f0
62f0
62f1
62fd
62fe
62fe
62ff
6afb
6afc
6afc
6afd
6af9
6afa
6afa
6afb
72f7
72f8
72f8
72f9
72f5
72f6
72f6
72f7
7af3
7af4
7af4
7af5
7af1
7af2
7af2
7af3
82ef
82f0
82f0
001f
001f
001f
001f
001f
001f
001f
001f
001f
001f
001f
001f
001f
001f
001f
001f
001f
001f
001f
001f
001f
001f
001f
001f
001f
001f
001f
001f
001f
001f
001f
001f
001f
001f
001f
001f
001f
001f
001f
001f
001f
001f
001f
001f
001f
001f
001f
001f
001f
001f
001f
001f
001f
001f
001f
001f
001f
001f
001f
001f
001f
001f
001f
001f
001f
001f
001f
001f
001f
001f
001f
001f
001f
001f
001f
001f
001f
001f
001f
001f
001f
001f
001f
001f
001f
001f
001f
001f
001f
001f
001f
001f
001f
001f
001f
001f
001f
001f
001f
001f
001f
001f
001f
001f
001f
001f
001f
001f
001f
001f
001f
001f
001f
001f
001f
001f
001f
001f
001f
001f
001f
001f
001f
001f
001f
001f
001f
001f
001f
001f
001f
001f
001f
001f
001f
001f
001f
001f
001f
001f
001f
001f
001f
001f
001f
001f
001f
001f
001f
001f
001f
001f
001f
001f
001f
001f
001f
001f
001f
001f
02fe
02fd
02ff
02fe
0afc
0afb
0afd
0afc
0afa
0af9
0afb
0afa
12f8
12f7
12f9
12f8
12f6
12f5
12f7
12f6
1af4
1af3
1af5
1af4
1af2
1af1
1af3
1af2
22f0
22ef
22f1
22f0
22fe
22fd
22ff
22fe
2afc
2afb
2afd
2afc
2afa
2af9
2afb
2afa
32f8
32f7
32f9
32f8
32f6
32f5
32f7
32f6
3af4
3af3
3af5
3af4
3af2
3af1
3af3
3af2
42f0
42ef
42f1
42f0
42fe
42fd
42ff
42fe
42fe
4afc
4afb
4afd
4afc
4afa
4af9
4afb
4afa
52f8
52f7
52f9
52f8
52f6
52f5
52f7
52f6
5af4
5af3
5af5
5af4
5af2
5af1
5af3
5af2
62f0
62ef
62f1
62f0
62fe
62fd
62ff
62fe
6afc
6afb
6afd
6afc
6afa
6af9
6afb
6afa
72f8
72f7
72f9
72f8
72f6
72f5
72f7
72f6
7af4
7af3
7af5
7af4
7af2
7af1
7af3
7af2
82f0
82ef
82f1
001f
001f
001f
001f
001f
001f
001f
001f
001f
001f
001f
001f
001f
001f
001f
001f
001f
001f
001f
001f
001f
001f
001f
001f
001f
001f
001f
001f
001f
001f
001f
001f
001f
001f
001f
001f
001f
001f
001f
001f
001f
001f
001f
001f
001f
001f
001f
001f
001f
001f
001f
001f
001f
001f
001f
001f
001f
001f
001f
001f
001f
001f
001f
001f
001f
001f
001f
001f
001f
001f
001f
001f
001f
001f
001f
001f
001f
001f
001f
001f
001f
001f
001f
001f
001f
001f
001f
001f
001f
001f
001f
001f
001f
001f
001f
001f
001f
001f
001f
001f
001f
001f
001f
001f
001f
001f
001f
001f
001f
001f
001f
001f
001f
001f
001f
001f
001f
001f
001f
001f
001f
001f
001f
001f
001f
001f
001f
001f
001f
001f
001f
001f
001f
001f
001f
001f
001f
001f
001f
001f
001f
001f
001f
001f
001f
001f
001f
001f
001f
001f
001f
001f
001f
001f
001f
001f
001f
001f
001f
001f
031e
031f
031d
031e
0b1c
0b1d
0b1b
0b1c
0b1a
0b1b
0b19
0b1a
1318
1319
1317
1318
1316
1317
1315
1316
1b14
1b15
1b13
1b14
1b12
1b13
1b11
1b12
2310
2311
230f
2310
231e
231f
231d
231e
2b1c
2b1d
2b1b
2b1c
2b1a
2b1b
2b19
2b1a
3318
3319
3317
3318
3316
3317
3315
3316
3b14
3b15
3b13
3b14
3b12
3b13
3b11
3b12
4310
4311
430f
4310
431e
431f
431d
431e
431e
4b1c
4b1d
4b1b
4b1c
4b1a
4b1b
4b19
4b1a
5318
5319
5317
5318
5316
5317
5315
5316
5b14
5b15
5b13
5b14
5b12
5b13
5b11
5b12
6310
6311
630f
6310
631e
631f
631d
631e
6b1c
6b1d
6b1b
6b1c
6b1a
6b1b
6b19
6b1a
7318
7319
7317
7318
7316
7317
7315
7316
7b14
7b15
7b13
7b14
7b12
7b13
7b11
7b12
8310
8311
830f
001f
001f
001f
001f
001f
001f
001f
001f
001f
001f
001f
001f
001f
001f
001f
001f
001f
001f
001f
001f
001f
001f
001f
001f
001f
001f
001f
001f
001f
001f
001f
001f
001f
001f
001f
001f
001f
001f
001f
001f
001f
001f
001f
001f
001f
001f
001f
001f
001f
001f
001f
001f
001f
001f
001f
001f
001f
001f
001f
001f
001f
001f
001f
001f
001f
001f
001f
001f
001f
001f
001f
001f
001f
001f
001f
001f
001f
001f
001f
001f
001f
001f
001f
001f
001f
001f
001f
001f
001f
001f
001f
001f
001f
001f
001f
001f
001f
001f
001f
001f
001f
001f
001f
001f
001f
001f
001f
001f
001f
001f
001f
001f
001f
001f
001f
001f
001f
001f
001f
001f
001f
001f
001f
001f
001f
001f
001f
001f
001f
001f
001f
001f
001f
001f
001f
001f
001f
001f
001f
001f
001f
001f
001f
001f
001f
001f
001f
001f
001f
001f
001f
001f
001f
001f
001f
001f
001f
001f
001f
001f
031f
031e
031e
031d
0b1d
0b1c
0b1c
0b1b
0b1b
0b1a
0b1a
0b19
1319
1318
1318
1317
1317
1316
1316
1315
1b15
1b14
1b14
1b13
1b13
1b12
1b12
1b11
2311
2310
2310
230f
231f
231e
231e
231d
2b1d
2b1c
2b1c
2b1b
2b1b
2b1a
2b1a
2b19
3319
3318
3318
3317
3317
3316
3316
3315
3b15
3b14
3b14
3b13
3b13
3b12
3b12
3b11
4311
4310
4310
430f
431f
431e
431e
431d
431d
4b1d
4b1c
4b1c
4b1b
4b1b
4b1a
4b1a
4b19
5319
5318
5318
5317
5317
5316
5316
5315
5b15
5b14
5b14
5b13
5b13
5b12
5b12
5b11
6311
6310
6310
630f
631f
631e
631e
631d
6b1d
6b1c
6b1c
6b1b
6b1b
6b1a
6b1a
6b19
7319
7318
7318
7317
7317
7316
7316
7315
7b15
7b14
7b14
7b13
7b13
7b12
7b12
7b11
8311
8310
8310
001f
001f
001f
001f
001f
001f
001f
001f
001f
001f
001f
001f
001f
001f
001f
001f
001f
001f
001f
001f
001f
001f
001f
001f
001f
001f
001f
001f
001f
001f
001f
001f
001f
001f
001f
001f
001f
001f
001f
001f
001f
001f
001f
001f
001f
001f
001f
001f
001f
001f
001f
001f
001f
001f
001f
001f
001f
001f
001f
001f
001f
001f
001f
001f
001f
001f
001f
001f
001f
001f
001f
001f
001f
001f
001f
001f
001f
001f
001f
001f
001f
001f
001f
001f
001f
001f
001f
001f
001f
001f
001f
001f
001f
001f
001f
001f
001f
001f
001f
001f
001f
001f
001f
001f
001f
001f
001f
001f
001f
001f
001f
001f
001f
001f
001f
001f
001f
001f
001f
001f
001f
001f
001f
001f
001f
001f
001f
001f
001f
001f
001f
001f
001f
001f
001f
001f
001f
001f
001f
001f
001f
001f
001f
001f
001f
001f
001f
001f
001f
001f
001f
001f
001f
001f
001f
001f
001f
001f
001f
001f
030f
0310
0310
0311
0b11
0b12
0b12
0b13
0b13
0b14
0b14
0b15
1315
1316
1316
1317
1317
1318
1318
1319
1b19
1b1a
1b1a
1b1b
1b1b
1b1c
1b1c
1b1d
231d
231e
231e
231f
230f
2310
2310
2311
2b11
2b12
2b12
2b13
2b13
2b14
2b14
2b15
3315
3316
3316
3317
3317
3318
3318
3319
3b19
3b1a
3b1a
3b1b
3b1b
3b1c
3b1c
3b1d
431d
431e
431e
431f
430f
4310
4310
4311
4311
4b11
4b12
4b12
4b13
4b13
4b14
4b14
4b15
5315
5316
5316
5317
5317
5318
5318
5319
5b19
5b1a
5b1a
5b1b
5b1b
5b1c
5b1c
5b1d
631d
631e
631e
631f
630f
6310
6310
6311
6b11
6b12
6b12
6b13
6b13
6b14
6b14
6b15
7315
7316
7316
7317
7317
7318
7318
7319
7b19
7b1a
7b1a
7b1b
7b1b
7b1c
7b1c
7b1d
831d
831e
831e
001f
001f
001f
001f
001f
001f
001f
001f
001f
001f
001f
001f
001f
001f
001f
001f
001f
001f
001f
001f
001f
001f
001f
001f
001f
001f
001f
001f
001f
001f
001f
001f
001f
001f
001f
001f
001f
001f
001f
001f
001f
001f
001f
001f
001f
001f
001f
001f
001f
001f
001f
001f
001f
001f
001f
001f
001f
001f
001f
001f
001f
001f
001f
001f
001f
001f
001f
001f
001f
001f
001f
001f
001f
001f
001f
001f
001f
001f
001f
001f
001f
001f
001f
001f
001f
001f
001f
001f
001f
001f
001f
001f
001f
001f
001f
001f
001f
001f
001f
001f
001f
001f
001f
001f
001f
001f
001f
001f
001f
001f
001f
001f
001f
001f
001f
001f
001f
001f
001f
001f
001f
001f
001f
001f
001f
001f
001f
001f
001f
001f
001f
001f
001f
001f
001f
001f
001f
001f
001f
001f
001f
001f
001f
001f
001f
001f
001f
001f
001f
001f
001f
001f
001f
001f
001f
001f
001f
001f
001f
001f
0310
030f
0311
0310
0b12
0b11
0b13
0b12
0b14
0b13
0b15
0b14
1316
1315
1317
1316
1318
1317
1319
1318
1b1a
1b19
1b1b
1b1a
1b1c
1b1b
1b1d
1b1c
231e
231d
231f
231e
2310
230f
2311
2310
2b12
2b11
2b13
2b12
2b14
2b13
2b15
2b14
3316
3315
3317
3316
3318
3317
3319
3318
3b1a
3b19
3b1b
3b1a
3b1c
3b1b
3b1d
3b1c
431e
431d
431f
431e
4310
430f
4311
4310
4310
4b12
4b11
4b13
4b12
4b14
4b13
4b15
4b14
5316
5315
5317
5316
5318
5317
5319
5318
5b1a
5b19
5b1b
5b1a
5b1c
5b1b
5b1d
5b1c
631e
631d
631f
631e
6310
630f
6311
6310
6b12
6b11
6b13
6b12
6b14
6b13
6b15
6b14
7316
7315
7317
7316
7318
7317
7319
7318
7b1a
7b19
7b1b
7b1a
7b1c
7b1b
7b1d
7b1c
831e
831d
831f
001f
001f
001f
001f
001f
001f
001f
001f
001f
001f
001f
001f
001f
001f
001f
001f
001f
001f
001f
001f
001f
001f
001f
001f
001f
001f
001f
001f
001f
001f
001f
001f
001f
001f
001f
001f
001f
001f
001f
001f
001f
001f
001f
001f
001f
001f
001f
001f
001f
001f
001f
001f
001f
001f
001f
001f
001f
001f
001f
001f
001f
001f
001f
001f
001f
001f
001f
001f
001f
001f
001f
001f
001f
001f
001f
001f
001f
001f
001f
001f
001f
001f
001f
001f
001f
001f
001f
001f
001f
001f
001f
001f
001f
001f
001f
001f
001f
001f
001f
001f
001f
001f
001f
001f
001f
001f
001f
001f
001f
001f
001f
001f
001f
001f
001f
001f
001f
001f
001f
001f
001f
001f
001f
001f
001f
001f
001f
001f
001f
001f
001f
001f
001f
001f
001f
001f
001f
001f
001f
001f
001f
001f
001f
001f
001f
001f
001f
001f
001f
001f
001f
001f
001f
001f
001f
001f
001f
001f
001f
001f
0330
0331
032f
0330
0b32
0b33
0b31
0b32
0b34
0b35
0b33
0b34
1336
1337
1335
1336
1338
1339
1337
1338
1b3a
1b3b
1b39
1b3a
1b3c
1b3d
1b3b
1b3c
233e
233f
233d
233e
2330
2331
232f
2330
2b32
2b33
2b31
2b32
2b34
2b35
2b33
2b34
3336
3337
3335
3336
3338
3339
3337
3338
3b3a
3b3b
3b39
3b3a
3b3c
3b3d
3b3b
3b3c
433e
433f
433d
433e
4330
4331
432f
4330
4330
4b32
4b33
4b31
4b32
4b34
4b35
4b33
4b34
5336
5337
5335
5336
5338
5339
5337
5338
5b3a
5b3b
5b39
5b3a
5b3c
5b3d
5b3b
5b3c
633e
633f
633d
633e
6330
6331
632f
6330
6b32
6b33
6b31
6b32
6b34
6b35
6b33
6b34
7336
7337
7335
7336
7338
7339
7337
7338
7b3a
7b3b
7b39
7b3a
7b3c
7b3d
7b3b
7b3c
833e
833f
833d
001f
001f
001f
001f
001f
001f
001f
001f
001f
001f
001f
001f
001f
001f
001f
001f
001f
001f
001f
001f
001f
001f
001f
001f
001f
001f
001f
001f
001f
001f
001f
001f
001f
001f
001f
001f
001f
001f
001f
001f
001f
001f
001f
001f
001f
001f
001f
001f
001f
001f
001f
001f
001f
001f
001f
001f
001f
001f
001f
001f
001f
001f
001f
001f
001f
001f
001f
001f
001f
001f
001f
001f
001f
001f
001f
001f
001f
001f
001f
001f
001f
001f
001f
001f
001f
001f
001f
001f
001f
001f
001f
001f
001f
001f
001f
001f
001f
001f
001f
001f
001f
001f
001f
001f
001f
001f
001f
001f
001f
001f
001f
001f
001f
001f
001f
001f
001f
001f
001f
001f
001f
001f
001f
001f
001f
001f
001f
001f
001f
001f
001f
001f
001f
001f
001f
001f
001f
001f
001f
001f
001f
001f
001f
001f
001f
001f
001f
001f
001f
001f
001f
001f
001f
001f
001f
001f
001f
001f
001f
001f
0331
0330
0330
032f
0b33
0b32
0b32
0b31
0b35
0b34
0b34
0b33
1337
1336
1336
1335
1339
1338
1338
1337
1b3b
1b3a
1b3a
1b39
1b3d
1b3c
1b3c
1b3b
233f
233e
233e
233d
2331
2330
2330
232f
2b33
2b32
2b32
2b31
2b35
2b34
2b34
2b33
3337
3336
3336
3335
3339
3338
3338
3337
3b3b
3b3a
3b3a
3b39
3b3d
3b3c
3b3c
3b3b
433f
433e
433e
433d
4331
4330
4330
432f
432f
4b33
4b32
4b32
4b31
4b35
4b34
4b34
4b33
5337
5336
5336
5335
5339
5338
5338
5337
5b3b
5b3a
5b3a
5b39
5b3d
5b3c
5b3c
5b3b
633f
633e
633e
633d
6331
6330
6330
632f
6b33
6b32
6b32
6b31
6b35
6b34
6b34
6b33
7337
7336
7336
7335
7339
7338
7338
7337
7b3b
7b3a
7b3a
7b39
7b3d
7b3c
7b3c
7b3b
833f
833e
833e
001f
001f
001f
001f
001f
001f
001f
001f
001f
001f
001f
001f
001f
001f
001f
001f
001f
001f
001f
001f
001f
001f
001f
001f
001f
001f
001f
001f
001f
001f
001f
001f
001f
001f
001f
001f
001f
001f
001f
001f
001f
001f
001f
001f
001f
001f
001f
001f
001f
001f
001f
001f
001f
001f
001f
001f
001f
001f
001f
001f
001f
001f
001f
001f
001f
001f
001f
001f
001f
001f
001f
001f
001f
001f
001f
001f
001f
001f
001f
001f
001f
001f
001f
001f
001f
001f
001f
001f
001f
001f
001f
001f
001f
001f
001f
001f
001f
001f
001f
001f
001f
001f
001f
001f
001f
001f
001f
001f
001f
001f
001f
001f
001f
001f
001f
001f
001f
001f
001f
001f
001f
001f
001f
001f
001f
001f
001f
001f
001f
001f
001f
001f
001f
001f
001f
001f
001f
001f
001f
001f
001f
001f
001f
001f
001f
001f
001f
001f
001f
001f
001f
001f
001f
001f
001f
001f
001f
001f
001f
001f
0331
0332
0332
0333
0b2f
0b30
0b30
0b31
0b35
0b36
0b36
0b37
1333
1334
1334
1335
1339
133a
133a
133b
1b37
1b38
1b38
1b39
1b3d
1b3e
1b3e
1b3f
233b
233c
233c
233d
2331
2332
2332
2333
2b2f
2b30
2b30
2b31
2b35
2b36
2b36
2b37
3333
3334
3334
3335
3339
333a
333a
333b
3b37
3b38
3b38
3b39
3b3d
3b3e
3b3e
3b3f
433b
433c
433c
433d
4331
4332
4332
4333
4333
4b2f
4b30
4b30
4b31
4b35
4b36
4b36
4b37
5333
5334
5334
5335
5339
533a
533a
533b
5b37
5b38
5b38
5b39
5b3d
5b3e
5b3e
5b3f
633b
633c
633c
633d
6331
6332
6332
6333
6b2f
6b30
6b30
6b31
6b35
6b36
6b36
6b37
7333
7334
7334
7335
7339
733a
733a
733b
7b37
7b38
7b38
7b39
7b3d
7b3e
7b3e
7b3f
833b
833c
833c
001f
001f
001f
001f
001f
001f
001f
001f
001f
001f
001f
001f
001f
001f
001f
001f
001f
001f
001f
001f
001f
001f
001f
001f
001f
001f
001f
001f
001f
001f
001f
001f
001f
001f
001f
001f
001f
001f
001f
001f
001f
001f
001f
001f
001f
001f
001f
001f
001f
001f
001f
001f
001f
001f
001f
001f
001f
001f
001f
001f
001f
001f
001f
001f
001f
001f
001f
001f
001f
001f
001f
001f
001f
001f
001f
001f
001f
001f
001f
001f
001f
001f
001f
001f
001f
001f
001f
001f
001f
001f
001f
001f
001f
001f
001f
001f
001f
001f
001f
001f
001f
001f
001f
001f
001f
001f
001f
001f
001f
001f
001f
001f
001f
001f
001f
001f
001f
001f
001f
001f
001f
001f
001f
001f
001f
001f
001f
001f
001f
001f
001f
001f
001f
001f
001f
001f
001f
001f
001f
001f
001f
001f
001f
001f
001f
001f
001f
001f
001f
001f
001f
001f
001f
001f
001f
001f
001f
001f
001f
001f
0332
0331
0333
0332
0b30
0b2f
0b31
0b30
0b36
0b35
0b37
0b36
1334
1333
1335
1334
133a
1339
133b
133a
1b38
1b37
1b39
1b38
1b3e
1b3d
1b3f
1b3e
233c
233b
233d
233c
2332
2331
2333
2332
2b30
2b2f
2b31
2b30
2b36
2b35
2b37
2b36
3334
3333
3335
3334
333a
3339
333b
333a
3b38
3b37
3b39
3b38
3b3e
3b3d
3b3f
3b3e
433c
433b
433d
433c
4332
4331
4333
4332
4332
4b30
4b2f
4b31
4b30
4b36
4b35
4b37
4b36
5334
5333
5335
5334
533a
5339
533b
533a
5b38
5b37
5b39
5b38
5b3e
5b3d
5b3f
5b3e
633c
633b
633d
633c
6332
6331
6333
6332
6b30
6b2f
6b31
6b30
6b36
6b35
6b37
6b36
7334
7333
7335
7334
733a
7339
733b
733a
7b38
7b37
7b39
7b38
7b3e
7b3d
7b3f
7b3e
833c
833b
833d
001f
001f
001f
001f
001f
001f
001f
001f
001f
001f
001f
001f
001f
001f
001f
001f
001f
001f
001f
001f
001f
001f
001f
001f
001f
001f
001f
001f
001f
001f
001f
001f
001f
001f
001f
001f
001f
001f
001f
001f
001f
001f
001f
001f
001f
001f
001f
001f
001f
001f
001f
001f
001f
001f
001f
001f
001f
001f
001f
001f
001f
001f
001f
001f
001f
001f
001f
001f
001f
001f
001f
001f
001f
001f
001f
001f
001f
001f
001f
001f
001f
001f
001f
001f
001f
001f
001f
001f
001f
001f
001f
001f
001f
001f
001f
001f
001f
001f
001f
001f
001f
001f
001f
001f
001f
001f
001f
001f
001f
001f
001f
001f
001f
001f
001f
001f
001f
001f
001f
001f
001f
001f
001f
001f
001f
001f
001f
001f
001f
001f
001f
001f
001f
001f
001f
001f
001f
001f
001f
001f
001f
001f
001f
001f
001f
001f
001f
001f
001f
001f
001f
001f
001f
001f
001f
001f
001f
001f
001f
001f
0352
0353
0351
0352
0b50
0b51
0b4f
0b50
0b56
0b57
0b55
0b56
1354
1355
1353
1354
135a
135b
1359
135a
1b58
1b59
1b57
1b58
1b5e
1b5f
1b5d
1b5e
235c
235d
235b
235c
2352
2353
2351
2352
2b50
2b51
2b4f
2b50
2b56
2b57
2b55
2b56
3354
3355
3353
3354
335a
335b
3359
335a
3b58
3b59
3b57
3b58
3b5e
3b5f
3b5d
3b5e
435c
435d
435b
435c
4352
4353
4351
4352
4352
4b50
4b51
4b4f
4b50
4b56
4b57
4b55
4b56
5354
5355
5353
5354
535a
535b
5359
535a
5b58
5b59
5b57
5b58
5b5e
5b5f
5b5d
5b5e
635c
635d
635b
635c
6352
6353
6351
6352
6b50
6b51
6b4f
6b50
6b56
6b57
6b55
6b56
7354
7355
7353
7354
735a
735b
7359
735a
7b58
7b59
7b57
7b58
7b5e
7b5f
7b5d
7b5e
835c
835d
835b
001f
001f
001f
001f
001f
001f
001f
001f
001f
001f
001f
001f
001f
001f
001f
001f
001f
001f
001f
001f
001f
001f
001f
001f
001f
001f
001f
001f
001f
001f
001f
001f
001f
001f
001f
001f
001f
001f
001f
001f
001f
001f
001f
001f
001f
001f
001f
001f
001f
001f
001f
001f
001f
001f
001f
001f
001f
001f
001f
001f
001f
001f
001f
001f
001f
001f
001f
001f
001f
001f
001f
001f
001f
001f
001f
001f
001f
001f
001f
001f
001f
001f
001f
001f
001f
001f
001f
001f
001f
001f
001f
001f
001f
001f
001f
001f
001f
001f
001f
001f
001f
001f
001f
001f
001f
001f
001f
001f
001f
001f
001f
001f
001f
001f
001f
001f
001f
001f
001f
001f
001f
001f
001f
001f
001f
001f
001f
001f
001f
001f
001f
001f
001f
001f
001f
001f
001f
001f
001f
001f
001f
001f
001f
001f
001f
001f
001f
001f
001f
001f
001f
001f
001f
001f
001f
001f
001f
001f
001f
001f
0353
0352
0352
0351
0b51
0b50
0b50
0b4f
0b57
0b56
0b56
0b55
1355
1354
1354
1353
135b
135a
135a
1359
1b59
1b58
1b58
1b57
1b5f
1b5e
1b5e
1b5d
235d
235c
235c
235b
2353
2352
2352
2351
2b51
2b50
2b50
2b4f
2b57
2b56
2b56
2b55
3355
3354
3354
3353
335b
335a
335a
3359
3b59
3b58
3b58
3b57
3b5f
3b5e
3b5e
3b5d
435d
435c
435c
435b
4353
4352
4352
4351
4351
4b51
4b50
4b50
4b4f
4b57
4b56
4b56
4b55
5355
5354
5354
5353
535b
535a
535a
5359
5b59
5b58
5b58
5b57
5b5f
5b5e
5b5e
5b5d
635d
635c
635c
635b
6353
6352
6352
6351
6b51
6b50
6b50
6b4f
6b57
6b56
6b56
6b55
7355
7354
7354
7353
735b
735a
735a
7359
7b59
7b58
7b58
7b57
7b5f
7b5e
7b5e
7b5d
835d
835c
835c
001f
001f
001f
001f
001f
001f
001f
001f
001f
001f
001f
001f
001f
001f
001f
001f
001f
001f
001f
001f
001f
001f
001f
001f
001f
001f
001f
001f
001f
001f
001f
001f
001f
001f
001f
001f
001f
001f
001f
001f
001f
001f
001f
001f
001f
001f
001f
001f
001f
001f
001f
001f
001f
001f
001f
001f
001f
001f
001f
001f
001f
001f
001f
001f
001f
001f
001f
001f
001f
001f
001f
001f
001f
001f
001f
001f
001f
001f
001f
001f
001f
001f
001f
001f
001f
001f
001f
001f
001f
001f
001f
001f
001f
001f
001f
001f
001f
001f
001f
001f
001f
001f
001f
001f
001f
001f
001f
001f
001f
001f
001f
001f
001f
001f
001f
001f
001f
001f
001f
001f
001f
001f
001f
001f
001f
001f
001f
001f
001f
001f
001f
001f
001f
001f
001f
001f
001f
001f
001f
001f
001f
001f
001f
001f
001f
001f
001f
001f
001f
001f
001f
001f
001f
001f
001f
001f
001f
001f
001f
001f
0353
0354
0354
0355
0b55
0b56
0b56
0b57
0b4f
0b50
0b50
0b51
1351
1352
1352
1353
135b
135c
135c
135d
1b5d
1b5e
1b5e
1b5f
1b57
1b58
1b58
1b59
2359
235a
235a
235b
2353
2354
2354
2355
2b55
2b56
2b56
2b57
2b4f
2b50
2b50
2b51
3351
3352
3352
3353
335b
335c
335c
335d
3b5d
3b5e
3b5e
3b5f
3b57
3b58
3b58
3b59
4359
435a
435a
435b
4353
4354
4354
4355
4355
4b55
4b56
4b56
4b57
4b4f
4b50
4b50
4b51
5351
5352
5352
5353
535b
535c
535c
535d
5b5d
5b5e
5b5e
5b5f
5b57
5b58
5b58
5b59
6359
635a
635a
635b
6353
6354
6354
6355
6b55
6b56
6b56
6b57
6b4f
6b50
6b50
6b51
7351
7352
7352
7353
735b
735c
735c
735d
7b5d
7b5e
7b5e
7b5f
7b57
7b58
7b58
7b59
8359
835a
835a
001f
001f
001f
001f
001f
001f
001f
001f
001f
001f
001f
001f
001f
001f
001f
001f
001f
001f
001f
001f
001f
001f
001f
001f
001f
001f
001f
001f
001f
001f
001f
001f
001f
001f
001f
001f
001f
001f
001f
001f
001f
001f
001f
001f
001f
001f
001f
001f
001f
001f
001f
001f
001f
001f
001f
001f
001f
001f
001f
001f
001f
001f
001f
001f
001f
001f
001f
001f
001f
001f
001f
001f
001f
001f
001f
001f
001f
001f
001f
001f
001f
001f
001f
001f
001f
001f
001f
001f
001f
001f
001f
001f
001f
001f
001f
001f
001f
001f
001f
001f
001f
001f
001f
001f
001f
001f
001f
001f
001f
001f
001f
001f
001f
001f
001f
001f
001f
001f
001f
001f
001f
001f
001f
001f
001f
001f
001f
001f
001f
001f
001f
001f
001f
001f
001f
001f
001f
001f
001f
001f
001f
001f
001f
001f
001f
001f
001f
001f
001f
001f
001f
001f
001f
001f
001f
001f
001f
001f
001f
001f
0354
0353
0355
0354
0b56
0b55
0b57
0b56
0b50
0b4f
0b51
0b50
1352
1351
1353
1352
135c
135b
135d
135c
1b5e
1b5d
1b5f
1b5e
1b58
1b57
1b59
1b58
235a
2359
235b
235a
2354
2353
2355
2354
2b56
2b55
2b57
2b56
2b50
2b4f
2b51
2b50
3352
3351
3353
3352
335c
335b
335d
335c
3b5e
3b5d
3b5f
3b5e
3b58
3b57
3b59
3b58
435a
4359
435b
435a
4354
4353
4355
4354
4354
4b56
4b55
4b57
4b56
4b50
4b4f
4b51
4b50
5352
5351
5353
5352
535c
535b
535d
535c
5b5e
5b5d
5b5f
5b5e
5b58
5b57
5b59
5b58
635a
6359
635b
635a
6354
6353
6355
6354
6b56
6b55
6b57
6b56
6b50
6b4f
6b51
6b50
7352
7351
7353
7352
735c
735b
735d
735c
7b5e
7b5d
7b5f
7b5e
7b58
7b57
7b59
7b58
835a
8359
835b
001f
001f
001f
001f
001f
001f
001f
001f
001f
001f
001f
001f
001f
001f
001f
001f
001f
001f
001f
001f
001f
001f
001f
001f
001f
001f
001f
001f
001f
001f
001f
001f
001f
001f
001f
001f
001f
001f
001f
001f
001f
001f
001f
001f
001f
001f
001f
001f
001f
001f
001f
001f
001f
001f
001f
001f
001f
001f
001f
001f
001f
001f
001f
001f
001f
001f
001f
001f
001f
001f
001f
001f
001f
001f
001f
001f
001f
001f
001f
001f
001f
001f
001f
001f
001f
001f
001f
001f
001f
001f
001f
001f
001f
001f
001f
001f
001f
001f
001f
001f
001f
001f
001f
001f
001f
001f
001f
001f
001f
001f
001f
001f
001f
001f
001f
001f
001f
001f
001f
001f
001f
001f
001f
001f
001f
001f
001f
001f
001f
001f
001f
001f
001f
001f
001f
001f
001f
001f
001f
001f
001f
001f
001f
001f
001f
001f
001f
001f
001f
001f
001f
001f
001f
001f
001f
001f
001f
001f
001f
001f
0374
0375
0373
0374
0b76
0b77
0b75
0b76
0b70
0b71
0b6f
0b70
1372
1373
1371
1372
137c
137d
137b
137c
1b7e
1b7f
1b7d
1b7e
1b78
1b79
1b77
1b78
237a
237b
2379
237a
2374
2375
2373
2374
2b76
2b77
2b75
2b76
2b70
2b71
2b6f
2b70
3372
3373
3371
3372
337c
337d
337b
337c
3b7e
3b7f
3b7d
3b7e
3b78
3b79
3b77
3b78
437a
437b
4379
437a
4374
4375
4373
4374
4374
4b76
4b77
4b75
4b76
4b70
4b71
4b6f
4b70
5372
5373
5371
5372
537c
537d
537b
537c
5b7e
5b7f
5b7d
5b7e
5b78
5b79
5b77
5b78
637a
637b
6379
637a
6374
6375
6373
6374
6b76
6b77
6b75
6b76
6b70
6b71
6b6f
6b70
7372
7373
7371
7372
737c
737d
737b
737c
7b7e
7b7f
7b7d
7b7e
7b78
7b79
7b77
7b78
837a
837b
8379
001f
001f
001f
001f
001f
001f
001f
001f
001f
001f
001f
001f
001f
001f
001f
001f
001f
001f
001f
001f
001f
001f
001f
001f
001f
001f
001f
001f
001f
001f
001f
001f
001f
001f
001f
001f
001f
001f
001f
001f
001f
001f
001f
001f
001f
001f
001f
001f
001f
001f
001f
001f
001f
001f
001f
001f
001f
001f
001f
001f
001f
001f
001f
001f
001f
001f
001f
001f
001f
001f
001f
001f
001f
001f
001f
001f
001f
001f
001f
001f
001f
001f
001f
001f
001f
001f
001f
001f
001f
001f
001f
001f
001f
001f
001f
001f
001f
001f
001f
001f
001f
001f
001f
001f
001f
001f
001f
001f
001f
001f
001f
001f
001f
001f
001f
001f
001f
001f
001f
001f
001f
001f
001f
001f
001f
001f
001f
001f
001f
001f
001f
001f
001f
001f
001f
001f
001f
001f
001f
001f
001f
001f
001f
001f
001f
001f
001f
001f
001f
001f
001f
001f
001f
001f
001f
001f
001f
001f
001f
001f
0375
0374
0374
0373
0b77
0b76
0b76
0b75
0b71
0b70
0b70
0b6f
1373
1372
1372
1371
137d
137c
137c
137b
1b7f
1b7e
1b7e
1b7d
1b79
1b78
1b78
1b77
237b
237a
237a
2379
2375
2374
2374
2373
2b77
2b76
2b76
2b75
2b71
2b70
2b70
2b6f
3373
3372
3372
3371
337d
337c
337c
337b
3b7f
3b7e
3b7e
3b7d
3b79
3b78
3b78
3b77
437b
437a
437a
4379
4375
4374
4374
4373
4373
4b77
4b76
4b76
4b75
4b71
4b70
4b70
4b6f
5373
5372
5372
5371
537d
537c
537c
537b
5b7f
5b7e
5b7e
5b7d
5b79
5b78
5b78
5b77
637b
637a
637a
6379
6375
6374
6374
6373
6b77
6b76
6b76
6b75
6b71
6b70
6b70
6b6f
7373
7372
7372
7371
737d
737c
737c
737b
7b7f
7b7e
7b7e
7b7d
7b79
7b78
7b78
7b77
837b
837a
837a
001f
001f
001f
001f
001f
001f
001f
001f
001f
001f
001f
001f
001f
001f
001f
001f
001f
001f
001f
001f
001f
001f
001f
001f
001f
001f
001f
001f
001f
001f
001f
001f
001f
001f
001f
001f
001f
001f
001f
001f
001f
001f
001f
001f
001f
001f
001f
001f
001f
001f
001f
001f
001f
001f
001f
001f
001f
001f
001f
001f
001f
001f
001f
001f
001f
001f
001f
001f
001f
001f
001f
001f
001f
001f
001f
001f
001f
001f
001f
001f
001f
001f
001f
001f
001f
001f
001f
001f
001f
001f
001f
001f
001f
001f
001f
001f
001f
001f
001f
001f
001f
001f
001f
001f
001f
001f
001f
001f
001f
001f
001f
001f
001f
001f
001f
001f
001f
001f
001f
001f
001f
001f
001f
001f
001f
001f
001f
001f
001f
001f
001f
001f
001f
001f
001f
001f
001f
001f
001f
001f
001f
001f
001f
001f
001f
001f
001f
001f
001f
001f
001f
001f
001f
001f
001f
001f
001f
001f
001f
001f
0375
0376
0376
0377
0b73
0b74
0b74
0b75
0b71
0b72
0b72
0b73
136f
1370
1370
1371
137d
137e
137e
137f
1b7b
1b7c
1b7c
1b7d
1b79
1b7a
1b7a
1b7b
2377
2378
2378
2379
2375
2376
2376
2377
2b73
2b74
2b74
2b75
2b71
2b72
2b72
2b73
336f
3370
3370
3371
337d
337e
337e
337f
3b7b
3b7c
3b7c
3b7d
3b79
3b7a
3b7a
3b7b
4377
4378
4378
4379
4375
4376
4376
4377
4377
4b73
4b74
4b74
4b75
4b71
4b72
4b72
4b73
536f
5370
5370
5371
537d
537e
537e
537f
5b7b
5b7c
5b7c
5b7d
5b79
5b7a
5b7a
5b7b
6377
6378
6378
6379
6375
6376
6376
6377
6b73
6b74
6b74
6b75
6b71
6b72
6b72
6b73
736f
7370
7370
7371
737d
737e
737e
737f
7b7b
7b7c
7b7c
7b7d
7b79
7b7a
7b7a
7b7b
8377
8378
8378
001f
001f
001f
001f
001f
001f
001f
001f
001f
001f
001f
001f
001f
001f
001f
001f
001f
001f
001f
001f
001f
001f
001f
001f
001f
001f
001f
001f
001f
001f
001f
001f
001f
001f
001f
001f
001f
001f
001f
001f
001f
001f
001f
001f
001f
001f
001f
001f
001f
001f
001f
001f
001f
001f
001f
001f
001f
001f
001f
001f
001f
001f
001f
001f
001f
001f
001f
001f
001f
001f
001f
001f
001f
001f
001f
001f
001f
001f
001f
001f
001f
001f
001f
001f
001f
001f
001f
001f
001f
001f
001f
001f
001f
001f
001f
001f
001f
001f
001f
001f
001f
001f
001f
001f
001f
001f
001f
001f
001f
001f
001f
001f
001f
001f
001f
001f
001f
001f
001f
001f
001f
001f
001f
001f
001f
001f
001f
001f
001f
001f
001f
001f
001f
001f
001f
001f
001f
001f
001f
001f
001f
001f
001f
001f
001f
001f
001f
001f
001f
001f
001f
001f
001f
001f
001f
001f
001f
001f
001f
001f
0376
0375
0377
0376
0b74
0b73
0b75
0b74
0b72
0b71
0b73
0b72
1370
136f
1371
1370
137e
137d
137f
137e
1b7c
1b7b
1b7d
1b7c
1b7a
1b79
1b7b
1b7a
2378
2377
2379
2378
2376
2375
2377
2376
2b74
2b73
2b75
2b74
2b72
2b71
2b73
2b72
3370
336f
3371
3370
337e
337d
337f
337e
3b7c
3b7b
3b7d
3b7c
3b7a
3b79
3b7b
3b7a
4378
4377
4379
4378
4376
4375
4377
4376
4376
4b74
4b73
4b75
4b74
4b72
4b71
4b73
4b72
5370
536f
5371
5370
537e
537d
537f
537e
5b7c
5b7b
5b7d
5b7c
5b7a
5b79
5b7b
5b7a
6378
6377
6379
6378
6376
6375
6377
6376
6b74
6b73
6b75
6b74
6b72
6b71
6b73
6b72
7370
736f
7371
7370
737e
737d
737f
737e
7b7c
7b7b
7b7d
7b7c
7b7a
7b79
7b7b
7b7a
8378
8377
8379
001f
001f
001f
001f
001f
001f
001f
001f
001f
001f
001f
001f
001f
001f
001f
001f
001f
001f
001f
001f
001f
001f
001f
001f
001f
001f
001f
001f
001f
001f
001f
001f
001f
001f
001f
001f
001f
001f
001f
001f
001f
001f
001f
001f
001f
001f
001f
001f
001f
001f
001f
001f
001f
001f
001f
001f
001f
001f
001f
001f
001f
001f
001f
001f
001f
001f
001f
001f
001f
001f
001f
001f
001f
001f
001f
001f
001f
001f
001f
001f
001f
001f
001f
001f
001f
001f
001f
001f
001f
001f
001f
001f
001f
001f
001f
001f
001f
001f
001f
001f
001f
001f
001f
001f
001f
001f
001f
001f
001f
001f
001f
001f
001f
001f
001f
001f
001f
001f
001f
001f
001f
001f
001f
001f
001f
001f
001f
001f
001f
001f
001f
001f
001f
001f
001f
001f
001f
001f
001f
001f
001f
001f
001f
001f
001f
001f
001f
001f
001f
001f
001f
001f
001f
001f
001f
001f
001f
001f
001f
001f
0396
0397
0395
0396
0b94
0b95
0b93
0b94
0b92
0b93
0b91
0b92
1390
1391
138f
1390
139e
139f
139d
139e
1b9c
1b9d
1b9b
1b9c
1b9a
1b9b
1b99
1b9a
2398
2399
2397
2398
2396
2397
2395
2396
2b94
2b95
2b93
2b94
2b92
2b93
2b91
2b92
3390
3391
338f
3390
339e
339f
339d
339e
3b9c
3b9d
3b9b
3b9c
3b9a
3b9b
3b99
3b9a
4398
4399
4397
4398
4396
4397
4395
4396
4396
4b94
4b95
4b93
4b94
4b92
4b93
4b91
4b92
5390
5391
538f
5390
539e
539f
539d
539e
5b9c
5b9d
5b9b
5b9c
5b9a
5b9b
5b99
5b9a
6398
6399
6397
6398
6396
6397
6395
6396
6b94
6b95
6b93
6b94
6b92
6b93
6b91
6b92
7390
7391
738f
7390
739e
739f
739d
739e
7b9c
7b9d
7b9b
7b9c
7b9a
7b9b
7b99
7b9a
8398
8399
8397
001f
001f
001f
001f
001f
001f
001f
001f
001f
001f
001f
001f
001f
001f
001f
001f
001f
001f
001f
001f
001f
001f
001f
001f
001f
001f
001f
001f
001f
001f
001f
001f
001f
001f
001f
001f
001f
001f
001f
001f
001f
001f
001f
001f
001f
001f
001f
001f
001f
001f
001f
001f
001f
001f
001f
001f
001f
001f
001f
001f
001f
001f
001f
001f
001f
001f
001f
001f
001f
001f
001f
001f
001f
001f
001f
001f
001f
001f
001f
001f
001f
001f
001f
001f
001f
001f
001f
001f
001f
001f
001f
001f
001f
001f
001f
001f
001f
001f
001f
001f
001f
001f
001f
001f
001f
001f
001f
001f
001f
001f
001f
001f
001f
001f
001f
001f
001f
001f
001f
001f
001f
001f
001f
001f
001f
001f
001f
001f
001f
001f
001f
001f
001f
001f
001f
001f
001f
001f
001f
001f
001f
001f
001f
001f
001f
001f
001f
001f
001f
001f
001f
001f
001f
001f
001f
001f
001f
001f
001f
001f
0397
0396
0396
0395
0b95
0b94
0b94
0b93
0b93
0b92
0b92
0b91
1391
1390
1390
138f
139f
139e
139e
139d
1b9d
1b9c
1b9c
1b9b
1b9b
1b9a
1b9a
1b99
2399
2398
2398
2397
2397
2396
2396
2395
2b95
2b94
2b94
2b93
2b93
2b92
2b92
2b91
3391
3390
3390
338f
339f
339e
339e
339d
3b9d
3b9c
3b9c
3b9b
3b9b
3b9a
3b9a
3b99
4399
4398
4398
4397
4397
4396
4396
4395
4395
4b95
4b94
4b94
4b93
4b93
4b92
4b92
4b91
5391
5390
5390
538f
539f
539e
539e
539d
5b9d
5b9c
5b9c
5b9b
5b9b
5b9a
5b9a
5b99
6399
6398
6398
6397
6397
6396
6396
6395
6b95
6b94
6b94
6b93
6b93
6b92
6b92
6b91
7391
7390
7390
738f
739f
739e
739e
739d
7b9d
7b9c
7b9c
7b9b
7b9b
7b9a
7b9a
7b99
8399
8398
8398
001f
001f
001f
001f
001f
001f
001f
001f
001f
001f
001f
001f
001f
001f
001f
001f
001f
001f
001f
001f
001f
001f
001f
001f
001f
001f
001f
001f
001f
001f
001f
001f
001f
001f
001f
001f
001f
001f
001f
001f
001f
001f
001f
001f
001f
001f
001f
001f
001f
001f
001f
001f
001f
001f
001f
001f
001f
001f
001f
001f
001f
001f
001f
001f
001f
001f
001f
001f
001f
001f
001f
001f
001f
001f
001f
001f
001f
001f
001f
001f
001f
001f
001f
001f
001f
001f
001f
001f
001f
001f
001f
001f
001f
001f
001f
001f
001f
001f
001f
001f
001f
001f
001f
001f
001f
001f
001f
001f
001f
001f
001f
001f
001f
001f
001f
001f
001f
001f
001f
001f
001f
001f
001f
001f
001f
001f
001f
001f
001f
001f
001f
001f
001f
001f
001f
001f
001f
001f
001f
001f
001f
001f
001f
001f
001f
001f
001f
001f
001f
001f
001f
001f
001f
001f
001f
001f
001f
001f
001f
001f
0397
0398
0398
0399
0b99
0b9a
0b9a
0b9b
0b9b
0b9c
0b9c
0b9d
139d
139e
139e
139f
138f
1390
1390
1391
1b91
1b92
1b92
1b93
1b93
1b94
1b94
1b95
2395
2396
2396
2397
2397
2398
2398
2399
2b99
2b9a
2b9a
2b9b
2b9b
2b9c
2b9c
2b9d
339d
339e
339e
339f
338f
3390
3390
3391
3b91
3b92
3b92
3b93
3b93
3b94
3b94
3b95
4395
4396
4396
4397
4397
4398
4398
4399
4399
4b99
4b9a
4b9a
4b9b
4b9b
4b9c
4b9c
4b9d
539d
539e
539e
539f
538f
5390
5390
5391
5b91
5b92
5b92
5b93
5b93
5b94
5b94
5b95
6395
6396
6396
6397
6397
6398
6398
6399
6b99
6b9a
6b9a
6b9b
6b9b
6b9c
6b9c
6b9d
739d
739e
739e
739f
738f
7390
7390
7391
7b91
7b92
7b92
7b93
7b93
7b94
7b94
7b95
8395
8396
8396
001f
001f
001f
001f
001f
001f
001f
001f
001f
001f
001f
001f
001f
001f
001f
001f
001f
001f
001f
001f
001f
001f
001f
001f
001f
001f
001f
001f
001f
001f
001f
001f
001f
001f
001f
001f
001f
001f
001f
001f
001f
001f
001f
001f
001f
001f
001f
001f
001f
001f
001f
001f
001f
001f
001f
001f
001f
001f
001f
001f
001f
001f
001f
001f
001f
001f
001f
001f
001f
001f
001f
001f
001f
001f
001f
001f
001f
001f
001f
001f
001f
001f
001f
001f
001f
001f
001f
001f
001f
001f
001f
001f
001f
001f
001f
001f
001f
001f
001f
001f
001f
001f
001f
001f
001f
001f
001f
001f
001f
001f
001f
001f
001f
001f
001f
001f
001f
001f
001f
001f
001f
001f
001f
001f
001f
001f
001f
001f
001f
001f
001f
001f
001f
001f
001f
001f
001f
001f
001f
001f
001f
001f
001f
001f
001f
001f
001f
001f
001f
001f
001f
001f
001f
001f
001f
001f
001f
001f
001f
001f
0398
0397
0399
0398
0b9a
0b99
0b9b
0b9a
0b9c
0b9b
0b9d
0b9c
139e
139d
139f
139e
1390
138f
1391
1390
1b92
1b91
1b93
1b92
1b94
1b93
1b95
1b94
2396
2395
2397
2396
2398
2397
2399
2398
2b9a
2b99
2b9b
2b9a
2b9c
2b9b
2b9d
2b9c
339e
339d
339f
339e
3390
338f
3391
3390
3b92
3b91
3b93
3b92
3b94
3b93
3b95
3b94
4396
4395
4397
4396
4398
4397
4399
4398
4398
4b9a
4b99
4b9b
4b9a
4b9c
4b9b
4b9d
4b9c
539e
539d
539f
539e
5390
538f
5391
5390
5b92
5b91
5b93
5b92
5b94
5b93
5b95
5b94
6396
6395
6397
6396
6398
6397
6399
6398
6b9a
6b99
6b9b
6b9a
6b9c
6b9b
6b9d
6b9c
739e
739d
739f
739e
7390
738f
7391
7390
7b92
7b91
7b93
7b92
7b94
7b93
7b95
7b94
8396
8395
8397
001f
001f
001f
001f
001f
001f
001f
001f
001f
001f
001f
001f
001f
001f
001f
001f
001f
001f
001f
001f
001f
001f
001f
001f
001f
001f
001f
001f
001f
001f
001f
001f
001f
001f
001f
001f
001f
001f
001f
001f
001f
001f
001f
001f
001f
001f
001f
001f
001f
001f
001f
001f
001f
001f
001f
001f
001f
001f
001f
001f
001f
001f
001f
001f
001f
001f
001f
001f
001f
001f
001f
001f
001f
001f
001f
001f
001f
001f
001f
001f
001f
001f
001f
001f
001f
001f
001f
001f
001f
001f
001f
001f
001f
001f
001f
001f
001f
001f
001f
001f
001f
001f
001f
001f
001f
001f
001f
001f
001f
001f
001f
001f
001f
001f
001f
001f
001f
001f
001f
001f
001f
001f
001f
001f
001f
001f
001f
001f
001f
001f
001f
001f
001f
001f
001f
001f
001f
001f
001f
001f
001f
001f
001f
001f
001f
001f
001f
001f
001f
001f
001f
001f
001f
001f
001f
001f
001f
001f
001f
001f
03b8
03b9
03b7
03b8
0bba
0bbb
0bb9
0bba
0bbc
0bbd
0bbb
0bbc
13be
13bf
13bd
13be
13b0
13b1
13af
13b0
1bb2
1bb3
1bb1
1bb2
1bb4
1bb5
1bb3
1bb4
23b6
23b7
23b5
23b6
23b8
23b9
23b7
23b8
2bba
2bbb
2bb9
2bba
2bbc
2bbd
2bbb
2bbc
33be
33bf
33bd
33be
33b0
33b1
33af
33b0
3bb2
3bb3
3bb1
3bb2
3bb4
3bb5
3bb3
3bb4
43b6
43b7
43b5
43b6
43b8
43b9
43b7
43b8
43b8
4bba
4bbb
4bb9
4bba
4bbc
4bbd
4bbb
4bbc
53be
53bf
53bd
53be
53b0
53b1
53af
53b0
5bb2
5bb3
5bb1
5bb2
5bb4
5bb5
5bb3
5bb4
63b6
63b7
63b5
63b6
63b8
63b9
63b7
63b8
6bba
6bbb
6bb9
6bba
6bbc
6bbd
6bbb
6bbc
73be
73bf
73bd
73be
73b0
73b1
73af
73b0
7bb2
7bb3
7bb1
7bb2
7bb4
7bb5
7bb3
7bb4
83b6
83b7
83b5
001f
001f
001f
001f
001f
001f
001f
001f
001f
001f
001f
001f
001f
001f
001f
001f
001f
001f
001f
001f
001f
001f
001f
001f
001f
001f
001f
001f
001f
001f
001f
001f
001f
001f
001f
001f
001f
001f
001f
001f
001f
001f
001f
001f
001f
001f
001f
001f
001f
001f
001f
001f
001f
001f
001f
001f
001f
001f
001f
001f
001f
001f
001f
001f
001f
001f
001f
001f
001f
001f
001f
001f
001f
001f
001f
001f
001f
001f
001f
001f
001f
001f
001f
001f
001f
001f
001f
001f
001f
001f
001f
001f
001f
001f
001f
001f
001f
001f
001f
001f
001f
001f
001f
001f
001f
001f
001f
001f
001f
001f
001f
001f
001f
001f
001f
001f
001f
001f
001f
001f
001f
001f
001f
001f
001f
001f
001f
001f
001f
001f
001f
001f
001f
001f
001f
001f
001f
001f
001f
001f
001f
001f
001f
001f
001f
001f
001f
001f
001f
001f
001f
001f
001f
001f
001f
001f
001f
001f
001f
001f
03b9
03b8
03b8
03b7
0bbb
0bba
0bba
0bb9
0bbd
0bbc
0bbc
0bbb
13bf
13be
13be
13bd
13b1
13b0
13b0
13af
1bb3
1bb2
1bb2
1bb1
1bb5
1bb4
1bb4
1bb3
23b7
23b6
23b6
23b5
23b9
23b8
23b8
23b7
2bbb
2bba
2bba
2bb9
2bbd
2bbc
2bbc
2bbb
33bf
33be
33be
33bd
33b1
33b0
33b0
33af
3bb3
3bb2
3bb2
3bb1
3bb5
3bb4
3bb4
3bb3
43b7
43b6
43b6
43b5
43b9
43b8
43b8
43b7
43b7
4bbb
4bba
4bba
4bb9
4bbd
4bbc
4bbc
4bbb
53bf
53be
53be
53bd
53b1
53b0
53b0
53af
5bb3
5bb2
5bb2
5bb1
5bb5
5bb4
5bb4
5bb3
63b7
63b6
63b6
63b5
63b9
63b8
63b8
63b7
6bbb
6bba
6bba
6bb9
6bbd
6bbc
6bbc
6bbb
73bf
73be
73be
73bd
73b1
73b0
73b0
73af
7bb3
7bb2
7bb2
7bb1
7bb5
7bb4
7bb4
7bb3
83b7
83b6
83b6
001f
001f
001f
001f
001f
001f
001f
001f
001f
001f
001f
001f
001f
001f
001f
001f
001f
001f
001f
001f
001f
001f
001f
001f
001f
001f
001f
001f
001f
001f
001f
001f
001f
001f
001f
001f
001f
001f
001f
001f
001f
001f
001f
001f
001f
001f
001f
001f
001f
001f
001f
001f
001f
001f
001f
001f
001f
001f
001f
001f
001f
001f
001f
001f
001f
001f
001f
001f
001f
001f
001f
001f
001f
001f
001f
001f
001f
001f
001f
001f
001f
001f
001f
001f
001f
001f
001f
001f
001f
001f
001f
001f
001f
001f
001f
001f
001f
001f
001f
001f
001f
001f
001f
001f
001f
001f
001f
001f
001f
001f
001f
001f
001f
001f
001f
001f
001f
001f
001f
001f
001f
001f
001f
001f
001f
001f
001f
001f
001f
001f
001f
001f
001f
001f
001f
001f
001f
001f
001f
001f
001f
001f
001f
001f
001f
001f
001f
001f
001f
001f
001f
001f
001f
001f
001f
001f
001f
001f
001f
001f
03b9
03ba
03ba
03bb
0bb7
0bb8
0bb8
0bb9
0bbd
0bbe
0bbe
0bbf
13bb
13bc
13bc
13bd
13b1
13b2
13b2
13b3
1baf
1bb0
1bb0
1bb1
1bb5
1bb6
1bb6
1bb7
23b3
23b4
23b4
23b5
23b9
23ba
23ba
23bb
2bb7
2bb8
2bb8
2bb9
2bbd
2bbe
2bbe
2bbf
33bb
33bc
33bc
33bd
33b1
33b2
33b2
33b3
3baf
3bb0
3bb0
3bb1
3bb5
3bb6
3bb6
3bb7
43b3
43b4
43b4
43b5
43b9
43ba
43ba
43bb
43bb
4bb7
4bb8
4bb8
4bb9
4bbd
4bbe
4bbe
4bbf
53bb
53bc
53bc
53bd
53b1
53b2
53b2
53b3
5baf
5bb0
5bb0
5bb1
5bb5
5bb6
5bb6
5bb7
63b3
63b4
63b4
63b5
63b9
63ba
63ba
63bb
6bb7
6bb8
6bb8
6bb9
6bbd
6bbe
6bbe
6bbf
73bb
73bc
73bc
73bd
73b1
73b2
73b2
73b3
7baf
7bb0
7bb0
7bb1
7bb5
7bb6
7bb6
7bb7
83b3
83b4
83b4
001f
001f
001f
001f
001f
001f
001f
001f
001f
001f
001f
001f
001f
001f
001f
001f
001f
001f
001f
001f
001f
001f
001f
001f
001f
001f
001f
001f
001f
001f
001f
001f
001f
001f
001f
001f
001f
001f
001f
001f
001f
001f
001f
001f
001f
001f
001f
001f
001f
001f
001f
001f
001f
001f
001f
001f
001f
001f
001f
001f
001f
001f
001f
001f
001f
001f
001f
001f
001f
001f
001f
001f
001f
001f
001f
001f
001f
001f
001f
001f
001f
001f
001f
001f
001f
001f
001f
001f
001f
001f
001f
001f
001f
001f
001f
001f
001f
001f
001f
001f
001f
001f
001f
001f
001f
001f
001f
001f
001f
001f
001f
001f
001f
001f
001f
001f
001f
001f
001f
001f
001f
001f
001f
001f
001f
001f
001f
001f
001f
001f
001f
001f
001f
001f
001f
001f
001f
001f
001f
001f
001f
001f
001f
001f
001f
001f
001f
001f
001f
001f
001f
001f
001f
001f
001f
001f
001f
001f
001f
001f
03ba
03b9
03bb
03ba
0bb8
0bb7
0bb9
0bb8
0bbe
0bbd
0bbf
0bbe
13bc
13bb
13bd
13bc
13b2
13b1
13b3
13b2
1bb0
1baf
1bb1
1bb0
1bb6
1bb5
1bb7
1bb6
23b4
23b3
23b5
23b4
23ba
23b9
23bb
23ba
2bb8
2bb7
2bb9
2bb8
2bbe
2bbd
2bbf
2bbe
33bc
33bb
33bd
33bc
33b2
33b1
33b3
33b2
3bb0
3baf
3bb1
3bb0
3bb6
3bb5
3bb7
3bb6
43b4
43b3
43b5
43b4
43ba
43b9
43bb
43ba
43ba
4bb8
4bb7
4bb9
4bb8
4bbe
4bbd
4bbf
4bbe
53bc
53bb
53bd
53bc
53b2
53b1
53b3
53b2
5bb0
5baf
5bb1
5bb0
5bb6
5bb5
5bb7
5bb6
63b4
63b3
63b5
63b4
63ba
63b9
63bb
63ba
6bb8
6bb7
6bb9
6bb8
6bbe
6bbd
6bbf
6bbe
73bc
73bb
73bd
73bc
73b2
73b1
73b3
73b2
7bb0
7baf
7bb1
7bb0
7bb6
7bb5
7bb7
7bb6
83b4
83b3
83b5
001f
001f
001f
001f
001f
001f
001f
001f
001f
001f
001f
001f
001f
001f
001f
001f
001f
001f
001f
001f
001f
001f
001f
001f
001f
001f
001f
001f
001f
001f
001f
001f
001f
001f
001f
001f
001f
001f
001f
001f
001f
001f
001f
001f
001f
001f
001f
001f
001f
001f
001f
001f
001f
001f
001f
001f
001f
001f
001f
001f
001f
001f
001f
001f
001f
001f
001f
001f
001f
001f
001f
001f
001f
001f
001f
001f
001f
001f
001f
001f
001f
001f
001f
001f
001f
001f
001f
001f
001f
001f
001f
001f
001f
001f
001f
001f
001f
001f
001f
001f
001f
001f
001f
001f
001f
001f
001f
001f
001f
001f
001f
001f
001f
001f
001f
001f
001f
001f
001f
001f
001f
001f
001f
001f
001f
001f
001f
001f
001f
001f
001f
001f
001f
001f
001f
001f
001f
001f
001f
001f
001f
001f
001f
001f
001f
001f
001f
001f
001f
001f
001f
001f
001f
001f
001f
001f
001f
001f
001f
001f
03da
03db
03d9
03da
0bd8
0bd9
0bd7
0bd8
0bde
0bdf
0bdd
0bde
13dc
13dd
13db
13dc
13d2
13d3
13d1
13d2
1bd0
1bd1
1bcf
1bd0
1bd6
1bd7
1bd5
1bd6
23d4
23d5
23d3
23d4
23da
23db
23d9
23da
2bd8
2bd9
2bd7
2bd8
2bde
2bdf
2bdd
2bde
33dc
33dd
33db
33dc
33d2
33d3
33d1
33d2
3bd0
3bd1
3bcf
3bd0
3bd6
3bd7
3bd5
3bd6
43d4
43d5
43d3
43d4
43da
43db
43d9
43da
43da
4bd8
4bd9
4bd7
4bd8
4bde
4bdf
4bdd
4bde
53dc
53dd
53db
53dc
53d2
53d3
53d1
53d2
5bd0
5bd1
5bcf
5bd0
5bd6
5bd7
5bd5
5bd6
63d4
63d5
63d3
63d4
63da
63db
63d9
63da
6bd8
6bd9
6bd7
6bd8
6bde
6bdf
6bdd
6bde
73dc
73dd
73db
73dc
73d2
73d3
73d1
73d2
7bd0
7bd1
7bcf
7bd0
7bd6
7bd7
7bd5
7bd6
83d4
83d5
83d3
001f
001f
001f
001f
001f
001f
001f
001f
001f
001f
001f
001f
001f
001f
001f
001f
001f
001f
001f
001f
001f
001f
001f
001f
001f
001f
001f
001f
001f
001f
001f
001f
001f
001f
001f
001f
001f
001f
001f
001f
001f
001f
001f
001f
001f
001f
001f
001f
001f
001f
001f
001f
001f
001f
001f
001f
001f
001f
001f
001f
001f
001f
001f
001f
001f
001f
001f
001f
001f
001f
001f
001f
001f
001f
001f
001f
001f
001f
001f
001f
001f
001f
001f
001f
001f
001f
001f
001f
001f
001f
001f
001f
001f
001f
001f
001f
001f
001f
001f
001f
001f
001f
001f
001f
001f
001f
001f
001f
001f
001f
001f
001f
001f
001f
001f
001f
001f
001f
001f
001f
001f
001f
001f
001f
001f
001f
001f
001f
001f
001f
001f
001f
001f
001f
001f
001f
001f
001f
001f
001f
001f
001f
001f
001f
001f
001f
001f
001f
001f
001f
001f
001f
001f
001f
001f
001f
001f
001f
001f
001f
03db
03da
03da
03d9
0bd9
0bd8
0bd8
0bd7
0bdf
0bde
0bde
0bdd
13dd
13dc
13dc
13db
13d3
13d2
13d2
13d1
1bd1
1bd0
1bd0
1bcf
1bd7
1bd6
1bd6
1bd5
23d5
23d4
23d4
23d3
23db
23da
23da
23d9
2bd9
2bd8
2bd8
2bd7
2bdf
2bde
2bde
2bdd
33dd
33dc
33dc
33db
33d3
33d2
33d2
33d1
3bd1
3bd0
3bd0
3bcf
3bd7
3bd6
3bd6
3bd5
43d5
43d4
43d4
43d3
43db
43da
43da
43d9
43d9
4bd9
4bd8
4bd8
4bd7
4bdf
4bde
4bde
4bdd
53dd
53dc
53dc
53db
53d3
53d2
53d2
53d1
5bd1
5bd0
5bd0
5bcf
5bd7
5bd6
5bd6
5bd5
63d5
63d4
63d4
63d3
63db
63da
63da
63d9
6bd9
6bd8
6bd8
6bd7
6bdf
6bde
6bde
6bdd
73dd
73dc
73dc
73db
73d3
73d2
73d2
73d1
7bd1
7bd0
7bd0
7bcf
7bd7
7bd6
7bd6
7bd5
83d5
83d4
83d4
001f
001f
001f
001f
001f
001f
001f
001f
001f
001f
001f
001f
001f
001f
001f
001f
001f
001f
001f
001f
001f
001f
001f
001f
001f
001f
001f
001f
001f
001f
001f
001f
001f
001f
001f
001f
001f
001f
001f
001f
001f
001f
001f
001f
001f
001f
001f
001f
001f
001f
001f
001f
001f
001f
001f
001f
001f
001f
001f
001f
001f
001f
001f
001f
001f
001f
001f
001f
001f
001f
001f
001f
001f
001f
001f
001f
001f
001f
001f
001f
001f
001f
001f
001f
001f
001f
001f
001f
001f
001f
001f
001f
001f
001f
001f
001f
001f
001f
001f
001f
001f
001f
001f
001f
001f
001f
001f
001f
001f
001f
001f
001f
001f
001f
001f
001f
001f
001f
001f
001f
001f
001f
001f
001f
001f
001f
001f
001f
001f
001f
001f
001f
001f
001f
001f
001f
001f
001f
001f
001f
001f
001f
001f
001f
001f
001f
001f
001f
001f
001f
001f
001f
001f
001f
001f
001f
001f
001f
001f
001f
03db
03dc
03dc
03dd
0bdd
0bde
0bde
0bdf
0bd7
0bd8
0bd8
0bd9
13d9
13da
13da
13db
13d3
13d4
13d4
13d5
1bd5
1bd6
1bd6
1bd7
1bcf
1bd0
1bd0
1bd1
23d1
23d2
23d2
23d3
23db
23dc
23dc
23dd
2bdd
2bde
2bde
2bdf
2bd7
2bd8
2bd8
2bd9
33d9
33da
33da
33db
33d3
33d4
33d4
33d5
3bd5
3bd6
3bd6
3bd7
3bcf
3bd0
3bd0
3bd1
43d1
43d2
43d2
43d3
43db
43dc
43dc
43dd
43dd
4bdd
4bde
4bde
4bdf
4bd7
4bd8
4bd8
4bd9
53d9
53da
53da
53db
53d3
53d4
53d4
53d5
5bd5
5bd6
5bd6
5bd7
5bcf
5bd0
5bd0
5bd1
63d1
63d2
63d2
63d3
63db
63dc
63dc
63dd
6bdd
6bde
6bde
6bdf
6bd7
6bd8
6bd8
6bd9
73d9
73da
73da
73db
73d3
73d4
73d4
73d5
7bd5
7bd6
7bd6
7bd7
7bcf
7bd0
7bd0
7bd1
83d1
83d2
83d2
001f
001f
001f
001f
001f
001f
001f
001f
001f
001f
001f
001f
001f
001f
001f
001f
001f
001f
001f
001f
001f
001f
001f
001f
001f
001f
001f
001f
001f
001f
001f
001f
001f
001f
001f
001f
001f
001f
001f
001f
001f
001f
001f
001f
001f
001f
001f
001f
001f
001f
001f
001f
001f
001f
001f
001f
001f
001f
001f
001f
001f
001f
001f
001f
001f
001f
001f
001f
001f
001f
001f
001f
001f
001f
001f
001f
001f
001f
001f
001f
001f
001f
001f
001f
001f
001f
001f
001f
001f
001f
001f
001f
001f
001f
001f
001f
001f
001f
001f
001f
001f
001f
001f
001f
001f
001f
001f
001f
001f
001f
001f
001f
001f
001f
001f
001f
001f
001f
001f
001f
001f
001f
001f
001f
001f
001f
001f
001f
001f
001f
001f
001f
001f
001f
001f
001f
001f
001f
001f
001f
001f
001f
001f
001f
001f
001f
001f
001f
001f
001f
001f
001f
001f
001f
001f
001f
001f
001f
001f
001f
03dc
03db
03dd
03dc
0bde
0bdd
0bdf
0bde
0bd8
0bd7
0bd9
0bd8
13da
13d9
13db
13da
13d4
13d3
13d5
13d4
1bd6
1bd5
1bd7
1bd6
1bd0
1bcf
1bd1
1bd0
23d2
23d1
23d3
23d2
23dc
23db
23dd
23dc
2bde
2bdd
2bdf
2bde
2bd8
2bd7
2bd9
2bd8
33da
33d9
33db
33da
33d4
33d3
33d5
33d4
3bd6
3bd5
3bd7
3bd6
3bd0
3bcf
3bd1
3bd0
43d2
43d1
43d3
43d2
43dc
43db
43dd
43dc
43dc
4bde
4bdd
4bdf
4bde
4bd8
4bd7
4bd9
4bd8
53da
53d9
53db
53da
53d4
53d3
53d5
53d4
5bd6
5bd5
5bd7
5bd6
5bd0
5bcf
5bd1
5bd0
63d2
63d1
63d3
63d2
63dc
63db
63dd
63dc
6bde
6bdd
6bdf
6bde
6bd8
6bd7
6bd9
6bd8
73da
73d9
73db
73da
73d4
73d3
73d5
73d4
7bd6
7bd5
7bd7
7bd6
7bd0
7bcf
7bd1
7bd0
83d2
83d1
83d3
001f
001f
001f
001f
001f
001f
001f
001f
001f
001f
001f
001f
001f
001f
001f
001f
001f
001f
001f
001f
001f
001f
001f
001f
001f
001f
001f
001f
001f
001f
001f
001f
001f
001f
001f
001f
001f
001f
001f
001f
001f
001f
001f
001f
001f
001f
001f
001f
001f
001f
001f
001f
001f
001f
001f
001f
001f
001f
001f
001f
001f
001f
001f
001f
001f
001f
001f
001f
001f
001f
001f
001f
001f
001f
001f
001f
001f
001f
001f
001f
001f
001f
001f
001f
001f
001f
001f
001f
001f
001f
001f
001f
001f
001f
001f
001f
001f
001f
001f
001f
001f
001f
001f
001f
001f
001f
001f
001f
001f
001f
001f
001f
001f
001f
001f
001f
001f
001f
001f
001f
001f
001f
001f
001f
001f
001f
001f
001f
001f
001f
001f
001f
001f
001f
001f
001f
001f
001f
001f
001f
001f
001f
001f
001f
001f
001f
001f
001f
001f
001f
001f
001f
001f
001f
001f
001f
001f
001f
001f
001f
03fc
03fd
03fb
03fc
0bfe
0bff
0bfd
0bfe
0bf8
0bf9
0bf7
0bf8
13fa
13fb
13f9
13fa
13f4
13f5
13f3
13f4
1bf6
1bf7
1bf5
1bf6
1bf0
1bf1
1bef
1bf0
23f2
23f3
23f1
23f2
23fc
23fd
23fb
23fc
2bfe
2bff
2bfd
2bfe
2bf8
2bf9
2bf7
2bf8
33fa
33fb
33f9
33fa
33f4
33f5
33f3
33f4
3bf6
3bf7
3bf5
3bf6
3bf0
3bf1
3bef
3bf0
43f2
43f3
43f1
43f2
43fc
43fd
43fb
43fc
43fc
4bfe
4bff
4bfd
4bfe
4bf8
4bf9
4bf7
4bf8
53fa
53fb
53f9
53fa
53f4
53f5
53f3
53f4
5bf6
5bf7
5bf5
5bf6
5bf0
5bf1
5bef
5bf0
63f2
63f3
63f1
63f2
63fc
63fd
63fb
63fc
6bfe
6bff
6bfd
6bfe
6bf8
6bf9
6bf7
6bf8
73fa
73fb
73f9
73fa
73f4
73f5
73f3
73f4
7bf6
7bf7
7bf5
7bf6
7bf0
7bf1
7bef
7bf0
83f2
83f3
83f1
001f
001f
001f
001f
001f
001f
001f
001f
001f
001f
001f
001f
001f
001f
001f
001f
001f
001f
001f
001f
001f
001f
001f
001f
001f
001f
001f
001f
001f
001f
001f
001f
001f
001f
001f
001f
001f
001f
001f
001f
001f
001f
001f
001f
001f
001f
001f
001f
001f
001f
001f
001f
001f
001f
001f
001f
001f
001f
001f
001f
001f
001f
001f
001f
001f
001f
001f
001f
001f
001f
001f
001f
001f
001f
001f
001f
001f
001f
001f
001f
001f
001f
001f
001f
001f
001f
001f
001f
001f
001f
001f
001f
001f
001f
001f
001f
001f
001f
001f
001f
001f
001f
001f
001f
001f
001f
001f
001f
001f
001f
001f
001f
001f
001f
001f
001f
001f
001f
001f
001f
001f
001f
001f
001f
001f
001f
001f
001f
001f
001f
001f
001f
001f
001f
001f
001f
001f
001f
001f
001f
001f
001f
001f
001f
001f
001f
001f
001f
001f
001f
001f
001f
001f
001f
001f
001f
001f
001f
001f
001f
03fd
03fc
03fc
03fb
0bff
0bfe
0bfe
0bfd
0bf9
0bf8
0bf8
0bf7
13fb
13fa
13fa
13f9
13f5
13f4
13f4
13f3
1bf7
1bf6
1bf6
1bf5
1bf1
1bf0
1bf0
1bef
23f3
23f2
23f2
23f1
23fd
23fc
23fc
23fb
2bff
2bfe
2bfe
2bfd
2bf9
2bf8
2bf8
2bf7
33fb
33fa
33fa
33f9
33f5
33f4
33f4
33f3
3bf7
3bf6
3bf6
3bf5
3bf1
3bf0
3bf0
3bef
43f3
43f2
43f2
43f1
43fd
43fc
43fc
43fb
43fb
4bff
4bfe
4bfe
4bfd
4bf9
4bf8
4bf8
4bf7
53fb
53fa
53fa
53f9
53f5
53f4
53f4
53f3
5bf7
5bf6
5bf6
5bf5
5bf1
5bf0
5bf0
5bef
63f3
63f2
63f2
63f1
63fd
63fc
63fc
63fb
6bff
6bfe
6bfe
6bfd
6bf9
6bf8
6bf8
6bf7
73fb
73fa
73fa
73f9
73f5
73f4
73f4
73f3
7bf7
7bf6
7bf6
7bf5
7bf1
7bf0
7bf0
7bef
83f3
83f2
83f2
001f
001f
001f
001f
001f
001f
001f
001f
001f
001f
001f
001f
001f
001f
001f
001f
001f
001f
001f
001f
001f
001f
001f
001f
001f
001f
001f
001f
001f
001f
001f
001f
001f
001f
001f
001f
001f
001f
001f
001f
001f
001f
001f
001f
001f
001f
001f
001f
001f
001f
001f
001f
001f
001f
001f
001f
001f
001f
001f
001f
001f
001f
001f
001f
001f
001f
001f
001f
001f
001f
001f
001f
001f
001f
001f
001f
001f
001f
001f
001f
001f
001f
001f
001f
001f
001f
001f
001f
001f
001f
001f
001f
001f
001f
001f
001f
001f
001f
001f
001f
001f
001f
001f
001f
001f
001f
001f
001f
001f
001f
001f
001f
001f
001f
001f
001f
001f
001f
001f
001f
001f
001f
001f
001f
001f
001f
001f
001f
001f
001f
001f
001f
001f
001f
001f
001f
001f
001f
001f
001f
001f
001f
001f
001f
001f
001f
001f
001f
001f
001f
001f
001f
001f
001f
001f
001f
001f
001f
001f
001f
03fd
03fe
03fe
03ff
0bfb
0bfc
0bfc
0bfd
0bf9
0bfa
0bfa
0bfb
13f7
13f8
13f8
13f9
13f5
13f6
13f6
13f7
1bf3
1bf4
1bf4
1bf5
1bf1
1bf2
1bf2
1bf3
23ef
23f0
23f0
23f1
23fd
23fe
23fe
23ff
2bfb
2bfc
2bfc
2bfd
2bf9
2bfa
2bfa
2bfb
33f7
33f8
33f8
33f9
33f5
33f6
33f6
33f7
3bf3
3bf4
3bf4
3bf5
3bf1
3bf2
3bf2
3bf3
43ef
43f0
43f0
43f1
43fd
43fe
43fe
43ff
43ff
4bfb
4bfc
4bfc
4bfd
4bf9
4bfa
4bfa
4bfb
53f7
53f8
53f8
53f9
53f5
53f6
53f6
53f7
5bf3
5bf4
5bf4
5bf5
5bf1
5bf2
5bf2
5bf3
63ef
63f0
63f0
63f1
63fd
63fe
63fe
63ff
6bfb
6bfc
6bfc
6bfd
6bf9
6bfa
6bfa
6bfb
73f7
73f8
73f8
73f9
73f5
73f6
73f6
73f7
7bf3
7bf4
7bf4
7bf5
7bf1
7bf2
7bf2
7bf3
83ef
83f0
83f0
001f
001f
001f
001f
001f
001f
001f
001f
001f
001f
001f
001f
001f
001f
001f
001f
001f
001f
001f
001f
001f
001f
001f
001f
001f
001f
001f
001f
001f
001f
001f
001f
001f
001f
001f
001f
001f
001f
001f
001f
001f
001f
001f
001f
001f
001f
001f
001f
001f
001f
001f
001f
001f
001f
001f
001f
001f
001f
001f
001f
001f
001f
001f
001f
001f
001f
001f
001f
001f
001f
001f
001f
001f
001f
001f
001f
001f
001f
001f
001f
001f
001f
001f
001f
001f
001f
001f
001f
001f
001f
001f
001f
001f
001f
001f
001f
001f
001f
001f
001f
001f
001f
001f
001f
001f
001f
001f
001f
001f
001f
001f
001f
001f
001f
001f
001f
001f
001f
001f
001f
001f
001f
001f
001f
001f
001f
001f
001f
001f
001f
001f
001f
001f
001f
001f
001f
001f
001f
001f
001f
001f
001f
001f
001f
001f
001f
001f
001f
001f
001f
001f
001f
001f
001f
001f
001f
001f
001f
001f
001f
03fe
03fd
03ff
03fe
0bfc
0bfb
0bfd
0bfc
0bfa
0bf9
0bfb
0bfa
13f8
13f7
13f9
13f8
13f6
13f5
13f7
13f6
1bf4
1bf3
1bf5
1bf4
1bf2
1bf1
1bf3
1bf2
23f0
23ef
23f1
23f0
23fe
23fd
23ff
23fe
2bfc
2bfb
2bfd
2bfc
2bfa
2bf9
2bfb
2bfa
33f8
33f7
33f9
33f8
33f6
33f5
33f7
33f6
3bf4
3bf3
3bf5
3bf4
3bf2
3bf1
3bf3
3bf2
43f0
43ef
43f1
43f0
43fe
43fd
43ff
43fe
43fe
4bfc
4bfb
4bfd
4bfc
4bfa
4bf9
4bfb
4bfa
53f8
53f7
53f9
53f8
53f6
53f5
53f7
53f6
5bf4
5bf3
5bf5
5bf4
5bf2
5bf1
5bf3
5bf2
63f0
63ef
63f1
63f0
63fe
63fd
63ff
63fe
6bfc
6bfb
6bfd
6bfc
6bfa
6bf9
6bfb
6bfa
73f8
73f7
73f9
73f8
73f6
73f5
73f7
73f6
7bf4
7bf3
7bf5
7bf4
7bf2
7bf1
7bf3
7bf2
83f0
83ef
83f1
001f
001f
001f
001f
001f
001f
001f
001f
001f
001f
001f
001f
001f
001f
001f
001f
001f
001f
001f
001f
001f
001f
001f
001f
001f
001f
001f
001f
001f
001f
001f
001f
001f
001f
001f
001f
001f
001f
001f
001f
001f
001f
001f
001f
001f
001f
001f
001f
001f
001f
001f
001f
001f
001f
001f
001f
001f
001f
001f
001f
001f
001f
001f
001f
001f
001f
001f
001f
001f
001f
001f
001f
001f
001f
001f
001f
001f
001f
001f
001f
001f
001f
001f
001f
001f
001f
001f
001f
001f
001f
001f
001f
001f
001f
001f
001f
001f
001f
001f
001f
001f
001f
001f
001f
001f
001f
001f
001f
001f
001f
001f
001f
001f
001f
001f
001f
001f
001f
001f
001f
001f
001f
001f
001f
001f
001f
001f
001f
001f
001f
001f
001f
001f
001f
001f
001f
001f
001f
001f
001f
001f
001f
001f
001f
001f
001f
001f
001f
001f
001f
001f
001f
001f
001f
001f
001f
001f
001f
001f
001f
041e
041f
041d
041e
0c1c
0c1d
0c1b
0c1c
0c1a
0c1b
0c19
0c1a
1418
1419
1417
1418
1416
1417
1415
1416
1c14
1c15
1c13
1c14
1c12
1c13
1c11
1c12
2410
2411
240f
2410
241e
241f
241d
241e
2c1c
2c1d
2c1b
2c1c
2c1a
2c1b
2c19
2c1a
3418
3419
3417
3418
3416
3417
3415
3416
3c14
3c15
3c13
3c14
3c12
3c13
3c11
3c12
4410
4411
440f
4410
441e
441f
441d
441e
441e
4c1c
4c1d
4c1b
4c1c
4c1a
4c1b
4c19
4c1a
5418
5419
5417
5418
5416
5417
5415
5416
5c14
5c15
5c13
5c14
5c12
5c13
5c11
5c12
6410
6411
640f
6410
641e
641f
641d
641e
6c1c
6c1d
6c1b
6c1c
6c1a
6c1b
6c19
6c1a
7418
7419
7417
7418
7416
7417
7415
7416
7c14
7c15
7c13
7c14
7c12
7c13
7c11
7c12
8410
8411
840f
001f
001f
001f
001f
001f
001f
001f
001f
001f
001f
001f
001f
001f
001f
001f
001f
001f
001f
001f
001f
001f
001f
001f
001f
001f
001f
001f
001f
001f
001f
001f
001f
001f
001f
001f
001f
001f
001f
001f
001f
001f
001f
001f
001f
001f
001f
001f
001f
001f
001f
001f
001f
001f
001f
001f
001f
001f
001f
001f
001f
001f
001f
001f
001f
001f
001f
001f
001f
001f
001f
001f
001f
001f
001f
001f
001f
001f
001f
001f
001f
001f
001f
001f
001f
001f
001f
001f
001f
001f
001f
001f
001f
001f
001f
001f
001f
001f
001f
001f
001f
001f
001f
001f
001f
001f
001f
001f
001f
001f
001f
001f
001f
001f
001f
001f
001f
001f
001f
001f
001f
001f
001f
001f
001f
001f
001f
001f
001f
001f
001f
001f
001f
001f
001f
001f
001f
001f
001f
001f
001f
001f
001f
001f
001f
001f
001f
001f
001f
001f
001f
001f
001f
001f
001f
001f
001f
001f
001f
001f
001f
001f
001f
001f
001f
001f
001f
001f
001f
001f
001f
001f
001f
001f
001f
001f
001f
001f
001f
001f
001f
001f
001f
001f
001f
001f
001f
001f
001f
001f
001f
001f
001f
001f
001f
001f
001f
001f
001f
001f
001f
001f
001f
001f
001f
001f
001f
001f
001f
001f
001f
001f
001f
001f
001f
001f
001f
001f
001f
001f
001f
001f
001f
001f
001f
001f
001f
001f
001f
001f
001f
001f
001f
001f
001f
001f
001f
001f
001f
001f
001f
001f
001f
001f
001f
001f
001f
001f
001f
001f
001f
001f
001f
001f
001f
001f
001f
001f
001f
001f
001f
001f
001f
001f
001f
001f
001f
001f
001f
001f
001f
001f
001f
001f
001f
001f
001f
001f
001f
001f
001f
001f
001f
001f
001f
001f
001f
001f
001f
001f
001f
001f
001f
001f
001f
001f
001f
001f
001f
001f
001f
001f
001f
001f
001f
001f
001f
001f
001f
001f
001f
001f
001f
001f
001f
001f
001f
001f
001f
001f
001f
001f
001f
001f
001f
001f
001f
001f
001f
001f
001f
001f
001f
001f
001f
001f
001f
001f
001f
001f
001f
001f
001f
001f
001f
001f
001f
001f
001f
001f
001f
001f
001f
001f
001f
001f
001f
001f
001f
001f
001f
001f
001f
001f
001f
001f
001f
001f
001f
001f
001f
001f
001f
001f
001f
001f
001f
001f
001f
001f
001f
001f
001f
001f
001f
001f
001f
001f
001f
001f
001f
001f
001f
001f
001f
001f
001f
001f
001f
001f
001f
001f
001f
001f
001f
001f
001f
001f
001f
001f
001f
001f
001f
001f
001f
001f
001f
001f
001f
001f
001f
001f
001f
001f
001f
001f
001f
001f
001f
001f
001f
001f
001f
001f
001f
001f
001f
001f
001f
001f
001f
001f
001f
001f
001f
001f
001f
001f
001f
001f
001f
001f
001f
001f
001f
001f
001f
001f
001f
001f
001f
001f
001f
001f
001f
001f
001f
001f
001f
001f
001f
001f
001f
001f
001f
001f
001f
001f
001f
001f
001f
001f
001f
001f
001f
001f
001f
001f
001f
001f
001f
001f
001f
001f
001f
001f
001f
001f
001f
001f
001f
001f
001f
001f
001f
001f
001f
001f
001f
001f
001f
001f
001f
001f
001f
001f
001f
001f
001f
001f
001f
001f
001f
001f
001f
001f
001f
001f
001f
001f
001f
001f
001f
001f
001f
001f
001f
001f
001f
001f
001f
001f
001f
001f
001f
001f
001f
001f
001f
001f
001f
001f
001f
001f
001f
001f
001f
001f
001f
001f
001f
001f
001f
001f
001f
001f
001f
001f
001f
001f
001f
001f
001f
001f
001f
001f
001f
001f
001f
001f
001f
001f
001f
001f
001f
001f
001f
001f
001f
001f
001f
001f
001f
001f
001f
001f
001f
001f
001f
001f
001f
001f
001f
001f
001f
001f
001f
001f
001f
001f
001f
001f
001f
001f
001f
001f
001f
001f
001f
001f
001f
001f
001f
001f
001f
001f
001f
001f
001f
001f
001f
001f
001f
001f
001f
001f
001f
001f
001f
001f
001f
001f
001f
001f
001f
001f
001f
001f
001f
001f
001f
001f
001f
001f
001f
001f
001f
001f
001f
001f
001f
001f
001f
001f
001f
001f
001f
001f
001f
001f
001f
001f
001f
001f
001f
001f
001f
001f
001f
001f
001f
001f
001f
001f
001f
001f
001f
001f
001f
001f
001f
001f
001f
001f
001f
001f
001f
001f
001f
001f
001f
001f
001f
001f
001f
001f
001f
001f
001f
001f
001f
001f
001f
001f
001f
001f
001f
001f
001f
001f
001f
001f
001f
001f
001f
001f
001f
001f
001f
001f
001f
001f
001f
001f
001f
001f
001f
001f
001f
001f
001f
001f
001f
001f
001f
001f
001f
001f
001f
001f
001f
001f
001f
001f
001f
001f
001f
001f
001f
001f
001f
001f
001f
001f
001f
001f
001f
001f
001f
001f
001f
001f
001f
001f
001f
001f
001f
001f
001f
001f
001f
001f
001f
001f
001f
001f
001f
001f
001f
001f
001f
001f
001f
001f
001f
001f
001f
001f
001f
001f
001f
001f
001f
001f
001f
001f
001f
001f
001f
001f
001f
001f
001f
001f
001f
001f
001f
001f
001f
001f
001f
001f
001f
001f
001f
001f
001f
001f
001f
001f
001f
001f
001f
001f
001f
001f
001f
001f
001f
001f
001f
001f
001f
001f
001f
001f
001f
001f
001f
001f
001f
001f
001f
001f
001f
001f
001f
001f
001f
001f
001f
001f
001f
001f
001f
001f
001f
001f
001f
001f
001f
001f
001f
001f
001f
001f
001f
001f
001f
001f
001f
001f
001f
001f
001f
001f
001f
001f
001f
001f
001f
001f
001f
001f
001f
001f
001f
001f
001f
001f
001f
001f
001f
001f
001f
001f
001f
001f
001f
001f
001f
001f
001f
001f
001f
001f
001f
001f
001f
001f
001f
001f
001f
001f
001f
001f
001f
001f
001f
001f
001f
001f
001f
001f
001f
001f
001f
001f
001f
001f
001f
001f
001f
001f
001f
001f
001f
001f
001f
001f
001f
001f
001f
001f
001f
001f
001f
001f
001f
001f
001f
001f
001f
001f
001f
001f
001f
001f
001f
001f
001f
001f
001f
001f
001f
001f
001f
001f
001f
001f
001f
001f
001f
001f
001f
001f
001f
001f
001f
001f
001f
001f
001f
001f
001f
001f
001f
001f
001f
001f
001f
001f
001f
001f
001f
001f
001f
001f
001f
001f
001f
001f
001f
001f
001f
001f
001f
001f
001f
001f
001f
001f
001f
001f
001f
001f
001f
001f
001f
001f
001f
001f
001f
001f
001f
001f
001f
001f
001f
001f
001f
001f
001f
001f
001f
001f
001f
001f
001f
001f
001f
001f
001f
001f
001f
001f
001f
001f
001f
001f
001f
001f
001f
001f
001f
001f
001f
001f
001f
001f
001f
001f
001f
001f
001f
001f
001f
001f
001f
001f
001f
001f
001f
001f
001f
001f
001f
001f
001f
001f
001f
001f
001f
001f
001f
001f
001f
001f
001f
001f
001f
001f
001f
001f
001f
001f
001f
001f
001f
001f
001f
001f
001f
001f
001f
001f
001f
001f
001f
001f
001f
001f
001f
001f
001f
001f
001f
001f
001f
001f
001f
001f
001f
001f
001f
001f
001f
001f
001f
001f
001f
001f
001f
001f
001f
001f
001f
001f
001f
001f
001f
001f
001f
001f
001f
001f
001f
001f
001f
001f
001f
001f
001f
001f
001f
001f
001f
001f
001f
001f
001f
001f
001f
001f
001f
001f
001f
001f
001f
001f
001f
001f
001f
001f
001f
001f
001f
001f
001f
001f
001f
001f
001f
001f
001f
001f
001f
001f
001f
001f
001f
001f
001f
001f
001f
001f
001f
001f
001f
001f
001f
001f
001f
001f
001f
001f
001f
001f
001f
001f
001f
001f
001f
001f
001f
001f
001f
001f
001f
001f
001f
001f
001f
001f
001f
001f
001f
001f
001f
001f
001f
001f
001f
001f
001f
001f
001f
001f
001f
001f
001f
001f
001f
001f
001f
001f
001f
001f
001f
001f
001f
001f
001f
001f
001f
001f
001f
001f
001f
001f
001f
001f
001f
001f
001f
001f
001f
001f
001f
001f
001f
001f
001f
001f
001f
001f
001f
001f
001f
001f
001f
001f
001f
001f
001f
001f
001f
001f
001f
001f
001f
001f
001f
001f
001f
001f
001f
001f
001f
001f
001f
001f
001f
001f
001f
001f
001f
001f
001f
001f
001f
001f
001f
001f
001f
001f
001f
001f
001f
001f
001f
001f
001f
001f
001f
001f
001f
001f
001f
001f
001f
001f
001f
001f
001f
001f
001f
001f
001f
001f
001f
001f
001f
001f
001f
001f
001f
001f
001f
001f
001f
001f
001f
001f
001f
001f
001f
001f
001f
001f
001f
001f
001f
001f
001f
001f
001f
001f
001f
001f
001f
001f
001f
001f
001f
001f
001f
001f
001f
001f
001f
001f
001f
001f
001f
001f
001f
001f
001f
001f
001f
001f
001f
001f
001f
001f
001f
001f
001f
001f
001f
001f
001f
001f
001f
001f
001f
001f
001f
001f
001f
001f
001f
001f
001f
001f
001f
001f
001f
001f
001f
001f
001f
001f
001f
001f
001f
001f
001f
001f
001f
001f
001f
001f
001f
001f
001f
001f
001f
001f
001f
001f
001f
001f
001f
001f
001f
001f
001f
001f
001f
001f
001f
001f
001f
001f
001f
001f
001f
001f
001f
001f
001f
001f
001f
001f
001f
001f
001f
001f
001f
001f
001f
001f
001f
001f
001f
001f
001f
001f
001f
001f
001f
001f
001f
001f
001f
001f
001f
001f
001f
001f
001f
001f
001f
001f
001f
001f
001f
001f
001f
001f
001f
001f
001f
001f
001f
001f
001f
001f
001f
001f
001f
001f
001f
001f
001f
001f
001f
001f
001f
001f
001f
001f
001f
001f
001f
001f
001f
001f
001f
001f
001f
001f
001f
001f
001f
001f
001f
001f
001f
001f
001f
001f
001f
001f
001f
001f
001f
001f
001f
001f
001f
001f
001f
001f
001f
001f
001f
001f
001f
001f
001f
001f
001f
001f
001f
001f
001f
001f
001f
001f
001f
001f
001f
001f
001f
001f
001f
001f
001f
001f
001f
001f
001f
001f
001f
001f
001f
001f
001f
001f
001f
001f
001f
001f
001f
001f
001f
001f
001f
001f
001f
001f
001f
001f
001f
001f
001f
001f
001f
001f
001f
001f
001f
001f
001f
001f
001f
001f
001f
001f
001f
001f
001f
001f
001f
001f
001f
001f
001f
001f
001f
001f
001f
001f
001f
001f
001f
001f
001f
001f
001f
001f
001f
001f
001f
001f
001f
001f
001f
001f
001f
001f
001f
001f
001f
001f
001f
001f
001f
001f
001f
001f
001f
001f
001f
001f
001f
001f
001f
001f
001f
001f
001f
001f
001f
001f
001f
001f
001f
001f
001f
001f
001f
001f
001f
001f
001f
001f
001f
001f
001f
001f
001f
001f
001f
001f
001f
001f
001f
001f
001f
001f
001f
001f
001f
001f
001f
001f
001f
001f
001f
001f
001f
001f
001f
001f
001f
001f
001f
001f
001f
001f
001f
001f
001f
001f
001f
001f
001f
001f
001f
001f
001f
001f
001f
001f
001f
001f
001f
001f
001f
001f
001f
001f
001f
001f
001f
001f
001f
001f
001f
001f
001f
001f
001f
001f
001f
001f
001f
001f
001f
001f
001f
001f
001f
001f
001f
001f
001f
001f
001f
001f
001f
001f
001f
001f
001f
001f
001f
001f
001f
001f
001f
001f
001f
001f
001f
001f
001f
001f
001f
001f
001f
001f
001f
001f
001f
001f
001f
001f
001f
001f
001f
001f
001f
001f
001f
001f
001f
001f
001f
001f
001f
001f
001f
001f
001f
001f
001f
001f
001f
001f
001f
001f
001f
001f
001f
001f
001f
001f
001f
001f
001f
001f
001f
001f
001f
001f
001f
001f
001f
001f
001f
001f
001f
001f
001f
001f
001f
001f
001f
001f
001f
001f
001f
001f
001f
001f
001f
001f
001f
001f
001f
001f
001f
001f
001f
001f
001f
001f
001f
001f
001f
001f
001f
001f
001f
001f
001f
001f
001f
001f
001f
001f
001f
001f
001f
001f
001f
001f
001f
001f
001f
001f
001f
001f
001f
001f
001f
001f
001f
001f
001f
001f
001f
001f
001f
001f
001f
001f
001f
001f
001f
001f
001f
001f
001f
001f
001f
001f
001f
001f
001f
001f
001f
001f
001f
001f
001f
001f
001f
001f
001f
001f
001f
001f
001f
001f
001f
001f
001f
001f
001f
001f
001f
001f
001f
001f
001f
001f
001f
001f
001f
001f
001f
001f
001f
001f
001f
001f
001f
001f
001f
001f
001f
001f
001f
001f
001f
001f
001f
001f
001f
001f
001f
001f
001f
001f
001f
001f
001f
001f
001f
001f
001f
001f
001f
001f
001f
001f
001f
001f
001f
001f
001f
001f
001f
001f
001f
001f
001f
001f
001f
001f
001f
001f
001f
001f
001f
001f
001f
001f
001f
001f
001f
001f
001f
001f
001f
001f
001f
001f
001f
001f
001f
001f
001f
001f
001f
001f
001f
001f
001f
001f
001f
001f
001f
001f
001f
001f
001f
001f
001f
001f
001f
001f
001f
001f
001f
001f
001f
001f
001f
001f
001f
001f
001f
001f
001f
001f
001f
001f
001f
001f
001f
001f
001f
001f
001f
001f
001f
001f
001f
001f
001f
001f
001f
001f
001f
001f
001f
001f
001f
001f
001f
001f
001f
001f
001f
001f
001f
001f
001f
001f
001f
001f
001f
001f
001f
001f
001f
001f
001f
001f
001f
001f
001f
001f
001f
001f
001f
001f
001f
001f
001f
001f
001f
001f
001f
001f
001f
001f
001f
001f
001f
001f
001f
001f
001f
001f
001f
001f
001f
001f
001f
001f
001f
001f
001f
001f
001f
001f
001f
001f
001f
001f
001f
001f
001f
001f
001f
001f
001f
001f
001f
001f
001f
001f
001f
001f
001f
001f
001f
001f
001f
001f
001f
001f
001f
001f
001f
001f
001f
001f
001f
001f
001f
001f
001f
001f
001f
001f
001f
001f
001f
001f
001f
001f
001f
001f
001f
001f
001f
001f
001f
001f
001f
001f
001f
001f
001f
001f
001f
001f
001f
001f
001f
001f
001f
001f
001f
001f
001f
001f
001f
001f
001f
001f
001f
001f
001f
001f
001f
001f
001f
001f
001f
001f
001f
001f
001f
001f
001f
001f
001f
001f
001f
001f
001f
001f
001f
001f
001f
001f
001f
001f
001f
001f
001f
001f
001f
001f
001f
001f
001f
001f
001f
001f
001f
001f
001f
001f
001f
001f
001f
001f
001f
001f
001f
001f
001f
001f
001f
001f
001f
001f
001f
001f
001f
001f
001f
001f
001f
001f
001f
001f
001f
001f
001f
001f
001f
001f
001f
001f
001f
001f
001f
001f
001f
001f
001f
001f
001f
001f
001f
001f
001f
001f
001f
001f
001f
001f
001f
001f
001f
001f
001f
001f
001f
001f
001f
001f
001f
001f
001f
001f
001f
001f
001f
001f
001f
001f
001f
001f
001f
001f
001f
001f
001f
001f
001f
001f
001f
001f
001f
001f
001f
001f
001f
001f
001f
001f
001f
001f
001f
001f
001f
001f
001f
001f
001f
001f
001f
001f
001f
001f
001f
001f
001f
001f
001f
001f
001f
001f
001f
001f
001f
001f
001f
001f
001f
001f
001f
001f
001f
001f
001f
001f
001f
001f
001f
001f
001f
001f
001f
001f
001f
001f
001f
001f
001f
001f
001f
001f
001f
001f
001f
001f
001f
001f
001f
001f
001f
001f
001f
001f
001f
001f
001f
001f
001f
001f
001f
001f
001f
001f
001f
001f
001f
001f
001f
001f
001f
001f
001f
001f
001f
001f
001f
001f
001f
001f
001f
001f
001f
001f
001f
001f
001f
001f
001f
001f
001f
001f
001f
001f
001f
001f
001f
001f
001f
001f
001f
001f
001f
001f
001f
001f
001f
001f
001f
001f
001f
001f
001f
001f
001f
001f
001f
001f
001f
001f
001f
001f
001f
001f
001f
001f
001f
001f
001f
001f
001f
001f
001f
001f
001f
001f
001f
001f
001f
001f
001f
001f
001f
001f
001f
001f
001f
001f
001f
001f
001f
001f
001f
001f
001f
001f
001f
001f
001f
001f
001f
001f
001f
001f
001f
001f
001f
001f
001f
001f
001f
001f
001f
001f
001f
001f
001f
001f
001f
001f
001f
001f
001f
001f
001f
001f
001f
001f
001f
001f
001f
001f
001f
001f
001f
001f
001f
001f
001f
001f
001f
001f
001f
001f
001f
001f
001f
001f
001f
001f
001f
001f
001f
001f
001f
001f
001f
001f
001f
001f
001f
001f
001f
001f
001f
001f
001f
001f
001f
001f
001f
001f
001f
001f
001f
001f
001f
001f
001f
001f
001f
001f
001f
001f
001f
001f
001f
001f
001f
001f
001f
001f
001f
001f
001f
001f
001f
001f
001f
001f
001f
001f
001f
001f
001f
001f
001f
001f
001f
001f
001f
001f
001f
001f
001f
001f
001f
001f
001f
001f
001f
001f
001f
001f
001f
001f
001f
001f
001f
001f
001f
001f
001f
001f
001f
001f
001f
001f
001f
001f
001f
001f
001f
001f
001f
001f
001f
001f
001f
001f
001f
001f
001f
001f
001f
001f
001f
001f
001f
001f
001f
001f
001f
001f
001f
001f
001f
001f
001f
001f
001f
001f
001f
001f
001f
001f
001f
001f
001f
001f
001f
001f
001f
001f
001f
001f
001f
001f
001f
001f
001f
001f
001f
001f
001f
001f
001f
001f
001f
001f
001f
001f
001f
001f
001f
001f
001f
001f
001f
001f
001f
001f
001f
001f
001f
001f
001f
001f
001f
001f
001f
001f
001f
001f
001f
001f
001f
001f
001f
001f
001f
001f
001f
001f
001f
001f
001f
001f
001f
001f
001f
001f
001f
001f
001f
001f
001f
001f
001f
001f
001f
001f
001f
001f
001f
001f
001f
001f
001f
001f
001f
001f
001f
001f
001f
001f
001f
001f
001f
001f
001f
001f
001f
001f
001f
001f
001f
001f
001f
001f
001f
001f
001f
001f
001f
001f
001f
001f
001f
001f
001f
001f
001f
001f
001f
001f
001f
001f
001f
001f
001f
001f
001f
001f
001f
001f
001f
001f
001f
001f
001f
001f
001f
001f
001f
001f
001f
001f
001f
001f
001f
001f
001f
001f
001f
001f
001f
001f
001f
001f
001f
001f
001f
001f
001f
001f
001f
001f
001f
001f
001f
001f
001f
001f
001f
001f
001f
001f
001f
001f
001f
001f
001f
001f
001f
001f
001f
001f
001f
001f
001f
001f
001f
001f
001f
001f
001f
001f
001f
001f
001f
001f
001f
001f
001f
001f
001f
001f
001f
001f
001f
001f
001f
001f
001f
001f
001f
001f
001f
001f
001f
001f
001f
001f
001f
001f
001f
001f
001f
001f
001f
001f
001f
001f
001f
001f
001f
001f
001f
001f
001f
001f
001f
001f
001f
001f
001f
001f
001f
001f
001f
001f
001f
001f
001f
001f
001f
001f
001f
001f
001f
001f
001f
001f
001f
001f
001f
001f
001f
001f
001f
001f
001f
001f
001f
001f
001f
001f
001f
001f
001f
001f
001f
001f
001f
001f
001f
001f
001f
001f
001f
001f
001f
001f
001f
001f
001f
001f
001f
001f
001f
001f
001f
001f
001f
001f
001f
001f
001f
001f
001f
001f
001f
001f
001f
001f
001f
001f
001f
001f
001f
001f
001f
001f
001f
001f
001f
001f
001f
001f
001f
001f
001f
001f
001f
001f
001f
001f
001f
001f
001f
001f
001f
001f
001f
001f
001f
001f
001f
001f
001f
001f
001f
001f
001f
001f
001f
001f
001f
001f
001f
001f
001f
001f
001f
001f
001f
001f
001f
001f
001f
001f
001f
001f
001f
001f
001f
001f
001f
001f
001f
001f
001f
001f
001f
001f
001f
001f
001f
001f
001f
001f
001f
001f
001f
001f
001f
001f
001f
001f
001f
001f
001f
001f
001f
001f
001f
001f
001f
001f
001f
001f
001f
001f
001f
001f
001f
001f
001f
001f
001f
001f
001f
001f
001f
001f
001f
001f
001f
001f
001f
001f
001f
001f
001f
001f
001f
001f
001f
001f
001f
001f
001f
001f
001f
001f
001f
001f
001f
001f
001f
001f
001f
001f
001f
001f
001f
001f
001f
001f
001f
001f
001f
001f
001f
001f
001f
001f
001f
001f
001f
001f
001f
001f
001f
001f
001f
001f
001f
001f
001f
001f
001f
001f
001f
001f
001f
001f
001f
001f
001f
001f
001f
001f
001f
001f
001f
001f
001f
001f
001f
001f
001f
001f
001f
001f
001f
001f
001f
001f
001f
001f
001f
001f
001f
001f
001f
001f
001f
001f
001f
001f
001f
001f
001f
001f
001f
001f
001f
001f
001f
001f
001f
001f
001f
001f
001f
001f
001f
001f
001f
001f
001f
001f
001f
001f
001f
001f
001f
001f
001f
001f
001f
001f
001f
001f
001f
001f
001f
001f
001f
001f
001f
001f
001f
001f
001f
001f
001f
001f
001f
001f
001f
001f
001f
001f
001f
001f
001f
001f
001f
001f
001f
001f
001f
001f
001f
001f
001f
001f
001f
001f
001f
001f
001f
001f
001f
001f
001f
001f
001f
001f
001f
001f
001f
001f
001f
001f
001f
001f
001f
001f
001f
001f
001f
001f
001f
001f
001f
001f
001f
001f
001f
001f
001f
001f
001f
001f
001f
001f
001f
001f
001f
001f
001f
001f
001f
001f
001f
001f
001f
001f
001f
001f
001f
001f
001f
001f
001f
001f
001f
001f
001f
001f
001f
001f
001f
001f
001f
001f
001f
001f
001f
001f
001f
001f
001f
001f
001f
001f
001f
001f
001f
001f
001f
001f
001f
001f
001f
001f
001f
001f
001f
001f
001f
001f
001f
001f
001f
001f
001f
001f
001f
001f
001f
001f
001f
001f
001f
001f
001f
001f
001f
001f
001f
001f
001f
001f
001f
001f
001f
001f
001f
001f
001f
001f
001f
001f
001f
001f
001f
001f
001f
001f
001f
001f
001f
001f
001f
001f
001f
001f
001f
001f
001f
001f
001f
001f
001f
001f
001f
001f
001f
001f
001f
001f
001f
001f
001f
001f
001f
001f
001f
001f
001f
001f
001f
001f
001f
001f
001f
001f
001f
001f
001f
001f
001f
001f
001f
001f
001f
001f
001f
001f
001f
001f
001f
001f
001f
001f
001f
001f
001f
001f
001f
001f
001f
001f
001f
001f
001f
001f
001f
001f
001f
001f
001f
001f
001f
001f
001f
001f
001f
001f
001f
001f
001f
001f
001f
001f
001f
001f
001f
001f
001f
001f
001f
001f
001f
001f
001f
001f
001f
001f
001f
001f
001f
001f
001f
001f
001f
001f
001f
001f
001f
001f
001f
001f
001f
001f
001f
001f
001f
001f
001f
001f
001f
001f
001f
001f
001f
001f
001f
001f
001f
001f
001f
001f
001f
001f
001f
001f
001f
001f
001f
001f
001f
001f
001f
001f
001f
001f
001f
001f
001f
001f
001f
001f
001f
001f
001f
001f
001f
001f
001f
001f
001f
001f
001f
001f
001f
001f
001f
001f
001f
001f
001f
001f
001f
001f
001f
001f
001f
001f
001f
001f
001f
001f
001f
001f
001f
001f
001f
001f
001f
001f
001f
001f
001f
001f
001f
001f
001f
001f
001f
001f
001f
001f
001f
001f
001f
001f
001f
001f
001f
001f
001f
001f
001f
001f
001f
001f
001f
001f
001f
001f
001f
001f
001f
001f
001f
001f
001f
001f
001f
001f
001f
001f
001f
001f
001f
001f
001f
001f
001f
001f
001f
001f
001f
001f
001f
001f
001f
001f
001f
001f
001f
001f
001f
001f
001f
001f
001f
001f
001f
001f
001f
001f
001f
001f
001f
001f
001f
001f
001f
001f
001f
001f
001f
001f
001f
001f
001f
001f
001f
001f
001f
001f
001f
001f
001f
001f
001f
001f
001f
001f
001f
001f
001f
001f
001f
001f
001f
001f
001f
001f
001f
001f
001f
001f
001f
001f
001f
001f
001f
001f
001f
001f
001f
001f
001f
001f
001f
001f
001f
001f
001f
001f
001f
001f
001f
001f
001f
001f
001f
001f
001f
001f
001f
001f
001f
001f
001f
001f
001f
001f
001f
001f
001f
001f
001f
001f
001f
001f
001f
001f
001f
001f
001f
001f
001f
001f
001f
001f
001f
001f
001f
001f
001f
001f
001f
001f
001f
001f
001f
001f
001f
001f
001f
001f
001f
001f
001f
001f
001f
001f
001f
001f
001f
001f
001f
001f
001f
001f
001f
001f
001f
001f
001f
001f
001f
001f
001f
001f
001f
001f
001f
001f
001f
001f
001f
001f
001f
001f
001f
001f
001f
001f
001f
001f
001f
001f
001f
001f
001f
001f
001f
001f
001f
001f
001f
001f
001f
001f
001f
001f
001f
001f
001f
001f
001f
001f
001f
001f
001f
001f
001f
001f
001f
001f
001f
001f
001f
001f
001f
001f
001f
001f
001f
001f
001f
001f
001f
001f
001f
001f
001f
001f
001f
001f
001f
001f
001f
001f
001f
001f
001f
001f
001f
001f
001f
001f
001f
001f
001f
001f
001f
001f
001f
001f
001f
001f
001f
001f
001f
001f
001f
001f
001f
001f
001f
001f
001f
001f
001f
001f
001f
001f
001f
001f
001f
001f
001f
001f
001f
001f
001f
001f
001f
001f
001f
001f
001f
001f
001f
001f
001f
001f
001f
001f
001f
001f
001f
001f
001f
001f
001f
001f
001f
001f
001f
001f
001f
001f
001f
001f
001f
001f
001f
001f
001f
001f
001f
001f
001f
001f
001f
001f
001f
001f
001f
001f
001f
001f
001f
001f
001f
001f
001f
001f
001f
001f
001f
001f
001f
001f
001f
001f
001f
001f
001f
001f
001f
001f
001f
001f
001f
001f
001f
001f
001f
001f
001f
001f
001f
001f
001f
001f
001f
001f
001f
001f
001f
001f
001f
001f
001f
001f
001f
001f
001f
001f
001f
001f
001f
001f
001f
001f
001f
001f
001f
001f
001f
001f
001f
001f
001f
001f
001f
001f
001f
001f
001f
001f
001f
001f
001f
001f
001f
001f
001f
001f
001f
001f
001f
001f
001f
001f
001f
001f
001f
001f
001f
001f
001f
001f
001f
001f
001f
001f
001f
001f
001f
001f
001f
001f
001f
001f
001f
001f
001f
001f
001f
001f
001f
001f
001f
001f
001f
001f
001f
001f
001f
001f
001f
001f
001f
001f
001f
001f
001f
001f
001f
001f
001f
001f
001f
001f
001f
001f
001f
001f
001f
001f
001f
001f
001f
001f
001f
001f
001f
001f
001f
001f
001f
001f
001f
001f
001f
001f
001f
001f
001f
001f
001f
001f
001f
001f
001f
001f
001f
001f
001f
001f
001f
001f
001f
001f
001f
001f
001f
001f
001f
001f
001f
001f
001f
001f
001f
001f
001f
001f
001f
001f
001f
001f
001f
001f
001f
001f
001f
001f
001f
001f
001f
001f
001f
001f
001f
001f
001f
001f
001f
001f
001f
001f
001f
001f
001f
001f
001f
001f
001f
001f
001f
001f
001f
001f
001f
001f
001f
001f
001f
001f
001f
001f
001f
001f
001f
001f
001f
001f
001f
001f
001f
001f
001f
001f
001f
001f
001f
001f
001f
001f
001f
001f
001f
001f
001f
001f
001f
001f
001f
001f
001f
001f
001f
001f
001f
001f
001f
001f
001f
001f
001f
001f
001f
001f
001f
001f
001f
001f
001f
001f
001f
001f
001f
001f
001f
001f
001f
001f
001f
001f
001f
001f
001f
001f
001f
001f
001f
001f
001f
001f
001f
001f
001f
001f
001f
001f
001f
001f
001f
001f
001f
001f
001f
001f
001f
001f
001f
001f
001f
001f
001f
001f
001f
001f
001f
001f
001f
001f
001f
001f
001f
001f
001f
001f
001f
001f
001f
001f
001f
001f
001f
001f
001f
001f
001f
001f
001f
001f
001f
001f
001f
001f
001f
001f
001f
001f
001f
001f
001f
001f
001f
001f
001f
001f
001f
001f
001f
001f
001f
001f
001f
001f
001f
001f
001f
001f
001f
001f
001f
001f
001f
001f
001f
001f
001f
001f
001f
001f
001f
001f
001f
001f
001f
001f
001f
001f
001f
001f
001f
001f
001f
001f
001f
001f
001f
001f
001f
001f
001f
001f
001f
001f
001f
001f
001f
001f
001f
001f
001f
001f
001f
001f
001f
001f
001f
001f
001f
001f
001f
001f
001f
001f
001f
001f
001f
001f
001f
001f
001f
001f
001f
001f
001f
001f
001f
001f
001f
001f
001f
001f
001f
001f
001f
001f
001f
001f
001f
001f
001f
001f
001f
001f
001f
001f
001f
001f
001f
001f
001f
001f
001f
001f
001f
001f
001f
001f
001f
001f
001f
001f
001f
001f
001f
001f
001f
001f
001f
001f
001f
001f
001f
001f
001f
001f
001f
001f
001f
001f
001f
001f
001f
001f
001f
001f
001f
001f
001f
001f
001f
001f
001f
001f
001f
001f
001f
001f
001f
001f
001f
001f
001f
001f
001f
001f
001f
001f
001f
001f
001f
001f
001f
001f
001f
001f
001f
001f
001f
001f
001f
001f
001f
001f
001f
001f
001f
001f
001f
001f
001f
001f
001f
001f
001f
001f
001f
001f
001f
001f
001f
001f
001f
001f
001f
001f
001f
001f
001f
001f
001f
001f
001f
001f
001f
001f
001f
001f
001f
001f
001f
001f
001f
001f
001f
001f
001f
001f
001f
001f
001f
001f
001f
001f
001f
001f
001f
001f
001f
001f
001f
001f
001f
001f
001f
001f
001f
001f
001f
001f
001f
001f
001f
001f
001f
001f
001f
001f
001f
001f
001f
001f
001f
001f
001f
001f
001f
001f
001f
001f
001f
001f
001f
001f
001f
001f
001f
001f
001f
001f
001f
001f
001f
001f
001f
001f
001f
001f
001f
001f
001f
001f
001f
001f
001f
001f
001f
001f
001f
001f
001f
001f
001f
001f
001f
001f
001f
001f
001f
001f
001f
001f
001f
001f
001f
001f
001f
001f
001f
001f
001f
001f
001f
001f
001f
001f
001f
001f
001f
001f
001f
001f
001f
001f
001f
001f
001f
001f
001f
001f
001f
001f
001f
001f
001f
001f
001f
001f
001f
001f
001f
001f
001f
001f
001f
001f
001f
001f
001f
001f
001f
001f
001f
001f
001f
001f
001f
001f
001f
001f
001f
001f
001f
001f
001f
001f
001f
001f
001f
001f
001f
001f
001f
001f
001f
001f
001f
001f
001f
001f
001f
001f
001f
001f
001f
001f
001f
001f
001f
001f
001f
001f
001f
001f
001f
001f
001f
001f
001f
001f
001f
001f
001f
001f
001f
001f
001f
001f
001f
001f
001f
001f
001f
001f
001f
001f
001f
001f
001f
001f
001f
001f
001f
001f
001f
001f
001f
001f
001f
001f
001f
001f
001f
001f
001f
001f
001f
001f
001f
001f
001f
001f
001f
001f
001f
001f
001f
001f
001f
001f
001f
001f
001f
001f
001f
001f
001f
001f
001f
001f
001f
001f
001f
001f
001f
001f
001f
001f
001f
001f
001f
001f
001f
001f
001f
001f
001f
001f
001f
001f
001f
001f
001f
001f
001f
001f
001f
001f
001f
001f
001f
001f
001f
001f
001f
001f
001f
001f
001f
001f
001f
001f
001f
001f
001f
001f
001f
001f
001f
001f
001f
001f
001f
001f
001f
001f
001f
001f
001f
001f
001f
001f
001f
001f
001f
001f
001f
001f
001f
001f
001f
001f
001f
001f
001f
001f
001f
001f
001f
001f
001f
001f
001f
001f
001f
001f
001f
001f
001f
001f
001f
001f
001f
001f
001f
001f
001f
001f
001f
001f
001f
001f
001f
001f
001f
001f
001f
001f
001f
001f
001f
001f
001f
001f
001f
001f
001f
001f
001f
001f
001f
001f
001f
001f
001f
001f
001f
001f
001f
001f
001f
001f
001f
001f
001f
001f
001f
001f
001f
001f
001f
001f
001f
001f
001f
001f
001f
001f
001f
001f
001f
001f
001f
001f
001f
001f
001f
001f
001f
001f
001f
001f
001f
001f
001f
001f
001f
001f
001f
001f
001f
001f
001f
001f
001f
001f
001f
001f
001f
001f
001f
001f
001f
001f
001f
001f
001f
001f
001f
001f
001f
001f
001f
001f
001f
001f
001f
001f
001f
001f
001f
001f
001f
001f
001f
001f
001f
001f
001f
001f
001f
001f
001f
001f
001f
001f
001f
001f
001f
001f
001f
001f
001f
001f
001f
001f
001f
001f
001f
001f
001f
001f
001f
001f
001f
001f
001f
001f
001f
001f
001f
001f
001f
001f
001f
001f
001f
001f
001f
001f
001f
001f
001f
001f
001f
001f
001f
001f
001f
001f
001f
001f
001f
001f
001f
001f
001f
001f
001f
001f
001f
001f
001f
001f
001f
001f
001f
001f
001f
001f
001f
001f
001f
001f
001f
001f
001f
001f
001f
001f
001f
001f
001f
001f
001f
001f
001f
001f
001f
001f
001f
001f
001f
001f
001f
001f
001f
001f
001f
001f
001f
001f
001f
001f
001f
001f
001f
001f
001f
001f
001f
001f
001f
001f
001f
001f
001f
001f
001f
001f
001f
001f
001f
001f
001f
001f
001f
001f
001f
001f
001f
001f
001f
001f
001f
001f
001f
001f
001f
001f
001f
001f
001f
001f
001f
001f
001f
001f
001f
001f
001f
001f
001f
001f
001f
001f
001f
001f
001f
001f
001f
001f
001f
001f
001f
001f
001f
001f
001f
001f
001f
001f
001f
001f
001f
001f
001f
001f
001f
001f
001f
001f
001f
001f
001f
001f
001f
001f
001f
001f
001f
001f
001f
001f
001f
001f
001f
001f
001f
001f
001f
001f
001f
001f
001f
001f
001f
001f
001f
001f
001f
001f
001f
001f
001f
001f
001f
001f
001f
001f
001f
001f
001f
001f
001f
001f
001f
001f
001f
001f
001f
001f
001f
001f
001f
001f
001f
001f
001f
001f
001f
001f
001f
001f
001f
001f
001f
001f
001f
001f
001f
001f
001f
001f
001f
001f
001f
001f
001f
001f
001f
001f
001f
001f
001f
001f
001f
001f
001f
001f
001f
001f
001f
001f
001f
001f
001f
001f
001f
001f
001f
001f
001f
001f
001f
001f
001f
001f
001f
001f
001f
001f
001f
001f
001f
001f
001f
001f
001f
001f
001f
001f
001f
001f
001f
001f
001f
001f
001f
001f
001f
001f
001f
001f
001f
001f
001f
001f
001f
001f
001f
001f
001f
001f
001f
001f
001f
001f
001f
001f
001f
001f
001f
001f
001f
001f
001f
001f
001f
001f
001f
001f
001f
001f
001f
001f
001f
001f
001f
001f
001f
001f
001f
001f
001f
001f
001f
001f
001f
001f
001f
001f
001f
001f
001f
001f
001f
001f
001f
001f
001f
001f
001f
001f
001f
001f
001f
001f
001f
001f
001f
001f
001f
001f
001f
001f
001f
001f
001f
001f
001f
001f
001f
001f
001f
001f
001f
001f
001f
001f
001f
001f
001f
001f
001f
001f
001f
001f
001f
001f
001f
001f
001f
001f
001f
001f
001f
001f
001f
001f
001f
001f
001f
001f
001f
001f
001f
001f
001f
001f
001f
001f
001f
001f
001f
001f
001f
001f
001f
001f
001f
001f
001f
001f
001f
001f
001f
001f
001f
001f
001f
001f
001f
001f
001f
001f
001f
001f
001f
001f
001f
001f
001f
001f
001f
001f
001f
001f
001f
001f
001f
001f
001f
001f
001f
001f
001f
001f
001f
001f
001f
001f
001f
001f
001f
001f
001f
001f
001f
001f
001f
001f
001f
001f
001f
001f
001f
001f
001f
001f
001f
001f
001f
001f
001f
001f
001f
001f
001f
001f
001f
001f
001f
001f
001f
001f
001f
001f
001f
001f
001f
001f
001f
001f
001f
001f
001f
001f
001f
001f
001f
001f
001f
001f
001f
001f
001f
001f
001f
001f
001f
001f
001f
001f
001f
001f
001f
001f
001f
001f
001f
001f
001f
001f
001f
001f
001f
001f
001f
001f
001f
001f
001f
001f
001f
001f
001f
001f
001f
001f
001f
001f
001f
001f
001f
001f
001f
001f
001f
001f
001f
001f
001f
001f
001f
001f
001f
001f
001f
001f
001f
001f
001f
001f
001f
001f
001f
001f
001f
001f
001f
001f
001f
001f
001f
001f
001f
001f
001f
001f
001f
001f
001f
001f
001f
001f
001f
001f
001f
001f
001f
001f
001f
001f
001f
001f
001f
001f
001f
001f
001f
001f
001f
001f
001f
001f
001f
001f
001f
001f
001f
001f
001f
001f
001f
001f
001f
001f
001f
001f
001f
001f
001f
001f
001f
001f
001f
001f
001f
001f
001f
001f
001f
001f
001f
001f
001f
001f
001f
001f
001f
001f
001f
001f
001f
001f
001f
001f
001f
001f
001f
001f
001f
001f
001f
001f
001f
001f
001f
001f
001f
001f
001f
001f
001f
001f
001f
001f
001f
001f
001f
001f
001f
001f
001f
001f
001f
001f
001f
001f
001f
001f
001f
001f
001f
001f
001f
001f
001f
001f
001f
001f
001f
001f
001f
001f
001f
001f
001f
001f
001f
001f
001f
001f
001f
001f
001f
001f
001f
001f
001f
001f
001f
001f
001f
001f
001f
001f
001f
001f
001f
001f
001f
001f
001f
001f
001f
001f
001f
001f
001f
001f
001f
001f
001f
001f
001f
001f
001f
001f
001f
001f
001f
001f
001f
001f
001f
001f
001f
001f
001f
001f
001f
001f
001f
001f
001f
001f
001f
001f
001f
001f
001f
001f
001f
001f
001f
001f
001f
001f
001f
001f
001f
001f
001f
001f
001f
001f
001f
001f
001f
001f
001f
001f
001f
001f
001f
001f
001f
001f
001f
001f
001f
001f
001f
001f
001f
001f
001f
001f
001f
001f
001f
001f
001f
001f
001f
001f
001f
001f
001f
001f
001f
001f
001f
001f
001f
001f
001f
001f
001f
001f
001f
001f
001f
001f
001f
001f
001f
001f
001f
001f
001f
001f
001f
001f
001f
001f
001f
001f
001f
001f
001f
001f
001f
001f
001f
001f
001f
001f
001f
001f
001f
001f
001f
001f
001f
001f
001f
001f
001f
001f
001f
001f
001f
001f
001f
001f
001f
001f
001f
001f
001f
001f
001f
001f
001f
001f
001f
001f
001f
001f
001f
001f
001f
001f
001f
001f
001f
001f
001f
001f
001f
001f
001f
001f
001f
001f
001f
001f
001f
001f
001f
001f
001f
001f
001f
001f
001f
001f
001f
001f
001f
001f
001f
001f
001f
001f
001f
001f
001f
001f
001f
001f
001f
001f
001f
001f
001f
001f
001f
001f
001f
001f
001f
001f
001f
001f
001f
001f
001f
001f
001f
001f
001f
001f
001f
001f
001f
001f
001f
001f
001f
001f
001f
001f
001f
001f
001f
001f
001f
001f
001f
001f
001f
001f
001f
001f
001f
001f
001f
001f
001f
001f
001f
001f
001f
001f
001f
001f
001f
001f
001f
001f
001f
001f
001f
001f
001f
001f
001f
001f
001f
001f
001f
001f
001f
001f
001f
001f
001f
001f
001f
001f
001f
001f
001f
001f
001f
001f
001f
001f
001f
001f
001f
001f
001f
001f
001f
001f
001f
001f
001f
001f
001f
001f
001f
001f
001f
001f
001f
001f
001f
001f
001f
001f
001f
001f
001f
001f
001f
001f
001f
001f
001f
001f
001f
001f
001f
001f
001f
001f
001f
001f
001f
001f
001f
001f
001f
001f
001f
001f
001f
001f
001f
001f
001f
001f
001f
001f
001f
001f
001f
001f
001f
001f
001f
001f
001f
001f
001f
001f
001f
001f
001f
001f
001f
001f
001f
001f
001f
001f
001f
001f
001f
001f
001f
001f
001f
001f
001f
001f
001f
001f
001f
001f
001f
001f
001f
001f
001f
001f
001f
001f
001f
001f
001f
001f
001f
001f
001f
001f
001f
001f
001f
001f
001f
001f
001f
001f
001f
001f
001f
001f
001f
001f
001f
001f
001f
001f
001f
001f
001f
001f
001f
001f
001f
001f
001f
001f
001f
001f
001f
001f
001f
001f
001f
001f
001f
001f
001f
001f
001f
001f
001f
001f
001f
001f
001f
001f
001f
001f
001f
001f
001f
001f
001f
001f
001f
001f
001f
001f
001f
001f
001f
001f
001f
001f
001f
001f
001f
001f
001f
001f
001f
001f
001f
001f
001f
001f
001f
001f
001f
001f
001f
001f
001f
001f
001f
001f
001f
001f
001f
001f
001f
001f
001f
001f
001f
001f
001f
001f
001f
001f
001f
001f
001f
001f
001f
001f
001f
001f
001f
001f
001f
001f
001f
001f
001f
001f
001f
001f
001f
001f
001f
001f
001f
001f
001f
001f
001f
001f
001f
001f
001f
001f
001f
001f
001f
001f
001f
001f
001f
001f
001f
001f
001f
001f
001f
001f
001f
001f
001f
001f
001f
001f
001f
001f
001f
001f
001f
001f
001f
001f
001f
001f
001f
001f
001f
001f
001f
001f
001f
001f
001f
001f
001f
001f
001f
001f
001f
001f
001f
001f
001f
001f
001f
001f
001f
001f
001f
001f
001f
001f
001f
001f
001f
001f
001f
001f
001f
001f
001f
001f
001f
001f
001f
001f
001f
001f
001f
001f
001f
001f
001f
001f
001f
001f
001f
001f
001f
001f
001f
001f
001f
001f
001f
001f
001f
001f
001f
001f
001f
001f
001f
001f
001f
001f
001f
001f
001f
001f
001f
001f
001f
001f
001f
001f
001f
001f
001f
001f
001f
001f
001f
001f
001f
001f
001f
001f
001f
001f
001f
001f
001f
001f
001f
001f
001f
001f
001f
001f
001f
001f
001f
001f
001f
001f
001f
001f
001f
001f
001f
001f
001f
001f
001f
001f
001f
001f
001f
001f
001f
001f
001f
001f
001f
001f
001f
001f
001f
001f
001f
001f
001f
001f
001f
001f
001f
001f
001f
001f
001f
001f
001f
001f
001f
001f
001f
001f
001f
001f
001f
001f
001f
001f
001f
001f
001f
001f
001f
001f
001f
001f
001f
001f
001f
001f
001f
001f
001f
001f
001f
001f
001f
001f
001f
001f
001f
001f
001f
001f
001f
001f
001f
001f
001f
001f
001f
001f
001f
001f
001f
001f
001f
001f
001f
001f
001f
001f
001f
001f
001f
001f
001f
001f
001f
001f
001f
001f
001f
001f
001f
001f
001f
001f
001f
001f
001f
001f
001f
001f
001f
001f
001f
001f
001f
001f
001f
001f
001f
001f
001f
001f
001f
001f
001f
001f
001f
001f
001f
001f
001f
001f
001f
001f
001f
001f
001f
001f
001f
001f
001f
001f
001f
001f
001f
001f
001f
001f
001f
001f
001f
001f
001f
001f
001f
001f
001f
001f
001f
001f
001f
001f
001f
001f
001f
001f
001f
001f
001f
001f
001f
001f
001f
001f
001f
001f
001f
001f
001f
001f
001f
001f
001f
001f
001f
001f
001f
001f
001f
001f
001f
001f
001f
001f
001f
001f
001f
001f
001f
001f
001f
001f
001f
001f
001f
001f
001f
001f
001f
001f
001f
001f
001f
001f
001f
001f
001f
001f
001f
001f
001f
001f
001f
001f
001f
001f
001f
001f
001f
001f
001f
001f
001f
001f
001f
001f
001f
001f
001f
001f
001f
001f
001f
001f
001f
001f
001f
001f
001f
001f
001f
001f
001f
001f
001f
001f
001f
001f
001f
001f
001f
001f
001f
001f
001f
001f
001f
001f
001f
001f
001f
001f
001f
001f
001f
001f
001f
001f
001f
001f
001f
001f
001f
001f
001f
001f
001f
001f
001f
001f
001f
001f
001f
001f
001f
001f
001f
001f
001f
001f
001f
001f
001f
001f
001f
001f
001f
001f
001f
001f
001f
001f
001f
001f
001f
001f
001f
001f
001f
001f
001f
001f
001f
001f
001f
001f
001f
001f
001f
001f
001f
001f
001f
001f
001f
001f
001f
001f
001f
001f
001f
001f
001f
001f
001f
001f
001f
001f
001f
001f
001f
001f
001f
001f
001f
001f
001f
001f
001f
001f
001f
001f
001f
001f
001f
001f
001f
001f
001f
001f
001f
001f
001f
001f
001f
001f
001f
001f
001f
001f
001f
001f
001f
001f
001f
001f
001f
001f
001f
001f
001f
001f
001f
001f
001f
001f
001f
001f
001f
001f
001f
001f
001f
001f
001f
001f
001f
001f
001f
001f
001f
001f
001f
001f
001f
001f
001f
001f
001f
001f
001f
001f
001f
001f
001f
001f
001f
001f
001f
001f
001f
001f
001f
001f
001f
001f
001f
001f
001f
001f
001f
001f
001f
001f
001f
001f
001f
001f
001f
001f
001f
001f
001f
001f
001f
001f
001f
001f
001f
001f
001f
001f
001f
001f
001f
001f
001f
001f
001f
001f
001f
001f
001f
001f
001f
001f
001f
001f
001f
001f
001f
001f
001f
001f
001f
001f
001f
001f
001f
001f
001f
001f
001f
001f
001f
001f
001f
001f
001f
001f
001f
001f
001f
001f
001f
001f
001f
001f
001f
001f
001f
001f
001f
001f
001f
001f
001f
001f
001f
001f
001f
001f
001f
001f
001f
001f
001f
001f
001f
001f
001f
001f
001f
001f
001f
001f
001f
001f
001f
001f
001f
001f
001f
001f
001f
001f
001f
001f
001f
001f
001f
001f
001f
001f
001f
001f
001f
001f
001f
001f
001f
001f
001f
001f
001f
001f
001f
001f
001f
001f
001f
001f
001f
001f
001f
001f
001f
001f
001f
001f
001f
001f
001f
001f
001f
001f
001f
001f
001f
001f
001f
001f
001f
001f
001f
001f
001f
001f
001f
001f
001f
001f
001f
001f
001f
001f
001f
001f
001f
001f
001f
001f
001f
001f
001f
001f
001f
001f
001f
001f
001f
001f
001f
001f
001f
001f
001f
001f
001f
001f
001f
001f
001f
001f
001f
001f
001f
001f
001f
001f
001f
001f
001f
001f
001f
001f
001f
001f
001f
001f
001f
001f
001f
001f
001f
001f
001f
001f
001f
001f
001f
001f
001f
001f
001f
001f
001f
001f
001f
001f
001f
001f
001f
001f
001f
001f
001f
001f
001f
001f
001f
001f
001f
001f
001f
001f
001f
001f
001f
001f
001f
001f
001f
001f
001f
001f
001f
001f
001f
001f
001f
001f
001f
001f
001f
001f
001f
001f
001f
001f
001f
001f
001f
001f
001f
001f
001f
001f
001f
001f
001f
001f
001f
001f
001f
001f
001f
001f
001f
001f
001f
001f
001f
001f
001f
001f
001f
001f
001f
001f
001f
001f
001f
001f
001f
001f
001f
001f
001f
001f
001f
001f
001f
001f
001f
001f
001f
001f
001f
001f
001f
001f
001f
001f
001f
001f
001f
001f
001f
001f
001f
001f
001f
001f
001f
001f
001f
001f
001f
001f
001f
001f
001f
001f
001f
001f
001f
001f
001f
001f
001f
001f
001f
001f
001f
001f
001f
001f
001f
001f
001f
001f
001f
001f
001f
001f
001f
001f
001f
001f
001f
001f
001f
001f
001f
001f
001f
001f
001f
001f
001f
001f
001f
001f
001f
001f
001f
001f
001f
001f
001f
001f
001f
001f
001f
001f
001f
001f
001f
001f
001f
001f
001f
001f
001f
001f
001f
001f
001f
001f
001f
001f
001f
001f
001f
001f
001f
001f
001f
001f
001f
001f
001f
001f
001f
001f
001f
001f
001f
001f
001f
001f
001f
001f
001f
001f
001f
001f
001f
001f
001f
001f
001f
001f
001f
001f
001f
001f
001f
001f
001f
001f
001f
001f
001f
001f
001f
001f
001f
001f
001f
001f
001f
001f
001f
001f
001f
001f
001f
001f
001f
001f
001f
001f
001f
001f
001f
001f
001f
001f
001f
001f
001f
001f
001f
001f
001f
001f
001f
001f
001f
001f
001f
001f
001f
001f
001f
001f
001f
001f
001f
001f
001f
001f
001f
001f
001f
001f
001f
001f
001f
001f
001f
001f
001f
001f
001f
001f
001f
001f
001f
001f
001f
001f
001f
001f
001f
001f
001f
001f
001f
001f
001f
001f
001f
001f
001f
001f
001f
001f
001f
001f
001f
001f
001f
001f
001f
001f
001f
001f
001f
001f
001f
001f
001f
001f
001f
001f
001f
001f
001f
001f
001f
001f
001f
001f
001f
001f
001f
001f
001f
001f
001f
001f
001f
001f
001f
001f
001f
001f
001f
001f
001f
001f
001f
001f
001f
001f
001f
001f
001f
001f
001f
001f
001f
001f
001f
001f
001f
001f
001f
001f
001f
001f
001f
001f
001f
001f
001f
001f
001f
001f
001f
001f
001f
001f
001f
001f
001f
001f
001f
001f
001f
001f
001f
001f
001f
001f
001f
001f
001f
001f
001f
001f
001f
001f
001f
001f
001f
001f
001f
001f
001f
001f
001f
001f
001f
001f
001f
001f
001f
001f
001f
001f
001f
001f
001f
001f
001f
001f
001f
001f
001f
001f
001f
001f
001f
001f
001f
001f
001f
001f
001f
001f
001f
001f
001f
001f
001f
001f
001f
001f
001f
001f
001f
001f
001f
001f
001f
001f
001f
001f
001f
001f
001f
001f
001f
001f
001f
001f
001f
001f
001f
001f
001f
001f
001f
001f
001f
001f
001f
001f
001f
001f
001f
001f
001f
001f
001f
001f
001f
001f
001f
001f
001f
001f
001f
001f
001f
001f
001f
001f
001f
001f
001f
001f
001f
001f
001f
001f
001f
001f
001f
001f
001f
001f
001f
001f
001f
001f
001f
001f
001f
001f
001f
001f
001f
001f
001f
001f
001f
001f
001f
001f
001f
001f
001f
001f
001f
001f
001f
001f
001f
001f
001f
001f
001f
001f
001f
001f
001f
001f
001f
001f
001f
001f
001f
001f
001f
001f
001f
001f
001f
001f
001f
001f
001f
001f
001f
001f
001f
001f
001f
001f
001f
001f
001f
001f
001f
001f
001f
001f
001f
001f
001f
001f
001f
001f
001f
001f
001f
001f
001f
001f
001f
001f
001f
001f
001f
001f
001f
001f
001f
001f
001f
001f
001f
001f
001f
001f
001f
001f
001f
001f
001f
001f
001f
001f
001f
001f
001f
001f
001f
001f
001f
001f
001f
001f
001f
001f
001f
001f
001f
001f
001f
001f
001f
001f
001f
001f
001f
001f
001f
001f
001f
001f
001f
001f
001f
001f
001f
001f
001f
001f
001f
001f
001f
001f
001f
001f
001f
001f
001f
001f
001f
001f
001f
001f
001f
001f
001f
001f
001f
001f
001f
001f
001f
001f
001f
001f
001f
001f
001f
001f
001f
001f
001f
001f
001f
001f
001f
001f
001f
001f
001f
001f
001f
001f
001f
001f
001f
001f
001f
001f
001f
001f
001f
001f
001f
001f
001f
001f
001f
001f
001f
001f
001f
001f
001f
001f
001f
001f
001f
001f
001f
001f
001f
001f
001f
001f
001f
001f
001f
001f
001f
001f
001f
001f
001f
001f
001f
001f
001f
001f
001f
001f
001f
001f
001f
001f
001f
001f
001f
001f
001f
001f
001f
001f
001f
001f
001f
001f
001f
001f
001f
001f
001f
001f
001f
001f
001f
001f
001f
001f
001f
001f
001f
001f
001f
001f
001f
001f
001f
001f
001f
001f
001f
001f
001f
001f
001f
001f
001f
001f
001f
001f
001f
001f
001f
001f
001f
001f
001f
001f
001f
001f
001f
001f
001f
001f
001f
001f
001f
001f
001f
001f
001f
001f
001f
001f
001f
001f
001f
001f
001f
001f
001f
001f
001f
001f
001f
001f
001f
001f
001f
001f
001f
001f
001f
001f
001f
001f
001f
001f
001f
001f
001f
001f
001f
001f
001f
001f
001f
001f
001f
001f
001f
001f
001f
001f
001f
001f
001f
001f
001f
001f
001f
001f
001f
001f
001f
001f
001f
001f
001f
001f
001f
001f
001f
001f
001f
001f
001f
001f
001f
001f
001f
001f
001f
001f
001f
001f
001f
001f
001f
001f
001f
001f
001f
001f
001f
001f
001f
001f
001f
001f
001f
001f
001f
001f
001f
001f
001f
001f
001f
001f
001f
001f
001f
001f
001f
001f
001f
001f
001f
001f
001f
001f
001f
001f
001f
001f
001f
001f
001f
001f
001f
001f
001f
001f
001f
001f
001f
001f
001f
001f
001f
001f
001f
001f
001f
001f
001f
001f
001f
001f
001f
001f
001f
001f
001f
001f
001f
001f
001f
001f
001f
001f
001f
001f
001f
001f
001f
001f
001f
001f
001f
001f
001f
001f
001f
001f
001f
001f
001f
001f
001f
001f
001f
001f
001f
001f
001f
001f
001f
001f
001f
001f
001f
001f
001f
001f
001f
001f
001f
001f
001f
001f
001f
001f
001f
001f
001f
001f
001f
001f
001f
001f
001f
001f
001f
001f
001f
001f
001f
001f
001f
001f
001f
001f
001f
001f
001f
001f
001f
001f
001f
001f
001f
001f
001f
001f
001f
001f
001f
001f
001f
001f
001f
001f
001f
001f
001f
001f
001f
001f
001f
001f
001f
001f
001f
001f
001f
001f
001f
001f
001f
001f
001f
001f
001f
001f
001f
001f
001f
001f
001f
001f
001f
001f
001f
001f
001f
001f
001f
001f
001f
001f
001f
001f
001f
001f
001f
001f
001f
001f
001f
001f
001f
001f
001f
001f
001f
001f
001f
001f
001f
001f
001f
001f
001f
001f
001f
001f
001f
001f
001f
001f
001f
001f
001f
001f
001f
001f
001f
001f
001f
001f
001f
001f
001f
001f
001f
001f
001f
001f
001f
001f
001f
001f
001f
001f
001f
001f
001f
001f
001f
001f
001f
001f
001f
001f
001f
001f
001f
001f
001f
001f
001f
001f
001f
001f
001f
001f
001f
001f
001f
001f
001f
001f
001f
001f
001f
001f
001f
001f
001f
001f
001f
001f
001f
001f
001f
001f
001f
001f
001f
001f
001f
001f
001f
001f
001f
001f
001f
001f
001f
001f
001f
001f
001f
001f
001f
001f
001f
001f
001f
001f
001f
001f
001f
001f
001f
001f
001f
001f
001f
001f
001f
001f
001f
001f
001f
001f
001f
001f
001f
001f
001f
001f
001f
001f
001f
001f
001f
001f
001f
001f
001f
001f
001f
001f
001f
001f
001f
001f
001f
001f
001f
001f
001f
001f
001f
001f
001f
001f
001f
001f
001f
001f
001f
001f
001f
001f
001f
001f
001f
001f
001f
001f
001f
001f
001f
001f
001f
001f
001f
001f
001f
001f
001f
001f
001f
001f
001f
001f
001f
001f
001f
001f
001f
001f
001f
001f
001f
001f
001f
001f
001f
001f
001f
001f
001f
001f
001f
001f
001f
001f
001f
001f
001f
001f
001f
001f
001f
001f
001f
001f
001f
001f
001f
001f
001f
001f
001f
001f
001f
001f
001f
001f
001f
001f
001f
001f
001f
001f
001f
001f
001f
001f
001f
001f
001f
001f
001f
001f
001f
001f
001f
001f
001f
001f
001f
001f
001f
001f
001f
001f
001f
001f
001f
001f
001f
001f
001f
001f
001f
001f
001f
001f
001f
001f
001f
001f
001f
001f
001f
001f
001f
001f
001f
001f
001f
001f
001f
001f
001f
001f
001f
001f
001f
001f
001f
001f
001f
001f
001f
001f
001f
001f
001f
001f
001f
001f
001f
001f
001f
001f
001f
001f
001f
001f
001f
001f
001f
001f
001f
001f
001f
001f
001f
001f
001f
001f
001f
001f
001f
001f
001f
001f
001f
001f
001f
001f
001f
001f
001f
001f
001f
001f
001f
001f
001f
001f
001f
001f
001f
001f
001f
001f
001f
001f
001f
001f
001f
001f
001f
001f
001f
001f
001f
001f
001f
001f
001f
001f
001f
001f
001f
001f
001f
001f
001f
001f
001f
001f
001f
001f
001f
001f
001f
001f
001f
001f
001f
001f
001f
001f
001f
001f
001f
001f
001f
001f
001f
001f
001f
001f
001f
001f
001f
001f
001f
001f
001f
001f
001f
001f
001f
001f
001f
001f
001f
001f
001f
001f
001f
001f
001f
001f
001f
001f
001f
001f
001f
001f
001f
001f
001f
001f
001f
001f
001f
001f
001f
001f
001f
001f
001f
001f
001f
001f
001f
001f
001f
001f
001f
001f
001f
001f
001f
001f
001f
001f
001f
001f
001f
001f
001f
001f
001f
001f
001f
001f
001f
001f
001f
001f
001f
001f
001f
001f
001f
001f
001f
001f
001f
001f
001f
001f
001f
001f
001f
001f
001f
001f
001f
001f
001f
001f
001f
001f
001f
001f
001f
001f
001f
001f
001f
001f
001f
001f
001f
001f
001f
001f
001f
001f
001f
001f
001f
001f
001f
001f
001f
001f
001f
001f
001f
001f
001f
001f
001f
001f
001f
001f
001f
001f
001f
001f
001f
001f
001f
001f
001f
001f
001f
001f
001f
001f
001f
001f
001f
001f
001f
001f
001f
001f
001f
001f
001f
001f
001f
001f
001f
001f
001f
001f
001f
001f
001f
001f
001f
001f
001f
001f
001f
001f
001f
001f
001f
001f
001f
001f
001f
001f
001f
001f
001f
001f
001f
001f
001f
001f
001f
001f
001f
001f
001f
001f
001f
001f
001f
001f
001f
001f
001f
001f
001f
001f
001f
001f
001f
001f
001f
001f
001f
001f
001f
001f
001f
001f
001f
001f
001f
001f
001f
001f
001f
001f
001f
001f
001f
001f
001f
001f
001f
001f
001f
001f
001f
001f
001f
001f
001f
001f
001f
001f
001f
001f
001f
001f
001f
001f
001f
001f
001f
001f
001f
001f
001f
001f
001f
001f
001f
001f
001f
001f
001f
001f
001f
001f
001f
001f
001f
001f
001f
001f
001f
001f
001f
001f
001f
001f
001f
001f
001f
001f
001f
001f
001f
001f
001f
001f
001f
001f
001f
001f
001f
001f
001f
001f
001f
001f
001f
001f
001f
001f
001f
001f
001f
001f
001f
001f
001f
001f
001f
001f
001f
001f
001f
001f
001f
001f
001f
001f
001f
001f
001f
001f
001f
001f
001f
001f
001f
001f
001f
001f
001f
001f
001f
001f
001f
001f
001f
001f
001f
001f
001f
001f
001f
001f
001f
001f
001f
001f
001f
001f
001f
001f
001f
001f
001f
001f
001f
001f
001f
001f
001f
001f
001f
001f
001f
001f
001f
001f
001f
001f
001f
001f
001f
001f
001f
001f
001f
001f
001f
001f
001f
001f
001f
001f
001f
001f
001f
001f
001f
001f
001f
001f
001f
001f
001f
001f
001f
001f
001f
001f
001f
001f
001f
001f
001f
001f
001f
001f
001f
001f
001f
001f
001f
001f
001f
001f
001f
001f
001f
001f
001f
001f
001f
001f
001f
001f
001f
001f
001f
001f
001f
001f
001f
001f
001f
001f
001f
001f
001f
001f
001f
001f
001f
001f
001f
001f
001f
001f
001f
001f
001f
001f
001f
001f
001f
001f
001f
001f
001f
001f
001f
001f
001f
001f
001f
001f
001f
001f
001f
001f
001f
001f
001f
001f
001f
001f
001f
001f
001f
001f
001f
001f
001f
001f
001f
001f
001f
001f
001f
001f
001f
001f
001f
001f
001f
001f
001f
001f
001f
001f
001f
001f
001f
001f
001f
001f
001f
001f
001f
001f
001f
001f
001f
001f
001f
001f
001f
001f
001f
001f
001f
001f
001f
001f
001f
001f
001f
001f
001f
001f
001f
001f
001f
001f
001f
001f
001f
001f
001f
001f
001f
001f
001f
001f
001f
001f
001f
001f
001f
001f
001f
001f
001f
001f
001f
001f
001f
001f
001f
001f
001f
001f
001f
001f
001f
001f
001f
001f
001f
001f
001f
001f
001f
001f
001f
001f
001f
001f
001f
001f
001f
001f
001f
001f
001f
001f
001f
001f
001f
001f
001f
001f
001f
001f
001f
001f
001f
001f
001f
001f
001f
001f
001f
001f
001f
001f
001f
001f
001f
001f
001f
001f
001f
001f
001f
001f
001f
001f
001f
001f
001f
001f
001f
001f
001f
001f
001f
001f
001f
001f
001f
001f
001f
001f
001f
001f
001f
001f
001f
001f
001f
001f
001f
001f
001f
001f
001f
001f
001f
001f
001f
001f
001f
001f
001f
001f
001f
001f
001f
001f
001f
001f
001f
001f
001f
001f
001f
001f
001f
001f
001f
001f
001f
001f
001f
001f
001f
001f
001f
001f
001f
001f
001f
001f
001f
001f
001f
001f
001f
001f
001f
001f
001f
001f
001f
001f
001f
001f
001f
001f
001f
001f
001f
001f
001f
001f
001f
001f
001f
001f
001f
001f
001f
001f
001f
001f
001f
001f
001f
001f
001f
001f
001f
001f
001f
001f
001f
001f
001f
001f
001f
001f
001f
001f
001f
001f
001f
001f
001f
001f
001f
001f
001f
001f
001f
001f
001f
001f
001f
001f
001f
001f
001f
001f
001f
001f
001f
001f
001f
001f
001f
001f
001f
001f
001f
001f
001f
001f
001f
001f
001f
001f
001f
001f
001f
001f
001f
001f
001f
001f
001f
001f
001f
001f
001f
001f
001f
001f
001f
001f
001f
001f
001f
001f
001f
001f
001f
001f
001f
001f
001f
001f
001f
001f
001f
001f
001f
001f
001f
001f
001f
001f
001f
001f
001f
001f
001f
001f
001f
001f
001f
001f
001f
001f
001f
001f
001f
001f
001f
001f
001f
001f
001f
001f
001f
001f
001f
001f
001f
001f
001f
001f
001f
001f
001f
001f
001f
001f
001f
001f
001f
001f
001f
001f
001f
001f
001f
001f
001f
001f
001f
001f
001f
001f
001f
001f
001f
001f
001f
001f
001f
001f
001f
001f
001f
001f
001f
001f
001f
001f
001f
001f
001f
001f
001f
001f
001f
001f
001f
001f
001f
001f
001f
001f
001f
001f
001f
001f
001f
001f
001f
001f
001f
001f
001f
001f
001f
001f
001f
001f
001f
001f
001f
001f
001f
001f
001f
001f
001f
001f
001f
001f
001f
001f
001f
001f
001f
001f
001f
001f
001f
001f
001f
001f
001f
001f
001f
001f
001f
001f
001f
001f
001f
001f
001f
001f
001f
001f
001f
001f
001f
001f
001f
001f
001f
001f
001f
001f
001f
001f
001f
001f
001f
001f
001f
001f
001f
001f
001f
001f
001f
001f
001f
001f
001f
001f
001f
001f
001f
001f
001f
001f
001f
001f
001f
001f
001f
001f
001f
001f
001f
001f
001f
001f
001f
001f
001f
001f
001f
001f
001f
001f
001f
001f
001f
001f
001f
001f
001f
001f
001f
001f
001f
001f
001f
001f
001f
001f
001f
001f
001f
001f
001f
001f
001f
001f
001f
001f
001f
001f
001f
001f
001f
001f
001f
001f
001f
001f
001f
001f
001f
001f
001f
001f
001f
001f
001f
001f
001f
001f
001f
001f
001f
001f
001f
001f
001f
001f
001f
001f
001f
001f
001f
001f
001f
001f
001f
001f
001f
001f
001f
001f
001f
001f
001f
001f
001f
001f
001f
001f
001f
001f
001f
001f
001f
001f
001f
001f
001f
001f
001f
001f
001f
001f
001f
001f
001f
001f
001f
001f
001f
001f
001f
001f
001f
001f
001f
001f
001f
001f
001f
001f
001f
001f
001f
001f
001f
001f
001f
001f
001f
001f
001f
001f
001f
001f
001f
001f
001f
001f
001f
001f
001f
001f
001f
001f
001f
001f
001f
001f
001f
001f
001f
001f
001f
001f
001f
001f
001f
001f
001f
001f
001f
001f
001f
001f
001f
001f
001f
001f
001f
001f
001f
001f
001f
001f
001f
001f
001f
001f
001f
001f
001f
001f
001f
001f
001f
001f
001f
001f
001f
001f
001f
001f
001f
001f
001f
001f
001f
001f
001f
001f
001f
001f
001f
001f
001f
001f
001f
001f
001f
001f
001f
001f
001f
001f
001f
001f
001f
001f
001f
001f
001f
001f
001f
001f
001f
001f
001f
001f
001f
001f
001f
001f
001f
001f
001f
001f
001f
001f
001f
001f
001f
001f
001f
001f
001f
001f
001f
001f
001f
001f
001f
001f
001f
001f
001f
001f
001f
001f
001f
001f
001f
001f
001f
001f
001f
001f
001f
001f
001f
001f
001f
001f
001f
001f
001f
001f
001f
001f
001f
001f
001f
001f
001f
001f
001f
001f
001f
001f
001f
001f
001f
001f
001f
001f
001f
001f
001f
001f
001f
001f
001f
001f
001f
001f
001f
001f
001f
001f
001f
001f
001f
001f
001f
001f
001f
001f
001f
001f
001f
001f
001f
001f
001f
001f
001f
001f
001f
001f
001f
001f
001f
001f
001f
001f
001f
001f
001f
001f
001f
001f
001f
001f
001f
001f
001f
001f
001f
001f
001f
001f
001f
001f
001f
001f
001f
001f
001f
001f
001f
001f
001f
001f
001f
001f
001f
001f
001f
001f
001f
001f
001f
001f
001f
001f
001f
001f
001f
001f
001f
001f
001f
001f
001f
001f
001f
001f
001f
001f
001f
001f
001f
001f
001f
001f
001f
001f
001f
001f
001f
001f
001f
001f
001f
001f
001f
001f
001f
001f
001f
001f
001f
001f
001f
001f
001f
001f
001f
001f
001f
001f
001f
001f
001f
001f
001f
001f
001f
001f
001f
001f
001f
001f
001f
001f
001f
001f
001f
001f
001f
001f
001f
001f
001f
001f
001f
001f
001f
001f
001f
001f
001f
001f
001f
001f
001f
001f
001f
001f
001f
001f
001f
001f
001f
001f
001f
001f
001f
001f
001f
001f
001f
001f
001f
001f
001f
001f
001f
001f
001f
001f
001f
001f
001f
001f
001f
001f
001f
001f
001f
001f
001f
001f
001f
001f
001f
001f
001f
001f
001f
001f
001f
001f
001f
001f
001f
001f
001f
001f
001f
001f
001f
001f
001f
001f
001f
001f
001f
001f
001f
001f
001f
001f
001f
001f
001f
001f
001f
001f
001f
001f
001f
001f
001f
001f
001f
001f
001f
001f
001f
001f
001f
001f
001f
001f
001f
001f
001f
001f
001f
001f
001f
001f
001f
001f
001f
001f
001f
001f
001f
001f
001f
001f
001f
001f
001f
001f
001f
001f
001f
001f
001f
001f
001f
001f
001f
001f
001f
001f
001f
001f
001f
001f
001f
001f
001f
001f
001f
001f
001f
001f
001f
001f
001f
001f
001f
001f
001f
001f
001f
001f
001f
001f
001f
001f
001f
001f
001f
001f
001f
001f
001f
001f
001f
001f
001f
001f
001f
001f
001f
001f
001f
001f
001f
001f
001f
001f
001f
001f
001f
001f
001f
001f
001f
001f
001f
001f
001f
001f
001f
001f
001f
001f
001f
001f
001f
001f
001f
001f
001f
001f
001f
001f
001f
001f
001f
001f
001f
001f
001f
001f
001f
001f
001f
001f
001f
001f
001f
001f
001f
001f
001f
001f
001f
001f
001f
001f
001f
001f
001f
001f
001f
001f
001f
001f
001f
001f
001f
001f
001f
001f
001f
001f
001f
001f
001f
001f
001f
001f
001f
001f
001f
001f
001f
001f
001f
001f
001f
001f
001f
001f
001f
001f
001f
001f
001f
001f
001f
001f
001f
001f
001f
001f
001f
001f
001f
001f
001f
001f
001f
001f
001f
001f
001f
001f
001f
001f
001f
001f
001f
001f
001f
001f
001f
001f
001f
001f
001f
001f
001f
001f
001f
001f
001f
001f
001f
001f
001f
001f
001f
001f
001f
001f
001f
001f
001f
001f
001f
001f
001f
001f
001f
001f
001f
001f
001f
001f
001f
001f
001f
001f
001f
001f
001f
001f
001f
001f
001f
001f
001f
001f
001f
001f
001f
001f
001f
001f
001f
001f
001f
001f
001f
001f
001f
001f
001f
001f
001f
001f
001f
001f
001f
001f
001f
001f
001f
001f
001f
001f
001f
001f
001f
001f
001f
001f
001f
001f
001f
001f
001f
001f
001f
001f
001f
001f
001f
001f
001f
001f
001f
001f
001f
001f
001f
001f
001f
001f
001f
001f
001f
001f
001f
001f
001f
001f
001f
001f
001f
001f
001f
001f
001f
001f
001f
001f
001f
001f
001f
001f
001f
001f
001f
001f
001f
001f
001f
001f
001f
001f
001f
001f
001f
001f
001f
001f
001f
001f
001f
001f
001f
001f
001f
001f
001f
001f
001f
001f
001f
001f
001f
001f
001f
001f
001f
001f
001f
001f
001f
001f
001f
001f
001f
001f
001f
001f
001f
001f
001f
001f
001f
001f
001f
001f
001f
001f
001f
001f
001f
001f
001f
001f
001f
001f
001f
001f
001f
001f
001f
001f
001f
001f
001f
001f
001f
001f
001f
001f
001f
001f
001f
001f
001f
001f
001f
001f
001f
001f
001f
001f
001f
001f
001f
001f
001f
001f
001f
001f
001f
001f
001f
001f
001f
001f
001f
001f
001f
001f
001f
001f
001f
001f
001f
001f
001f
001f
001f
001f
001f
001f
001f
001f
001f
001f
001f
001f
001f
001f
001f
001f
001f
001f
001f
001f
001f
001f
001f
001f
001f
001f
001f
001f
001f
001f
001f
001f
001f
001f
001f
001f
001f
001f
001f
001f
001f
001f
001f
001f
001f
001f
001f
001f
001f
001f
001f
001f
001f
001f
001f
001f
001f
001f
001f
001f
001f
001f
001f
001f
001f
001f
001f
001f
001f
001f
001f
001f
001f
001f
001f
001f
001f
001f
001f
001f
001f
001f
001f
001f
001f
001f
001f
001f
001f
001f
001f
001f
001f
001f
001f
001f
001f
001f
001f
001f
001f
001f
001f
001f
001f
001f
001f
001f
001f
001f
001f
001f
001f
001f
001f
001f
001f
001f
001f
001f
001f
001f
001f
001f
001f
001f
001f
001f
001f
001f
001f
001f
001f
001f
001f
001f
001f
001f
001f
001f
001f
001f
001f
001f
001f
001f
001f
001f
001f
001f
001f
001f
001f
001f
001f
001f
001f
001f
001f
001f
001f
001f
001f
001f
001f
001f
001f
001f
001f
001f
001f
001f
001f
001f
001f
001f
001f
001f
001f
001f
001f
001f
001f
001f
001f
001f
001f
001f
001f
001f
001f
001f
001f
001f
001f
001f
001f
001f
001f
001f
001f
001f
001f
001f
001f
001f
001f
001f
001f
001f
001f
001f
001f
001f
001f
001f
001f
001f
001f
001f
001f
001f
001f
001f
001f
001f
001f
001f
001f
001f
001f
001f
001f
001f
001f
001f
001f
001f
001f
001f
001f
001f
001f
001f
001f
001f
001f
001f
001f
001f
001f
001f
001f
001f
001f
001f
001f
001f
001f
001f
001f
001f
001f
001f
001f
001f
001f
001f
001f
001f
001f
001f
001f
001f
001f
001f
001f
001f
001f
001f
001f
001f
001f
001f
001f
001f
001f
001f
001f
001f
001f
001f
001f
001f
001f
001f
001f
001f
001f
001f
001f
001f
001f
001f
001f
001f
001f
001f
001f
001f
001f
001f
001f
001f
001f
001f
001f
001f
001f
001f
001f
001f
001f
001f
001f
001f
001f
001f
001f
001f
001f
001f
001f
001f
001f
001f
001f
001f
001f
001f
001f
001f
001f
001f
001f
001f
001f
001f
001f
001f
001f
001f
001f
001f
001f
001f
001f
001f
001f
001f
001f
001f
001f
001f
001f
001f
001f
001f
001f
001f
001f
001f
001f
001f
001f
001f
001f
001f
001f
001f
001f
001f
001f
001f
001f
001f
001f
001f
001f
001f
001f
001f
001f
001f
001f
001f
001f
001f
001f
001f
001f
001f
001f
001f
001f
001f
001f
001f
001f
001f
001f
001f
001f
001f
001f
001f
001f
001f
001f
001f
001f
001f
001f
001f
001f
001f
001f
001f
001f
001f
001f
001f
001f
001f
001f
001f
001f
001f
001f
001f
001f
001f
001f
001f
001f
001f
001f
001f
001f
001f
001f
001f
001f
001f
001f
001f
001f
001f
001f
001f
001f
001f
001f
001f
001f
001f
001f
001f
001f
001f
001f
001f
001f
001f
001f
001f
001f
001f
001f
001f
001f
001f
001f
001f
001f
001f
001f
001f
001f
001f
001f
001f
001f
001f
001f
001f
001f
001f
001f
001f
001f
001f
001f
001f
001f
001f
001f
001f
001f
001f
001f
001f
001f
001f
001f
001f
001f
001f
001f
001f
001f
001f
001f
001f
001f
001f
001f
001f
001f
001f
001f
001f
001f
001f
001f
001f
001f
001f
001f
001f
001f
001f
001f
001f
001f
001f
001f
001f
001f
001f
001f
001f
001f
001f
001f
001f
001f
001f
001f
001f
001f
001f
001f
001f
001f
001f
001f
001f
001f
001f
001f
001f
001f
001f
001f
001f
001f
001f
001f
001f
001f
001f
001f
001f
001f
001f
001f
001f
001f
001f
001f
001f
001f
001f
001f
001f
001f
001f
001f
001f
001f
001f
001f
001f
001f
001f
001f
001f
001f
001f
001f
001f
001f
001f
001f
001f
001f
001f
001f
001f
001f
001f
001f
001f
001f
001f
001f
001f
001f
001f
001f
001f
001f
001f
001f
001f
001f
001f
001f
001f
001f
001f
001f
001f
001f
001f
001f
001f
001f
001f
001f
001f
001f
001f
001f
001f
001f
001f
001f
001f
001f
001f
001f
001f
001f
001f
001f
001f
001f
001f
001f
001f
001f
001f
001f
001f
001f
001f
001f
001f
001f
001f
001f
001f
001f
001f
001f
001f
001f
001f
001f
001f
001f
001f
001f
001f
001f
001f
001f
001f
001f
001f
001f
001f
001f
001f
001f
001f
001f
001f
001f
001f
001f
001f
001f
001f
001f
001f
001f
001f
001f
001f
001f
001f
001f
001f
001f
001f
001f
001f
001f
001f
001f
001f
001f
001f
001f
001f
001f
001f
001f
001f
001f
001f
001f
001f
001f
001f
001f
001f
001f
001f
001f
001f
001f
001f
001f
001f
001f
001f
001f
001f
001f
001f
001f
001f
001f
001f
001f
001f
001f
001f
001f
001f
001f
001f
001f
001f
001f
001f
001f
001f
001f
001f
001f
001f
001f
001f
001f
001f
001f
001f
001f
001f
001f
001f
001f
001f
001f
001f
001f
001f
001f
001f
001f
001f
001f
001f
001f
001f
001f
001f
001f
001f
001f
001f
001f
001f
001f
001f
001f
001f
001f
001f
001f
001f
001f
001f
001f
001f
001f
001f
001f
001f
001f
001f
001f
001f
001f
001f
001f
001f
001f
001f
001f
001f
001f
001f
001f
001f
001f
001f
001f
001f
001f
001f
001f
001f
001f
001f
001f
001f
001f
001f
001f
001f
001f
001f
001f
001f
001f
001f
001f
001f
001f
001f
001f
001f
001f
001f
001f
001f
001f
001f
001f
001f
001f
001f
001f
001f
001f
001f
001f
001f
001f
001f
001f
001f
001f
001f
001f
001f
001f
001f
001f
001f
001f
001f
001f
001f
001f
001f
001f
001f
001f
001f
001f
001f
001f
001f
001f
001f
001f
001f
001f
001f
001f
001f
001f
001f
001f
001f
001f
001f
001f
001f
001f
001f
001f
001f
001f
001f
001f
001f
001f
001f
001f
001f
001f
001f
001f
001f
001f
001f
001f
001f
001f
001f
001f
001f
001f
001f
001f
001f
001f
001f
001f
001f
001f
001f
001f
001f
001f
001f
001f
001f
001f
001f
001f
001f
001f
001f
001f
001f
001f
001f
001f
001f
001f
001f
001f
001f
001f
001f
001f
001f
001f
001f
001f
001f
001f
001f
001f
001f
001f
001f
001f
001f
001f
001f
001f
001f
001f
001f
001f
001f
001f
001f
001f
001f
001f
001f
001f
001f
001f
001f
001f
001f
001f
001f
001f
001f
001f
001f
001f
001f
001f
001f
001f
001f
001f
001f
001f
001f
001f
001f
001f
001f
001f
001f
001f
001f
001f
001f
001f
001f
001f
001f
001f
001f
001f
001f
001f
001f
001f
001f
001f
001f
001f
001f
001f
001f
001f
001f
001f
001f
001f
001f
001f
001f
001f
001f
001f
001f
001f
001f
001f
001f
001f
001f
001f
001f
001f
001f
001f
001f
001f
001f
001f
001f
001f
001f
001f
001f
001f
001f
001f
001f
001f
001f
001f
001f
001f
001f
001f
001f
001f
001f
001f
001f
001f
001f
001f
001f
001f
001f
001f
001f
001f
001f
001f
001f
001f
001f
001f
001f
001f
001f
001f
001f
001f
001f
001f
001f
001f
001f
001f
001f
001f
001f
001f
001f
001f
001f
001f
001f
001f
001f
001f
001f
001f
001f
001f
001f
001f
001f
001f
001f
001f
001f
001f
001f
001f
001f
001f
001f
001f
001f
001f
001f
001f
001f
001f
001f
001f
001f
001f
001f
001f
001f
001f
001f
001f
001f
001f
001f
001f
001f
001f
001f
001f
001f
001f
001f
001f
001f
001f
001f
001f
001f
001f
001f
001f
001f
001f
001f
001f
001f
001f
001f
001f
001f
001f
001f
001f
001f
001f
001f
001f
001f
001f
001f
001f
001f
001f
001f
001f
001f
001f
001f
001f
001f
001f
001f
001f
001f
001f
001f
001f
001f
001f
001f
001f
001f
001f
001f
001f
001f
001f
001f
001f
001f
001f
001f
001f
001f
001f
001f
001f
001f
001f
001f
001f
001f
001f
001f
001f
001f
001f
001f
001f
001f
001f
001f
001f
001f
001f
001f
001f
001f
001f
001f
001f
001f
001f
001f
001f
001f
001f
001f
001f
001f
001f
001f
001f
001f
001f
001f
001f
001f
001f
001f
001f
001f
001f
001f
001f
001f
001f
001f
001f
001f
001f
001f
001f
001f
001f
001f
001f
001f
001f
001f
001f
001f
001f
001f
001f
001f
001f
001f
001f
001f
001f
001f
001f
001f
001f
001f
001f
001f
001f
001f
001f
001f
001f
001f
001f
001f
001f
001f
001f
001f
001f
001f
001f
001f
001f
001f
001f
001f
001f
001f
001f
001f
001f
001f
001f
001f
001f
001f
001f
001f
001f
001f
001f
001f
001f
001f
001f
001f
001f
001f
001f
001f
001f
001f
001f
001f
001f
001f
001f
001f
001f
001f
001f
001f
001f
001f
001f
001f
001f
001f
001f
001f
001f
001f
001f
001f
001f
001f
001f
001f
001f
001f
001f
001f
001f
001f
001f
001f
001f
001f
001f
001f
001f
001f
001f
001f
001f
001f
001f
001f
001f
001f
001f
001f
001f
001f
001f
001f
001f
001f
001f
001f
001f
001f
001f
001f
001f
001f
001f
001f
001f
001f
001f
001f
001f
001f
001f
001f
001f
001f
001f
001f
001f
001f
001f
001f
001f
001f
001f
001f
001f
001f
001f
001f
001f
001f
001f
001f
001f
001f
001f
001f
001f
001f
001f
001f
001f
001f
001f
001f
001f
001f
001f
001f
001f
001f
001f
001f
001f
001f
001f
001f
001f
001f
001f
001f
001f
001f
001f
001f
001f
001f
001f
001f
001f
001f
001f
001f
001f
001f
001f
001f
001f
001f
001f
001f
001f
001f
001f
001f
001f
001f
001f
001f
001f
001f
001f
001f
001f
001f
001f
001f
001f
001f
001f
001f
001f
001f
001f
001f
001f
001f
001f
001f
001f
001f
001f
001f
001f
001f
001f
001f
001f
001f
001f
001f
001f
001f
001f
001f
001f
001f
001f
001f
001f
001f
001f
001f
001f
001f
001f
001f
001f
001f
001f
001f
001f
001f
001f
001f
001f
001f
001f
001f
001f
001f
001f
001f
001f
001f
001f
001f
001f
001f
001f
001f
001f
001f
001f
001f
001f
001f
001f
001f
001f
001f
001f
001f
001f
001f
001f
001f
001f
001f
001f
001f
001f
001f
001f
001f
001f
001f
001f
001f
001f
001f
001f
001f
001f
001f
001f
001f
001f
001f
001f
001f
001f
001f
001f
001f
001f
001f
001f
001f
001f
001f
001f
001f
001f
001f
001f
001f
001f
001f
001f
001f
001f
001f
001f
001f
001f
001f
001f
001f
001f
001f
001f
001f
001f
001f
001f
001f
001f
001f
001f
001f
001f
001f
001f
001f
001f
001f
001f
001f
001f
001f
001f
001f
001f
001f
001f
001f
001f
001f
001f
001f
001f
001f
001f
001f
001f
001f
001f
001f
001f
001f
001f
001f
001f
001f
001f
001f
001f
001f
001f
001f
001f
001f
001f
001f
001f
001f
001f
001f
001f
001f
001f
001f
001f
001f
001f
001f
001f
001f
001f
001f
001f
001f
001f
001f
001f
001f
001f
001f
001f
001f
001f
001f
001f
001f
001f
001f
001f
001f
001f
001f
001f
001f
001f
001f
001f
001f
001f
001f
001f
001f
001f
001f
001f
001f
001f
001f
001f
001f
001f
001f
001f
001f
001f
001f
001f
001f
001f
001f
001f
001f
001f
001f
001f
001f
001f
001f
001f
001f
001f
001f
001f
001f
001f
001f
001f
001f
001f
001f
001f
001f
001f
001f
001f
001f
001f
001f
001f
001f
001f
001f
001f
001f
001f
001f
001f
001f
001f
001f
001f
001f
001f
001f
001f
001f
001f
001f
001f
001f
001f
001f
001f
001f
001f
001f
001f
001f
001f
001f
001f
001f
001f
001f
001f
001f
001f
001f
001f
001f
001f
001f
001f
001f
001f
001f
001f
001f
001f
001f
001f
001f
001f
001f
001f
001f
001f
001f
001f
001f
001f
001f
001f
001f
001f
001f
001f
001f
001f
001f
001f
001f
001f
001f
001f
001f
001f
001f
001f
001f
001f
001f
001f
001f
001f
001f
001f
001f
001f
001f
001f
001f
001f
001f
001f
001f
001f
001f
001f
001f
001f
001f
001f
001f
001f
001f
001f
001f
001f
001f
001f
001f
001f
001f
001f
001f
001f
001f
001f
001f
001f
001f
001f
001f
001f
001f
001f
001f
001f
001f
001f
001f
001f
001f
001f
001f
001f
001f
001f
001f
001f
001f
001f
001f
001f
001f
001f
001f
001f
001f
001f
001f
001f
001f
001f
001f
001f
001f
001f
001f
001f
001f
001f
001f
001f
001f
001f
001f
001f
001f
001f
001f
001f
001f
001f
001f
001f
001f
001f
001f
001f
001f
001f
001f
001f
001f
001f
001f
001f
001f
001f
001f
001f
001f
001f
001f
001f
001f
001f
001f
001f
001f
001f
001f
001f
001f
001f
001f
001f
001f
001f
001f
001f
001f
001f
001f
001f
001f
001f
001f
001f
001f
001f
001f
001f
001f
001f
001f
001f
001f
001f
001f
001f
001f
001f
001f
001f
001f
001f
001f
001f
001f
001f
001f
001f
001f
001f
001f
001f
001f
001f
001f
001f
001f
001f
001f
001f
001f
001f
001f
001f
001f
001f
001f
001f
001f
001f
001f
001f
001f
001f
001f
001f
001f
001f
001f
001f
001f
001f
001f
001f
001f
001f
001f
001f
001f
001f
001f
001f
001f
001f
001f
001f
001f
001f
001f
001f
001f
001f
001f
001f
001f
001f
001f
001f
001f
001f
001f
001f
001f
001f
001f
001f
001f
001f
001f
001f
001f
001f
001f
001f
001f
001f
001f
001f
001f
001f
001f
001f
001f
001f
001f
001f
001f
001f
001f
001f
001f
001f
001f
001f
001f
001f
001f
001f
001f
001f
001f
001f
001f
001f
001f
001f
001f
001f
001f
001f
001f
001f
001f
001f
001f
001f
001f
001f
001f
001f
001f
001f
001f
001f
001f
001f
001f
001f
001f
001f
001f
001f
001f
001f
001f
001f
001f
001f
001f
001f
001f
001f
001f
001f
001f
001f
001f
001f
001f
001f
001f
001f
001f
001f
001f
001f
001f
001f
001f
001f
001f
001f
001f
001f
001f
001f
001f
001f
001f
001f
001f
001f
001f
001f
001f
001f
001f
001f
001f
001f
001f
001f
001f
001f
001f
001f
001f
001f
001f
001f
001f
001f
001f
001f
001f
001f
001f
001f
001f
001f
001f
001f
001f
001f
001f
001f
001f
001f
001f
001f
001f
001f
001f
001f
001f
001f
001f
001f
001f
001f
001f
001f
001f
001f
001f
001f
001f
001f
001f
001f
001f
001f
001f
001f
001f
001f
001f
001f
001f
001f
001f
001f
001f
001f
001f
001f
001f
001f
001f
001f
001f
001f
001f
001f
001f
001f
001f
001f
001f
001f
001f
001f
001f
001f
001f
001f
001f
001f
001f
001f
001f
001f
001f
001f
001f
001f
001f
001f
001f
001f
001f
001f
001f
001f
001f
001f
001f
001f
001f
001f
001f
001f
001f
001f
001f
001f
001f
001f
001f
001f
001f
001f
001f
001f
001f
001f
001f
001f
001f
001f
001f
001f
001f
001f
001f
001f
001f
001f
001f
001f
001f
001f
001f
001f
001f
001f
001f
001f
001f
001f
001f
001f
001f
001f
001f
001f
001f
001f
001f
001f
001f
001f
001f
001f
001f
001f
001f
001f
001f
001f
001f
001f
001f
001f
001f
001f
001f
001f
001f
001f
001f
001f
001f
001f
001f
001f
001f
001f
001f
001f
001f
001f
001f
001f
001f
001f
001f
001f
001f
001f
001f
001f
001f
001f
001f
001f
001f
001f
001f
001f
001f
001f
001f
001f
001f
001f
001f
001f
001f
001f
001f
001f
001f
001f
001f
001f
001f
001f
001f
001f
001f
001f
001f
001f
001f
001f
001f
001f
001f
001f
001f
001f
001f
001f
001f
001f
001f
001f
001f
001f
001f
001f
001f
001f
001f
001f
001f
001f
001f
001f
001f
001f
001f
001f
001f
001f
001f
001f
001f
001f
001f
001f
001f
001f
001f
001f
001f
001f
001f
001f
001f
001f
001f
001f
001f
001f
001f
001f
001f
001f
001f
001f
001f
001f
001f
001f
001f
001f
001f
001f
001f
001f
001f
001f
001f
001f
001f
001f
001f
001f
001f
001f
001f
001f
001f
001f
001f
001f
001f
001f
001f
001f
001f
001f
001f
001f
001f
001f
001f
001f
001f
001f
001f
001f
001f
001f
001f
001f
001f
001f
001f
001f
001f
001f
001f
001f
001f
001f
001f
001f
001f
001f
001f
001f
001f
001f
001f
001f
001f
001f
001f
001f
001f
001f
001f
001f
001f
001f
001f
001f
001f
001f
001f
001f
001f
001f
001f
001f
001f
001f
001f
001f
001f
001f
001f
001f
001f
001f
001f
001f
001f
001f
001f
001f
001f
001f
001f
001f
001f
001f
001f
001f
001f
001f
001f
001f
001f
001f
001f
001f
001f
001f
001f
001f
001f
001f
001f
001f
001f
001f
001f
001f
001f
001f
001f
001f
001f
001f
001f
001f
001f
001f
001f
001f
001f
001f
001f
001f
001f
001f
001f
001f
001f
001f
001f
001f
001f
001f
001f
001f
001f
001f
001f
001f
001f
001f
001f
001f
001f
001f
001f
001f
001f
001f
001f
001f
001f
001f
001f
001f
001f
001f
001f
001f
001f
001f
001f
001f
001f
001f
001f
001f
001f
001f
001f
001f
001f
001f
001f
001f
001f
001f
001f
001f
001f
001f
001f
001f
001f
001f
001f
001f
001f
001f
001f
001f
001f
001f
001f
001f
001f
001f
001f
001f
001f
001f
001f
001f
001f
001f
001f
001f
001f
001f
001f
001f
001f
001f
001f
001f
001f
001f
001f
001f
001f
001f
001f
001f
001f
001f
001f
001f
001f
001f
001f
001f
001f
001f
001f
001f
001f
001f
001f
001f
001f
001f
001f
001f
001f
001f
001f
001f
001f
001f
001f
001f
001f
001f
001f
001f
001f
001f
001f
001f
001f
001f
001f
001f
001f
001f
001f
001f
001f
001f
001f
001f
001f
001f
001f
001f
001f
001f
001f
001f
001f
001f
001f
001f
001f
001f
001f
001f
001f
001f
001f
001f
001f
001f
001f
001f
001f
001f
001f
001f
001f
001f
001f
001f
001f
001f
001f
001f
001f
001f
001f
001f
001f
001f
001f
001f
001f
001f
001f
001f
001f
001f
001f
001f
001f
001f
001f
001f
001f
001f
001f
001f
001f
001f
001f
001f
001f
001f
001f
001f
001f
001f
001f
001f
001f
001f
001f
001f
001f
001f
001f
001f
001f
001f
001f
001f
001f
001f
001f
001f
001f
001f
001f
001f
001f
001f
001f
001f
001f
001f
001f
001f
001f
001f
001f
001f
001f
001f
001f
001f
001f
001f
001f
001f
001f
001f
001f
001f
001f
001f
001f
001f
001f
001f
001f
001f
001f
001f
001f
001f
001f
001f
001f
001f
001f
001f
001f
001f
001f
001f
001f
001f
001f
001f
001f
001f
001f
001f
001f
001f
001f
001f
001f
001f
001f
001f
001f
001f
001f
001f
001f
001f
001f
001f
001f
001f
001f
001f
001f
001f
001f
001f
001f
001f
001f
001f
001f
001f
001f
001f
001f
001f
001f
001f
001f
001f
001f
001f
001f
001f
001f
001f
001f
001f
001f
001f
001f
001f
001f
001f
001f
001f
001f
001f
001f
001f
001f
001f
001f
001f
001f
001f
001f
001f
001f
001f
001f
001f
001f
001f
001f
001f
001f
001f
001f
001f
001f
001f
001f
001f
001f
001f
001f
001f
001f
001f
001f
001f
001f
001f
001f
001f
001f
001f
001f
001f
001f
001f
001f
001f
001f
001f
001f
001f
001f
001f
001f
001f
001f
001f
001f
001f
001f
001f
001f
001f
001f
001f
001f
001f
001f
001f
001f
001f
001f
001f
001f
001f
001f
001f
001f
001f
001f
001f
001f
001f
001f
001f
001f
001f
001f
001f
001f
001f
001f
001f
001f
001f
001f
001f
001f
001f
001f
001f
001f
001f
001f
001f
001f
001f
001f
001f
001f
001f
001f
001f
001f
001f
001f
001f
001f
001f
001f
001f
001f
001f
001f
001f
001f
001f
001f
001f
001f
001f
001f
001f
001f
001f
001f
001f
001f
001f
001f
001f
001f
001f
001f
001f
001f
001f
001f
001f
001f
001f
001f
001f
001f
001f
001f
001f
001f
001f
001f
001f
001f
001f
001f
001f
001f
001f
001f
001f
001f
001f
001f
001f
001f
001f
001f
001f
001f
001f
001f
001f
001f
001f
001f
001f
001f
001f
001f
001f
001f
001f
001f
001f
001f
001f
001f
001f
001f
001f
001f
001f
001f
001f
001f
001f
001f
001f
001f
001f
001f
001f
001f
001f
001f
001f
001f
001f
001f
001f
001f
001f
001f
001f
001f
001f
001f
001f
001f
001f
001f
001f
001f
001f
001f
001f
001f
001f
001f
001f
001f
001f
001f
001f
001f
001f
001f
001f
001f
001f
001f
001f
001f
001f
001f
001f
001f
001f
001f
001f
001f
001f
001f
001f
001f
001f
001f
001f
001f
001f
001f
001f
001f
001f
001f
001f
001f
001f
001f
001f
001f
001f
001f
001f
001f
001f
001f
001f
001f
001f
001f
001f
001f
001f
001f
001f
