001f
001f
001f
001f
001f
001f
001f
001f
001f
001f
001f
001f
001f
001f
001f
001f
001f
001f
001f
001f
001f
001f
001f
001f
001f
001f
001f
001f
001f
001f
001f
001f
001f
001f
001f
001f
001f
001f
001f
001f
001f
001f
001f
001f
001f
001f
001f
001f
001f
001f
001f
001f
001f
001f
001f
001f
001f
001f
001f
001f
001f
001f
001f
001f
001f
001f
001f
001f
001f
001f
001f
001f
001f
001f
001f
001f
001f
001f
001f
001f
001f
001f
001f
001f
001f
001f
001f
001f
001f
001f
001f
001f
001f
001f
001f
001f
001f
001f
001f
001f
001f
001f
001f
001f
001f
001f
001f
001f
001f
001f
001f
001f
001f
001f
001f
001f
001f
001f
001f
001f
001f
001f
001f
001f
001f
001f
001f
001f
001f
001f
001f
001f
001f
001f
001f
001f
001f
001f
001f
001f
001f
001f
001f
001f
001f
001f
001f
001f
001f
001f
001f
001f
001f
001f
001f
001f
001f
001f
001f
001f
001f
001f
001f
001f
001f
001f
001f
001f
001f
001f
001f
001f
001f
001f
001f
001f
001f
001f
001f
001f
001f
001f
001f
001f
001f
001f
001f
001f
001f
001f
001f
001f
001f
001f
001f
001f
001f
001f
001f
001f
001f
001f
001f
001f
001f
001f
001f
001f
001f
001f
001f
001f
001f
001f
001f
001f
001f
001f
001f
001f
001f
001f
001f
001f
001f
001f
001f
001f
001f
001f
001f
001f
001f
001f
001f
001f
001f
001f
001f
001f
001f
001f
001f
001f
001f
001f
001f
001f
001f
001f
001f
001f
001f
001f
001f
001f
001f
001f
001f
001f
001f
001f
001f
001f
001f
001f
001f
001f
001f
001f
001f
001f
001f
001f
001f
001f
001f
001f
001f
001f
001f
001f
001f
001f
001f
001f
001f
001f
001f
001f
001f
001f
001f
001f
001f
001f
001f
001f
001f
001f
001f
001f
001f
001f
001f
001f
001f
001f
001f
001f
001f
001f
001f
001f
001f
001f
001f
001f
001f
001f
001f
001f
001f
001f
001f
001f
001f
001f
001f
001f
001f
001f
001f
001f
001f
001f
001f
001f
001f
001f
001f
001f
001f
001f
001f
001f
001f
001f
001f
001f
001f
001f
001f
001f
001f
001f
001f
001f
001f
001f
001f
001f
001f
001f
001f
001f
001f
001f
001f
001f
001f
001f
001f
001f
001f
001f
001f
001f
001f
001f
001f
001f
001f
001f
001f
001f
001f
001f
001f
001f
001f
001f
001f
001f
001f
001f
001f
001f
001f
001f
001f
001f
001f
001f
001f
001f
001f
001f
001f
001f
001f
001f
001f
001f
001f
001f
001f
001f
001f
001f
001f
001f
001f
001f
001f
001f
001f
001f
001f
001f
001f
001f
001f
001f
001f
001f
001f
001f
001f
001f
001f
001f
001f
001f
001f
001f
001f
001f
001f
001f
001f
001f
001f
001f
001f
001f
001f
001f
001f
001f
001f
001f
001f
001f
001f
001f
001f
001f
001f
001f
001f
001f
001f
001f
001f
001f
001f
001f
001f
001f
001f
001f
001f
001f
001f
001f
001f
001f
001f
001f
001f
001f
001f
001f
001f
001f
001f
001f
001f
001f
001f
001f
001f
001f
001f
001f
001f
001f
001f
001f
001f
001f
001f
001f
001f
001f
001f
001f
001f
001f
001f
001f
001f
001f
001f
001f
001f
001f
001f
001f
001f
001f
001f
001f
001f
001f
001f
001f
001f
001f
001f
001f
001f
001f
001f
001f
001f
001f
001f
001f
001f
001f
001f
001f
001f
001f
001f
001f
001f
001f
001f
001f
001f
001f
001f
001f
001f
001f
001f
001f
001f
001f
001f
001f
001f
001f
001f
001f
001f
001f
001f
001f
001f
001f
001f
001f
001f
001f
001f
001f
001f
001f
001f
001f
001f
001f
001f
001f
001f
001f
001f
001f
001f
001f
001f
001f
001f
001f
001f
001f
001f
001f
001f
001f
001f
001f
001f
001f
001f
001f
001f
001f
001f
001f
001f
001f
001f
001f
001f
001f
001f
001f
001f
001f
001f
001f
001f
001f
001f
001f
001f
001f
001f
001f
001f
001f
001f
001f
001f
001f
001f
001f
001f
001f
001f
001f
001f
001f
001f
001f
001f
001f
001f
001f
001f
001f
001f
001f
001f
001f
001f
001f
001f
001f
001f
001f
001f
001f
001f
001f
001f
001f
001f
001f
001f
001f
001f
001f
001f
001f
001f
001f
001f
001f
001f
001f
001f
001f
001f
001f
001f
001f
001f
001f
001f
001f
001f
001f
001f
001f
001f
001f
001f
001f
001f
001f
001f
001f
001f
001f
001f
001f
001f
001f
001f
001f
001f
001f
001f
001f
001f
001f
001f
001f
001f
001f
001f
001f
001f
001f
001f
001f
001f
001f
001f
001f
001f
001f
001f
001f
001f
001f
001f
001f
001f
001f
001f
001f
001f
001f
001f
001f
001f
001f
001f
001f
001f
001f
001f
001f
001f
001f
001f
001f
001f
001f
001f
001f
001f
001f
001f
001f
001f
001f
001f
001f
001f
001f
001f
001f
001f
001f
001f
001f
001f
001f
001f
001f
001f
001f
001f
001f
001f
001f
001f
001f
001f
001f
001f
001f
001f
001f
001f
001f
001f
001f
001f
001f
001f
001f
001f
001f
001f
001f
001f
001f
001f
001f
001f
001f
001f
001f
001f
001f
001f
001f
001f
001f
001f
001f
001f
001f
001f
001f
001f
001f
001f
001f
001f
001f
001f
001f
001f
001f
001f
001f
001f
001f
001f
001f
001f
001f
001f
001f
001f
001f
001f
001f
001f
001f
001f
001f
001f
001f
001f
001f
001f
001f
001f
001f
001f
001f
001f
001f
001f
001f
001f
001f
001f
001f
001f
001f
001f
001f
001f
001f
001f
001f
001f
001f
001f
001f
001f
001f
001f
001f
001f
001f
001f
001f
001f
001f
001f
001f
001f
001f
001f
001f
001f
001f
001f
001f
001f
001f
001f
001f
001f
001f
001f
001f
001f
001f
001f
001f
001f
001f
001f
001f
001f
001f
001f
001f
001f
001f
001f
001f
001f
001f
001f
001f
001f
001f
001f
001f
001f
001f
001f
001f
001f
001f
001f
001f
001f
001f
001f
001f
001f
001f
001f
001f
001f
001f
001f
001f
001f
001f
001f
001f
001f
001f
001f
001f
001f
001f
001f
001f
001f
001f
001f
001f
001f
001f
001f
001f
001f
001f
001f
001f
001f
001f
001f
001f
001f
001f
001f
001f
001f
001f
001f
001f
001f
001f
001f
001f
001f
001f
001f
001f
001f
001f
001f
001f
001f
001f
001f
001f
001f
001f
001f
001f
001f
001f
001f
001f
001f
001f
001f
001f
001f
001f
001f
001f
001f
001f
001f
001f
001f
001f
001f
001f
001f
001f
001f
001f
001f
001f
001f
001f
001f
001f
001f
001f
001f
001f
001f
001f
001f
001f
001f
001f
001f
001f
001f
001f
001f
001f
001f
001f
001f
001f
001f
001f
001f
001f
001f
001f
001f
001f
001f
001f
001f
001f
001f
001f
001f
001f
001f
001f
001f
001f
001f
001f
001f
001f
001f
001f
001f
001f
001f
001f
001f
001f
001f
001f
001f
001f
001f
001f
001f
001f
001f
001f
001f
001f
001f
001f
001f
001f
001f
001f
001f
001f
001f
001f
001f
001f
001f
001f
001f
001f
001f
001f
001f
001f
001f
001f
001f
001f
001f
001f
001f
001f
001f
001f
001f
001f
001f
001f
001f
001f
001f
001f
001f
001f
001f
001f
001f
001f
001f
001f
001f
001f
001f
001f
001f
001f
001f
001f
001f
001f
001f
001f
001f
001f
001f
001f
001f
001f
001f
001f
001f
001f
001f
001f
001f
001f
001f
001f
001f
001f
001f
001f
001f
001f
001f
001f
001f
001f
001f
001f
001f
001f
001f
001f
001f
001f
001f
001f
001f
001f
001f
001f
001f
001f
001f
001f
001f
001f
001f
001f
001f
001f
001f
001f
001f
001f
001f
001f
001f
001f
001f
001f
001f
001f
001f
001f
001f
001f
001f
001f
001f
001f
001f
001f
001f
001f
001f
001f
001f
001f
001f
001f
001f
001f
001f
001f
001f
001f
001f
001f
001f
001f
001f
001f
001f
001f
001f
001f
001f
001f
001f
001f
001f
001f
001f
001f
001f
001f
001f
001f
001f
001f
001f
001f
001f
001f
001f
001f
001f
001f
001f
001f
001f
001f
001f
001f
001f
001f
001f
001f
001f
001f
001f
001f
001f
001f
001f
001f
001f
001f
001f
001f
001f
001f
001f
001f
001f
001f
001f
001f
001f
001f
001f
001f
001f
001f
001f
001f
001f
001f
001f
001f
001f
001f
001f
001f
001f
001f
001f
001f
001f
001f
001f
001f
001f
001f
001f
001f
001f
001f
001f
001f
001f
001f
001f
001f
001f
001f
001f
001f
001f
001f
001f
001f
001f
001f
001f
001f
001f
001f
001f
001f
001f
001f
001f
001f
001f
001f
001f
001f
001f
001f
001f
001f
001f
001f
001f
001f
001f
001f
001f
001f
001f
001f
001f
001f
001f
001f
001f
001f
001f
001f
001f
001f
001f
001f
001f
001f
001f
001f
001f
001f
001f
001f
001f
001f
001f
001f
001f
001f
001f
001f
001f
001f
001f
001f
001f
001f
001f
001f
001f
001f
001f
001f
001f
001f
001f
001f
001f
001f
001f
001f
001f
001f
001f
001f
001f
001f
001f
001f
001f
001f
001f
001f
001f
001f
001f
001f
001f
001f
001f
001f
001f
001f
001f
001f
001f
001f
001f
001f
001f
001f
001f
001f
001f
001f
001f
001f
001f
001f
001f
001f
001f
001f
001f
001f
001f
001f
001f
001f
001f
001f
001f
001f
001f
001f
001f
001f
001f
001f
001f
001f
001f
001f
001f
001f
001f
001f
001f
001f
001f
001f
001f
001f
001f
001f
001f
001f
001f
001f
001f
001f
001f
001f
001f
001f
001f
001f
001f
001f
001f
001f
001f
001f
001f
001f
001f
001f
001f
001f
001f
001f
001f
001f
001f
001f
001f
001f
001f
001f
001f
001f
001f
001f
001f
001f
001f
001f
001f
001f
001f
001f
001f
001f
001f
001f
001f
001f
001f
001f
001f
001f
001f
001f
001f
001f
001f
001f
001f
001f
001f
001f
001f
001f
001f
001f
001f
001f
001f
001f
001f
001f
001f
001f
001f
001f
001f
001f
001f
001f
001f
001f
001f
001f
001f
001f
001f
001f
001f
001f
001f
001f
001f
001f
001f
001f
001f
001f
001f
001f
001f
001f
001f
001f
001f
001f
001f
001f
001f
001f
001f
001f
001f
001f
001f
001f
001f
001f
001f
001f
001f
001f
001f
001f
001f
001f
001f
001f
001f
001f
001f
001f
001f
001f
001f
001f
001f
001f
001f
001f
001f
001f
001f
001f
001f
001f
001f
001f
001f
001f
001f
001f
001f
001f
001f
001f
001f
001f
001f
001f
001f
001f
001f
001f
001f
001f
001f
001f
001f
001f
001f
001f
001f
001f
001f
001f
001f
001f
001f
001f
001f
001f
001f
001f
001f
001f
001f
001f
001f
001f
001f
001f
001f
001f
001f
001f
001f
001f
001f
001f
001f
001f
001f
001f
001f
001f
001f
001f
001f
001f
001f
001f
001f
001f
001f
001f
001f
001f
001f
001f
001f
001f
001f
001f
001f
001f
001f
001f
001f
001f
001f
001f
001f
001f
001f
001f
001f
001f
001f
001f
001f
001f
001f
001f
001f
001f
001f
001f
001f
001f
001f
001f
001f
001f
001f
001f
001f
001f
001f
001f
001f
001f
001f
001f
001f
001f
001f
001f
001f
001f
001f
001f
001f
001f
001f
001f
001f
001f
001f
001f
001f
001f
001f
001f
001f
001f
001f
001f
001f
001f
001f
001f
001f
001f
001f
001f
001f
001f
001f
001f
001f
001f
001f
001f
001f
001f
001f
001f
001f
001f
001f
001f
001f
001f
001f
001f
001f
001f
001f
001f
001f
001f
001f
001f
001f
001f
001f
001f
001f
001f
001f
001f
001f
001f
001f
001f
001f
001f
001f
001f
001f
001f
001f
001f
001f
001f
001f
001f
001f
001f
001f
001f
001f
001f
001f
001f
001f
001f
001f
001f
001f
001f
001f
001f
001f
001f
001f
001f
001f
001f
001f
001f
001f
001f
001f
001f
001f
001f
001f
001f
001f
001f
001f
001f
001f
001f
001f
001f
001f
001f
001f
001f
001f
001f
001f
001f
001f
001f
001f
001f
001f
001f
001f
001f
001f
001f
001f
001f
001f
001f
001f
001f
001f
001f
001f
001f
001f
001f
001f
001f
001f
001f
001f
001f
001f
001f
001f
001f
001f
001f
001f
001f
001f
001f
001f
001f
001f
001f
001f
001f
001f
001f
001f
001f
001f
001f
001f
001f
001f
001f
001f
001f
001f
001f
001f
001f
001f
001f
001f
001f
001f
001f
001f
001f
001f
001f
001f
001f
001f
001f
001f
001f
001f
001f
001f
001f
001f
001f
001f
001f
001f
001f
001f
001f
001f
001f
001f
001f
001f
001f
001f
001f
001f
001f
001f
001f
001f
001f
001f
001f
001f
001f
001f
001f
001f
001f
001f
001f
001f
001f
001f
001f
001f
001f
001f
001f
001f
001f
001f
001f
001f
001f
001f
001f
001f
001f
001f
001f
001f
001f
001f
001f
001f
001f
001f
001f
001f
001f
001f
001f
001f
001f
001f
001f
001f
001f
001f
001f
001f
001f
001f
001f
001f
001f
001f
001f
001f
001f
001f
001f
001f
001f
001f
001f
001f
001f
001f
001f
001f
001f
001f
001f
001f
001f
001f
001f
001f
001f
001f
001f
001f
001f
001f
001f
001f
001f
001f
001f
001f
001f
001f
001f
001f
001f
001f
001f
001f
001f
001f
001f
001f
001f
001f
001f
001f
001f
001f
001f
001f
001f
001f
001f
001f
001f
001f
001f
001f
001f
001f
001f
001f
001f
001f
001f
001f
001f
001f
001f
001f
001f
001f
001f
001f
001f
001f
001f
001f
001f
001f
001f
001f
001f
001f
001f
001f
001f
001f
001f
001f
001f
001f
001f
001f
001f
001f
001f
001f
001f
001f
001f
001f
001f
001f
001f
001f
001f
001f
001f
001f
001f
001f
001f
001f
001f
001f
001f
001f
001f
001f
001f
001f
001f
001f
001f
001f
001f
001f
001f
001f
001f
001f
001f
001f
001f
001f
001f
001f
001f
001f
001f
001f
001f
001f
001f
001f
001f
001f
001f
001f
001f
001f
001f
001f
001f
001f
001f
001f
001f
001f
001f
001f
001f
001f
001f
001f
001f
001f
001f
001f
001f
001f
001f
001f
001f
001f
001f
001f
001f
001f
001f
001f
001f
001f
001f
001f
001f
001f
001f
001f
001f
001f
001f
001f
001f
001f
001f
001f
001f
001f
001f
001f
001f
001f
001f
001f
001f
001f
001f
001f
001f
001f
001f
001f
001f
001f
001f
001f
001f
001f
001f
001f
001f
001f
001f
001f
001f
001f
001f
001f
001f
001f
001f
001f
001f
001f
001f
001f
001f
001f
001f
001f
001f
001f
001f
001f
001f
001f
001f
001f
001f
001f
001f
001f
001f
001f
001f
001f
001f
001f
001f
001f
001f
001f
001f
001f
001f
001f
001f
001f
001f
001f
001f
001f
001f
001f
001f
001f
001f
001f
001f
001f
001f
001f
001f
001f
001f
001f
001f
001f
001f
001f
001f
001f
001f
001f
001f
001f
001f
001f
001f
001f
001f
001f
001f
001f
001f
001f
001f
001f
001f
001f
001f
001f
001f
001f
001f
001f
001f
001f
001f
001f
001f
001f
001f
001f
001f
001f
001f
001f
001f
001f
001f
001f
001f
001f
001f
001f
001f
001f
001f
001f
001f
001f
001f
001f
001f
001f
001f
001f
001f
001f
001f
001f
001f
001f
001f
001f
001f
001f
001f
001f
001f
001f
001f
001f
001f
001f
001f
001f
001f
001f
001f
001f
001f
001f
001f
001f
001f
001f
001f
001f
001f
001f
001f
001f
001f
001f
001f
001f
001f
001f
001f
001f
001f
001f
001f
001f
001f
001f
001f
001f
001f
001f
001f
001f
001f
001f
001f
001f
001f
001f
001f
001f
001f
001f
001f
001f
001f
001f
001f
001f
001f
001f
001f
001f
001f
001f
001f
001f
001f
001f
001f
001f
001f
001f
001f
001f
001f
001f
001f
001f
001f
001f
001f
001f
001f
001f
001f
001f
001f
001f
001f
001f
001f
001f
001f
001f
001f
001f
001f
001f
001f
001f
001f
001f
001f
001f
001f
001f
001f
001f
001f
001f
001f
001f
001f
001f
001f
001f
001f
001f
001f
001f
001f
001f
001f
001f
001f
001f
001f
001f
001f
001f
001f
001f
001f
001f
001f
001f
001f
001f
001f
001f
001f
001f
001f
001f
001f
001f
001f
001f
001f
001f
001f
001f
001f
001f
001f
001f
001f
001f
001f
001f
001f
001f
001f
001f
001f
001f
001f
001f
001f
001f
001f
001f
001f
001f
001f
001f
001f
001f
001f
001f
001f
001f
001f
001f
001f
001f
001f
001f
001f
001f
001f
001f
001f
001f
001f
001f
001f
001f
001f
001f
001f
001f
001f
001f
001f
001f
001f
001f
001f
001f
001f
001f
001f
001f
001f
001f
001f
001f
001f
001f
001f
001f
001f
001f
001f
001f
001f
001f
001f
001f
001f
001f
001f
001f
001f
001f
001f
001f
001f
001f
001f
001f
001f
001f
001f
001f
001f
001f
001f
001f
001f
001f
001f
001f
001f
001f
001f
001f
001f
001f
001f
001f
001f
001f
001f
001f
001f
001f
001f
001f
001f
001f
001f
001f
001f
001f
001f
001f
001f
001f
001f
001f
001f
001f
001f
001f
001f
001f
001f
001f
001f
001f
001f
001f
001f
001f
001f
001f
001f
001f
001f
001f
001f
001f
001f
001f
001f
001f
001f
001f
001f
001f
001f
001f
001f
001f
001f
001f
001f
001f
001f
001f
001f
001f
001f
001f
001f
001f
001f
001f
001f
001f
001f
001f
001f
001f
001f
001f
001f
001f
001f
001f
001f
001f
001f
001f
001f
001f
001f
001f
001f
001f
001f
001f
001f
001f
001f
001f
001f
001f
001f
001f
001f
001f
001f
001f
001f
001f
001f
001f
001f
001f
001f
001f
001f
001f
001f
001f
001f
001f
001f
001f
001f
001f
001f
001f
001f
001f
001f
001f
001f
001f
001f
001f
001f
001f
001f
001f
001f
001f
001f
001f
001f
001f
001f
001f
001f
001f
001f
001f
001f
001f
001f
001f
001f
001f
001f
001f
001f
001f
001f
001f
001f
001f
001f
001f
001f
001f
001f
001f
001f
001f
001f
001f
001f
001f
001f
001f
001f
001f
001f
001f
001f
001f
001f
001f
001f
001f
001f
001f
001f
001f
001f
001f
001f
001f
001f
001f
001f
001f
001f
001f
001f
001f
001f
001f
001f
001f
001f
001f
001f
001f
001f
001f
001f
001f
001f
001f
001f
001f
001f
001f
001f
001f
001f
001f
001f
001f
001f
001f
001f
001f
001f
001f
001f
001f
001f
001f
001f
001f
001f
001f
001f
001f
001f
001f
001f
001f
001f
001f
001f
001f
001f
001f
001f
001f
001f
001f
001f
001f
001f
001f
001f
001f
001f
001f
001f
001f
001f
001f
001f
001f
001f
001f
001f
001f
001f
001f
001f
001f
001f
001f
001f
001f
001f
001f
001f
001f
001f
001f
001f
001f
001f
001f
001f
001f
001f
001f
001f
001f
001f
001f
001f
001f
001f
001f
001f
001f
001f
001f
001f
001f
001f
001f
001f
001f
001f
001f
001f
001f
001f
001f
001f
001f
001f
001f
001f
001f
001f
001f
001f
001f
001f
001f
001f
001f
001f
001f
001f
001f
001f
001f
001f
001f
001f
001f
001f
001f
001f
001f
001f
001f
001f
001f
001f
001f
001f
001f
001f
001f
001f
001f
001f
001f
001f
001f
001f
001f
001f
001f
001f
001f
001f
001f
001f
001f
001f
001f
001f
001f
001f
001f
001f
001f
001f
001f
001f
001f
001f
001f
001f
001f
001f
001f
001f
001f
001f
001f
001f
001f
001f
001f
001f
001f
001f
001f
001f
001f
001f
001f
001f
001f
001f
001f
001f
001f
001f
001f
001f
001f
001f
001f
001f
001f
001f
001f
001f
001f
001f
001f
001f
001f
001f
001f
001f
001f
001f
001f
001f
001f
001f
001f
001f
001f
001f
001f
001f
001f
001f
001f
001f
001f
001f
001f
001f
001f
001f
001f
001f
001f
001f
001f
001f
001f
001f
001f
001f
001f
001f
001f
001f
001f
001f
001f
001f
001f
001f
001f
001f
001f
001f
001f
001f
001f
001f
001f
001f
001f
001f
001f
001f
001f
001f
001f
001f
001f
001f
001f
001f
001f
001f
001f
001f
001f
001f
001f
001f
001f
001f
001f
001f
001f
001f
001f
001f
001f
001f
001f
001f
001f
001f
001f
001f
001f
001f
001f
001f
001f
001f
001f
001f
001f
001f
001f
001f
001f
001f
001f
001f
001f
001f
001f
001f
001f
001f
001f
001f
001f
001f
001f
001f
001f
001f
001f
001f
001f
001f
001f
001f
001f
001f
001f
001f
001f
001f
001f
001f
001f
001f
001f
001f
001f
001f
001f
001f
001f
001f
001f
001f
001f
001f
001f
001f
001f
001f
001f
001f
001f
001f
001f
001f
001f
001f
001f
001f
001f
001f
001f
001f
001f
001f
001f
001f
001f
001f
001f
001f
001f
001f
001f
001f
001f
001f
001f
001f
001f
001f
001f
001f
001f
001f
001f
001f
001f
001f
001f
001f
001f
001f
001f
001f
001f
001f
001f
001f
001f
001f
001f
001f
001f
001f
001f
001f
001f
001f
001f
001f
001f
001f
001f
001f
001f
001f
001f
001f
001f
001f
001f
001f
001f
001f
001f
001f
001f
001f
001f
001f
001f
001f
001f
001f
001f
001f
001f
001f
001f
001f
001f
001f
001f
001f
001f
001f
001f
001f
001f
001f
001f
001f
001f
001f
001f
001f
001f
001f
001f
001f
001f
001f
001f
001f
001f
001f
001f
001f
001f
001f
001f
001f
001f
001f
001f
001f
001f
001f
001f
001f
001f
001f
001f
001f
001f
001f
001f
001f
001f
001f
001f
001f
001f
001f
001f
001f
001f
001f
001f
001f
001f
001f
001f
001f
001f
001f
001f
001f
001f
001f
001f
001f
001f
001f
001f
001f
001f
001f
001f
001f
001f
001f
001f
001f
001f
001f
001f
001f
001f
001f
001f
001f
001f
001f
001f
001f
001f
001f
001f
001f
001f
001f
001f
001f
001f
001f
001f
001f
001f
001f
001f
001f
001f
001f
001f
001f
001f
001f
001f
001f
001f
001f
001f
001f
001f
001f
001f
001f
001f
001f
001f
001f
001f
001f
001f
001f
001f
001f
001f
001f
001f
001f
001f
001f
001f
001f
001f
001f
001f
001f
001f
001f
001f
001f
001f
001f
001f
001f
001f
001f
001f
001f
001f
001f
001f
001f
001f
001f
001f
001f
001f
001f
001f
001f
001f
001f
001f
001f
001f
001f
001f
001f
001f
001f
001f
001f
001f
001f
001f
001f
001f
001f
001f
001f
001f
001f
001f
001f
001f
001f
001f
001f
001f
001f
001f
001f
001f
001f
001f
001f
001f
001f
001f
001f
001f
001f
001f
001f
001f
001f
001f
001f
001f
001f
001f
001f
001f
001f
001f
001f
001f
001f
001f
001f
001f
001f
001f
001f
001f
001f
001f
001f
001f
001f
001f
001f
001f
001f
001f
001f
001f
001f
001f
001f
001f
001f
001f
001f
001f
001f
001f
001f
001f
001f
001f
001f
001f
001f
001f
001f
001f
001f
001f
001f
001f
001f
001f
001f
001f
001f
001f
001f
001f
001f
001f
001f
001f
001f
001f
001f
001f
001f
001f
001f
001f
001f
001f
001f
001f
001f
001f
001f
001f
001f
001f
001f
001f
001f
001f
001f
001f
001f
001f
001f
001f
001f
001f
001f
001f
001f
001f
001f
001f
001f
001f
001f
001f
001f
001f
001f
001f
001f
001f
001f
001f
001f
001f
001f
001f
001f
001f
001f
001f
001f
001f
001f
001f
001f
001f
001f
001f
001f
001f
001f
001f
001f
001f
001f
001f
001f
001f
001f
001f
001f
001f
001f
001f
001f
001f
001f
001f
001f
001f
001f
001f
001f
001f
001f
001f
001f
001f
001f
001f
001f
001f
001f
001f
001f
001f
001f
001f
001f
001f
001f
001f
001f
001f
001f
001f
001f
001f
001f
001f
001f
001f
001f
001f
001f
001f
001f
001f
001f
001f
001f
001f
001f
001f
001f
001f
001f
001f
001f
001f
001f
001f
001f
001f
001f
001f
001f
001f
001f
001f
001f
001f
001f
001f
001f
001f
001f
001f
001f
001f
001f
001f
001f
001f
001f
001f
001f
001f
001f
001f
001f
001f
001f
001f
001f
001f
001f
001f
001f
001f
001f
001f
001f
001f
001f
001f
001f
001f
001f
001f
001f
001f
001f
001f
001f
001f
001f
001f
001f
001f
001f
001f
001f
001f
001f
001f
001f
001f
001f
001f
001f
001f
001f
001f
001f
001f
001f
001f
001f
001f
001f
001f
001f
001f
001f
001f
001f
001f
001f
001f
001f
001f
001f
001f
001f
001f
001f
001f
001f
001f
001f
001f
001f
001f
001f
001f
001f
001f
001f
001f
001f
001f
001f
001f
001f
001f
001f
001f
001f
001f
001f
001f
001f
001f
001f
001f
001f
001f
001f
001f
001f
001f
001f
001f
001f
001f
001f
001f
001f
001f
001f
001f
001f
001f
001f
001f
001f
001f
001f
001f
001f
001f
001f
001f
001f
001f
001f
001f
001f
001f
001f
001f
001f
001f
001f
001f
001f
001f
001f
001f
001f
001f
001f
001f
001f
001f
001f
001f
001f
001f
001f
001f
001f
001f
001f
001f
001f
001f
001f
001f
001f
001f
001f
001f
001f
001f
001f
001f
001f
001f
001f
001f
001f
001f
001f
001f
001f
001f
001f
001f
001f
001f
001f
001f
001f
001f
001f
001f
001f
001f
001f
001f
001f
001f
001f
001f
001f
001f
001f
001f
001f
001f
001f
001f
001f
001f
001f
001f
001f
001f
001f
001f
001f
001f
001f
001f
001f
001f
001f
001f
001f
001f
001f
001f
001f
001f
001f
001f
001f
001f
001f
001f
001f
001f
001f
001f
001f
001f
001f
001f
001f
001f
001f
001f
001f
001f
001f
001f
001f
001f
001f
001f
001f
001f
001f
001f
001f
001f
001f
001f
001f
001f
001f
001f
001f
001f
001f
001f
001f
001f
001f
001f
001f
001f
001f
001f
001f
001f
001f
001f
001f
001f
001f
001f
001f
001f
001f
001f
001f
001f
001f
001f
001f
001f
001f
001f
001f
001f
001f
001f
001f
001f
001f
001f
001f
001f
001f
001f
001f
001f
001f
001f
001f
001f
001f
001f
001f
001f
001f
001f
001f
001f
001f
001f
001f
001f
001f
001f
001f
001f
001f
001f
001f
001f
001f
001f
001f
001f
001f
001f
001f
001f
001f
001f
001f
001f
001f
001f
001f
001f
001f
001f
001f
001f
001f
001f
001f
001f
001f
001f
001f
001f
001f
001f
001f
001f
001f
001f
001f
001f
001f
001f
001f
001f
001f
001f
001f
001f
001f
001f
001f
001f
001f
001f
001f
001f
001f
001f
001f
001f
001f
001f
001f
001f
001f
001f
001f
001f
001f
001f
001f
001f
001f
001f
001f
001f
001f
001f
001f
001f
001f
001f
001f
001f
001f
001f
001f
001f
001f
001f
001f
001f
001f
001f
001f
001f
001f
001f
001f
001f
001f
001f
001f
001f
001f
001f
001f
001f
001f
001f
001f
001f
001f
001f
001f
001f
001f
001f
001f
001f
001f
001f
001f
001f
001f
001f
001f
001f
001f
001f
001f
001f
001f
001f
001f
001f
001f
001f
001f
001f
001f
001f
001f
001f
001f
001f
001f
001f
001f
001f
001f
001f
001f
001f
001f
001f
001f
001f
001f
001f
001f
001f
001f
001f
001f
001f
001f
001f
001f
001f
001f
001f
001f
001f
001f
001f
001f
001f
001f
001f
001f
001f
001f
001f
001f
001f
001f
001f
001f
001f
001f
001f
001f
001f
001f
001f
001f
001f
001f
001f
001f
001f
001f
001f
001f
001f
001f
001f
001f
001f
001f
001f
001f
001f
001f
001f
001f
001f
001f
001f
001f
001f
001f
001f
001f
001f
001f
001f
001f
001f
001f
001f
001f
001f
001f
001f
001f
001f
001f
001f
001f
001f
001f
001f
001f
001f
001f
001f
001f
001f
001f
001f
001f
001f
001f
001f
001f
001f
001f
001f
001f
001f
001f
001f
001f
001f
001f
001f
001f
001f
001f
001f
001f
001f
001f
001f
001f
001f
001f
001f
001f
001f
001f
001f
001f
001f
001f
001f
001f
001f
001f
001f
001f
001f
001f
001f
001f
001f
001f
001f
001f
001f
001f
001f
001f
001f
001f
001f
001f
001f
001f
001f
001f
001f
001f
001f
001f
001f
001f
001f
001f
001f
001f
001f
001f
001f
001f
001f
001f
001f
001f
001f
001f
001f
001f
001f
001f
001f
001f
001f
001f
001f
001f
001f
001f
001f
001f
001f
001f
001f
001f
001f
001f
001f
001f
001f
001f
001f
001f
001f
001f
001f
001f
001f
001f
001f
001f
001f
001f
001f
001f
001f
001f
001f
001f
001f
001f
001f
001f
001f
001f
001f
001f
001f
001f
001f
001f
001f
001f
001f
001f
001f
001f
001f
001f
001f
001f
001f
001f
001f
001f
001f
001f
001f
001f
001f
001f
001f
001f
001f
001f
001f
001f
001f
001f
001f
001f
001f
001f
001f
001f
001f
001f
001f
001f
001f
001f
001f
001f
001f
001f
001f
001f
001f
001f
001f
001f
001f
001f
001f
001f
001f
001f
001f
001f
001f
001f
001f
001f
001f
001f
001f
001f
001f
001f
001f
001f
001f
001f
001f
001f
001f
001f
001f
001f
001f
001f
001f
001f
001f
001f
001f
001f
001f
001f
001f
001f
001f
001f
001f
001f
001f
001f
001f
001f
001f
001f
001f
001f
001f
001f
001f
001f
001f
001f
001f
001f
001f
001f
001f
001f
001f
001f
001f
001f
001f
001f
001f
001f
001f
001f
001f
001f
001f
001f
001f
001f
001f
001f
001f
001f
001f
001f
001f
001f
001f
001f
001f
001f
001f
001f
001f
001f
001f
001f
001f
001f
001f
001f
001f
001f
001f
001f
001f
001f
001f
001f
001f
001f
001f
001f
001f
001f
001f
001f
001f
001f
001f
001f
001f
001f
001f
001f
001f
001f
001f
001f
001f
001f
001f
001f
001f
001f
001f
001f
001f
001f
001f
001f
001f
001f
001f
001f
001f
001f
001f
001f
001f
001f
001f
001f
001f
001f
001f
001f
001f
001f
001f
001f
001f
001f
001f
001f
001f
001f
001f
001f
001f
001f
001f
001f
001f
001f
001f
001f
001f
001f
001f
001f
001f
001f
001f
001f
001f
001f
001f
001f
001f
001f
001f
001f
001f
001f
001f
001f
001f
001f
001f
001f
001f
001f
001f
001f
001f
001f
001f
001f
001f
001f
001f
001f
001f
001f
001f
001f
001f
001f
001f
001f
001f
001f
001f
001f
001f
001f
001f
001f
001f
001f
001f
001f
001f
001f
001f
001f
001f
001f
001f
001f
001f
001f
001f
001f
001f
001f
001f
001f
001f
001f
001f
001f
001f
001f
001f
001f
001f
001f
001f
001f
001f
001f
001f
001f
001f
001f
001f
001f
001f
001f
001f
001f
001f
001f
001f
001f
001f
001f
001f
001f
001f
001f
001f
001f
001f
001f
001f
001f
001f
001f
001f
001f
001f
001f
001f
001f
001f
001f
001f
001f
001f
001f
001f
001f
001f
001f
001f
001f
001f
001f
001f
001f
001f
001f
001f
001f
001f
001f
001f
001f
001f
001f
001f
001f
001f
001f
001f
001f
001f
001f
001f
001f
001f
001f
001f
001f
001f
001f
001f
001f
001f
001f
001f
001f
001f
001f
001f
001f
001f
001f
001f
001f
001f
001f
001f
001f
001f
001f
001f
001f
001f
001f
001f
001f
001f
001f
001f
001f
001f
001f
001f
001f
001f
001f
001f
001f
001f
001f
001f
001f
001f
001f
001f
001f
001f
001f
001f
001f
001f
001f
001f
001f
001f
001f
001f
001f
001f
001f
001f
001f
001f
001f
001f
001f
001f
001f
001f
001f
001f
001f
001f
001f
001f
001f
001f
001f
001f
001f
001f
001f
001f
001f
001f
001f
001f
001f
001f
001f
001f
001f
001f
001f
001f
001f
001f
001f
001f
001f
001f
001f
001f
001f
001f
001f
001f
001f
001f
001f
001f
001f
001f
001f
001f
001f
001f
001f
001f
001f
001f
001f
001f
001f
001f
001f
001f
001f
001f
001f
001f
001f
001f
001f
001f
001f
001f
001f
001f
001f
001f
001f
001f
001f
001f
001f
001f
001f
001f
001f
001f
001f
001f
001f
001f
001f
001f
001f
001f
001f
001f
001f
001f
001f
001f
001f
001f
001f
001f
001f
001f
001f
001f
001f
001f
001f
001f
001f
001f
001f
001f
001f
001f
001f
001f
001f
001f
001f
001f
001f
001f
001f
001f
001f
001f
001f
001f
001f
001f
001f
001f
001f
001f
001f
001f
001f
001f
001f
001f
001f
001f
001f
001f
001f
001f
001f
001f
001f
001f
001f
001f
001f
001f
001f
001f
001f
001f
001f
001f
001f
001f
001f
001f
001f
001f
001f
001f
001f
001f
001f
001f
001f
001f
001f
001f
001f
001f
001f
001f
001f
001f
001f
001f
001f
001f
001f
001f
001f
001f
001f
001f
001f
001f
001f
001f
001f
001f
001f
001f
001f
001f
001f
001f
001f
001f
001f
001f
001f
001f
001f
001f
001f
001f
001f
001f
001f
001f
001f
001f
001f
001f
001f
001f
001f
001f
001f
001f
001f
001f
001f
001f
001f
001f
001f
001f
001f
001f
001f
001f
001f
001f
001f
001f
001f
001f
001f
001f
001f
001f
001f
001f
001f
001f
001f
001f
001f
001f
001f
001f
001f
001f
001f
001f
001f
001f
001f
001f
001f
001f
001f
001f
001f
001f
001f
001f
001f
001f
001f
001f
001f
001f
001f
001f
001f
001f
001f
001f
001f
001f
001f
001f
001f
001f
001f
001f
001f
001f
001f
001f
001f
001f
001f
001f
001f
001f
001f
001f
001f
001f
001f
001f
001f
001f
001f
001f
001f
001f
001f
001f
001f
001f
001f
001f
001f
001f
001f
001f
001f
001f
001f
001f
001f
001f
001f
001f
001f
001f
001f
001f
001f
001f
001f
001f
001f
001f
001f
001f
001f
001f
001f
001f
001f
001f
001f
001f
001f
001f
001f
001f
001f
001f
001f
001f
001f
001f
001f
001f
001f
001f
001f
001f
001f
001f
001f
001f
001f
001f
001f
001f
001f
001f
001f
001f
001f
001f
001f
001f
001f
001f
001f
001f
001f
001f
001f
001f
001f
001f
001f
001f
001f
001f
001f
001f
001f
001f
001f
001f
001f
001f
001f
001f
001f
001f
001f
001f
001f
001f
001f
001f
001f
001f
001f
001f
001f
001f
001f
001f
001f
001f
001f
001f
001f
001f
001f
001f
001f
001f
001f
001f
001f
001f
001f
001f
001f
001f
001f
001f
001f
001f
001f
001f
001f
001f
001f
001f
001f
001f
001f
001f
001f
001f
001f
001f
001f
001f
001f
001f
001f
001f
001f
001f
001f
001f
001f
001f
001f
001f
001f
001f
001f
001f
001f
001f
001f
001f
001f
001f
001f
001f
001f
001f
001f
001f
001f
001f
001f
001f
001f
001f
001f
001f
001f
001f
001f
001f
001f
001f
001f
001f
001f
001f
001f
001f
001f
001f
001f
001f
001f
001f
001f
001f
001f
001f
001f
001f
001f
001f
001f
001f
001f
001f
001f
001f
001f
001f
001f
001f
001f
001f
001f
001f
001f
001f
001f
001f
001f
001f
001f
001f
001f
001f
001f
001f
001f
001f
001f
001f
001f
001f
001f
001f
001f
001f
001f
001f
001f
001f
001f
001f
001f
001f
001f
001f
001f
001f
001f
001f
001f
001f
001f
001f
001f
001f
001f
001f
001f
001f
001f
001f
001f
001f
001f
001f
001f
001f
001f
001f
001f
001f
001f
001f
001f
001f
001f
001f
001f
001f
001f
001f
001f
001f
001f
001f
001f
001f
001f
001f
001f
001f
001f
001f
001f
001f
001f
001f
001f
001f
001f
001f
001f
001f
001f
001f
001f
001f
001f
001f
001f
001f
001f
001f
001f
001f
001f
001f
001f
001f
001f
001f
001f
001f
001f
001f
001f
001f
001f
001f
001f
001f
001f
001f
001f
001f
001f
001f
001f
001f
001f
001f
001f
001f
001f
001f
001f
001f
001f
001f
001f
001f
001f
001f
001f
001f
001f
001f
001f
001f
001f
001f
001f
001f
001f
001f
001f
001f
001f
001f
001f
001f
001f
001f
001f
001f
001f
001f
001f
001f
001f
001f
001f
001f
001f
001f
001f
001f
001f
001f
001f
001f
001f
001f
001f
001f
001f
001f
001f
001f
001f
001f
001f
001f
001f
001f
001f
001f
001f
001f
001f
001f
001f
001f
001f
001f
001f
001f
001f
001f
001f
001f
001f
001f
001f
001f
001f
001f
001f
001f
001f
001f
001f
001f
001f
001f
001f
001f
001f
001f
001f
001f
001f
001f
001f
001f
001f
001f
001f
001f
001f
001f
001f
001f
001f
001f
001f
001f
001f
001f
001f
001f
001f
001f
001f
001f
001f
001f
001f
001f
001f
001f
001f
001f
001f
001f
001f
001f
001f
001f
001f
001f
001f
001f
001f
001f
001f
001f
001f
001f
001f
001f
001f
001f
001f
001f
001f
001f
001f
001f
001f
001f
001f
001f
001f
001f
001f
001f
001f
001f
001f
001f
001f
001f
001f
001f
001f
001f
001f
001f
001f
001f
001f
001f
001f
001f
001f
001f
001f
001f
001f
001f
001f
001f
001f
001f
001f
001f
001f
001f
001f
001f
001f
001f
001f
001f
001f
001f
001f
001f
001f
001f
001f
001f
001f
001f
001f
001f
001f
001f
001f
001f
001f
001f
001f
001f
001f
001f
001f
001f
001f
001f
001f
001f
001f
001f
001f
001f
001f
001f
001f
001f
001f
001f
001f
001f
001f
001f
001f
001f
001f
001f
001f
001f
001f
001f
001f
001f
001f
001f
001f
001f
001f
001f
001f
001f
001f
001f
001f
001f
001f
001f
001f
001f
001f
001f
001f
001f
001f
001f
001f
001f
001f
001f
001f
001f
001f
001f
001f
001f
001f
001f
001f
001f
001f
001f
001f
001f
001f
001f
001f
001f
001f
001f
001f
001f
001f
001f
001f
001f
001f
001f
001f
001f
001f
001f
001f
001f
001f
001f
001f
001f
001f
001f
001f
001f
001f
001f
001f
001f
001f
001f
001f
001f
001f
001f
001f
001f
001f
001f
001f
001f
001f
001f
001f
001f
001f
001f
001f
001f
001f
001f
001f
001f
001f
001f
001f
001f
001f
001f
001f
001f
001f
001f
001f
001f
001f
001f
001f
001f
001f
001f
001f
001f
001f
001f
001f
001f
001f
001f
001f
001f
001f
001f
001f
001f
001f
001f
001f
001f
001f
001f
001f
001f
001f
001f
001f
001f
001f
001f
001f
001f
001f
001f
001f
001f
001f
001f
001f
001f
001f
001f
001f
001f
001f
001f
001f
001f
001f
001f
001f
001f
001f
001f
001f
001f
001f
001f
001f
001f
001f
001f
001f
001f
001f
001f
001f
001f
001f
001f
001f
001f
001f
001f
001f
001f
001f
001f
001f
001f
001f
001f
001f
001f
001f
001f
001f
001f
001f
001f
001f
001f
001f
001f
001f
001f
001f
001f
001f
001f
001f
001f
001f
001f
001f
001f
001f
001f
001f
001f
001f
001f
001f
001f
001f
001f
001f
001f
001f
001f
001f
001f
001f
001f
001f
001f
001f
001f
001f
001f
001f
001f
001f
001f
001f
001f
001f
001f
001f
001f
001f
001f
001f
001f
001f
001f
001f
001f
001f
001f
001f
001f
001f
001f
001f
001f
001f
001f
001f
001f
001f
001f
001f
001f
001f
001f
001f
001f
001f
001f
001f
001f
001f
001f
001f
001f
001f
001f
001f
001f
001f
001f
001f
001f
001f
001f
001f
001f
001f
001f
001f
001f
001f
001f
001f
001f
001f
001f
001f
001f
001f
001f
001f
001f
001f
001f
001f
001f
001f
001f
001f
001f
001f
001f
001f
001f
001f
001f
001f
001f
001f
001f
001f
001f
001f
001f
001f
001f
001f
001f
001f
001f
001f
001f
001f
001f
001f
001f
001f
001f
001f
001f
001f
001f
001f
001f
001f
001f
001f
001f
001f
001f
001f
001f
001f
001f
001f
001f
001f
001f
001f
001f
001f
001f
001f
001f
001f
001f
001f
001f
001f
001f
001f
001f
001f
001f
001f
001f
001f
001f
001f
001f
001f
001f
001f
001f
001f
001f
001f
001f
001f
001f
001f
001f
001f
001f
001f
001f
001f
001f
001f
001f
001f
001f
001f
001f
001f
001f
001f
001f
001f
001f
001f
001f
001f
001f
001f
001f
001f
001f
001f
001f
001f
001f
001f
001f
001f
001f
001f
001f
001f
001f
001f
001f
001f
001f
001f
001f
001f
001f
001f
001f
001f
001f
001f
001f
001f
001f
001f
001f
001f
001f
001f
001f
001f
001f
001f
001f
001f
001f
001f
001f
001f
001f
001f
001f
001f
001f
001f
001f
001f
001f
001f
001f
001f
001f
001f
001f
001f
001f
001f
001f
001f
001f
001f
001f
001f
001f
001f
001f
001f
001f
001f
001f
001f
001f
001f
001f
001f
001f
001f
001f
001f
001f
001f
001f
001f
001f
001f
001f
001f
001f
001f
001f
001f
001f
001f
001f
001f
001f
001f
001f
001f
001f
001f
001f
001f
001f
001f
001f
001f
001f
001f
001f
001f
001f
001f
001f
001f
001f
001f
001f
001f
001f
001f
001f
001f
001f
001f
001f
001f
001f
001f
001f
001f
001f
001f
001f
001f
001f
001f
001f
001f
001f
001f
001f
001f
001f
001f
001f
001f
001f
001f
001f
001f
001f
001f
001f
001f
001f
001f
001f
001f
001f
001f
001f
001f
001f
001f
001f
001f
001f
001f
001f
001f
001f
001f
001f
001f
001f
001f
001f
001f
001f
001f
001f
001f
001f
001f
001f
001f
001f
001f
001f
001f
001f
001f
001f
001f
001f
001f
001f
001f
001f
001f
001f
001f
001f
001f
001f
001f
001f
001f
001f
001f
001f
001f
001f
001f
001f
001f
001f
001f
001f
001f
001f
001f
001f
001f
001f
001f
001f
001f
001f
001f
001f
001f
001f
001f
001f
001f
001f
001f
001f
001f
001f
001f
001f
001f
001f
001f
001f
001f
001f
001f
001f
001f
001f
001f
001f
001f
001f
001f
001f
001f
001f
001f
001f
001f
001f
001f
001f
001f
001f
001f
001f
001f
001f
001f
001f
001f
001f
001f
001f
001f
001f
001f
001f
001f
001f
001f
001f
001f
001f
001f
001f
001f
001f
001f
001f
001f
001f
001f
001f
001f
001f
001f
001f
001f
001f
001f
001f
001f
001f
001f
001f
001f
001f
001f
001f
001f
001f
001f
001f
001f
001f
001f
001f
001f
001f
001f
001f
001f
001f
001f
001f
001f
001f
001f
001f
001f
001f
001f
001f
001f
001f
001f
001f
001f
001f
001f
001f
001f
001f
001f
001f
001f
001f
001f
001f
001f
001f
001f
001f
001f
001f
001f
001f
001f
001f
001f
001f
001f
001f
001f
001f
001f
001f
001f
001f
001f
001f
001f
001f
001f
001f
001f
001f
001f
001f
001f
001f
001f
001f
001f
001f
001f
001f
001f
001f
001f
001f
001f
001f
001f
001f
001f
001f
001f
001f
001f
001f
001f
001f
001f
001f
001f
001f
001f
001f
001f
001f
001f
001f
001f
001f
001f
001f
001f
001f
001f
001f
001f
001f
001f
001f
001f
001f
001f
001f
001f
001f
001f
001f
001f
001f
001f
001f
001f
001f
001f
001f
001f
001f
001f
001f
001f
001f
001f
001f
001f
001f
001f
001f
001f
001f
001f
001f
001f
001f
001f
001f
001f
001f
001f
001f
001f
001f
001f
001f
001f
001f
001f
001f
001f
001f
001f
001f
001f
001f
001f
001f
001f
001f
001f
001f
001f
001f
001f
001f
001f
001f
001f
001f
001f
001f
001f
001f
001f
001f
001f
001f
001f
001f
001f
001f
001f
001f
001f
001f
001f
001f
001f
001f
001f
001f
001f
001f
001f
001f
001f
001f
001f
001f
001f
001f
001f
001f
001f
001f
001f
001f
001f
001f
001f
001f
001f
001f
001f
001f
001f
001f
001f
001f
001f
001f
001f
001f
001f
001f
001f
001f
001f
001f
001f
001f
001f
001f
001f
001f
001f
001f
001f
001f
001f
001f
001f
001f
001f
001f
001f
001f
001f
001f
001f
001f
001f
001f
001f
001f
001f
001f
001f
001f
001f
001f
001f
001f
001f
001f
001f
001f
001f
001f
001f
001f
001f
001f
001f
001f
001f
001f
001f
001f
001f
001f
001f
001f
001f
001f
001f
001f
001f
001f
001f
001f
001f
001f
001f
001f
001f
001f
001f
001f
001f
001f
001f
001f
001f
001f
001f
001f
001f
001f
001f
001f
001f
001f
001f
001f
001f
001f
001f
001f
001f
001f
001f
001f
001f
001f
001f
001f
001f
001f
001f
001f
001f
001f
001f
001f
001f
001f
001f
001f
001f
001f
001f
001f
001f
001f
001f
001f
001f
001f
001f
001f
001f
001f
001f
001f
001f
001f
001f
001f
001f
001f
001f
001f
001f
001f
001f
001f
001f
001f
001f
001f
001f
001f
001f
001f
001f
001f
001f
001f
001f
001f
001f
001f
001f
001f
001f
001f
001f
001f
001f
001f
001f
001f
001f
001f
001f
001f
001f
001f
001f
001f
001f
001f
001f
001f
001f
001f
001f
001f
001f
001f
001f
001f
001f
001f
001f
001f
001f
001f
001f
001f
001f
001f
001f
001f
001f
001f
001f
001f
001f
001f
001f
001f
001f
001f
001f
001f
001f
001f
001f
001f
001f
001f
001f
001f
001f
001f
001f
001f
001f
001f
001f
001f
001f
001f
001f
001f
001f
001f
001f
001f
001f
001f
001f
001f
001f
001f
001f
001f
001f
001f
001f
001f
001f
001f
001f
001f
001f
001f
001f
001f
001f
001f
001f
001f
001f
001f
001f
001f
001f
001f
001f
001f
001f
001f
001f
001f
001f
001f
001f
001f
001f
001f
001f
001f
001f
001f
001f
001f
001f
001f
001f
001f
001f
001f
001f
001f
001f
001f
001f
001f
001f
001f
001f
001f
001f
001f
001f
001f
001f
001f
001f
001f
001f
001f
001f
001f
001f
001f
001f
001f
001f
001f
001f
001f
001f
001f
001f
001f
001f
001f
001f
001f
001f
001f
001f
001f
001f
001f
001f
001f
001f
001f
001f
001f
001f
001f
001f
001f
001f
001f
001f
001f
001f
001f
001f
001f
001f
001f
001f
001f
001f
001f
001f
001f
001f
001f
001f
001f
001f
001f
001f
001f
001f
001f
001f
001f
001f
001f
001f
001f
001f
001f
001f
001f
001f
001f
001f
001f
001f
001f
001f
001f
001f
001f
001f
001f
001f
001f
001f
001f
001f
001f
001f
001f
001f
001f
001f
001f
001f
001f
001f
001f
001f
001f
001f
001f
001f
001f
001f
001f
001f
001f
001f
001f
001f
001f
001f
001f
001f
001f
001f
001f
001f
001f
001f
001f
001f
001f
001f
001f
001f
001f
001f
001f
001f
001f
001f
001f
001f
001f
001f
001f
001f
001f
001f
001f
001f
001f
001f
001f
001f
001f
001f
001f
001f
001f
001f
001f
001f
001f
001f
001f
001f
001f
001f
001f
001f
001f
001f
001f
001f
001f
001f
001f
001f
001f
001f
001f
001f
001f
001f
001f
001f
001f
001f
001f
001f
001f
001f
001f
001f
001f
001f
001f
001f
001f
001f
001f
001f
001f
001f
001f
001f
001f
001f
001f
001f
001f
001f
001f
001f
001f
001f
001f
001f
001f
001f
001f
001f
001f
001f
001f
001f
001f
001f
001f
001f
001f
001f
001f
001f
001f
001f
001f
001f
001f
001f
001f
001f
001f
001f
001f
001f
001f
001f
001f
001f
001f
001f
001f
001f
001f
001f
001f
001f
001f
001f
001f
001f
001f
001f
001f
001f
001f
001f
001f
001f
001f
001f
001f
001f
001f
001f
001f
001f
001f
001f
001f
001f
001f
001f
001f
001f
001f
001f
001f
001f
001f
001f
001f
001f
001f
001f
001f
001f
001f
001f
001f
001f
001f
001f
001f
001f
001f
001f
001f
001f
001f
001f
001f
001f
001f
001f
001f
001f
001f
001f
001f
001f
001f
001f
001f
001f
001f
001f
001f
001f
001f
001f
001f
001f
001f
001f
001f
001f
001f
001f
001f
001f
001f
001f
001f
001f
001f
001f
001f
001f
001f
001f
001f
001f
001f
001f
001f
001f
001f
001f
001f
001f
001f
001f
001f
001f
001f
001f
001f
001f
001f
001f
001f
001f
001f
001f
001f
001f
001f
001f
001f
001f
001f
001f
001f
001f
001f
001f
001f
001f
001f
001f
001f
001f
001f
001f
001f
001f
001f
001f
001f
001f
001f
001f
001f
001f
001f
001f
001f
001f
001f
001f
001f
001f
001f
001f
001f
001f
001f
001f
001f
001f
001f
001f
001f
001f
001f
001f
001f
001f
001f
001f
001f
001f
001f
001f
001f
001f
001f
001f
001f
001f
001f
001f
001f
001f
001f
001f
001f
001f
001f
001f
001f
001f
001f
001f
001f
001f
001f
001f
001f
001f
001f
001f
001f
001f
001f
001f
001f
001f
001f
001f
001f
001f
001f
001f
001f
001f
001f
001f
001f
001f
001f
001f
001f
001f
001f
001f
001f
001f
001f
001f
001f
001f
001f
001f
001f
001f
001f
001f
001f
001f
001f
001f
001f
001f
001f
001f
001f
001f
001f
001f
001f
001f
001f
001f
001f
001f
001f
001f
001f
001f
001f
001f
001f
001f
001f
001f
001f
001f
001f
001f
001f
001f
001f
001f
001f
001f
001f
001f
001f
001f
001f
001f
001f
001f
001f
001f
001f
001f
001f
001f
001f
001f
001f
001f
001f
001f
001f
001f
001f
001f
001f
001f
001f
001f
001f
001f
001f
001f
001f
001f
001f
001f
001f
001f
001f
001f
001f
001f
001f
001f
001f
001f
001f
001f
001f
001f
001f
001f
001f
001f
001f
001f
001f
001f
001f
001f
001f
001f
001f
001f
001f
001f
001f
001f
001f
001f
001f
001f
001f
001f
001f
001f
001f
001f
001f
001f
001f
001f
001f
001f
001f
001f
001f
001f
001f
001f
001f
001f
001f
001f
001f
001f
001f
001f
001f
001f
001f
001f
001f
001f
001f
001f
001f
001f
001f
001f
001f
001f
001f
001f
001f
001f
001f
001f
001f
001f
001f
001f
001f
001f
001f
001f
001f
001f
001f
001f
001f
001f
001f
001f
001f
001f
001f
001f
001f
001f
001f
001f
001f
001f
001f
001f
001f
001f
001f
001f
001f
001f
001f
001f
001f
001f
001f
001f
001f
001f
001f
001f
001f
001f
001f
001f
001f
001f
001f
001f
001f
001f
001f
001f
001f
001f
001f
001f
001f
001f
001f
001f
001f
001f
001f
001f
001f
001f
001f
001f
001f
001f
001f
001f
001f
001f
001f
001f
001f
001f
001f
001f
001f
001f
001f
001f
001f
001f
001f
001f
001f
001f
001f
001f
001f
001f
001f
001f
001f
001f
001f
001f
001f
001f
001f
001f
001f
001f
001f
001f
001f
001f
001f
001f
001f
001f
001f
001f
001f
001f
001f
001f
001f
001f
001f
001f
001f
001f
001f
001f
001f
001f
001f
001f
001f
001f
001f
001f
001f
001f
001f
001f
001f
001f
001f
001f
001f
001f
001f
001f
001f
001f
001f
001f
001f
001f
001f
001f
001f
001f
001f
001f
001f
001f
001f
001f
001f
001f
001f
001f
001f
001f
001f
001f
001f
001f
001f
001f
001f
001f
001f
001f
001f
001f
001f
001f
001f
001f
001f
001f
001f
001f
001f
001f
001f
001f
001f
001f
001f
001f
001f
001f
001f
001f
001f
001f
001f
001f
001f
001f
001f
001f
001f
001f
001f
001f
001f
001f
001f
001f
001f
001f
001f
001f
001f
001f
001f
001f
001f
001f
001f
001f
001f
001f
001f
001f
001f
001f
001f
001f
001f
001f
001f
001f
001f
001f
001f
001f
001f
001f
001f
001f
001f
001f
001f
001f
001f
001f
001f
001f
001f
001f
001f
001f
001f
001f
001f
001f
001f
001f
001f
001f
001f
001f
001f
001f
001f
001f
001f
001f
001f
001f
001f
001f
001f
001f
001f
001f
001f
001f
001f
001f
001f
001f
001f
001f
001f
001f
001f
001f
001f
001f
001f
001f
001f
001f
001f
001f
001f
001f
001f
001f
001f
001f
001f
001f
001f
001f
001f
001f
001f
001f
001f
001f
001f
001f
001f
001f
001f
001f
001f
001f
001f
001f
001f
001f
001f
001f
001f
001f
001f
001f
001f
001f
001f
001f
001f
001f
001f
001f
001f
001f
001f
001f
001f
001f
001f
001f
001f
001f
001f
001f
001f
001f
001f
001f
001f
001f
001f
001f
001f
001f
001f
001f
001f
001f
001f
001f
001f
001f
001f
001f
001f
001f
001f
001f
001f
001f
001f
001f
001f
001f
001f
001f
001f
001f
001f
001f
001f
001f
001f
001f
001f
001f
001f
001f
001f
001f
001f
001f
001f
001f
001f
001f
001f
001f
001f
001f
001f
001f
001f
001f
001f
001f
001f
001f
001f
001f
001f
001f
001f
001f
001f
001f
001f
001f
001f
001f
001f
001f
001f
001f
001f
001f
001f
001f
001f
001f
001f
001f
001f
001f
001f
001f
001f
001f
001f
001f
001f
001f
001f
001f
001f
001f
001f
001f
001f
001f
001f
001f
001f
001f
001f
001f
001f
001f
001f
001f
001f
001f
001f
001f
001f
001f
001f
001f
001f
001f
001f
001f
001f
001f
001f
001f
001f
001f
001f
001f
001f
001f
001f
001f
001f
001f
001f
001f
001f
001f
001f
001f
001f
001f
001f
001f
001f
001f
001f
001f
001f
001f
001f
001f
001f
001f
001f
001f
001f
001f
001f
001f
001f
001f
001f
001f
001f
001f
001f
001f
001f
001f
001f
001f
001f
001f
001f
001f
001f
001f
001f
001f
001f
001f
001f
001f
001f
001f
001f
001f
001f
001f
001f
001f
001f
001f
001f
001f
001f
001f
001f
001f
001f
001f
001f
001f
001f
001f
001f
001f
001f
001f
001f
001f
001f
001f
001f
001f
001f
001f
001f
001f
001f
001f
001f
001f
001f
001f
001f
001f
001f
001f
001f
001f
001f
001f
001f
001f
001f
001f
001f
001f
001f
001f
001f
001f
001f
001f
001f
001f
001f
001f
001f
001f
001f
001f
001f
001f
001f
001f
001f
001f
001f
001f
001f
001f
001f
001f
001f
001f
001f
001f
001f
001f
001f
001f
001f
001f
001f
001f
001f
001f
001f
001f
001f
001f
001f
001f
001f
001f
001f
001f
001f
001f
001f
001f
001f
001f
001f
001f
001f
001f
001f
001f
001f
001f
001f
001f
001f
001f
001f
001f
001f
001f
001f
001f
001f
001f
001f
001f
001f
001f
001f
001f
001f
001f
001f
001f
001f
001f
001f
001f
001f
001f
001f
001f
001f
001f
001f
001f
001f
001f
001f
001f
001f
001f
001f
001f
001f
001f
001f
001f
001f
001f
001f
001f
001f
001f
001f
001f
001f
001f
001f
001f
001f
001f
001f
001f
001f
001f
001f
001f
001f
001f
001f
001f
001f
001f
001f
001f
001f
001f
001f
001f
001f
001f
001f
001f
001f
001f
001f
001f
001f
001f
001f
001f
001f
001f
001f
001f
001f
001f
001f
001f
001f
001f
001f
001f
001f
001f
001f
001f
001f
001f
001f
001f
001f
001f
001f
001f
001f
001f
001f
001f
001f
001f
001f
001f
001f
001f
001f
001f
001f
001f
001f
001f
001f
001f
001f
001f
001f
001f
001f
001f
001f
001f
001f
001f
001f
001f
001f
001f
001f
001f
001f
001f
001f
001f
001f
001f
001f
001f
001f
001f
001f
001f
001f
001f
001f
001f
001f
001f
001f
001f
001f
001f
001f
001f
001f
001f
001f
001f
001f
001f
001f
001f
001f
001f
001f
001f
001f
001f
001f
001f
001f
001f
001f
001f
001f
001f
001f
001f
001f
001f
001f
001f
001f
001f
001f
001f
001f
001f
001f
001f
001f
001f
001f
001f
001f
001f
001f
001f
001f
001f
001f
001f
001f
001f
001f
001f
001f
001f
001f
001f
001f
001f
001f
001f
001f
001f
001f
001f
001f
001f
001f
001f
001f
001f
001f
001f
001f
001f
001f
001f
001f
001f
001f
001f
001f
001f
001f
001f
001f
001f
001f
001f
001f
001f
001f
001f
001f
001f
001f
001f
001f
001f
001f
001f
001f
001f
001f
001f
001f
001f
001f
001f
001f
001f
001f
001f
001f
001f
001f
001f
001f
001f
001f
001f
001f
001f
001f
001f
001f
001f
001f
001f
001f
001f
001f
001f
001f
001f
001f
001f
001f
001f
001f
001f
001f
001f
001f
001f
001f
001f
001f
001f
001f
001f
001f
001f
001f
001f
001f
001f
001f
001f
001f
001f
001f
001f
001f
001f
001f
001f
001f
001f
001f
001f
001f
001f
001f
001f
001f
001f
001f
001f
001f
001f
001f
001f
001f
001f
001f
001f
001f
001f
001f
001f
001f
001f
001f
001f
001f
001f
001f
001f
001f
001f
001f
001f
001f
001f
001f
001f
001f
001f
001f
001f
001f
001f
001f
001f
001f
001f
001f
001f
001f
001f
001f
001f
001f
001f
001f
001f
001f
001f
001f
001f
001f
001f
001f
001f
001f
001f
001f
001f
001f
001f
001f
001f
001f
001f
001f
001f
001f
001f
001f
001f
001f
001f
001f
001f
001f
001f
001f
001f
001f
001f
001f
001f
001f
001f
001f
001f
001f
001f
001f
001f
001f
001f
001f
001f
001f
001f
001f
001f
001f
001f
001f
001f
001f
001f
001f
001f
001f
001f
001f
001f
001f
001f
001f
001f
001f
001f
001f
001f
001f
001f
001f
001f
001f
001f
001f
001f
001f
001f
001f
001f
001f
001f
001f
001f
001f
001f
001f
001f
001f
001f
001f
001f
001f
001f
001f
001f
001f
001f
001f
001f
001f
001f
001f
001f
001f
001f
001f
001f
001f
001f
001f
001f
001f
001f
001f
001f
001f
001f
001f
001f
001f
001f
001f
001f
001f
001f
001f
001f
001f
001f
001f
001f
001f
001f
001f
001f
001f
001f
001f
001f
001f
001f
001f
001f
001f
001f
001f
001f
001f
001f
001f
001f
001f
001f
001f
001f
001f
001f
001f
001f
001f
001f
001f
001f
001f
001f
001f
001f
001f
001f
001f
001f
001f
001f
001f
001f
001f
001f
001f
001f
001f
001f
001f
001f
001f
001f
001f
001f
001f
001f
001f
001f
001f
001f
001f
001f
001f
001f
001f
001f
001f
001f
001f
001f
001f
001f
001f
001f
001f
001f
001f
001f
001f
001f
001f
001f
001f
001f
001f
001f
001f
001f
001f
001f
001f
001f
001f
001f
001f
001f
001f
001f
001f
001f
001f
001f
001f
001f
001f
001f
001f
001f
001f
001f
001f
001f
001f
001f
001f
001f
001f
001f
001f
001f
001f
001f
001f
001f
001f
001f
001f
001f
001f
001f
001f
001f
001f
001f
001f
001f
001f
001f
001f
001f
001f
001f
001f
001f
001f
001f
001f
001f
001f
001f
001f
001f
001f
001f
001f
001f
001f
001f
001f
001f
001f
001f
001f
001f
001f
001f
001f
001f
001f
001f
001f
001f
001f
001f
001f
001f
001f
001f
001f
001f
001f
001f
001f
001f
001f
001f
001f
001f
001f
001f
001f
001f
001f
001f
001f
001f
001f
001f
001f
001f
001f
001f
001f
001f
001f
001f
001f
001f
001f
001f
001f
001f
001f
001f
001f
001f
001f
001f
001f
001f
001f
001f
001f
001f
001f
001f
001f
001f
001f
001f
001f
001f
001f
001f
001f
001f
001f
001f
001f
001f
001f
001f
001f
001f
001f
001f
001f
001f
001f
001f
001f
001f
001f
001f
001f
001f
001f
001f
001f
001f
001f
001f
001f
001f
001f
001f
001f
001f
001f
001f
001f
001f
001f
001f
001f
001f
001f
001f
001f
001f
001f
001f
001f
001f
001f
001f
001f
001f
001f
001f
001f
001f
001f
001f
001f
001f
001f
001f
001f
001f
001f
001f
001f
001f
001f
001f
001f
001f
001f
001f
001f
001f
001f
001f
001f
001f
001f
001f
001f
001f
001f
001f
001f
001f
001f
001f
001f
001f
001f
001f
001f
001f
001f
001f
001f
001f
001f
001f
001f
001f
001f
001f
001f
001f
001f
001f
001f
001f
001f
001f
001f
001f
001f
001f
001f
001f
001f
001f
001f
001f
001f
001f
001f
001f
001f
001f
001f
001f
001f
001f
001f
001f
001f
001f
001f
001f
001f
001f
001f
001f
001f
001f
001f
001f
001f
001f
001f
001f
001f
001f
001f
001f
001f
001f
001f
001f
001f
001f
001f
001f
001f
001f
001f
001f
001f
001f
001f
001f
001f
001f
001f
001f
001f
001f
001f
001f
001f
001f
001f
001f
001f
001f
001f
001f
001f
001f
001f
001f
001f
001f
001f
001f
001f
001f
001f
001f
001f
001f
001f
001f
001f
001f
001f
001f
001f
001f
001f
001f
001f
001f
001f
001f
001f
001f
001f
001f
001f
001f
001f
001f
001f
001f
001f
001f
001f
001f
001f
001f
001f
001f
001f
001f
001f
001f
001f
001f
001f
001f
001f
001f
001f
001f
001f
001f
001f
001f
001f
001f
001f
001f
001f
001f
001f
001f
001f
001f
001f
001f
001f
001f
001f
001f
001f
001f
001f
001f
001f
001f
001f
001f
001f
001f
001f
001f
001f
001f
001f
001f
001f
001f
001f
001f
001f
001f
001f
001f
001f
001f
001f
001f
001f
001f
001f
001f
001f
001f
001f
001f
001f
001f
001f
001f
001f
001f
001f
001f
001f
001f
001f
001f
001f
001f
001f
001f
001f
001f
001f
001f
001f
001f
001f
001f
001f
001f
001f
001f
001f
001f
001f
001f
001f
001f
001f
001f
001f
001f
001f
001f
001f
001f
001f
001f
001f
001f
001f
001f
001f
001f
001f
001f
001f
001f
001f
001f
001f
001f
001f
001f
001f
001f
001f
001f
001f
001f
001f
001f
001f
001f
001f
001f
001f
001f
001f
001f
001f
001f
001f
001f
001f
001f
001f
001f
001f
001f
001f
001f
001f
001f
001f
001f
001f
001f
001f
001f
001f
001f
001f
001f
001f
001f
001f
001f
001f
001f
001f
001f
001f
001f
001f
001f
001f
001f
001f
001f
001f
001f
001f
001f
001f
001f
001f
001f
001f
001f
001f
001f
001f
001f
001f
001f
001f
001f
001f
001f
001f
001f
001f
001f
001f
001f
001f
001f
001f
001f
001f
001f
001f
001f
001f
001f
001f
001f
001f
001f
001f
001f
001f
001f
001f
001f
001f
001f
001f
001f
001f
001f
001f
001f
001f
001f
001f
001f
001f
001f
001f
001f
001f
001f
001f
001f
001f
001f
001f
001f
001f
001f
001f
001f
001f
001f
001f
001f
001f
001f
001f
001f
001f
001f
001f
001f
001f
001f
001f
001f
001f
001f
001f
001f
001f
001f
001f
001f
001f
001f
001f
001f
001f
001f
001f
001f
001f
001f
001f
001f
001f
001f
001f
001f
001f
001f
001f
001f
001f
001f
001f
001f
001f
001f
001f
001f
001f
001f
001f
001f
001f
001f
001f
001f
001f
001f
001f
001f
001f
001f
001f
001f
001f
001f
001f
001f
001f
001f
001f
001f
001f
001f
001f
001f
001f
001f
001f
001f
001f
001f
001f
001f
001f
001f
001f
001f
001f
001f
001f
001f
001f
001f
001f
001f
001f
001f
001f
001f
001f
001f
001f
001f
001f
001f
001f
001f
001f
001f
001f
001f
001f
001f
001f
001f
001f
001f
001f
001f
001f
001f
001f
001f
001f
001f
001f
001f
001f
001f
001f
001f
001f
001f
001f
001f
001f
001f
001f
001f
001f
001f
001f
001f
001f
001f
001f
001f
001f
001f
001f
001f
001f
001f
001f
001f
001f
001f
001f
001f
001f
001f
001f
001f
001f
001f
001f
001f
001f
001f
001f
001f
001f
001f
001f
001f
001f
001f
001f
001f
001f
001f
001f
001f
001f
001f
001f
001f
001f
001f
001f
001f
001f
001f
001f
001f
001f
001f
001f
001f
001f
001f
001f
001f
001f
001f
001f
001f
001f
001f
001f
001f
001f
001f
001f
001f
001f
001f
001f
001f
001f
001f
001f
001f
001f
001f
001f
001f
001f
001f
001f
001f
001f
001f
001f
001f
001f
001f
001f
001f
001f
001f
001f
001f
001f
001f
001f
001f
001f
001f
001f
001f
001f
001f
001f
001f
001f
001f
001f
001f
001f
001f
001f
001f
001f
001f
001f
001f
001f
001f
001f
001f
001f
001f
001f
001f
001f
001f
001f
001f
001f
001f
001f
001f
001f
001f
001f
001f
001f
001f
001f
001f
001f
001f
001f
001f
001f
001f
001f
001f
001f
001f
001f
001f
001f
001f
001f
001f
001f
001f
001f
001f
001f
001f
001f
001f
001f
001f
001f
001f
001f
001f
001f
001f
001f
001f
001f
001f
001f
001f
001f
001f
001f
001f
001f
001f
001f
001f
001f
001f
001f
001f
001f
001f
001f
001f
001f
001f
001f
001f
001f
001f
001f
001f
001f
001f
001f
001f
001f
001f
001f
001f
001f
001f
001f
001f
001f
001f
001f
001f
001f
001f
001f
001f
001f
001f
001f
001f
001f
001f
001f
001f
001f
001f
001f
001f
001f
001f
001f
001f
001f
001f
001f
001f
001f
001f
001f
001f
001f
001f
001f
001f
001f
001f
001f
001f
001f
001f
001f
001f
001f
001f
001f
001f
001f
001f
001f
001f
001f
001f
001f
001f
001f
001f
001f
001f
001f
001f
001f
001f
001f
001f
001f
001f
001f
001f
001f
001f
001f
001f
001f
001f
001f
001f
001f
001f
001f
001f
001f
001f
001f
001f
001f
001f
001f
001f
001f
001f
001f
001f
001f
001f
001f
001f
001f
001f
001f
001f
001f
001f
001f
001f
001f
001f
001f
001f
001f
001f
001f
001f
001f
001f
001f
001f
001f
001f
001f
001f
001f
001f
001f
001f
001f
001f
001f
001f
001f
001f
001f
001f
001f
001f
001f
001f
001f
001f
001f
001f
001f
001f
001f
001f
001f
001f
001f
001f
001f
001f
001f
001f
001f
001f
001f
001f
001f
001f
001f
001f
001f
001f
001f
001f
001f
001f
001f
001f
001f
001f
001f
001f
001f
001f
001f
001f
001f
001f
001f
001f
001f
001f
001f
001f
001f
001f
001f
001f
001f
001f
001f
001f
001f
001f
001f
001f
001f
001f
001f
001f
001f
001f
001f
001f
001f
001f
001f
001f
001f
001f
001f
001f
001f
001f
001f
001f
001f
001f
001f
001f
001f
001f
001f
001f
001f
001f
001f
001f
001f
001f
001f
001f
001f
001f
001f
001f
001f
001f
001f
001f
001f
001f
001f
001f
001f
001f
001f
001f
001f
001f
001f
001f
001f
001f
001f
001f
001f
001f
001f
001f
001f
001f
001f
001f
001f
001f
001f
001f
001f
001f
001f
001f
001f
001f
001f
001f
001f
001f
001f
001f
001f
001f
001f
001f
001f
001f
001f
001f
001f
001f
001f
001f
001f
001f
001f
001f
001f
001f
001f
001f
001f
001f
001f
001f
001f
001f
001f
001f
001f
001f
001f
001f
001f
001f
001f
001f
001f
001f
001f
001f
001f
001f
001f
001f
001f
001f
001f
001f
001f
001f
001f
001f
001f
001f
001f
001f
001f
001f
001f
001f
001f
001f
001f
001f
001f
001f
001f
001f
001f
001f
001f
001f
001f
001f
001f
001f
001f
001f
001f
001f
001f
001f
001f
001f
001f
001f
001f
001f
001f
001f
001f
001f
001f
001f
001f
001f
001f
001f
001f
001f
001f
001f
001f
001f
001f
001f
001f
001f
001f
001f
001f
001f
001f
001f
001f
001f
001f
001f
001f
001f
001f
001f
001f
001f
001f
001f
001f
001f
001f
001f
001f
001f
001f
001f
001f
001f
001f
001f
001f
001f
001f
001f
001f
001f
001f
001f
001f
001f
001f
001f
001f
001f
001f
001f
001f
001f
001f
001f
001f
001f
001f
001f
001f
001f
001f
001f
001f
001f
001f
001f
001f
001f
001f
001f
001f
001f
001f
001f
001f
001f
001f
001f
001f
001f
001f
001f
001f
001f
001f
001f
001f
001f
001f
001f
001f
001f
001f
001f
001f
001f
001f
001f
001f
001f
001f
001f
001f
001f
001f
001f
001f
001f
001f
001f
001f
001f
001f
001f
001f
001f
001f
001f
001f
001f
001f
001f
001f
001f
001f
001f
001f
001f
001f
001f
001f
001f
001f
001f
001f
001f
001f
001f
001f
001f
001f
001f
001f
001f
001f
001f
001f
001f
001f
001f
001f
001f
001f
001f
001f
001f
001f
001f
001f
001f
001f
001f
001f
001f
001f
001f
001f
001f
001f
001f
001f
001f
001f
001f
001f
001f
001f
001f
001f
001f
001f
001f
001f
001f
001f
001f
001f
001f
001f
001f
001f
001f
001f
001f
001f
001f
001f
001f
001f
001f
001f
001f
001f
001f
001f
001f
001f
001f
001f
001f
001f
001f
001f
001f
001f
001f
001f
001f
001f
001f
001f
001f
001f
001f
001f
001f
001f
001f
001f
001f
001f
001f
001f
001f
001f
001f
001f
001f
001f
001f
001f
001f
001f
001f
001f
001f
001f
001f
001f
001f
001f
001f
001f
001f
001f
001f
001f
001f
001f
001f
001f
001f
001f
001f
001f
001f
001f
001f
001f
001f
001f
001f
001f
001f
001f
001f
001f
001f
001f
001f
001f
001f
001f
001f
001f
001f
001f
001f
001f
001f
001f
001f
001f
001f
001f
001f
001f
001f
001f
001f
001f
001f
001f
001f
001f
001f
001f
001f
001f
001f
001f
001f
001f
001f
001f
001f
001f
001f
001f
001f
001f
001f
001f
001f
001f
001f
001f
001f
001f
001f
001f
001f
001f
001f
001f
001f
001f
001f
001f
001f
001f
001f
001f
001f
001f
001f
001f
001f
001f
001f
001f
001f
001f
001f
001f
001f
001f
001f
001f
001f
001f
001f
001f
001f
001f
001f
001f
001f
001f
001f
001f
001f
001f
001f
001f
001f
001f
001f
001f
001f
001f
001f
001f
001f
001f
001f
001f
001f
001f
001f
001f
001f
001f
001f
001f
001f
001f
001f
001f
001f
001f
001f
001f
001f
001f
001f
001f
001f
001f
001f
001f
001f
001f
001f
001f
001f
001f
001f
001f
001f
001f
001f
001f
001f
001f
001f
001f
001f
001f
001f
001f
001f
001f
001f
001f
001f
001f
001f
001f
001f
001f
001f
001f
001f
001f
001f
001f
001f
001f
001f
001f
001f
001f
001f
001f
001f
001f
001f
001f
001f
001f
001f
001f
001f
001f
001f
001f
001f
001f
001f
001f
001f
001f
001f
001f
001f
001f
001f
001f
001f
001f
001f
001f
001f
001f
001f
001f
001f
001f
001f
001f
001f
001f
001f
001f
001f
001f
001f
001f
001f
001f
001f
001f
001f
001f
001f
001f
001f
001f
001f
001f
001f
001f
001f
001f
001f
001f
001f
001f
001f
001f
001f
001f
001f
001f
001f
001f
001f
001f
001f
001f
001f
001f
001f
001f
001f
001f
001f
001f
001f
001f
001f
001f
001f
001f
001f
001f
001f
001f
001f
001f
001f
001f
001f
001f
001f
001f
001f
001f
001f
001f
001f
001f
001f
001f
001f
001f
001f
001f
001f
001f
001f
001f
001f
001f
001f
001f
001f
001f
001f
001f
001f
001f
001f
001f
001f
001f
001f
001f
001f
001f
001f
001f
001f
001f
001f
001f
001f
001f
001f
001f
001f
001f
001f
001f
001f
001f
001f
001f
001f
001f
001f
001f
001f
001f
001f
001f
001f
001f
001f
001f
001f
001f
001f
001f
001f
001f
001f
001f
001f
001f
001f
001f
001f
001f
001f
001f
001f
001f
001f
001f
001f
001f
001f
001f
001f
001f
001f
001f
001f
001f
001f
001f
001f
001f
001f
001f
001f
001f
001f
001f
001f
001f
001f
001f
001f
001f
001f
001f
001f
001f
001f
001f
001f
001f
001f
001f
001f
001f
001f
001f
001f
001f
001f
001f
001f
001f
001f
001f
001f
001f
001f
001f
001f
001f
001f
001f
001f
001f
001f
001f
001f
001f
001f
001f
001f
001f
001f
001f
001f
001f
001f
001f
001f
001f
001f
001f
001f
001f
001f
001f
001f
001f
001f
001f
001f
001f
001f
001f
001f
001f
001f
001f
001f
001f
001f
001f
001f
001f
001f
001f
001f
001f
001f
001f
001f
001f
001f
001f
001f
001f
001f
001f
001f
001f
001f
001f
001f
001f
001f
001f
001f
001f
001f
001f
001f
001f
001f
001f
001f
001f
001f
001f
001f
001f
001f
001f
001f
001f
001f
001f
001f
001f
001f
001f
001f
001f
001f
001f
001f
001f
001f
001f
001f
001f
001f
001f
001f
001f
001f
001f
001f
001f
001f
001f
001f
001f
001f
001f
001f
001f
001f
001f
001f
001f
001f
001f
001f
001f
001f
001f
001f
001f
001f
001f
001f
001f
001f
001f
001f
001f
001f
001f
001f
001f
001f
001f
001f
001f
001f
001f
001f
001f
001f
001f
001f
001f
001f
001f
001f
001f
001f
001f
001f
001f
001f
001f
001f
001f
001f
001f
001f
001f
001f
001f
001f
001f
001f
001f
001f
001f
001f
001f
001f
001f
001f
001f
001f
001f
001f
001f
001f
001f
001f
001f
001f
001f
001f
001f
001f
001f
001f
001f
001f
001f
001f
001f
001f
001f
001f
001f
001f
001f
001f
001f
001f
001f
001f
001f
001f
001f
001f
001f
001f
001f
001f
001f
001f
001f
001f
001f
001f
001f
001f
001f
001f
001f
001f
001f
001f
001f
001f
001f
001f
001f
001f
001f
001f
001f
001f
001f
001f
001f
001f
001f
001f
001f
001f
001f
001f
001f
001f
001f
001f
001f
001f
001f
001f
001f
001f
001f
001f
001f
001f
001f
001f
001f
001f
0000
0001
0002
0003
0804
0805
0806
0807
1008
1009
100a
100b
180c
180d
180e
180f
2010
2011
2012
2013
2814
2815
2816
2817
3018
3019
301a
301b
381c
381d
381e
381f
4000
4001
4002
4003
4804
4805
4806
4807
5008
5009
500a
500b
580c
580d
580e
580f
6010
6011
6012
6013
6814
6815
6816
6817
7018
7019
701a
701b
781c
781d
781e
781f
8000
8001
8002
8003
8003
8804
8805
8806
8807
9008
9009
900a
900b
980c
980d
980e
980f
a010
a011
a012
a013
a814
a815
a816
a817
b018
b019
b01a
b01b
b81c
b81d
b81e
b81f
c000
c001
c002
c003
c804
c805
c806
c807
d008
d009
d00a
d00b
d80c
d80d
d80e
d80f
e010
e011
e012
e013
e814
e815
e816
e817
f018
f019
f01a
f01b
f81c
f81d
f81e
001f
001f
001f
001f
001f
001f
001f
001f
001f
001f
001f
001f
001f
001f
001f
001f
001f
001f
001f
001f
001f
001f
001f
001f
001f
001f
001f
001f
001f
001f
001f
001f
001f
001f
001f
001f
001f
001f
001f
001f
001f
001f
001f
001f
001f
001f
001f
001f
001f
001f
001f
001f
001f
001f
001f
001f
001f
001f
001f
001f
001f
001f
001f
001f
001f
001f
001f
001f
001f
001f
001f
001f
001f
001f
001f
001f
001f
001f
001f
001f
001f
001f
001f
001f
001f
001f
001f
001f
001f
001f
001f
001f
001f
001f
001f
001f
001f
001f
001f
001f
001f
001f
001f
001f
001f
001f
001f
001f
001f
001f
001f
001f
001f
001f
001f
001f
001f
001f
001f
001f
001f
001f
001f
001f
001f
001f
001f
001f
001f
001f
001f
001f
001f
001f
001f
001f
001f
001f
001f
001f
001f
001f
001f
001f
001f
001f
001f
001f
001f
001f
001f
001f
001f
001f
001f
001f
001f
001f
001f
001f
0001
0000
0003
0002
0805
0804
0807
0806
1009
1008
100b
100a
180d
180c
180f
180e
2011
2010
2013
2012
2815
2814
2817
2816
3019
3018
301b
301a
381d
381c
381f
381e
4001
4000
4003
4002
4805
4804
4807
4806
5009
5008
500b
500a
580d
580c
580f
580e
6011
6010
6013
6012
6815
6814
6817
6816
7019
7018
701b
701a
781d
781c
781f
781e
8001
8000
8003
8002
8002
8805
8804
8807
8806
9009
9008
900b
900a
980d
980c
980f
980e
a011
a010
a013
a012
a815
a814
a817
a816
b019
b018
b01b
b01a
b81d
b81c
b81f
b81e
c001
c000
c003
c002
c805
c804
c807
c806
d009
d008
d00b
d00a
d80d
d80c
d80f
d80e
e011
e010
e013
e012
e815
e814
e817
e816
f019
f018
f01b
f01a
f81d
f81c
f81f
001f
001f
001f
001f
001f
001f
001f
001f
001f
001f
001f
001f
001f
001f
001f
001f
001f
001f
001f
001f
001f
001f
001f
001f
001f
001f
001f
001f
001f
001f
001f
001f
001f
001f
001f
001f
001f
001f
001f
001f
001f
001f
001f
001f
001f
001f
001f
001f
001f
001f
001f
001f
001f
001f
001f
001f
001f
001f
001f
001f
001f
001f
001f
001f
001f
001f
001f
001f
001f
001f
001f
001f
001f
001f
001f
001f
001f
001f
001f
001f
001f
001f
001f
001f
001f
001f
001f
001f
001f
001f
001f
001f
001f
001f
001f
001f
001f
001f
001f
001f
001f
001f
001f
001f
001f
001f
001f
001f
001f
001f
001f
001f
001f
001f
001f
001f
001f
001f
001f
001f
001f
001f
001f
001f
001f
001f
001f
001f
001f
001f
001f
001f
001f
001f
001f
001f
001f
001f
001f
001f
001f
001f
001f
001f
001f
001f
001f
001f
001f
001f
001f
001f
001f
001f
001f
001f
001f
001f
001f
001f
0022
0023
0020
0021
0826
0827
0824
0825
102a
102b
1028
1029
182e
182f
182c
182d
2032
2033
2030
2031
2836
2837
2834
2835
303a
303b
3038
3039
383e
383f
383c
383d
4022
4023
4020
4021
4826
4827
4824
4825
502a
502b
5028
5029
582e
582f
582c
582d
6032
6033
6030
6031
6836
6837
6834
6835
703a
703b
7038
7039
783e
783f
783c
783d
8022
8023
8020
8021
8021
8826
8827
8824
8825
902a
902b
9028
9029
982e
982f
982c
982d
a032
a033
a030
a031
a836
a837
a834
a835
b03a
b03b
b038
b039
b83e
b83f
b83c
b83d
c022
c023
c020
c021
c826
c827
c824
c825
d02a
d02b
d028
d029
d82e
d82f
d82c
d82d
e032
e033
e030
e031
e836
e837
e834
e835
f03a
f03b
f038
f039
f83e
f83f
f83c
001f
001f
001f
001f
001f
001f
001f
001f
001f
001f
001f
001f
001f
001f
001f
001f
001f
001f
001f
001f
001f
001f
001f
001f
001f
001f
001f
001f
001f
001f
001f
001f
001f
001f
001f
001f
001f
001f
001f
001f
001f
001f
001f
001f
001f
001f
001f
001f
001f
001f
001f
001f
001f
001f
001f
001f
001f
001f
001f
001f
001f
001f
001f
001f
001f
001f
001f
001f
001f
001f
001f
001f
001f
001f
001f
001f
001f
001f
001f
001f
001f
001f
001f
001f
001f
001f
001f
001f
001f
001f
001f
001f
001f
001f
001f
001f
001f
001f
001f
001f
001f
001f
001f
001f
001f
001f
001f
001f
001f
001f
001f
001f
001f
001f
001f
001f
001f
001f
001f
001f
001f
001f
001f
001f
001f
001f
001f
001f
001f
001f
001f
001f
001f
001f
001f
001f
001f
001f
001f
001f
001f
001f
001f
001f
001f
001f
001f
001f
001f
001f
001f
001f
001f
001f
001f
001f
001f
001f
001f
001f
0023
0022
0021
0020
0827
0826
0825
0824
102b
102a
1029
1028
182f
182e
182d
182c
2033
2032
2031
2030
2837
2836
2835
2834
303b
303a
3039
3038
383f
383e
383d
383c
4023
4022
4021
4020
4827
4826
4825
4824
502b
502a
5029
5028
582f
582e
582d
582c
6033
6032
6031
6030
6837
6836
6835
6834
703b
703a
7039
7038
783f
783e
783d
783c
8023
8022
8021
8020
8020
8827
8826
8825
8824
902b
902a
9029
9028
982f
982e
982d
982c
a033
a032
a031
a030
a837
a836
a835
a834
b03b
b03a
b039
b038
b83f
b83e
b83d
b83c
c023
c022
c021
c020
c827
c826
c825
c824
d02b
d02a
d029
d028
d82f
d82e
d82d
d82c
e033
e032
e031
e030
e837
e836
e835
e834
f03b
f03a
f039
f038
f83f
f83e
f83d
001f
001f
001f
001f
001f
001f
001f
001f
001f
001f
001f
001f
001f
001f
001f
001f
001f
001f
001f
001f
001f
001f
001f
001f
001f
001f
001f
001f
001f
001f
001f
001f
001f
001f
001f
001f
001f
001f
001f
001f
001f
001f
001f
001f
001f
001f
001f
001f
001f
001f
001f
001f
001f
001f
001f
001f
001f
001f
001f
001f
001f
001f
001f
001f
001f
001f
001f
001f
001f
001f
001f
001f
001f
001f
001f
001f
001f
001f
001f
001f
001f
001f
001f
001f
001f
001f
001f
001f
001f
001f
001f
001f
001f
001f
001f
001f
001f
001f
001f
001f
001f
001f
001f
001f
001f
001f
001f
001f
001f
001f
001f
001f
001f
001f
001f
001f
001f
001f
001f
001f
001f
001f
001f
001f
001f
001f
001f
001f
001f
001f
001f
001f
001f
001f
001f
001f
001f
001f
001f
001f
001f
001f
001f
001f
001f
001f
001f
001f
001f
001f
001f
001f
001f
001f
001f
001f
001f
001f
001f
001f
0044
0045
0046
0047
0840
0841
0842
0843
104c
104d
104e
104f
1848
1849
184a
184b
2054
2055
2056
2057
2850
2851
2852
2853
305c
305d
305e
305f
3858
3859
385a
385b
4044
4045
4046
4047
4840
4841
4842
4843
504c
504d
504e
504f
5848
5849
584a
584b
6054
6055
6056
6057
6850
6851
6852
6853
705c
705d
705e
705f
7858
7859
785a
785b
8044
8045
8046
8047
8047
8840
8841
8842
8843
904c
904d
904e
904f
9848
9849
984a
984b
a054
a055
a056
a057
a850
a851
a852
a853
b05c
b05d
b05e
b05f
b858
b859
b85a
b85b
c044
c045
c046
c047
c840
c841
c842
c843
d04c
d04d
d04e
d04f
d848
d849
d84a
d84b
e054
e055
e056
e057
e850
e851
e852
e853
f05c
f05d
f05e
f05f
f858
f859
f85a
001f
001f
001f
001f
001f
001f
001f
001f
001f
001f
001f
001f
001f
001f
001f
001f
001f
001f
001f
001f
001f
001f
001f
001f
001f
001f
001f
001f
001f
001f
001f
001f
001f
001f
001f
001f
001f
001f
001f
001f
001f
001f
001f
001f
001f
001f
001f
001f
001f
001f
001f
001f
001f
001f
001f
001f
001f
001f
001f
001f
001f
001f
001f
001f
001f
001f
001f
001f
001f
001f
001f
001f
001f
001f
001f
001f
001f
001f
001f
001f
001f
001f
001f
001f
001f
001f
001f
001f
001f
001f
001f
001f
001f
001f
001f
001f
001f
001f
001f
001f
001f
001f
001f
001f
001f
001f
001f
001f
001f
001f
001f
001f
001f
001f
001f
001f
001f
001f
001f
001f
001f
001f
001f
001f
001f
001f
001f
001f
001f
001f
001f
001f
001f
001f
001f
001f
001f
001f
001f
001f
001f
001f
001f
001f
001f
001f
001f
001f
001f
001f
001f
001f
001f
001f
001f
001f
001f
001f
001f
001f
0045
0044
0047
0046
0841
0840
0843
0842
104d
104c
104f
104e
1849
1848
184b
184a
2055
2054
2057
2056
2851
2850
2853
2852
305d
305c
305f
305e
3859
3858
385b
385a
4045
4044
4047
4046
4841
4840
4843
4842
504d
504c
504f
504e
5849
5848
584b
584a
6055
6054
6057
6056
6851
6850
6853
6852
705d
705c
705f
705e
7859
7858
785b
785a
8045
8044
8047
8046
8046
8841
8840
8843
8842
904d
904c
904f
904e
9849
9848
984b
984a
a055
a054
a057
a056
a851
a850
a853
a852
b05d
b05c
b05f
b05e
b859
b858
b85b
b85a
c045
c044
c047
c046
c841
c840
c843
c842
d04d
d04c
d04f
d04e
d849
d848
d84b
d84a
e055
e054
e057
e056
e851
e850
e853
e852
f05d
f05c
f05f
f05e
f859
f858
f85b
001f
001f
001f
001f
001f
001f
001f
001f
001f
001f
001f
001f
001f
001f
001f
001f
001f
001f
001f
001f
001f
001f
001f
001f
001f
001f
001f
001f
001f
001f
001f
001f
001f
001f
001f
001f
001f
001f
001f
001f
001f
001f
001f
001f
001f
001f
001f
001f
001f
001f
001f
001f
001f
001f
001f
001f
001f
001f
001f
001f
001f
001f
001f
001f
001f
001f
001f
001f
001f
001f
001f
001f
001f
001f
001f
001f
001f
001f
001f
001f
001f
001f
001f
001f
001f
001f
001f
001f
001f
001f
001f
001f
001f
001f
001f
001f
001f
001f
001f
001f
001f
001f
001f
001f
001f
001f
001f
001f
001f
001f
001f
001f
001f
001f
001f
001f
001f
001f
001f
001f
001f
001f
001f
001f
001f
001f
001f
001f
001f
001f
001f
001f
001f
001f
001f
001f
001f
001f
001f
001f
001f
001f
001f
001f
001f
001f
001f
001f
001f
001f
001f
001f
001f
001f
001f
001f
001f
001f
001f
001f
0066
0067
0064
0065
0862
0863
0860
0861
106e
106f
106c
106d
186a
186b
1868
1869
2076
2077
2074
2075
2872
2873
2870
2871
307e
307f
307c
307d
387a
387b
3878
3879
4066
4067
4064
4065
4862
4863
4860
4861
506e
506f
506c
506d
586a
586b
5868
5869
6076
6077
6074
6075
6872
6873
6870
6871
707e
707f
707c
707d
787a
787b
7878
7879
8066
8067
8064
8065
8065
8862
8863
8860
8861
906e
906f
906c
906d
986a
986b
9868
9869
a076
a077
a074
a075
a872
a873
a870
a871
b07e
b07f
b07c
b07d
b87a
b87b
b878
b879
c066
c067
c064
c065
c862
c863
c860
c861
d06e
d06f
d06c
d06d
d86a
d86b
d868
d869
e076
e077
e074
e075
e872
e873
e870
e871
f07e
f07f
f07c
f07d
f87a
f87b
f878
001f
001f
001f
001f
001f
001f
001f
001f
001f
001f
001f
001f
001f
001f
001f
001f
001f
001f
001f
001f
001f
001f
001f
001f
001f
001f
001f
001f
001f
001f
001f
001f
001f
001f
001f
001f
001f
001f
001f
001f
001f
001f
001f
001f
001f
001f
001f
001f
001f
001f
001f
001f
001f
001f
001f
001f
001f
001f
001f
001f
001f
001f
001f
001f
001f
001f
001f
001f
001f
001f
001f
001f
001f
001f
001f
001f
001f
001f
001f
001f
001f
001f
001f
001f
001f
001f
001f
001f
001f
001f
001f
001f
001f
001f
001f
001f
001f
001f
001f
001f
001f
001f
001f
001f
001f
001f
001f
001f
001f
001f
001f
001f
001f
001f
001f
001f
001f
001f
001f
001f
001f
001f
001f
001f
001f
001f
001f
001f
001f
001f
001f
001f
001f
001f
001f
001f
001f
001f
001f
001f
001f
001f
001f
001f
001f
001f
001f
001f
001f
001f
001f
001f
001f
001f
001f
001f
001f
001f
001f
001f
0067
0066
0065
0064
0863
0862
0861
0860
106f
106e
106d
106c
186b
186a
1869
1868
2077
2076
2075
2074
2873
2872
2871
2870
307f
307e
307d
307c
387b
387a
3879
3878
4067
4066
4065
4064
4863
4862
4861
4860
506f
506e
506d
506c
586b
586a
5869
5868
6077
6076
6075
6074
6873
6872
6871
6870
707f
707e
707d
707c
787b
787a
7879
7878
8067
8066
8065
8064
8064
8863
8862
8861
8860
906f
906e
906d
906c
986b
986a
9869
9868
a077
a076
a075
a074
a873
a872
a871
a870
b07f
b07e
b07d
b07c
b87b
b87a
b879
b878
c067
c066
c065
c064
c863
c862
c861
c860
d06f
d06e
d06d
d06c
d86b
d86a
d869
d868
e077
e076
e075
e074
e873
e872
e871
e870
f07f
f07e
f07d
f07c
f87b
f87a
f879
001f
001f
001f
001f
001f
001f
001f
001f
001f
001f
001f
001f
001f
001f
001f
001f
001f
001f
001f
001f
001f
001f
001f
001f
001f
001f
001f
001f
001f
001f
001f
001f
001f
001f
001f
001f
001f
001f
001f
001f
001f
001f
001f
001f
001f
001f
001f
001f
001f
001f
001f
001f
001f
001f
001f
001f
001f
001f
001f
001f
001f
001f
001f
001f
001f
001f
001f
001f
001f
001f
001f
001f
001f
001f
001f
001f
001f
001f
001f
001f
001f
001f
001f
001f
001f
001f
001f
001f
001f
001f
001f
001f
001f
001f
001f
001f
001f
001f
001f
001f
001f
001f
001f
001f
001f
001f
001f
001f
001f
001f
001f
001f
001f
001f
001f
001f
001f
001f
001f
001f
001f
001f
001f
001f
001f
001f
001f
001f
001f
001f
001f
001f
001f
001f
001f
001f
001f
001f
001f
001f
001f
001f
001f
001f
001f
001f
001f
001f
001f
001f
001f
001f
001f
001f
001f
001f
001f
001f
001f
001f
0088
0089
008a
008b
088c
088d
088e
088f
1080
1081
1082
1083
1884
1885
1886
1887
2098
2099
209a
209b
289c
289d
289e
289f
3090
3091
3092
3093
3894
3895
3896
3897
4088
4089
408a
408b
488c
488d
488e
488f
5080
5081
5082
5083
5884
5885
5886
5887
6098
6099
609a
609b
689c
689d
689e
689f
7090
7091
7092
7093
7894
7895
7896
7897
8088
8089
808a
808b
808b
888c
888d
888e
888f
9080
9081
9082
9083
9884
9885
9886
9887
a098
a099
a09a
a09b
a89c
a89d
a89e
a89f
b090
b091
b092
b093
b894
b895
b896
b897
c088
c089
c08a
c08b
c88c
c88d
c88e
c88f
d080
d081
d082
d083
d884
d885
d886
d887
e098
e099
e09a
e09b
e89c
e89d
e89e
e89f
f090
f091
f092
f093
f894
f895
f896
001f
001f
001f
001f
001f
001f
001f
001f
001f
001f
001f
001f
001f
001f
001f
001f
001f
001f
001f
001f
001f
001f
001f
001f
001f
001f
001f
001f
001f
001f
001f
001f
001f
001f
001f
001f
001f
001f
001f
001f
001f
001f
001f
001f
001f
001f
001f
001f
001f
001f
001f
001f
001f
001f
001f
001f
001f
001f
001f
001f
001f
001f
001f
001f
001f
001f
001f
001f
001f
001f
001f
001f
001f
001f
001f
001f
001f
001f
001f
001f
001f
001f
001f
001f
001f
001f
001f
001f
001f
001f
001f
001f
001f
001f
001f
001f
001f
001f
001f
001f
001f
001f
001f
001f
001f
001f
001f
001f
001f
001f
001f
001f
001f
001f
001f
001f
001f
001f
001f
001f
001f
001f
001f
001f
001f
001f
001f
001f
001f
001f
001f
001f
001f
001f
001f
001f
001f
001f
001f
001f
001f
001f
001f
001f
001f
001f
001f
001f
001f
001f
001f
001f
001f
001f
001f
001f
001f
001f
001f
001f
0089
0088
008b
008a
088d
088c
088f
088e
1081
1080
1083
1082
1885
1884
1887
1886
2099
2098
209b
209a
289d
289c
289f
289e
3091
3090
3093
3092
3895
3894
3897
3896
4089
4088
408b
408a
488d
488c
488f
488e
5081
5080
5083
5082
5885
5884
5887
5886
6099
6098
609b
609a
689d
689c
689f
689e
7091
7090
7093
7092
7895
7894
7897
7896
8089
8088
808b
808a
808a
888d
888c
888f
888e
9081
9080
9083
9082
9885
9884
9887
9886
a099
a098
a09b
a09a
a89d
a89c
a89f
a89e
b091
b090
b093
b092
b895
b894
b897
b896
c089
c088
c08b
c08a
c88d
c88c
c88f
c88e
d081
d080
d083
d082
d885
d884
d887
d886
e099
e098
e09b
e09a
e89d
e89c
e89f
e89e
f091
f090
f093
f092
f895
f894
f897
001f
001f
001f
001f
001f
001f
001f
001f
001f
001f
001f
001f
001f
001f
001f
001f
001f
001f
001f
001f
001f
001f
001f
001f
001f
001f
001f
001f
001f
001f
001f
001f
001f
001f
001f
001f
001f
001f
001f
001f
001f
001f
001f
001f
001f
001f
001f
001f
001f
001f
001f
001f
001f
001f
001f
001f
001f
001f
001f
001f
001f
001f
001f
001f
001f
001f
001f
001f
001f
001f
001f
001f
001f
001f
001f
001f
001f
001f
001f
001f
001f
001f
001f
001f
001f
001f
001f
001f
001f
001f
001f
001f
001f
001f
001f
001f
001f
001f
001f
001f
001f
001f
001f
001f
001f
001f
001f
001f
001f
001f
001f
001f
001f
001f
001f
001f
001f
001f
001f
001f
001f
001f
001f
001f
001f
001f
001f
001f
001f
001f
001f
001f
001f
001f
001f
001f
001f
001f
001f
001f
001f
001f
001f
001f
001f
001f
001f
001f
001f
001f
001f
001f
001f
001f
001f
001f
001f
001f
001f
001f
00aa
00ab
00a8
00a9
08ae
08af
08ac
08ad
10a2
10a3
10a0
10a1
18a6
18a7
18a4
18a5
20ba
20bb
20b8
20b9
28be
28bf
28bc
28bd
30b2
30b3
30b0
30b1
38b6
38b7
38b4
38b5
40aa
40ab
40a8
40a9
48ae
48af
48ac
48ad
50a2
50a3
50a0
50a1
58a6
58a7
58a4
58a5
60ba
60bb
60b8
60b9
68be
68bf
68bc
68bd
70b2
70b3
70b0
70b1
78b6
78b7
78b4
78b5
80aa
80ab
80a8
80a9
80a9
88ae
88af
88ac
88ad
90a2
90a3
90a0
90a1
98a6
98a7
98a4
98a5
a0ba
a0bb
a0b8
a0b9
a8be
a8bf
a8bc
a8bd
b0b2
b0b3
b0b0
b0b1
b8b6
b8b7
b8b4
b8b5
c0aa
c0ab
c0a8
c0a9
c8ae
c8af
c8ac
c8ad
d0a2
d0a3
d0a0
d0a1
d8a6
d8a7
d8a4
d8a5
e0ba
e0bb
e0b8
e0b9
e8be
e8bf
e8bc
e8bd
f0b2
f0b3
f0b0
f0b1
f8b6
f8b7
f8b4
001f
001f
001f
001f
001f
001f
001f
001f
001f
001f
001f
001f
001f
001f
001f
001f
001f
001f
001f
001f
001f
001f
001f
001f
001f
001f
001f
001f
001f
001f
001f
001f
001f
001f
001f
001f
001f
001f
001f
001f
001f
001f
001f
001f
001f
001f
001f
001f
001f
001f
001f
001f
001f
001f
001f
001f
001f
001f
001f
001f
001f
001f
001f
001f
001f
001f
001f
001f
001f
001f
001f
001f
001f
001f
001f
001f
001f
001f
001f
001f
001f
001f
001f
001f
001f
001f
001f
001f
001f
001f
001f
001f
001f
001f
001f
001f
001f
001f
001f
001f
001f
001f
001f
001f
001f
001f
001f
001f
001f
001f
001f
001f
001f
001f
001f
001f
001f
001f
001f
001f
001f
001f
001f
001f
001f
001f
001f
001f
001f
001f
001f
001f
001f
001f
001f
001f
001f
001f
001f
001f
001f
001f
001f
001f
001f
001f
001f
001f
001f
001f
001f
001f
001f
001f
001f
001f
001f
001f
001f
001f
00ab
00aa
00a9
00a8
08af
08ae
08ad
08ac
10a3
10a2
10a1
10a0
18a7
18a6
18a5
18a4
20bb
20ba
20b9
20b8
28bf
28be
28bd
28bc
30b3
30b2
30b1
30b0
38b7
38b6
38b5
38b4
40ab
40aa
40a9
40a8
48af
48ae
48ad
48ac
50a3
50a2
50a1
50a0
58a7
58a6
58a5
58a4
60bb
60ba
60b9
60b8
68bf
68be
68bd
68bc
70b3
70b2
70b1
70b0
78b7
78b6
78b5
78b4
80ab
80aa
80a9
80a8
80a8
88af
88ae
88ad
88ac
90a3
90a2
90a1
90a0
98a7
98a6
98a5
98a4
a0bb
a0ba
a0b9
a0b8
a8bf
a8be
a8bd
a8bc
b0b3
b0b2
b0b1
b0b0
b8b7
b8b6
b8b5
b8b4
c0ab
c0aa
c0a9
c0a8
c8af
c8ae
c8ad
c8ac
d0a3
d0a2
d0a1
d0a0
d8a7
d8a6
d8a5
d8a4
e0bb
e0ba
e0b9
e0b8
e8bf
e8be
e8bd
e8bc
f0b3
f0b2
f0b1
f0b0
f8b7
f8b6
f8b5
001f
001f
001f
001f
001f
001f
001f
001f
001f
001f
001f
001f
001f
001f
001f
001f
001f
001f
001f
001f
001f
001f
001f
001f
001f
001f
001f
001f
001f
001f
001f
001f
001f
001f
001f
001f
001f
001f
001f
001f
001f
001f
001f
001f
001f
001f
001f
001f
001f
001f
001f
001f
001f
001f
001f
001f
001f
001f
001f
001f
001f
001f
001f
001f
001f
001f
001f
001f
001f
001f
001f
001f
001f
001f
001f
001f
001f
001f
001f
001f
001f
001f
001f
001f
001f
001f
001f
001f
001f
001f
001f
001f
001f
001f
001f
001f
001f
001f
001f
001f
001f
001f
001f
001f
001f
001f
001f
001f
001f
001f
001f
001f
001f
001f
001f
001f
001f
001f
001f
001f
001f
001f
001f
001f
001f
001f
001f
001f
001f
001f
001f
001f
001f
001f
001f
001f
001f
001f
001f
001f
001f
001f
001f
001f
001f
001f
001f
001f
001f
001f
001f
001f
001f
001f
001f
001f
001f
001f
001f
001f
00cc
00cd
00ce
00cf
08c8
08c9
08ca
08cb
10c4
10c5
10c6
10c7
18c0
18c1
18c2
18c3
20dc
20dd
20de
20df
28d8
28d9
28da
28db
30d4
30d5
30d6
30d7
38d0
38d1
38d2
38d3
40cc
40cd
40ce
40cf
48c8
48c9
48ca
48cb
50c4
50c5
50c6
50c7
58c0
58c1
58c2
58c3
60dc
60dd
60de
60df
68d8
68d9
68da
68db
70d4
70d5
70d6
70d7
78d0
78d1
78d2
78d3
80cc
80cd
80ce
80cf
80cf
88c8
88c9
88ca
88cb
90c4
90c5
90c6
90c7
98c0
98c1
98c2
98c3
a0dc
a0dd
a0de
a0df
a8d8
a8d9
a8da
a8db
b0d4
b0d5
b0d6
b0d7
b8d0
b8d1
b8d2
b8d3
c0cc
c0cd
c0ce
c0cf
c8c8
c8c9
c8ca
c8cb
d0c4
d0c5
d0c6
d0c7
d8c0
d8c1
d8c2
d8c3
e0dc
e0dd
e0de
e0df
e8d8
e8d9
e8da
e8db
f0d4
f0d5
f0d6
f0d7
f8d0
f8d1
f8d2
001f
001f
001f
001f
001f
001f
001f
001f
001f
001f
001f
001f
001f
001f
001f
001f
001f
001f
001f
001f
001f
001f
001f
001f
001f
001f
001f
001f
001f
001f
001f
001f
001f
001f
001f
001f
001f
001f
001f
001f
001f
001f
001f
001f
001f
001f
001f
001f
001f
001f
001f
001f
001f
001f
001f
001f
001f
001f
001f
001f
001f
001f
001f
001f
001f
001f
001f
001f
001f
001f
001f
001f
001f
001f
001f
001f
001f
001f
001f
001f
001f
001f
001f
001f
001f
001f
001f
001f
001f
001f
001f
001f
001f
001f
001f
001f
001f
001f
001f
001f
001f
001f
001f
001f
001f
001f
001f
001f
001f
001f
001f
001f
001f
001f
001f
001f
001f
001f
001f
001f
001f
001f
001f
001f
001f
001f
001f
001f
001f
001f
001f
001f
001f
001f
001f
001f
001f
001f
001f
001f
001f
001f
001f
001f
001f
001f
001f
001f
001f
001f
001f
001f
001f
001f
001f
001f
001f
001f
001f
001f
00cd
00cc
00cf
00ce
08c9
08c8
08cb
08ca
10c5
10c4
10c7
10c6
18c1
18c0
18c3
18c2
20dd
20dc
20df
20de
28d9
28d8
28db
28da
30d5
30d4
30d7
30d6
38d1
38d0
38d3
38d2
40cd
40cc
40cf
40ce
48c9
48c8
48cb
48ca
50c5
50c4
50c7
50c6
58c1
58c0
58c3
58c2
60dd
60dc
60df
60de
68d9
68d8
68db
68da
70d5
70d4
70d7
70d6
78d1
78d0
78d3
78d2
80cd
80cc
80cf
80ce
80ce
88c9
88c8
88cb
88ca
90c5
90c4
90c7
90c6
98c1
98c0
98c3
98c2
a0dd
a0dc
a0df
a0de
a8d9
a8d8
a8db
a8da
b0d5
b0d4
b0d7
b0d6
b8d1
b8d0
b8d3
b8d2
c0cd
c0cc
c0cf
c0ce
c8c9
c8c8
c8cb
c8ca
d0c5
d0c4
d0c7
d0c6
d8c1
d8c0
d8c3
d8c2
e0dd
e0dc
e0df
e0de
e8d9
e8d8
e8db
e8da
f0d5
f0d4
f0d7
f0d6
f8d1
f8d0
f8d3
001f
001f
001f
001f
001f
001f
001f
001f
001f
001f
001f
001f
001f
001f
001f
001f
001f
001f
001f
001f
001f
001f
001f
001f
001f
001f
001f
001f
001f
001f
001f
001f
001f
001f
001f
001f
001f
001f
001f
001f
001f
001f
001f
001f
001f
001f
001f
001f
001f
001f
001f
001f
001f
001f
001f
001f
001f
001f
001f
001f
001f
001f
001f
001f
001f
001f
001f
001f
001f
001f
001f
001f
001f
001f
001f
001f
001f
001f
001f
001f
001f
001f
001f
001f
001f
001f
001f
001f
001f
001f
001f
001f
001f
001f
001f
001f
001f
001f
001f
001f
001f
001f
001f
001f
001f
001f
001f
001f
001f
001f
001f
001f
001f
001f
001f
001f
001f
001f
001f
001f
001f
001f
001f
001f
001f
001f
001f
001f
001f
001f
001f
001f
001f
001f
001f
001f
001f
001f
001f
001f
001f
001f
001f
001f
001f
001f
001f
001f
001f
001f
001f
001f
001f
001f
001f
001f
001f
001f
001f
001f
00ee
00ef
00ec
00ed
08ea
08eb
08e8
08e9
10e6
10e7
10e4
10e5
18e2
18e3
18e0
18e1
20fe
20ff
20fc
20fd
28fa
28fb
28f8
28f9
30f6
30f7
30f4
30f5
38f2
38f3
38f0
38f1
40ee
40ef
40ec
40ed
48ea
48eb
48e8
48e9
50e6
50e7
50e4
50e5
58e2
58e3
58e0
58e1
60fe
60ff
60fc
60fd
68fa
68fb
68f8
68f9
70f6
70f7
70f4
70f5
78f2
78f3
78f0
78f1
80ee
80ef
80ec
80ed
80ed
88ea
88eb
88e8
88e9
90e6
90e7
90e4
90e5
98e2
98e3
98e0
98e1
a0fe
a0ff
a0fc
a0fd
a8fa
a8fb
a8f8
a8f9
b0f6
b0f7
b0f4
b0f5
b8f2
b8f3
b8f0
b8f1
c0ee
c0ef
c0ec
c0ed
c8ea
c8eb
c8e8
c8e9
d0e6
d0e7
d0e4
d0e5
d8e2
d8e3
d8e0
d8e1
e0fe
e0ff
e0fc
e0fd
e8fa
e8fb
e8f8
e8f9
f0f6
f0f7
f0f4
f0f5
f8f2
f8f3
f8f0
001f
001f
001f
001f
001f
001f
001f
001f
001f
001f
001f
001f
001f
001f
001f
001f
001f
001f
001f
001f
001f
001f
001f
001f
001f
001f
001f
001f
001f
001f
001f
001f
001f
001f
001f
001f
001f
001f
001f
001f
001f
001f
001f
001f
001f
001f
001f
001f
001f
001f
001f
001f
001f
001f
001f
001f
001f
001f
001f
001f
001f
001f
001f
001f
001f
001f
001f
001f
001f
001f
001f
001f
001f
001f
001f
001f
001f
001f
001f
001f
001f
001f
001f
001f
001f
001f
001f
001f
001f
001f
001f
001f
001f
001f
001f
001f
001f
001f
001f
001f
001f
001f
001f
001f
001f
001f
001f
001f
001f
001f
001f
001f
001f
001f
001f
001f
001f
001f
001f
001f
001f
001f
001f
001f
001f
001f
001f
001f
001f
001f
001f
001f
001f
001f
001f
001f
001f
001f
001f
001f
001f
001f
001f
001f
001f
001f
001f
001f
001f
001f
001f
001f
001f
001f
001f
001f
001f
001f
001f
001f
00ef
00ee
00ed
00ec
08eb
08ea
08e9
08e8
10e7
10e6
10e5
10e4
18e3
18e2
18e1
18e0
20ff
20fe
20fd
20fc
28fb
28fa
28f9
28f8
30f7
30f6
30f5
30f4
38f3
38f2
38f1
38f0
40ef
40ee
40ed
40ec
48eb
48ea
48e9
48e8
50e7
50e6
50e5
50e4
58e3
58e2
58e1
58e0
60ff
60fe
60fd
60fc
68fb
68fa
68f9
68f8
70f7
70f6
70f5
70f4
78f3
78f2
78f1
78f0
80ef
80ee
80ed
80ec
80ec
88eb
88ea
88e9
88e8
90e7
90e6
90e5
90e4
98e3
98e2
98e1
98e0
a0ff
a0fe
a0fd
a0fc
a8fb
a8fa
a8f9
a8f8
b0f7
b0f6
b0f5
b0f4
b8f3
b8f2
b8f1
b8f0
c0ef
c0ee
c0ed
c0ec
c8eb
c8ea
c8e9
c8e8
d0e7
d0e6
d0e5
d0e4
d8e3
d8e2
d8e1
d8e0
e0ff
e0fe
e0fd
e0fc
e8fb
e8fa
e8f9
e8f8
f0f7
f0f6
f0f5
f0f4
f8f3
f8f2
f8f1
001f
001f
001f
001f
001f
001f
001f
001f
001f
001f
001f
001f
001f
001f
001f
001f
001f
001f
001f
001f
001f
001f
001f
001f
001f
001f
001f
001f
001f
001f
001f
001f
001f
001f
001f
001f
001f
001f
001f
001f
001f
001f
001f
001f
001f
001f
001f
001f
001f
001f
001f
001f
001f
001f
001f
001f
001f
001f
001f
001f
001f
001f
001f
001f
001f
001f
001f
001f
001f
001f
001f
001f
001f
001f
001f
001f
001f
001f
001f
001f
001f
001f
001f
001f
001f
001f
001f
001f
001f
001f
001f
001f
001f
001f
001f
001f
001f
001f
001f
001f
001f
001f
001f
001f
001f
001f
001f
001f
001f
001f
001f
001f
001f
001f
001f
001f
001f
001f
001f
001f
001f
001f
001f
001f
001f
001f
001f
001f
001f
001f
001f
001f
001f
001f
001f
001f
001f
001f
001f
001f
001f
001f
001f
001f
001f
001f
001f
001f
001f
001f
001f
001f
001f
001f
001f
001f
001f
001f
001f
001f
0110
0111
0112
0113
0914
0915
0916
0917
1118
1119
111a
111b
191c
191d
191e
191f
2100
2101
2102
2103
2904
2905
2906
2907
3108
3109
310a
310b
390c
390d
390e
390f
4110
4111
4112
4113
4914
4915
4916
4917
5118
5119
511a
511b
591c
591d
591e
591f
6100
6101
6102
6103
6904
6905
6906
6907
7108
7109
710a
710b
790c
790d
790e
790f
8110
8111
8112
8113
8113
8914
8915
8916
8917
9118
9119
911a
911b
991c
991d
991e
991f
a100
a101
a102
a103
a904
a905
a906
a907
b108
b109
b10a
b10b
b90c
b90d
b90e
b90f
c110
c111
c112
c113
c914
c915
c916
c917
d118
d119
d11a
d11b
d91c
d91d
d91e
d91f
e100
e101
e102
e103
e904
e905
e906
e907
f108
f109
f10a
f10b
f90c
f90d
f90e
001f
001f
001f
001f
001f
001f
001f
001f
001f
001f
001f
001f
001f
001f
001f
001f
001f
001f
001f
001f
001f
001f
001f
001f
001f
001f
001f
001f
001f
001f
001f
001f
001f
001f
001f
001f
001f
001f
001f
001f
001f
001f
001f
001f
001f
001f
001f
001f
001f
001f
001f
001f
001f
001f
001f
001f
001f
001f
001f
001f
001f
001f
001f
001f
001f
001f
001f
001f
001f
001f
001f
001f
001f
001f
001f
001f
001f
001f
001f
001f
001f
001f
001f
001f
001f
001f
001f
001f
001f
001f
001f
001f
001f
001f
001f
001f
001f
001f
001f
001f
001f
001f
001f
001f
001f
001f
001f
001f
001f
001f
001f
001f
001f
001f
001f
001f
001f
001f
001f
001f
001f
001f
001f
001f
001f
001f
001f
001f
001f
001f
001f
001f
001f
001f
001f
001f
001f
001f
001f
001f
001f
001f
001f
001f
001f
001f
001f
001f
001f
001f
001f
001f
001f
001f
001f
001f
001f
001f
001f
001f
0111
0110
0113
0112
0915
0914
0917
0916
1119
1118
111b
111a
191d
191c
191f
191e
2101
2100
2103
2102
2905
2904
2907
2906
3109
3108
310b
310a
390d
390c
390f
390e
4111
4110
4113
4112
4915
4914
4917
4916
5119
5118
511b
511a
591d
591c
591f
591e
6101
6100
6103
6102
6905
6904
6907
6906
7109
7108
710b
710a
790d
790c
790f
790e
8111
8110
8113
8112
8112
8915
8914
8917
8916
9119
9118
911b
911a
991d
991c
991f
991e
a101
a100
a103
a102
a905
a904
a907
a906
b109
b108
b10b
b10a
b90d
b90c
b90f
b90e
c111
c110
c113
c112
c915
c914
c917
c916
d119
d118
d11b
d11a
d91d
d91c
d91f
d91e
e101
e100
e103
e102
e905
e904
e907
e906
f109
f108
f10b
f10a
f90d
f90c
f90f
001f
001f
001f
001f
001f
001f
001f
001f
001f
001f
001f
001f
001f
001f
001f
001f
001f
001f
001f
001f
001f
001f
001f
001f
001f
001f
001f
001f
001f
001f
001f
001f
001f
001f
001f
001f
001f
001f
001f
001f
001f
001f
001f
001f
001f
001f
001f
001f
001f
001f
001f
001f
001f
001f
001f
001f
001f
001f
001f
001f
001f
001f
001f
001f
001f
001f
001f
001f
001f
001f
001f
001f
001f
001f
001f
001f
001f
001f
001f
001f
001f
001f
001f
001f
001f
001f
001f
001f
001f
001f
001f
001f
001f
001f
001f
001f
001f
001f
001f
001f
001f
001f
001f
001f
001f
001f
001f
001f
001f
001f
001f
001f
001f
001f
001f
001f
001f
001f
001f
001f
001f
001f
001f
001f
001f
001f
001f
001f
001f
001f
001f
001f
001f
001f
001f
001f
001f
001f
001f
001f
001f
001f
001f
001f
001f
001f
001f
001f
001f
001f
001f
001f
001f
001f
001f
001f
001f
001f
001f
001f
0132
0133
0130
0131
0936
0937
0934
0935
113a
113b
1138
1139
193e
193f
193c
193d
2122
2123
2120
2121
2926
2927
2924
2925
312a
312b
3128
3129
392e
392f
392c
392d
4132
4133
4130
4131
4936
4937
4934
4935
513a
513b
5138
5139
593e
593f
593c
593d
6122
6123
6120
6121
6926
6927
6924
6925
712a
712b
7128
7129
792e
792f
792c
792d
8132
8133
8130
8131
8131
8936
8937
8934
8935
913a
913b
9138
9139
993e
993f
993c
993d
a122
a123
a120
a121
a926
a927
a924
a925
b12a
b12b
b128
b129
b92e
b92f
b92c
b92d
c132
c133
c130
c131
c936
c937
c934
c935
d13a
d13b
d138
d139
d93e
d93f
d93c
d93d
e122
e123
e120
e121
e926
e927
e924
e925
f12a
f12b
f128
f129
f92e
f92f
f92c
001f
001f
001f
001f
001f
001f
001f
001f
001f
001f
001f
001f
001f
001f
001f
001f
001f
001f
001f
001f
001f
001f
001f
001f
001f
001f
001f
001f
001f
001f
001f
001f
001f
001f
001f
001f
001f
001f
001f
001f
001f
001f
001f
001f
001f
001f
001f
001f
001f
001f
001f
001f
001f
001f
001f
001f
001f
001f
001f
001f
001f
001f
001f
001f
001f
001f
001f
001f
001f
001f
001f
001f
001f
001f
001f
001f
001f
001f
001f
001f
001f
001f
001f
001f
001f
001f
001f
001f
001f
001f
001f
001f
001f
001f
001f
001f
001f
001f
001f
001f
001f
001f
001f
001f
001f
001f
001f
001f
001f
001f
001f
001f
001f
001f
001f
001f
001f
001f
001f
001f
001f
001f
001f
001f
001f
001f
001f
001f
001f
001f
001f
001f
001f
001f
001f
001f
001f
001f
001f
001f
001f
001f
001f
001f
001f
001f
001f
001f
001f
001f
001f
001f
001f
001f
001f
001f
001f
001f
001f
001f
0133
0132
0131
0130
0937
0936
0935
0934
113b
113a
1139
1138
193f
193e
193d
193c
2123
2122
2121
2120
2927
2926
2925
2924
312b
312a
3129
3128
392f
392e
392d
392c
4133
4132
4131
4130
4937
4936
4935
4934
513b
513a
5139
5138
593f
593e
593d
593c
6123
6122
6121
6120
6927
6926
6925
6924
712b
712a
7129
7128
792f
792e
792d
792c
8133
8132
8131
8130
8130
8937
8936
8935
8934
913b
913a
9139
9138
993f
993e
993d
993c
a123
a122
a121
a120
a927
a926
a925
a924
b12b
b12a
b129
b128
b92f
b92e
b92d
b92c
c133
c132
c131
c130
c937
c936
c935
c934
d13b
d13a
d139
d138
d93f
d93e
d93d
d93c
e123
e122
e121
e120
e927
e926
e925
e924
f12b
f12a
f129
f128
f92f
f92e
f92d
001f
001f
001f
001f
001f
001f
001f
001f
001f
001f
001f
001f
001f
001f
001f
001f
001f
001f
001f
001f
001f
001f
001f
001f
001f
001f
001f
001f
001f
001f
001f
001f
001f
001f
001f
001f
001f
001f
001f
001f
001f
001f
001f
001f
001f
001f
001f
001f
001f
001f
001f
001f
001f
001f
001f
001f
001f
001f
001f
001f
001f
001f
001f
001f
001f
001f
001f
001f
001f
001f
001f
001f
001f
001f
001f
001f
001f
001f
001f
001f
001f
001f
001f
001f
001f
001f
001f
001f
001f
001f
001f
001f
001f
001f
001f
001f
001f
001f
001f
001f
001f
001f
001f
001f
001f
001f
001f
001f
001f
001f
001f
001f
001f
001f
001f
001f
001f
001f
001f
001f
001f
001f
001f
001f
001f
001f
001f
001f
001f
001f
001f
001f
001f
001f
001f
001f
001f
001f
001f
001f
001f
001f
001f
001f
001f
001f
001f
001f
001f
001f
001f
001f
001f
001f
001f
001f
001f
001f
001f
001f
0154
0155
0156
0157
0950
0951
0952
0953
115c
115d
115e
115f
1958
1959
195a
195b
2144
2145
2146
2147
2940
2941
2942
2943
314c
314d
314e
314f
3948
3949
394a
394b
4154
4155
4156
4157
4950
4951
4952
4953
515c
515d
515e
515f
5958
5959
595a
595b
6144
6145
6146
6147
6940
6941
6942
6943
714c
714d
714e
714f
7948
7949
794a
794b
8154
8155
8156
8157
8157
8950
8951
8952
8953
915c
915d
915e
915f
9958
9959
995a
995b
a144
a145
a146
a147
a940
a941
a942
a943
b14c
b14d
b14e
b14f
b948
b949
b94a
b94b
c154
c155
c156
c157
c950
c951
c952
c953
d15c
d15d
d15e
d15f
d958
d959
d95a
d95b
e144
e145
e146
e147
e940
e941
e942
e943
f14c
f14d
f14e
f14f
f948
f949
f94a
001f
001f
001f
001f
001f
001f
001f
001f
001f
001f
001f
001f
001f
001f
001f
001f
001f
001f
001f
001f
001f
001f
001f
001f
001f
001f
001f
001f
001f
001f
001f
001f
001f
001f
001f
001f
001f
001f
001f
001f
001f
001f
001f
001f
001f
001f
001f
001f
001f
001f
001f
001f
001f
001f
001f
001f
001f
001f
001f
001f
001f
001f
001f
001f
001f
001f
001f
001f
001f
001f
001f
001f
001f
001f
001f
001f
001f
001f
001f
001f
001f
001f
001f
001f
001f
001f
001f
001f
001f
001f
001f
001f
001f
001f
001f
001f
001f
001f
001f
001f
001f
001f
001f
001f
001f
001f
001f
001f
001f
001f
001f
001f
001f
001f
001f
001f
001f
001f
001f
001f
001f
001f
001f
001f
001f
001f
001f
001f
001f
001f
001f
001f
001f
001f
001f
001f
001f
001f
001f
001f
001f
001f
001f
001f
001f
001f
001f
001f
001f
001f
001f
001f
001f
001f
001f
001f
001f
001f
001f
001f
0155
0154
0157
0156
0951
0950
0953
0952
115d
115c
115f
115e
1959
1958
195b
195a
2145
2144
2147
2146
2941
2940
2943
2942
314d
314c
314f
314e
3949
3948
394b
394a
4155
4154
4157
4156
4951
4950
4953
4952
515d
515c
515f
515e
5959
5958
595b
595a
6145
6144
6147
6146
6941
6940
6943
6942
714d
714c
714f
714e
7949
7948
794b
794a
8155
8154
8157
8156
8156
8951
8950
8953
8952
915d
915c
915f
915e
9959
9958
995b
995a
a145
a144
a147
a146
a941
a940
a943
a942
b14d
b14c
b14f
b14e
b949
b948
b94b
b94a
c155
c154
c157
c156
c951
c950
c953
c952
d15d
d15c
d15f
d15e
d959
d958
d95b
d95a
e145
e144
e147
e146
e941
e940
e943
e942
f14d
f14c
f14f
f14e
f949
f948
f94b
001f
001f
001f
001f
001f
001f
001f
001f
001f
001f
001f
001f
001f
001f
001f
001f
001f
001f
001f
001f
001f
001f
001f
001f
001f
001f
001f
001f
001f
001f
001f
001f
001f
001f
001f
001f
001f
001f
001f
001f
001f
001f
001f
001f
001f
001f
001f
001f
001f
001f
001f
001f
001f
001f
001f
001f
001f
001f
001f
001f
001f
001f
001f
001f
001f
001f
001f
001f
001f
001f
001f
001f
001f
001f
001f
001f
001f
001f
001f
001f
001f
001f
001f
001f
001f
001f
001f
001f
001f
001f
001f
001f
001f
001f
001f
001f
001f
001f
001f
001f
001f
001f
001f
001f
001f
001f
001f
001f
001f
001f
001f
001f
001f
001f
001f
001f
001f
001f
001f
001f
001f
001f
001f
001f
001f
001f
001f
001f
001f
001f
001f
001f
001f
001f
001f
001f
001f
001f
001f
001f
001f
001f
001f
001f
001f
001f
001f
001f
001f
001f
001f
001f
001f
001f
001f
001f
001f
001f
001f
001f
0176
0177
0174
0175
0972
0973
0970
0971
117e
117f
117c
117d
197a
197b
1978
1979
2166
2167
2164
2165
2962
2963
2960
2961
316e
316f
316c
316d
396a
396b
3968
3969
4176
4177
4174
4175
4972
4973
4970
4971
517e
517f
517c
517d
597a
597b
5978
5979
6166
6167
6164
6165
6962
6963
6960
6961
716e
716f
716c
716d
796a
796b
7968
7969
8176
8177
8174
8175
8175
8972
8973
8970
8971
917e
917f
917c
917d
997a
997b
9978
9979
a166
a167
a164
a165
a962
a963
a960
a961
b16e
b16f
b16c
b16d
b96a
b96b
b968
b969
c176
c177
c174
c175
c972
c973
c970
c971
d17e
d17f
d17c
d17d
d97a
d97b
d978
d979
e166
e167
e164
e165
e962
e963
e960
e961
f16e
f16f
f16c
f16d
f96a
f96b
f968
001f
001f
001f
001f
001f
001f
001f
001f
001f
001f
001f
001f
001f
001f
001f
001f
001f
001f
001f
001f
001f
001f
001f
001f
001f
001f
001f
001f
001f
001f
001f
001f
001f
001f
001f
001f
001f
001f
001f
001f
001f
001f
001f
001f
001f
001f
001f
001f
001f
001f
001f
001f
001f
001f
001f
001f
001f
001f
001f
001f
001f
001f
001f
001f
001f
001f
001f
001f
001f
001f
001f
001f
001f
001f
001f
001f
001f
001f
001f
001f
001f
001f
001f
001f
001f
001f
001f
001f
001f
001f
001f
001f
001f
001f
001f
001f
001f
001f
001f
001f
001f
001f
001f
001f
001f
001f
001f
001f
001f
001f
001f
001f
001f
001f
001f
001f
001f
001f
001f
001f
001f
001f
001f
001f
001f
001f
001f
001f
001f
001f
001f
001f
001f
001f
001f
001f
001f
001f
001f
001f
001f
001f
001f
001f
001f
001f
001f
001f
001f
001f
001f
001f
001f
001f
001f
001f
001f
001f
001f
001f
0177
0176
0175
0174
0973
0972
0971
0970
117f
117e
117d
117c
197b
197a
1979
1978
2167
2166
2165
2164
2963
2962
2961
2960
316f
316e
316d
316c
396b
396a
3969
3968
4177
4176
4175
4174
4973
4972
4971
4970
517f
517e
517d
517c
597b
597a
5979
5978
6167
6166
6165
6164
6963
6962
6961
6960
716f
716e
716d
716c
796b
796a
7969
7968
8177
8176
8175
8174
8174
8973
8972
8971
8970
917f
917e
917d
917c
997b
997a
9979
9978
a167
a166
a165
a164
a963
a962
a961
a960
b16f
b16e
b16d
b16c
b96b
b96a
b969
b968
c177
c176
c175
c174
c973
c972
c971
c970
d17f
d17e
d17d
d17c
d97b
d97a
d979
d978
e167
e166
e165
e164
e963
e962
e961
e960
f16f
f16e
f16d
f16c
f96b
f96a
f969
001f
001f
001f
001f
001f
001f
001f
001f
001f
001f
001f
001f
001f
001f
001f
001f
001f
001f
001f
001f
001f
001f
001f
001f
001f
001f
001f
001f
001f
001f
001f
001f
001f
001f
001f
001f
001f
001f
001f
001f
001f
001f
001f
001f
001f
001f
001f
001f
001f
001f
001f
001f
001f
001f
001f
001f
001f
001f
001f
001f
001f
001f
001f
001f
001f
001f
001f
001f
001f
001f
001f
001f
001f
001f
001f
001f
001f
001f
001f
001f
001f
001f
001f
001f
001f
001f
001f
001f
001f
001f
001f
001f
001f
001f
001f
001f
001f
001f
001f
001f
001f
001f
001f
001f
001f
001f
001f
001f
001f
001f
001f
001f
001f
001f
001f
001f
001f
001f
001f
001f
001f
001f
001f
001f
001f
001f
001f
001f
001f
001f
001f
001f
001f
001f
001f
001f
001f
001f
001f
001f
001f
001f
001f
001f
001f
001f
001f
001f
001f
001f
001f
001f
001f
001f
001f
001f
001f
001f
001f
001f
0198
0199
019a
019b
099c
099d
099e
099f
1190
1191
1192
1193
1994
1995
1996
1997
2188
2189
218a
218b
298c
298d
298e
298f
3180
3181
3182
3183
3984
3985
3986
3987
4198
4199
419a
419b
499c
499d
499e
499f
5190
5191
5192
5193
5994
5995
5996
5997
6188
6189
618a
618b
698c
698d
698e
698f
7180
7181
7182
7183
7984
7985
7986
7987
8198
8199
819a
819b
819b
899c
899d
899e
899f
9190
9191
9192
9193
9994
9995
9996
9997
a188
a189
a18a
a18b
a98c
a98d
a98e
a98f
b180
b181
b182
b183
b984
b985
b986
b987
c198
c199
c19a
c19b
c99c
c99d
c99e
c99f
d190
d191
d192
d193
d994
d995
d996
d997
e188
e189
e18a
e18b
e98c
e98d
e98e
e98f
f180
f181
f182
f183
f984
f985
f986
001f
001f
001f
001f
001f
001f
001f
001f
001f
001f
001f
001f
001f
001f
001f
001f
001f
001f
001f
001f
001f
001f
001f
001f
001f
001f
001f
001f
001f
001f
001f
001f
001f
001f
001f
001f
001f
001f
001f
001f
001f
001f
001f
001f
001f
001f
001f
001f
001f
001f
001f
001f
001f
001f
001f
001f
001f
001f
001f
001f
001f
001f
001f
001f
001f
001f
001f
001f
001f
001f
001f
001f
001f
001f
001f
001f
001f
001f
001f
001f
001f
001f
001f
001f
001f
001f
001f
001f
001f
001f
001f
001f
001f
001f
001f
001f
001f
001f
001f
001f
001f
001f
001f
001f
001f
001f
001f
001f
001f
001f
001f
001f
001f
001f
001f
001f
001f
001f
001f
001f
001f
001f
001f
001f
001f
001f
001f
001f
001f
001f
001f
001f
001f
001f
001f
001f
001f
001f
001f
001f
001f
001f
001f
001f
001f
001f
001f
001f
001f
001f
001f
001f
001f
001f
001f
001f
001f
001f
001f
001f
0199
0198
019b
019a
099d
099c
099f
099e
1191
1190
1193
1192
1995
1994
1997
1996
2189
2188
218b
218a
298d
298c
298f
298e
3181
3180
3183
3182
3985
3984
3987
3986
4199
4198
419b
419a
499d
499c
499f
499e
5191
5190
5193
5192
5995
5994
5997
5996
6189
6188
618b
618a
698d
698c
698f
698e
7181
7180
7183
7182
7985
7984
7987
7986
8199
8198
819b
819a
819a
899d
899c
899f
899e
9191
9190
9193
9192
9995
9994
9997
9996
a189
a188
a18b
a18a
a98d
a98c
a98f
a98e
b181
b180
b183
b182
b985
b984
b987
b986
c199
c198
c19b
c19a
c99d
c99c
c99f
c99e
d191
d190
d193
d192
d995
d994
d997
d996
e189
e188
e18b
e18a
e98d
e98c
e98f
e98e
f181
f180
f183
f182
f985
f984
f987
001f
001f
001f
001f
001f
001f
001f
001f
001f
001f
001f
001f
001f
001f
001f
001f
001f
001f
001f
001f
001f
001f
001f
001f
001f
001f
001f
001f
001f
001f
001f
001f
001f
001f
001f
001f
001f
001f
001f
001f
001f
001f
001f
001f
001f
001f
001f
001f
001f
001f
001f
001f
001f
001f
001f
001f
001f
001f
001f
001f
001f
001f
001f
001f
001f
001f
001f
001f
001f
001f
001f
001f
001f
001f
001f
001f
001f
001f
001f
001f
001f
001f
001f
001f
001f
001f
001f
001f
001f
001f
001f
001f
001f
001f
001f
001f
001f
001f
001f
001f
001f
001f
001f
001f
001f
001f
001f
001f
001f
001f
001f
001f
001f
001f
001f
001f
001f
001f
001f
001f
001f
001f
001f
001f
001f
001f
001f
001f
001f
001f
001f
001f
001f
001f
001f
001f
001f
001f
001f
001f
001f
001f
001f
001f
001f
001f
001f
001f
001f
001f
001f
001f
001f
001f
001f
001f
001f
001f
001f
001f
01ba
01bb
01b8
01b9
09be
09bf
09bc
09bd
11b2
11b3
11b0
11b1
19b6
19b7
19b4
19b5
21aa
21ab
21a8
21a9
29ae
29af
29ac
29ad
31a2
31a3
31a0
31a1
39a6
39a7
39a4
39a5
41ba
41bb
41b8
41b9
49be
49bf
49bc
49bd
51b2
51b3
51b0
51b1
59b6
59b7
59b4
59b5
61aa
61ab
61a8
61a9
69ae
69af
69ac
69ad
71a2
71a3
71a0
71a1
79a6
79a7
79a4
79a5
81ba
81bb
81b8
81b9
81b9
89be
89bf
89bc
89bd
91b2
91b3
91b0
91b1
99b6
99b7
99b4
99b5
a1aa
a1ab
a1a8
a1a9
a9ae
a9af
a9ac
a9ad
b1a2
b1a3
b1a0
b1a1
b9a6
b9a7
b9a4
b9a5
c1ba
c1bb
c1b8
c1b9
c9be
c9bf
c9bc
c9bd
d1b2
d1b3
d1b0
d1b1
d9b6
d9b7
d9b4
d9b5
e1aa
e1ab
e1a8
e1a9
e9ae
e9af
e9ac
e9ad
f1a2
f1a3
f1a0
f1a1
f9a6
f9a7
f9a4
001f
001f
001f
001f
001f
001f
001f
001f
001f
001f
001f
001f
001f
001f
001f
001f
001f
001f
001f
001f
001f
001f
001f
001f
001f
001f
001f
001f
001f
001f
001f
001f
001f
001f
001f
001f
001f
001f
001f
001f
001f
001f
001f
001f
001f
001f
001f
001f
001f
001f
001f
001f
001f
001f
001f
001f
001f
001f
001f
001f
001f
001f
001f
001f
001f
001f
001f
001f
001f
001f
001f
001f
001f
001f
001f
001f
001f
001f
001f
001f
001f
001f
001f
001f
001f
001f
001f
001f
001f
001f
001f
001f
001f
001f
001f
001f
001f
001f
001f
001f
001f
001f
001f
001f
001f
001f
001f
001f
001f
001f
001f
001f
001f
001f
001f
001f
001f
001f
001f
001f
001f
001f
001f
001f
001f
001f
001f
001f
001f
001f
001f
001f
001f
001f
001f
001f
001f
001f
001f
001f
001f
001f
001f
001f
001f
001f
001f
001f
001f
001f
001f
001f
001f
001f
001f
001f
001f
001f
001f
001f
01bb
01ba
01b9
01b8
09bf
09be
09bd
09bc
11b3
11b2
11b1
11b0
19b7
19b6
19b5
19b4
21ab
21aa
21a9
21a8
29af
29ae
29ad
29ac
31a3
31a2
31a1
31a0
39a7
39a6
39a5
39a4
41bb
41ba
41b9
41b8
49bf
49be
49bd
49bc
51b3
51b2
51b1
51b0
59b7
59b6
59b5
59b4
61ab
61aa
61a9
61a8
69af
69ae
69ad
69ac
71a3
71a2
71a1
71a0
79a7
79a6
79a5
79a4
81bb
81ba
81b9
81b8
81b8
89bf
89be
89bd
89bc
91b3
91b2
91b1
91b0
99b7
99b6
99b5
99b4
a1ab
a1aa
a1a9
a1a8
a9af
a9ae
a9ad
a9ac
b1a3
b1a2
b1a1
b1a0
b9a7
b9a6
b9a5
b9a4
c1bb
c1ba
c1b9
c1b8
c9bf
c9be
c9bd
c9bc
d1b3
d1b2
d1b1
d1b0
d9b7
d9b6
d9b5
d9b4
e1ab
e1aa
e1a9
e1a8
e9af
e9ae
e9ad
e9ac
f1a3
f1a2
f1a1
f1a0
f9a7
f9a6
f9a5
001f
001f
001f
001f
001f
001f
001f
001f
001f
001f
001f
001f
001f
001f
001f
001f
001f
001f
001f
001f
001f
001f
001f
001f
001f
001f
001f
001f
001f
001f
001f
001f
001f
001f
001f
001f
001f
001f
001f
001f
001f
001f
001f
001f
001f
001f
001f
001f
001f
001f
001f
001f
001f
001f
001f
001f
001f
001f
001f
001f
001f
001f
001f
001f
001f
001f
001f
001f
001f
001f
001f
001f
001f
001f
001f
001f
001f
001f
001f
001f
001f
001f
001f
001f
001f
001f
001f
001f
001f
001f
001f
001f
001f
001f
001f
001f
001f
001f
001f
001f
001f
001f
001f
001f
001f
001f
001f
001f
001f
001f
001f
001f
001f
001f
001f
001f
001f
001f
001f
001f
001f
001f
001f
001f
001f
001f
001f
001f
001f
001f
001f
001f
001f
001f
001f
001f
001f
001f
001f
001f
001f
001f
001f
001f
001f
001f
001f
001f
001f
001f
001f
001f
001f
001f
001f
001f
001f
001f
001f
001f
01dc
01dd
01de
01df
09d8
09d9
09da
09db
11d4
11d5
11d6
11d7
19d0
19d1
19d2
19d3
21cc
21cd
21ce
21cf
29c8
29c9
29ca
29cb
31c4
31c5
31c6
31c7
39c0
39c1
39c2
39c3
41dc
41dd
41de
41df
49d8
49d9
49da
49db
51d4
51d5
51d6
51d7
59d0
59d1
59d2
59d3
61cc
61cd
61ce
61cf
69c8
69c9
69ca
69cb
71c4
71c5
71c6
71c7
79c0
79c1
79c2
79c3
81dc
81dd
81de
81df
81df
89d8
89d9
89da
89db
91d4
91d5
91d6
91d7
99d0
99d1
99d2
99d3
a1cc
a1cd
a1ce
a1cf
a9c8
a9c9
a9ca
a9cb
b1c4
b1c5
b1c6
b1c7
b9c0
b9c1
b9c2
b9c3
c1dc
c1dd
c1de
c1df
c9d8
c9d9
c9da
c9db
d1d4
d1d5
d1d6
d1d7
d9d0
d9d1
d9d2
d9d3
e1cc
e1cd
e1ce
e1cf
e9c8
e9c9
e9ca
e9cb
f1c4
f1c5
f1c6
f1c7
f9c0
f9c1
f9c2
001f
001f
001f
001f
001f
001f
001f
001f
001f
001f
001f
001f
001f
001f
001f
001f
001f
001f
001f
001f
001f
001f
001f
001f
001f
001f
001f
001f
001f
001f
001f
001f
001f
001f
001f
001f
001f
001f
001f
001f
001f
001f
001f
001f
001f
001f
001f
001f
001f
001f
001f
001f
001f
001f
001f
001f
001f
001f
001f
001f
001f
001f
001f
001f
001f
001f
001f
001f
001f
001f
001f
001f
001f
001f
001f
001f
001f
001f
001f
001f
001f
001f
001f
001f
001f
001f
001f
001f
001f
001f
001f
001f
001f
001f
001f
001f
001f
001f
001f
001f
001f
001f
001f
001f
001f
001f
001f
001f
001f
001f
001f
001f
001f
001f
001f
001f
001f
001f
001f
001f
001f
001f
001f
001f
001f
001f
001f
001f
001f
001f
001f
001f
001f
001f
001f
001f
001f
001f
001f
001f
001f
001f
001f
001f
001f
001f
001f
001f
001f
001f
001f
001f
001f
001f
001f
001f
001f
001f
001f
001f
01dd
01dc
01df
01de
09d9
09d8
09db
09da
11d5
11d4
11d7
11d6
19d1
19d0
19d3
19d2
21cd
21cc
21cf
21ce
29c9
29c8
29cb
29ca
31c5
31c4
31c7
31c6
39c1
39c0
39c3
39c2
41dd
41dc
41df
41de
49d9
49d8
49db
49da
51d5
51d4
51d7
51d6
59d1
59d0
59d3
59d2
61cd
61cc
61cf
61ce
69c9
69c8
69cb
69ca
71c5
71c4
71c7
71c6
79c1
79c0
79c3
79c2
81dd
81dc
81df
81de
81de
89d9
89d8
89db
89da
91d5
91d4
91d7
91d6
99d1
99d0
99d3
99d2
a1cd
a1cc
a1cf
a1ce
a9c9
a9c8
a9cb
a9ca
b1c5
b1c4
b1c7
b1c6
b9c1
b9c0
b9c3
b9c2
c1dd
c1dc
c1df
c1de
c9d9
c9d8
c9db
c9da
d1d5
d1d4
d1d7
d1d6
d9d1
d9d0
d9d3
d9d2
e1cd
e1cc
e1cf
e1ce
e9c9
e9c8
e9cb
e9ca
f1c5
f1c4
f1c7
f1c6
f9c1
f9c0
f9c3
001f
001f
001f
001f
001f
001f
001f
001f
001f
001f
001f
001f
001f
001f
001f
001f
001f
001f
001f
001f
001f
001f
001f
001f
001f
001f
001f
001f
001f
001f
001f
001f
001f
001f
001f
001f
001f
001f
001f
001f
001f
001f
001f
001f
001f
001f
001f
001f
001f
001f
001f
001f
001f
001f
001f
001f
001f
001f
001f
001f
001f
001f
001f
001f
001f
001f
001f
001f
001f
001f
001f
001f
001f
001f
001f
001f
001f
001f
001f
001f
001f
001f
001f
001f
001f
001f
001f
001f
001f
001f
001f
001f
001f
001f
001f
001f
001f
001f
001f
001f
001f
001f
001f
001f
001f
001f
001f
001f
001f
001f
001f
001f
001f
001f
001f
001f
001f
001f
001f
001f
001f
001f
001f
001f
001f
001f
001f
001f
001f
001f
001f
001f
001f
001f
001f
001f
001f
001f
001f
001f
001f
001f
001f
001f
001f
001f
001f
001f
001f
001f
001f
001f
001f
001f
001f
001f
001f
001f
001f
001f
01fe
01ff
01fc
01fd
09fa
09fb
09f8
09f9
11f6
11f7
11f4
11f5
19f2
19f3
19f0
19f1
21ee
21ef
21ec
21ed
29ea
29eb
29e8
29e9
31e6
31e7
31e4
31e5
39e2
39e3
39e0
39e1
41fe
41ff
41fc
41fd
49fa
49fb
49f8
49f9
51f6
51f7
51f4
51f5
59f2
59f3
59f0
59f1
61ee
61ef
61ec
61ed
69ea
69eb
69e8
69e9
71e6
71e7
71e4
71e5
79e2
79e3
79e0
79e1
81fe
81ff
81fc
81fd
81fd
89fa
89fb
89f8
89f9
91f6
91f7
91f4
91f5
99f2
99f3
99f0
99f1
a1ee
a1ef
a1ec
a1ed
a9ea
a9eb
a9e8
a9e9
b1e6
b1e7
b1e4
b1e5
b9e2
b9e3
b9e0
b9e1
c1fe
c1ff
c1fc
c1fd
c9fa
c9fb
c9f8
c9f9
d1f6
d1f7
d1f4
d1f5
d9f2
d9f3
d9f0
d9f1
e1ee
e1ef
e1ec
e1ed
e9ea
e9eb
e9e8
e9e9
f1e6
f1e7
f1e4
f1e5
f9e2
f9e3
f9e0
001f
001f
001f
001f
001f
001f
001f
001f
001f
001f
001f
001f
001f
001f
001f
001f
001f
001f
001f
001f
001f
001f
001f
001f
001f
001f
001f
001f
001f
001f
001f
001f
001f
001f
001f
001f
001f
001f
001f
001f
001f
001f
001f
001f
001f
001f
001f
001f
001f
001f
001f
001f
001f
001f
001f
001f
001f
001f
001f
001f
001f
001f
001f
001f
001f
001f
001f
001f
001f
001f
001f
001f
001f
001f
001f
001f
001f
001f
001f
001f
001f
001f
001f
001f
001f
001f
001f
001f
001f
001f
001f
001f
001f
001f
001f
001f
001f
001f
001f
001f
001f
001f
001f
001f
001f
001f
001f
001f
001f
001f
001f
001f
001f
001f
001f
001f
001f
001f
001f
001f
001f
001f
001f
001f
001f
001f
001f
001f
001f
001f
001f
001f
001f
001f
001f
001f
001f
001f
001f
001f
001f
001f
001f
001f
001f
001f
001f
001f
001f
001f
001f
001f
001f
001f
001f
001f
001f
001f
001f
001f
01ff
01fe
01fd
01fc
09fb
09fa
09f9
09f8
11f7
11f6
11f5
11f4
19f3
19f2
19f1
19f0
21ef
21ee
21ed
21ec
29eb
29ea
29e9
29e8
31e7
31e6
31e5
31e4
39e3
39e2
39e1
39e0
41ff
41fe
41fd
41fc
49fb
49fa
49f9
49f8
51f7
51f6
51f5
51f4
59f3
59f2
59f1
59f0
61ef
61ee
61ed
61ec
69eb
69ea
69e9
69e8
71e7
71e6
71e5
71e4
79e3
79e2
79e1
79e0
81ff
81fe
81fd
81fc
81fc
89fb
89fa
89f9
89f8
91f7
91f6
91f5
91f4
99f3
99f2
99f1
99f0
a1ef
a1ee
a1ed
a1ec
a9eb
a9ea
a9e9
a9e8
b1e7
b1e6
b1e5
b1e4
b9e3
b9e2
b9e1
b9e0
c1ff
c1fe
c1fd
c1fc
c9fb
c9fa
c9f9
c9f8
d1f7
d1f6
d1f5
d1f4
d9f3
d9f2
d9f1
d9f0
e1ef
e1ee
e1ed
e1ec
e9eb
e9ea
e9e9
e9e8
f1e7
f1e6
f1e5
f1e4
f9e3
f9e2
f9e1
001f
001f
001f
001f
001f
001f
001f
001f
001f
001f
001f
001f
001f
001f
001f
001f
001f
001f
001f
001f
001f
001f
001f
001f
001f
001f
001f
001f
001f
001f
001f
001f
001f
001f
001f
001f
001f
001f
001f
001f
001f
001f
001f
001f
001f
001f
001f
001f
001f
001f
001f
001f
001f
001f
001f
001f
001f
001f
001f
001f
001f
001f
001f
001f
001f
001f
001f
001f
001f
001f
001f
001f
001f
001f
001f
001f
001f
001f
001f
001f
001f
001f
001f
001f
001f
001f
001f
001f
001f
001f
001f
001f
001f
001f
001f
001f
001f
001f
001f
001f
001f
001f
001f
001f
001f
001f
001f
001f
001f
001f
001f
001f
001f
001f
001f
001f
001f
001f
001f
001f
001f
001f
001f
001f
001f
001f
001f
001f
001f
001f
001f
001f
001f
001f
001f
001f
001f
001f
001f
001f
001f
001f
001f
001f
001f
001f
001f
001f
001f
001f
001f
001f
001f
001f
001f
001f
001f
001f
001f
001f
0200
0201
0202
0203
0a04
0a05
0a06
0a07
1208
1209
120a
120b
1a0c
1a0d
1a0e
1a0f
2210
2211
2212
2213
2a14
2a15
2a16
2a17
3218
3219
321a
321b
3a1c
3a1d
3a1e
3a1f
4200
4201
4202
4203
4a04
4a05
4a06
4a07
5208
5209
520a
520b
5a0c
5a0d
5a0e
5a0f
6210
6211
6212
6213
6a14
6a15
6a16
6a17
7218
7219
721a
721b
7a1c
7a1d
7a1e
7a1f
8200
8201
8202
8203
8203
8a04
8a05
8a06
8a07
9208
9209
920a
920b
9a0c
9a0d
9a0e
9a0f
a210
a211
a212
a213
aa14
aa15
aa16
aa17
b218
b219
b21a
b21b
ba1c
ba1d
ba1e
ba1f
c200
c201
c202
c203
ca04
ca05
ca06
ca07
d208
d209
d20a
d20b
da0c
da0d
da0e
da0f
e210
e211
e212
e213
ea14
ea15
ea16
ea17
f218
f219
f21a
f21b
fa1c
fa1d
fa1e
001f
001f
001f
001f
001f
001f
001f
001f
001f
001f
001f
001f
001f
001f
001f
001f
001f
001f
001f
001f
001f
001f
001f
001f
001f
001f
001f
001f
001f
001f
001f
001f
001f
001f
001f
001f
001f
001f
001f
001f
001f
001f
001f
001f
001f
001f
001f
001f
001f
001f
001f
001f
001f
001f
001f
001f
001f
001f
001f
001f
001f
001f
001f
001f
001f
001f
001f
001f
001f
001f
001f
001f
001f
001f
001f
001f
001f
001f
001f
001f
001f
001f
001f
001f
001f
001f
001f
001f
001f
001f
001f
001f
001f
001f
001f
001f
001f
001f
001f
001f
001f
001f
001f
001f
001f
001f
001f
001f
001f
001f
001f
001f
001f
001f
001f
001f
001f
001f
001f
001f
001f
001f
001f
001f
001f
001f
001f
001f
001f
001f
001f
001f
001f
001f
001f
001f
001f
001f
001f
001f
001f
001f
001f
001f
001f
001f
001f
001f
001f
001f
001f
001f
001f
001f
001f
001f
001f
001f
001f
001f
0201
0200
0203
0202
0a05
0a04
0a07
0a06
1209
1208
120b
120a
1a0d
1a0c
1a0f
1a0e
2211
2210
2213
2212
2a15
2a14
2a17
2a16
3219
3218
321b
321a
3a1d
3a1c
3a1f
3a1e
4201
4200
4203
4202
4a05
4a04
4a07
4a06
5209
5208
520b
520a
5a0d
5a0c
5a0f
5a0e
6211
6210
6213
6212
6a15
6a14
6a17
6a16
7219
7218
721b
721a
7a1d
7a1c
7a1f
7a1e
8201
8200
8203
8202
8202
8a05
8a04
8a07
8a06
9209
9208
920b
920a
9a0d
9a0c
9a0f
9a0e
a211
a210
a213
a212
aa15
aa14
aa17
aa16
b219
b218
b21b
b21a
ba1d
ba1c
ba1f
ba1e
c201
c200
c203
c202
ca05
ca04
ca07
ca06
d209
d208
d20b
d20a
da0d
da0c
da0f
da0e
e211
e210
e213
e212
ea15
ea14
ea17
ea16
f219
f218
f21b
f21a
fa1d
fa1c
fa1f
001f
001f
001f
001f
001f
001f
001f
001f
001f
001f
001f
001f
001f
001f
001f
001f
001f
001f
001f
001f
001f
001f
001f
001f
001f
001f
001f
001f
001f
001f
001f
001f
001f
001f
001f
001f
001f
001f
001f
001f
001f
001f
001f
001f
001f
001f
001f
001f
001f
001f
001f
001f
001f
001f
001f
001f
001f
001f
001f
001f
001f
001f
001f
001f
001f
001f
001f
001f
001f
001f
001f
001f
001f
001f
001f
001f
001f
001f
001f
001f
001f
001f
001f
001f
001f
001f
001f
001f
001f
001f
001f
001f
001f
001f
001f
001f
001f
001f
001f
001f
001f
001f
001f
001f
001f
001f
001f
001f
001f
001f
001f
001f
001f
001f
001f
001f
001f
001f
001f
001f
001f
001f
001f
001f
001f
001f
001f
001f
001f
001f
001f
001f
001f
001f
001f
001f
001f
001f
001f
001f
001f
001f
001f
001f
001f
001f
001f
001f
001f
001f
001f
001f
001f
001f
001f
001f
001f
001f
001f
001f
0222
0223
0220
0221
0a26
0a27
0a24
0a25
122a
122b
1228
1229
1a2e
1a2f
1a2c
1a2d
2232
2233
2230
2231
2a36
2a37
2a34
2a35
323a
323b
3238
3239
3a3e
3a3f
3a3c
3a3d
4222
4223
4220
4221
4a26
4a27
4a24
4a25
522a
522b
5228
5229
5a2e
5a2f
5a2c
5a2d
6232
6233
6230
6231
6a36
6a37
6a34
6a35
723a
723b
7238
7239
7a3e
7a3f
7a3c
7a3d
8222
8223
8220
8221
8221
8a26
8a27
8a24
8a25
922a
922b
9228
9229
9a2e
9a2f
9a2c
9a2d
a232
a233
a230
a231
aa36
aa37
aa34
aa35
b23a
b23b
b238
b239
ba3e
ba3f
ba3c
ba3d
c222
c223
c220
c221
ca26
ca27
ca24
ca25
d22a
d22b
d228
d229
da2e
da2f
da2c
da2d
e232
e233
e230
e231
ea36
ea37
ea34
ea35
f23a
f23b
f238
f239
fa3e
fa3f
fa3c
001f
001f
001f
001f
001f
001f
001f
001f
001f
001f
001f
001f
001f
001f
001f
001f
001f
001f
001f
001f
001f
001f
001f
001f
001f
001f
001f
001f
001f
001f
001f
001f
001f
001f
001f
001f
001f
001f
001f
001f
001f
001f
001f
001f
001f
001f
001f
001f
001f
001f
001f
001f
001f
001f
001f
001f
001f
001f
001f
001f
001f
001f
001f
001f
001f
001f
001f
001f
001f
001f
001f
001f
001f
001f
001f
001f
001f
001f
001f
001f
001f
001f
001f
001f
001f
001f
001f
001f
001f
001f
001f
001f
001f
001f
001f
001f
001f
001f
001f
001f
001f
001f
001f
001f
001f
001f
001f
001f
001f
001f
001f
001f
001f
001f
001f
001f
001f
001f
001f
001f
001f
001f
001f
001f
001f
001f
001f
001f
001f
001f
001f
001f
001f
001f
001f
001f
001f
001f
001f
001f
001f
001f
001f
001f
001f
001f
001f
001f
001f
001f
001f
001f
001f
001f
001f
001f
001f
001f
001f
001f
0223
0222
0221
0220
0a27
0a26
0a25
0a24
122b
122a
1229
1228
1a2f
1a2e
1a2d
1a2c
2233
2232
2231
2230
2a37
2a36
2a35
2a34
323b
323a
3239
3238
3a3f
3a3e
3a3d
3a3c
4223
4222
4221
4220
4a27
4a26
4a25
4a24
522b
522a
5229
5228
5a2f
5a2e
5a2d
5a2c
6233
6232
6231
6230
6a37
6a36
6a35
6a34
723b
723a
7239
7238
7a3f
7a3e
7a3d
7a3c
8223
8222
8221
8220
8220
8a27
8a26
8a25
8a24
922b
922a
9229
9228
9a2f
9a2e
9a2d
9a2c
a233
a232
a231
a230
aa37
aa36
aa35
aa34
b23b
b23a
b239
b238
ba3f
ba3e
ba3d
ba3c
c223
c222
c221
c220
ca27
ca26
ca25
ca24
d22b
d22a
d229
d228
da2f
da2e
da2d
da2c
e233
e232
e231
e230
ea37
ea36
ea35
ea34
f23b
f23a
f239
f238
fa3f
fa3e
fa3d
001f
001f
001f
001f
001f
001f
001f
001f
001f
001f
001f
001f
001f
001f
001f
001f
001f
001f
001f
001f
001f
001f
001f
001f
001f
001f
001f
001f
001f
001f
001f
001f
001f
001f
001f
001f
001f
001f
001f
001f
001f
001f
001f
001f
001f
001f
001f
001f
001f
001f
001f
001f
001f
001f
001f
001f
001f
001f
001f
001f
001f
001f
001f
001f
001f
001f
001f
001f
001f
001f
001f
001f
001f
001f
001f
001f
001f
001f
001f
001f
001f
001f
001f
001f
001f
001f
001f
001f
001f
001f
001f
001f
001f
001f
001f
001f
001f
001f
001f
001f
001f
001f
001f
001f
001f
001f
001f
001f
001f
001f
001f
001f
001f
001f
001f
001f
001f
001f
001f
001f
001f
001f
001f
001f
001f
001f
001f
001f
001f
001f
001f
001f
001f
001f
001f
001f
001f
001f
001f
001f
001f
001f
001f
001f
001f
001f
001f
001f
001f
001f
001f
001f
001f
001f
001f
001f
001f
001f
001f
001f
0244
0245
0246
0247
0a40
0a41
0a42
0a43
124c
124d
124e
124f
1a48
1a49
1a4a
1a4b
2254
2255
2256
2257
2a50
2a51
2a52
2a53
325c
325d
325e
325f
3a58
3a59
3a5a
3a5b
4244
4245
4246
4247
4a40
4a41
4a42
4a43
524c
524d
524e
524f
5a48
5a49
5a4a
5a4b
6254
6255
6256
6257
6a50
6a51
6a52
6a53
725c
725d
725e
725f
7a58
7a59
7a5a
7a5b
8244
8245
8246
8247
8247
8a40
8a41
8a42
8a43
924c
924d
924e
924f
9a48
9a49
9a4a
9a4b
a254
a255
a256
a257
aa50
aa51
aa52
aa53
b25c
b25d
b25e
b25f
ba58
ba59
ba5a
ba5b
c244
c245
c246
c247
ca40
ca41
ca42
ca43
d24c
d24d
d24e
d24f
da48
da49
da4a
da4b
e254
e255
e256
e257
ea50
ea51
ea52
ea53
f25c
f25d
f25e
f25f
fa58
fa59
fa5a
001f
001f
001f
001f
001f
001f
001f
001f
001f
001f
001f
001f
001f
001f
001f
001f
001f
001f
001f
001f
001f
001f
001f
001f
001f
001f
001f
001f
001f
001f
001f
001f
001f
001f
001f
001f
001f
001f
001f
001f
001f
001f
001f
001f
001f
001f
001f
001f
001f
001f
001f
001f
001f
001f
001f
001f
001f
001f
001f
001f
001f
001f
001f
001f
001f
001f
001f
001f
001f
001f
001f
001f
001f
001f
001f
001f
001f
001f
001f
001f
001f
001f
001f
001f
001f
001f
001f
001f
001f
001f
001f
001f
001f
001f
001f
001f
001f
001f
001f
001f
001f
001f
001f
001f
001f
001f
001f
001f
001f
001f
001f
001f
001f
001f
001f
001f
001f
001f
001f
001f
001f
001f
001f
001f
001f
001f
001f
001f
001f
001f
001f
001f
001f
001f
001f
001f
001f
001f
001f
001f
001f
001f
001f
001f
001f
001f
001f
001f
001f
001f
001f
001f
001f
001f
001f
001f
001f
001f
001f
001f
0245
0244
0247
0246
0a41
0a40
0a43
0a42
124d
124c
124f
124e
1a49
1a48
1a4b
1a4a
2255
2254
2257
2256
2a51
2a50
2a53
2a52
325d
325c
325f
325e
3a59
3a58
3a5b
3a5a
4245
4244
4247
4246
4a41
4a40
4a43
4a42
524d
524c
524f
524e
5a49
5a48
5a4b
5a4a
6255
6254
6257
6256
6a51
6a50
6a53
6a52
725d
725c
725f
725e
7a59
7a58
7a5b
7a5a
8245
8244
8247
8246
8246
8a41
8a40
8a43
8a42
924d
924c
924f
924e
9a49
9a48
9a4b
9a4a
a255
a254
a257
a256
aa51
aa50
aa53
aa52
b25d
b25c
b25f
b25e
ba59
ba58
ba5b
ba5a
c245
c244
c247
c246
ca41
ca40
ca43
ca42
d24d
d24c
d24f
d24e
da49
da48
da4b
da4a
e255
e254
e257
e256
ea51
ea50
ea53
ea52
f25d
f25c
f25f
f25e
fa59
fa58
fa5b
001f
001f
001f
001f
001f
001f
001f
001f
001f
001f
001f
001f
001f
001f
001f
001f
001f
001f
001f
001f
001f
001f
001f
001f
001f
001f
001f
001f
001f
001f
001f
001f
001f
001f
001f
001f
001f
001f
001f
001f
001f
001f
001f
001f
001f
001f
001f
001f
001f
001f
001f
001f
001f
001f
001f
001f
001f
001f
001f
001f
001f
001f
001f
001f
001f
001f
001f
001f
001f
001f
001f
001f
001f
001f
001f
001f
001f
001f
001f
001f
001f
001f
001f
001f
001f
001f
001f
001f
001f
001f
001f
001f
001f
001f
001f
001f
001f
001f
001f
001f
001f
001f
001f
001f
001f
001f
001f
001f
001f
001f
001f
001f
001f
001f
001f
001f
001f
001f
001f
001f
001f
001f
001f
001f
001f
001f
001f
001f
001f
001f
001f
001f
001f
001f
001f
001f
001f
001f
001f
001f
001f
001f
001f
001f
001f
001f
001f
001f
001f
001f
001f
001f
001f
001f
001f
001f
001f
001f
001f
001f
0266
0267
0264
0265
0a62
0a63
0a60
0a61
126e
126f
126c
126d
1a6a
1a6b
1a68
1a69
2276
2277
2274
2275
2a72
2a73
2a70
2a71
327e
327f
327c
327d
3a7a
3a7b
3a78
3a79
4266
4267
4264
4265
4a62
4a63
4a60
4a61
526e
526f
526c
526d
5a6a
5a6b
5a68
5a69
6276
6277
6274
6275
6a72
6a73
6a70
6a71
727e
727f
727c
727d
7a7a
7a7b
7a78
7a79
8266
8267
8264
8265
8265
8a62
8a63
8a60
8a61
926e
926f
926c
926d
9a6a
9a6b
9a68
9a69
a276
a277
a274
a275
aa72
aa73
aa70
aa71
b27e
b27f
b27c
b27d
ba7a
ba7b
ba78
ba79
c266
c267
c264
c265
ca62
ca63
ca60
ca61
d26e
d26f
d26c
d26d
da6a
da6b
da68
da69
e276
e277
e274
e275
ea72
ea73
ea70
ea71
f27e
f27f
f27c
f27d
fa7a
fa7b
fa78
001f
001f
001f
001f
001f
001f
001f
001f
001f
001f
001f
001f
001f
001f
001f
001f
001f
001f
001f
001f
001f
001f
001f
001f
001f
001f
001f
001f
001f
001f
001f
001f
001f
001f
001f
001f
001f
001f
001f
001f
001f
001f
001f
001f
001f
001f
001f
001f
001f
001f
001f
001f
001f
001f
001f
001f
001f
001f
001f
001f
001f
001f
001f
001f
001f
001f
001f
001f
001f
001f
001f
001f
001f
001f
001f
001f
001f
001f
001f
001f
001f
001f
001f
001f
001f
001f
001f
001f
001f
001f
001f
001f
001f
001f
001f
001f
001f
001f
001f
001f
001f
001f
001f
001f
001f
001f
001f
001f
001f
001f
001f
001f
001f
001f
001f
001f
001f
001f
001f
001f
001f
001f
001f
001f
001f
001f
001f
001f
001f
001f
001f
001f
001f
001f
001f
001f
001f
001f
001f
001f
001f
001f
001f
001f
001f
001f
001f
001f
001f
001f
001f
001f
001f
001f
001f
001f
001f
001f
001f
001f
0267
0266
0265
0264
0a63
0a62
0a61
0a60
126f
126e
126d
126c
1a6b
1a6a
1a69
1a68
2277
2276
2275
2274
2a73
2a72
2a71
2a70
327f
327e
327d
327c
3a7b
3a7a
3a79
3a78
4267
4266
4265
4264
4a63
4a62
4a61
4a60
526f
526e
526d
526c
5a6b
5a6a
5a69
5a68
6277
6276
6275
6274
6a73
6a72
6a71
6a70
727f
727e
727d
727c
7a7b
7a7a
7a79
7a78
8267
8266
8265
8264
8264
8a63
8a62
8a61
8a60
926f
926e
926d
926c
9a6b
9a6a
9a69
9a68
a277
a276
a275
a274
aa73
aa72
aa71
aa70
b27f
b27e
b27d
b27c
ba7b
ba7a
ba79
ba78
c267
c266
c265
c264
ca63
ca62
ca61
ca60
d26f
d26e
d26d
d26c
da6b
da6a
da69
da68
e277
e276
e275
e274
ea73
ea72
ea71
ea70
f27f
f27e
f27d
f27c
fa7b
fa7a
fa79
001f
001f
001f
001f
001f
001f
001f
001f
001f
001f
001f
001f
001f
001f
001f
001f
001f
001f
001f
001f
001f
001f
001f
001f
001f
001f
001f
001f
001f
001f
001f
001f
001f
001f
001f
001f
001f
001f
001f
001f
001f
001f
001f
001f
001f
001f
001f
001f
001f
001f
001f
001f
001f
001f
001f
001f
001f
001f
001f
001f
001f
001f
001f
001f
001f
001f
001f
001f
001f
001f
001f
001f
001f
001f
001f
001f
001f
001f
001f
001f
001f
001f
001f
001f
001f
001f
001f
001f
001f
001f
001f
001f
001f
001f
001f
001f
001f
001f
001f
001f
001f
001f
001f
001f
001f
001f
001f
001f
001f
001f
001f
001f
001f
001f
001f
001f
001f
001f
001f
001f
001f
001f
001f
001f
001f
001f
001f
001f
001f
001f
001f
001f
001f
001f
001f
001f
001f
001f
001f
001f
001f
001f
001f
001f
001f
001f
001f
001f
001f
001f
001f
001f
001f
001f
001f
001f
001f
001f
001f
001f
0288
0289
028a
028b
0a8c
0a8d
0a8e
0a8f
1280
1281
1282
1283
1a84
1a85
1a86
1a87
2298
2299
229a
229b
2a9c
2a9d
2a9e
2a9f
3290
3291
3292
3293
3a94
3a95
3a96
3a97
4288
4289
428a
428b
4a8c
4a8d
4a8e
4a8f
5280
5281
5282
5283
5a84
5a85
5a86
5a87
6298
6299
629a
629b
6a9c
6a9d
6a9e
6a9f
7290
7291
7292
7293
7a94
7a95
7a96
7a97
8288
8289
828a
828b
828b
8a8c
8a8d
8a8e
8a8f
9280
9281
9282
9283
9a84
9a85
9a86
9a87
a298
a299
a29a
a29b
aa9c
aa9d
aa9e
aa9f
b290
b291
b292
b293
ba94
ba95
ba96
ba97
c288
c289
c28a
c28b
ca8c
ca8d
ca8e
ca8f
d280
d281
d282
d283
da84
da85
da86
da87
e298
e299
e29a
e29b
ea9c
ea9d
ea9e
ea9f
f290
f291
f292
f293
fa94
fa95
fa96
001f
001f
001f
001f
001f
001f
001f
001f
001f
001f
001f
001f
001f
001f
001f
001f
001f
001f
001f
001f
001f
001f
001f
001f
001f
001f
001f
001f
001f
001f
001f
001f
001f
001f
001f
001f
001f
001f
001f
001f
001f
001f
001f
001f
001f
001f
001f
001f
001f
001f
001f
001f
001f
001f
001f
001f
001f
001f
001f
001f
001f
001f
001f
001f
001f
001f
001f
001f
001f
001f
001f
001f
001f
001f
001f
001f
001f
001f
001f
001f
001f
001f
001f
001f
001f
001f
001f
001f
001f
001f
001f
001f
001f
001f
001f
001f
001f
001f
001f
001f
001f
001f
001f
001f
001f
001f
001f
001f
001f
001f
001f
001f
001f
001f
001f
001f
001f
001f
001f
001f
001f
001f
001f
001f
001f
001f
001f
001f
001f
001f
001f
001f
001f
001f
001f
001f
001f
001f
001f
001f
001f
001f
001f
001f
001f
001f
001f
001f
001f
001f
001f
001f
001f
001f
001f
001f
001f
001f
001f
001f
0289
0288
028b
028a
0a8d
0a8c
0a8f
0a8e
1281
1280
1283
1282
1a85
1a84
1a87
1a86
2299
2298
229b
229a
2a9d
2a9c
2a9f
2a9e
3291
3290
3293
3292
3a95
3a94
3a97
3a96
4289
4288
428b
428a
4a8d
4a8c
4a8f
4a8e
5281
5280
5283
5282
5a85
5a84
5a87
5a86
6299
6298
629b
629a
6a9d
6a9c
6a9f
6a9e
7291
7290
7293
7292
7a95
7a94
7a97
7a96
8289
8288
828b
828a
828a
8a8d
8a8c
8a8f
8a8e
9281
9280
9283
9282
9a85
9a84
9a87
9a86
a299
a298
a29b
a29a
aa9d
aa9c
aa9f
aa9e
b291
b290
b293
b292
ba95
ba94
ba97
ba96
c289
c288
c28b
c28a
ca8d
ca8c
ca8f
ca8e
d281
d280
d283
d282
da85
da84
da87
da86
e299
e298
e29b
e29a
ea9d
ea9c
ea9f
ea9e
f291
f290
f293
f292
fa95
fa94
fa97
001f
001f
001f
001f
001f
001f
001f
001f
001f
001f
001f
001f
001f
001f
001f
001f
001f
001f
001f
001f
001f
001f
001f
001f
001f
001f
001f
001f
001f
001f
001f
001f
001f
001f
001f
001f
001f
001f
001f
001f
001f
001f
001f
001f
001f
001f
001f
001f
001f
001f
001f
001f
001f
001f
001f
001f
001f
001f
001f
001f
001f
001f
001f
001f
001f
001f
001f
001f
001f
001f
001f
001f
001f
001f
001f
001f
001f
001f
001f
001f
001f
001f
001f
001f
001f
001f
001f
001f
001f
001f
001f
001f
001f
001f
001f
001f
001f
001f
001f
001f
001f
001f
001f
001f
001f
001f
001f
001f
001f
001f
001f
001f
001f
001f
001f
001f
001f
001f
001f
001f
001f
001f
001f
001f
001f
001f
001f
001f
001f
001f
001f
001f
001f
001f
001f
001f
001f
001f
001f
001f
001f
001f
001f
001f
001f
001f
001f
001f
001f
001f
001f
001f
001f
001f
001f
001f
001f
001f
001f
001f
02aa
02ab
02a8
02a9
0aae
0aaf
0aac
0aad
12a2
12a3
12a0
12a1
1aa6
1aa7
1aa4
1aa5
22ba
22bb
22b8
22b9
2abe
2abf
2abc
2abd
32b2
32b3
32b0
32b1
3ab6
3ab7
3ab4
3ab5
42aa
42ab
42a8
42a9
4aae
4aaf
4aac
4aad
52a2
52a3
52a0
52a1
5aa6
5aa7
5aa4
5aa5
62ba
62bb
62b8
62b9
6abe
6abf
6abc
6abd
72b2
72b3
72b0
72b1
7ab6
7ab7
7ab4
7ab5
82aa
82ab
82a8
82a9
82a9
8aae
8aaf
8aac
8aad
92a2
92a3
92a0
92a1
9aa6
9aa7
9aa4
9aa5
a2ba
a2bb
a2b8
a2b9
aabe
aabf
aabc
aabd
b2b2
b2b3
b2b0
b2b1
bab6
bab7
bab4
bab5
c2aa
c2ab
c2a8
c2a9
caae
caaf
caac
caad
d2a2
d2a3
d2a0
d2a1
daa6
daa7
daa4
daa5
e2ba
e2bb
e2b8
e2b9
eabe
eabf
eabc
eabd
f2b2
f2b3
f2b0
f2b1
fab6
fab7
fab4
001f
001f
001f
001f
001f
001f
001f
001f
001f
001f
001f
001f
001f
001f
001f
001f
001f
001f
001f
001f
001f
001f
001f
001f
001f
001f
001f
001f
001f
001f
001f
001f
001f
001f
001f
001f
001f
001f
001f
001f
001f
001f
001f
001f
001f
001f
001f
001f
001f
001f
001f
001f
001f
001f
001f
001f
001f
001f
001f
001f
001f
001f
001f
001f
001f
001f
001f
001f
001f
001f
001f
001f
001f
001f
001f
001f
001f
001f
001f
001f
001f
001f
001f
001f
001f
001f
001f
001f
001f
001f
001f
001f
001f
001f
001f
001f
001f
001f
001f
001f
001f
001f
001f
001f
001f
001f
001f
001f
001f
001f
001f
001f
001f
001f
001f
001f
001f
001f
001f
001f
001f
001f
001f
001f
001f
001f
001f
001f
001f
001f
001f
001f
001f
001f
001f
001f
001f
001f
001f
001f
001f
001f
001f
001f
001f
001f
001f
001f
001f
001f
001f
001f
001f
001f
001f
001f
001f
001f
001f
001f
02ab
02aa
02a9
02a8
0aaf
0aae
0aad
0aac
12a3
12a2
12a1
12a0
1aa7
1aa6
1aa5
1aa4
22bb
22ba
22b9
22b8
2abf
2abe
2abd
2abc
32b3
32b2
32b1
32b0
3ab7
3ab6
3ab5
3ab4
42ab
42aa
42a9
42a8
4aaf
4aae
4aad
4aac
52a3
52a2
52a1
52a0
5aa7
5aa6
5aa5
5aa4
62bb
62ba
62b9
62b8
6abf
6abe
6abd
6abc
72b3
72b2
72b1
72b0
7ab7
7ab6
7ab5
7ab4
82ab
82aa
82a9
82a8
82a8
8aaf
8aae
8aad
8aac
92a3
92a2
92a1
92a0
9aa7
9aa6
9aa5
9aa4
a2bb
a2ba
a2b9
a2b8
aabf
aabe
aabd
aabc
b2b3
b2b2
b2b1
b2b0
bab7
bab6
bab5
bab4
c2ab
c2aa
c2a9
c2a8
caaf
caae
caad
caac
d2a3
d2a2
d2a1
d2a0
daa7
daa6
daa5
daa4
e2bb
e2ba
e2b9
e2b8
eabf
eabe
eabd
eabc
f2b3
f2b2
f2b1
f2b0
fab7
fab6
fab5
001f
001f
001f
001f
001f
001f
001f
001f
001f
001f
001f
001f
001f
001f
001f
001f
001f
001f
001f
001f
001f
001f
001f
001f
001f
001f
001f
001f
001f
001f
001f
001f
001f
001f
001f
001f
001f
001f
001f
001f
001f
001f
001f
001f
001f
001f
001f
001f
001f
001f
001f
001f
001f
001f
001f
001f
001f
001f
001f
001f
001f
001f
001f
001f
001f
001f
001f
001f
001f
001f
001f
001f
001f
001f
001f
001f
001f
001f
001f
001f
001f
001f
001f
001f
001f
001f
001f
001f
001f
001f
001f
001f
001f
001f
001f
001f
001f
001f
001f
001f
001f
001f
001f
001f
001f
001f
001f
001f
001f
001f
001f
001f
001f
001f
001f
001f
001f
001f
001f
001f
001f
001f
001f
001f
001f
001f
001f
001f
001f
001f
001f
001f
001f
001f
001f
001f
001f
001f
001f
001f
001f
001f
001f
001f
001f
001f
001f
001f
001f
001f
001f
001f
001f
001f
001f
001f
001f
001f
001f
001f
02cc
02cd
02ce
02cf
0ac8
0ac9
0aca
0acb
12c4
12c5
12c6
12c7
1ac0
1ac1
1ac2
1ac3
22dc
22dd
22de
22df
2ad8
2ad9
2ada
2adb
32d4
32d5
32d6
32d7
3ad0
3ad1
3ad2
3ad3
42cc
42cd
42ce
42cf
4ac8
4ac9
4aca
4acb
52c4
52c5
52c6
52c7
5ac0
5ac1
5ac2
5ac3
62dc
62dd
62de
62df
6ad8
6ad9
6ada
6adb
72d4
72d5
72d6
72d7
7ad0
7ad1
7ad2
7ad3
82cc
82cd
82ce
82cf
82cf
8ac8
8ac9
8aca
8acb
92c4
92c5
92c6
92c7
9ac0
9ac1
9ac2
9ac3
a2dc
a2dd
a2de
a2df
aad8
aad9
aada
aadb
b2d4
b2d5
b2d6
b2d7
bad0
bad1
bad2
bad3
c2cc
c2cd
c2ce
c2cf
cac8
cac9
caca
cacb
d2c4
d2c5
d2c6
d2c7
dac0
dac1
dac2
dac3
e2dc
e2dd
e2de
e2df
ead8
ead9
eada
eadb
f2d4
f2d5
f2d6
f2d7
fad0
fad1
fad2
001f
001f
001f
001f
001f
001f
001f
001f
001f
001f
001f
001f
001f
001f
001f
001f
001f
001f
001f
001f
001f
001f
001f
001f
001f
001f
001f
001f
001f
001f
001f
001f
001f
001f
001f
001f
001f
001f
001f
001f
001f
001f
001f
001f
001f
001f
001f
001f
001f
001f
001f
001f
001f
001f
001f
001f
001f
001f
001f
001f
001f
001f
001f
001f
001f
001f
001f
001f
001f
001f
001f
001f
001f
001f
001f
001f
001f
001f
001f
001f
001f
001f
001f
001f
001f
001f
001f
001f
001f
001f
001f
001f
001f
001f
001f
001f
001f
001f
001f
001f
001f
001f
001f
001f
001f
001f
001f
001f
001f
001f
001f
001f
001f
001f
001f
001f
001f
001f
001f
001f
001f
001f
001f
001f
001f
001f
001f
001f
001f
001f
001f
001f
001f
001f
001f
001f
001f
001f
001f
001f
001f
001f
001f
001f
001f
001f
001f
001f
001f
001f
001f
001f
001f
001f
001f
001f
001f
001f
001f
001f
02cd
02cc
02cf
02ce
0ac9
0ac8
0acb
0aca
12c5
12c4
12c7
12c6
1ac1
1ac0
1ac3
1ac2
22dd
22dc
22df
22de
2ad9
2ad8
2adb
2ada
32d5
32d4
32d7
32d6
3ad1
3ad0
3ad3
3ad2
42cd
42cc
42cf
42ce
4ac9
4ac8
4acb
4aca
52c5
52c4
52c7
52c6
5ac1
5ac0
5ac3
5ac2
62dd
62dc
62df
62de
6ad9
6ad8
6adb
6ada
72d5
72d4
72d7
72d6
7ad1
7ad0
7ad3
7ad2
82cd
82cc
82cf
82ce
82ce
8ac9
8ac8
8acb
8aca
92c5
92c4
92c7
92c6
9ac1
9ac0
9ac3
9ac2
a2dd
a2dc
a2df
a2de
aad9
aad8
aadb
aada
b2d5
b2d4
b2d7
b2d6
bad1
bad0
bad3
bad2
c2cd
c2cc
c2cf
c2ce
cac9
cac8
cacb
caca
d2c5
d2c4
d2c7
d2c6
dac1
dac0
dac3
dac2
e2dd
e2dc
e2df
e2de
ead9
ead8
eadb
eada
f2d5
f2d4
f2d7
f2d6
fad1
fad0
fad3
001f
001f
001f
001f
001f
001f
001f
001f
001f
001f
001f
001f
001f
001f
001f
001f
001f
001f
001f
001f
001f
001f
001f
001f
001f
001f
001f
001f
001f
001f
001f
001f
001f
001f
001f
001f
001f
001f
001f
001f
001f
001f
001f
001f
001f
001f
001f
001f
001f
001f
001f
001f
001f
001f
001f
001f
001f
001f
001f
001f
001f
001f
001f
001f
001f
001f
001f
001f
001f
001f
001f
001f
001f
001f
001f
001f
001f
001f
001f
001f
001f
001f
001f
001f
001f
001f
001f
001f
001f
001f
001f
001f
001f
001f
001f
001f
001f
001f
001f
001f
001f
001f
001f
001f
001f
001f
001f
001f
001f
001f
001f
001f
001f
001f
001f
001f
001f
001f
001f
001f
001f
001f
001f
001f
001f
001f
001f
001f
001f
001f
001f
001f
001f
001f
001f
001f
001f
001f
001f
001f
001f
001f
001f
001f
001f
001f
001f
001f
001f
001f
001f
001f
001f
001f
001f
001f
001f
001f
001f
001f
02ee
02ef
02ec
02ed
0aea
0aeb
0ae8
0ae9
12e6
12e7
12e4
12e5
1ae2
1ae3
1ae0
1ae1
22fe
22ff
22fc
22fd
2afa
2afb
2af8
2af9
32f6
32f7
32f4
32f5
3af2
3af3
3af0
3af1
42ee
42ef
42ec
42ed
4aea
4aeb
4ae8
4ae9
52e6
52e7
52e4
52e5
5ae2
5ae3
5ae0
5ae1
62fe
62ff
62fc
62fd
6afa
6afb
6af8
6af9
72f6
72f7
72f4
72f5
7af2
7af3
7af0
7af1
82ee
82ef
82ec
82ed
82ed
8aea
8aeb
8ae8
8ae9
92e6
92e7
92e4
92e5
9ae2
9ae3
9ae0
9ae1
a2fe
a2ff
a2fc
a2fd
aafa
aafb
aaf8
aaf9
b2f6
b2f7
b2f4
b2f5
baf2
baf3
baf0
baf1
c2ee
c2ef
c2ec
c2ed
caea
caeb
cae8
cae9
d2e6
d2e7
d2e4
d2e5
dae2
dae3
dae0
dae1
e2fe
e2ff
e2fc
e2fd
eafa
eafb
eaf8
eaf9
f2f6
f2f7
f2f4
f2f5
faf2
faf3
faf0
001f
001f
001f
001f
001f
001f
001f
001f
001f
001f
001f
001f
001f
001f
001f
001f
001f
001f
001f
001f
001f
001f
001f
001f
001f
001f
001f
001f
001f
001f
001f
001f
001f
001f
001f
001f
001f
001f
001f
001f
001f
001f
001f
001f
001f
001f
001f
001f
001f
001f
001f
001f
001f
001f
001f
001f
001f
001f
001f
001f
001f
001f
001f
001f
001f
001f
001f
001f
001f
001f
001f
001f
001f
001f
001f
001f
001f
001f
001f
001f
001f
001f
001f
001f
001f
001f
001f
001f
001f
001f
001f
001f
001f
001f
001f
001f
001f
001f
001f
001f
001f
001f
001f
001f
001f
001f
001f
001f
001f
001f
001f
001f
001f
001f
001f
001f
001f
001f
001f
001f
001f
001f
001f
001f
001f
001f
001f
001f
001f
001f
001f
001f
001f
001f
001f
001f
001f
001f
001f
001f
001f
001f
001f
001f
001f
001f
001f
001f
001f
001f
001f
001f
001f
001f
001f
001f
001f
001f
001f
001f
02ef
02ee
02ed
02ec
0aeb
0aea
0ae9
0ae8
12e7
12e6
12e5
12e4
1ae3
1ae2
1ae1
1ae0
22ff
22fe
22fd
22fc
2afb
2afa
2af9
2af8
32f7
32f6
32f5
32f4
3af3
3af2
3af1
3af0
42ef
42ee
42ed
42ec
4aeb
4aea
4ae9
4ae8
52e7
52e6
52e5
52e4
5ae3
5ae2
5ae1
5ae0
62ff
62fe
62fd
62fc
6afb
6afa
6af9
6af8
72f7
72f6
72f5
72f4
7af3
7af2
7af1
7af0
82ef
82ee
82ed
82ec
82ec
8aeb
8aea
8ae9
8ae8
92e7
92e6
92e5
92e4
9ae3
9ae2
9ae1
9ae0
a2ff
a2fe
a2fd
a2fc
aafb
aafa
aaf9
aaf8
b2f7
b2f6
b2f5
b2f4
baf3
baf2
baf1
baf0
c2ef
c2ee
c2ed
c2ec
caeb
caea
cae9
cae8
d2e7
d2e6
d2e5
d2e4
dae3
dae2
dae1
dae0
e2ff
e2fe
e2fd
e2fc
eafb
eafa
eaf9
eaf8
f2f7
f2f6
f2f5
f2f4
faf3
faf2
faf1
001f
001f
001f
001f
001f
001f
001f
001f
001f
001f
001f
001f
001f
001f
001f
001f
001f
001f
001f
001f
001f
001f
001f
001f
001f
001f
001f
001f
001f
001f
001f
001f
001f
001f
001f
001f
001f
001f
001f
001f
001f
001f
001f
001f
001f
001f
001f
001f
001f
001f
001f
001f
001f
001f
001f
001f
001f
001f
001f
001f
001f
001f
001f
001f
001f
001f
001f
001f
001f
001f
001f
001f
001f
001f
001f
001f
001f
001f
001f
001f
001f
001f
001f
001f
001f
001f
001f
001f
001f
001f
001f
001f
001f
001f
001f
001f
001f
001f
001f
001f
001f
001f
001f
001f
001f
001f
001f
001f
001f
001f
001f
001f
001f
001f
001f
001f
001f
001f
001f
001f
001f
001f
001f
001f
001f
001f
001f
001f
001f
001f
001f
001f
001f
001f
001f
001f
001f
001f
001f
001f
001f
001f
001f
001f
001f
001f
001f
001f
001f
001f
001f
001f
001f
001f
001f
001f
001f
001f
001f
001f
0310
0311
0312
0313
0b14
0b15
0b16
0b17
1318
1319
131a
131b
1b1c
1b1d
1b1e
1b1f
2300
2301
2302
2303
2b04
2b05
2b06
2b07
3308
3309
330a
330b
3b0c
3b0d
3b0e
3b0f
4310
4311
4312
4313
4b14
4b15
4b16
4b17
5318
5319
531a
531b
5b1c
5b1d
5b1e
5b1f
6300
6301
6302
6303
6b04
6b05
6b06
6b07
7308
7309
730a
730b
7b0c
7b0d
7b0e
7b0f
8310
8311
8312
8313
8313
8b14
8b15
8b16
8b17
9318
9319
931a
931b
9b1c
9b1d
9b1e
9b1f
a300
a301
a302
a303
ab04
ab05
ab06
ab07
b308
b309
b30a
b30b
bb0c
bb0d
bb0e
bb0f
c310
c311
c312
c313
cb14
cb15
cb16
cb17
d318
d319
d31a
d31b
db1c
db1d
db1e
db1f
e300
e301
e302
e303
eb04
eb05
eb06
eb07
f308
f309
f30a
f30b
fb0c
fb0d
fb0e
001f
001f
001f
001f
001f
001f
001f
001f
001f
001f
001f
001f
001f
001f
001f
001f
001f
001f
001f
001f
001f
001f
001f
001f
001f
001f
001f
001f
001f
001f
001f
001f
001f
001f
001f
001f
001f
001f
001f
001f
001f
001f
001f
001f
001f
001f
001f
001f
001f
001f
001f
001f
001f
001f
001f
001f
001f
001f
001f
001f
001f
001f
001f
001f
001f
001f
001f
001f
001f
001f
001f
001f
001f
001f
001f
001f
001f
001f
001f
001f
001f
001f
001f
001f
001f
001f
001f
001f
001f
001f
001f
001f
001f
001f
001f
001f
001f
001f
001f
001f
001f
001f
001f
001f
001f
001f
001f
001f
001f
001f
001f
001f
001f
001f
001f
001f
001f
001f
001f
001f
001f
001f
001f
001f
001f
001f
001f
001f
001f
001f
001f
001f
001f
001f
001f
001f
001f
001f
001f
001f
001f
001f
001f
001f
001f
001f
001f
001f
001f
001f
001f
001f
001f
001f
001f
001f
001f
001f
001f
001f
0311
0310
0313
0312
0b15
0b14
0b17
0b16
1319
1318
131b
131a
1b1d
1b1c
1b1f
1b1e
2301
2300
2303
2302
2b05
2b04
2b07
2b06
3309
3308
330b
330a
3b0d
3b0c
3b0f
3b0e
4311
4310
4313
4312
4b15
4b14
4b17
4b16
5319
5318
531b
531a
5b1d
5b1c
5b1f
5b1e
6301
6300
6303
6302
6b05
6b04
6b07
6b06
7309
7308
730b
730a
7b0d
7b0c
7b0f
7b0e
8311
8310
8313
8312
8312
8b15
8b14
8b17
8b16
9319
9318
931b
931a
9b1d
9b1c
9b1f
9b1e
a301
a300
a303
a302
ab05
ab04
ab07
ab06
b309
b308
b30b
b30a
bb0d
bb0c
bb0f
bb0e
c311
c310
c313
c312
cb15
cb14
cb17
cb16
d319
d318
d31b
d31a
db1d
db1c
db1f
db1e
e301
e300
e303
e302
eb05
eb04
eb07
eb06
f309
f308
f30b
f30a
fb0d
fb0c
fb0f
001f
001f
001f
001f
001f
001f
001f
001f
001f
001f
001f
001f
001f
001f
001f
001f
001f
001f
001f
001f
001f
001f
001f
001f
001f
001f
001f
001f
001f
001f
001f
001f
001f
001f
001f
001f
001f
001f
001f
001f
001f
001f
001f
001f
001f
001f
001f
001f
001f
001f
001f
001f
001f
001f
001f
001f
001f
001f
001f
001f
001f
001f
001f
001f
001f
001f
001f
001f
001f
001f
001f
001f
001f
001f
001f
001f
001f
001f
001f
001f
001f
001f
001f
001f
001f
001f
001f
001f
001f
001f
001f
001f
001f
001f
001f
001f
001f
001f
001f
001f
001f
001f
001f
001f
001f
001f
001f
001f
001f
001f
001f
001f
001f
001f
001f
001f
001f
001f
001f
001f
001f
001f
001f
001f
001f
001f
001f
001f
001f
001f
001f
001f
001f
001f
001f
001f
001f
001f
001f
001f
001f
001f
001f
001f
001f
001f
001f
001f
001f
001f
001f
001f
001f
001f
001f
001f
001f
001f
001f
001f
0332
0333
0330
0331
0b36
0b37
0b34
0b35
133a
133b
1338
1339
1b3e
1b3f
1b3c
1b3d
2322
2323
2320
2321
2b26
2b27
2b24
2b25
332a
332b
3328
3329
3b2e
3b2f
3b2c
3b2d
4332
4333
4330
4331
4b36
4b37
4b34
4b35
533a
533b
5338
5339
5b3e
5b3f
5b3c
5b3d
6322
6323
6320
6321
6b26
6b27
6b24
6b25
732a
732b
7328
7329
7b2e
7b2f
7b2c
7b2d
8332
8333
8330
8331
8331
8b36
8b37
8b34
8b35
933a
933b
9338
9339
9b3e
9b3f
9b3c
9b3d
a322
a323
a320
a321
ab26
ab27
ab24
ab25
b32a
b32b
b328
b329
bb2e
bb2f
bb2c
bb2d
c332
c333
c330
c331
cb36
cb37
cb34
cb35
d33a
d33b
d338
d339
db3e
db3f
db3c
db3d
e322
e323
e320
e321
eb26
eb27
eb24
eb25
f32a
f32b
f328
f329
fb2e
fb2f
fb2c
001f
001f
001f
001f
001f
001f
001f
001f
001f
001f
001f
001f
001f
001f
001f
001f
001f
001f
001f
001f
001f
001f
001f
001f
001f
001f
001f
001f
001f
001f
001f
001f
001f
001f
001f
001f
001f
001f
001f
001f
001f
001f
001f
001f
001f
001f
001f
001f
001f
001f
001f
001f
001f
001f
001f
001f
001f
001f
001f
001f
001f
001f
001f
001f
001f
001f
001f
001f
001f
001f
001f
001f
001f
001f
001f
001f
001f
001f
001f
001f
001f
001f
001f
001f
001f
001f
001f
001f
001f
001f
001f
001f
001f
001f
001f
001f
001f
001f
001f
001f
001f
001f
001f
001f
001f
001f
001f
001f
001f
001f
001f
001f
001f
001f
001f
001f
001f
001f
001f
001f
001f
001f
001f
001f
001f
001f
001f
001f
001f
001f
001f
001f
001f
001f
001f
001f
001f
001f
001f
001f
001f
001f
001f
001f
001f
001f
001f
001f
001f
001f
001f
001f
001f
001f
001f
001f
001f
001f
001f
001f
0333
0332
0331
0330
0b37
0b36
0b35
0b34
133b
133a
1339
1338
1b3f
1b3e
1b3d
1b3c
2323
2322
2321
2320
2b27
2b26
2b25
2b24
332b
332a
3329
3328
3b2f
3b2e
3b2d
3b2c
4333
4332
4331
4330
4b37
4b36
4b35
4b34
533b
533a
5339
5338
5b3f
5b3e
5b3d
5b3c
6323
6322
6321
6320
6b27
6b26
6b25
6b24
732b
732a
7329
7328
7b2f
7b2e
7b2d
7b2c
8333
8332
8331
8330
8330
8b37
8b36
8b35
8b34
933b
933a
9339
9338
9b3f
9b3e
9b3d
9b3c
a323
a322
a321
a320
ab27
ab26
ab25
ab24
b32b
b32a
b329
b328
bb2f
bb2e
bb2d
bb2c
c333
c332
c331
c330
cb37
cb36
cb35
cb34
d33b
d33a
d339
d338
db3f
db3e
db3d
db3c
e323
e322
e321
e320
eb27
eb26
eb25
eb24
f32b
f32a
f329
f328
fb2f
fb2e
fb2d
001f
001f
001f
001f
001f
001f
001f
001f
001f
001f
001f
001f
001f
001f
001f
001f
001f
001f
001f
001f
001f
001f
001f
001f
001f
001f
001f
001f
001f
001f
001f
001f
001f
001f
001f
001f
001f
001f
001f
001f
001f
001f
001f
001f
001f
001f
001f
001f
001f
001f
001f
001f
001f
001f
001f
001f
001f
001f
001f
001f
001f
001f
001f
001f
001f
001f
001f
001f
001f
001f
001f
001f
001f
001f
001f
001f
001f
001f
001f
001f
001f
001f
001f
001f
001f
001f
001f
001f
001f
001f
001f
001f
001f
001f
001f
001f
001f
001f
001f
001f
001f
001f
001f
001f
001f
001f
001f
001f
001f
001f
001f
001f
001f
001f
001f
001f
001f
001f
001f
001f
001f
001f
001f
001f
001f
001f
001f
001f
001f
001f
001f
001f
001f
001f
001f
001f
001f
001f
001f
001f
001f
001f
001f
001f
001f
001f
001f
001f
001f
001f
001f
001f
001f
001f
001f
001f
001f
001f
001f
001f
0354
0355
0356
0357
0b50
0b51
0b52
0b53
135c
135d
135e
135f
1b58
1b59
1b5a
1b5b
2344
2345
2346
2347
2b40
2b41
2b42
2b43
334c
334d
334e
334f
3b48
3b49
3b4a
3b4b
4354
4355
4356
4357
4b50
4b51
4b52
4b53
535c
535d
535e
535f
5b58
5b59
5b5a
5b5b
6344
6345
6346
6347
6b40
6b41
6b42
6b43
734c
734d
734e
734f
7b48
7b49
7b4a
7b4b
8354
8355
8356
8357
8357
8b50
8b51
8b52
8b53
935c
935d
935e
935f
9b58
9b59
9b5a
9b5b
a344
a345
a346
a347
ab40
ab41
ab42
ab43
b34c
b34d
b34e
b34f
bb48
bb49
bb4a
bb4b
c354
c355
c356
c357
cb50
cb51
cb52
cb53
d35c
d35d
d35e
d35f
db58
db59
db5a
db5b
e344
e345
e346
e347
eb40
eb41
eb42
eb43
f34c
f34d
f34e
f34f
fb48
fb49
fb4a
001f
001f
001f
001f
001f
001f
001f
001f
001f
001f
001f
001f
001f
001f
001f
001f
001f
001f
001f
001f
001f
001f
001f
001f
001f
001f
001f
001f
001f
001f
001f
001f
001f
001f
001f
001f
001f
001f
001f
001f
001f
001f
001f
001f
001f
001f
001f
001f
001f
001f
001f
001f
001f
001f
001f
001f
001f
001f
001f
001f
001f
001f
001f
001f
001f
001f
001f
001f
001f
001f
001f
001f
001f
001f
001f
001f
001f
001f
001f
001f
001f
001f
001f
001f
001f
001f
001f
001f
001f
001f
001f
001f
001f
001f
001f
001f
001f
001f
001f
001f
001f
001f
001f
001f
001f
001f
001f
001f
001f
001f
001f
001f
001f
001f
001f
001f
001f
001f
001f
001f
001f
001f
001f
001f
001f
001f
001f
001f
001f
001f
001f
001f
001f
001f
001f
001f
001f
001f
001f
001f
001f
001f
001f
001f
001f
001f
001f
001f
001f
001f
001f
001f
001f
001f
001f
001f
001f
001f
001f
001f
0355
0354
0357
0356
0b51
0b50
0b53
0b52
135d
135c
135f
135e
1b59
1b58
1b5b
1b5a
2345
2344
2347
2346
2b41
2b40
2b43
2b42
334d
334c
334f
334e
3b49
3b48
3b4b
3b4a
4355
4354
4357
4356
4b51
4b50
4b53
4b52
535d
535c
535f
535e
5b59
5b58
5b5b
5b5a
6345
6344
6347
6346
6b41
6b40
6b43
6b42
734d
734c
734f
734e
7b49
7b48
7b4b
7b4a
8355
8354
8357
8356
8356
8b51
8b50
8b53
8b52
935d
935c
935f
935e
9b59
9b58
9b5b
9b5a
a345
a344
a347
a346
ab41
ab40
ab43
ab42
b34d
b34c
b34f
b34e
bb49
bb48
bb4b
bb4a
c355
c354
c357
c356
cb51
cb50
cb53
cb52
d35d
d35c
d35f
d35e
db59
db58
db5b
db5a
e345
e344
e347
e346
eb41
eb40
eb43
eb42
f34d
f34c
f34f
f34e
fb49
fb48
fb4b
001f
001f
001f
001f
001f
001f
001f
001f
001f
001f
001f
001f
001f
001f
001f
001f
001f
001f
001f
001f
001f
001f
001f
001f
001f
001f
001f
001f
001f
001f
001f
001f
001f
001f
001f
001f
001f
001f
001f
001f
001f
001f
001f
001f
001f
001f
001f
001f
001f
001f
001f
001f
001f
001f
001f
001f
001f
001f
001f
001f
001f
001f
001f
001f
001f
001f
001f
001f
001f
001f
001f
001f
001f
001f
001f
001f
001f
001f
001f
001f
001f
001f
001f
001f
001f
001f
001f
001f
001f
001f
001f
001f
001f
001f
001f
001f
001f
001f
001f
001f
001f
001f
001f
001f
001f
001f
001f
001f
001f
001f
001f
001f
001f
001f
001f
001f
001f
001f
001f
001f
001f
001f
001f
001f
001f
001f
001f
001f
001f
001f
001f
001f
001f
001f
001f
001f
001f
001f
001f
001f
001f
001f
001f
001f
001f
001f
001f
001f
001f
001f
001f
001f
001f
001f
001f
001f
001f
001f
001f
001f
0376
0377
0374
0375
0b72
0b73
0b70
0b71
137e
137f
137c
137d
1b7a
1b7b
1b78
1b79
2366
2367
2364
2365
2b62
2b63
2b60
2b61
336e
336f
336c
336d
3b6a
3b6b
3b68
3b69
4376
4377
4374
4375
4b72
4b73
4b70
4b71
537e
537f
537c
537d
5b7a
5b7b
5b78
5b79
6366
6367
6364
6365
6b62
6b63
6b60
6b61
736e
736f
736c
736d
7b6a
7b6b
7b68
7b69
8376
8377
8374
8375
8375
8b72
8b73
8b70
8b71
937e
937f
937c
937d
9b7a
9b7b
9b78
9b79
a366
a367
a364
a365
ab62
ab63
ab60
ab61
b36e
b36f
b36c
b36d
bb6a
bb6b
bb68
bb69
c376
c377
c374
c375
cb72
cb73
cb70
cb71
d37e
d37f
d37c
d37d
db7a
db7b
db78
db79
e366
e367
e364
e365
eb62
eb63
eb60
eb61
f36e
f36f
f36c
f36d
fb6a
fb6b
fb68
001f
001f
001f
001f
001f
001f
001f
001f
001f
001f
001f
001f
001f
001f
001f
001f
001f
001f
001f
001f
001f
001f
001f
001f
001f
001f
001f
001f
001f
001f
001f
001f
001f
001f
001f
001f
001f
001f
001f
001f
001f
001f
001f
001f
001f
001f
001f
001f
001f
001f
001f
001f
001f
001f
001f
001f
001f
001f
001f
001f
001f
001f
001f
001f
001f
001f
001f
001f
001f
001f
001f
001f
001f
001f
001f
001f
001f
001f
001f
001f
001f
001f
001f
001f
001f
001f
001f
001f
001f
001f
001f
001f
001f
001f
001f
001f
001f
001f
001f
001f
001f
001f
001f
001f
001f
001f
001f
001f
001f
001f
001f
001f
001f
001f
001f
001f
001f
001f
001f
001f
001f
001f
001f
001f
001f
001f
001f
001f
001f
001f
001f
001f
001f
001f
001f
001f
001f
001f
001f
001f
001f
001f
001f
001f
001f
001f
001f
001f
001f
001f
001f
001f
001f
001f
001f
001f
001f
001f
001f
001f
0377
0376
0375
0374
0b73
0b72
0b71
0b70
137f
137e
137d
137c
1b7b
1b7a
1b79
1b78
2367
2366
2365
2364
2b63
2b62
2b61
2b60
336f
336e
336d
336c
3b6b
3b6a
3b69
3b68
4377
4376
4375
4374
4b73
4b72
4b71
4b70
537f
537e
537d
537c
5b7b
5b7a
5b79
5b78
6367
6366
6365
6364
6b63
6b62
6b61
6b60
736f
736e
736d
736c
7b6b
7b6a
7b69
7b68
8377
8376
8375
8374
8374
8b73
8b72
8b71
8b70
937f
937e
937d
937c
9b7b
9b7a
9b79
9b78
a367
a366
a365
a364
ab63
ab62
ab61
ab60
b36f
b36e
b36d
b36c
bb6b
bb6a
bb69
bb68
c377
c376
c375
c374
cb73
cb72
cb71
cb70
d37f
d37e
d37d
d37c
db7b
db7a
db79
db78
e367
e366
e365
e364
eb63
eb62
eb61
eb60
f36f
f36e
f36d
f36c
fb6b
fb6a
fb69
001f
001f
001f
001f
001f
001f
001f
001f
001f
001f
001f
001f
001f
001f
001f
001f
001f
001f
001f
001f
001f
001f
001f
001f
001f
001f
001f
001f
001f
001f
001f
001f
001f
001f
001f
001f
001f
001f
001f
001f
001f
001f
001f
001f
001f
001f
001f
001f
001f
001f
001f
001f
001f
001f
001f
001f
001f
001f
001f
001f
001f
001f
001f
001f
001f
001f
001f
001f
001f
001f
001f
001f
001f
001f
001f
001f
001f
001f
001f
001f
001f
001f
001f
001f
001f
001f
001f
001f
001f
001f
001f
001f
001f
001f
001f
001f
001f
001f
001f
001f
001f
001f
001f
001f
001f
001f
001f
001f
001f
001f
001f
001f
001f
001f
001f
001f
001f
001f
001f
001f
001f
001f
001f
001f
001f
001f
001f
001f
001f
001f
001f
001f
001f
001f
001f
001f
001f
001f
001f
001f
001f
001f
001f
001f
001f
001f
001f
001f
001f
001f
001f
001f
001f
001f
001f
001f
001f
001f
001f
001f
0398
0399
039a
039b
0b9c
0b9d
0b9e
0b9f
1390
1391
1392
1393
1b94
1b95
1b96
1b97
2388
2389
238a
238b
2b8c
2b8d
2b8e
2b8f
3380
3381
3382
3383
3b84
3b85
3b86
3b87
4398
4399
439a
439b
4b9c
4b9d
4b9e
4b9f
5390
5391
5392
5393
5b94
5b95
5b96
5b97
6388
6389
638a
638b
6b8c
6b8d
6b8e
6b8f
7380
7381
7382
7383
7b84
7b85
7b86
7b87
8398
8399
839a
839b
839b
8b9c
8b9d
8b9e
8b9f
9390
9391
9392
9393
9b94
9b95
9b96
9b97
a388
a389
a38a
a38b
ab8c
ab8d
ab8e
ab8f
b380
b381
b382
b383
bb84
bb85
bb86
bb87
c398
c399
c39a
c39b
cb9c
cb9d
cb9e
cb9f
d390
d391
d392
d393
db94
db95
db96
db97
e388
e389
e38a
e38b
eb8c
eb8d
eb8e
eb8f
f380
f381
f382
f383
fb84
fb85
fb86
001f
001f
001f
001f
001f
001f
001f
001f
001f
001f
001f
001f
001f
001f
001f
001f
001f
001f
001f
001f
001f
001f
001f
001f
001f
001f
001f
001f
001f
001f
001f
001f
001f
001f
001f
001f
001f
001f
001f
001f
001f
001f
001f
001f
001f
001f
001f
001f
001f
001f
001f
001f
001f
001f
001f
001f
001f
001f
001f
001f
001f
001f
001f
001f
001f
001f
001f
001f
001f
001f
001f
001f
001f
001f
001f
001f
001f
001f
001f
001f
001f
001f
001f
001f
001f
001f
001f
001f
001f
001f
001f
001f
001f
001f
001f
001f
001f
001f
001f
001f
001f
001f
001f
001f
001f
001f
001f
001f
001f
001f
001f
001f
001f
001f
001f
001f
001f
001f
001f
001f
001f
001f
001f
001f
001f
001f
001f
001f
001f
001f
001f
001f
001f
001f
001f
001f
001f
001f
001f
001f
001f
001f
001f
001f
001f
001f
001f
001f
001f
001f
001f
001f
001f
001f
001f
001f
001f
001f
001f
001f
0399
0398
039b
039a
0b9d
0b9c
0b9f
0b9e
1391
1390
1393
1392
1b95
1b94
1b97
1b96
2389
2388
238b
238a
2b8d
2b8c
2b8f
2b8e
3381
3380
3383
3382
3b85
3b84
3b87
3b86
4399
4398
439b
439a
4b9d
4b9c
4b9f
4b9e
5391
5390
5393
5392
5b95
5b94
5b97
5b96
6389
6388
638b
638a
6b8d
6b8c
6b8f
6b8e
7381
7380
7383
7382
7b85
7b84
7b87
7b86
8399
8398
839b
839a
839a
8b9d
8b9c
8b9f
8b9e
9391
9390
9393
9392
9b95
9b94
9b97
9b96
a389
a388
a38b
a38a
ab8d
ab8c
ab8f
ab8e
b381
b380
b383
b382
bb85
bb84
bb87
bb86
c399
c398
c39b
c39a
cb9d
cb9c
cb9f
cb9e
d391
d390
d393
d392
db95
db94
db97
db96
e389
e388
e38b
e38a
eb8d
eb8c
eb8f
eb8e
f381
f380
f383
f382
fb85
fb84
fb87
001f
001f
001f
001f
001f
001f
001f
001f
001f
001f
001f
001f
001f
001f
001f
001f
001f
001f
001f
001f
001f
001f
001f
001f
001f
001f
001f
001f
001f
001f
001f
001f
001f
001f
001f
001f
001f
001f
001f
001f
001f
001f
001f
001f
001f
001f
001f
001f
001f
001f
001f
001f
001f
001f
001f
001f
001f
001f
001f
001f
001f
001f
001f
001f
001f
001f
001f
001f
001f
001f
001f
001f
001f
001f
001f
001f
001f
001f
001f
001f
001f
001f
001f
001f
001f
001f
001f
001f
001f
001f
001f
001f
001f
001f
001f
001f
001f
001f
001f
001f
001f
001f
001f
001f
001f
001f
001f
001f
001f
001f
001f
001f
001f
001f
001f
001f
001f
001f
001f
001f
001f
001f
001f
001f
001f
001f
001f
001f
001f
001f
001f
001f
001f
001f
001f
001f
001f
001f
001f
001f
001f
001f
001f
001f
001f
001f
001f
001f
001f
001f
001f
001f
001f
001f
001f
001f
001f
001f
001f
001f
03ba
03bb
03b8
03b9
0bbe
0bbf
0bbc
0bbd
13b2
13b3
13b0
13b1
1bb6
1bb7
1bb4
1bb5
23aa
23ab
23a8
23a9
2bae
2baf
2bac
2bad
33a2
33a3
33a0
33a1
3ba6
3ba7
3ba4
3ba5
43ba
43bb
43b8
43b9
4bbe
4bbf
4bbc
4bbd
53b2
53b3
53b0
53b1
5bb6
5bb7
5bb4
5bb5
63aa
63ab
63a8
63a9
6bae
6baf
6bac
6bad
73a2
73a3
73a0
73a1
7ba6
7ba7
7ba4
7ba5
83ba
83bb
83b8
83b9
83b9
8bbe
8bbf
8bbc
8bbd
93b2
93b3
93b0
93b1
9bb6
9bb7
9bb4
9bb5
a3aa
a3ab
a3a8
a3a9
abae
abaf
abac
abad
b3a2
b3a3
b3a0
b3a1
bba6
bba7
bba4
bba5
c3ba
c3bb
c3b8
c3b9
cbbe
cbbf
cbbc
cbbd
d3b2
d3b3
d3b0
d3b1
dbb6
dbb7
dbb4
dbb5
e3aa
e3ab
e3a8
e3a9
ebae
ebaf
ebac
ebad
f3a2
f3a3
f3a0
f3a1
fba6
fba7
fba4
001f
001f
001f
001f
001f
001f
001f
001f
001f
001f
001f
001f
001f
001f
001f
001f
001f
001f
001f
001f
001f
001f
001f
001f
001f
001f
001f
001f
001f
001f
001f
001f
001f
001f
001f
001f
001f
001f
001f
001f
001f
001f
001f
001f
001f
001f
001f
001f
001f
001f
001f
001f
001f
001f
001f
001f
001f
001f
001f
001f
001f
001f
001f
001f
001f
001f
001f
001f
001f
001f
001f
001f
001f
001f
001f
001f
001f
001f
001f
001f
001f
001f
001f
001f
001f
001f
001f
001f
001f
001f
001f
001f
001f
001f
001f
001f
001f
001f
001f
001f
001f
001f
001f
001f
001f
001f
001f
001f
001f
001f
001f
001f
001f
001f
001f
001f
001f
001f
001f
001f
001f
001f
001f
001f
001f
001f
001f
001f
001f
001f
001f
001f
001f
001f
001f
001f
001f
001f
001f
001f
001f
001f
001f
001f
001f
001f
001f
001f
001f
001f
001f
001f
001f
001f
001f
001f
001f
001f
001f
001f
03bb
03ba
03b9
03b8
0bbf
0bbe
0bbd
0bbc
13b3
13b2
13b1
13b0
1bb7
1bb6
1bb5
1bb4
23ab
23aa
23a9
23a8
2baf
2bae
2bad
2bac
33a3
33a2
33a1
33a0
3ba7
3ba6
3ba5
3ba4
43bb
43ba
43b9
43b8
4bbf
4bbe
4bbd
4bbc
53b3
53b2
53b1
53b0
5bb7
5bb6
5bb5
5bb4
63ab
63aa
63a9
63a8
6baf
6bae
6bad
6bac
73a3
73a2
73a1
73a0
7ba7
7ba6
7ba5
7ba4
83bb
83ba
83b9
83b8
83b8
8bbf
8bbe
8bbd
8bbc
93b3
93b2
93b1
93b0
9bb7
9bb6
9bb5
9bb4
a3ab
a3aa
a3a9
a3a8
abaf
abae
abad
abac
b3a3
b3a2
b3a1
b3a0
bba7
bba6
bba5
bba4
c3bb
c3ba
c3b9
c3b8
cbbf
cbbe
cbbd
cbbc
d3b3
d3b2
d3b1
d3b0
dbb7
dbb6
dbb5
dbb4
e3ab
e3aa
e3a9
e3a8
ebaf
ebae
ebad
ebac
f3a3
f3a2
f3a1
f3a0
fba7
fba6
fba5
001f
001f
001f
001f
001f
001f
001f
001f
001f
001f
001f
001f
001f
001f
001f
001f
001f
001f
001f
001f
001f
001f
001f
001f
001f
001f
001f
001f
001f
001f
001f
001f
001f
001f
001f
001f
001f
001f
001f
001f
001f
001f
001f
001f
001f
001f
001f
001f
001f
001f
001f
001f
001f
001f
001f
001f
001f
001f
001f
001f
001f
001f
001f
001f
001f
001f
001f
001f
001f
001f
001f
001f
001f
001f
001f
001f
001f
001f
001f
001f
001f
001f
001f
001f
001f
001f
001f
001f
001f
001f
001f
001f
001f
001f
001f
001f
001f
001f
001f
001f
001f
001f
001f
001f
001f
001f
001f
001f
001f
001f
001f
001f
001f
001f
001f
001f
001f
001f
001f
001f
001f
001f
001f
001f
001f
001f
001f
001f
001f
001f
001f
001f
001f
001f
001f
001f
001f
001f
001f
001f
001f
001f
001f
001f
001f
001f
001f
001f
001f
001f
001f
001f
001f
001f
001f
001f
001f
001f
001f
001f
03dc
03dd
03de
03df
0bd8
0bd9
0bda
0bdb
13d4
13d5
13d6
13d7
1bd0
1bd1
1bd2
1bd3
23cc
23cd
23ce
23cf
2bc8
2bc9
2bca
2bcb
33c4
33c5
33c6
33c7
3bc0
3bc1
3bc2
3bc3
43dc
43dd
43de
43df
4bd8
4bd9
4bda
4bdb
53d4
53d5
53d6
53d7
5bd0
5bd1
5bd2
5bd3
63cc
63cd
63ce
63cf
6bc8
6bc9
6bca
6bcb
73c4
73c5
73c6
73c7
7bc0
7bc1
7bc2
7bc3
83dc
83dd
83de
83df
83df
8bd8
8bd9
8bda
8bdb
93d4
93d5
93d6
93d7
9bd0
9bd1
9bd2
9bd3
a3cc
a3cd
a3ce
a3cf
abc8
abc9
abca
abcb
b3c4
b3c5
b3c6
b3c7
bbc0
bbc1
bbc2
bbc3
c3dc
c3dd
c3de
c3df
cbd8
cbd9
cbda
cbdb
d3d4
d3d5
d3d6
d3d7
dbd0
dbd1
dbd2
dbd3
e3cc
e3cd
e3ce
e3cf
ebc8
ebc9
ebca
ebcb
f3c4
f3c5
f3c6
f3c7
fbc0
fbc1
fbc2
001f
001f
001f
001f
001f
001f
001f
001f
001f
001f
001f
001f
001f
001f
001f
001f
001f
001f
001f
001f
001f
001f
001f
001f
001f
001f
001f
001f
001f
001f
001f
001f
001f
001f
001f
001f
001f
001f
001f
001f
001f
001f
001f
001f
001f
001f
001f
001f
001f
001f
001f
001f
001f
001f
001f
001f
001f
001f
001f
001f
001f
001f
001f
001f
001f
001f
001f
001f
001f
001f
001f
001f
001f
001f
001f
001f
001f
001f
001f
001f
001f
001f
001f
001f
001f
001f
001f
001f
001f
001f
001f
001f
001f
001f
001f
001f
001f
001f
001f
001f
001f
001f
001f
001f
001f
001f
001f
001f
001f
001f
001f
001f
001f
001f
001f
001f
001f
001f
001f
001f
001f
001f
001f
001f
001f
001f
001f
001f
001f
001f
001f
001f
001f
001f
001f
001f
001f
001f
001f
001f
001f
001f
001f
001f
001f
001f
001f
001f
001f
001f
001f
001f
001f
001f
001f
001f
001f
001f
001f
001f
03dd
03dc
03df
03de
0bd9
0bd8
0bdb
0bda
13d5
13d4
13d7
13d6
1bd1
1bd0
1bd3
1bd2
23cd
23cc
23cf
23ce
2bc9
2bc8
2bcb
2bca
33c5
33c4
33c7
33c6
3bc1
3bc0
3bc3
3bc2
43dd
43dc
43df
43de
4bd9
4bd8
4bdb
4bda
53d5
53d4
53d7
53d6
5bd1
5bd0
5bd3
5bd2
63cd
63cc
63cf
63ce
6bc9
6bc8
6bcb
6bca
73c5
73c4
73c7
73c6
7bc1
7bc0
7bc3
7bc2
83dd
83dc
83df
83de
83de
8bd9
8bd8
8bdb
8bda
93d5
93d4
93d7
93d6
9bd1
9bd0
9bd3
9bd2
a3cd
a3cc
a3cf
a3ce
abc9
abc8
abcb
abca
b3c5
b3c4
b3c7
b3c6
bbc1
bbc0
bbc3
bbc2
c3dd
c3dc
c3df
c3de
cbd9
cbd8
cbdb
cbda
d3d5
d3d4
d3d7
d3d6
dbd1
dbd0
dbd3
dbd2
e3cd
e3cc
e3cf
e3ce
ebc9
ebc8
ebcb
ebca
f3c5
f3c4
f3c7
f3c6
fbc1
fbc0
fbc3
001f
001f
001f
001f
001f
001f
001f
001f
001f
001f
001f
001f
001f
001f
001f
001f
001f
001f
001f
001f
001f
001f
001f
001f
001f
001f
001f
001f
001f
001f
001f
001f
001f
001f
001f
001f
001f
001f
001f
001f
001f
001f
001f
001f
001f
001f
001f
001f
001f
001f
001f
001f
001f
001f
001f
001f
001f
001f
001f
001f
001f
001f
001f
001f
001f
001f
001f
001f
001f
001f
001f
001f
001f
001f
001f
001f
001f
001f
001f
001f
001f
001f
001f
001f
001f
001f
001f
001f
001f
001f
001f
001f
001f
001f
001f
001f
001f
001f
001f
001f
001f
001f
001f
001f
001f
001f
001f
001f
001f
001f
001f
001f
001f
001f
001f
001f
001f
001f
001f
001f
001f
001f
001f
001f
001f
001f
001f
001f
001f
001f
001f
001f
001f
001f
001f
001f
001f
001f
001f
001f
001f
001f
001f
001f
001f
001f
001f
001f
001f
001f
001f
001f
001f
001f
001f
001f
001f
001f
001f
001f
03fe
03ff
03fc
03fd
0bfa
0bfb
0bf8
0bf9
13f6
13f7
13f4
13f5
1bf2
1bf3
1bf0
1bf1
23ee
23ef
23ec
23ed
2bea
2beb
2be8
2be9
33e6
33e7
33e4
33e5
3be2
3be3
3be0
3be1
43fe
43ff
43fc
43fd
4bfa
4bfb
4bf8
4bf9
53f6
53f7
53f4
53f5
5bf2
5bf3
5bf0
5bf1
63ee
63ef
63ec
63ed
6bea
6beb
6be8
6be9
73e6
73e7
73e4
73e5
7be2
7be3
7be0
7be1
83fe
83ff
83fc
83fd
83fd
8bfa
8bfb
8bf8
8bf9
93f6
93f7
93f4
93f5
9bf2
9bf3
9bf0
9bf1
a3ee
a3ef
a3ec
a3ed
abea
abeb
abe8
abe9
b3e6
b3e7
b3e4
b3e5
bbe2
bbe3
bbe0
bbe1
c3fe
c3ff
c3fc
c3fd
cbfa
cbfb
cbf8
cbf9
d3f6
d3f7
d3f4
d3f5
dbf2
dbf3
dbf0
dbf1
e3ee
e3ef
e3ec
e3ed
ebea
ebeb
ebe8
ebe9
f3e6
f3e7
f3e4
f3e5
fbe2
fbe3
fbe0
001f
001f
001f
001f
001f
001f
001f
001f
001f
001f
001f
001f
001f
001f
001f
001f
001f
001f
001f
001f
001f
001f
001f
001f
001f
001f
001f
001f
001f
001f
001f
001f
001f
001f
001f
001f
001f
001f
001f
001f
001f
001f
001f
001f
001f
001f
001f
001f
001f
001f
001f
001f
001f
001f
001f
001f
001f
001f
001f
001f
001f
001f
001f
001f
001f
001f
001f
001f
001f
001f
001f
001f
001f
001f
001f
001f
001f
001f
001f
001f
001f
001f
001f
001f
001f
001f
001f
001f
001f
001f
001f
001f
001f
001f
001f
001f
001f
001f
001f
001f
001f
001f
001f
001f
001f
001f
001f
001f
001f
001f
001f
001f
001f
001f
001f
001f
001f
001f
001f
001f
001f
001f
001f
001f
001f
001f
001f
001f
001f
001f
001f
001f
001f
001f
001f
001f
001f
001f
001f
001f
001f
001f
001f
001f
001f
001f
001f
001f
001f
001f
001f
001f
001f
001f
001f
001f
001f
001f
001f
001f
03ff
03fe
03fd
03fc
0bfb
0bfa
0bf9
0bf8
13f7
13f6
13f5
13f4
1bf3
1bf2
1bf1
1bf0
23ef
23ee
23ed
23ec
2beb
2bea
2be9
2be8
33e7
33e6
33e5
33e4
3be3
3be2
3be1
3be0
43ff
43fe
43fd
43fc
4bfb
4bfa
4bf9
4bf8
53f7
53f6
53f5
53f4
5bf3
5bf2
5bf1
5bf0
63ef
63ee
63ed
63ec
6beb
6bea
6be9
6be8
73e7
73e6
73e5
73e4
7be3
7be2
7be1
7be0
83ff
83fe
83fd
83fc
83fc
8bfb
8bfa
8bf9
8bf8
93f7
93f6
93f5
93f4
9bf3
9bf2
9bf1
9bf0
a3ef
a3ee
a3ed
a3ec
abeb
abea
abe9
abe8
b3e7
b3e6
b3e5
b3e4
bbe3
bbe2
bbe1
bbe0
c3ff
c3fe
c3fd
c3fc
cbfb
cbfa
cbf9
cbf8
d3f7
d3f6
d3f5
d3f4
dbf3
dbf2
dbf1
dbf0
e3ef
e3ee
e3ed
e3ec
ebeb
ebea
ebe9
ebe8
f3e7
f3e6
f3e5
f3e4
fbe3
fbe2
fbe1
001f
001f
001f
001f
001f
001f
001f
001f
001f
001f
001f
001f
001f
001f
001f
001f
001f
001f
001f
001f
001f
001f
001f
001f
001f
001f
001f
001f
001f
001f
001f
001f
001f
001f
001f
001f
001f
001f
001f
001f
001f
001f
001f
001f
001f
001f
001f
001f
001f
001f
001f
001f
001f
001f
001f
001f
001f
001f
001f
001f
001f
001f
001f
001f
001f
001f
001f
001f
001f
001f
001f
001f
001f
001f
001f
001f
001f
001f
001f
001f
001f
001f
001f
001f
001f
001f
001f
001f
001f
001f
001f
001f
001f
001f
001f
001f
001f
001f
001f
001f
001f
001f
001f
001f
001f
001f
001f
001f
001f
001f
001f
001f
001f
001f
001f
001f
001f
001f
001f
001f
001f
001f
001f
001f
001f
001f
001f
001f
001f
001f
001f
001f
001f
001f
001f
001f
001f
001f
001f
001f
001f
001f
001f
001f
001f
001f
001f
001f
001f
001f
001f
001f
001f
001f
001f
001f
001f
001f
001f
001f
0400
0401
0402
0403
0c04
0c05
0c06
0c07
1408
1409
140a
140b
1c0c
1c0d
1c0e
1c0f
2410
2411
2412
2413
2c14
2c15
2c16
2c17
3418
3419
341a
341b
3c1c
3c1d
3c1e
3c1f
4400
4401
4402
4403
4c04
4c05
4c06
4c07
5408
5409
540a
540b
5c0c
5c0d
5c0e
5c0f
6410
6411
6412
6413
6c14
6c15
6c16
6c17
7418
7419
741a
741b
7c1c
7c1d
7c1e
7c1f
8400
8401
8402
8403
8403
8c04
8c05
8c06
8c07
9408
9409
940a
940b
9c0c
9c0d
9c0e
9c0f
a410
a411
a412
a413
ac14
ac15
ac16
ac17
b418
b419
b41a
b41b
bc1c
bc1d
bc1e
bc1f
c400
c401
c402
c403
cc04
cc05
cc06
cc07
d408
d409
d40a
d40b
dc0c
dc0d
dc0e
dc0f
e410
e411
e412
e413
ec14
ec15
ec16
ec17
f418
f419
f41a
f41b
fc1c
fc1d
fc1e
001f
001f
001f
001f
001f
001f
001f
001f
001f
001f
001f
001f
001f
001f
001f
001f
001f
001f
001f
001f
001f
001f
001f
001f
001f
001f
001f
001f
001f
001f
001f
001f
001f
001f
001f
001f
001f
001f
001f
001f
001f
001f
001f
001f
001f
001f
001f
001f
001f
001f
001f
001f
001f
001f
001f
001f
001f
001f
001f
001f
001f
001f
001f
001f
001f
001f
001f
001f
001f
001f
001f
001f
001f
001f
001f
001f
001f
001f
001f
001f
001f
001f
001f
001f
001f
001f
001f
001f
001f
001f
001f
001f
001f
001f
001f
001f
001f
001f
001f
001f
001f
001f
001f
001f
001f
001f
001f
001f
001f
001f
001f
001f
001f
001f
001f
001f
001f
001f
001f
001f
001f
001f
001f
001f
001f
001f
001f
001f
001f
001f
001f
001f
001f
001f
001f
001f
001f
001f
001f
001f
001f
001f
001f
001f
001f
001f
001f
001f
001f
001f
001f
001f
001f
001f
001f
001f
001f
001f
001f
001f
0401
0400
0403
0402
0c05
0c04
0c07
0c06
1409
1408
140b
140a
1c0d
1c0c
1c0f
1c0e
2411
2410
2413
2412
2c15
2c14
2c17
2c16
3419
3418
341b
341a
3c1d
3c1c
3c1f
3c1e
4401
4400
4403
4402
4c05
4c04
4c07
4c06
5409
5408
540b
540a
5c0d
5c0c
5c0f
5c0e
6411
6410
6413
6412
6c15
6c14
6c17
6c16
7419
7418
741b
741a
7c1d
7c1c
7c1f
7c1e
8401
8400
8403
8402
8402
8c05
8c04
8c07
8c06
9409
9408
940b
940a
9c0d
9c0c
9c0f
9c0e
a411
a410
a413
a412
ac15
ac14
ac17
ac16
b419
b418
b41b
b41a
bc1d
bc1c
bc1f
bc1e
c401
c400
c403
c402
cc05
cc04
cc07
cc06
d409
d408
d40b
d40a
dc0d
dc0c
dc0f
dc0e
e411
e410
e413
e412
ec15
ec14
ec17
ec16
f419
f418
f41b
f41a
fc1d
fc1c
fc1f
001f
001f
001f
001f
001f
001f
001f
001f
001f
001f
001f
001f
001f
001f
001f
001f
001f
001f
001f
001f
001f
001f
001f
001f
001f
001f
001f
001f
001f
001f
001f
001f
001f
001f
001f
001f
001f
001f
001f
001f
001f
001f
001f
001f
001f
001f
001f
001f
001f
001f
001f
001f
001f
001f
001f
001f
001f
001f
001f
001f
001f
001f
001f
001f
001f
001f
001f
001f
001f
001f
001f
001f
001f
001f
001f
001f
001f
001f
001f
001f
001f
001f
001f
001f
001f
001f
001f
001f
001f
001f
001f
001f
001f
001f
001f
001f
001f
001f
001f
001f
001f
001f
001f
001f
001f
001f
001f
001f
001f
001f
001f
001f
001f
001f
001f
001f
001f
001f
001f
001f
001f
001f
001f
001f
001f
001f
001f
001f
001f
001f
001f
001f
001f
001f
001f
001f
001f
001f
001f
001f
001f
001f
001f
001f
001f
001f
001f
001f
001f
001f
001f
001f
001f
001f
001f
001f
001f
001f
001f
001f
0422
0423
0420
0421
0c26
0c27
0c24
0c25
142a
142b
1428
1429
1c2e
1c2f
1c2c
1c2d
2432
2433
2430
2431
2c36
2c37
2c34
2c35
343a
343b
3438
3439
3c3e
3c3f
3c3c
3c3d
4422
4423
4420
4421
4c26
4c27
4c24
4c25
542a
542b
5428
5429
5c2e
5c2f
5c2c
5c2d
6432
6433
6430
6431
6c36
6c37
6c34
6c35
743a
743b
7438
7439
7c3e
7c3f
7c3c
7c3d
8422
8423
8420
8421
8421
8c26
8c27
8c24
8c25
942a
942b
9428
9429
9c2e
9c2f
9c2c
9c2d
a432
a433
a430
a431
ac36
ac37
ac34
ac35
b43a
b43b
b438
b439
bc3e
bc3f
bc3c
bc3d
c422
c423
c420
c421
cc26
cc27
cc24
cc25
d42a
d42b
d428
d429
dc2e
dc2f
dc2c
dc2d
e432
e433
e430
e431
ec36
ec37
ec34
ec35
f43a
f43b
f438
f439
fc3e
fc3f
fc3c
001f
001f
001f
001f
001f
001f
001f
001f
001f
001f
001f
001f
001f
001f
001f
001f
001f
001f
001f
001f
001f
001f
001f
001f
001f
001f
001f
001f
001f
001f
001f
001f
001f
001f
001f
001f
001f
001f
001f
001f
001f
001f
001f
001f
001f
001f
001f
001f
001f
001f
001f
001f
001f
001f
001f
001f
001f
001f
001f
001f
001f
001f
001f
001f
001f
001f
001f
001f
001f
001f
001f
001f
001f
001f
001f
001f
001f
001f
001f
001f
001f
001f
001f
001f
001f
001f
001f
001f
001f
001f
001f
001f
001f
001f
001f
001f
001f
001f
001f
001f
001f
001f
001f
001f
001f
001f
001f
001f
001f
001f
001f
001f
001f
001f
001f
001f
001f
001f
001f
001f
001f
001f
001f
001f
001f
001f
001f
001f
001f
001f
001f
001f
001f
001f
001f
001f
001f
001f
001f
001f
001f
001f
001f
001f
001f
001f
001f
001f
001f
001f
001f
001f
001f
001f
001f
001f
001f
001f
001f
001f
0423
0422
0421
0420
0c27
0c26
0c25
0c24
142b
142a
1429
1428
1c2f
1c2e
1c2d
1c2c
2433
2432
2431
2430
2c37
2c36
2c35
2c34
343b
343a
3439
3438
3c3f
3c3e
3c3d
3c3c
4423
4422
4421
4420
4c27
4c26
4c25
4c24
542b
542a
5429
5428
5c2f
5c2e
5c2d
5c2c
6433
6432
6431
6430
6c37
6c36
6c35
6c34
743b
743a
7439
7438
7c3f
7c3e
7c3d
7c3c
8423
8422
8421
8420
8420
8c27
8c26
8c25
8c24
942b
942a
9429
9428
9c2f
9c2e
9c2d
9c2c
a433
a432
a431
a430
ac37
ac36
ac35
ac34
b43b
b43a
b439
b438
bc3f
bc3e
bc3d
bc3c
c423
c422
c421
c420
cc27
cc26
cc25
cc24
d42b
d42a
d429
d428
dc2f
dc2e
dc2d
dc2c
e433
e432
e431
e430
ec37
ec36
ec35
ec34
f43b
f43a
f439
f438
fc3f
fc3e
fc3d
001f
001f
001f
001f
001f
001f
001f
001f
001f
001f
001f
001f
001f
001f
001f
001f
001f
001f
001f
001f
001f
001f
001f
001f
001f
001f
001f
001f
001f
001f
001f
001f
001f
001f
001f
001f
001f
001f
001f
001f
001f
001f
001f
001f
001f
001f
001f
001f
001f
001f
001f
001f
001f
001f
001f
001f
001f
001f
001f
001f
001f
001f
001f
001f
001f
001f
001f
001f
001f
001f
001f
001f
001f
001f
001f
001f
001f
001f
001f
001f
001f
001f
001f
001f
001f
001f
001f
001f
001f
001f
001f
001f
001f
001f
001f
001f
001f
001f
001f
001f
001f
001f
001f
001f
001f
001f
001f
001f
001f
001f
001f
001f
001f
001f
001f
001f
001f
001f
001f
001f
001f
001f
001f
001f
001f
001f
001f
001f
001f
001f
001f
001f
001f
001f
001f
001f
001f
001f
001f
001f
001f
001f
001f
001f
001f
001f
001f
001f
001f
001f
001f
001f
001f
001f
001f
001f
001f
001f
001f
001f
0423
0422
0421
0420
0c27
0c26
0c25
0c24
142b
142a
1429
1428
1c2f
1c2e
1c2d
1c2c
2433
2432
2431
2430
2c37
2c36
2c35
2c34
343b
343a
3439
3438
3c3f
3c3e
3c3d
3c3c
4423
4422
4421
4420
4c27
4c26
4c25
4c24
542b
542a
5429
5428
5c2f
5c2e
5c2d
5c2c
6433
6432
6431
6430
6c37
6c36
6c35
6c34
743b
743a
7439
7438
7c3f
7c3e
7c3d
7c3c
8423
8422
8421
8420
8420
8c27
8c26
8c25
8c24
942b
942a
9429
9428
9c2f
9c2e
9c2d
9c2c
a433
a432
a431
a430
ac37
ac36
ac35
ac34
b43b
b43a
b439
b438
bc3f
bc3e
bc3d
bc3c
c423
c422
c421
c420
cc27
cc26
cc25
cc24
d42b
d42a
d429
d428
dc2f
dc2e
dc2d
dc2c
e433
e432
e431
e430
ec37
ec36
ec35
ec34
f43b
f43a
f439
f438
fc3f
fc3e
fc3d
001f
001f
001f
001f
001f
001f
001f
001f
001f
001f
001f
001f
001f
001f
001f
001f
001f
001f
001f
001f
001f
001f
001f
001f
001f
001f
001f
001f
001f
001f
001f
001f
001f
001f
001f
001f
001f
001f
001f
001f
001f
001f
001f
001f
001f
001f
001f
001f
001f
001f
001f
001f
001f
001f
001f
001f
001f
001f
001f
001f
001f
001f
001f
001f
001f
001f
001f
001f
001f
001f
001f
001f
001f
001f
001f
001f
001f
001f
001f
001f
001f
001f
001f
001f
001f
001f
001f
001f
001f
001f
001f
001f
001f
001f
001f
001f
001f
001f
001f
001f
001f
001f
001f
001f
001f
001f
001f
001f
001f
001f
001f
001f
001f
001f
001f
001f
001f
001f
001f
001f
001f
001f
001f
001f
001f
001f
001f
001f
001f
001f
001f
001f
001f
001f
001f
001f
001f
001f
001f
001f
001f
001f
001f
001f
001f
001f
001f
001f
001f
001f
001f
001f
001f
001f
001f
001f
001f
001f
001f
001f
0444
0445
0446
0447
0c40
0c41
0c42
0c43
144c
144d
144e
144f
1c48
1c49
1c4a
1c4b
2454
2455
2456
2457
2c50
2c51
2c52
2c53
345c
345d
345e
345f
3c58
3c59
3c5a
3c5b
4444
4445
4446
4447
4c40
4c41
4c42
4c43
544c
544d
544e
544f
5c48
5c49
5c4a
5c4b
6454
6455
6456
6457
6c50
6c51
6c52
6c53
745c
745d
745e
745f
7c58
7c59
7c5a
7c5b
8444
8445
8446
8447
8447
8c40
8c41
8c42
8c43
944c
944d
944e
944f
9c48
9c49
9c4a
9c4b
a454
a455
a456
a457
ac50
ac51
ac52
ac53
b45c
b45d
b45e
b45f
bc58
bc59
bc5a
bc5b
c444
c445
c446
c447
cc40
cc41
cc42
cc43
d44c
d44d
d44e
d44f
dc48
dc49
dc4a
dc4b
e454
e455
e456
e457
ec50
ec51
ec52
ec53
f45c
f45d
f45e
f45f
fc58
fc59
fc5a
001f
001f
001f
001f
001f
001f
001f
001f
001f
001f
001f
001f
001f
001f
001f
001f
001f
001f
001f
001f
001f
001f
001f
001f
001f
001f
001f
001f
001f
001f
001f
001f
001f
001f
001f
001f
001f
001f
001f
001f
001f
001f
001f
001f
001f
001f
001f
001f
001f
001f
001f
001f
001f
001f
001f
001f
001f
001f
001f
001f
001f
001f
001f
001f
001f
001f
001f
001f
001f
001f
001f
001f
001f
001f
001f
001f
001f
001f
001f
001f
001f
001f
001f
001f
001f
001f
001f
001f
001f
001f
001f
001f
001f
001f
001f
001f
001f
001f
001f
001f
001f
001f
001f
001f
001f
001f
001f
001f
001f
001f
001f
001f
001f
001f
001f
001f
001f
001f
001f
001f
001f
001f
001f
001f
001f
001f
001f
001f
001f
001f
001f
001f
001f
001f
001f
001f
001f
001f
001f
001f
001f
001f
001f
001f
001f
001f
001f
001f
001f
001f
001f
001f
001f
001f
001f
001f
001f
001f
001f
001f
0445
0444
0447
0446
0c41
0c40
0c43
0c42
144d
144c
144f
144e
1c49
1c48
1c4b
1c4a
2455
2454
2457
2456
2c51
2c50
2c53
2c52
345d
345c
345f
345e
3c59
3c58
3c5b
3c5a
4445
4444
4447
4446
4c41
4c40
4c43
4c42
544d
544c
544f
544e
5c49
5c48
5c4b
5c4a
6455
6454
6457
6456
6c51
6c50
6c53
6c52
745d
745c
745f
745e
7c59
7c58
7c5b
7c5a
8445
8444
8447
8446
8446
8c41
8c40
8c43
8c42
944d
944c
944f
944e
9c49
9c48
9c4b
9c4a
a455
a454
a457
a456
ac51
ac50
ac53
ac52
b45d
b45c
b45f
b45e
bc59
bc58
bc5b
bc5a
c445
c444
c447
c446
cc41
cc40
cc43
cc42
d44d
d44c
d44f
d44e
dc49
dc48
dc4b
dc4a
e455
e454
e457
e456
ec51
ec50
ec53
ec52
f45d
f45c
f45f
f45e
fc59
fc58
fc5b
001f
001f
001f
001f
001f
001f
001f
001f
001f
001f
001f
001f
001f
001f
001f
001f
001f
001f
001f
001f
001f
001f
001f
001f
001f
001f
001f
001f
001f
001f
001f
001f
001f
001f
001f
001f
001f
001f
001f
001f
001f
001f
001f
001f
001f
001f
001f
001f
001f
001f
001f
001f
001f
001f
001f
001f
001f
001f
001f
001f
001f
001f
001f
001f
001f
001f
001f
001f
001f
001f
001f
001f
001f
001f
001f
001f
001f
001f
001f
001f
001f
001f
001f
001f
001f
001f
001f
001f
001f
001f
001f
001f
001f
001f
001f
001f
001f
001f
001f
001f
001f
001f
001f
001f
001f
001f
001f
001f
001f
001f
001f
001f
001f
001f
001f
001f
001f
001f
001f
001f
001f
001f
001f
001f
001f
001f
001f
001f
001f
001f
001f
001f
001f
001f
001f
001f
001f
001f
001f
001f
001f
001f
001f
001f
001f
001f
001f
001f
001f
001f
001f
001f
001f
001f
001f
001f
001f
001f
001f
001f
0466
0467
0464
0465
0c62
0c63
0c60
0c61
146e
146f
146c
146d
1c6a
1c6b
1c68
1c69
2476
2477
2474
2475
2c72
2c73
2c70
2c71
347e
347f
347c
347d
3c7a
3c7b
3c78
3c79
4466
4467
4464
4465
4c62
4c63
4c60
4c61
546e
546f
546c
546d
5c6a
5c6b
5c68
5c69
6476
6477
6474
6475
6c72
6c73
6c70
6c71
747e
747f
747c
747d
7c7a
7c7b
7c78
7c79
8466
8467
8464
8465
8465
8c62
8c63
8c60
8c61
946e
946f
946c
946d
9c6a
9c6b
9c68
9c69
a476
a477
a474
a475
ac72
ac73
ac70
ac71
b47e
b47f
b47c
b47d
bc7a
bc7b
bc78
bc79
c466
c467
c464
c465
cc62
cc63
cc60
cc61
d46e
d46f
d46c
d46d
dc6a
dc6b
dc68
dc69
e476
e477
e474
e475
ec72
ec73
ec70
ec71
f47e
f47f
f47c
f47d
fc7a
fc7b
fc78
001f
001f
001f
001f
001f
001f
001f
001f
001f
001f
001f
001f
001f
001f
001f
001f
001f
001f
001f
001f
001f
001f
001f
001f
001f
001f
001f
001f
001f
001f
001f
001f
001f
001f
001f
001f
001f
001f
001f
001f
001f
001f
001f
001f
001f
001f
001f
001f
001f
001f
001f
001f
001f
001f
001f
001f
001f
001f
001f
001f
001f
001f
001f
001f
001f
001f
001f
001f
001f
001f
001f
001f
001f
001f
001f
001f
001f
001f
001f
001f
001f
001f
001f
001f
001f
001f
001f
001f
001f
001f
001f
001f
001f
001f
001f
001f
001f
001f
001f
001f
001f
001f
001f
001f
001f
001f
001f
001f
001f
001f
001f
001f
001f
001f
001f
001f
001f
001f
001f
001f
001f
001f
001f
001f
001f
001f
001f
001f
001f
001f
001f
001f
001f
001f
001f
001f
001f
001f
001f
001f
001f
001f
001f
001f
001f
001f
001f
001f
001f
001f
001f
001f
001f
001f
001f
001f
001f
001f
001f
001f
0467
0466
0465
0464
0c63
0c62
0c61
0c60
146f
146e
146d
146c
1c6b
1c6a
1c69
1c68
2477
2476
2475
2474
2c73
2c72
2c71
2c70
347f
347e
347d
347c
3c7b
3c7a
3c79
3c78
4467
4466
4465
4464
4c63
4c62
4c61
4c60
546f
546e
546d
546c
5c6b
5c6a
5c69
5c68
6477
6476
6475
6474
6c73
6c72
6c71
6c70
747f
747e
747d
747c
7c7b
7c7a
7c79
7c78
8467
8466
8465
8464
8464
8c63
8c62
8c61
8c60
946f
946e
946d
946c
9c6b
9c6a
9c69
9c68
a477
a476
a475
a474
ac73
ac72
ac71
ac70
b47f
b47e
b47d
b47c
bc7b
bc7a
bc79
bc78
c467
c466
c465
c464
cc63
cc62
cc61
cc60
d46f
d46e
d46d
d46c
dc6b
dc6a
dc69
dc68
e477
e476
e475
e474
ec73
ec72
ec71
ec70
f47f
f47e
f47d
f47c
fc7b
fc7a
fc79
001f
001f
001f
001f
001f
001f
001f
001f
001f
001f
001f
001f
001f
001f
001f
001f
001f
001f
001f
001f
001f
001f
001f
001f
001f
001f
001f
001f
001f
001f
001f
001f
001f
001f
001f
001f
001f
001f
001f
001f
001f
001f
001f
001f
001f
001f
001f
001f
001f
001f
001f
001f
001f
001f
001f
001f
001f
001f
001f
001f
001f
001f
001f
001f
001f
001f
001f
001f
001f
001f
001f
001f
001f
001f
001f
001f
001f
001f
001f
001f
001f
001f
001f
001f
001f
001f
001f
001f
001f
001f
001f
001f
001f
001f
001f
001f
001f
001f
001f
001f
001f
001f
001f
001f
001f
001f
001f
001f
001f
001f
001f
001f
001f
001f
001f
001f
001f
001f
001f
001f
001f
001f
001f
001f
001f
001f
001f
001f
001f
001f
001f
001f
001f
001f
001f
001f
001f
001f
001f
001f
001f
001f
001f
001f
001f
001f
001f
001f
001f
001f
001f
001f
001f
001f
001f
001f
001f
001f
001f
001f
0488
0489
048a
048b
0c8c
0c8d
0c8e
0c8f
1480
1481
1482
1483
1c84
1c85
1c86
1c87
2498
2499
249a
249b
2c9c
2c9d
2c9e
2c9f
3490
3491
3492
3493
3c94
3c95
3c96
3c97
4488
4489
448a
448b
4c8c
4c8d
4c8e
4c8f
5480
5481
5482
5483
5c84
5c85
5c86
5c87
6498
6499
649a
649b
6c9c
6c9d
6c9e
6c9f
7490
7491
7492
7493
7c94
7c95
7c96
7c97
8488
8489
848a
848b
848b
8c8c
8c8d
8c8e
8c8f
9480
9481
9482
9483
9c84
9c85
9c86
9c87
a498
a499
a49a
a49b
ac9c
ac9d
ac9e
ac9f
b490
b491
b492
b493
bc94
bc95
bc96
bc97
c488
c489
c48a
c48b
cc8c
cc8d
cc8e
cc8f
d480
d481
d482
d483
dc84
dc85
dc86
dc87
e498
e499
e49a
e49b
ec9c
ec9d
ec9e
ec9f
f490
f491
f492
f493
fc94
fc95
fc96
001f
001f
001f
001f
001f
001f
001f
001f
001f
001f
001f
001f
001f
001f
001f
001f
001f
001f
001f
001f
001f
001f
001f
001f
001f
001f
001f
001f
001f
001f
001f
001f
001f
001f
001f
001f
001f
001f
001f
001f
001f
001f
001f
001f
001f
001f
001f
001f
001f
001f
001f
001f
001f
001f
001f
001f
001f
001f
001f
001f
001f
001f
001f
001f
001f
001f
001f
001f
001f
001f
001f
001f
001f
001f
001f
001f
001f
001f
001f
001f
001f
001f
001f
001f
001f
001f
001f
001f
001f
001f
001f
001f
001f
001f
001f
001f
001f
001f
001f
001f
001f
001f
001f
001f
001f
001f
001f
001f
001f
001f
001f
001f
001f
001f
001f
001f
001f
001f
001f
001f
001f
001f
001f
001f
001f
001f
001f
001f
001f
001f
001f
001f
001f
001f
001f
001f
001f
001f
001f
001f
001f
001f
001f
001f
001f
001f
001f
001f
001f
001f
001f
001f
001f
001f
001f
001f
001f
001f
001f
001f
0489
0488
048b
048a
0c8d
0c8c
0c8f
0c8e
1481
1480
1483
1482
1c85
1c84
1c87
1c86
2499
2498
249b
249a
2c9d
2c9c
2c9f
2c9e
3491
3490
3493
3492
3c95
3c94
3c97
3c96
4489
4488
448b
448a
4c8d
4c8c
4c8f
4c8e
5481
5480
5483
5482
5c85
5c84
5c87
5c86
6499
6498
649b
649a
6c9d
6c9c
6c9f
6c9e
7491
7490
7493
7492
7c95
7c94
7c97
7c96
8489
8488
848b
848a
848a
8c8d
8c8c
8c8f
8c8e
9481
9480
9483
9482
9c85
9c84
9c87
9c86
a499
a498
a49b
a49a
ac9d
ac9c
ac9f
ac9e
b491
b490
b493
b492
bc95
bc94
bc97
bc96
c489
c488
c48b
c48a
cc8d
cc8c
cc8f
cc8e
d481
d480
d483
d482
dc85
dc84
dc87
dc86
e499
e498
e49b
e49a
ec9d
ec9c
ec9f
ec9e
f491
f490
f493
f492
fc95
fc94
fc97
001f
001f
001f
001f
001f
001f
001f
001f
001f
001f
001f
001f
001f
001f
001f
001f
001f
001f
001f
001f
001f
001f
001f
001f
001f
001f
001f
001f
001f
001f
001f
001f
001f
001f
001f
001f
001f
001f
001f
001f
001f
001f
001f
001f
001f
001f
001f
001f
001f
001f
001f
001f
001f
001f
001f
001f
001f
001f
001f
001f
001f
001f
001f
001f
001f
001f
001f
001f
001f
001f
001f
001f
001f
001f
001f
001f
001f
001f
001f
001f
001f
001f
001f
001f
001f
001f
001f
001f
001f
001f
001f
001f
001f
001f
001f
001f
001f
001f
001f
001f
001f
001f
001f
001f
001f
001f
001f
001f
001f
001f
001f
001f
001f
001f
001f
001f
001f
001f
001f
001f
001f
001f
001f
001f
001f
001f
001f
001f
001f
001f
001f
001f
001f
001f
001f
001f
001f
001f
001f
001f
001f
001f
001f
001f
001f
001f
001f
001f
001f
001f
001f
001f
001f
001f
001f
001f
001f
001f
001f
001f
04aa
04ab
04a8
04a9
0cae
0caf
0cac
0cad
14a2
14a3
14a0
14a1
1ca6
1ca7
1ca4
1ca5
24ba
24bb
24b8
24b9
2cbe
2cbf
2cbc
2cbd
34b2
34b3
34b0
34b1
3cb6
3cb7
3cb4
3cb5
44aa
44ab
44a8
44a9
4cae
4caf
4cac
4cad
54a2
54a3
54a0
54a1
5ca6
5ca7
5ca4
5ca5
64ba
64bb
64b8
64b9
6cbe
6cbf
6cbc
6cbd
74b2
74b3
74b0
74b1
7cb6
7cb7
7cb4
7cb5
84aa
84ab
84a8
84a9
84a9
8cae
8caf
8cac
8cad
94a2
94a3
94a0
94a1
9ca6
9ca7
9ca4
9ca5
a4ba
a4bb
a4b8
a4b9
acbe
acbf
acbc
acbd
b4b2
b4b3
b4b0
b4b1
bcb6
bcb7
bcb4
bcb5
c4aa
c4ab
c4a8
c4a9
ccae
ccaf
ccac
ccad
d4a2
d4a3
d4a0
d4a1
dca6
dca7
dca4
dca5
e4ba
e4bb
e4b8
e4b9
ecbe
ecbf
ecbc
ecbd
f4b2
f4b3
f4b0
f4b1
fcb6
fcb7
fcb4
001f
001f
001f
001f
001f
001f
001f
001f
001f
001f
001f
001f
001f
001f
001f
001f
001f
001f
001f
001f
001f
001f
001f
001f
001f
001f
001f
001f
001f
001f
001f
001f
001f
001f
001f
001f
001f
001f
001f
001f
001f
001f
001f
001f
001f
001f
001f
001f
001f
001f
001f
001f
001f
001f
001f
001f
001f
001f
001f
001f
001f
001f
001f
001f
001f
001f
001f
001f
001f
001f
001f
001f
001f
001f
001f
001f
001f
001f
001f
001f
001f
001f
001f
001f
001f
001f
001f
001f
001f
001f
001f
001f
001f
001f
001f
001f
001f
001f
001f
001f
001f
001f
001f
001f
001f
001f
001f
001f
001f
001f
001f
001f
001f
001f
001f
001f
001f
001f
001f
001f
001f
001f
001f
001f
001f
001f
001f
001f
001f
001f
001f
001f
001f
001f
001f
001f
001f
001f
001f
001f
001f
001f
001f
001f
001f
001f
001f
001f
001f
001f
001f
001f
001f
001f
001f
001f
001f
001f
001f
001f
04ab
04aa
04a9
04a8
0caf
0cae
0cad
0cac
14a3
14a2
14a1
14a0
1ca7
1ca6
1ca5
1ca4
24bb
24ba
24b9
24b8
2cbf
2cbe
2cbd
2cbc
34b3
34b2
34b1
34b0
3cb7
3cb6
3cb5
3cb4
44ab
44aa
44a9
44a8
4caf
4cae
4cad
4cac
54a3
54a2
54a1
54a0
5ca7
5ca6
5ca5
5ca4
64bb
64ba
64b9
64b8
6cbf
6cbe
6cbd
6cbc
74b3
74b2
74b1
74b0
7cb7
7cb6
7cb5
7cb4
84ab
84aa
84a9
84a8
84a8
8caf
8cae
8cad
8cac
94a3
94a2
94a1
94a0
9ca7
9ca6
9ca5
9ca4
a4bb
a4ba
a4b9
a4b8
acbf
acbe
acbd
acbc
b4b3
b4b2
b4b1
b4b0
bcb7
bcb6
bcb5
bcb4
c4ab
c4aa
c4a9
c4a8
ccaf
ccae
ccad
ccac
d4a3
d4a2
d4a1
d4a0
dca7
dca6
dca5
dca4
e4bb
e4ba
e4b9
e4b8
ecbf
ecbe
ecbd
ecbc
f4b3
f4b2
f4b1
f4b0
fcb7
fcb6
fcb5
001f
001f
001f
001f
001f
001f
001f
001f
001f
001f
001f
001f
001f
001f
001f
001f
001f
001f
001f
001f
001f
001f
001f
001f
001f
001f
001f
001f
001f
001f
001f
001f
001f
001f
001f
001f
001f
001f
001f
001f
001f
001f
001f
001f
001f
001f
001f
001f
001f
001f
001f
001f
001f
001f
001f
001f
001f
001f
001f
001f
001f
001f
001f
001f
001f
001f
001f
001f
001f
001f
001f
001f
001f
001f
001f
001f
001f
001f
001f
001f
001f
001f
001f
001f
001f
001f
001f
001f
001f
001f
001f
001f
001f
001f
001f
001f
001f
001f
001f
001f
001f
001f
001f
001f
001f
001f
001f
001f
001f
001f
001f
001f
001f
001f
001f
001f
001f
001f
001f
001f
001f
001f
001f
001f
001f
001f
001f
001f
001f
001f
001f
001f
001f
001f
001f
001f
001f
001f
001f
001f
001f
001f
001f
001f
001f
001f
001f
001f
001f
001f
001f
001f
001f
001f
001f
001f
001f
001f
001f
001f
04cc
04cd
04ce
04cf
0cc8
0cc9
0cca
0ccb
14c4
14c5
14c6
14c7
1cc0
1cc1
1cc2
1cc3
24dc
24dd
24de
24df
2cd8
2cd9
2cda
2cdb
34d4
34d5
34d6
34d7
3cd0
3cd1
3cd2
3cd3
44cc
44cd
44ce
44cf
4cc8
4cc9
4cca
4ccb
54c4
54c5
54c6
54c7
5cc0
5cc1
5cc2
5cc3
64dc
64dd
64de
64df
6cd8
6cd9
6cda
6cdb
74d4
74d5
74d6
74d7
7cd0
7cd1
7cd2
7cd3
84cc
84cd
84ce
84cf
84cf
8cc8
8cc9
8cca
8ccb
94c4
94c5
94c6
94c7
9cc0
9cc1
9cc2
9cc3
a4dc
a4dd
a4de
a4df
acd8
acd9
acda
acdb
b4d4
b4d5
b4d6
b4d7
bcd0
bcd1
bcd2
bcd3
c4cc
c4cd
c4ce
c4cf
ccc8
ccc9
ccca
cccb
d4c4
d4c5
d4c6
d4c7
dcc0
dcc1
dcc2
dcc3
e4dc
e4dd
e4de
e4df
ecd8
ecd9
ecda
ecdb
f4d4
f4d5
f4d6
f4d7
fcd0
fcd1
fcd2
001f
001f
001f
001f
001f
001f
001f
001f
001f
001f
001f
001f
001f
001f
001f
001f
001f
001f
001f
001f
001f
001f
001f
001f
001f
001f
001f
001f
001f
001f
001f
001f
001f
001f
001f
001f
001f
001f
001f
001f
001f
001f
001f
001f
001f
001f
001f
001f
001f
001f
001f
001f
001f
001f
001f
001f
001f
001f
001f
001f
001f
001f
001f
001f
001f
001f
001f
001f
001f
001f
001f
001f
001f
001f
001f
001f
001f
001f
001f
001f
001f
001f
001f
001f
001f
001f
001f
001f
001f
001f
001f
001f
001f
001f
001f
001f
001f
001f
001f
001f
001f
001f
001f
001f
001f
001f
001f
001f
001f
001f
001f
001f
001f
001f
001f
001f
001f
001f
001f
001f
001f
001f
001f
001f
001f
001f
001f
001f
001f
001f
001f
001f
001f
001f
001f
001f
001f
001f
001f
001f
001f
001f
001f
001f
001f
001f
001f
001f
001f
001f
001f
001f
001f
001f
001f
001f
001f
001f
001f
001f
04cd
04cc
04cf
04ce
0cc9
0cc8
0ccb
0cca
14c5
14c4
14c7
14c6
1cc1
1cc0
1cc3
1cc2
24dd
24dc
24df
24de
2cd9
2cd8
2cdb
2cda
34d5
34d4
34d7
34d6
3cd1
3cd0
3cd3
3cd2
44cd
44cc
44cf
44ce
4cc9
4cc8
4ccb
4cca
54c5
54c4
54c7
54c6
5cc1
5cc0
5cc3
5cc2
64dd
64dc
64df
64de
6cd9
6cd8
6cdb
6cda
74d5
74d4
74d7
74d6
7cd1
7cd0
7cd3
7cd2
84cd
84cc
84cf
84ce
84ce
8cc9
8cc8
8ccb
8cca
94c5
94c4
94c7
94c6
9cc1
9cc0
9cc3
9cc2
a4dd
a4dc
a4df
a4de
acd9
acd8
acdb
acda
b4d5
b4d4
b4d7
b4d6
bcd1
bcd0
bcd3
bcd2
c4cd
c4cc
c4cf
c4ce
ccc9
ccc8
cccb
ccca
d4c5
d4c4
d4c7
d4c6
dcc1
dcc0
dcc3
dcc2
e4dd
e4dc
e4df
e4de
ecd9
ecd8
ecdb
ecda
f4d5
f4d4
f4d7
f4d6
fcd1
fcd0
fcd3
001f
001f
001f
001f
001f
001f
001f
001f
001f
001f
001f
001f
001f
001f
001f
001f
001f
001f
001f
001f
001f
001f
001f
001f
001f
001f
001f
001f
001f
001f
001f
001f
001f
001f
001f
001f
001f
001f
001f
001f
001f
001f
001f
001f
001f
001f
001f
001f
001f
001f
001f
001f
001f
001f
001f
001f
001f
001f
001f
001f
001f
001f
001f
001f
001f
001f
001f
001f
001f
001f
001f
001f
001f
001f
001f
001f
001f
001f
001f
001f
001f
001f
001f
001f
001f
001f
001f
001f
001f
001f
001f
001f
001f
001f
001f
001f
001f
001f
001f
001f
001f
001f
001f
001f
001f
001f
001f
001f
001f
001f
001f
001f
001f
001f
001f
001f
001f
001f
001f
001f
001f
001f
001f
001f
001f
001f
001f
001f
001f
001f
001f
001f
001f
001f
001f
001f
001f
001f
001f
001f
001f
001f
001f
001f
001f
001f
001f
001f
001f
001f
001f
001f
001f
001f
001f
001f
001f
001f
001f
001f
04ee
04ef
04ec
04ed
0cea
0ceb
0ce8
0ce9
14e6
14e7
14e4
14e5
1ce2
1ce3
1ce0
1ce1
24fe
24ff
24fc
24fd
2cfa
2cfb
2cf8
2cf9
34f6
34f7
34f4
34f5
3cf2
3cf3
3cf0
3cf1
44ee
44ef
44ec
44ed
4cea
4ceb
4ce8
4ce9
54e6
54e7
54e4
54e5
5ce2
5ce3
5ce0
5ce1
64fe
64ff
64fc
64fd
6cfa
6cfb
6cf8
6cf9
74f6
74f7
74f4
74f5
7cf2
7cf3
7cf0
7cf1
84ee
84ef
84ec
84ed
84ed
8cea
8ceb
8ce8
8ce9
94e6
94e7
94e4
94e5
9ce2
9ce3
9ce0
9ce1
a4fe
a4ff
a4fc
a4fd
acfa
acfb
acf8
acf9
b4f6
b4f7
b4f4
b4f5
bcf2
bcf3
bcf0
bcf1
c4ee
c4ef
c4ec
c4ed
ccea
cceb
cce8
cce9
d4e6
d4e7
d4e4
d4e5
dce2
dce3
dce0
dce1
e4fe
e4ff
e4fc
e4fd
ecfa
ecfb
ecf8
ecf9
f4f6
f4f7
f4f4
f4f5
fcf2
fcf3
fcf0
001f
001f
001f
001f
001f
001f
001f
001f
001f
001f
001f
001f
001f
001f
001f
001f
001f
001f
001f
001f
001f
001f
001f
001f
001f
001f
001f
001f
001f
001f
001f
001f
001f
001f
001f
001f
001f
001f
001f
001f
001f
001f
001f
001f
001f
001f
001f
001f
001f
001f
001f
001f
001f
001f
001f
001f
001f
001f
001f
001f
001f
001f
001f
001f
001f
001f
001f
001f
001f
001f
001f
001f
001f
001f
001f
001f
001f
001f
001f
001f
001f
001f
001f
001f
001f
001f
001f
001f
001f
001f
001f
001f
001f
001f
001f
001f
001f
001f
001f
001f
001f
001f
001f
001f
001f
001f
001f
001f
001f
001f
001f
001f
001f
001f
001f
001f
001f
001f
001f
001f
001f
001f
001f
001f
001f
001f
001f
001f
001f
001f
001f
001f
001f
001f
001f
001f
001f
001f
001f
001f
001f
001f
001f
001f
001f
001f
001f
001f
001f
001f
001f
001f
001f
001f
001f
001f
001f
001f
001f
001f
04ef
04ee
04ed
04ec
0ceb
0cea
0ce9
0ce8
14e7
14e6
14e5
14e4
1ce3
1ce2
1ce1
1ce0
24ff
24fe
24fd
24fc
2cfb
2cfa
2cf9
2cf8
34f7
34f6
34f5
34f4
3cf3
3cf2
3cf1
3cf0
44ef
44ee
44ed
44ec
4ceb
4cea
4ce9
4ce8
54e7
54e6
54e5
54e4
5ce3
5ce2
5ce1
5ce0
64ff
64fe
64fd
64fc
6cfb
6cfa
6cf9
6cf8
74f7
74f6
74f5
74f4
7cf3
7cf2
7cf1
7cf0
84ef
84ee
84ed
84ec
84ec
8ceb
8cea
8ce9
8ce8
94e7
94e6
94e5
94e4
9ce3
9ce2
9ce1
9ce0
a4ff
a4fe
a4fd
a4fc
acfb
acfa
acf9
acf8
b4f7
b4f6
b4f5
b4f4
bcf3
bcf2
bcf1
bcf0
c4ef
c4ee
c4ed
c4ec
cceb
ccea
cce9
cce8
d4e7
d4e6
d4e5
d4e4
dce3
dce2
dce1
dce0
e4ff
e4fe
e4fd
e4fc
ecfb
ecfa
ecf9
ecf8
f4f7
f4f6
f4f5
f4f4
fcf3
fcf2
fcf1
001f
001f
001f
001f
001f
001f
001f
001f
001f
001f
001f
001f
001f
001f
001f
001f
001f
001f
001f
001f
001f
001f
001f
001f
001f
001f
001f
001f
001f
001f
001f
001f
001f
001f
001f
001f
001f
001f
001f
001f
001f
001f
001f
001f
001f
001f
001f
001f
001f
001f
001f
001f
001f
001f
001f
001f
001f
001f
001f
001f
001f
001f
001f
001f
001f
001f
001f
001f
001f
001f
001f
001f
001f
001f
001f
001f
001f
001f
001f
001f
001f
001f
001f
001f
001f
001f
001f
001f
001f
001f
001f
001f
001f
001f
001f
001f
001f
001f
001f
001f
001f
001f
001f
001f
001f
001f
001f
001f
001f
001f
001f
001f
001f
001f
001f
001f
001f
001f
001f
001f
001f
001f
001f
001f
001f
001f
001f
001f
001f
001f
001f
001f
001f
001f
001f
001f
001f
001f
001f
001f
001f
001f
001f
001f
001f
001f
001f
001f
001f
001f
001f
001f
001f
001f
001f
001f
001f
001f
001f
001f
0510
0511
0512
0513
0d14
0d15
0d16
0d17
1518
1519
151a
151b
1d1c
1d1d
1d1e
1d1f
2500
2501
2502
2503
2d04
2d05
2d06
2d07
3508
3509
350a
350b
3d0c
3d0d
3d0e
3d0f
4510
4511
4512
4513
4d14
4d15
4d16
4d17
5518
5519
551a
551b
5d1c
5d1d
5d1e
5d1f
6500
6501
6502
6503
6d04
6d05
6d06
6d07
7508
7509
750a
750b
7d0c
7d0d
7d0e
7d0f
8510
8511
8512
8513
8513
8d14
8d15
8d16
8d17
9518
9519
951a
951b
9d1c
9d1d
9d1e
9d1f
a500
a501
a502
a503
ad04
ad05
ad06
ad07
b508
b509
b50a
b50b
bd0c
bd0d
bd0e
bd0f
c510
c511
c512
c513
cd14
cd15
cd16
cd17
d518
d519
d51a
d51b
dd1c
dd1d
dd1e
dd1f
e500
e501
e502
e503
ed04
ed05
ed06
ed07
f508
f509
f50a
f50b
fd0c
fd0d
fd0e
001f
001f
001f
001f
001f
001f
001f
001f
001f
001f
001f
001f
001f
001f
001f
001f
001f
001f
001f
001f
001f
001f
001f
001f
001f
001f
001f
001f
001f
001f
001f
001f
001f
001f
001f
001f
001f
001f
001f
001f
001f
001f
001f
001f
001f
001f
001f
001f
001f
001f
001f
001f
001f
001f
001f
001f
001f
001f
001f
001f
001f
001f
001f
001f
001f
001f
001f
001f
001f
001f
001f
001f
001f
001f
001f
001f
001f
001f
001f
001f
001f
001f
001f
001f
001f
001f
001f
001f
001f
001f
001f
001f
001f
001f
001f
001f
001f
001f
001f
001f
001f
001f
001f
001f
001f
001f
001f
001f
001f
001f
001f
001f
001f
001f
001f
001f
001f
001f
001f
001f
001f
001f
001f
001f
001f
001f
001f
001f
001f
001f
001f
001f
001f
001f
001f
001f
001f
001f
001f
001f
001f
001f
001f
001f
001f
001f
001f
001f
001f
001f
001f
001f
001f
001f
001f
001f
001f
001f
001f
001f
0511
0510
0513
0512
0d15
0d14
0d17
0d16
1519
1518
151b
151a
1d1d
1d1c
1d1f
1d1e
2501
2500
2503
2502
2d05
2d04
2d07
2d06
3509
3508
350b
350a
3d0d
3d0c
3d0f
3d0e
4511
4510
4513
4512
4d15
4d14
4d17
4d16
5519
5518
551b
551a
5d1d
5d1c
5d1f
5d1e
6501
6500
6503
6502
6d05
6d04
6d07
6d06
7509
7508
750b
750a
7d0d
7d0c
7d0f
7d0e
8511
8510
8513
8512
8512
8d15
8d14
8d17
8d16
9519
9518
951b
951a
9d1d
9d1c
9d1f
9d1e
a501
a500
a503
a502
ad05
ad04
ad07
ad06
b509
b508
b50b
b50a
bd0d
bd0c
bd0f
bd0e
c511
c510
c513
c512
cd15
cd14
cd17
cd16
d519
d518
d51b
d51a
dd1d
dd1c
dd1f
dd1e
e501
e500
e503
e502
ed05
ed04
ed07
ed06
f509
f508
f50b
f50a
fd0d
fd0c
fd0f
001f
001f
001f
001f
001f
001f
001f
001f
001f
001f
001f
001f
001f
001f
001f
001f
001f
001f
001f
001f
001f
001f
001f
001f
001f
001f
001f
001f
001f
001f
001f
001f
001f
001f
001f
001f
001f
001f
001f
001f
001f
001f
001f
001f
001f
001f
001f
001f
001f
001f
001f
001f
001f
001f
001f
001f
001f
001f
001f
001f
001f
001f
001f
001f
001f
001f
001f
001f
001f
001f
001f
001f
001f
001f
001f
001f
001f
001f
001f
001f
001f
001f
001f
001f
001f
001f
001f
001f
001f
001f
001f
001f
001f
001f
001f
001f
001f
001f
001f
001f
001f
001f
001f
001f
001f
001f
001f
001f
001f
001f
001f
001f
001f
001f
001f
001f
001f
001f
001f
001f
001f
001f
001f
001f
001f
001f
001f
001f
001f
001f
001f
001f
001f
001f
001f
001f
001f
001f
001f
001f
001f
001f
001f
001f
001f
001f
001f
001f
001f
001f
001f
001f
001f
001f
001f
001f
001f
001f
001f
001f
0532
0533
0530
0531
0d36
0d37
0d34
0d35
153a
153b
1538
1539
1d3e
1d3f
1d3c
1d3d
2522
2523
2520
2521
2d26
2d27
2d24
2d25
352a
352b
3528
3529
3d2e
3d2f
3d2c
3d2d
4532
4533
4530
4531
4d36
4d37
4d34
4d35
553a
553b
5538
5539
5d3e
5d3f
5d3c
5d3d
6522
6523
6520
6521
6d26
6d27
6d24
6d25
752a
752b
7528
7529
7d2e
7d2f
7d2c
7d2d
8532
8533
8530
8531
8531
8d36
8d37
8d34
8d35
953a
953b
9538
9539
9d3e
9d3f
9d3c
9d3d
a522
a523
a520
a521
ad26
ad27
ad24
ad25
b52a
b52b
b528
b529
bd2e
bd2f
bd2c
bd2d
c532
c533
c530
c531
cd36
cd37
cd34
cd35
d53a
d53b
d538
d539
dd3e
dd3f
dd3c
dd3d
e522
e523
e520
e521
ed26
ed27
ed24
ed25
f52a
f52b
f528
f529
fd2e
fd2f
fd2c
001f
001f
001f
001f
001f
001f
001f
001f
001f
001f
001f
001f
001f
001f
001f
001f
001f
001f
001f
001f
001f
001f
001f
001f
001f
001f
001f
001f
001f
001f
001f
001f
001f
001f
001f
001f
001f
001f
001f
001f
001f
001f
001f
001f
001f
001f
001f
001f
001f
001f
001f
001f
001f
001f
001f
001f
001f
001f
001f
001f
001f
001f
001f
001f
001f
001f
001f
001f
001f
001f
001f
001f
001f
001f
001f
001f
001f
001f
001f
001f
001f
001f
001f
001f
001f
001f
001f
001f
001f
001f
001f
001f
001f
001f
001f
001f
001f
001f
001f
001f
001f
001f
001f
001f
001f
001f
001f
001f
001f
001f
001f
001f
001f
001f
001f
001f
001f
001f
001f
001f
001f
001f
001f
001f
001f
001f
001f
001f
001f
001f
001f
001f
001f
001f
001f
001f
001f
001f
001f
001f
001f
001f
001f
001f
001f
001f
001f
001f
001f
001f
001f
001f
001f
001f
001f
001f
001f
001f
001f
001f
0533
0532
0531
0530
0d37
0d36
0d35
0d34
153b
153a
1539
1538
1d3f
1d3e
1d3d
1d3c
2523
2522
2521
2520
2d27
2d26
2d25
2d24
352b
352a
3529
3528
3d2f
3d2e
3d2d
3d2c
4533
4532
4531
4530
4d37
4d36
4d35
4d34
553b
553a
5539
5538
5d3f
5d3e
5d3d
5d3c
6523
6522
6521
6520
6d27
6d26
6d25
6d24
752b
752a
7529
7528
7d2f
7d2e
7d2d
7d2c
8533
8532
8531
8530
8530
8d37
8d36
8d35
8d34
953b
953a
9539
9538
9d3f
9d3e
9d3d
9d3c
a523
a522
a521
a520
ad27
ad26
ad25
ad24
b52b
b52a
b529
b528
bd2f
bd2e
bd2d
bd2c
c533
c532
c531
c530
cd37
cd36
cd35
cd34
d53b
d53a
d539
d538
dd3f
dd3e
dd3d
dd3c
e523
e522
e521
e520
ed27
ed26
ed25
ed24
f52b
f52a
f529
f528
fd2f
fd2e
fd2d
001f
001f
001f
001f
001f
001f
001f
001f
001f
001f
001f
001f
001f
001f
001f
001f
001f
001f
001f
001f
001f
001f
001f
001f
001f
001f
001f
001f
001f
001f
001f
001f
001f
001f
001f
001f
001f
001f
001f
001f
001f
001f
001f
001f
001f
001f
001f
001f
001f
001f
001f
001f
001f
001f
001f
001f
001f
001f
001f
001f
001f
001f
001f
001f
001f
001f
001f
001f
001f
001f
001f
001f
001f
001f
001f
001f
001f
001f
001f
001f
001f
001f
001f
001f
001f
001f
001f
001f
001f
001f
001f
001f
001f
001f
001f
001f
001f
001f
001f
001f
001f
001f
001f
001f
001f
001f
001f
001f
001f
001f
001f
001f
001f
001f
001f
001f
001f
001f
001f
001f
001f
001f
001f
001f
001f
001f
001f
001f
001f
001f
001f
001f
001f
001f
001f
001f
001f
001f
001f
001f
001f
001f
001f
001f
001f
001f
001f
001f
001f
001f
001f
001f
001f
001f
001f
001f
001f
001f
001f
001f
0554
0555
0556
0557
0d50
0d51
0d52
0d53
155c
155d
155e
155f
1d58
1d59
1d5a
1d5b
2544
2545
2546
2547
2d40
2d41
2d42
2d43
354c
354d
354e
354f
3d48
3d49
3d4a
3d4b
4554
4555
4556
4557
4d50
4d51
4d52
4d53
555c
555d
555e
555f
5d58
5d59
5d5a
5d5b
6544
6545
6546
6547
6d40
6d41
6d42
6d43
754c
754d
754e
754f
7d48
7d49
7d4a
7d4b
8554
8555
8556
8557
8557
8d50
8d51
8d52
8d53
955c
955d
955e
955f
9d58
9d59
9d5a
9d5b
a544
a545
a546
a547
ad40
ad41
ad42
ad43
b54c
b54d
b54e
b54f
bd48
bd49
bd4a
bd4b
c554
c555
c556
c557
cd50
cd51
cd52
cd53
d55c
d55d
d55e
d55f
dd58
dd59
dd5a
dd5b
e544
e545
e546
e547
ed40
ed41
ed42
ed43
f54c
f54d
f54e
f54f
fd48
fd49
fd4a
001f
001f
001f
001f
001f
001f
001f
001f
001f
001f
001f
001f
001f
001f
001f
001f
001f
001f
001f
001f
001f
001f
001f
001f
001f
001f
001f
001f
001f
001f
001f
001f
001f
001f
001f
001f
001f
001f
001f
001f
001f
001f
001f
001f
001f
001f
001f
001f
001f
001f
001f
001f
001f
001f
001f
001f
001f
001f
001f
001f
001f
001f
001f
001f
001f
001f
001f
001f
001f
001f
001f
001f
001f
001f
001f
001f
001f
001f
001f
001f
001f
001f
001f
001f
001f
001f
001f
001f
001f
001f
001f
001f
001f
001f
001f
001f
001f
001f
001f
001f
001f
001f
001f
001f
001f
001f
001f
001f
001f
001f
001f
001f
001f
001f
001f
001f
001f
001f
001f
001f
001f
001f
001f
001f
001f
001f
001f
001f
001f
001f
001f
001f
001f
001f
001f
001f
001f
001f
001f
001f
001f
001f
001f
001f
001f
001f
001f
001f
001f
001f
001f
001f
001f
001f
001f
001f
001f
001f
001f
001f
0555
0554
0557
0556
0d51
0d50
0d53
0d52
155d
155c
155f
155e
1d59
1d58
1d5b
1d5a
2545
2544
2547
2546
2d41
2d40
2d43
2d42
354d
354c
354f
354e
3d49
3d48
3d4b
3d4a
4555
4554
4557
4556
4d51
4d50
4d53
4d52
555d
555c
555f
555e
5d59
5d58
5d5b
5d5a
6545
6544
6547
6546
6d41
6d40
6d43
6d42
754d
754c
754f
754e
7d49
7d48
7d4b
7d4a
8555
8554
8557
8556
8556
8d51
8d50
8d53
8d52
955d
955c
955f
955e
9d59
9d58
9d5b
9d5a
a545
a544
a547
a546
ad41
ad40
ad43
ad42
b54d
b54c
b54f
b54e
bd49
bd48
bd4b
bd4a
c555
c554
c557
c556
cd51
cd50
cd53
cd52
d55d
d55c
d55f
d55e
dd59
dd58
dd5b
dd5a
e545
e544
e547
e546
ed41
ed40
ed43
ed42
f54d
f54c
f54f
f54e
fd49
fd48
fd4b
001f
001f
001f
001f
001f
001f
001f
001f
001f
001f
001f
001f
001f
001f
001f
001f
001f
001f
001f
001f
001f
001f
001f
001f
001f
001f
001f
001f
001f
001f
001f
001f
001f
001f
001f
001f
001f
001f
001f
001f
001f
001f
001f
001f
001f
001f
001f
001f
001f
001f
001f
001f
001f
001f
001f
001f
001f
001f
001f
001f
001f
001f
001f
001f
001f
001f
001f
001f
001f
001f
001f
001f
001f
001f
001f
001f
001f
001f
001f
001f
001f
001f
001f
001f
001f
001f
001f
001f
001f
001f
001f
001f
001f
001f
001f
001f
001f
001f
001f
001f
001f
001f
001f
001f
001f
001f
001f
001f
001f
001f
001f
001f
001f
001f
001f
001f
001f
001f
001f
001f
001f
001f
001f
001f
001f
001f
001f
001f
001f
001f
001f
001f
001f
001f
001f
001f
001f
001f
001f
001f
001f
001f
001f
001f
001f
001f
001f
001f
001f
001f
001f
001f
001f
001f
001f
001f
001f
001f
001f
001f
0576
0577
0574
0575
0d72
0d73
0d70
0d71
157e
157f
157c
157d
1d7a
1d7b
1d78
1d79
2566
2567
2564
2565
2d62
2d63
2d60
2d61
356e
356f
356c
356d
3d6a
3d6b
3d68
3d69
4576
4577
4574
4575
4d72
4d73
4d70
4d71
557e
557f
557c
557d
5d7a
5d7b
5d78
5d79
6566
6567
6564
6565
6d62
6d63
6d60
6d61
756e
756f
756c
756d
7d6a
7d6b
7d68
7d69
8576
8577
8574
8575
8575
8d72
8d73
8d70
8d71
957e
957f
957c
957d
9d7a
9d7b
9d78
9d79
a566
a567
a564
a565
ad62
ad63
ad60
ad61
b56e
b56f
b56c
b56d
bd6a
bd6b
bd68
bd69
c576
c577
c574
c575
cd72
cd73
cd70
cd71
d57e
d57f
d57c
d57d
dd7a
dd7b
dd78
dd79
e566
e567
e564
e565
ed62
ed63
ed60
ed61
f56e
f56f
f56c
f56d
fd6a
fd6b
fd68
001f
001f
001f
001f
001f
001f
001f
001f
001f
001f
001f
001f
001f
001f
001f
001f
001f
001f
001f
001f
001f
001f
001f
001f
001f
001f
001f
001f
001f
001f
001f
001f
001f
001f
001f
001f
001f
001f
001f
001f
001f
001f
001f
001f
001f
001f
001f
001f
001f
001f
001f
001f
001f
001f
001f
001f
001f
001f
001f
001f
001f
001f
001f
001f
001f
001f
001f
001f
001f
001f
001f
001f
001f
001f
001f
001f
001f
001f
001f
001f
001f
001f
001f
001f
001f
001f
001f
001f
001f
001f
001f
001f
001f
001f
001f
001f
001f
001f
001f
001f
001f
001f
001f
001f
001f
001f
001f
001f
001f
001f
001f
001f
001f
001f
001f
001f
001f
001f
001f
001f
001f
001f
001f
001f
001f
001f
001f
001f
001f
001f
001f
001f
001f
001f
001f
001f
001f
001f
001f
001f
001f
001f
001f
001f
001f
001f
001f
001f
001f
001f
001f
001f
001f
001f
001f
001f
001f
001f
001f
001f
0577
0576
0575
0574
0d73
0d72
0d71
0d70
157f
157e
157d
157c
1d7b
1d7a
1d79
1d78
2567
2566
2565
2564
2d63
2d62
2d61
2d60
356f
356e
356d
356c
3d6b
3d6a
3d69
3d68
4577
4576
4575
4574
4d73
4d72
4d71
4d70
557f
557e
557d
557c
5d7b
5d7a
5d79
5d78
6567
6566
6565
6564
6d63
6d62
6d61
6d60
756f
756e
756d
756c
7d6b
7d6a
7d69
7d68
8577
8576
8575
8574
8574
8d73
8d72
8d71
8d70
957f
957e
957d
957c
9d7b
9d7a
9d79
9d78
a567
a566
a565
a564
ad63
ad62
ad61
ad60
b56f
b56e
b56d
b56c
bd6b
bd6a
bd69
bd68
c577
c576
c575
c574
cd73
cd72
cd71
cd70
d57f
d57e
d57d
d57c
dd7b
dd7a
dd79
dd78
e567
e566
e565
e564
ed63
ed62
ed61
ed60
f56f
f56e
f56d
f56c
fd6b
fd6a
fd69
001f
001f
001f
001f
001f
001f
001f
001f
001f
001f
001f
001f
001f
001f
001f
001f
001f
001f
001f
001f
001f
001f
001f
001f
001f
001f
001f
001f
001f
001f
001f
001f
001f
001f
001f
001f
001f
001f
001f
001f
001f
001f
001f
001f
001f
001f
001f
001f
001f
001f
001f
001f
001f
001f
001f
001f
001f
001f
001f
001f
001f
001f
001f
001f
001f
001f
001f
001f
001f
001f
001f
001f
001f
001f
001f
001f
001f
001f
001f
001f
001f
001f
001f
001f
001f
001f
001f
001f
001f
001f
001f
001f
001f
001f
001f
001f
001f
001f
001f
001f
001f
001f
001f
001f
001f
001f
001f
001f
001f
001f
001f
001f
001f
001f
001f
001f
001f
001f
001f
001f
001f
001f
001f
001f
001f
001f
001f
001f
001f
001f
001f
001f
001f
001f
001f
001f
001f
001f
001f
001f
001f
001f
001f
001f
001f
001f
001f
001f
001f
001f
001f
001f
001f
001f
001f
001f
001f
001f
001f
001f
0598
0599
059a
059b
0d9c
0d9d
0d9e
0d9f
1590
1591
1592
1593
1d94
1d95
1d96
1d97
2588
2589
258a
258b
2d8c
2d8d
2d8e
2d8f
3580
3581
3582
3583
3d84
3d85
3d86
3d87
4598
4599
459a
459b
4d9c
4d9d
4d9e
4d9f
5590
5591
5592
5593
5d94
5d95
5d96
5d97
6588
6589
658a
658b
6d8c
6d8d
6d8e
6d8f
7580
7581
7582
7583
7d84
7d85
7d86
7d87
8598
8599
859a
859b
859b
8d9c
8d9d
8d9e
8d9f
9590
9591
9592
9593
9d94
9d95
9d96
9d97
a588
a589
a58a
a58b
ad8c
ad8d
ad8e
ad8f
b580
b581
b582
b583
bd84
bd85
bd86
bd87
c598
c599
c59a
c59b
cd9c
cd9d
cd9e
cd9f
d590
d591
d592
d593
dd94
dd95
dd96
dd97
e588
e589
e58a
e58b
ed8c
ed8d
ed8e
ed8f
f580
f581
f582
f583
fd84
fd85
fd86
001f
001f
001f
001f
001f
001f
001f
001f
001f
001f
001f
001f
001f
001f
001f
001f
001f
001f
001f
001f
001f
001f
001f
001f
001f
001f
001f
001f
001f
001f
001f
001f
001f
001f
001f
001f
001f
001f
001f
001f
001f
001f
001f
001f
001f
001f
001f
001f
001f
001f
001f
001f
001f
001f
001f
001f
001f
001f
001f
001f
001f
001f
001f
001f
001f
001f
001f
001f
001f
001f
001f
001f
001f
001f
001f
001f
001f
001f
001f
001f
001f
001f
001f
001f
001f
001f
001f
001f
001f
001f
001f
001f
001f
001f
001f
001f
001f
001f
001f
001f
001f
001f
001f
001f
001f
001f
001f
001f
001f
001f
001f
001f
001f
001f
001f
001f
001f
001f
001f
001f
001f
001f
001f
001f
001f
001f
001f
001f
001f
001f
001f
001f
001f
001f
001f
001f
001f
001f
001f
001f
001f
001f
001f
001f
001f
001f
001f
001f
001f
001f
001f
001f
001f
001f
001f
001f
001f
001f
001f
001f
0599
0598
059b
059a
0d9d
0d9c
0d9f
0d9e
1591
1590
1593
1592
1d95
1d94
1d97
1d96
2589
2588
258b
258a
2d8d
2d8c
2d8f
2d8e
3581
3580
3583
3582
3d85
3d84
3d87
3d86
4599
4598
459b
459a
4d9d
4d9c
4d9f
4d9e
5591
5590
5593
5592
5d95
5d94
5d97
5d96
6589
6588
658b
658a
6d8d
6d8c
6d8f
6d8e
7581
7580
7583
7582
7d85
7d84
7d87
7d86
8599
8598
859b
859a
859a
8d9d
8d9c
8d9f
8d9e
9591
9590
9593
9592
9d95
9d94
9d97
9d96
a589
a588
a58b
a58a
ad8d
ad8c
ad8f
ad8e
b581
b580
b583
b582
bd85
bd84
bd87
bd86
c599
c598
c59b
c59a
cd9d
cd9c
cd9f
cd9e
d591
d590
d593
d592
dd95
dd94
dd97
dd96
e589
e588
e58b
e58a
ed8d
ed8c
ed8f
ed8e
f581
f580
f583
f582
fd85
fd84
fd87
001f
001f
001f
001f
001f
001f
001f
001f
001f
001f
001f
001f
001f
001f
001f
001f
001f
001f
001f
001f
001f
001f
001f
001f
001f
001f
001f
001f
001f
001f
001f
001f
001f
001f
001f
001f
001f
001f
001f
001f
001f
001f
001f
001f
001f
001f
001f
001f
001f
001f
001f
001f
001f
001f
001f
001f
001f
001f
001f
001f
001f
001f
001f
001f
001f
001f
001f
001f
001f
001f
001f
001f
001f
001f
001f
001f
001f
001f
001f
001f
001f
001f
001f
001f
001f
001f
001f
001f
001f
001f
001f
001f
001f
001f
001f
001f
001f
001f
001f
001f
001f
001f
001f
001f
001f
001f
001f
001f
001f
001f
001f
001f
001f
001f
001f
001f
001f
001f
001f
001f
001f
001f
001f
001f
001f
001f
001f
001f
001f
001f
001f
001f
001f
001f
001f
001f
001f
001f
001f
001f
001f
001f
001f
001f
001f
001f
001f
001f
001f
001f
001f
001f
001f
001f
001f
001f
001f
001f
001f
001f
05ba
05bb
05b8
05b9
0dbe
0dbf
0dbc
0dbd
15b2
15b3
15b0
15b1
1db6
1db7
1db4
1db5
25aa
25ab
25a8
25a9
2dae
2daf
2dac
2dad
35a2
35a3
35a0
35a1
3da6
3da7
3da4
3da5
45ba
45bb
45b8
45b9
4dbe
4dbf
4dbc
4dbd
55b2
55b3
55b0
55b1
5db6
5db7
5db4
5db5
65aa
65ab
65a8
65a9
6dae
6daf
6dac
6dad
75a2
75a3
75a0
75a1
7da6
7da7
7da4
7da5
85ba
85bb
85b8
85b9
85b9
8dbe
8dbf
8dbc
8dbd
95b2
95b3
95b0
95b1
9db6
9db7
9db4
9db5
a5aa
a5ab
a5a8
a5a9
adae
adaf
adac
adad
b5a2
b5a3
b5a0
b5a1
bda6
bda7
bda4
bda5
c5ba
c5bb
c5b8
c5b9
cdbe
cdbf
cdbc
cdbd
d5b2
d5b3
d5b0
d5b1
ddb6
ddb7
ddb4
ddb5
e5aa
e5ab
e5a8
e5a9
edae
edaf
edac
edad
f5a2
f5a3
f5a0
f5a1
fda6
fda7
fda4
001f
001f
001f
001f
001f
001f
001f
001f
001f
001f
001f
001f
001f
001f
001f
001f
001f
001f
001f
001f
001f
001f
001f
001f
001f
001f
001f
001f
001f
001f
001f
001f
001f
001f
001f
001f
001f
001f
001f
001f
001f
001f
001f
001f
001f
001f
001f
001f
001f
001f
001f
001f
001f
001f
001f
001f
001f
001f
001f
001f
001f
001f
001f
001f
001f
001f
001f
001f
001f
001f
001f
001f
001f
001f
001f
001f
001f
001f
001f
001f
001f
001f
001f
001f
001f
001f
001f
001f
001f
001f
001f
001f
001f
001f
001f
001f
001f
001f
001f
001f
001f
001f
001f
001f
001f
001f
001f
001f
001f
001f
001f
001f
001f
001f
001f
001f
001f
001f
001f
001f
001f
001f
001f
001f
001f
001f
001f
001f
001f
001f
001f
001f
001f
001f
001f
001f
001f
001f
001f
001f
001f
001f
001f
001f
001f
001f
001f
001f
001f
001f
001f
001f
001f
001f
001f
001f
001f
001f
001f
001f
05bb
05ba
05b9
05b8
0dbf
0dbe
0dbd
0dbc
15b3
15b2
15b1
15b0
1db7
1db6
1db5
1db4
25ab
25aa
25a9
25a8
2daf
2dae
2dad
2dac
35a3
35a2
35a1
35a0
3da7
3da6
3da5
3da4
45bb
45ba
45b9
45b8
4dbf
4dbe
4dbd
4dbc
55b3
55b2
55b1
55b0
5db7
5db6
5db5
5db4
65ab
65aa
65a9
65a8
6daf
6dae
6dad
6dac
75a3
75a2
75a1
75a0
7da7
7da6
7da5
7da4
85bb
85ba
85b9
85b8
85b8
8dbf
8dbe
8dbd
8dbc
95b3
95b2
95b1
95b0
9db7
9db6
9db5
9db4
a5ab
a5aa
a5a9
a5a8
adaf
adae
adad
adac
b5a3
b5a2
b5a1
b5a0
bda7
bda6
bda5
bda4
c5bb
c5ba
c5b9
c5b8
cdbf
cdbe
cdbd
cdbc
d5b3
d5b2
d5b1
d5b0
ddb7
ddb6
ddb5
ddb4
e5ab
e5aa
e5a9
e5a8
edaf
edae
edad
edac
f5a3
f5a2
f5a1
f5a0
fda7
fda6
fda5
001f
001f
001f
001f
001f
001f
001f
001f
001f
001f
001f
001f
001f
001f
001f
001f
001f
001f
001f
001f
001f
001f
001f
001f
001f
001f
001f
001f
001f
001f
001f
001f
001f
001f
001f
001f
001f
001f
001f
001f
001f
001f
001f
001f
001f
001f
001f
001f
001f
001f
001f
001f
001f
001f
001f
001f
001f
001f
001f
001f
001f
001f
001f
001f
001f
001f
001f
001f
001f
001f
001f
001f
001f
001f
001f
001f
001f
001f
001f
001f
001f
001f
001f
001f
001f
001f
001f
001f
001f
001f
001f
001f
001f
001f
001f
001f
001f
001f
001f
001f
001f
001f
001f
001f
001f
001f
001f
001f
001f
001f
001f
001f
001f
001f
001f
001f
001f
001f
001f
001f
001f
001f
001f
001f
001f
001f
001f
001f
001f
001f
001f
001f
001f
001f
001f
001f
001f
001f
001f
001f
001f
001f
001f
001f
001f
001f
001f
001f
001f
001f
001f
001f
001f
001f
001f
001f
001f
001f
001f
001f
05dc
05dd
05de
05df
0dd8
0dd9
0dda
0ddb
15d4
15d5
15d6
15d7
1dd0
1dd1
1dd2
1dd3
25cc
25cd
25ce
25cf
2dc8
2dc9
2dca
2dcb
35c4
35c5
35c6
35c7
3dc0
3dc1
3dc2
3dc3
45dc
45dd
45de
45df
4dd8
4dd9
4dda
4ddb
55d4
55d5
55d6
55d7
5dd0
5dd1
5dd2
5dd3
65cc
65cd
65ce
65cf
6dc8
6dc9
6dca
6dcb
75c4
75c5
75c6
75c7
7dc0
7dc1
7dc2
7dc3
85dc
85dd
85de
85df
85df
8dd8
8dd9
8dda
8ddb
95d4
95d5
95d6
95d7
9dd0
9dd1
9dd2
9dd3
a5cc
a5cd
a5ce
a5cf
adc8
adc9
adca
adcb
b5c4
b5c5
b5c6
b5c7
bdc0
bdc1
bdc2
bdc3
c5dc
c5dd
c5de
c5df
cdd8
cdd9
cdda
cddb
d5d4
d5d5
d5d6
d5d7
ddd0
ddd1
ddd2
ddd3
e5cc
e5cd
e5ce
e5cf
edc8
edc9
edca
edcb
f5c4
f5c5
f5c6
f5c7
fdc0
fdc1
fdc2
001f
001f
001f
001f
001f
001f
001f
001f
001f
001f
001f
001f
001f
001f
001f
001f
001f
001f
001f
001f
001f
001f
001f
001f
001f
001f
001f
001f
001f
001f
001f
001f
001f
001f
001f
001f
001f
001f
001f
001f
001f
001f
001f
001f
001f
001f
001f
001f
001f
001f
001f
001f
001f
001f
001f
001f
001f
001f
001f
001f
001f
001f
001f
001f
001f
001f
001f
001f
001f
001f
001f
001f
001f
001f
001f
001f
001f
001f
001f
001f
001f
001f
001f
001f
001f
001f
001f
001f
001f
001f
001f
001f
001f
001f
001f
001f
001f
001f
001f
001f
001f
001f
001f
001f
001f
001f
001f
001f
001f
001f
001f
001f
001f
001f
001f
001f
001f
001f
001f
001f
001f
001f
001f
001f
001f
001f
001f
001f
001f
001f
001f
001f
001f
001f
001f
001f
001f
001f
001f
001f
001f
001f
001f
001f
001f
001f
001f
001f
001f
001f
001f
001f
001f
001f
001f
001f
001f
001f
001f
001f
05dd
05dc
05df
05de
0dd9
0dd8
0ddb
0dda
15d5
15d4
15d7
15d6
1dd1
1dd0
1dd3
1dd2
25cd
25cc
25cf
25ce
2dc9
2dc8
2dcb
2dca
35c5
35c4
35c7
35c6
3dc1
3dc0
3dc3
3dc2
45dd
45dc
45df
45de
4dd9
4dd8
4ddb
4dda
55d5
55d4
55d7
55d6
5dd1
5dd0
5dd3
5dd2
65cd
65cc
65cf
65ce
6dc9
6dc8
6dcb
6dca
75c5
75c4
75c7
75c6
7dc1
7dc0
7dc3
7dc2
85dd
85dc
85df
85de
85de
8dd9
8dd8
8ddb
8dda
95d5
95d4
95d7
95d6
9dd1
9dd0
9dd3
9dd2
a5cd
a5cc
a5cf
a5ce
adc9
adc8
adcb
adca
b5c5
b5c4
b5c7
b5c6
bdc1
bdc0
bdc3
bdc2
c5dd
c5dc
c5df
c5de
cdd9
cdd8
cddb
cdda
d5d5
d5d4
d5d7
d5d6
ddd1
ddd0
ddd3
ddd2
e5cd
e5cc
e5cf
e5ce
edc9
edc8
edcb
edca
f5c5
f5c4
f5c7
f5c6
fdc1
fdc0
fdc3
001f
001f
001f
001f
001f
001f
001f
001f
001f
001f
001f
001f
001f
001f
001f
001f
001f
001f
001f
001f
001f
001f
001f
001f
001f
001f
001f
001f
001f
001f
001f
001f
001f
001f
001f
001f
001f
001f
001f
001f
001f
001f
001f
001f
001f
001f
001f
001f
001f
001f
001f
001f
001f
001f
001f
001f
001f
001f
001f
001f
001f
001f
001f
001f
001f
001f
001f
001f
001f
001f
001f
001f
001f
001f
001f
001f
001f
001f
001f
001f
001f
001f
001f
001f
001f
001f
001f
001f
001f
001f
001f
001f
001f
001f
001f
001f
001f
001f
001f
001f
001f
001f
001f
001f
001f
001f
001f
001f
001f
001f
001f
001f
001f
001f
001f
001f
001f
001f
001f
001f
001f
001f
001f
001f
001f
001f
001f
001f
001f
001f
001f
001f
001f
001f
001f
001f
001f
001f
001f
001f
001f
001f
001f
001f
001f
001f
001f
001f
001f
001f
001f
001f
001f
001f
001f
001f
001f
001f
001f
001f
05fe
05ff
05fc
05fd
0dfa
0dfb
0df8
0df9
15f6
15f7
15f4
15f5
1df2
1df3
1df0
1df1
25ee
25ef
25ec
25ed
2dea
2deb
2de8
2de9
35e6
35e7
35e4
35e5
3de2
3de3
3de0
3de1
45fe
45ff
45fc
45fd
4dfa
4dfb
4df8
4df9
55f6
55f7
55f4
55f5
5df2
5df3
5df0
5df1
65ee
65ef
65ec
65ed
6dea
6deb
6de8
6de9
75e6
75e7
75e4
75e5
7de2
7de3
7de0
7de1
85fe
85ff
85fc
85fd
85fd
8dfa
8dfb
8df8
8df9
95f6
95f7
95f4
95f5
9df2
9df3
9df0
9df1
a5ee
a5ef
a5ec
a5ed
adea
adeb
ade8
ade9
b5e6
b5e7
b5e4
b5e5
bde2
bde3
bde0
bde1
c5fe
c5ff
c5fc
c5fd
cdfa
cdfb
cdf8
cdf9
d5f6
d5f7
d5f4
d5f5
ddf2
ddf3
ddf0
ddf1
e5ee
e5ef
e5ec
e5ed
edea
edeb
ede8
ede9
f5e6
f5e7
f5e4
f5e5
fde2
fde3
fde0
001f
001f
001f
001f
001f
001f
001f
001f
001f
001f
001f
001f
001f
001f
001f
001f
001f
001f
001f
001f
001f
001f
001f
001f
001f
001f
001f
001f
001f
001f
001f
001f
001f
001f
001f
001f
001f
001f
001f
001f
001f
001f
001f
001f
001f
001f
001f
001f
001f
001f
001f
001f
001f
001f
001f
001f
001f
001f
001f
001f
001f
001f
001f
001f
001f
001f
001f
001f
001f
001f
001f
001f
001f
001f
001f
001f
001f
001f
001f
001f
001f
001f
001f
001f
001f
001f
001f
001f
001f
001f
001f
001f
001f
001f
001f
001f
001f
001f
001f
001f
001f
001f
001f
001f
001f
001f
001f
001f
001f
001f
001f
001f
001f
001f
001f
001f
001f
001f
001f
001f
001f
001f
001f
001f
001f
001f
001f
001f
001f
001f
001f
001f
001f
001f
001f
001f
001f
001f
001f
001f
001f
001f
001f
001f
001f
001f
001f
001f
001f
001f
001f
001f
001f
001f
001f
001f
001f
001f
001f
001f
05ff
05fe
05fd
05fc
0dfb
0dfa
0df9
0df8
15f7
15f6
15f5
15f4
1df3
1df2
1df1
1df0
25ef
25ee
25ed
25ec
2deb
2dea
2de9
2de8
35e7
35e6
35e5
35e4
3de3
3de2
3de1
3de0
45ff
45fe
45fd
45fc
4dfb
4dfa
4df9
4df8
55f7
55f6
55f5
55f4
5df3
5df2
5df1
5df0
65ef
65ee
65ed
65ec
6deb
6dea
6de9
6de8
75e7
75e6
75e5
75e4
7de3
7de2
7de1
7de0
85ff
85fe
85fd
85fc
85fc
8dfb
8dfa
8df9
8df8
95f7
95f6
95f5
95f4
9df3
9df2
9df1
9df0
a5ef
a5ee
a5ed
a5ec
adeb
adea
ade9
ade8
b5e7
b5e6
b5e5
b5e4
bde3
bde2
bde1
bde0
c5ff
c5fe
c5fd
c5fc
cdfb
cdfa
cdf9
cdf8
d5f7
d5f6
d5f5
d5f4
ddf3
ddf2
ddf1
ddf0
e5ef
e5ee
e5ed
e5ec
edeb
edea
ede9
ede8
f5e7
f5e6
f5e5
f5e4
fde3
fde2
fde1
001f
001f
001f
001f
001f
001f
001f
001f
001f
001f
001f
001f
001f
001f
001f
001f
001f
001f
001f
001f
001f
001f
001f
001f
001f
001f
001f
001f
001f
001f
001f
001f
001f
001f
001f
001f
001f
001f
001f
001f
001f
001f
001f
001f
001f
001f
001f
001f
001f
001f
001f
001f
001f
001f
001f
001f
001f
001f
001f
001f
001f
001f
001f
001f
001f
001f
001f
001f
001f
001f
001f
001f
001f
001f
001f
001f
001f
001f
001f
001f
001f
001f
001f
001f
001f
001f
001f
001f
001f
001f
001f
001f
001f
001f
001f
001f
001f
001f
001f
001f
001f
001f
001f
001f
001f
001f
001f
001f
001f
001f
001f
001f
001f
001f
001f
001f
001f
001f
001f
001f
001f
001f
001f
001f
001f
001f
001f
001f
001f
001f
001f
001f
001f
001f
001f
001f
001f
001f
001f
001f
001f
001f
001f
001f
001f
001f
001f
001f
001f
001f
001f
001f
001f
001f
001f
001f
001f
001f
001f
001f
0600
0601
0602
0603
0e04
0e05
0e06
0e07
1608
1609
160a
160b
1e0c
1e0d
1e0e
1e0f
2610
2611
2612
2613
2e14
2e15
2e16
2e17
3618
3619
361a
361b
3e1c
3e1d
3e1e
3e1f
4600
4601
4602
4603
4e04
4e05
4e06
4e07
5608
5609
560a
560b
5e0c
5e0d
5e0e
5e0f
6610
6611
6612
6613
6e14
6e15
6e16
6e17
7618
7619
761a
761b
7e1c
7e1d
7e1e
7e1f
8600
8601
8602
8603
8603
8e04
8e05
8e06
8e07
9608
9609
960a
960b
9e0c
9e0d
9e0e
9e0f
a610
a611
a612
a613
ae14
ae15
ae16
ae17
b618
b619
b61a
b61b
be1c
be1d
be1e
be1f
c600
c601
c602
c603
ce04
ce05
ce06
ce07
d608
d609
d60a
d60b
de0c
de0d
de0e
de0f
e610
e611
e612
e613
ee14
ee15
ee16
ee17
f618
f619
f61a
f61b
fe1c
fe1d
fe1e
001f
001f
001f
001f
001f
001f
001f
001f
001f
001f
001f
001f
001f
001f
001f
001f
001f
001f
001f
001f
001f
001f
001f
001f
001f
001f
001f
001f
001f
001f
001f
001f
001f
001f
001f
001f
001f
001f
001f
001f
001f
001f
001f
001f
001f
001f
001f
001f
001f
001f
001f
001f
001f
001f
001f
001f
001f
001f
001f
001f
001f
001f
001f
001f
001f
001f
001f
001f
001f
001f
001f
001f
001f
001f
001f
001f
001f
001f
001f
001f
001f
001f
001f
001f
001f
001f
001f
001f
001f
001f
001f
001f
001f
001f
001f
001f
001f
001f
001f
001f
001f
001f
001f
001f
001f
001f
001f
001f
001f
001f
001f
001f
001f
001f
001f
001f
001f
001f
001f
001f
001f
001f
001f
001f
001f
001f
001f
001f
001f
001f
001f
001f
001f
001f
001f
001f
001f
001f
001f
001f
001f
001f
001f
001f
001f
001f
001f
001f
001f
001f
001f
001f
001f
001f
001f
001f
001f
001f
001f
001f
0601
0600
0603
0602
0e05
0e04
0e07
0e06
1609
1608
160b
160a
1e0d
1e0c
1e0f
1e0e
2611
2610
2613
2612
2e15
2e14
2e17
2e16
3619
3618
361b
361a
3e1d
3e1c
3e1f
3e1e
4601
4600
4603
4602
4e05
4e04
4e07
4e06
5609
5608
560b
560a
5e0d
5e0c
5e0f
5e0e
6611
6610
6613
6612
6e15
6e14
6e17
6e16
7619
7618
761b
761a
7e1d
7e1c
7e1f
7e1e
8601
8600
8603
8602
8602
8e05
8e04
8e07
8e06
9609
9608
960b
960a
9e0d
9e0c
9e0f
9e0e
a611
a610
a613
a612
ae15
ae14
ae17
ae16
b619
b618
b61b
b61a
be1d
be1c
be1f
be1e
c601
c600
c603
c602
ce05
ce04
ce07
ce06
d609
d608
d60b
d60a
de0d
de0c
de0f
de0e
e611
e610
e613
e612
ee15
ee14
ee17
ee16
f619
f618
f61b
f61a
fe1d
fe1c
fe1f
001f
001f
001f
001f
001f
001f
001f
001f
001f
001f
001f
001f
001f
001f
001f
001f
001f
001f
001f
001f
001f
001f
001f
001f
001f
001f
001f
001f
001f
001f
001f
001f
001f
001f
001f
001f
001f
001f
001f
001f
001f
001f
001f
001f
001f
001f
001f
001f
001f
001f
001f
001f
001f
001f
001f
001f
001f
001f
001f
001f
001f
001f
001f
001f
001f
001f
001f
001f
001f
001f
001f
001f
001f
001f
001f
001f
001f
001f
001f
001f
001f
001f
001f
001f
001f
001f
001f
001f
001f
001f
001f
001f
001f
001f
001f
001f
001f
001f
001f
001f
001f
001f
001f
001f
001f
001f
001f
001f
001f
001f
001f
001f
001f
001f
001f
001f
001f
001f
001f
001f
001f
001f
001f
001f
001f
001f
001f
001f
001f
001f
001f
001f
001f
001f
001f
001f
001f
001f
001f
001f
001f
001f
001f
001f
001f
001f
001f
001f
001f
001f
001f
001f
001f
001f
001f
001f
001f
001f
001f
001f
0622
0623
0620
0621
0e26
0e27
0e24
0e25
162a
162b
1628
1629
1e2e
1e2f
1e2c
1e2d
2632
2633
2630
2631
2e36
2e37
2e34
2e35
363a
363b
3638
3639
3e3e
3e3f
3e3c
3e3d
4622
4623
4620
4621
4e26
4e27
4e24
4e25
562a
562b
5628
5629
5e2e
5e2f
5e2c
5e2d
6632
6633
6630
6631
6e36
6e37
6e34
6e35
763a
763b
7638
7639
7e3e
7e3f
7e3c
7e3d
8622
8623
8620
8621
8621
8e26
8e27
8e24
8e25
962a
962b
9628
9629
9e2e
9e2f
9e2c
9e2d
a632
a633
a630
a631
ae36
ae37
ae34
ae35
b63a
b63b
b638
b639
be3e
be3f
be3c
be3d
c622
c623
c620
c621
ce26
ce27
ce24
ce25
d62a
d62b
d628
d629
de2e
de2f
de2c
de2d
e632
e633
e630
e631
ee36
ee37
ee34
ee35
f63a
f63b
f638
f639
fe3e
fe3f
fe3c
001f
001f
001f
001f
001f
001f
001f
001f
001f
001f
001f
001f
001f
001f
001f
001f
001f
001f
001f
001f
001f
001f
001f
001f
001f
001f
001f
001f
001f
001f
001f
001f
001f
001f
001f
001f
001f
001f
001f
001f
001f
001f
001f
001f
001f
001f
001f
001f
001f
001f
001f
001f
001f
001f
001f
001f
001f
001f
001f
001f
001f
001f
001f
001f
001f
001f
001f
001f
001f
001f
001f
001f
001f
001f
001f
001f
001f
001f
001f
001f
001f
001f
001f
001f
001f
001f
001f
001f
001f
001f
001f
001f
001f
001f
001f
001f
001f
001f
001f
001f
001f
001f
001f
001f
001f
001f
001f
001f
001f
001f
001f
001f
001f
001f
001f
001f
001f
001f
001f
001f
001f
001f
001f
001f
001f
001f
001f
001f
001f
001f
001f
001f
001f
001f
001f
001f
001f
001f
001f
001f
001f
001f
001f
001f
001f
001f
001f
001f
001f
001f
001f
001f
001f
001f
001f
001f
001f
001f
001f
001f
0623
0622
0621
0620
0e27
0e26
0e25
0e24
162b
162a
1629
1628
1e2f
1e2e
1e2d
1e2c
2633
2632
2631
2630
2e37
2e36
2e35
2e34
363b
363a
3639
3638
3e3f
3e3e
3e3d
3e3c
4623
4622
4621
4620
4e27
4e26
4e25
4e24
562b
562a
5629
5628
5e2f
5e2e
5e2d
5e2c
6633
6632
6631
6630
6e37
6e36
6e35
6e34
763b
763a
7639
7638
7e3f
7e3e
7e3d
7e3c
8623
8622
8621
8620
8620
8e27
8e26
8e25
8e24
962b
962a
9629
9628
9e2f
9e2e
9e2d
9e2c
a633
a632
a631
a630
ae37
ae36
ae35
ae34
b63b
b63a
b639
b638
be3f
be3e
be3d
be3c
c623
c622
c621
c620
ce27
ce26
ce25
ce24
d62b
d62a
d629
d628
de2f
de2e
de2d
de2c
e633
e632
e631
e630
ee37
ee36
ee35
ee34
f63b
f63a
f639
f638
fe3f
fe3e
fe3d
001f
001f
001f
001f
001f
001f
001f
001f
001f
001f
001f
001f
001f
001f
001f
001f
001f
001f
001f
001f
001f
001f
001f
001f
001f
001f
001f
001f
001f
001f
001f
001f
001f
001f
001f
001f
001f
001f
001f
001f
001f
001f
001f
001f
001f
001f
001f
001f
001f
001f
001f
001f
001f
001f
001f
001f
001f
001f
001f
001f
001f
001f
001f
001f
001f
001f
001f
001f
001f
001f
001f
001f
001f
001f
001f
001f
001f
001f
001f
001f
001f
001f
001f
001f
001f
001f
001f
001f
001f
001f
001f
001f
001f
001f
001f
001f
001f
001f
001f
001f
001f
001f
001f
001f
001f
001f
001f
001f
001f
001f
001f
001f
001f
001f
001f
001f
001f
001f
001f
001f
001f
001f
001f
001f
001f
001f
001f
001f
001f
001f
001f
001f
001f
001f
001f
001f
001f
001f
001f
001f
001f
001f
001f
001f
001f
001f
001f
001f
001f
001f
001f
001f
001f
001f
001f
001f
001f
001f
001f
001f
0644
0645
0646
0647
0e40
0e41
0e42
0e43
164c
164d
164e
164f
1e48
1e49
1e4a
1e4b
2654
2655
2656
2657
2e50
2e51
2e52
2e53
365c
365d
365e
365f
3e58
3e59
3e5a
3e5b
4644
4645
4646
4647
4e40
4e41
4e42
4e43
564c
564d
564e
564f
5e48
5e49
5e4a
5e4b
6654
6655
6656
6657
6e50
6e51
6e52
6e53
765c
765d
765e
765f
7e58
7e59
7e5a
7e5b
8644
8645
8646
8647
8647
8e40
8e41
8e42
8e43
964c
964d
964e
964f
9e48
9e49
9e4a
9e4b
a654
a655
a656
a657
ae50
ae51
ae52
ae53
b65c
b65d
b65e
b65f
be58
be59
be5a
be5b
c644
c645
c646
c647
ce40
ce41
ce42
ce43
d64c
d64d
d64e
d64f
de48
de49
de4a
de4b
e654
e655
e656
e657
ee50
ee51
ee52
ee53
f65c
f65d
f65e
f65f
fe58
fe59
fe5a
001f
001f
001f
001f
001f
001f
001f
001f
001f
001f
001f
001f
001f
001f
001f
001f
001f
001f
001f
001f
001f
001f
001f
001f
001f
001f
001f
001f
001f
001f
001f
001f
001f
001f
001f
001f
001f
001f
001f
001f
001f
001f
001f
001f
001f
001f
001f
001f
001f
001f
001f
001f
001f
001f
001f
001f
001f
001f
001f
001f
001f
001f
001f
001f
001f
001f
001f
001f
001f
001f
001f
001f
001f
001f
001f
001f
001f
001f
001f
001f
001f
001f
001f
001f
001f
001f
001f
001f
001f
001f
001f
001f
001f
001f
001f
001f
001f
001f
001f
001f
001f
001f
001f
001f
001f
001f
001f
001f
001f
001f
001f
001f
001f
001f
001f
001f
001f
001f
001f
001f
001f
001f
001f
001f
001f
001f
001f
001f
001f
001f
001f
001f
001f
001f
001f
001f
001f
001f
001f
001f
001f
001f
001f
001f
001f
001f
001f
001f
001f
001f
001f
001f
001f
001f
001f
001f
001f
001f
001f
001f
0645
0644
0647
0646
0e41
0e40
0e43
0e42
164d
164c
164f
164e
1e49
1e48
1e4b
1e4a
2655
2654
2657
2656
2e51
2e50
2e53
2e52
365d
365c
365f
365e
3e59
3e58
3e5b
3e5a
4645
4644
4647
4646
4e41
4e40
4e43
4e42
564d
564c
564f
564e
5e49
5e48
5e4b
5e4a
6655
6654
6657
6656
6e51
6e50
6e53
6e52
765d
765c
765f
765e
7e59
7e58
7e5b
7e5a
8645
8644
8647
8646
8646
8e41
8e40
8e43
8e42
964d
964c
964f
964e
9e49
9e48
9e4b
9e4a
a655
a654
a657
a656
ae51
ae50
ae53
ae52
b65d
b65c
b65f
b65e
be59
be58
be5b
be5a
c645
c644
c647
c646
ce41
ce40
ce43
ce42
d64d
d64c
d64f
d64e
de49
de48
de4b
de4a
e655
e654
e657
e656
ee51
ee50
ee53
ee52
f65d
f65c
f65f
f65e
fe59
fe58
fe5b
001f
001f
001f
001f
001f
001f
001f
001f
001f
001f
001f
001f
001f
001f
001f
001f
001f
001f
001f
001f
001f
001f
001f
001f
001f
001f
001f
001f
001f
001f
001f
001f
001f
001f
001f
001f
001f
001f
001f
001f
001f
001f
001f
001f
001f
001f
001f
001f
001f
001f
001f
001f
001f
001f
001f
001f
001f
001f
001f
001f
001f
001f
001f
001f
001f
001f
001f
001f
001f
001f
001f
001f
001f
001f
001f
001f
001f
001f
001f
001f
001f
001f
001f
001f
001f
001f
001f
001f
001f
001f
001f
001f
001f
001f
001f
001f
001f
001f
001f
001f
001f
001f
001f
001f
001f
001f
001f
001f
001f
001f
001f
001f
001f
001f
001f
001f
001f
001f
001f
001f
001f
001f
001f
001f
001f
001f
001f
001f
001f
001f
001f
001f
001f
001f
001f
001f
001f
001f
001f
001f
001f
001f
001f
001f
001f
001f
001f
001f
001f
001f
001f
001f
001f
001f
001f
001f
001f
001f
001f
001f
0666
0667
0664
0665
0e62
0e63
0e60
0e61
166e
166f
166c
166d
1e6a
1e6b
1e68
1e69
2676
2677
2674
2675
2e72
2e73
2e70
2e71
367e
367f
367c
367d
3e7a
3e7b
3e78
3e79
4666
4667
4664
4665
4e62
4e63
4e60
4e61
566e
566f
566c
566d
5e6a
5e6b
5e68
5e69
6676
6677
6674
6675
6e72
6e73
6e70
6e71
767e
767f
767c
767d
7e7a
7e7b
7e78
7e79
8666
8667
8664
8665
8665
8e62
8e63
8e60
8e61
966e
966f
966c
966d
9e6a
9e6b
9e68
9e69
a676
a677
a674
a675
ae72
ae73
ae70
ae71
b67e
b67f
b67c
b67d
be7a
be7b
be78
be79
c666
c667
c664
c665
ce62
ce63
ce60
ce61
d66e
d66f
d66c
d66d
de6a
de6b
de68
de69
e676
e677
e674
e675
ee72
ee73
ee70
ee71
f67e
f67f
f67c
f67d
fe7a
fe7b
fe78
001f
001f
001f
001f
001f
001f
001f
001f
001f
001f
001f
001f
001f
001f
001f
001f
001f
001f
001f
001f
001f
001f
001f
001f
001f
001f
001f
001f
001f
001f
001f
001f
001f
001f
001f
001f
001f
001f
001f
001f
001f
001f
001f
001f
001f
001f
001f
001f
001f
001f
001f
001f
001f
001f
001f
001f
001f
001f
001f
001f
001f
001f
001f
001f
001f
001f
001f
001f
001f
001f
001f
001f
001f
001f
001f
001f
001f
001f
001f
001f
001f
001f
001f
001f
001f
001f
001f
001f
001f
001f
001f
001f
001f
001f
001f
001f
001f
001f
001f
001f
001f
001f
001f
001f
001f
001f
001f
001f
001f
001f
001f
001f
001f
001f
001f
001f
001f
001f
001f
001f
001f
001f
001f
001f
001f
001f
001f
001f
001f
001f
001f
001f
001f
001f
001f
001f
001f
001f
001f
001f
001f
001f
001f
001f
001f
001f
001f
001f
001f
001f
001f
001f
001f
001f
001f
001f
001f
001f
001f
001f
0667
0666
0665
0664
0e63
0e62
0e61
0e60
166f
166e
166d
166c
1e6b
1e6a
1e69
1e68
2677
2676
2675
2674
2e73
2e72
2e71
2e70
367f
367e
367d
367c
3e7b
3e7a
3e79
3e78
4667
4666
4665
4664
4e63
4e62
4e61
4e60
566f
566e
566d
566c
5e6b
5e6a
5e69
5e68
6677
6676
6675
6674
6e73
6e72
6e71
6e70
767f
767e
767d
767c
7e7b
7e7a
7e79
7e78
8667
8666
8665
8664
8664
8e63
8e62
8e61
8e60
966f
966e
966d
966c
9e6b
9e6a
9e69
9e68
a677
a676
a675
a674
ae73
ae72
ae71
ae70
b67f
b67e
b67d
b67c
be7b
be7a
be79
be78
c667
c666
c665
c664
ce63
ce62
ce61
ce60
d66f
d66e
d66d
d66c
de6b
de6a
de69
de68
e677
e676
e675
e674
ee73
ee72
ee71
ee70
f67f
f67e
f67d
f67c
fe7b
fe7a
fe79
001f
001f
001f
001f
001f
001f
001f
001f
001f
001f
001f
001f
001f
001f
001f
001f
001f
001f
001f
001f
001f
001f
001f
001f
001f
001f
001f
001f
001f
001f
001f
001f
001f
001f
001f
001f
001f
001f
001f
001f
001f
001f
001f
001f
001f
001f
001f
001f
001f
001f
001f
001f
001f
001f
001f
001f
001f
001f
001f
001f
001f
001f
001f
001f
001f
001f
001f
001f
001f
001f
001f
001f
001f
001f
001f
001f
001f
001f
001f
001f
001f
001f
001f
001f
001f
001f
001f
001f
001f
001f
001f
001f
001f
001f
001f
001f
001f
001f
001f
001f
001f
001f
001f
001f
001f
001f
001f
001f
001f
001f
001f
001f
001f
001f
001f
001f
001f
001f
001f
001f
001f
001f
001f
001f
001f
001f
001f
001f
001f
001f
001f
001f
001f
001f
001f
001f
001f
001f
001f
001f
001f
001f
001f
001f
001f
001f
001f
001f
001f
001f
001f
001f
001f
001f
001f
001f
001f
001f
001f
001f
0688
0689
068a
068b
0e8c
0e8d
0e8e
0e8f
1680
1681
1682
1683
1e84
1e85
1e86
1e87
2698
2699
269a
269b
2e9c
2e9d
2e9e
2e9f
3690
3691
3692
3693
3e94
3e95
3e96
3e97
4688
4689
468a
468b
4e8c
4e8d
4e8e
4e8f
5680
5681
5682
5683
5e84
5e85
5e86
5e87
6698
6699
669a
669b
6e9c
6e9d
6e9e
6e9f
7690
7691
7692
7693
7e94
7e95
7e96
7e97
8688
8689
868a
868b
868b
8e8c
8e8d
8e8e
8e8f
9680
9681
9682
9683
9e84
9e85
9e86
9e87
a698
a699
a69a
a69b
ae9c
ae9d
ae9e
ae9f
b690
b691
b692
b693
be94
be95
be96
be97
c688
c689
c68a
c68b
ce8c
ce8d
ce8e
ce8f
d680
d681
d682
d683
de84
de85
de86
de87
e698
e699
e69a
e69b
ee9c
ee9d
ee9e
ee9f
f690
f691
f692
f693
fe94
fe95
fe96
001f
001f
001f
001f
001f
001f
001f
001f
001f
001f
001f
001f
001f
001f
001f
001f
001f
001f
001f
001f
001f
001f
001f
001f
001f
001f
001f
001f
001f
001f
001f
001f
001f
001f
001f
001f
001f
001f
001f
001f
001f
001f
001f
001f
001f
001f
001f
001f
001f
001f
001f
001f
001f
001f
001f
001f
001f
001f
001f
001f
001f
001f
001f
001f
001f
001f
001f
001f
001f
001f
001f
001f
001f
001f
001f
001f
001f
001f
001f
001f
001f
001f
001f
001f
001f
001f
001f
001f
001f
001f
001f
001f
001f
001f
001f
001f
001f
001f
001f
001f
001f
001f
001f
001f
001f
001f
001f
001f
001f
001f
001f
001f
001f
001f
001f
001f
001f
001f
001f
001f
001f
001f
001f
001f
001f
001f
001f
001f
001f
001f
001f
001f
001f
001f
001f
001f
001f
001f
001f
001f
001f
001f
001f
001f
001f
001f
001f
001f
001f
001f
001f
001f
001f
001f
001f
001f
001f
001f
001f
001f
0689
0688
068b
068a
0e8d
0e8c
0e8f
0e8e
1681
1680
1683
1682
1e85
1e84
1e87
1e86
2699
2698
269b
269a
2e9d
2e9c
2e9f
2e9e
3691
3690
3693
3692
3e95
3e94
3e97
3e96
4689
4688
468b
468a
4e8d
4e8c
4e8f
4e8e
5681
5680
5683
5682
5e85
5e84
5e87
5e86
6699
6698
669b
669a
6e9d
6e9c
6e9f
6e9e
7691
7690
7693
7692
7e95
7e94
7e97
7e96
8689
8688
868b
868a
868a
8e8d
8e8c
8e8f
8e8e
9681
9680
9683
9682
9e85
9e84
9e87
9e86
a699
a698
a69b
a69a
ae9d
ae9c
ae9f
ae9e
b691
b690
b693
b692
be95
be94
be97
be96
c689
c688
c68b
c68a
ce8d
ce8c
ce8f
ce8e
d681
d680
d683
d682
de85
de84
de87
de86
e699
e698
e69b
e69a
ee9d
ee9c
ee9f
ee9e
f691
f690
f693
f692
fe95
fe94
fe97
001f
001f
001f
001f
001f
001f
001f
001f
001f
001f
001f
001f
001f
001f
001f
001f
001f
001f
001f
001f
001f
001f
001f
001f
001f
001f
001f
001f
001f
001f
001f
001f
001f
001f
001f
001f
001f
001f
001f
001f
001f
001f
001f
001f
001f
001f
001f
001f
001f
001f
001f
001f
001f
001f
001f
001f
001f
001f
001f
001f
001f
001f
001f
001f
001f
001f
001f
001f
001f
001f
001f
001f
001f
001f
001f
001f
001f
001f
001f
001f
001f
001f
001f
001f
001f
001f
001f
001f
001f
001f
001f
001f
001f
001f
001f
001f
001f
001f
001f
001f
001f
001f
001f
001f
001f
001f
001f
001f
001f
001f
001f
001f
001f
001f
001f
001f
001f
001f
001f
001f
001f
001f
001f
001f
001f
001f
001f
001f
001f
001f
001f
001f
001f
001f
001f
001f
001f
001f
001f
001f
001f
001f
001f
001f
001f
001f
001f
001f
001f
001f
001f
001f
001f
001f
001f
001f
001f
001f
001f
001f
06aa
06ab
06a8
06a9
0eae
0eaf
0eac
0ead
16a2
16a3
16a0
16a1
1ea6
1ea7
1ea4
1ea5
26ba
26bb
26b8
26b9
2ebe
2ebf
2ebc
2ebd
36b2
36b3
36b0
36b1
3eb6
3eb7
3eb4
3eb5
46aa
46ab
46a8
46a9
4eae
4eaf
4eac
4ead
56a2
56a3
56a0
56a1
5ea6
5ea7
5ea4
5ea5
66ba
66bb
66b8
66b9
6ebe
6ebf
6ebc
6ebd
76b2
76b3
76b0
76b1
7eb6
7eb7
7eb4
7eb5
86aa
86ab
86a8
86a9
86a9
8eae
8eaf
8eac
8ead
96a2
96a3
96a0
96a1
9ea6
9ea7
9ea4
9ea5
a6ba
a6bb
a6b8
a6b9
aebe
aebf
aebc
aebd
b6b2
b6b3
b6b0
b6b1
beb6
beb7
beb4
beb5
c6aa
c6ab
c6a8
c6a9
ceae
ceaf
ceac
cead
d6a2
d6a3
d6a0
d6a1
dea6
dea7
dea4
dea5
e6ba
e6bb
e6b8
e6b9
eebe
eebf
eebc
eebd
f6b2
f6b3
f6b0
f6b1
feb6
feb7
feb4
001f
001f
001f
001f
001f
001f
001f
001f
001f
001f
001f
001f
001f
001f
001f
001f
001f
001f
001f
001f
001f
001f
001f
001f
001f
001f
001f
001f
001f
001f
001f
001f
001f
001f
001f
001f
001f
001f
001f
001f
001f
001f
001f
001f
001f
001f
001f
001f
001f
001f
001f
001f
001f
001f
001f
001f
001f
001f
001f
001f
001f
001f
001f
001f
001f
001f
001f
001f
001f
001f
001f
001f
001f
001f
001f
001f
001f
001f
001f
001f
001f
001f
001f
001f
001f
001f
001f
001f
001f
001f
001f
001f
001f
001f
001f
001f
001f
001f
001f
001f
001f
001f
001f
001f
001f
001f
001f
001f
001f
001f
001f
001f
001f
001f
001f
001f
001f
001f
001f
001f
001f
001f
001f
001f
001f
001f
001f
001f
001f
001f
001f
001f
001f
001f
001f
001f
001f
001f
001f
001f
001f
001f
001f
001f
001f
001f
001f
001f
001f
001f
001f
001f
001f
001f
001f
001f
001f
001f
001f
001f
06ab
06aa
06a9
06a8
0eaf
0eae
0ead
0eac
16a3
16a2
16a1
16a0
1ea7
1ea6
1ea5
1ea4
26bb
26ba
26b9
26b8
2ebf
2ebe
2ebd
2ebc
36b3
36b2
36b1
36b0
3eb7
3eb6
3eb5
3eb4
46ab
46aa
46a9
46a8
4eaf
4eae
4ead
4eac
56a3
56a2
56a1
56a0
5ea7
5ea6
5ea5
5ea4
66bb
66ba
66b9
66b8
6ebf
6ebe
6ebd
6ebc
76b3
76b2
76b1
76b0
7eb7
7eb6
7eb5
7eb4
86ab
86aa
86a9
86a8
86a8
8eaf
8eae
8ead
8eac
96a3
96a2
96a1
96a0
9ea7
9ea6
9ea5
9ea4
a6bb
a6ba
a6b9
a6b8
aebf
aebe
aebd
aebc
b6b3
b6b2
b6b1
b6b0
beb7
beb6
beb5
beb4
c6ab
c6aa
c6a9
c6a8
ceaf
ceae
cead
ceac
d6a3
d6a2
d6a1
d6a0
dea7
dea6
dea5
dea4
e6bb
e6ba
e6b9
e6b8
eebf
eebe
eebd
eebc
f6b3
f6b2
f6b1
f6b0
feb7
feb6
feb5
001f
001f
001f
001f
001f
001f
001f
001f
001f
001f
001f
001f
001f
001f
001f
001f
001f
001f
001f
001f
001f
001f
001f
001f
001f
001f
001f
001f
001f
001f
001f
001f
001f
001f
001f
001f
001f
001f
001f
001f
001f
001f
001f
001f
001f
001f
001f
001f
001f
001f
001f
001f
001f
001f
001f
001f
001f
001f
001f
001f
001f
001f
001f
001f
001f
001f
001f
001f
001f
001f
001f
001f
001f
001f
001f
001f
001f
001f
001f
001f
001f
001f
001f
001f
001f
001f
001f
001f
001f
001f
001f
001f
001f
001f
001f
001f
001f
001f
001f
001f
001f
001f
001f
001f
001f
001f
001f
001f
001f
001f
001f
001f
001f
001f
001f
001f
001f
001f
001f
001f
001f
001f
001f
001f
001f
001f
001f
001f
001f
001f
001f
001f
001f
001f
001f
001f
001f
001f
001f
001f
001f
001f
001f
001f
001f
001f
001f
001f
001f
001f
001f
001f
001f
001f
001f
001f
001f
001f
001f
001f
06cc
06cd
06ce
06cf
0ec8
0ec9
0eca
0ecb
16c4
16c5
16c6
16c7
1ec0
1ec1
1ec2
1ec3
26dc
26dd
26de
26df
2ed8
2ed9
2eda
2edb
36d4
36d5
36d6
36d7
3ed0
3ed1
3ed2
3ed3
46cc
46cd
46ce
46cf
4ec8
4ec9
4eca
4ecb
56c4
56c5
56c6
56c7
5ec0
5ec1
5ec2
5ec3
66dc
66dd
66de
66df
6ed8
6ed9
6eda
6edb
76d4
76d5
76d6
76d7
7ed0
7ed1
7ed2
7ed3
86cc
86cd
86ce
86cf
86cf
8ec8
8ec9
8eca
8ecb
96c4
96c5
96c6
96c7
9ec0
9ec1
9ec2
9ec3
a6dc
a6dd
a6de
a6df
aed8
aed9
aeda
aedb
b6d4
b6d5
b6d6
b6d7
bed0
bed1
bed2
bed3
c6cc
c6cd
c6ce
c6cf
cec8
cec9
ceca
cecb
d6c4
d6c5
d6c6
d6c7
dec0
dec1
dec2
dec3
e6dc
e6dd
e6de
e6df
eed8
eed9
eeda
eedb
f6d4
f6d5
f6d6
f6d7
fed0
fed1
fed2
001f
001f
001f
001f
001f
001f
001f
001f
001f
001f
001f
001f
001f
001f
001f
001f
001f
001f
001f
001f
001f
001f
001f
001f
001f
001f
001f
001f
001f
001f
001f
001f
001f
001f
001f
001f
001f
001f
001f
001f
001f
001f
001f
001f
001f
001f
001f
001f
001f
001f
001f
001f
001f
001f
001f
001f
001f
001f
001f
001f
001f
001f
001f
001f
001f
001f
001f
001f
001f
001f
001f
001f
001f
001f
001f
001f
001f
001f
001f
001f
001f
001f
001f
001f
001f
001f
001f
001f
001f
001f
001f
001f
001f
001f
001f
001f
001f
001f
001f
001f
001f
001f
001f
001f
001f
001f
001f
001f
001f
001f
001f
001f
001f
001f
001f
001f
001f
001f
001f
001f
001f
001f
001f
001f
001f
001f
001f
001f
001f
001f
001f
001f
001f
001f
001f
001f
001f
001f
001f
001f
001f
001f
001f
001f
001f
001f
001f
001f
001f
001f
001f
001f
001f
001f
001f
001f
001f
001f
001f
001f
06cd
06cc
06cf
06ce
0ec9
0ec8
0ecb
0eca
16c5
16c4
16c7
16c6
1ec1
1ec0
1ec3
1ec2
26dd
26dc
26df
26de
2ed9
2ed8
2edb
2eda
36d5
36d4
36d7
36d6
3ed1
3ed0
3ed3
3ed2
46cd
46cc
46cf
46ce
4ec9
4ec8
4ecb
4eca
56c5
56c4
56c7
56c6
5ec1
5ec0
5ec3
5ec2
66dd
66dc
66df
66de
6ed9
6ed8
6edb
6eda
76d5
76d4
76d7
76d6
7ed1
7ed0
7ed3
7ed2
86cd
86cc
86cf
86ce
86ce
8ec9
8ec8
8ecb
8eca
96c5
96c4
96c7
96c6
9ec1
9ec0
9ec3
9ec2
a6dd
a6dc
a6df
a6de
aed9
aed8
aedb
aeda
b6d5
b6d4
b6d7
b6d6
bed1
bed0
bed3
bed2
c6cd
c6cc
c6cf
c6ce
cec9
cec8
cecb
ceca
d6c5
d6c4
d6c7
d6c6
dec1
dec0
dec3
dec2
e6dd
e6dc
e6df
e6de
eed9
eed8
eedb
eeda
f6d5
f6d4
f6d7
f6d6
fed1
fed0
fed3
001f
001f
001f
001f
001f
001f
001f
001f
001f
001f
001f
001f
001f
001f
001f
001f
001f
001f
001f
001f
001f
001f
001f
001f
001f
001f
001f
001f
001f
001f
001f
001f
001f
001f
001f
001f
001f
001f
001f
001f
001f
001f
001f
001f
001f
001f
001f
001f
001f
001f
001f
001f
001f
001f
001f
001f
001f
001f
001f
001f
001f
001f
001f
001f
001f
001f
001f
001f
001f
001f
001f
001f
001f
001f
001f
001f
001f
001f
001f
001f
001f
001f
001f
001f
001f
001f
001f
001f
001f
001f
001f
001f
001f
001f
001f
001f
001f
001f
001f
001f
001f
001f
001f
001f
001f
001f
001f
001f
001f
001f
001f
001f
001f
001f
001f
001f
001f
001f
001f
001f
001f
001f
001f
001f
001f
001f
001f
001f
001f
001f
001f
001f
001f
001f
001f
001f
001f
001f
001f
001f
001f
001f
001f
001f
001f
001f
001f
001f
001f
001f
001f
001f
001f
001f
001f
001f
001f
001f
001f
001f
06ee
06ef
06ec
06ed
0eea
0eeb
0ee8
0ee9
16e6
16e7
16e4
16e5
1ee2
1ee3
1ee0
1ee1
26fe
26ff
26fc
26fd
2efa
2efb
2ef8
2ef9
36f6
36f7
36f4
36f5
3ef2
3ef3
3ef0
3ef1
46ee
46ef
46ec
46ed
4eea
4eeb
4ee8
4ee9
56e6
56e7
56e4
56e5
5ee2
5ee3
5ee0
5ee1
66fe
66ff
66fc
66fd
6efa
6efb
6ef8
6ef9
76f6
76f7
76f4
76f5
7ef2
7ef3
7ef0
7ef1
86ee
86ef
86ec
86ed
86ed
8eea
8eeb
8ee8
8ee9
96e6
96e7
96e4
96e5
9ee2
9ee3
9ee0
9ee1
a6fe
a6ff
a6fc
a6fd
aefa
aefb
aef8
aef9
b6f6
b6f7
b6f4
b6f5
bef2
bef3
bef0
bef1
c6ee
c6ef
c6ec
c6ed
ceea
ceeb
cee8
cee9
d6e6
d6e7
d6e4
d6e5
dee2
dee3
dee0
dee1
e6fe
e6ff
e6fc
e6fd
eefa
eefb
eef8
eef9
f6f6
f6f7
f6f4
f6f5
fef2
fef3
fef0
001f
001f
001f
001f
001f
001f
001f
001f
001f
001f
001f
001f
001f
001f
001f
001f
001f
001f
001f
001f
001f
001f
001f
001f
001f
001f
001f
001f
001f
001f
001f
001f
001f
001f
001f
001f
001f
001f
001f
001f
001f
001f
001f
001f
001f
001f
001f
001f
001f
001f
001f
001f
001f
001f
001f
001f
001f
001f
001f
001f
001f
001f
001f
001f
001f
001f
001f
001f
001f
001f
001f
001f
001f
001f
001f
001f
001f
001f
001f
001f
001f
001f
001f
001f
001f
001f
001f
001f
001f
001f
001f
001f
001f
001f
001f
001f
001f
001f
001f
001f
001f
001f
001f
001f
001f
001f
001f
001f
001f
001f
001f
001f
001f
001f
001f
001f
001f
001f
001f
001f
001f
001f
001f
001f
001f
001f
001f
001f
001f
001f
001f
001f
001f
001f
001f
001f
001f
001f
001f
001f
001f
001f
001f
001f
001f
001f
001f
001f
001f
001f
001f
001f
001f
001f
001f
001f
001f
001f
001f
001f
06ef
06ee
06ed
06ec
0eeb
0eea
0ee9
0ee8
16e7
16e6
16e5
16e4
1ee3
1ee2
1ee1
1ee0
26ff
26fe
26fd
26fc
2efb
2efa
2ef9
2ef8
36f7
36f6
36f5
36f4
3ef3
3ef2
3ef1
3ef0
46ef
46ee
46ed
46ec
4eeb
4eea
4ee9
4ee8
56e7
56e6
56e5
56e4
5ee3
5ee2
5ee1
5ee0
66ff
66fe
66fd
66fc
6efb
6efa
6ef9
6ef8
76f7
76f6
76f5
76f4
7ef3
7ef2
7ef1
7ef0
86ef
86ee
86ed
86ec
86ec
8eeb
8eea
8ee9
8ee8
96e7
96e6
96e5
96e4
9ee3
9ee2
9ee1
9ee0
a6ff
a6fe
a6fd
a6fc
aefb
aefa
aef9
aef8
b6f7
b6f6
b6f5
b6f4
bef3
bef2
bef1
bef0
c6ef
c6ee
c6ed
c6ec
ceeb
ceea
cee9
cee8
d6e7
d6e6
d6e5
d6e4
dee3
dee2
dee1
dee0
e6ff
e6fe
e6fd
e6fc
eefb
eefa
eef9
eef8
f6f7
f6f6
f6f5
f6f4
fef3
fef2
fef1
001f
001f
001f
001f
001f
001f
001f
001f
001f
001f
001f
001f
001f
001f
001f
001f
001f
001f
001f
001f
001f
001f
001f
001f
001f
001f
001f
001f
001f
001f
001f
001f
001f
001f
001f
001f
001f
001f
001f
001f
001f
001f
001f
001f
001f
001f
001f
001f
001f
001f
001f
001f
001f
001f
001f
001f
001f
001f
001f
001f
001f
001f
001f
001f
001f
001f
001f
001f
001f
001f
001f
001f
001f
001f
001f
001f
001f
001f
001f
001f
001f
001f
001f
001f
001f
001f
001f
001f
001f
001f
001f
001f
001f
001f
001f
001f
001f
001f
001f
001f
001f
001f
001f
001f
001f
001f
001f
001f
001f
001f
001f
001f
001f
001f
001f
001f
001f
001f
001f
001f
001f
001f
001f
001f
001f
001f
001f
001f
001f
001f
001f
001f
001f
001f
001f
001f
001f
001f
001f
001f
001f
001f
001f
001f
001f
001f
001f
001f
001f
001f
001f
001f
001f
001f
001f
001f
001f
001f
001f
001f
0710
0711
0712
0713
0f14
0f15
0f16
0f17
1718
1719
171a
171b
1f1c
1f1d
1f1e
1f1f
2700
2701
2702
2703
2f04
2f05
2f06
2f07
3708
3709
370a
370b
3f0c
3f0d
3f0e
3f0f
4710
4711
4712
4713
4f14
4f15
4f16
4f17
5718
5719
571a
571b
5f1c
5f1d
5f1e
5f1f
6700
6701
6702
6703
6f04
6f05
6f06
6f07
7708
7709
770a
770b
7f0c
7f0d
7f0e
7f0f
8710
8711
8712
8713
8713
8f14
8f15
8f16
8f17
9718
9719
971a
971b
9f1c
9f1d
9f1e
9f1f
a700
a701
a702
a703
af04
af05
af06
af07
b708
b709
b70a
b70b
bf0c
bf0d
bf0e
bf0f
c710
c711
c712
c713
cf14
cf15
cf16
cf17
d718
d719
d71a
d71b
df1c
df1d
df1e
df1f
e700
e701
e702
e703
ef04
ef05
ef06
ef07
f708
f709
f70a
f70b
ff0c
ff0d
ff0e
001f
001f
001f
001f
001f
001f
001f
001f
001f
001f
001f
001f
001f
001f
001f
001f
001f
001f
001f
001f
001f
001f
001f
001f
001f
001f
001f
001f
001f
001f
001f
001f
001f
001f
001f
001f
001f
001f
001f
001f
001f
001f
001f
001f
001f
001f
001f
001f
001f
001f
001f
001f
001f
001f
001f
001f
001f
001f
001f
001f
001f
001f
001f
001f
001f
001f
001f
001f
001f
001f
001f
001f
001f
001f
001f
001f
001f
001f
001f
001f
001f
001f
001f
001f
001f
001f
001f
001f
001f
001f
001f
001f
001f
001f
001f
001f
001f
001f
001f
001f
001f
001f
001f
001f
001f
001f
001f
001f
001f
001f
001f
001f
001f
001f
001f
001f
001f
001f
001f
001f
001f
001f
001f
001f
001f
001f
001f
001f
001f
001f
001f
001f
001f
001f
001f
001f
001f
001f
001f
001f
001f
001f
001f
001f
001f
001f
001f
001f
001f
001f
001f
001f
001f
001f
001f
001f
001f
001f
001f
001f
0711
0710
0713
0712
0f15
0f14
0f17
0f16
1719
1718
171b
171a
1f1d
1f1c
1f1f
1f1e
2701
2700
2703
2702
2f05
2f04
2f07
2f06
3709
3708
370b
370a
3f0d
3f0c
3f0f
3f0e
4711
4710
4713
4712
4f15
4f14
4f17
4f16
5719
5718
571b
571a
5f1d
5f1c
5f1f
5f1e
6701
6700
6703
6702
6f05
6f04
6f07
6f06
7709
7708
770b
770a
7f0d
7f0c
7f0f
7f0e
8711
8710
8713
8712
8712
8f15
8f14
8f17
8f16
9719
9718
971b
971a
9f1d
9f1c
9f1f
9f1e
a701
a700
a703
a702
af05
af04
af07
af06
b709
b708
b70b
b70a
bf0d
bf0c
bf0f
bf0e
c711
c710
c713
c712
cf15
cf14
cf17
cf16
d719
d718
d71b
d71a
df1d
df1c
df1f
df1e
e701
e700
e703
e702
ef05
ef04
ef07
ef06
f709
f708
f70b
f70a
ff0d
ff0c
ff0f
001f
001f
001f
001f
001f
001f
001f
001f
001f
001f
001f
001f
001f
001f
001f
001f
001f
001f
001f
001f
001f
001f
001f
001f
001f
001f
001f
001f
001f
001f
001f
001f
001f
001f
001f
001f
001f
001f
001f
001f
001f
001f
001f
001f
001f
001f
001f
001f
001f
001f
001f
001f
001f
001f
001f
001f
001f
001f
001f
001f
001f
001f
001f
001f
001f
001f
001f
001f
001f
001f
001f
001f
001f
001f
001f
001f
001f
001f
001f
001f
001f
001f
001f
001f
001f
001f
001f
001f
001f
001f
001f
001f
001f
001f
001f
001f
001f
001f
001f
001f
001f
001f
001f
001f
001f
001f
001f
001f
001f
001f
001f
001f
001f
001f
001f
001f
001f
001f
001f
001f
001f
001f
001f
001f
001f
001f
001f
001f
001f
001f
001f
001f
001f
001f
001f
001f
001f
001f
001f
001f
001f
001f
001f
001f
001f
001f
001f
001f
001f
001f
001f
001f
001f
001f
001f
001f
001f
001f
001f
001f
0732
0733
0730
0731
0f36
0f37
0f34
0f35
173a
173b
1738
1739
1f3e
1f3f
1f3c
1f3d
2722
2723
2720
2721
2f26
2f27
2f24
2f25
372a
372b
3728
3729
3f2e
3f2f
3f2c
3f2d
4732
4733
4730
4731
4f36
4f37
4f34
4f35
573a
573b
5738
5739
5f3e
5f3f
5f3c
5f3d
6722
6723
6720
6721
6f26
6f27
6f24
6f25
772a
772b
7728
7729
7f2e
7f2f
7f2c
7f2d
8732
8733
8730
8731
8731
8f36
8f37
8f34
8f35
973a
973b
9738
9739
9f3e
9f3f
9f3c
9f3d
a722
a723
a720
a721
af26
af27
af24
af25
b72a
b72b
b728
b729
bf2e
bf2f
bf2c
bf2d
c732
c733
c730
c731
cf36
cf37
cf34
cf35
d73a
d73b
d738
d739
df3e
df3f
df3c
df3d
e722
e723
e720
e721
ef26
ef27
ef24
ef25
f72a
f72b
f728
f729
ff2e
ff2f
ff2c
001f
001f
001f
001f
001f
001f
001f
001f
001f
001f
001f
001f
001f
001f
001f
001f
001f
001f
001f
001f
001f
001f
001f
001f
001f
001f
001f
001f
001f
001f
001f
001f
001f
001f
001f
001f
001f
001f
001f
001f
001f
001f
001f
001f
001f
001f
001f
001f
001f
001f
001f
001f
001f
001f
001f
001f
001f
001f
001f
001f
001f
001f
001f
001f
001f
001f
001f
001f
001f
001f
001f
001f
001f
001f
001f
001f
001f
001f
001f
001f
001f
001f
001f
001f
001f
001f
001f
001f
001f
001f
001f
001f
001f
001f
001f
001f
001f
001f
001f
001f
001f
001f
001f
001f
001f
001f
001f
001f
001f
001f
001f
001f
001f
001f
001f
001f
001f
001f
001f
001f
001f
001f
001f
001f
001f
001f
001f
001f
001f
001f
001f
001f
001f
001f
001f
001f
001f
001f
001f
001f
001f
001f
001f
001f
001f
001f
001f
001f
001f
001f
001f
001f
001f
001f
001f
001f
001f
001f
001f
001f
0733
0732
0731
0730
0f37
0f36
0f35
0f34
173b
173a
1739
1738
1f3f
1f3e
1f3d
1f3c
2723
2722
2721
2720
2f27
2f26
2f25
2f24
372b
372a
3729
3728
3f2f
3f2e
3f2d
3f2c
4733
4732
4731
4730
4f37
4f36
4f35
4f34
573b
573a
5739
5738
5f3f
5f3e
5f3d
5f3c
6723
6722
6721
6720
6f27
6f26
6f25
6f24
772b
772a
7729
7728
7f2f
7f2e
7f2d
7f2c
8733
8732
8731
8730
8730
8f37
8f36
8f35
8f34
973b
973a
9739
9738
9f3f
9f3e
9f3d
9f3c
a723
a722
a721
a720
af27
af26
af25
af24
b72b
b72a
b729
b728
bf2f
bf2e
bf2d
bf2c
c733
c732
c731
c730
cf37
cf36
cf35
cf34
d73b
d73a
d739
d738
df3f
df3e
df3d
df3c
e723
e722
e721
e720
ef27
ef26
ef25
ef24
f72b
f72a
f729
f728
ff2f
ff2e
ff2d
001f
001f
001f
001f
001f
001f
001f
001f
001f
001f
001f
001f
001f
001f
001f
001f
001f
001f
001f
001f
001f
001f
001f
001f
001f
001f
001f
001f
001f
001f
001f
001f
001f
001f
001f
001f
001f
001f
001f
001f
001f
001f
001f
001f
001f
001f
001f
001f
001f
001f
001f
001f
001f
001f
001f
001f
001f
001f
001f
001f
001f
001f
001f
001f
001f
001f
001f
001f
001f
001f
001f
001f
001f
001f
001f
001f
001f
001f
001f
001f
001f
001f
001f
001f
001f
001f
001f
001f
001f
001f
001f
001f
001f
001f
001f
001f
001f
001f
001f
001f
001f
001f
001f
001f
001f
001f
001f
001f
001f
001f
001f
001f
001f
001f
001f
001f
001f
001f
001f
001f
001f
001f
001f
001f
001f
001f
001f
001f
001f
001f
001f
001f
001f
001f
001f
001f
001f
001f
001f
001f
001f
001f
001f
001f
001f
001f
001f
001f
001f
001f
001f
001f
001f
001f
001f
001f
001f
001f
001f
001f
0754
0755
0756
0757
0f50
0f51
0f52
0f53
175c
175d
175e
175f
1f58
1f59
1f5a
1f5b
2744
2745
2746
2747
2f40
2f41
2f42
2f43
374c
374d
374e
374f
3f48
3f49
3f4a
3f4b
4754
4755
4756
4757
4f50
4f51
4f52
4f53
575c
575d
575e
575f
5f58
5f59
5f5a
5f5b
6744
6745
6746
6747
6f40
6f41
6f42
6f43
774c
774d
774e
774f
7f48
7f49
7f4a
7f4b
8754
8755
8756
8757
8757
8f50
8f51
8f52
8f53
975c
975d
975e
975f
9f58
9f59
9f5a
9f5b
a744
a745
a746
a747
af40
af41
af42
af43
b74c
b74d
b74e
b74f
bf48
bf49
bf4a
bf4b
c754
c755
c756
c757
cf50
cf51
cf52
cf53
d75c
d75d
d75e
d75f
df58
df59
df5a
df5b
e744
e745
e746
e747
ef40
ef41
ef42
ef43
f74c
f74d
f74e
f74f
ff48
ff49
ff4a
001f
001f
001f
001f
001f
001f
001f
001f
001f
001f
001f
001f
001f
001f
001f
001f
001f
001f
001f
001f
001f
001f
001f
001f
001f
001f
001f
001f
001f
001f
001f
001f
001f
001f
001f
001f
001f
001f
001f
001f
001f
001f
001f
001f
001f
001f
001f
001f
001f
001f
001f
001f
001f
001f
001f
001f
001f
001f
001f
001f
001f
001f
001f
001f
001f
001f
001f
001f
001f
001f
001f
001f
001f
001f
001f
001f
001f
001f
001f
001f
001f
001f
001f
001f
001f
001f
001f
001f
001f
001f
001f
001f
001f
001f
001f
001f
001f
001f
001f
001f
001f
001f
001f
001f
001f
001f
001f
001f
001f
001f
001f
001f
001f
001f
001f
001f
001f
001f
001f
001f
001f
001f
001f
001f
001f
001f
001f
001f
001f
001f
001f
001f
001f
001f
001f
001f
001f
001f
001f
001f
001f
001f
001f
001f
001f
001f
001f
001f
001f
001f
001f
001f
001f
001f
001f
001f
001f
001f
001f
001f
0755
0754
0757
0756
0f51
0f50
0f53
0f52
175d
175c
175f
175e
1f59
1f58
1f5b
1f5a
2745
2744
2747
2746
2f41
2f40
2f43
2f42
374d
374c
374f
374e
3f49
3f48
3f4b
3f4a
4755
4754
4757
4756
4f51
4f50
4f53
4f52
575d
575c
575f
575e
5f59
5f58
5f5b
5f5a
6745
6744
6747
6746
6f41
6f40
6f43
6f42
774d
774c
774f
774e
7f49
7f48
7f4b
7f4a
8755
8754
8757
8756
8756
8f51
8f50
8f53
8f52
975d
975c
975f
975e
9f59
9f58
9f5b
9f5a
a745
a744
a747
a746
af41
af40
af43
af42
b74d
b74c
b74f
b74e
bf49
bf48
bf4b
bf4a
c755
c754
c757
c756
cf51
cf50
cf53
cf52
d75d
d75c
d75f
d75e
df59
df58
df5b
df5a
e745
e744
e747
e746
ef41
ef40
ef43
ef42
f74d
f74c
f74f
f74e
ff49
ff48
ff4b
001f
001f
001f
001f
001f
001f
001f
001f
001f
001f
001f
001f
001f
001f
001f
001f
001f
001f
001f
001f
001f
001f
001f
001f
001f
001f
001f
001f
001f
001f
001f
001f
001f
001f
001f
001f
001f
001f
001f
001f
001f
001f
001f
001f
001f
001f
001f
001f
001f
001f
001f
001f
001f
001f
001f
001f
001f
001f
001f
001f
001f
001f
001f
001f
001f
001f
001f
001f
001f
001f
001f
001f
001f
001f
001f
001f
001f
001f
001f
001f
001f
001f
001f
001f
001f
001f
001f
001f
001f
001f
001f
001f
001f
001f
001f
001f
001f
001f
001f
001f
001f
001f
001f
001f
001f
001f
001f
001f
001f
001f
001f
001f
001f
001f
001f
001f
001f
001f
001f
001f
001f
001f
001f
001f
001f
001f
001f
001f
001f
001f
001f
001f
001f
001f
001f
001f
001f
001f
001f
001f
001f
001f
001f
001f
001f
001f
001f
001f
001f
001f
001f
001f
001f
001f
001f
001f
001f
001f
001f
001f
0776
0777
0774
0775
0f72
0f73
0f70
0f71
177e
177f
177c
177d
1f7a
1f7b
1f78
1f79
2766
2767
2764
2765
2f62
2f63
2f60
2f61
376e
376f
376c
376d
3f6a
3f6b
3f68
3f69
4776
4777
4774
4775
4f72
4f73
4f70
4f71
577e
577f
577c
577d
5f7a
5f7b
5f78
5f79
6766
6767
6764
6765
6f62
6f63
6f60
6f61
776e
776f
776c
776d
7f6a
7f6b
7f68
7f69
8776
8777
8774
8775
8775
8f72
8f73
8f70
8f71
977e
977f
977c
977d
9f7a
9f7b
9f78
9f79
a766
a767
a764
a765
af62
af63
af60
af61
b76e
b76f
b76c
b76d
bf6a
bf6b
bf68
bf69
c776
c777
c774
c775
cf72
cf73
cf70
cf71
d77e
d77f
d77c
d77d
df7a
df7b
df78
df79
e766
e767
e764
e765
ef62
ef63
ef60
ef61
f76e
f76f
f76c
f76d
ff6a
ff6b
ff68
001f
001f
001f
001f
001f
001f
001f
001f
001f
001f
001f
001f
001f
001f
001f
001f
001f
001f
001f
001f
001f
001f
001f
001f
001f
001f
001f
001f
001f
001f
001f
001f
001f
001f
001f
001f
001f
001f
001f
001f
001f
001f
001f
001f
001f
001f
001f
001f
001f
001f
001f
001f
001f
001f
001f
001f
001f
001f
001f
001f
001f
001f
001f
001f
001f
001f
001f
001f
001f
001f
001f
001f
001f
001f
001f
001f
001f
001f
001f
001f
001f
001f
001f
001f
001f
001f
001f
001f
001f
001f
001f
001f
001f
001f
001f
001f
001f
001f
001f
001f
001f
001f
001f
001f
001f
001f
001f
001f
001f
001f
001f
001f
001f
001f
001f
001f
001f
001f
001f
001f
001f
001f
001f
001f
001f
001f
001f
001f
001f
001f
001f
001f
001f
001f
001f
001f
001f
001f
001f
001f
001f
001f
001f
001f
001f
001f
001f
001f
001f
001f
001f
001f
001f
001f
001f
001f
001f
001f
001f
001f
0777
0776
0775
0774
0f73
0f72
0f71
0f70
177f
177e
177d
177c
1f7b
1f7a
1f79
1f78
2767
2766
2765
2764
2f63
2f62
2f61
2f60
376f
376e
376d
376c
3f6b
3f6a
3f69
3f68
4777
4776
4775
4774
4f73
4f72
4f71
4f70
577f
577e
577d
577c
5f7b
5f7a
5f79
5f78
6767
6766
6765
6764
6f63
6f62
6f61
6f60
776f
776e
776d
776c
7f6b
7f6a
7f69
7f68
8777
8776
8775
8774
8774
8f73
8f72
8f71
8f70
977f
977e
977d
977c
9f7b
9f7a
9f79
9f78
a767
a766
a765
a764
af63
af62
af61
af60
b76f
b76e
b76d
b76c
bf6b
bf6a
bf69
bf68
c777
c776
c775
c774
cf73
cf72
cf71
cf70
d77f
d77e
d77d
d77c
df7b
df7a
df79
df78
e767
e766
e765
e764
ef63
ef62
ef61
ef60
f76f
f76e
f76d
f76c
ff6b
ff6a
ff69
001f
001f
001f
001f
001f
001f
001f
001f
001f
001f
001f
001f
001f
001f
001f
001f
001f
001f
001f
001f
001f
001f
001f
001f
001f
001f
001f
001f
001f
001f
001f
001f
001f
001f
001f
001f
001f
001f
001f
001f
001f
001f
001f
001f
001f
001f
001f
001f
001f
001f
001f
001f
001f
001f
001f
001f
001f
001f
001f
001f
001f
001f
001f
001f
001f
001f
001f
001f
001f
001f
001f
001f
001f
001f
001f
001f
001f
001f
001f
001f
001f
001f
001f
001f
001f
001f
001f
001f
001f
001f
001f
001f
001f
001f
001f
001f
001f
001f
001f
001f
001f
001f
001f
001f
001f
001f
001f
001f
001f
001f
001f
001f
001f
001f
001f
001f
001f
001f
001f
001f
001f
001f
001f
001f
001f
001f
001f
001f
001f
001f
001f
001f
001f
001f
001f
001f
001f
001f
001f
001f
001f
001f
001f
001f
001f
001f
001f
001f
001f
001f
001f
001f
001f
001f
001f
001f
001f
001f
001f
001f
0798
0799
079a
079b
0f9c
0f9d
0f9e
0f9f
1790
1791
1792
1793
1f94
1f95
1f96
1f97
2788
2789
278a
278b
2f8c
2f8d
2f8e
2f8f
3780
3781
3782
3783
3f84
3f85
3f86
3f87
4798
4799
479a
479b
4f9c
4f9d
4f9e
4f9f
5790
5791
5792
5793
5f94
5f95
5f96
5f97
6788
6789
678a
678b
6f8c
6f8d
6f8e
6f8f
7780
7781
7782
7783
7f84
7f85
7f86
7f87
8798
8799
879a
879b
879b
8f9c
8f9d
8f9e
8f9f
9790
9791
9792
9793
9f94
9f95
9f96
9f97
a788
a789
a78a
a78b
af8c
af8d
af8e
af8f
b780
b781
b782
b783
bf84
bf85
bf86
bf87
c798
c799
c79a
c79b
cf9c
cf9d
cf9e
cf9f
d790
d791
d792
d793
df94
df95
df96
df97
e788
e789
e78a
e78b
ef8c
ef8d
ef8e
ef8f
f780
f781
f782
f783
ff84
ff85
ff86
001f
001f
001f
001f
001f
001f
001f
001f
001f
001f
001f
001f
001f
001f
001f
001f
001f
001f
001f
001f
001f
001f
001f
001f
001f
001f
001f
001f
001f
001f
001f
001f
001f
001f
001f
001f
001f
001f
001f
001f
001f
001f
001f
001f
001f
001f
001f
001f
001f
001f
001f
001f
001f
001f
001f
001f
001f
001f
001f
001f
001f
001f
001f
001f
001f
001f
001f
001f
001f
001f
001f
001f
001f
001f
001f
001f
001f
001f
001f
001f
001f
001f
001f
001f
001f
001f
001f
001f
001f
001f
001f
001f
001f
001f
001f
001f
001f
001f
001f
001f
001f
001f
001f
001f
001f
001f
001f
001f
001f
001f
001f
001f
001f
001f
001f
001f
001f
001f
001f
001f
001f
001f
001f
001f
001f
001f
001f
001f
001f
001f
001f
001f
001f
001f
001f
001f
001f
001f
001f
001f
001f
001f
001f
001f
001f
001f
001f
001f
001f
001f
001f
001f
001f
001f
001f
001f
001f
001f
001f
001f
0799
0798
079b
079a
0f9d
0f9c
0f9f
0f9e
1791
1790
1793
1792
1f95
1f94
1f97
1f96
2789
2788
278b
278a
2f8d
2f8c
2f8f
2f8e
3781
3780
3783
3782
3f85
3f84
3f87
3f86
4799
4798
479b
479a
4f9d
4f9c
4f9f
4f9e
5791
5790
5793
5792
5f95
5f94
5f97
5f96
6789
6788
678b
678a
6f8d
6f8c
6f8f
6f8e
7781
7780
7783
7782
7f85
7f84
7f87
7f86
8799
8798
879b
879a
879a
8f9d
8f9c
8f9f
8f9e
9791
9790
9793
9792
9f95
9f94
9f97
9f96
a789
a788
a78b
a78a
af8d
af8c
af8f
af8e
b781
b780
b783
b782
bf85
bf84
bf87
bf86
c799
c798
c79b
c79a
cf9d
cf9c
cf9f
cf9e
d791
d790
d793
d792
df95
df94
df97
df96
e789
e788
e78b
e78a
ef8d
ef8c
ef8f
ef8e
f781
f780
f783
f782
ff85
ff84
ff87
001f
001f
001f
001f
001f
001f
001f
001f
001f
001f
001f
001f
001f
001f
001f
001f
001f
001f
001f
001f
001f
001f
001f
001f
001f
001f
001f
001f
001f
001f
001f
001f
001f
001f
001f
001f
001f
001f
001f
001f
001f
001f
001f
001f
001f
001f
001f
001f
001f
001f
001f
001f
001f
001f
001f
001f
001f
001f
001f
001f
001f
001f
001f
001f
001f
001f
001f
001f
001f
001f
001f
001f
001f
001f
001f
001f
001f
001f
001f
001f
001f
001f
001f
001f
001f
001f
001f
001f
001f
001f
001f
001f
001f
001f
001f
001f
001f
001f
001f
001f
001f
001f
001f
001f
001f
001f
001f
001f
001f
001f
001f
001f
001f
001f
001f
001f
001f
001f
001f
001f
001f
001f
001f
001f
001f
001f
001f
001f
001f
001f
001f
001f
001f
001f
001f
001f
001f
001f
001f
001f
001f
001f
001f
001f
001f
001f
001f
001f
001f
001f
001f
001f
001f
001f
001f
001f
001f
001f
001f
001f
07ba
07bb
07b8
07b9
0fbe
0fbf
0fbc
0fbd
17b2
17b3
17b0
17b1
1fb6
1fb7
1fb4
1fb5
27aa
27ab
27a8
27a9
2fae
2faf
2fac
2fad
37a2
37a3
37a0
37a1
3fa6
3fa7
3fa4
3fa5
47ba
47bb
47b8
47b9
4fbe
4fbf
4fbc
4fbd
57b2
57b3
57b0
57b1
5fb6
5fb7
5fb4
5fb5
67aa
67ab
67a8
67a9
6fae
6faf
6fac
6fad
77a2
77a3
77a0
77a1
7fa6
7fa7
7fa4
7fa5
87ba
87bb
87b8
87b9
87b9
8fbe
8fbf
8fbc
8fbd
97b2
97b3
97b0
97b1
9fb6
9fb7
9fb4
9fb5
a7aa
a7ab
a7a8
a7a9
afae
afaf
afac
afad
b7a2
b7a3
b7a0
b7a1
bfa6
bfa7
bfa4
bfa5
c7ba
c7bb
c7b8
c7b9
cfbe
cfbf
cfbc
cfbd
d7b2
d7b3
d7b0
d7b1
dfb6
dfb7
dfb4
dfb5
e7aa
e7ab
e7a8
e7a9
efae
efaf
efac
efad
f7a2
f7a3
f7a0
f7a1
ffa6
ffa7
ffa4
001f
001f
001f
001f
001f
001f
001f
001f
001f
001f
001f
001f
001f
001f
001f
001f
001f
001f
001f
001f
001f
001f
001f
001f
001f
001f
001f
001f
001f
001f
001f
001f
001f
001f
001f
001f
001f
001f
001f
001f
001f
001f
001f
001f
001f
001f
001f
001f
001f
001f
001f
001f
001f
001f
001f
001f
001f
001f
001f
001f
001f
001f
001f
001f
001f
001f
001f
001f
001f
001f
001f
001f
001f
001f
001f
001f
001f
001f
001f
001f
001f
001f
001f
001f
001f
001f
001f
001f
001f
001f
001f
001f
001f
001f
001f
001f
001f
001f
001f
001f
001f
001f
001f
001f
001f
001f
001f
001f
001f
001f
001f
001f
001f
001f
001f
001f
001f
001f
001f
001f
001f
001f
001f
001f
001f
001f
001f
001f
001f
001f
001f
001f
001f
001f
001f
001f
001f
001f
001f
001f
001f
001f
001f
001f
001f
001f
001f
001f
001f
001f
001f
001f
001f
001f
001f
001f
001f
001f
001f
001f
07bb
07ba
07b9
07b8
0fbf
0fbe
0fbd
0fbc
17b3
17b2
17b1
17b0
1fb7
1fb6
1fb5
1fb4
27ab
27aa
27a9
27a8
2faf
2fae
2fad
2fac
37a3
37a2
37a1
37a0
3fa7
3fa6
3fa5
3fa4
47bb
47ba
47b9
47b8
4fbf
4fbe
4fbd
4fbc
57b3
57b2
57b1
57b0
5fb7
5fb6
5fb5
5fb4
67ab
67aa
67a9
67a8
6faf
6fae
6fad
6fac
77a3
77a2
77a1
77a0
7fa7
7fa6
7fa5
7fa4
87bb
87ba
87b9
87b8
87b8
8fbf
8fbe
8fbd
8fbc
97b3
97b2
97b1
97b0
9fb7
9fb6
9fb5
9fb4
a7ab
a7aa
a7a9
a7a8
afaf
afae
afad
afac
b7a3
b7a2
b7a1
b7a0
bfa7
bfa6
bfa5
bfa4
c7bb
c7ba
c7b9
c7b8
cfbf
cfbe
cfbd
cfbc
d7b3
d7b2
d7b1
d7b0
dfb7
dfb6
dfb5
dfb4
e7ab
e7aa
e7a9
e7a8
efaf
efae
efad
efac
f7a3
f7a2
f7a1
f7a0
ffa7
ffa6
ffa5
001f
001f
001f
001f
001f
001f
001f
001f
001f
001f
001f
001f
001f
001f
001f
001f
001f
001f
001f
001f
001f
001f
001f
001f
001f
001f
001f
001f
001f
001f
001f
001f
001f
001f
001f
001f
001f
001f
001f
001f
001f
001f
001f
001f
001f
001f
001f
001f
001f
001f
001f
001f
001f
001f
001f
001f
001f
001f
001f
001f
001f
001f
001f
001f
001f
001f
001f
001f
001f
001f
001f
001f
001f
001f
001f
001f
001f
001f
001f
001f
001f
001f
001f
001f
001f
001f
001f
001f
001f
001f
001f
001f
001f
001f
001f
001f
001f
001f
001f
001f
001f
001f
001f
001f
001f
001f
001f
001f
001f
001f
001f
001f
001f
001f
001f
001f
001f
001f
001f
001f
001f
001f
001f
001f
001f
001f
001f
001f
001f
001f
001f
001f
001f
001f
001f
001f
001f
001f
001f
001f
001f
001f
001f
001f
001f
001f
001f
001f
001f
001f
001f
001f
001f
001f
001f
001f
001f
001f
001f
001f
07dc
07dd
07de
07df
0fd8
0fd9
0fda
0fdb
17d4
17d5
17d6
17d7
1fd0
1fd1
1fd2
1fd3
27cc
27cd
27ce
27cf
2fc8
2fc9
2fca
2fcb
37c4
37c5
37c6
37c7
3fc0
3fc1
3fc2
3fc3
47dc
47dd
47de
47df
4fd8
4fd9
4fda
4fdb
57d4
57d5
57d6
57d7
5fd0
5fd1
5fd2
5fd3
67cc
67cd
67ce
67cf
6fc8
6fc9
6fca
6fcb
77c4
77c5
77c6
77c7
7fc0
7fc1
7fc2
7fc3
87dc
87dd
87de
87df
87df
8fd8
8fd9
8fda
8fdb
97d4
97d5
97d6
97d7
9fd0
9fd1
9fd2
9fd3
a7cc
a7cd
a7ce
a7cf
afc8
afc9
afca
afcb
b7c4
b7c5
b7c6
b7c7
bfc0
bfc1
bfc2
bfc3
c7dc
c7dd
c7de
c7df
cfd8
cfd9
cfda
cfdb
d7d4
d7d5
d7d6
d7d7
dfd0
dfd1
dfd2
dfd3
e7cc
e7cd
e7ce
e7cf
efc8
efc9
efca
efcb
f7c4
f7c5
f7c6
f7c7
ffc0
ffc1
ffc2
001f
001f
001f
001f
001f
001f
001f
001f
001f
001f
001f
001f
001f
001f
001f
001f
001f
001f
001f
001f
001f
001f
001f
001f
001f
001f
001f
001f
001f
001f
001f
001f
001f
001f
001f
001f
001f
001f
001f
001f
001f
001f
001f
001f
001f
001f
001f
001f
001f
001f
001f
001f
001f
001f
001f
001f
001f
001f
001f
001f
001f
001f
001f
001f
001f
001f
001f
001f
001f
001f
001f
001f
001f
001f
001f
001f
001f
001f
001f
001f
001f
001f
001f
001f
001f
001f
001f
001f
001f
001f
001f
001f
001f
001f
001f
001f
001f
001f
001f
001f
001f
001f
001f
001f
001f
001f
001f
001f
001f
001f
001f
001f
001f
001f
001f
001f
001f
001f
001f
001f
001f
001f
001f
001f
001f
001f
001f
001f
001f
001f
001f
001f
001f
001f
001f
001f
001f
001f
001f
001f
001f
001f
001f
001f
001f
001f
001f
001f
001f
001f
001f
001f
001f
001f
001f
001f
001f
001f
001f
001f
07dd
07dc
07df
07de
0fd9
0fd8
0fdb
0fda
17d5
17d4
17d7
17d6
1fd1
1fd0
1fd3
1fd2
27cd
27cc
27cf
27ce
2fc9
2fc8
2fcb
2fca
37c5
37c4
37c7
37c6
3fc1
3fc0
3fc3
3fc2
47dd
47dc
47df
47de
4fd9
4fd8
4fdb
4fda
57d5
57d4
57d7
57d6
5fd1
5fd0
5fd3
5fd2
67cd
67cc
67cf
67ce
6fc9
6fc8
6fcb
6fca
77c5
77c4
77c7
77c6
7fc1
7fc0
7fc3
7fc2
87dd
87dc
87df
87de
87de
8fd9
8fd8
8fdb
8fda
97d5
97d4
97d7
97d6
9fd1
9fd0
9fd3
9fd2
a7cd
a7cc
a7cf
a7ce
afc9
afc8
afcb
afca
b7c5
b7c4
b7c7
b7c6
bfc1
bfc0
bfc3
bfc2
c7dd
c7dc
c7df
c7de
cfd9
cfd8
cfdb
cfda
d7d5
d7d4
d7d7
d7d6
dfd1
dfd0
dfd3
dfd2
e7cd
e7cc
e7cf
e7ce
efc9
efc8
efcb
efca
f7c5
f7c4
f7c7
f7c6
ffc1
ffc0
ffc3
001f
001f
001f
001f
001f
001f
001f
001f
001f
001f
001f
001f
001f
001f
001f
001f
001f
001f
001f
001f
001f
001f
001f
001f
001f
001f
001f
001f
001f
001f
001f
001f
001f
001f
001f
001f
001f
001f
001f
001f
001f
001f
001f
001f
001f
001f
001f
001f
001f
001f
001f
001f
001f
001f
001f
001f
001f
001f
001f
001f
001f
001f
001f
001f
001f
001f
001f
001f
001f
001f
001f
001f
001f
001f
001f
001f
001f
001f
001f
001f
001f
001f
001f
001f
001f
001f
001f
001f
001f
001f
001f
001f
001f
001f
001f
001f
001f
001f
001f
001f
001f
001f
001f
001f
001f
001f
001f
001f
001f
001f
001f
001f
001f
001f
001f
001f
001f
001f
001f
001f
001f
001f
001f
001f
001f
001f
001f
001f
001f
001f
001f
001f
001f
001f
001f
001f
001f
001f
001f
001f
001f
001f
001f
001f
001f
001f
001f
001f
001f
001f
001f
001f
001f
001f
001f
001f
001f
001f
001f
001f
07fe
07ff
07fc
07fd
0ffa
0ffb
0ff8
0ff9
17f6
17f7
17f4
17f5
1ff2
1ff3
1ff0
1ff1
27ee
27ef
27ec
27ed
2fea
2feb
2fe8
2fe9
37e6
37e7
37e4
37e5
3fe2
3fe3
3fe0
3fe1
47fe
47ff
47fc
47fd
4ffa
4ffb
4ff8
4ff9
57f6
57f7
57f4
57f5
5ff2
5ff3
5ff0
5ff1
67ee
67ef
67ec
67ed
6fea
6feb
6fe8
6fe9
77e6
77e7
77e4
77e5
7fe2
7fe3
7fe0
7fe1
87fe
87ff
87fc
87fd
87fd
8ffa
8ffb
8ff8
8ff9
97f6
97f7
97f4
97f5
9ff2
9ff3
9ff0
9ff1
a7ee
a7ef
a7ec
a7ed
afea
afeb
afe8
afe9
b7e6
b7e7
b7e4
b7e5
bfe2
bfe3
bfe0
bfe1
c7fe
c7ff
c7fc
c7fd
cffa
cffb
cff8
cff9
d7f6
d7f7
d7f4
d7f5
dff2
dff3
dff0
dff1
e7ee
e7ef
e7ec
e7ed
efea
efeb
efe8
efe9
f7e6
f7e7
f7e4
f7e5
ffe2
ffe3
ffe0
001f
001f
001f
001f
001f
001f
001f
001f
001f
001f
001f
001f
001f
001f
001f
001f
001f
001f
001f
001f
001f
001f
001f
001f
001f
001f
001f
001f
001f
001f
001f
001f
001f
001f
001f
001f
001f
001f
001f
001f
001f
001f
001f
001f
001f
001f
001f
001f
001f
001f
001f
001f
001f
001f
001f
001f
001f
001f
001f
001f
001f
001f
001f
001f
001f
001f
001f
001f
001f
001f
001f
001f
001f
001f
001f
001f
001f
001f
001f
001f
001f
001f
001f
001f
001f
001f
001f
001f
001f
001f
001f
001f
001f
001f
001f
001f
001f
001f
001f
001f
001f
001f
001f
001f
001f
001f
001f
001f
001f
001f
001f
001f
001f
001f
001f
001f
001f
001f
001f
001f
001f
001f
001f
001f
001f
001f
001f
001f
001f
001f
001f
001f
001f
001f
001f
001f
001f
001f
001f
001f
001f
001f
001f
001f
001f
001f
001f
001f
001f
001f
001f
001f
001f
001f
001f
001f
001f
001f
001f
001f
001f
001f
001f
001f
001f
001f
001f
001f
001f
001f
001f
001f
001f
001f
001f
001f
001f
001f
001f
001f
001f
001f
001f
001f
001f
001f
001f
001f
001f
001f
001f
001f
001f
001f
001f
001f
001f
001f
001f
001f
001f
001f
001f
001f
001f
001f
001f
001f
001f
001f
001f
001f
001f
001f
001f
001f
001f
001f
001f
001f
001f
001f
001f
001f
001f
001f
001f
001f
001f
001f
001f
001f
001f
001f
001f
001f
001f
001f
001f
001f
001f
001f
001f
001f
001f
001f
001f
001f
001f
001f
001f
001f
001f
001f
001f
001f
001f
001f
001f
001f
001f
001f
001f
001f
001f
001f
001f
001f
001f
001f
001f
001f
001f
001f
001f
001f
001f
001f
001f
001f
001f
001f
001f
001f
001f
001f
001f
001f
001f
001f
001f
001f
001f
001f
001f
001f
001f
001f
001f
001f
001f
001f
001f
001f
001f
001f
001f
001f
001f
001f
001f
001f
001f
001f
001f
001f
001f
001f
001f
001f
001f
001f
001f
001f
001f
001f
001f
001f
001f
001f
001f
001f
001f
001f
001f
001f
001f
001f
001f
001f
001f
001f
001f
001f
001f
001f
001f
001f
001f
001f
001f
001f
001f
001f
001f
001f
001f
001f
001f
001f
001f
001f
001f
001f
001f
001f
001f
001f
001f
001f
001f
001f
001f
001f
001f
001f
001f
001f
001f
001f
001f
001f
001f
001f
001f
001f
001f
001f
001f
001f
001f
001f
001f
001f
001f
001f
001f
001f
001f
001f
001f
001f
001f
001f
001f
001f
001f
001f
001f
001f
001f
001f
001f
001f
001f
001f
001f
001f
001f
001f
001f
001f
001f
001f
001f
001f
001f
001f
001f
001f
001f
001f
001f
001f
001f
001f
001f
001f
001f
001f
001f
001f
001f
001f
001f
001f
001f
001f
001f
001f
001f
001f
001f
001f
001f
001f
001f
001f
001f
001f
001f
001f
001f
001f
001f
001f
001f
001f
001f
001f
001f
001f
001f
001f
001f
001f
001f
001f
001f
001f
001f
001f
001f
001f
001f
001f
001f
001f
001f
001f
001f
001f
001f
001f
001f
001f
001f
001f
001f
001f
001f
001f
001f
001f
001f
001f
001f
001f
001f
001f
001f
001f
001f
001f
001f
001f
001f
001f
001f
001f
001f
001f
001f
001f
001f
001f
001f
001f
001f
001f
001f
001f
001f
001f
001f
001f
001f
001f
001f
001f
001f
001f
001f
001f
001f
001f
001f
001f
001f
001f
001f
001f
001f
001f
001f
001f
001f
001f
001f
001f
001f
001f
001f
001f
001f
001f
001f
001f
001f
001f
001f
001f
001f
001f
001f
001f
001f
001f
001f
001f
001f
001f
001f
001f
001f
001f
001f
001f
001f
001f
001f
001f
001f
001f
001f
001f
001f
001f
001f
001f
001f
001f
001f
001f
001f
001f
001f
001f
001f
001f
001f
001f
001f
001f
001f
001f
001f
001f
001f
001f
001f
001f
001f
001f
001f
001f
001f
001f
001f
001f
001f
001f
001f
001f
001f
001f
001f
001f
001f
001f
001f
001f
001f
001f
001f
001f
001f
001f
001f
001f
001f
001f
001f
001f
001f
001f
001f
001f
001f
001f
001f
001f
001f
001f
001f
001f
001f
001f
001f
001f
001f
001f
001f
001f
001f
001f
001f
001f
001f
001f
001f
001f
001f
001f
001f
001f
001f
001f
001f
001f
001f
001f
001f
001f
001f
001f
001f
001f
001f
001f
001f
001f
001f
001f
001f
001f
001f
001f
001f
001f
001f
001f
001f
001f
001f
001f
001f
001f
001f
001f
001f
001f
001f
001f
001f
001f
001f
001f
001f
001f
001f
001f
001f
001f
001f
001f
001f
001f
001f
001f
001f
001f
001f
001f
001f
001f
001f
001f
001f
001f
001f
001f
001f
001f
001f
001f
001f
001f
001f
001f
001f
001f
001f
001f
001f
001f
001f
001f
001f
001f
001f
001f
001f
001f
001f
001f
001f
001f
001f
001f
001f
001f
001f
001f
001f
001f
001f
001f
001f
001f
001f
001f
001f
001f
001f
001f
001f
001f
001f
001f
001f
001f
001f
001f
001f
001f
001f
001f
001f
001f
001f
001f
001f
001f
001f
001f
001f
001f
001f
001f
001f
001f
001f
001f
001f
001f
001f
001f
001f
001f
001f
001f
001f
001f
001f
001f
001f
001f
001f
001f
001f
001f
001f
001f
001f
001f
001f
001f
001f
001f
001f
001f
001f
001f
001f
001f
001f
001f
001f
001f
001f
001f
001f
001f
001f
001f
001f
001f
001f
001f
001f
001f
001f
001f
001f
001f
001f
001f
001f
001f
001f
001f
001f
001f
001f
001f
001f
001f
001f
001f
001f
001f
001f
001f
001f
001f
001f
001f
001f
001f
001f
001f
001f
001f
001f
001f
001f
001f
001f
001f
001f
001f
001f
001f
001f
001f
001f
001f
001f
001f
001f
001f
001f
001f
001f
001f
001f
001f
001f
001f
001f
001f
001f
001f
001f
001f
001f
001f
001f
001f
001f
001f
001f
001f
001f
001f
001f
001f
001f
001f
001f
001f
001f
001f
001f
001f
001f
001f
001f
001f
001f
001f
001f
001f
001f
001f
001f
001f
001f
001f
001f
001f
001f
001f
001f
001f
001f
001f
001f
001f
001f
001f
001f
001f
001f
001f
001f
001f
001f
001f
001f
001f
001f
001f
001f
001f
001f
001f
001f
001f
001f
001f
001f
001f
001f
001f
001f
001f
001f
001f
001f
001f
001f
001f
001f
001f
001f
001f
001f
001f
001f
001f
001f
001f
001f
001f
001f
001f
001f
001f
001f
001f
001f
001f
001f
001f
001f
001f
001f
001f
001f
001f
001f
001f
001f
001f
001f
001f
001f
001f
001f
001f
001f
001f
001f
001f
001f
001f
001f
001f
001f
001f
001f
001f
001f
001f
001f
001f
001f
001f
001f
001f
001f
001f
001f
001f
001f
001f
001f
001f
001f
001f
001f
001f
001f
001f
001f
001f
001f
001f
001f
001f
001f
001f
001f
001f
001f
001f
001f
001f
001f
001f
001f
001f
001f
001f
001f
001f
001f
001f
001f
001f
001f
001f
001f
001f
001f
001f
001f
001f
001f
001f
001f
001f
001f
001f
001f
001f
001f
001f
001f
001f
001f
001f
001f
001f
001f
001f
001f
001f
001f
001f
001f
001f
001f
001f
001f
001f
001f
001f
001f
001f
001f
001f
001f
001f
001f
001f
001f
001f
001f
001f
001f
001f
001f
001f
001f
001f
001f
001f
001f
001f
001f
001f
001f
001f
001f
001f
001f
001f
001f
001f
001f
001f
001f
001f
001f
001f
001f
001f
001f
001f
001f
001f
001f
001f
001f
001f
001f
001f
001f
001f
001f
001f
001f
001f
001f
001f
001f
001f
001f
001f
001f
001f
001f
001f
001f
001f
001f
001f
001f
001f
001f
001f
001f
001f
001f
001f
001f
001f
001f
001f
001f
001f
001f
001f
001f
001f
001f
001f
001f
001f
001f
001f
001f
001f
001f
001f
001f
001f
001f
001f
001f
001f
001f
001f
001f
001f
001f
001f
001f
001f
001f
001f
001f
001f
001f
001f
001f
001f
001f
001f
001f
001f
001f
001f
001f
001f
001f
001f
001f
001f
001f
001f
001f
001f
001f
001f
001f
001f
001f
001f
001f
001f
001f
001f
001f
001f
001f
001f
001f
001f
001f
001f
001f
001f
001f
001f
001f
001f
001f
001f
001f
001f
001f
001f
001f
001f
001f
001f
001f
001f
001f
001f
001f
001f
001f
001f
001f
001f
001f
001f
001f
001f
001f
001f
001f
001f
001f
001f
001f
001f
001f
001f
001f
001f
001f
001f
001f
001f
001f
001f
001f
001f
001f
001f
001f
001f
001f
001f
001f
001f
001f
001f
001f
001f
001f
001f
001f
001f
001f
001f
001f
001f
001f
001f
001f
001f
001f
001f
001f
001f
001f
001f
001f
001f
001f
001f
001f
001f
001f
001f
001f
001f
001f
001f
001f
001f
001f
001f
001f
001f
001f
001f
001f
001f
001f
001f
001f
001f
001f
001f
001f
001f
001f
001f
001f
001f
001f
001f
001f
001f
001f
001f
001f
001f
001f
001f
001f
001f
001f
001f
001f
001f
001f
001f
001f
001f
001f
001f
001f
001f
001f
001f
001f
001f
001f
001f
001f
001f
001f
001f
001f
001f
001f
001f
001f
001f
001f
001f
001f
001f
001f
001f
001f
001f
001f
001f
001f
001f
001f
001f
001f
001f
001f
001f
001f
001f
001f
001f
001f
001f
001f
001f
001f
001f
001f
001f
001f
001f
001f
001f
001f
001f
001f
001f
001f
001f
001f
001f
001f
001f
001f
001f
001f
001f
001f
001f
001f
001f
001f
001f
001f
001f
001f
001f
001f
001f
001f
001f
001f
001f
001f
001f
001f
001f
001f
001f
001f
001f
001f
001f
001f
001f
001f
001f
001f
001f
001f
001f
001f
001f
001f
001f
001f
001f
001f
001f
001f
001f
001f
001f
001f
001f
001f
001f
001f
001f
001f
001f
001f
001f
001f
001f
001f
001f
001f
001f
001f
001f
001f
001f
001f
001f
001f
001f
001f
001f
001f
001f
001f
001f
001f
001f
001f
001f
001f
001f
001f
001f
001f
001f
001f
001f
001f
001f
001f
001f
001f
001f
001f
001f
001f
001f
001f
001f
001f
001f
001f
001f
001f
001f
001f
001f
001f
001f
001f
001f
001f
001f
001f
001f
001f
001f
001f
001f
001f
001f
001f
001f
001f
001f
001f
001f
001f
001f
001f
001f
001f
001f
001f
001f
001f
001f
001f
001f
001f
001f
001f
001f
001f
001f
001f
001f
001f
001f
001f
001f
001f
001f
001f
001f
001f
001f
001f
001f
001f
001f
001f
001f
001f
001f
001f
001f
001f
001f
001f
001f
001f
001f
001f
001f
001f
001f
001f
001f
001f
001f
001f
001f
001f
001f
001f
001f
001f
001f
001f
001f
001f
001f
001f
001f
001f
001f
001f
001f
001f
001f
001f
001f
001f
001f
001f
001f
001f
001f
001f
001f
001f
001f
001f
001f
001f
001f
001f
001f
001f
001f
001f
001f
001f
001f
001f
001f
001f
001f
001f
001f
001f
001f
001f
001f
001f
001f
001f
001f
001f
001f
001f
001f
001f
001f
001f
001f
001f
001f
001f
001f
001f
001f
001f
001f
001f
001f
001f
001f
001f
001f
001f
001f
001f
001f
001f
001f
001f
001f
001f
001f
001f
001f
001f
001f
001f
001f
001f
001f
001f
001f
001f
001f
001f
001f
001f
001f
001f
001f
001f
001f
001f
001f
001f
001f
001f
001f
001f
001f
001f
001f
001f
001f
001f
001f
001f
001f
001f
001f
001f
001f
001f
001f
001f
001f
001f
001f
001f
001f
001f
001f
001f
001f
001f
001f
001f
001f
001f
001f
001f
001f
001f
001f
001f
001f
001f
001f
001f
001f
001f
001f
001f
001f
001f
001f
001f
001f
001f
001f
001f
001f
001f
001f
001f
001f
001f
001f
001f
001f
001f
001f
001f
001f
001f
001f
001f
001f
001f
001f
001f
001f
001f
001f
001f
001f
001f
001f
001f
001f
001f
001f
001f
001f
001f
001f
001f
001f
001f
001f
001f
001f
001f
001f
001f
001f
001f
001f
001f
001f
001f
001f
001f
001f
001f
001f
001f
001f
001f
001f
001f
001f
001f
001f
001f
001f
001f
001f
001f
001f
001f
001f
001f
001f
001f
001f
001f
001f
001f
001f
001f
001f
001f
001f
001f
001f
001f
001f
001f
001f
001f
001f
001f
001f
001f
001f
001f
001f
001f
001f
001f
001f
001f
001f
001f
001f
001f
001f
001f
001f
001f
001f
001f
001f
001f
001f
001f
001f
001f
001f
001f
001f
001f
001f
001f
001f
001f
001f
001f
001f
001f
001f
001f
001f
001f
001f
001f
001f
001f
001f
001f
001f
001f
001f
001f
001f
001f
001f
001f
001f
001f
001f
001f
001f
001f
001f
001f
001f
001f
001f
001f
001f
001f
001f
001f
001f
001f
001f
001f
001f
001f
001f
001f
001f
001f
001f
001f
001f
001f
001f
001f
001f
001f
001f
001f
001f
001f
001f
001f
001f
001f
001f
001f
001f
001f
001f
001f
001f
001f
001f
001f
001f
001f
001f
001f
001f
001f
001f
001f
001f
001f
001f
001f
001f
001f
001f
001f
001f
001f
001f
001f
001f
001f
001f
001f
001f
001f
001f
001f
001f
001f
001f
001f
001f
001f
001f
001f
001f
001f
001f
001f
001f
001f
001f
001f
001f
001f
001f
001f
001f
001f
001f
001f
001f
001f
001f
001f
001f
001f
001f
001f
001f
001f
001f
001f
001f
001f
001f
001f
001f
001f
001f
001f
001f
001f
001f
001f
001f
001f
001f
001f
001f
001f
001f
001f
001f
001f
001f
001f
001f
001f
001f
001f
001f
001f
001f
001f
001f
001f
001f
001f
001f
001f
001f
001f
001f
001f
001f
001f
001f
001f
001f
001f
001f
001f
001f
001f
001f
001f
001f
001f
001f
001f
001f
001f
001f
001f
001f
001f
001f
001f
001f
001f
001f
001f
001f
001f
001f
001f
001f
001f
001f
001f
001f
001f
001f
001f
001f
001f
001f
001f
001f
001f
001f
001f
001f
001f
001f
001f
001f
001f
001f
001f
001f
001f
001f
001f
001f
001f
001f
001f
001f
001f
001f
001f
001f
001f
001f
001f
001f
001f
001f
001f
001f
001f
001f
001f
001f
001f
001f
001f
001f
001f
001f
001f
001f
001f
001f
001f
001f
001f
001f
001f
001f
001f
001f
001f
001f
001f
001f
001f
001f
001f
001f
001f
001f
001f
001f
001f
001f
001f
001f
001f
001f
001f
001f
001f
001f
001f
001f
001f
001f
001f
001f
001f
001f
001f
001f
001f
001f
001f
001f
001f
001f
001f
001f
001f
001f
001f
001f
001f
001f
001f
001f
001f
001f
001f
001f
001f
001f
001f
001f
001f
001f
001f
001f
001f
001f
001f
001f
001f
001f
001f
001f
001f
001f
001f
001f
001f
001f
001f
001f
001f
001f
001f
001f
001f
001f
001f
001f
001f
001f
001f
001f
001f
001f
001f
001f
001f
001f
001f
001f
001f
001f
001f
001f
001f
001f
001f
001f
001f
001f
001f
001f
001f
001f
001f
001f
001f
001f
001f
001f
001f
001f
001f
001f
001f
001f
001f
001f
001f
001f
001f
001f
001f
001f
001f
001f
001f
001f
001f
001f
001f
001f
001f
001f
001f
001f
001f
001f
001f
001f
001f
001f
001f
001f
001f
001f
001f
001f
001f
001f
001f
001f
001f
001f
001f
001f
001f
001f
001f
001f
001f
001f
001f
001f
001f
001f
001f
001f
001f
001f
001f
001f
001f
001f
001f
001f
001f
001f
001f
001f
001f
001f
001f
001f
001f
001f
001f
001f
001f
001f
001f
001f
001f
001f
001f
001f
001f
001f
001f
001f
001f
001f
001f
001f
001f
001f
001f
001f
001f
001f
001f
001f
001f
001f
001f
001f
001f
001f
001f
001f
001f
001f
001f
001f
001f
001f
001f
001f
001f
001f
001f
001f
001f
001f
001f
001f
001f
001f
001f
001f
001f
001f
001f
001f
001f
001f
001f
001f
001f
001f
001f
001f
001f
001f
001f
001f
001f
001f
001f
001f
001f
001f
001f
001f
001f
001f
001f
001f
001f
001f
001f
001f
001f
001f
001f
001f
001f
001f
001f
001f
001f
001f
001f
001f
001f
001f
001f
001f
001f
001f
001f
001f
001f
001f
001f
001f
001f
001f
001f
001f
001f
001f
001f
001f
001f
001f
001f
001f
001f
001f
001f
001f
001f
001f
001f
001f
001f
001f
001f
001f
001f
001f
001f
001f
001f
001f
001f
001f
001f
001f
001f
001f
001f
001f
001f
001f
001f
001f
001f
001f
001f
001f
001f
001f
001f
001f
001f
001f
001f
001f
001f
001f
001f
001f
001f
001f
001f
001f
001f
001f
001f
001f
001f
001f
001f
001f
001f
001f
001f
001f
001f
001f
001f
001f
001f
001f
001f
001f
001f
001f
001f
001f
001f
001f
001f
001f
001f
001f
001f
001f
001f
001f
001f
001f
001f
001f
001f
001f
001f
001f
001f
001f
001f
001f
001f
001f
001f
001f
001f
001f
001f
001f
001f
001f
001f
001f
001f
001f
001f
001f
001f
001f
001f
001f
001f
001f
001f
001f
001f
001f
001f
001f
001f
001f
001f
001f
001f
001f
001f
001f
001f
001f
001f
001f
001f
001f
001f
001f
001f
001f
001f
001f
001f
001f
001f
001f
001f
001f
001f
001f
001f
001f
001f
001f
001f
001f
001f
001f
001f
001f
001f
001f
001f
001f
001f
001f
001f
001f
001f
001f
001f
001f
001f
001f
001f
001f
001f
001f
001f
001f
001f
001f
001f
001f
001f
001f
001f
001f
001f
001f
001f
001f
001f
001f
001f
001f
001f
001f
001f
001f
001f
001f
001f
001f
001f
001f
001f
001f
001f
001f
001f
001f
001f
001f
001f
001f
001f
001f
001f
001f
001f
001f
001f
001f
001f
001f
001f
001f
001f
001f
001f
001f
001f
001f
001f
001f
001f
001f
001f
001f
001f
001f
001f
001f
001f
001f
001f
001f
001f
001f
001f
001f
001f
001f
001f
001f
001f
001f
001f
001f
001f
001f
001f
001f
001f
001f
001f
001f
001f
001f
001f
001f
001f
001f
001f
001f
001f
001f
001f
001f
001f
001f
001f
001f
001f
001f
001f
001f
001f
001f
001f
001f
001f
001f
001f
001f
001f
001f
001f
001f
001f
001f
001f
001f
001f
001f
001f
001f
001f
001f
001f
001f
001f
001f
001f
001f
001f
001f
001f
001f
001f
001f
001f
001f
001f
001f
001f
001f
001f
001f
001f
001f
001f
001f
001f
001f
001f
001f
001f
001f
001f
001f
001f
001f
001f
001f
001f
001f
001f
001f
001f
001f
001f
001f
001f
001f
001f
001f
001f
001f
001f
001f
001f
001f
001f
001f
001f
001f
001f
001f
001f
001f
001f
001f
001f
001f
001f
001f
001f
001f
001f
001f
001f
001f
001f
001f
001f
001f
001f
001f
001f
001f
001f
001f
001f
001f
001f
001f
001f
001f
001f
001f
001f
001f
001f
001f
001f
001f
001f
001f
001f
001f
001f
001f
001f
001f
001f
001f
001f
001f
001f
001f
001f
001f
001f
001f
001f
001f
001f
001f
001f
001f
001f
001f
001f
001f
001f
001f
001f
001f
001f
001f
001f
001f
001f
001f
001f
001f
001f
001f
001f
001f
001f
001f
001f
001f
001f
001f
001f
001f
001f
001f
001f
001f
001f
001f
001f
001f
001f
001f
001f
001f
001f
001f
001f
001f
001f
001f
001f
001f
001f
001f
001f
001f
001f
001f
001f
001f
001f
001f
001f
001f
001f
001f
001f
001f
001f
001f
001f
001f
001f
001f
001f
001f
001f
001f
001f
001f
001f
001f
001f
001f
001f
001f
001f
001f
001f
001f
001f
001f
001f
001f
001f
001f
001f
001f
001f
001f
001f
001f
001f
001f
001f
001f
001f
001f
001f
001f
001f
001f
001f
001f
001f
001f
001f
001f
001f
001f
001f
001f
001f
001f
001f
001f
001f
001f
001f
001f
001f
001f
001f
001f
001f
001f
001f
001f
001f
001f
001f
001f
001f
001f
001f
001f
001f
001f
001f
001f
001f
001f
001f
001f
001f
001f
001f
001f
001f
001f
001f
001f
001f
001f
001f
001f
001f
001f
001f
001f
001f
001f
001f
001f
001f
001f
001f
001f
001f
001f
001f
001f
001f
001f
001f
001f
001f
001f
001f
001f
001f
001f
001f
001f
001f
001f
001f
001f
001f
001f
001f
001f
001f
001f
001f
001f
001f
001f
001f
001f
001f
001f
001f
001f
001f
001f
001f
001f
001f
001f
001f
001f
001f
001f
001f
001f
001f
001f
001f
001f
001f
001f
001f
001f
001f
001f
001f
001f
001f
001f
001f
001f
001f
001f
001f
001f
001f
001f
001f
001f
001f
001f
001f
001f
001f
001f
001f
001f
001f
001f
001f
001f
001f
001f
001f
001f
001f
001f
001f
001f
001f
001f
001f
001f
001f
001f
001f
001f
001f
001f
001f
001f
001f
001f
001f
001f
001f
001f
001f
001f
001f
001f
001f
001f
001f
001f
001f
001f
001f
001f
001f
001f
001f
001f
001f
001f
001f
001f
001f
001f
001f
001f
001f
001f
001f
001f
001f
001f
001f
001f
001f
001f
001f
001f
001f
001f
001f
001f
001f
001f
001f
001f
001f
001f
001f
001f
001f
001f
001f
001f
001f
001f
001f
001f
001f
001f
001f
001f
001f
001f
001f
001f
001f
001f
001f
001f
001f
001f
001f
001f
001f
001f
001f
001f
001f
001f
001f
001f
001f
001f
001f
001f
001f
001f
001f
001f
001f
001f
001f
001f
001f
001f
001f
001f
001f
001f
001f
001f
001f
001f
001f
001f
001f
001f
001f
001f
001f
001f
001f
001f
001f
001f
001f
001f
001f
001f
001f
001f
001f
001f
001f
001f
001f
001f
001f
001f
001f
001f
001f
001f
001f
001f
001f
001f
001f
001f
001f
001f
001f
001f
001f
001f
001f
001f
001f
001f
001f
001f
001f
001f
001f
001f
001f
001f
001f
001f
001f
001f
001f
001f
001f
001f
001f
001f
001f
001f
001f
001f
001f
001f
001f
001f
001f
001f
001f
001f
001f
001f
001f
001f
001f
001f
001f
001f
001f
001f
001f
001f
001f
001f
001f
001f
001f
001f
001f
001f
001f
001f
001f
001f
001f
001f
001f
001f
001f
001f
001f
001f
001f
001f
001f
001f
001f
001f
001f
001f
001f
001f
001f
001f
001f
001f
001f
001f
001f
001f
001f
001f
001f
001f
001f
001f
001f
001f
001f
001f
001f
001f
001f
001f
001f
001f
001f
001f
001f
001f
001f
001f
001f
001f
001f
001f
001f
001f
001f
001f
001f
001f
001f
001f
001f
001f
001f
001f
001f
001f
001f
001f
001f
001f
001f
001f
001f
001f
001f
001f
001f
001f
001f
001f
001f
001f
001f
001f
001f
001f
001f
001f
001f
001f
001f
001f
001f
001f
001f
001f
001f
001f
001f
001f
001f
001f
001f
001f
001f
001f
001f
001f
001f
001f
001f
001f
001f
001f
001f
001f
001f
001f
001f
001f
001f
001f
001f
001f
001f
001f
001f
001f
001f
001f
001f
001f
001f
001f
001f
001f
001f
001f
001f
001f
001f
001f
001f
001f
001f
001f
001f
001f
001f
001f
001f
001f
001f
001f
001f
001f
001f
001f
001f
001f
001f
001f
001f
001f
001f
001f
001f
001f
001f
001f
001f
001f
001f
001f
001f
001f
001f
001f
001f
001f
001f
001f
001f
001f
001f
001f
001f
001f
001f
001f
001f
001f
001f
001f
001f
001f
001f
001f
001f
001f
001f
001f
001f
001f
001f
001f
001f
001f
001f
001f
001f
001f
001f
001f
001f
001f
001f
001f
001f
001f
001f
001f
001f
001f
001f
001f
001f
001f
001f
001f
001f
001f
001f
001f
001f
001f
001f
001f
001f
001f
001f
001f
001f
001f
001f
001f
001f
001f
001f
001f
001f
001f
001f
001f
001f
001f
001f
001f
001f
001f
001f
001f
001f
001f
001f
001f
001f
001f
001f
001f
001f
001f
001f
001f
001f
001f
001f
001f
001f
001f
001f
001f
001f
001f
001f
001f
001f
001f
001f
001f
001f
001f
001f
001f
001f
001f
001f
001f
001f
001f
001f
001f
001f
001f
001f
001f
001f
001f
001f
001f
001f
001f
001f
001f
001f
001f
001f
001f
001f
001f
001f
001f
001f
001f
001f
001f
001f
001f
001f
001f
001f
001f
001f
001f
001f
001f
001f
001f
001f
001f
001f
001f
001f
001f
001f
001f
001f
001f
001f
001f
001f
001f
001f
001f
001f
001f
001f
001f
001f
001f
001f
001f
001f
001f
001f
001f
001f
001f
001f
001f
001f
001f
001f
001f
001f
001f
001f
001f
001f
001f
001f
001f
001f
001f
001f
001f
001f
001f
001f
001f
001f
001f
001f
001f
001f
001f
001f
001f
001f
001f
001f
001f
001f
001f
001f
001f
001f
001f
001f
001f
001f
001f
001f
001f
001f
001f
001f
001f
001f
001f
001f
001f
001f
001f
001f
001f
001f
001f
001f
001f
001f
001f
001f
001f
001f
001f
001f
001f
001f
001f
001f
001f
001f
001f
001f
001f
001f
001f
001f
001f
001f
001f
001f
001f
001f
001f
001f
001f
001f
001f
001f
001f
001f
001f
001f
001f
001f
001f
001f
001f
001f
001f
001f
001f
001f
001f
001f
001f
001f
001f
001f
001f
001f
001f
001f
001f
001f
001f
001f
001f
001f
001f
001f
001f
001f
001f
001f
001f
001f
001f
001f
001f
001f
001f
001f
001f
001f
001f
001f
001f
001f
001f
001f
001f
001f
001f
001f
001f
001f
001f
001f
001f
001f
001f
001f
001f
001f
001f
001f
001f
001f
001f
001f
001f
001f
001f
001f
001f
001f
001f
001f
001f
001f
001f
001f
001f
001f
001f
001f
001f
001f
001f
001f
001f
001f
001f
001f
001f
001f
001f
001f
001f
001f
001f
001f
001f
001f
001f
001f
001f
001f
001f
001f
001f
001f
001f
001f
001f
001f
001f
001f
001f
001f
001f
001f
001f
001f
001f
001f
001f
001f
001f
001f
001f
001f
001f
001f
001f
001f
001f
001f
001f
001f
001f
001f
001f
001f
001f
001f
001f
001f
001f
001f
001f
001f
001f
001f
001f
001f
001f
001f
001f
001f
001f
001f
001f
001f
001f
001f
001f
001f
001f
001f
001f
001f
001f
001f
001f
001f
001f
001f
001f
001f
001f
001f
001f
001f
001f
001f
001f
001f
001f
001f
001f
001f
001f
001f
001f
001f
001f
001f
001f
001f
001f
001f
001f
001f
001f
001f
001f
001f
001f
001f
001f
001f
001f
001f
001f
001f
001f
001f
001f
001f
001f
001f
001f
001f
001f
001f
001f
001f
001f
001f
001f
001f
001f
001f
001f
001f
001f
001f
001f
001f
001f
001f
001f
001f
001f
001f
001f
001f
001f
001f
001f
001f
001f
001f
001f
001f
001f
001f
001f
001f
001f
001f
001f
001f
001f
001f
001f
001f
001f
001f
001f
001f
001f
001f
001f
001f
001f
001f
001f
001f
001f
001f
001f
001f
001f
001f
001f
001f
001f
001f
001f
001f
001f
001f
001f
001f
001f
001f
001f
001f
001f
001f
001f
001f
001f
001f
001f
001f
001f
001f
001f
001f
001f
001f
001f
001f
001f
001f
001f
001f
001f
001f
001f
001f
001f
001f
001f
001f
001f
001f
001f
001f
001f
001f
001f
001f
001f
001f
001f
001f
001f
001f
001f
001f
001f
001f
001f
001f
001f
001f
001f
001f
001f
001f
001f
001f
001f
001f
001f
001f
001f
001f
001f
001f
001f
001f
001f
001f
001f
001f
001f
001f
001f
001f
001f
001f
001f
001f
001f
001f
001f
001f
001f
001f
001f
001f
001f
001f
001f
001f
001f
001f
001f
001f
001f
001f
001f
001f
001f
001f
001f
001f
001f
001f
001f
001f
001f
001f
001f
001f
001f
001f
001f
001f
001f
001f
001f
001f
001f
001f
001f
001f
001f
001f
001f
001f
001f
001f
001f
001f
001f
001f
001f
001f
001f
001f
001f
001f
001f
001f
001f
001f
001f
001f
001f
001f
001f
001f
001f
001f
001f
001f
001f
001f
001f
001f
001f
001f
001f
001f
001f
001f
001f
001f
001f
001f
001f
001f
001f
001f
001f
001f
001f
001f
001f
001f
001f
001f
001f
001f
001f
001f
001f
001f
001f
001f
001f
001f
001f
001f
001f
001f
001f
001f
001f
001f
001f
001f
001f
001f
001f
001f
001f
001f
001f
001f
001f
001f
001f
001f
001f
001f
001f
001f
001f
001f
001f
001f
001f
001f
001f
001f
001f
001f
001f
001f
001f
001f
001f
001f
001f
001f
001f
001f
001f
001f
001f
001f
001f
001f
001f
001f
001f
001f
001f
001f
001f
001f
001f
001f
001f
001f
001f
001f
001f
001f
001f
001f
001f
001f
001f
001f
001f
001f
001f
001f
001f
001f
001f
001f
001f
001f
001f
001f
001f
001f
001f
001f
001f
001f
001f
001f
001f
001f
001f
001f
001f
001f
001f
001f
001f
001f
001f
001f
001f
001f
001f
001f
001f
001f
001f
001f
001f
001f
001f
001f
001f
001f
001f
001f
001f
001f
001f
001f
001f
001f
001f
001f
001f
001f
001f
001f
001f
001f
001f
001f
001f
001f
001f
001f
001f
001f
001f
001f
001f
001f
001f
001f
001f
001f
001f
001f
001f
001f
001f
001f
001f
001f
001f
001f
001f
001f
001f
001f
001f
001f
001f
001f
001f
001f
001f
001f
001f
001f
001f
001f
001f
001f
001f
001f
001f
001f
001f
001f
001f
001f
001f
001f
001f
001f
001f
001f
001f
001f
001f
001f
001f
001f
001f
001f
001f
001f
001f
001f
001f
001f
001f
001f
001f
001f
001f
001f
001f
001f
001f
001f
001f
001f
001f
001f
001f
001f
001f
001f
001f
001f
001f
001f
001f
001f
001f
001f
001f
001f
001f
001f
001f
001f
001f
001f
001f
001f
001f
001f
001f
001f
001f
001f
001f
001f
001f
001f
001f
001f
001f
001f
001f
001f
001f
001f
001f
001f
001f
001f
001f
001f
001f
001f
001f
001f
001f
001f
001f
001f
001f
001f
001f
001f
001f
001f
001f
001f
001f
001f
001f
001f
001f
001f
001f
001f
001f
001f
001f
001f
001f
001f
001f
001f
001f
001f
001f
001f
001f
001f
001f
001f
001f
001f
001f
001f
001f
001f
001f
001f
001f
001f
001f
001f
001f
001f
001f
001f
001f
001f
001f
001f
001f
001f
001f
001f
001f
001f
001f
001f
001f
001f
001f
001f
001f
001f
001f
001f
001f
001f
001f
001f
001f
001f
001f
001f
001f
001f
001f
001f
001f
001f
001f
001f
001f
001f
001f
001f
001f
001f
001f
001f
001f
001f
001f
001f
001f
001f
001f
001f
001f
001f
001f
001f
001f
001f
001f
001f
001f
001f
001f
001f
001f
001f
001f
001f
001f
001f
001f
001f
001f
001f
001f
001f
001f
001f
001f
001f
001f
001f
001f
001f
001f
001f
001f
001f
001f
001f
001f
001f
001f
001f
001f
001f
001f
001f
001f
001f
001f
001f
001f
001f
001f
001f
001f
001f
001f
001f
001f
001f
001f
001f
001f
001f
001f
001f
001f
001f
001f
001f
001f
001f
001f
001f
001f
001f
001f
001f
001f
001f
001f
001f
001f
001f
001f
001f
001f
001f
001f
001f
001f
001f
001f
001f
001f
001f
001f
001f
001f
001f
001f
001f
001f
001f
001f
001f
001f
001f
001f
001f
001f
001f
001f
001f
001f
001f
001f
001f
001f
001f
001f
001f
001f
001f
001f
001f
001f
001f
001f
001f
001f
001f
001f
001f
001f
001f
001f
001f
001f
001f
001f
001f
001f
001f
001f
001f
001f
001f
001f
001f
001f
001f
001f
001f
001f
001f
001f
001f
001f
001f
001f
001f
001f
001f
001f
001f
001f
001f
001f
001f
001f
001f
001f
001f
001f
001f
001f
001f
001f
001f
001f
001f
001f
001f
001f
001f
001f
001f
001f
001f
001f
001f
001f
001f
001f
001f
001f
001f
001f
001f
001f
001f
001f
001f
001f
001f
001f
001f
001f
001f
001f
001f
001f
001f
001f
001f
001f
001f
001f
001f
001f
001f
001f
001f
001f
001f
001f
001f
001f
001f
001f
001f
001f
001f
001f
001f
001f
001f
001f
001f
001f
001f
001f
001f
001f
001f
001f
001f
001f
001f
001f
001f
001f
001f
001f
001f
001f
001f
001f
001f
001f
001f
001f
001f
001f
001f
001f
001f
001f
001f
001f
001f
001f
001f
001f
001f
001f
001f
001f
001f
001f
001f
001f
001f
001f
001f
001f
001f
001f
001f
001f
001f
001f
001f
001f
001f
001f
001f
001f
001f
001f
001f
001f
001f
001f
001f
001f
001f
001f
001f
001f
001f
001f
001f
001f
001f
001f
001f
001f
001f
001f
001f
001f
001f
001f
001f
001f
001f
001f
001f
001f
001f
001f
001f
001f
001f
001f
001f
001f
001f
001f
001f
001f
001f
001f
001f
001f
001f
001f
001f
001f
001f
001f
001f
001f
001f
001f
001f
001f
001f
001f
001f
001f
001f
001f
001f
001f
001f
001f
001f
001f
001f
001f
001f
001f
001f
001f
001f
001f
001f
001f
001f
001f
001f
001f
001f
001f
001f
001f
001f
001f
001f
001f
001f
001f
001f
001f
001f
001f
001f
001f
001f
001f
001f
001f
001f
001f
001f
001f
001f
001f
001f
001f
001f
001f
001f
001f
001f
001f
001f
001f
001f
001f
001f
001f
001f
001f
001f
001f
001f
001f
001f
001f
001f
001f
001f
001f
001f
001f
001f
001f
001f
001f
001f
001f
001f
001f
001f
001f
001f
001f
001f
001f
001f
001f
001f
001f
001f
001f
001f
001f
001f
001f
001f
001f
001f
001f
001f
001f
001f
001f
001f
001f
001f
001f
001f
001f
001f
001f
001f
001f
001f
001f
001f
001f
001f
001f
001f
001f
001f
001f
001f
001f
001f
001f
001f
001f
001f
001f
001f
001f
001f
001f
001f
001f
001f
001f
001f
001f
001f
001f
001f
001f
001f
001f
001f
001f
001f
001f
001f
001f
001f
001f
001f
001f
001f
001f
001f
001f
001f
001f
001f
001f
001f
001f
001f
001f
001f
001f
001f
001f
001f
001f
001f
001f
001f
001f
001f
001f
001f
001f
001f
001f
001f
001f
001f
001f
001f
001f
001f
001f
001f
001f
001f
001f
001f
001f
001f
001f
001f
001f
001f
001f
001f
001f
001f
001f
001f
001f
001f
001f
001f
001f
001f
001f
001f
001f
001f
001f
001f
001f
001f
001f
001f
001f
001f
001f
001f
001f
001f
001f
001f
001f
001f
001f
001f
001f
001f
001f
001f
001f
001f
001f
001f
001f
001f
001f
001f
001f
001f
001f
001f
001f
001f
001f
001f
001f
001f
001f
001f
001f
001f
001f
001f
001f
001f
001f
001f
001f
001f
001f
001f
001f
001f
001f
001f
001f
001f
001f
001f
001f
001f
001f
001f
001f
001f
001f
001f
001f
001f
001f
001f
001f
001f
001f
001f
001f
001f
001f
001f
001f
001f
001f
001f
001f
001f
001f
001f
001f
001f
001f
001f
001f
001f
001f
001f
001f
001f
001f
001f
001f
001f
001f
001f
001f
001f
001f
001f
001f
001f
001f
001f
001f
001f
001f
001f
001f
001f
001f
001f
001f
001f
001f
001f
001f
001f
001f
001f
001f
001f
001f
001f
001f
001f
001f
001f
001f
001f
001f
001f
001f
001f
001f
001f
001f
001f
001f
001f
001f
001f
001f
001f
001f
001f
001f
001f
001f
001f
001f
001f
001f
001f
001f
001f
001f
001f
001f
001f
001f
001f
001f
001f
001f
001f
001f
001f
001f
001f
001f
001f
001f
001f
001f
001f
001f
001f
001f
001f
001f
001f
001f
001f
001f
001f
001f
001f
001f
001f
001f
001f
001f
001f
001f
001f
001f
001f
001f
001f
001f
001f
001f
001f
001f
001f
001f
001f
001f
001f
001f
001f
001f
001f
001f
001f
001f
001f
001f
001f
001f
001f
001f
001f
001f
001f
001f
001f
001f
001f
001f
001f
001f
001f
001f
001f
001f
001f
001f
001f
001f
001f
001f
001f
001f
001f
001f
001f
001f
001f
001f
001f
001f
001f
001f
001f
001f
001f
001f
001f
001f
001f
001f
001f
001f
001f
001f
001f
001f
001f
001f
001f
001f
001f
001f
001f
001f
001f
001f
001f
001f
001f
001f
001f
001f
001f
001f
001f
001f
001f
001f
001f
001f
001f
001f
001f
001f
001f
001f
001f
001f
001f
001f
001f
001f
001f
001f
001f
001f
001f
001f
001f
001f
001f
001f
001f
001f
001f
001f
001f
001f
001f
001f
001f
001f
001f
001f
001f
001f
001f
001f
001f
001f
001f
001f
001f
001f
001f
001f
001f
001f
001f
001f
001f
001f
001f
001f
001f
001f
001f
001f
001f
001f
001f
001f
001f
001f
001f
001f
001f
001f
001f
001f
001f
001f
001f
001f
001f
001f
001f
001f
001f
001f
001f
001f
001f
001f
001f
001f
001f
001f
001f
001f
001f
001f
001f
001f
001f
001f
001f
001f
001f
001f
001f
001f
001f
001f
001f
001f
001f
001f
001f
001f
001f
001f
001f
001f
001f
001f
001f
001f
001f
001f
001f
001f
001f
001f
001f
001f
001f
001f
001f
001f
001f
001f
001f
001f
001f
001f
001f
001f
001f
001f
001f
001f
001f
001f
001f
001f
001f
001f
001f
001f
001f
001f
001f
001f
001f
001f
001f
001f
001f
001f
001f
001f
001f
001f
001f
001f
001f
001f
001f
001f
001f
001f
001f
001f
001f
001f
001f
001f
001f
001f
001f
001f
001f
001f
001f
001f
001f
001f
001f
001f
001f
001f
001f
001f
001f
001f
001f
001f
001f
001f
001f
001f
001f
001f
001f
001f
001f
001f
001f
001f
001f
001f
001f
001f
001f
001f
001f
001f
001f
001f
001f
001f
001f
001f
001f
001f
001f
001f
001f
001f
001f
001f
001f
001f
001f
001f
001f
001f
001f
001f
001f
001f
001f
001f
001f
001f
001f
001f
001f
001f
001f
001f
001f
001f
001f
001f
001f
001f
001f
001f
001f
001f
001f
001f
001f
001f
001f
001f
001f
001f
001f
001f
001f
001f
001f
001f
001f
001f
001f
001f
001f
001f
001f
001f
001f
001f
001f
001f
001f
001f
001f
001f
001f
001f
001f
001f
001f
001f
001f
001f
001f
001f
001f
001f
001f
001f
001f
001f
001f
001f
001f
001f
001f
001f
001f
001f
001f
001f
001f
001f
001f
001f
001f
001f
001f
001f
001f
001f
001f
001f
001f
001f
001f
001f
001f
001f
001f
001f
001f
001f
001f
001f
001f
001f
001f
001f
001f
001f
001f
001f
001f
001f
001f
001f
001f
001f
001f
001f
001f
001f
001f
001f
001f
001f
001f
001f
001f
001f
001f
001f
001f
001f
001f
001f
001f
001f
001f
001f
001f
001f
001f
001f
001f
001f
001f
001f
001f
001f
001f
001f
001f
001f
001f
001f
001f
001f
001f
001f
001f
001f
001f
001f
001f
001f
001f
001f
001f
001f
001f
001f
001f
001f
001f
001f
001f
001f
001f
001f
001f
001f
001f
001f
001f
001f
001f
001f
001f
001f
001f
001f
001f
001f
001f
001f
001f
001f
001f
001f
001f
001f
001f
001f
001f
001f
001f
001f
001f
001f
001f
001f
001f
001f
001f
001f
001f
001f
001f
001f
001f
001f
001f
001f
001f
001f
001f
001f
001f
001f
001f
001f
001f
001f
001f
001f
001f
001f
001f
001f
001f
001f
001f
001f
001f
001f
001f
001f
001f
001f
001f
001f
001f
001f
001f
001f
001f
001f
001f
001f
001f
001f
001f
001f
001f
001f
001f
001f
001f
001f
001f
001f
001f
001f
001f
001f
001f
001f
001f
001f
001f
001f
001f
001f
001f
001f
001f
001f
001f
001f
001f
001f
001f
001f
001f
001f
001f
001f
001f
001f
001f
001f
001f
001f
001f
001f
001f
001f
001f
001f
001f
001f
001f
001f
001f
001f
001f
001f
001f
001f
001f
001f
001f
001f
001f
001f
001f
001f
001f
001f
001f
001f
001f
001f
001f
001f
001f
001f
001f
001f
001f
001f
001f
001f
001f
001f
001f
001f
001f
001f
001f
001f
001f
001f
001f
001f
001f
001f
001f
001f
001f
001f
001f
001f
001f
001f
001f
001f
001f
001f
001f
001f
001f
001f
001f
001f
001f
001f
001f
001f
001f
001f
001f
001f
001f
001f
001f
001f
001f
001f
001f
001f
001f
001f
001f
001f
001f
001f
001f
001f
001f
001f
001f
001f
001f
001f
001f
001f
001f
001f
001f
001f
001f
001f
001f
001f
001f
001f
001f
001f
001f
001f
001f
001f
001f
001f
001f
001f
001f
001f
001f
001f
001f
001f
001f
001f
001f
001f
001f
001f
001f
001f
001f
001f
001f
001f
001f
001f
001f
001f
001f
001f
001f
001f
001f
001f
001f
001f
001f
001f
001f
001f
001f
001f
001f
001f
001f
001f
001f
001f
001f
001f
001f
001f
001f
001f
001f
001f
001f
001f
001f
001f
001f
001f
001f
001f
001f
001f
001f
001f
001f
001f
001f
001f
001f
001f
001f
001f
001f
001f
001f
001f
001f
001f
001f
001f
001f
001f
001f
001f
001f
001f
001f
001f
001f
001f
001f
001f
001f
001f
001f
001f
001f
001f
001f
001f
001f
001f
001f
001f
001f
001f
001f
001f
001f
001f
001f
001f
001f
001f
001f
001f
001f
001f
001f
001f
001f
001f
001f
001f
001f
001f
001f
001f
001f
001f
001f
001f
001f
001f
001f
001f
001f
001f
001f
001f
001f
001f
001f
001f
001f
001f
001f
001f
001f
001f
001f
001f
001f
001f
001f
001f
001f
001f
001f
001f
001f
001f
001f
001f
001f
001f
001f
001f
001f
001f
001f
001f
001f
001f
001f
001f
001f
001f
001f
001f
001f
001f
001f
001f
001f
001f
001f
001f
001f
001f
001f
001f
001f
001f
001f
001f
001f
001f
001f
001f
001f
001f
001f
001f
001f
001f
001f
001f
001f
001f
001f
001f
001f
001f
001f
001f
001f
001f
001f
001f
001f
001f
001f
001f
001f
001f
001f
001f
001f
001f
001f
001f
001f
001f
001f
001f
001f
001f
001f
001f
001f
001f
001f
001f
001f
001f
001f
001f
001f
001f
001f
001f
001f
001f
001f
001f
001f
001f
001f
001f
001f
001f
001f
001f
001f
001f
001f
001f
001f
001f
001f
001f
001f
001f
001f
001f
001f
001f
001f
001f
001f
001f
001f
001f
001f
001f
001f
001f
001f
001f
001f
001f
001f
001f
001f
001f
001f
001f
001f
001f
001f
001f
001f
001f
001f
001f
001f
001f
001f
001f
001f
001f
001f
001f
001f
001f
001f
001f
001f
001f
001f
001f
001f
001f
001f
001f
001f
001f
001f
001f
001f
001f
001f
001f
001f
001f
001f
001f
001f
001f
001f
001f
001f
001f
001f
001f
001f
001f
001f
001f
001f
001f
001f
001f
001f
001f
001f
001f
001f
001f
001f
001f
001f
001f
001f
001f
001f
001f
001f
001f
001f
001f
001f
001f
001f
001f
001f
001f
001f
001f
001f
001f
001f
001f
001f
001f
001f
001f
001f
001f
001f
001f
001f
001f
001f
001f
001f
001f
001f
001f
001f
001f
001f
001f
001f
001f
001f
001f
001f
001f
001f
001f
001f
001f
001f
001f
001f
001f
001f
001f
001f
001f
001f
001f
001f
001f
001f
001f
001f
001f
001f
001f
001f
001f
001f
001f
001f
001f
001f
001f
001f
001f
001f
001f
001f
001f
001f
001f
001f
001f
001f
001f
001f
001f
001f
001f
001f
001f
001f
001f
001f
001f
001f
001f
001f
001f
001f
001f
001f
001f
001f
001f
001f
001f
001f
001f
001f
001f
001f
001f
001f
001f
001f
001f
001f
001f
001f
001f
001f
001f
001f
001f
001f
001f
001f
001f
001f
001f
001f
001f
001f
001f
001f
001f
001f
001f
001f
001f
001f
001f
001f
001f
001f
001f
001f
001f
001f
001f
001f
001f
001f
001f
001f
001f
001f
001f
001f
001f
001f
001f
001f
001f
001f
001f
001f
001f
001f
001f
001f
001f
001f
001f
001f
001f
001f
001f
001f
001f
001f
001f
001f
001f
001f
001f
001f
001f
001f
001f
001f
001f
001f
001f
001f
001f
001f
001f
001f
001f
001f
001f
001f
001f
001f
001f
001f
001f
001f
001f
001f
001f
001f
001f
001f
001f
001f
001f
001f
001f
001f
001f
001f
001f
001f
001f
001f
001f
001f
001f
001f
001f
001f
001f
001f
001f
001f
001f
001f
001f
001f
001f
001f
001f
001f
001f
001f
001f
001f
001f
001f
001f
001f
001f
001f
001f
001f
001f
001f
001f
001f
001f
001f
001f
001f
001f
001f
001f
001f
001f
001f
001f
001f
001f
001f
001f
001f
001f
001f
001f
001f
001f
001f
001f
001f
001f
001f
001f
001f
001f
001f
001f
001f
001f
001f
001f
001f
001f
001f
001f
001f
001f
001f
001f
001f
001f
001f
001f
001f
001f
001f
001f
001f
001f
001f
001f
001f
001f
001f
001f
001f
001f
001f
001f
001f
001f
001f
001f
001f
001f
001f
001f
001f
001f
001f
001f
001f
001f
001f
001f
001f
001f
001f
001f
001f
001f
001f
001f
001f
001f
001f
001f
001f
001f
001f
001f
001f
001f
001f
001f
001f
001f
001f
001f
001f
001f
001f
001f
001f
001f
001f
001f
001f
001f
001f
001f
001f
001f
001f
001f
001f
001f
001f
001f
001f
001f
001f
001f
001f
001f
001f
001f
001f
001f
001f
001f
001f
001f
001f
001f
001f
001f
001f
001f
001f
001f
001f
001f
001f
001f
001f
001f
001f
001f
001f
001f
001f
001f
001f
001f
001f
001f
001f
001f
001f
001f
001f
001f
001f
001f
001f
001f
001f
001f
001f
001f
001f
001f
001f
001f
001f
001f
001f
001f
001f
001f
001f
001f
001f
001f
001f
001f
001f
001f
001f
001f
001f
001f
001f
001f
001f
001f
001f
001f
001f
001f
001f
001f
001f
001f
001f
001f
001f
001f
001f
001f
001f
001f
001f
001f
001f
001f
001f
001f
001f
001f
001f
001f
001f
001f
001f
001f
001f
001f
001f
001f
001f
001f
001f
001f
001f
001f
001f
001f
001f
001f
001f
001f
001f
001f
001f
001f
001f
001f
001f
001f
001f
001f
001f
001f
001f
001f
001f
001f
001f
001f
001f
001f
001f
001f
001f
001f
001f
001f
001f
001f
001f
001f
001f
001f
001f
001f
001f
001f
001f
001f
001f
001f
001f
001f
001f
001f
001f
001f
001f
001f
001f
001f
001f
001f
001f
001f
001f
001f
001f
001f
001f
001f
001f
001f
001f
001f
001f
001f
001f
001f
001f
001f
001f
001f
001f
001f
001f
001f
001f
001f
001f
001f
001f
001f
001f
001f
001f
001f
001f
001f
001f
001f
001f
001f
001f
001f
001f
001f
001f
001f
001f
001f
001f
001f
001f
001f
001f
001f
001f
001f
001f
001f
001f
001f
001f
001f
001f
001f
001f
001f
001f
001f
001f
001f
001f
001f
001f
001f
001f
001f
001f
001f
001f
001f
001f
001f
001f
001f
001f
001f
001f
001f
001f
001f
001f
001f
001f
001f
001f
001f
001f
001f
001f
001f
001f
001f
001f
001f
001f
001f
001f
001f
001f
001f
001f
001f
001f
001f
001f
001f
001f
001f
001f
001f
001f
001f
001f
001f
001f
001f
001f
001f
001f
001f
001f
001f
001f
001f
001f
001f
001f
001f
001f
001f
001f
001f
001f
001f
001f
001f
001f
001f
001f
001f
001f
001f
001f
001f
001f
001f
001f
001f
001f
001f
001f
001f
001f
001f
001f
001f
001f
001f
001f
001f
001f
001f
001f
001f
001f
001f
001f
001f
001f
001f
001f
001f
001f
001f
001f
001f
001f
001f
001f
001f
001f
001f
001f
001f
001f
001f
001f
001f
001f
001f
001f
001f
001f
001f
001f
001f
001f
001f
001f
001f
001f
001f
001f
001f
001f
001f
001f
001f
001f
001f
001f
001f
001f
001f
001f
001f
001f
001f
001f
001f
001f
001f
001f
001f
001f
001f
001f
001f
001f
001f
001f
001f
001f
001f
001f
001f
001f
001f
001f
001f
001f
001f
001f
001f
001f
001f
001f
001f
001f
001f
001f
001f
001f
001f
001f
001f
001f
001f
001f
001f
001f
001f
001f
001f
001f
001f
001f
001f
001f
001f
001f
001f
001f
001f
001f
001f
001f
001f
001f
001f
001f
001f
001f
001f
001f
001f
001f
001f
001f
001f
001f
001f
001f
001f
001f
001f
001f
001f
001f
001f
001f
001f
001f
001f
001f
001f
001f
001f
001f
001f
001f
001f
001f
001f
001f
001f
001f
001f
001f
001f
001f
001f
001f
001f
001f
001f
001f
001f
001f
001f
001f
001f
001f
001f
001f
001f
001f
001f
001f
001f
001f
001f
001f
001f
001f
001f
001f
001f
001f
001f
001f
001f
001f
001f
001f
001f
001f
001f
001f
001f
001f
001f
001f
001f
001f
001f
001f
001f
001f
001f
001f
001f
001f
001f
001f
001f
001f
001f
001f
001f
001f
001f
001f
001f
001f
001f
001f
001f
001f
001f
001f
001f
001f
001f
001f
001f
001f
001f
001f
001f
001f
001f
001f
001f
001f
001f
001f
001f
001f
001f
001f
001f
001f
001f
001f
001f
001f
001f
001f
001f
001f
001f
001f
001f
001f
001f
001f
001f
001f
001f
001f
001f
001f
001f
001f
001f
001f
001f
001f
001f
001f
001f
001f
001f
001f
001f
001f
001f
001f
001f
001f
001f
001f
001f
001f
001f
001f
001f
001f
001f
001f
001f
001f
001f
001f
001f
001f
001f
001f
001f
001f
001f
001f
001f
001f
001f
001f
001f
001f
001f
001f
001f
001f
001f
001f
001f
001f
001f
001f
001f
001f
001f
001f
001f
001f
001f
001f
001f
001f
001f
001f
001f
001f
001f
001f
001f
001f
001f
001f
001f
001f
001f
001f
001f
001f
001f
001f
001f
001f
001f
001f
001f
001f
001f
001f
001f
001f
001f
001f
001f
001f
001f
001f
001f
001f
001f
001f
001f
001f
001f
001f
001f
001f
001f
001f
001f
001f
001f
001f
001f
001f
001f
001f
001f
001f
001f
001f
001f
001f
001f
001f
001f
001f
001f
001f
001f
001f
001f
001f
001f
001f
001f
001f
001f
001f
001f
001f
001f
001f
001f
001f
001f
001f
001f
001f
001f
001f
001f
001f
001f
001f
001f
001f
001f
001f
001f
001f
001f
001f
001f
001f
001f
001f
001f
001f
001f
001f
001f
001f
001f
001f
001f
001f
001f
001f
001f
001f
001f
001f
001f
001f
001f
001f
001f
001f
001f
001f
001f
001f
001f
001f
001f
001f
001f
001f
001f
001f
001f
001f
001f
001f
001f
001f
001f
001f
001f
001f
001f
001f
001f
001f
001f
001f
001f
001f
001f
001f
001f
001f
001f
001f
001f
001f
001f
001f
001f
001f
001f
001f
001f
001f
001f
001f
001f
001f
001f
001f
001f
001f
001f
001f
001f
001f
001f
001f
001f
001f
001f
001f
001f
001f
001f
001f
001f
001f
001f
001f
001f
001f
001f
001f
001f
001f
001f
001f
001f
001f
001f
001f
001f
001f
001f
001f
001f
001f
001f
001f
001f
001f
001f
001f
001f
001f
001f
001f
001f
001f
001f
001f
001f
001f
001f
001f
001f
001f
001f
001f
001f
001f
001f
001f
001f
001f
001f
001f
001f
001f
001f
001f
001f
001f
001f
001f
001f
001f
001f
001f
001f
001f
001f
001f
001f
001f
001f
001f
001f
001f
001f
001f
001f
001f
001f
001f
001f
001f
001f
001f
001f
001f
001f
001f
001f
001f
001f
001f
001f
001f
001f
001f
001f
001f
001f
001f
001f
001f
001f
001f
001f
001f
001f
001f
001f
001f
001f
001f
001f
001f
001f
001f
001f
001f
001f
001f
001f
001f
001f
001f
001f
001f
001f
001f
001f
001f
001f
001f
001f
001f
001f
001f
001f
001f
001f
001f
001f
001f
001f
001f
001f
001f
001f
001f
001f
001f
001f
001f
001f
001f
001f
001f
001f
001f
001f
001f
001f
001f
001f
001f
001f
001f
001f
001f
001f
001f
001f
001f
001f
001f
001f
001f
001f
001f
001f
001f
001f
001f
001f
001f
001f
001f
001f
001f
001f
001f
001f
001f
001f
001f
001f
001f
001f
001f
001f
001f
001f
001f
001f
001f
001f
001f
001f
001f
001f
001f
001f
001f
001f
001f
001f
001f
001f
001f
001f
001f
001f
001f
001f
001f
001f
001f
001f
001f
001f
001f
001f
001f
001f
001f
001f
001f
001f
001f
001f
001f
001f
001f
001f
001f
001f
001f
001f
001f
001f
001f
001f
001f
001f
001f
001f
001f
001f
001f
001f
001f
001f
001f
001f
001f
001f
001f
001f
001f
001f
001f
001f
001f
001f
001f
001f
001f
001f
001f
001f
001f
001f
001f
001f
001f
001f
001f
001f
001f
001f
001f
001f
001f
001f
001f
001f
001f
001f
001f
001f
001f
001f
001f
001f
001f
001f
001f
001f
001f
001f
001f
001f
001f
001f
001f
001f
001f
001f
001f
001f
001f
001f
001f
001f
001f
001f
001f
001f
001f
001f
001f
001f
001f
001f
001f
001f
001f
001f
001f
001f
001f
001f
001f
001f
001f
001f
001f
001f
001f
001f
001f
001f
001f
001f
001f
001f
001f
001f
001f
001f
001f
001f
001f
001f
001f
001f
001f
001f
001f
001f
001f
001f
001f
001f
001f
001f
001f
001f
001f
001f
001f
001f
001f
001f
001f
001f
001f
001f
001f
001f
001f
001f
001f
001f
001f
001f
001f
001f
001f
001f
001f
001f
001f
001f
001f
001f
001f
001f
001f
001f
001f
001f
001f
001f
001f
001f
001f
001f
001f
001f
001f
001f
001f
001f
001f
001f
001f
001f
001f
001f
001f
001f
001f
001f
001f
001f
001f
001f
001f
001f
001f
001f
001f
001f
001f
001f
001f
001f
001f
001f
001f
001f
001f
001f
001f
001f
001f
001f
001f
001f
001f
001f
001f
001f
001f
001f
001f
001f
001f
001f
001f
001f
001f
001f
001f
001f
001f
001f
001f
001f
001f
001f
001f
001f
001f
001f
001f
001f
001f
001f
001f
001f
001f
001f
001f
001f
001f
001f
001f
001f
001f
001f
001f
001f
001f
001f
001f
001f
001f
001f
001f
001f
001f
001f
001f
001f
001f
001f
001f
001f
001f
001f
001f
001f
001f
001f
001f
001f
001f
001f
001f
001f
001f
001f
001f
001f
001f
001f
001f
001f
001f
001f
001f
001f
001f
001f
001f
001f
001f
001f
001f
001f
001f
001f
001f
001f
001f
001f
001f
001f
001f
001f
001f
001f
001f
001f
001f
001f
001f
001f
001f
001f
001f
001f
001f
001f
001f
001f
001f
001f
001f
001f
001f
001f
001f
001f
001f
001f
001f
001f
001f
001f
001f
001f
001f
001f
001f
001f
001f
001f
001f
001f
001f
001f
001f
001f
001f
001f
001f
001f
001f
001f
001f
001f
001f
001f
001f
001f
001f
001f
001f
001f
001f
001f
001f
001f
001f
001f
001f
001f
001f
001f
001f
001f
001f
001f
001f
001f
001f
001f
001f
001f
001f
001f
001f
001f
001f
001f
001f
001f
001f
001f
001f
001f
001f
001f
001f
001f
001f
001f
001f
001f
001f
001f
001f
001f
001f
001f
001f
001f
001f
001f
001f
001f
001f
001f
001f
001f
001f
001f
001f
001f
001f
001f
001f
001f
001f
001f
001f
001f
001f
001f
001f
001f
001f
001f
001f
001f
001f
001f
001f
001f
001f
001f
001f
001f
001f
001f
001f
001f
001f
001f
001f
001f
001f
001f
001f
001f
001f
001f
001f
001f
001f
001f
001f
001f
001f
001f
001f
001f
001f
001f
001f
001f
001f
001f
001f
001f
001f
001f
001f
001f
001f
001f
001f
001f
001f
001f
001f
001f
001f
001f
001f
001f
001f
001f
001f
001f
001f
001f
001f
001f
001f
001f
001f
001f
001f
001f
001f
001f
001f
001f
001f
001f
001f
001f
001f
001f
001f
001f
001f
001f
001f
001f
001f
001f
001f
001f
001f
001f
001f
001f
001f
001f
001f
001f
001f
001f
001f
001f
001f
001f
001f
001f
001f
001f
001f
001f
001f
001f
001f
001f
001f
001f
001f
001f
001f
001f
001f
001f
001f
001f
001f
001f
001f
001f
001f
001f
001f
001f
001f
001f
001f
001f
001f
001f
001f
001f
001f
001f
001f
001f
001f
001f
001f
001f
001f
001f
001f
001f
001f
001f
001f
001f
001f
001f
001f
001f
001f
001f
001f
001f
001f
001f
001f
001f
001f
001f
001f
001f
001f
001f
001f
001f
001f
001f
001f
001f
001f
001f
001f
001f
001f
001f
001f
001f
001f
001f
001f
001f
001f
001f
001f
001f
001f
001f
001f
001f
001f
001f
001f
001f
001f
001f
001f
001f
001f
001f
001f
001f
001f
001f
001f
001f
001f
001f
001f
001f
001f
001f
001f
001f
001f
001f
001f
001f
001f
001f
001f
001f
001f
001f
001f
001f
001f
001f
001f
001f
001f
001f
001f
001f
001f
001f
001f
001f
001f
001f
001f
001f
001f
001f
001f
001f
001f
001f
001f
001f
001f
001f
001f
001f
001f
001f
001f
001f
001f
001f
001f
001f
001f
001f
001f
001f
001f
001f
001f
001f
001f
001f
001f
001f
001f
001f
001f
001f
001f
001f
001f
001f
001f
001f
001f
001f
001f
001f
001f
001f
001f
001f
001f
001f
001f
001f
001f
001f
001f
001f
001f
001f
001f
001f
001f
001f
001f
001f
001f
001f
001f
001f
001f
001f
001f
001f
001f
001f
001f
001f
001f
001f
001f
001f
001f
001f
001f
001f
001f
001f
001f
001f
001f
001f
001f
001f
001f
001f
001f
001f
001f
001f
001f
001f
001f
001f
001f
001f
001f
001f
001f
001f
001f
001f
001f
001f
001f
001f
001f
001f
001f
001f
001f
001f
001f
001f
001f
001f
001f
001f
001f
001f
001f
001f
001f
001f
001f
001f
001f
001f
001f
001f
001f
001f
001f
001f
001f
001f
001f
001f
001f
001f
001f
001f
001f
001f
001f
001f
001f
001f
001f
001f
001f
001f
001f
001f
001f
001f
001f
001f
001f
001f
001f
001f
001f
001f
001f
001f
001f
001f
001f
001f
001f
001f
001f
001f
001f
001f
001f
001f
001f
001f
001f
001f
001f
001f
001f
001f
001f
001f
001f
001f
001f
001f
001f
001f
001f
001f
001f
001f
001f
001f
001f
001f
001f
001f
001f
001f
001f
001f
001f
001f
001f
001f
001f
001f
001f
001f
001f
001f
001f
001f
001f
001f
001f
001f
001f
001f
001f
001f
001f
001f
001f
001f
001f
001f
001f
001f
001f
001f
001f
001f
001f
001f
001f
001f
001f
001f
001f
001f
001f
001f
001f
001f
001f
001f
001f
001f
001f
001f
001f
001f
001f
001f
001f
001f
001f
001f
001f
001f
001f
001f
001f
001f
001f
001f
001f
001f
001f
001f
001f
001f
001f
001f
001f
001f
001f
001f
001f
001f
001f
001f
001f
001f
001f
001f
001f
001f
001f
001f
001f
001f
001f
001f
001f
001f
001f
001f
001f
001f
001f
001f
001f
001f
001f
001f
001f
001f
001f
001f
001f
001f
001f
001f
001f
001f
001f
001f
001f
001f
001f
001f
001f
001f
001f
001f
001f
001f
001f
001f
001f
001f
001f
001f
001f
001f
001f
001f
001f
001f
001f
001f
001f
001f
001f
001f
001f
001f
001f
001f
001f
001f
001f
001f
001f
001f
001f
001f
001f
001f
001f
001f
001f
001f
001f
001f
001f
001f
001f
001f
001f
001f
001f
001f
001f
001f
001f
001f
001f
001f
001f
001f
001f
001f
001f
001f
001f
001f
001f
001f
001f
001f
001f
001f
001f
001f
001f
001f
001f
001f
001f
001f
001f
001f
001f
001f
001f
001f
001f
001f
001f
001f
001f
001f
001f
001f
001f
001f
001f
001f
001f
001f
001f
001f
001f
001f
001f
001f
001f
001f
001f
001f
001f
001f
001f
001f
001f
001f
001f
001f
001f
001f
001f
001f
001f
001f
001f
001f
001f
001f
001f
001f
001f
001f
001f
001f
001f
001f
001f
001f
001f
001f
001f
001f
001f
001f
001f
001f
001f
001f
001f
001f
001f
001f
001f
001f
001f
001f
001f
001f
001f
001f
001f
001f
001f
001f
001f
001f
001f
001f
001f
001f
001f
001f
001f
001f
001f
001f
001f
001f
001f
001f
001f
001f
001f
001f
001f
001f
001f
001f
001f
001f
001f
001f
001f
001f
001f
001f
001f
001f
001f
001f
001f
001f
001f
001f
001f
001f
001f
001f
001f
001f
001f
001f
001f
001f
001f
001f
001f
001f
001f
001f
001f
001f
001f
001f
001f
001f
001f
001f
001f
001f
001f
001f
001f
001f
001f
001f
001f
001f
001f
001f
001f
001f
001f
001f
001f
001f
001f
001f
001f
001f
001f
001f
001f
001f
001f
001f
001f
001f
001f
001f
001f
001f
001f
001f
001f
001f
001f
001f
001f
001f
001f
001f
001f
001f
001f
001f
001f
001f
001f
001f
001f
001f
001f
001f
001f
001f
001f
001f
001f
001f
001f
001f
001f
001f
001f
001f
001f
001f
001f
001f
001f
001f
001f
001f
001f
001f
001f
001f
001f
001f
001f
001f
001f
001f
001f
001f
001f
001f
001f
001f
001f
001f
001f
001f
001f
001f
001f
001f
001f
001f
001f
001f
001f
001f
001f
001f
001f
001f
001f
001f
001f
001f
001f
001f
001f
001f
001f
001f
001f
001f
001f
001f
001f
001f
001f
001f
001f
001f
001f
001f
001f
001f
001f
001f
001f
001f
001f
001f
001f
001f
001f
001f
001f
001f
001f
001f
001f
001f
001f
001f
001f
001f
001f
001f
001f
001f
001f
001f
001f
001f
001f
001f
001f
001f
001f
001f
001f
001f
001f
001f
001f
001f
001f
001f
001f
001f
001f
001f
001f
001f
001f
001f
001f
001f
001f
001f
001f
001f
001f
001f
001f
001f
001f
001f
001f
001f
001f
001f
001f
001f
001f
001f
001f
001f
001f
001f
001f
001f
001f
001f
001f
001f
001f
001f
001f
001f
001f
001f
001f
001f
001f
001f
001f
001f
001f
001f
001f
001f
001f
001f
001f
001f
001f
001f
001f
001f
001f
001f
001f
001f
001f
001f
001f
001f
001f
001f
001f
001f
001f
001f
001f
001f
001f
001f
001f
001f
001f
001f
001f
001f
001f
001f
001f
001f
001f
001f
001f
001f
001f
001f
001f
001f
001f
001f
001f
001f
001f
001f
001f
001f
001f
001f
001f
001f
001f
001f
001f
001f
001f
001f
001f
001f
001f
001f
001f
001f
001f
001f
001f
001f
001f
001f
001f
001f
001f
001f
001f
001f
001f
001f
001f
001f
001f
001f
001f
001f
001f
001f
001f
001f
001f
001f
001f
001f
001f
001f
001f
001f
001f
001f
001f
001f
001f
001f
001f
001f
001f
001f
001f
001f
001f
001f
001f
001f
001f
001f
001f
001f
001f
001f
001f
001f
001f
001f
001f
001f
001f
001f
001f
001f
001f
001f
001f
001f
001f
001f
001f
001f
001f
001f
001f
001f
001f
001f
001f
001f
001f
001f
001f
001f
001f
001f
001f
001f
001f
001f
001f
001f
001f
001f
001f
001f
001f
001f
001f
001f
001f
001f
001f
001f
001f
001f
001f
001f
001f
001f
001f
001f
001f
001f
001f
001f
001f
001f
001f
001f
001f
001f
001f
001f
001f
001f
001f
001f
001f
001f
001f
001f
001f
001f
001f
001f
001f
001f
001f
001f
001f
001f
001f
001f
001f
001f
001f
001f
001f
001f
001f
001f
001f
001f
001f
001f
001f
001f
001f
001f
001f
001f
001f
001f
001f
001f
001f
001f
001f
001f
001f
001f
001f
001f
001f
001f
001f
001f
001f
001f
001f
001f
001f
001f
001f
001f
001f
001f
001f
001f
001f
001f
001f
001f
001f
001f
001f
001f
001f
001f
001f
001f
001f
001f
001f
001f
001f
001f
001f
001f
001f
001f
001f
001f
001f
001f
001f
001f
001f
001f
001f
001f
001f
001f
001f
001f
001f
001f
001f
001f
001f
001f
001f
001f
001f
001f
001f
001f
001f
001f
001f
001f
001f
001f
001f
001f
001f
001f
001f
001f
001f
001f
001f
001f
001f
001f
001f
001f
001f
001f
001f
001f
001f
001f
001f
001f
001f
001f
001f
001f
001f
001f
001f
001f
001f
001f
001f
001f
001f
001f
001f
001f
001f
001f
001f
001f
001f
001f
001f
001f
001f
001f
001f
001f
001f
001f
001f
001f
001f
001f
001f
001f
001f
001f
001f
001f
001f
001f
001f
001f
001f
001f
001f
001f
001f
001f
001f
001f
001f
001f
001f
001f
001f
001f
001f
001f
001f
001f
001f
001f
001f
001f
001f
001f
001f
001f
001f
001f
001f
001f
001f
001f
001f
001f
001f
001f
001f
001f
001f
001f
001f
001f
001f
001f
001f
001f
001f
001f
001f
001f
001f
001f
001f
001f
001f
001f
001f
001f
001f
001f
001f
001f
001f
001f
001f
001f
001f
001f
001f
001f
001f
001f
001f
001f
001f
001f
001f
001f
001f
001f
001f
001f
001f
001f
001f
001f
001f
001f
001f
001f
001f
001f
001f
001f
001f
001f
001f
001f
001f
001f
001f
001f
001f
001f
001f
001f
001f
001f
001f
001f
001f
001f
001f
001f
001f
001f
001f
001f
001f
001f
001f
001f
001f
001f
001f
001f
001f
001f
001f
001f
001f
001f
001f
001f
001f
001f
001f
001f
001f
001f
001f
001f
001f
001f
001f
001f
001f
001f
001f
001f
001f
001f
001f
001f
001f
001f
001f
001f
001f
001f
001f
001f
001f
001f
001f
001f
001f
001f
001f
001f
001f
001f
001f
001f
001f
001f
001f
001f
001f
001f
001f
001f
001f
001f
001f
001f
001f
001f
001f
001f
001f
001f
001f
001f
001f
001f
001f
001f
001f
001f
001f
001f
001f
001f
001f
001f
001f
001f
001f
001f
001f
001f
001f
001f
001f
001f
001f
001f
001f
001f
001f
001f
001f
001f
001f
001f
001f
001f
001f
001f
001f
001f
001f
001f
001f
001f
001f
001f
001f
001f
001f
001f
001f
001f
001f
001f
001f
001f
001f
001f
001f
001f
001f
001f
001f
001f
001f
001f
001f
001f
001f
001f
001f
001f
001f
001f
001f
001f
001f
001f
001f
001f
001f
001f
001f
001f
001f
001f
001f
001f
001f
001f
001f
001f
001f
001f
001f
001f
001f
001f
001f
001f
001f
001f
001f
001f
001f
001f
001f
001f
001f
001f
001f
001f
001f
001f
001f
001f
001f
001f
001f
001f
001f
001f
001f
001f
001f
001f
001f
001f
001f
001f
001f
001f
001f
001f
001f
001f
001f
001f
001f
001f
001f
001f
001f
001f
001f
001f
001f
001f
001f
001f
001f
001f
001f
001f
001f
001f
001f
001f
001f
001f
001f
001f
001f
001f
001f
001f
001f
001f
001f
001f
001f
001f
001f
001f
001f
001f
001f
001f
001f
001f
001f
001f
001f
001f
001f
001f
001f
001f
001f
001f
001f
001f
001f
001f
001f
001f
001f
001f
001f
001f
001f
001f
001f
001f
001f
001f
001f
001f
001f
001f
001f
001f
001f
001f
001f
001f
001f
001f
001f
001f
001f
001f
001f
001f
001f
001f
001f
001f
001f
001f
001f
001f
001f
001f
001f
001f
001f
001f
001f
001f
001f
001f
001f
001f
001f
001f
001f
001f
001f
001f
001f
001f
001f
001f
001f
001f
001f
001f
001f
001f
001f
001f
001f
001f
001f
001f
001f
001f
001f
001f
001f
001f
001f
001f
001f
001f
001f
001f
001f
001f
001f
001f
001f
001f
001f
001f
001f
001f
001f
001f
001f
001f
001f
001f
001f
001f
001f
001f
001f
001f
001f
001f
001f
001f
001f
001f
001f
001f
001f
001f
001f
001f
001f
001f
001f
001f
001f
001f
001f
001f
001f
001f
001f
001f
001f
001f
001f
001f
001f
001f
001f
001f
001f
001f
001f
001f
001f
001f
001f
001f
001f
001f
001f
001f
001f
001f
001f
001f
001f
001f
001f
001f
001f
001f
001f
001f
001f
001f
001f
001f
001f
001f
001f
001f
001f
001f
001f
001f
001f
001f
001f
001f
001f
001f
001f
001f
001f
001f
001f
001f
001f
001f
001f
001f
001f
001f
001f
001f
001f
001f
001f
001f
001f
001f
001f
001f
001f
001f
001f
001f
001f
001f
001f
001f
001f
001f
001f
001f
001f
001f
001f
001f
001f
001f
001f
001f
001f
001f
001f
001f
001f
001f
001f
001f
001f
001f
001f
001f
001f
001f
001f
001f
001f
001f
001f
001f
001f
001f
001f
001f
001f
001f
001f
001f
001f
001f
001f
001f
001f
001f
001f
001f
001f
001f
001f
001f
001f
001f
001f
001f
001f
001f
001f
001f
001f
001f
001f
001f
001f
001f
001f
001f
001f
001f
001f
001f
001f
001f
001f
001f
001f
001f
001f
001f
001f
001f
001f
001f
001f
001f
001f
001f
001f
001f
001f
001f
001f
001f
001f
001f
001f
001f
001f
001f
001f
001f
001f
001f
001f
001f
001f
001f
001f
001f
001f
001f
001f
001f
001f
001f
001f
001f
001f
001f
001f
001f
001f
001f
001f
001f
001f
001f
001f
001f
001f
001f
001f
001f
001f
001f
001f
001f
001f
001f
001f
001f
001f
001f
001f
001f
001f
001f
001f
001f
001f
001f
001f
001f
001f
001f
001f
001f
001f
001f
001f
001f
001f
001f
001f
001f
001f
001f
001f
001f
001f
001f
001f
001f
001f
001f
001f
001f
001f
001f
001f
001f
001f
001f
001f
001f
001f
001f
001f
001f
001f
001f
001f
001f
001f
001f
001f
001f
001f
001f
001f
001f
001f
001f
001f
001f
001f
001f
001f
001f
001f
001f
001f
001f
001f
001f
001f
001f
001f
001f
001f
001f
001f
001f
001f
001f
001f
001f
001f
001f
001f
001f
001f
001f
001f
001f
001f
001f
001f
001f
001f
001f
001f
001f
001f
001f
001f
001f
001f
001f
001f
001f
001f
001f
001f
001f
001f
001f
001f
001f
001f
001f
001f
001f
001f
001f
001f
001f
001f
001f
001f
001f
001f
001f
001f
001f
001f
001f
001f
001f
001f
001f
001f
001f
001f
001f
001f
001f
001f
001f
001f
001f
001f
001f
001f
001f
001f
001f
001f
001f
001f
001f
001f
001f
001f
001f
001f
001f
001f
001f
001f
001f
001f
001f
001f
001f
001f
001f
001f
001f
001f
001f
001f
001f
001f
001f
001f
001f
001f
001f
001f
001f
001f
001f
001f
001f
001f
001f
001f
001f
001f
001f
001f
001f
001f
001f
001f
001f
001f
001f
001f
001f
001f
001f
001f
001f
001f
001f
001f
001f
001f
001f
001f
001f
001f
001f
001f
001f
001f
001f
001f
001f
001f
001f
001f
001f
001f
001f
001f
001f
001f
001f
001f
001f
001f
001f
001f
001f
001f
001f
001f
001f
001f
001f
001f
001f
001f
001f
001f
001f
001f
001f
001f
001f
001f
001f
001f
001f
001f
001f
001f
001f
001f
001f
001f
001f
001f
001f
001f
001f
001f
001f
001f
001f
001f
001f
001f
001f
001f
001f
001f
001f
001f
001f
001f
001f
001f
001f
001f
001f
001f
001f
001f
001f
001f
001f
001f
001f
001f
001f
001f
001f
001f
001f
001f
001f
001f
001f
001f
001f
001f
001f
001f
001f
001f
001f
001f
001f
001f
001f
001f
001f
001f
001f
001f
001f
001f
001f
001f
001f
001f
001f
001f
001f
001f
001f
001f
001f
001f
001f
001f
001f
001f
001f
001f
001f
001f
001f
001f
001f
001f
001f
001f
001f
001f
001f
001f
001f
001f
001f
001f
001f
001f
001f
001f
001f
001f
001f
001f
001f
001f
001f
001f
001f
001f
001f
001f
001f
001f
001f
001f
001f
001f
001f
001f
001f
001f
001f
001f
001f
001f
001f
001f
001f
001f
001f
001f
001f
001f
001f
001f
001f
001f
001f
001f
001f
001f
001f
001f
001f
001f
001f
001f
001f
001f
001f
001f
001f
001f
001f
001f
001f
001f
001f
001f
001f
001f
001f
001f
001f
001f
001f
001f
001f
001f
001f
001f
001f
001f
001f
001f
001f
001f
001f
001f
001f
001f
001f
001f
001f
001f
001f
001f
001f
001f
001f
001f
001f
001f
001f
001f
001f
001f
001f
001f
001f
001f
001f
001f
001f
001f
001f
001f
001f
001f
001f
001f
001f
001f
001f
001f
001f
001f
001f
001f
001f
001f
001f
001f
001f
001f
001f
001f
001f
001f
001f
001f
001f
001f
001f
001f
001f
001f
001f
001f
001f
001f
001f
001f
001f
001f
001f
001f
001f
001f
001f
001f
001f
001f
001f
001f
001f
001f
001f
001f
001f
001f
001f
001f
001f
001f
001f
001f
001f
001f
001f
001f
001f
001f
001f
001f
001f
001f
001f
001f
001f
001f
001f
001f
001f
001f
001f
001f
001f
001f
001f
001f
001f
001f
001f
001f
001f
001f
001f
001f
001f
001f
001f
001f
001f
001f
001f
001f
001f
001f
001f
001f
001f
001f
001f
001f
001f
001f
001f
001f
001f
001f
001f
001f
001f
001f
001f
001f
001f
001f
001f
001f
001f
001f
001f
001f
001f
001f
001f
001f
001f
001f
001f
001f
001f
001f
001f
001f
001f
001f
001f
001f
001f
001f
001f
001f
001f
001f
001f
001f
001f
001f
001f
001f
001f
001f
001f
001f
001f
001f
001f
001f
001f
001f
001f
001f
001f
001f
001f
001f
001f
001f
001f
001f
001f
001f
001f
001f
001f
001f
001f
001f
001f
001f
001f
001f
001f
001f
001f
001f
001f
001f
001f
001f
001f
001f
001f
001f
001f
001f
001f
001f
001f
001f
001f
001f
001f
001f
001f
001f
001f
001f
001f
001f
001f
001f
001f
001f
001f
001f
001f
001f
001f
001f
001f
001f
001f
001f
001f
001f
001f
001f
001f
001f
001f
001f
001f
001f
001f
001f
001f
001f
001f
001f
001f
001f
001f
001f
001f
001f
001f
001f
001f
001f
001f
001f
001f
001f
001f
001f
001f
001f
001f
001f
001f
001f
001f
001f
001f
001f
001f
001f
001f
001f
001f
001f
001f
001f
001f
001f
001f
001f
001f
001f
001f
001f
001f
001f
001f
001f
001f
001f
001f
001f
001f
001f
001f
001f
001f
001f
001f
001f
001f
001f
001f
001f
001f
001f
001f
001f
001f
001f
001f
001f
001f
001f
001f
001f
001f
001f
001f
001f
001f
001f
001f
001f
001f
001f
001f
001f
001f
001f
001f
001f
001f
001f
001f
001f
001f
001f
001f
001f
001f
001f
001f
001f
001f
001f
001f
001f
001f
001f
001f
001f
001f
001f
001f
001f
001f
001f
001f
001f
001f
001f
001f
001f
001f
001f
001f
001f
001f
001f
001f
001f
001f
001f
001f
001f
001f
001f
001f
001f
001f
001f
001f
001f
001f
001f
001f
001f
001f
001f
001f
001f
001f
001f
001f
001f
001f
001f
001f
001f
001f
001f
001f
001f
001f
001f
001f
001f
001f
001f
001f
001f
001f
001f
001f
001f
001f
001f
001f
001f
001f
001f
001f
001f
001f
001f
001f
001f
001f
001f
001f
001f
001f
001f
001f
001f
001f
001f
001f
001f
001f
001f
001f
001f
001f
001f
001f
001f
001f
001f
001f
001f
001f
001f
001f
001f
001f
001f
001f
001f
001f
001f
001f
001f
001f
001f
001f
001f
001f
001f
001f
001f
001f
001f
001f
001f
001f
001f
001f
001f
001f
001f
001f
001f
001f
001f
001f
001f
001f
001f
001f
001f
001f
001f
001f
001f
001f
001f
001f
001f
001f
001f
001f
001f
001f
001f
001f
001f
001f
001f
001f
001f
001f
001f
001f
001f
001f
001f
001f
001f
001f
001f
001f
001f
001f
001f
001f
001f
001f
001f
001f
001f
001f
001f
001f
001f
001f
001f
001f
001f
001f
001f
001f
001f
001f
001f
001f
001f
001f
001f
001f
001f
001f
001f
001f
001f
001f
001f
001f
001f
001f
001f
001f
001f
001f
001f
001f
001f
001f
001f
001f
001f
001f
001f
001f
001f
001f
001f
001f
001f
001f
001f
001f
001f
001f
001f
001f
001f
001f
001f
001f
001f
001f
001f
001f
001f
001f
001f
001f
001f
001f
001f
001f
001f
001f
001f
001f
001f
001f
001f
001f
001f
001f
001f
001f
001f
001f
001f
001f
001f
001f
001f
001f
001f
001f
001f
001f
001f
001f
001f
001f
001f
001f
001f
001f
001f
001f
001f
001f
001f
001f
001f
001f
001f
001f
001f
001f
001f
001f
001f
001f
001f
001f
001f
001f
001f
001f
001f
001f
001f
001f
001f
001f
001f
001f
001f
001f
001f
001f
001f
001f
001f
001f
001f
001f
001f
001f
001f
001f
001f
001f
001f
001f
001f
001f
001f
001f
001f
001f
001f
001f
001f
001f
001f
001f
001f
001f
001f
001f
001f
001f
001f
001f
001f
001f
001f
001f
001f
001f
001f
001f
001f
001f
001f
001f
001f
001f
001f
001f
001f
001f
001f
001f
001f
001f
001f
001f
001f
001f
001f
001f
001f
001f
001f
001f
001f
001f
001f
001f
001f
001f
001f
001f
001f
001f
001f
001f
001f
001f
001f
001f
001f
001f
001f
001f
001f
001f
001f
001f
001f
001f
001f
001f
001f
001f
001f
001f
001f
001f
001f
001f
001f
001f
001f
001f
001f
001f
001f
001f
001f
001f
001f
001f
001f
001f
001f
001f
001f
001f
001f
001f
001f
001f
001f
001f
001f
001f
001f
001f
001f
001f
001f
001f
001f
001f
001f
001f
001f
001f
001f
001f
001f
001f
001f
001f
001f
001f
001f
001f
001f
001f
001f
001f
001f
001f
001f
001f
001f
001f
001f
001f
001f
001f
001f
001f
001f
001f
001f
001f
001f
001f
001f
001f
001f
001f
001f
001f
001f
001f
001f
001f
001f
001f
001f
001f
001f
001f
001f
001f
001f
001f
001f
001f
001f
001f
001f
001f
001f
001f
001f
001f
001f
001f
001f
001f
001f
001f
001f
001f
001f
001f
001f
001f
001f
001f
001f
001f
001f
001f
001f
001f
001f
001f
001f
001f
001f
001f
001f
001f
001f
001f
001f
001f
001f
001f
001f
001f
001f
001f
001f
001f
001f
001f
001f
001f
001f
001f
001f
001f
001f
001f
001f
001f
001f
001f
001f
001f
001f
001f
001f
001f
001f
001f
001f
001f
001f
001f
001f
001f
001f
001f
001f
001f
001f
001f
001f
001f
001f
001f
001f
001f
001f
001f
001f
001f
001f
001f
001f
001f
001f
001f
001f
001f
001f
001f
001f
001f
001f
001f
001f
001f
001f
001f
001f
001f
001f
001f
001f
001f
001f
001f
001f
001f
001f
001f
001f
001f
001f
001f
001f
001f
001f
001f
001f
001f
001f
001f
001f
001f
001f
001f
001f
001f
001f
001f
001f
001f
001f
001f
001f
001f
001f
001f
001f
001f
001f
001f
001f
001f
001f
001f
001f
001f
001f
001f
001f
001f
001f
001f
001f
001f
001f
001f
001f
001f
001f
001f
001f
001f
001f
001f
001f
001f
001f
001f
001f
001f
001f
001f
001f
001f
001f
001f
001f
001f
001f
001f
001f
001f
001f
001f
001f
001f
001f
001f
001f
001f
001f
001f
001f
001f
001f
001f
001f
001f
001f
001f
001f
001f
001f
001f
001f
001f
001f
001f
001f
001f
001f
001f
001f
001f
001f
001f
001f
001f
001f
001f
001f
001f
001f
001f
001f
001f
001f
001f
001f
001f
001f
001f
001f
001f
001f
001f
001f
001f
001f
001f
001f
001f
001f
001f
001f
001f
001f
001f
001f
001f
001f
001f
001f
001f
001f
001f
001f
001f
001f
001f
001f
001f
001f
001f
001f
001f
001f
001f
001f
001f
001f
001f
001f
001f
001f
001f
001f
001f
001f
001f
001f
001f
001f
001f
001f
001f
001f
001f
001f
001f
001f
001f
001f
001f
001f
001f
001f
001f
001f
001f
001f
001f
001f
001f
001f
001f
001f
001f
001f
001f
001f
001f
001f
001f
001f
001f
001f
001f
001f
001f
001f
001f
001f
001f
001f
001f
001f
001f
001f
001f
001f
001f
001f
001f
001f
001f
001f
001f
001f
001f
001f
001f
001f
001f
001f
001f
001f
001f
001f
001f
001f
001f
001f
001f
001f
001f
001f
001f
001f
001f
001f
001f
001f
001f
001f
001f
001f
001f
001f
001f
001f
001f
001f
001f
001f
001f
001f
001f
001f
001f
001f
001f
001f
001f
001f
001f
001f
001f
001f
001f
001f
001f
001f
001f
001f
001f
001f
001f
001f
001f
001f
001f
001f
001f
001f
001f
001f
001f
001f
001f
001f
001f
001f
001f
001f
001f
001f
001f
001f
001f
001f
001f
001f
001f
001f
001f
001f
001f
001f
001f
001f
001f
001f
001f
001f
001f
001f
001f
001f
001f
001f
001f
001f
001f
001f
001f
001f
001f
001f
001f
001f
001f
001f
001f
001f
001f
001f
001f
001f
001f
001f
001f
001f
001f
001f
001f
001f
001f
001f
001f
001f
001f
001f
001f
001f
001f
001f
001f
001f
001f
001f
001f
001f
001f
001f
001f
001f
001f
001f
001f
001f
001f
001f
001f
001f
001f
001f
001f
001f
001f
001f
001f
001f
001f
001f
001f
001f
001f
001f
001f
001f
001f
001f
001f
001f
001f
001f
001f
001f
001f
001f
001f
001f
001f
001f
001f
001f
001f
001f
001f
001f
001f
001f
001f
001f
001f
001f
001f
001f
001f
001f
001f
001f
001f
001f
001f
001f
001f
001f
001f
001f
001f
001f
001f
001f
001f
001f
001f
001f
001f
001f
001f
001f
001f
001f
001f
001f
001f
001f
001f
001f
001f
001f
001f
001f
001f
001f
001f
001f
001f
001f
001f
001f
001f
001f
001f
001f
001f
001f
001f
001f
001f
001f
001f
001f
001f
001f
001f
001f
001f
001f
001f
001f
001f
001f
001f
001f
001f
001f
001f
001f
001f
001f
001f
001f
001f
001f
001f
001f
001f
001f
001f
001f
001f
001f
001f
001f
001f
001f
001f
001f
001f
001f
001f
001f
001f
001f
001f
001f
001f
001f
001f
001f
001f
001f
001f
001f
001f
001f
001f
001f
001f
001f
001f
001f
001f
001f
001f
001f
001f
001f
001f
001f
001f
001f
001f
001f
001f
001f
001f
001f
001f
001f
001f
001f
001f
001f
001f
001f
001f
001f
001f
001f
001f
001f
001f
001f
001f
001f
001f
001f
001f
001f
001f
001f
001f
001f
001f
001f
001f
001f
001f
001f
001f
001f
001f
001f
001f
001f
001f
001f
001f
001f
001f
001f
001f
001f
001f
001f
001f
001f
001f
001f
001f
001f
001f
001f
001f
001f
001f
001f
001f
001f
001f
001f
001f
001f
001f
001f
001f
001f
001f
001f
001f
001f
001f
001f
001f
001f
001f
001f
001f
001f
001f
001f
001f
001f
001f
001f
001f
001f
001f
001f
001f
001f
001f
001f
001f
001f
001f
001f
001f
001f
001f
001f
001f
001f
001f
001f
001f
001f
001f
001f
001f
001f
001f
001f
001f
001f
001f
001f
001f
001f
001f
001f
001f
001f
001f
001f
001f
001f
001f
001f
001f
001f
001f
001f
001f
001f
001f
001f
001f
001f
001f
001f
001f
001f
001f
001f
001f
001f
001f
001f
001f
001f
001f
001f
001f
001f
001f
001f
001f
001f
001f
001f
001f
001f
001f
001f
001f
001f
001f
001f
001f
001f
001f
001f
001f
001f
001f
001f
001f
001f
001f
001f
001f
001f
001f
001f
001f
001f
001f
001f
001f
001f
001f
001f
001f
001f
001f
001f
001f
001f
001f
001f
001f
001f
001f
001f
001f
001f
001f
001f
001f
001f
001f
001f
001f
001f
001f
001f
001f
001f
001f
001f
001f
001f
001f
001f
001f
001f
001f
001f
001f
001f
001f
001f
001f
001f
001f
001f
001f
001f
001f
001f
001f
001f
001f
001f
001f
001f
001f
001f
001f
001f
001f
001f
001f
001f
001f
001f
001f
001f
001f
001f
001f
001f
001f
001f
001f
001f
001f
001f
001f
001f
001f
001f
001f
001f
001f
001f
001f
001f
001f
001f
001f
001f
001f
001f
001f
001f
001f
001f
001f
001f
001f
001f
001f
001f
001f
001f
001f
001f
001f
001f
001f
001f
001f
001f
001f
001f
001f
001f
001f
001f
001f
001f
001f
001f
001f
001f
001f
001f
001f
001f
001f
001f
001f
001f
001f
001f
001f
001f
001f
001f
001f
001f
001f
001f
001f
001f
001f
001f
001f
001f
001f
001f
001f
001f
001f
001f
001f
001f
001f
001f
001f
001f
001f
001f
001f
001f
001f
001f
001f
001f
001f
001f
001f
001f
001f
001f
001f
001f
001f
001f
001f
001f
001f
001f
001f
001f
001f
001f
001f
001f
001f
001f
001f
001f
001f
001f
001f
001f
001f
001f
001f
001f
001f
001f
001f
001f
001f
001f
001f
001f
001f
001f
001f
001f
001f
001f
001f
001f
001f
001f
001f
001f
001f
001f
001f
001f
001f
001f
001f
001f
001f
001f
001f
001f
001f
001f
001f
001f
001f
001f
001f
001f
001f
001f
001f
001f
001f
001f
001f
001f
001f
001f
001f
001f
001f
001f
001f
001f
001f
001f
001f
001f
001f
001f
001f
001f
001f
001f
001f
001f
001f
001f
001f
001f
001f
001f
001f
001f
001f
001f
001f
001f
001f
001f
001f
001f
001f
001f
001f
001f
001f
001f
001f
001f
001f
001f
001f
001f
001f
001f
001f
001f
001f
001f
001f
001f
001f
001f
001f
001f
001f
001f
001f
001f
001f
001f
001f
001f
001f
001f
001f
001f
001f
001f
001f
001f
001f
001f
001f
001f
001f
001f
001f
001f
001f
001f
001f
001f
001f
001f
001f
001f
001f
001f
001f
001f
001f
001f
001f
001f
001f
001f
001f
001f
001f
001f
001f
001f
001f
001f
001f
001f
001f
001f
001f
001f
001f
001f
001f
001f
001f
001f
001f
001f
001f
001f
001f
001f
001f
001f
001f
001f
001f
001f
001f
001f
001f
001f
001f
001f
001f
001f
001f
001f
001f
001f
001f
001f
001f
001f
001f
001f
001f
001f
001f
001f
001f
001f
001f
001f
001f
001f
001f
001f
001f
001f
001f
001f
001f
001f
001f
001f
001f
001f
001f
001f
001f
001f
001f
001f
001f
001f
001f
001f
001f
001f
001f
001f
001f
001f
001f
001f
001f
001f
001f
001f
001f
001f
001f
001f
001f
001f
001f
001f
001f
001f
001f
001f
001f
001f
001f
001f
001f
001f
001f
001f
001f
001f
001f
001f
001f
001f
001f
001f
001f
001f
001f
001f
001f
001f
001f
001f
001f
001f
001f
001f
001f
001f
001f
001f
001f
001f
001f
001f
001f
001f
001f
001f
001f
001f
001f
001f
001f
001f
001f
001f
001f
001f
001f
001f
001f
001f
001f
001f
001f
001f
001f
001f
001f
001f
001f
001f
001f
001f
001f
001f
001f
001f
001f
001f
001f
001f
001f
001f
001f
001f
001f
001f
001f
001f
001f
001f
001f
001f
001f
001f
001f
001f
001f
001f
001f
001f
001f
001f
001f
001f
001f
001f
001f
001f
001f
001f
001f
001f
001f
001f
001f
001f
001f
001f
001f
001f
001f
001f
001f
001f
001f
001f
001f
001f
001f
001f
001f
001f
001f
001f
001f
001f
001f
001f
001f
001f
001f
001f
001f
001f
001f
001f
001f
001f
001f
001f
001f
001f
001f
001f
001f
001f
001f
001f
001f
001f
001f
001f
001f
001f
001f
001f
001f
001f
001f
001f
001f
001f
001f
001f
001f
001f
001f
001f
001f
001f
001f
001f
001f
001f
001f
001f
001f
001f
001f
001f
001f
001f
001f
001f
001f
001f
001f
001f
001f
001f
001f
001f
001f
001f
001f
001f
001f
001f
001f
001f
001f
001f
001f
001f
001f
001f
001f
001f
001f
001f
001f
001f
001f
001f
001f
001f
001f
001f
001f
001f
001f
001f
001f
001f
001f
001f
001f
001f
001f
001f
001f
001f
001f
001f
001f
001f
001f
001f
001f
001f
001f
001f
001f
001f
001f
001f
001f
001f
001f
001f
001f
001f
001f
001f
001f
001f
001f
001f
001f
001f
001f
001f
001f
001f
001f
001f
001f
001f
001f
001f
001f
001f
001f
001f
001f
001f
001f
001f
001f
001f
001f
001f
001f
001f
001f
001f
001f
001f
001f
001f
001f
001f
001f
001f
001f
001f
001f
001f
001f
001f
001f
001f
001f
001f
001f
001f
001f
001f
001f
001f
001f
001f
001f
001f
001f
001f
001f
001f
001f
001f
001f
001f
001f
001f
001f
001f
001f
001f
001f
001f
001f
001f
001f
001f
001f
001f
001f
001f
001f
001f
001f
001f
001f
001f
001f
001f
001f
001f
001f
001f
001f
001f
001f
001f
001f
001f
001f
001f
001f
001f
001f
001f
001f
001f
001f
001f
001f
001f
001f
001f
001f
001f
001f
001f
001f
001f
001f
001f
001f
001f
001f
001f
001f
