001f
001f
001f
001f
001f
001f
001f
001f
001f
001f
001f
001f
001f
001f
001f
001f
001f
103e
103e
103e
103e
103e
103e
103e
103e
103e
103e
103e
103e
103e
103e
103e
103e
103e
103e
205d
205d
205d
205d
205d
205d
205d
205d
205d
205d
205d
205d
205d
205d
205d
205d
205d
205d
307c
307c
307c
307c
307c
307c
307c
307c
307c
307c
307c
307c
307c
307c
307c
307c
307c
307c
409b
409b
409b
409b
409b
409b
409b
409b
409b
409b
409b
409b
409b
409b
409b
409b
409b
409b
50ba
50ba
50ba
50ba
50ba
50ba
50ba
50ba
50ba
50ba
50ba
50ba
50ba
50ba
50ba
50ba
50ba
50ba
60d9
60d9
60d9
60d9
60d9
60d9
60d9
60d9
60d9
60d9
60d9
60d9
60d9
60d9
60d9
60d9
60d9
60d9
70f8
70f8
70f8
70f8
70f8
70f8
70f8
70f8
70f8
70f8
70f8
70f8
70f8
70f8
70f8
70f8
70f8
70f8
8117
8117
8117
8117
8117
8117
8117
8117
8117
8117
8117
8117
8117
8117
8117
8117
8117
8117
9136
9136
9136
9136
9136
9136
9136
9136
9136
9136
9136
9136
9136
9136
9136
9136
9136
9136
a155
a155
a155
a155
a155
a155
a155
a155
a155
a155
a155
a155
a155
a155
a155
a155
a155
a155
b174
b174
b174
b174
b174
b174
b174
b174
b174
b174
b174
b174
b174
b174
b174
b174
b174
b174
c193
c193
c193
c193
c193
c193
c193
c193
c193
c193
c193
c193
c193
c193
c193
c193
c193
c193
d1b2
d1b2
d1b2
d1b2
d1b2
d1b2
d1b2
d1b2
d1b2
d1b2
d1b2
d1b2
d1b2
d1b2
d1b2
d1b2
d1b2
d1b2
e1d1
e1d1
e1d1
e1d1
e1d1
e1d1
e1d1
e1d1
e1d1
e1d1
e1d1
e1d1
e1d1
e1d1
e1d1
e1d1
e1d1
e1d1
f1f0
f1f0
f1f0
f1f0
f1f0
f1f0
f1f0
f1f0
f1f0
f1f0
f1f0
f1f0
f1f0
f1f0
f1f0
f1f0
f1f0
f1f0
f1f0
001f
001f
001f
001f
001f
001f
001f
001f
001f
001f
001f
001f
001f
001f
001f
001f
001f
103e
103e
103e
103e
103e
103e
103e
103e
103e
103e
103e
103e
103e
103e
103e
103e
103e
103e
205d
205d
205d
205d
205d
205d
205d
205d
205d
205d
205d
205d
205d
205d
205d
205d
205d
205d
307c
307c
307c
307c
307c
307c
307c
307c
307c
307c
307c
307c
307c
307c
307c
307c
307c
307c
409b
409b
409b
409b
409b
409b
409b
409b
409b
409b
409b
409b
409b
409b
409b
409b
409b
409b
50ba
50ba
50ba
50ba
50ba
50ba
50ba
50ba
50ba
50ba
50ba
50ba
50ba
50ba
50ba
50ba
50ba
50ba
60d9
60d9
60d9
60d9
60d9
60d9
60d9
60d9
60d9
60d9
60d9
60d9
60d9
60d9
60d9
60d9
60d9
60d9
70f8
70f8
70f8
70f8
70f8
70f8
70f8
70f8
70f8
70f8
70f8
70f8
70f8
70f8
70f8
70f8
70f8
70f8
8117
8117
8117
8117
8117
8117
8117
8117
8117
8117
8117
8117
8117
8117
8117
8117
8117
8117
9136
9136
9136
9136
9136
9136
9136
9136
9136
9136
9136
9136
9136
9136
9136
9136
9136
9136
a155
a155
a155
a155
a155
a155
a155
a155
a155
a155
a155
a155
a155
a155
a155
a155
a155
a155
b174
b174
b174
b174
b174
b174
b174
b174
b174
b174
b174
b174
b174
b174
b174
b174
b174
b174
c193
c193
c193
c193
c193
c193
c193
c193
c193
c193
c193
c193
c193
c193
c193
c193
c193
c193
d1b2
d1b2
d1b2
d1b2
d1b2
d1b2
d1b2
d1b2
d1b2
d1b2
d1b2
d1b2
d1b2
d1b2
d1b2
d1b2
d1b2
d1b2
e1d1
e1d1
e1d1
e1d1
e1d1
e1d1
e1d1
e1d1
e1d1
e1d1
e1d1
e1d1
e1d1
e1d1
e1d1
e1d1
e1d1
e1d1
f1f0
f1f0
f1f0
f1f0
f1f0
f1f0
f1f0
f1f0
f1f0
f1f0
f1f0
f1f0
f1f0
f1f0
f1f0
f1f0
f1f0
f1f0
f1f0
001f
001f
001f
001f
001f
001f
001f
001f
001f
001f
001f
001f
001f
001f
001f
001f
001f
103e
103e
103e
103e
103e
103e
103e
103e
103e
103e
103e
103e
103e
103e
103e
103e
103e
103e
205d
205d
205d
205d
205d
205d
205d
205d
205d
205d
205d
205d
205d
205d
205d
205d
205d
205d
307c
307c
307c
307c
307c
307c
307c
307c
307c
307c
307c
307c
307c
307c
307c
307c
307c
307c
409b
409b
409b
409b
409b
409b
409b
409b
409b
409b
409b
409b
409b
409b
409b
409b
409b
409b
50ba
50ba
50ba
50ba
50ba
50ba
50ba
50ba
50ba
50ba
50ba
50ba
50ba
50ba
50ba
50ba
50ba
50ba
60d9
60d9
60d9
60d9
60d9
60d9
60d9
60d9
60d9
60d9
60d9
60d9
60d9
60d9
60d9
60d9
60d9
60d9
70f8
70f8
70f8
70f8
70f8
70f8
70f8
70f8
70f8
70f8
70f8
70f8
70f8
70f8
70f8
70f8
70f8
70f8
8117
8117
8117
8117
8117
8117
8117
8117
8117
8117
8117
8117
8117
8117
8117
8117
8117
8117
9136
9136
9136
9136
9136
9136
9136
9136
9136
9136
9136
9136
9136
9136
9136
9136
9136
9136
a155
a155
a155
a155
a155
a155
a155
a155
a155
a155
a155
a155
a155
a155
a155
a155
a155
a155
b174
b174
b174
b174
b174
b174
b174
b174
b174
b174
b174
b174
b174
b174
b174
b174
b174
b174
c193
c193
c193
c193
c193
c193
c193
c193
c193
c193
c193
c193
c193
c193
c193
c193
c193
c193
d1b2
d1b2
d1b2
d1b2
d1b2
d1b2
d1b2
d1b2
d1b2
d1b2
d1b2
d1b2
d1b2
d1b2
d1b2
d1b2
d1b2
d1b2
e1d1
e1d1
e1d1
e1d1
e1d1
e1d1
e1d1
e1d1
e1d1
e1d1
e1d1
e1d1
e1d1
e1d1
e1d1
e1d1
e1d1
e1d1
f1f0
f1f0
f1f0
f1f0
f1f0
f1f0
f1f0
f1f0
f1f0
f1f0
f1f0
f1f0
f1f0
f1f0
f1f0
f1f0
f1f0
f1f0
f1f0
001f
001f
001f
001f
001f
001f
001f
001f
001f
001f
001f
001f
001f
001f
001f
001f
001f
103e
103e
103e
103e
103e
103e
103e
103e
103e
103e
103e
103e
103e
103e
103e
103e
103e
103e
205d
205d
205d
205d
205d
205d
205d
205d
205d
205d
205d
205d
205d
205d
205d
205d
205d
205d
307c
307c
307c
307c
307c
307c
307c
307c
307c
307c
307c
307c
307c
307c
307c
307c
307c
307c
409b
409b
409b
409b
409b
409b
409b
409b
409b
409b
409b
409b
409b
409b
409b
409b
409b
409b
50ba
50ba
50ba
50ba
50ba
50ba
50ba
50ba
50ba
50ba
50ba
50ba
50ba
50ba
50ba
50ba
50ba
50ba
60d9
60d9
60d9
60d9
60d9
60d9
60d9
60d9
60d9
60d9
60d9
60d9
60d9
60d9
60d9
60d9
60d9
60d9
70f8
70f8
70f8
70f8
70f8
70f8
70f8
70f8
70f8
70f8
70f8
70f8
70f8
70f8
70f8
70f8
70f8
70f8
8117
8117
8117
8117
8117
8117
8117
8117
8117
8117
8117
8117
8117
8117
8117
8117
8117
8117
9136
9136
9136
9136
9136
9136
9136
9136
9136
9136
9136
9136
9136
9136
9136
9136
9136
9136
a155
a155
a155
a155
a155
a155
a155
a155
a155
a155
a155
a155
a155
a155
a155
a155
a155
a155
b174
b174
b174
b174
b174
b174
b174
b174
b174
b174
b174
b174
b174
b174
b174
b174
b174
b174
c193
c193
c193
c193
c193
c193
c193
c193
c193
c193
c193
c193
c193
c193
c193
c193
c193
c193
d1b2
d1b2
d1b2
d1b2
d1b2
d1b2
d1b2
d1b2
d1b2
d1b2
d1b2
d1b2
d1b2
d1b2
d1b2
d1b2
d1b2
d1b2
e1d1
e1d1
e1d1
e1d1
e1d1
e1d1
e1d1
e1d1
e1d1
e1d1
e1d1
e1d1
e1d1
e1d1
e1d1
e1d1
e1d1
e1d1
f1f0
f1f0
f1f0
f1f0
f1f0
f1f0
f1f0
f1f0
f1f0
f1f0
f1f0
f1f0
f1f0
f1f0
f1f0
f1f0
f1f0
f1f0
f1f0
001f
001f
001f
001f
001f
001f
001f
001f
001f
001f
001f
001f
001f
001f
001f
001f
001f
103e
103e
103e
103e
103e
103e
103e
103e
103e
103e
103e
103e
103e
103e
103e
103e
103e
103e
205d
205d
205d
205d
205d
205d
205d
205d
205d
205d
205d
205d
205d
205d
205d
205d
205d
205d
307c
307c
307c
307c
307c
307c
307c
307c
307c
307c
307c
307c
307c
307c
307c
307c
307c
307c
409b
409b
409b
409b
409b
409b
409b
409b
409b
409b
409b
409b
409b
409b
409b
409b
409b
409b
50ba
50ba
50ba
50ba
50ba
50ba
50ba
50ba
50ba
50ba
50ba
50ba
50ba
50ba
50ba
50ba
50ba
50ba
60d9
60d9
60d9
60d9
60d9
60d9
60d9
60d9
60d9
60d9
60d9
60d9
60d9
60d9
60d9
60d9
60d9
60d9
70f8
70f8
70f8
70f8
70f8
70f8
70f8
70f8
70f8
70f8
70f8
70f8
70f8
70f8
70f8
70f8
70f8
70f8
8117
8117
8117
8117
8117
8117
8117
8117
8117
8117
8117
8117
8117
8117
8117
8117
8117
8117
9136
9136
9136
9136
9136
9136
9136
9136
9136
9136
9136
9136
9136
9136
9136
9136
9136
9136
a155
a155
a155
a155
a155
a155
a155
a155
a155
a155
a155
a155
a155
a155
a155
a155
a155
a155
b174
b174
b174
b174
b174
b174
b174
b174
b174
b174
b174
b174
b174
b174
b174
b174
b174
b174
c193
c193
c193
c193
c193
c193
c193
c193
c193
c193
c193
c193
c193
c193
c193
c193
c193
c193
d1b2
d1b2
d1b2
d1b2
d1b2
d1b2
d1b2
d1b2
d1b2
d1b2
d1b2
d1b2
d1b2
d1b2
d1b2
d1b2
d1b2
d1b2
e1d1
e1d1
e1d1
e1d1
e1d1
e1d1
e1d1
e1d1
e1d1
e1d1
e1d1
e1d1
e1d1
e1d1
e1d1
e1d1
e1d1
e1d1
f1f0
f1f0
f1f0
f1f0
f1f0
f1f0
f1f0
f1f0
f1f0
f1f0
f1f0
f1f0
f1f0
f1f0
f1f0
f1f0
f1f0
f1f0
f1f0
001f
001f
001f
001f
001f
001f
001f
001f
001f
001f
001f
001f
001f
001f
001f
001f
001f
103e
103e
103e
103e
103e
103e
103e
103e
103e
103e
103e
103e
103e
103e
103e
103e
103e
103e
205d
205d
205d
205d
205d
205d
205d
205d
205d
205d
205d
205d
205d
205d
205d
205d
205d
205d
307c
307c
307c
307c
307c
307c
307c
307c
307c
307c
307c
307c
307c
307c
307c
307c
307c
307c
409b
409b
409b
409b
409b
409b
409b
409b
409b
409b
409b
409b
409b
409b
409b
409b
409b
409b
50ba
50ba
50ba
50ba
50ba
50ba
50ba
50ba
50ba
50ba
50ba
50ba
50ba
50ba
50ba
50ba
50ba
50ba
60d9
60d9
60d9
60d9
60d9
60d9
60d9
60d9
60d9
60d9
60d9
60d9
60d9
60d9
60d9
60d9
60d9
60d9
70f8
70f8
70f8
70f8
70f8
70f8
70f8
70f8
70f8
70f8
70f8
70f8
70f8
70f8
70f8
70f8
70f8
70f8
8117
8117
8117
8117
8117
8117
8117
8117
8117
8117
8117
8117
8117
8117
8117
8117
8117
8117
9136
9136
9136
9136
9136
9136
9136
9136
9136
9136
9136
9136
9136
9136
9136
9136
9136
9136
a155
a155
a155
a155
a155
a155
a155
a155
a155
a155
a155
a155
a155
a155
a155
a155
a155
a155
b174
b174
b174
b174
b174
b174
b174
b174
b174
b174
b174
b174
b174
b174
b174
b174
b174
b174
c193
c193
c193
c193
c193
c193
c193
c193
c193
c193
c193
c193
c193
c193
c193
c193
c193
c193
d1b2
d1b2
d1b2
d1b2
d1b2
d1b2
d1b2
d1b2
d1b2
d1b2
d1b2
d1b2
d1b2
d1b2
d1b2
d1b2
d1b2
d1b2
e1d1
e1d1
e1d1
e1d1
e1d1
e1d1
e1d1
e1d1
e1d1
e1d1
e1d1
e1d1
e1d1
e1d1
e1d1
e1d1
e1d1
e1d1
f1f0
f1f0
f1f0
f1f0
f1f0
f1f0
f1f0
f1f0
f1f0
f1f0
f1f0
f1f0
f1f0
f1f0
f1f0
f1f0
f1f0
f1f0
f1f0
001f
001f
001f
001f
001f
001f
001f
001f
001f
001f
001f
001f
001f
001f
001f
001f
001f
103e
103e
103e
103e
103e
103e
103e
103e
103e
103e
103e
103e
103e
103e
103e
103e
103e
103e
205d
205d
205d
205d
205d
205d
205d
205d
205d
205d
205d
205d
205d
205d
205d
205d
205d
205d
307c
307c
307c
307c
307c
307c
307c
307c
307c
307c
307c
307c
307c
307c
307c
307c
307c
307c
409b
409b
409b
409b
409b
409b
409b
409b
409b
409b
409b
409b
409b
409b
409b
409b
409b
409b
50ba
50ba
50ba
50ba
50ba
50ba
50ba
50ba
50ba
50ba
50ba
50ba
50ba
50ba
50ba
50ba
50ba
50ba
60d9
60d9
60d9
60d9
60d9
60d9
60d9
60d9
60d9
60d9
60d9
60d9
60d9
60d9
60d9
60d9
60d9
60d9
70f8
70f8
70f8
70f8
70f8
70f8
70f8
70f8
70f8
70f8
70f8
70f8
70f8
70f8
70f8
70f8
70f8
70f8
8117
8117
8117
8117
8117
8117
8117
8117
8117
8117
8117
8117
8117
8117
8117
8117
8117
8117
9136
9136
9136
9136
9136
9136
9136
9136
9136
9136
9136
9136
9136
9136
9136
9136
9136
9136
a155
a155
a155
a155
a155
a155
a155
a155
a155
a155
a155
a155
a155
a155
a155
a155
a155
a155
b174
b174
b174
b174
b174
b174
b174
b174
b174
b174
b174
b174
b174
b174
b174
b174
b174
b174
c193
c193
c193
c193
c193
c193
c193
c193
c193
c193
c193
c193
c193
c193
c193
c193
c193
c193
d1b2
d1b2
d1b2
d1b2
d1b2
d1b2
d1b2
d1b2
d1b2
d1b2
d1b2
d1b2
d1b2
d1b2
d1b2
d1b2
d1b2
d1b2
e1d1
e1d1
e1d1
e1d1
e1d1
e1d1
e1d1
e1d1
e1d1
e1d1
e1d1
e1d1
e1d1
e1d1
e1d1
e1d1
e1d1
e1d1
f1f0
f1f0
f1f0
f1f0
f1f0
f1f0
f1f0
f1f0
f1f0
f1f0
f1f0
f1f0
f1f0
f1f0
f1f0
f1f0
f1f0
f1f0
f1f0
001f
001f
001f
001f
001f
001f
001f
001f
001f
001f
001f
001f
001f
001f
001f
001f
001f
103e
103e
103e
103e
103e
103e
103e
103e
103e
103e
103e
103e
103e
103e
103e
103e
103e
103e
205d
205d
205d
205d
205d
205d
205d
205d
205d
205d
205d
205d
205d
205d
205d
205d
205d
205d
307c
307c
307c
307c
307c
307c
307c
307c
307c
307c
307c
307c
307c
307c
307c
307c
307c
307c
409b
409b
409b
409b
409b
409b
409b
409b
409b
409b
409b
409b
409b
409b
409b
409b
409b
409b
50ba
50ba
50ba
50ba
50ba
50ba
50ba
50ba
50ba
50ba
50ba
50ba
50ba
50ba
50ba
50ba
50ba
50ba
60d9
60d9
60d9
60d9
60d9
60d9
60d9
60d9
60d9
60d9
60d9
60d9
60d9
60d9
60d9
60d9
60d9
60d9
70f8
70f8
70f8
70f8
70f8
70f8
70f8
70f8
70f8
70f8
70f8
70f8
70f8
70f8
70f8
70f8
70f8
70f8
8117
8117
8117
8117
8117
8117
8117
8117
8117
8117
8117
8117
8117
8117
8117
8117
8117
8117
9136
9136
9136
9136
9136
9136
9136
9136
9136
9136
9136
9136
9136
9136
9136
9136
9136
9136
a155
a155
a155
a155
a155
a155
a155
a155
a155
a155
a155
a155
a155
a155
a155
a155
a155
a155
b174
b174
b174
b174
b174
b174
b174
b174
b174
b174
b174
b174
b174
b174
b174
b174
b174
b174
c193
c193
c193
c193
c193
c193
c193
c193
c193
c193
c193
c193
c193
c193
c193
c193
c193
c193
d1b2
d1b2
d1b2
d1b2
d1b2
d1b2
d1b2
d1b2
d1b2
d1b2
d1b2
d1b2
d1b2
d1b2
d1b2
d1b2
d1b2
d1b2
e1d1
e1d1
e1d1
e1d1
e1d1
e1d1
e1d1
e1d1
e1d1
e1d1
e1d1
e1d1
e1d1
e1d1
e1d1
e1d1
e1d1
e1d1
f1f0
f1f0
f1f0
f1f0
f1f0
f1f0
f1f0
f1f0
f1f0
f1f0
f1f0
f1f0
f1f0
f1f0
f1f0
f1f0
f1f0
f1f0
f1f0
001f
001f
001f
001f
001f
001f
001f
001f
001f
001f
001f
001f
001f
001f
001f
001f
001f
103e
103e
103e
103e
103e
103e
103e
103e
103e
103e
103e
103e
103e
103e
103e
103e
103e
103e
205d
205d
205d
205d
205d
205d
205d
205d
205d
205d
205d
205d
205d
205d
205d
205d
205d
205d
307c
307c
307c
307c
307c
307c
307c
307c
307c
307c
307c
307c
307c
307c
307c
307c
307c
307c
409b
409b
409b
409b
409b
409b
409b
409b
409b
409b
409b
409b
409b
409b
409b
409b
409b
409b
50ba
50ba
50ba
50ba
50ba
50ba
50ba
50ba
50ba
50ba
50ba
50ba
50ba
50ba
50ba
50ba
50ba
50ba
60d9
60d9
60d9
60d9
60d9
60d9
60d9
60d9
60d9
60d9
60d9
60d9
60d9
60d9
60d9
60d9
60d9
60d9
70f8
70f8
70f8
70f8
70f8
70f8
70f8
70f8
70f8
70f8
70f8
70f8
70f8
70f8
70f8
70f8
70f8
70f8
8117
8117
8117
8117
8117
8117
8117
8117
8117
8117
8117
8117
8117
8117
8117
8117
8117
8117
9136
9136
9136
9136
9136
9136
9136
9136
9136
9136
9136
9136
9136
9136
9136
9136
9136
9136
a155
a155
a155
a155
a155
a155
a155
a155
a155
a155
a155
a155
a155
a155
a155
a155
a155
a155
b174
b174
b174
b174
b174
b174
b174
b174
b174
b174
b174
b174
b174
b174
b174
b174
b174
b174
c193
c193
c193
c193
c193
c193
c193
c193
c193
c193
c193
c193
c193
c193
c193
c193
c193
c193
d1b2
d1b2
d1b2
d1b2
d1b2
d1b2
d1b2
d1b2
d1b2
d1b2
d1b2
d1b2
d1b2
d1b2
d1b2
d1b2
d1b2
d1b2
e1d1
e1d1
e1d1
e1d1
e1d1
e1d1
e1d1
e1d1
e1d1
e1d1
e1d1
e1d1
e1d1
e1d1
e1d1
e1d1
e1d1
e1d1
f1f0
f1f0
f1f0
f1f0
f1f0
f1f0
f1f0
f1f0
f1f0
f1f0
f1f0
f1f0
f1f0
f1f0
f1f0
f1f0
f1f0
f1f0
f1f0
001f
001f
001f
001f
001f
001f
001f
001f
001f
001f
001f
001f
001f
001f
001f
001f
001f
103e
103e
103e
103e
103e
103e
103e
103e
103e
103e
103e
103e
103e
103e
103e
103e
103e
103e
205d
205d
205d
205d
205d
205d
205d
205d
205d
205d
205d
205d
205d
205d
205d
205d
205d
205d
307c
307c
307c
307c
307c
307c
307c
307c
307c
307c
307c
307c
307c
307c
307c
307c
307c
307c
409b
409b
409b
409b
409b
409b
409b
409b
409b
409b
409b
409b
409b
409b
409b
409b
409b
409b
50ba
50ba
50ba
50ba
50ba
50ba
50ba
50ba
50ba
50ba
50ba
50ba
50ba
50ba
50ba
50ba
50ba
50ba
60d9
60d9
60d9
60d9
60d9
60d9
60d9
60d9
60d9
60d9
60d9
60d9
60d9
60d9
60d9
60d9
60d9
60d9
70f8
70f8
70f8
70f8
70f8
70f8
70f8
70f8
70f8
70f8
70f8
70f8
70f8
70f8
70f8
70f8
70f8
70f8
8117
8117
8117
8117
8117
8117
8117
8117
8117
8117
8117
8117
8117
8117
8117
8117
8117
8117
9136
9136
9136
9136
9136
9136
9136
9136
9136
9136
9136
9136
9136
9136
9136
9136
9136
9136
a155
a155
a155
a155
a155
a155
a155
a155
a155
a155
a155
a155
a155
a155
a155
a155
a155
a155
b174
b174
b174
b174
b174
b174
b174
b174
b174
b174
b174
b174
b174
b174
b174
b174
b174
b174
c193
c193
c193
c193
c193
c193
c193
c193
c193
c193
c193
c193
c193
c193
c193
c193
c193
c193
d1b2
d1b2
d1b2
d1b2
d1b2
d1b2
d1b2
d1b2
d1b2
d1b2
d1b2
d1b2
d1b2
d1b2
d1b2
d1b2
d1b2
d1b2
e1d1
e1d1
e1d1
e1d1
e1d1
e1d1
e1d1
e1d1
e1d1
e1d1
e1d1
e1d1
e1d1
e1d1
e1d1
e1d1
e1d1
e1d1
f1f0
f1f0
f1f0
f1f0
f1f0
f1f0
f1f0
f1f0
f1f0
f1f0
f1f0
f1f0
f1f0
f1f0
f1f0
f1f0
f1f0
f1f0
f1f0
001f
001f
001f
001f
001f
001f
001f
001f
001f
001f
001f
001f
001f
001f
001f
001f
001f
103e
103e
103e
103e
103e
103e
103e
103e
103e
103e
103e
103e
103e
103e
103e
103e
103e
103e
205d
205d
205d
205d
205d
205d
205d
205d
205d
205d
205d
205d
205d
205d
205d
205d
205d
205d
307c
307c
307c
307c
307c
307c
307c
307c
307c
307c
307c
307c
307c
307c
307c
307c
307c
307c
409b
409b
409b
409b
409b
409b
409b
409b
409b
409b
409b
409b
409b
409b
409b
409b
409b
409b
50ba
50ba
50ba
50ba
50ba
50ba
50ba
50ba
50ba
50ba
50ba
50ba
50ba
50ba
50ba
50ba
50ba
50ba
60d9
60d9
60d9
60d9
60d9
60d9
60d9
60d9
60d9
60d9
60d9
60d9
60d9
60d9
60d9
60d9
60d9
60d9
70f8
70f8
70f8
70f8
70f8
70f8
70f8
70f8
70f8
70f8
70f8
70f8
70f8
70f8
70f8
70f8
70f8
70f8
8117
8117
8117
8117
8117
8117
8117
8117
8117
8117
8117
8117
8117
8117
8117
8117
8117
8117
9136
9136
9136
9136
9136
9136
9136
9136
9136
9136
9136
9136
9136
9136
9136
9136
9136
9136
a155
a155
a155
a155
a155
a155
a155
a155
a155
a155
a155
a155
a155
a155
a155
a155
a155
a155
b174
b174
b174
b174
b174
b174
b174
b174
b174
b174
b174
b174
b174
b174
b174
b174
b174
b174
c193
c193
c193
c193
c193
c193
c193
c193
c193
c193
c193
c193
c193
c193
c193
c193
c193
c193
d1b2
d1b2
d1b2
d1b2
d1b2
d1b2
d1b2
d1b2
d1b2
d1b2
d1b2
d1b2
d1b2
d1b2
d1b2
d1b2
d1b2
d1b2
e1d1
e1d1
e1d1
e1d1
e1d1
e1d1
e1d1
e1d1
e1d1
e1d1
e1d1
e1d1
e1d1
e1d1
e1d1
e1d1
e1d1
e1d1
f1f0
f1f0
f1f0
f1f0
f1f0
f1f0
f1f0
f1f0
f1f0
f1f0
f1f0
f1f0
f1f0
f1f0
f1f0
f1f0
f1f0
f1f0
f1f0
001f
001f
001f
001f
001f
001f
001f
001f
001f
001f
001f
001f
001f
001f
001f
001f
001f
103e
103e
103e
103e
103e
103e
103e
103e
103e
103e
103e
103e
103e
103e
103e
103e
103e
103e
205d
205d
205d
205d
205d
205d
205d
205d
205d
205d
205d
205d
205d
205d
205d
205d
205d
205d
307c
307c
307c
307c
307c
307c
307c
307c
307c
307c
307c
307c
307c
307c
307c
307c
307c
307c
409b
409b
409b
409b
409b
409b
409b
409b
409b
409b
409b
409b
409b
409b
409b
409b
409b
409b
50ba
50ba
50ba
50ba
50ba
50ba
50ba
50ba
50ba
50ba
50ba
50ba
50ba
50ba
50ba
50ba
50ba
50ba
60d9
60d9
60d9
60d9
60d9
60d9
60d9
60d9
60d9
60d9
60d9
60d9
60d9
60d9
60d9
60d9
60d9
60d9
70f8
70f8
70f8
70f8
70f8
70f8
70f8
70f8
70f8
70f8
70f8
70f8
70f8
70f8
70f8
70f8
70f8
70f8
8117
8117
8117
8117
8117
8117
8117
8117
8117
8117
8117
8117
8117
8117
8117
8117
8117
8117
9136
9136
9136
9136
9136
9136
9136
9136
9136
9136
9136
9136
9136
9136
9136
9136
9136
9136
a155
a155
a155
a155
a155
a155
a155
a155
a155
a155
a155
a155
a155
a155
a155
a155
a155
a155
b174
b174
b174
b174
b174
b174
b174
b174
b174
b174
b174
b174
b174
b174
b174
b174
b174
b174
c193
c193
c193
c193
c193
c193
c193
c193
c193
c193
c193
c193
c193
c193
c193
c193
c193
c193
d1b2
d1b2
d1b2
d1b2
d1b2
d1b2
d1b2
d1b2
d1b2
d1b2
d1b2
d1b2
d1b2
d1b2
d1b2
d1b2
d1b2
d1b2
e1d1
e1d1
e1d1
e1d1
e1d1
e1d1
e1d1
e1d1
e1d1
e1d1
e1d1
e1d1
e1d1
e1d1
e1d1
e1d1
e1d1
e1d1
f1f0
f1f0
f1f0
f1f0
f1f0
f1f0
f1f0
f1f0
f1f0
f1f0
f1f0
f1f0
f1f0
f1f0
f1f0
f1f0
f1f0
f1f0
f1f0
001f
001f
001f
001f
001f
001f
001f
001f
001f
001f
001f
001f
001f
001f
001f
001f
001f
103e
103e
103e
103e
103e
103e
103e
103e
103e
103e
103e
103e
103e
103e
103e
103e
103e
103e
205d
205d
205d
205d
205d
205d
205d
205d
205d
205d
205d
205d
205d
205d
205d
205d
205d
205d
307c
307c
307c
307c
307c
307c
307c
307c
307c
307c
307c
307c
307c
307c
307c
307c
307c
307c
409b
409b
409b
409b
409b
409b
409b
409b
409b
409b
409b
409b
409b
409b
409b
409b
409b
409b
50ba
50ba
50ba
50ba
50ba
50ba
50ba
50ba
50ba
50ba
50ba
50ba
50ba
50ba
50ba
50ba
50ba
50ba
60d9
60d9
60d9
60d9
60d9
60d9
60d9
60d9
60d9
60d9
60d9
60d9
60d9
60d9
60d9
60d9
60d9
60d9
70f8
70f8
70f8
70f8
70f8
70f8
70f8
70f8
70f8
70f8
70f8
70f8
70f8
70f8
70f8
70f8
70f8
70f8
8117
8117
8117
8117
8117
8117
8117
8117
8117
8117
8117
8117
8117
8117
8117
8117
8117
8117
9136
9136
9136
9136
9136
9136
9136
9136
9136
9136
9136
9136
9136
9136
9136
9136
9136
9136
a155
a155
a155
a155
a155
a155
a155
a155
a155
a155
a155
a155
a155
a155
a155
a155
a155
a155
b174
b174
b174
b174
b174
b174
b174
b174
b174
b174
b174
b174
b174
b174
b174
b174
b174
b174
c193
c193
c193
c193
c193
c193
c193
c193
c193
c193
c193
c193
c193
c193
c193
c193
c193
c193
d1b2
d1b2
d1b2
d1b2
d1b2
d1b2
d1b2
d1b2
d1b2
d1b2
d1b2
d1b2
d1b2
d1b2
d1b2
d1b2
d1b2
d1b2
e1d1
e1d1
e1d1
e1d1
e1d1
e1d1
e1d1
e1d1
e1d1
e1d1
e1d1
e1d1
e1d1
e1d1
e1d1
e1d1
e1d1
e1d1
f1f0
f1f0
f1f0
f1f0
f1f0
f1f0
f1f0
f1f0
f1f0
f1f0
f1f0
f1f0
f1f0
f1f0
f1f0
f1f0
f1f0
f1f0
f1f0
009e
009e
009e
009e
009e
009e
009e
009e
009e
009e
009e
009e
009e
009e
009e
009e
009e
10bd
10bd
10bd
10bd
10bd
10bd
10bd
10bd
10bd
10bd
10bd
10bd
10bd
10bd
10bd
10bd
10bd
10bd
20dc
20dc
20dc
20dc
20dc
20dc
20dc
20dc
20dc
20dc
20dc
20dc
20dc
20dc
20dc
20dc
20dc
20dc
30fb
30fb
30fb
30fb
30fb
30fb
30fb
30fb
30fb
30fb
30fb
30fb
30fb
30fb
30fb
30fb
30fb
30fb
411a
411a
411a
411a
411a
411a
411a
411a
411a
411a
411a
411a
411a
411a
411a
411a
411a
411a
5139
5139
5139
5139
5139
5139
5139
5139
5139
5139
5139
5139
5139
5139
5139
5139
5139
5139
6158
6158
6158
6158
6158
6158
6158
6158
6158
6158
6158
6158
6158
6158
6158
6158
6158
6158
7177
7177
7177
7177
7177
7177
7177
7177
7177
7177
7177
7177
7177
7177
7177
7177
7177
7177
8196
8196
8196
8196
8196
8196
8196
8196
8196
8196
8196
8196
8196
8196
8196
8196
8196
8196
91b5
91b5
91b5
91b5
91b5
91b5
91b5
91b5
91b5
91b5
91b5
91b5
91b5
91b5
91b5
91b5
91b5
91b5
a1d4
a1d4
a1d4
a1d4
a1d4
a1d4
a1d4
a1d4
a1d4
a1d4
a1d4
a1d4
a1d4
a1d4
a1d4
a1d4
a1d4
a1d4
b1f3
b1f3
b1f3
b1f3
b1f3
b1f3
b1f3
b1f3
b1f3
b1f3
b1f3
b1f3
b1f3
b1f3
b1f3
b1f3
b1f3
b1f3
c212
c212
c212
c212
c212
c212
c212
c212
c212
c212
c212
c212
c212
c212
c212
c212
c212
c212
d231
d231
d231
d231
d231
d231
d231
d231
d231
d231
d231
d231
d231
d231
d231
d231
d231
d231
e250
e250
e250
e250
e250
e250
e250
e250
e250
e250
e250
e250
e250
e250
e250
e250
e250
e250
f26f
f26f
f26f
f26f
f26f
f26f
f26f
f26f
f26f
f26f
f26f
f26f
f26f
f26f
f26f
f26f
f26f
f26f
f26f
009e
009e
009e
009e
009e
009e
009e
009e
009e
009e
009e
009e
009e
009e
009e
009e
009e
10bd
10bd
10bd
10bd
10bd
10bd
10bd
10bd
10bd
10bd
10bd
10bd
10bd
10bd
10bd
10bd
10bd
10bd
20dc
20dc
20dc
20dc
20dc
20dc
20dc
20dc
20dc
20dc
20dc
20dc
20dc
20dc
20dc
20dc
20dc
20dc
30fb
30fb
30fb
30fb
30fb
30fb
30fb
30fb
30fb
30fb
30fb
30fb
30fb
30fb
30fb
30fb
30fb
30fb
411a
411a
411a
411a
411a
411a
411a
411a
411a
411a
411a
411a
411a
411a
411a
411a
411a
411a
5139
5139
5139
5139
5139
5139
5139
5139
5139
5139
5139
5139
5139
5139
5139
5139
5139
5139
6158
6158
6158
6158
6158
6158
6158
6158
6158
6158
6158
6158
6158
6158
6158
6158
6158
6158
7177
7177
7177
7177
7177
7177
7177
7177
7177
7177
7177
7177
7177
7177
7177
7177
7177
7177
8196
8196
8196
8196
8196
8196
8196
8196
8196
8196
8196
8196
8196
8196
8196
8196
8196
8196
91b5
91b5
91b5
91b5
91b5
91b5
91b5
91b5
91b5
91b5
91b5
91b5
91b5
91b5
91b5
91b5
91b5
91b5
a1d4
a1d4
a1d4
a1d4
a1d4
a1d4
a1d4
a1d4
a1d4
a1d4
a1d4
a1d4
a1d4
a1d4
a1d4
a1d4
a1d4
a1d4
b1f3
b1f3
b1f3
b1f3
b1f3
b1f3
b1f3
b1f3
b1f3
b1f3
b1f3
b1f3
b1f3
b1f3
b1f3
b1f3
b1f3
b1f3
c212
c212
c212
c212
c212
c212
c212
c212
c212
c212
c212
c212
c212
c212
c212
c212
c212
c212
d231
d231
d231
d231
d231
d231
d231
d231
d231
d231
d231
d231
d231
d231
d231
d231
d231
d231
e250
e250
e250
e250
e250
e250
e250
e250
e250
e250
e250
e250
e250
e250
e250
e250
e250
e250
f26f
f26f
f26f
f26f
f26f
f26f
f26f
f26f
f26f
f26f
f26f
f26f
f26f
f26f
f26f
f26f
f26f
f26f
f26f
009e
009e
009e
009e
009e
009e
009e
009e
009e
009e
009e
009e
009e
009e
009e
009e
009e
10bd
10bd
10bd
10bd
10bd
10bd
10bd
10bd
10bd
10bd
10bd
10bd
10bd
10bd
10bd
10bd
10bd
10bd
20dc
20dc
20dc
20dc
20dc
20dc
20dc
20dc
20dc
20dc
20dc
20dc
20dc
20dc
20dc
20dc
20dc
20dc
30fb
30fb
30fb
30fb
30fb
30fb
30fb
30fb
30fb
30fb
30fb
30fb
30fb
30fb
30fb
30fb
30fb
30fb
411a
411a
411a
411a
411a
411a
411a
411a
411a
411a
411a
411a
411a
411a
411a
411a
411a
411a
5139
5139
5139
5139
5139
5139
5139
5139
5139
5139
5139
5139
5139
5139
5139
5139
5139
5139
6158
6158
6158
6158
6158
6158
6158
6158
6158
6158
6158
6158
6158
6158
6158
6158
6158
6158
7177
7177
7177
7177
7177
7177
7177
7177
7177
7177
7177
7177
7177
7177
7177
7177
7177
7177
8196
8196
8196
8196
8196
8196
8196
8196
8196
8196
8196
8196
8196
8196
8196
8196
8196
8196
91b5
91b5
91b5
91b5
91b5
91b5
91b5
91b5
91b5
91b5
91b5
91b5
91b5
91b5
91b5
91b5
91b5
91b5
a1d4
a1d4
a1d4
a1d4
a1d4
a1d4
a1d4
a1d4
a1d4
a1d4
a1d4
a1d4
a1d4
a1d4
a1d4
a1d4
a1d4
a1d4
b1f3
b1f3
b1f3
b1f3
b1f3
b1f3
b1f3
b1f3
b1f3
b1f3
b1f3
b1f3
b1f3
b1f3
b1f3
b1f3
b1f3
b1f3
c212
c212
c212
c212
c212
c212
c212
c212
c212
c212
c212
c212
c212
c212
c212
c212
c212
c212
d231
d231
d231
d231
d231
d231
d231
d231
d231
d231
d231
d231
d231
d231
d231
d231
d231
d231
e250
e250
e250
e250
e250
e250
e250
e250
e250
e250
e250
e250
e250
e250
e250
e250
e250
e250
f26f
f26f
f26f
f26f
f26f
f26f
f26f
f26f
f26f
f26f
f26f
f26f
f26f
f26f
f26f
f26f
f26f
f26f
f26f
009e
009e
009e
009e
009e
009e
009e
009e
009e
009e
009e
009e
009e
009e
009e
009e
009e
10bd
10bd
10bd
10bd
10bd
10bd
10bd
10bd
10bd
10bd
10bd
10bd
10bd
10bd
10bd
10bd
10bd
10bd
20dc
20dc
20dc
20dc
20dc
20dc
20dc
20dc
20dc
20dc
20dc
20dc
20dc
20dc
20dc
20dc
20dc
20dc
30fb
30fb
30fb
30fb
30fb
30fb
30fb
30fb
30fb
30fb
30fb
30fb
30fb
30fb
30fb
30fb
30fb
30fb
411a
411a
411a
411a
411a
411a
411a
411a
411a
411a
411a
411a
411a
411a
411a
411a
411a
411a
5139
5139
5139
5139
5139
5139
5139
5139
5139
5139
5139
5139
5139
5139
5139
5139
5139
5139
6158
6158
6158
6158
6158
6158
6158
6158
6158
6158
6158
6158
6158
6158
6158
6158
6158
6158
7177
7177
7177
7177
7177
7177
7177
7177
7177
7177
7177
7177
7177
7177
7177
7177
7177
7177
8196
8196
8196
8196
8196
8196
8196
8196
8196
8196
8196
8196
8196
8196
8196
8196
8196
8196
91b5
91b5
91b5
91b5
91b5
91b5
91b5
91b5
91b5
91b5
91b5
91b5
91b5
91b5
91b5
91b5
91b5
91b5
a1d4
a1d4
a1d4
a1d4
a1d4
a1d4
a1d4
a1d4
a1d4
a1d4
a1d4
a1d4
a1d4
a1d4
a1d4
a1d4
a1d4
a1d4
b1f3
b1f3
b1f3
b1f3
b1f3
b1f3
b1f3
b1f3
b1f3
b1f3
b1f3
b1f3
b1f3
b1f3
b1f3
b1f3
b1f3
b1f3
c212
c212
c212
c212
c212
c212
c212
c212
c212
c212
c212
c212
c212
c212
c212
c212
c212
c212
d231
d231
d231
d231
d231
d231
d231
d231
d231
d231
d231
d231
d231
d231
d231
d231
d231
d231
e250
e250
e250
e250
e250
e250
e250
e250
e250
e250
e250
e250
e250
e250
e250
e250
e250
e250
f26f
f26f
f26f
f26f
f26f
f26f
f26f
f26f
f26f
f26f
f26f
f26f
f26f
f26f
f26f
f26f
f26f
f26f
f26f
009e
009e
009e
009e
009e
009e
009e
009e
009e
009e
009e
009e
009e
009e
009e
009e
009e
10bd
10bd
10bd
10bd
10bd
10bd
10bd
10bd
10bd
10bd
10bd
10bd
10bd
10bd
10bd
10bd
10bd
10bd
20dc
20dc
20dc
20dc
20dc
20dc
20dc
20dc
20dc
20dc
20dc
20dc
20dc
20dc
20dc
20dc
20dc
20dc
30fb
30fb
30fb
30fb
30fb
30fb
30fb
30fb
30fb
30fb
30fb
30fb
30fb
30fb
30fb
30fb
30fb
30fb
411a
411a
411a
411a
411a
411a
411a
411a
411a
411a
411a
411a
411a
411a
411a
411a
411a
411a
5139
5139
5139
5139
5139
5139
5139
5139
5139
5139
5139
5139
5139
5139
5139
5139
5139
5139
6158
6158
6158
6158
6158
6158
6158
6158
6158
6158
6158
6158
6158
6158
6158
6158
6158
6158
7177
7177
7177
7177
7177
7177
7177
7177
7177
7177
7177
7177
7177
7177
7177
7177
7177
7177
8196
8196
8196
8196
8196
8196
8196
8196
8196
8196
8196
8196
8196
8196
8196
8196
8196
8196
91b5
91b5
91b5
91b5
91b5
91b5
91b5
91b5
91b5
91b5
91b5
91b5
91b5
91b5
91b5
91b5
91b5
91b5
a1d4
a1d4
a1d4
a1d4
a1d4
a1d4
a1d4
a1d4
a1d4
a1d4
a1d4
a1d4
a1d4
a1d4
a1d4
a1d4
a1d4
a1d4
b1f3
b1f3
b1f3
b1f3
b1f3
b1f3
b1f3
b1f3
b1f3
b1f3
b1f3
b1f3
b1f3
b1f3
b1f3
b1f3
b1f3
b1f3
c212
c212
c212
c212
c212
c212
c212
c212
c212
c212
c212
c212
c212
c212
c212
c212
c212
c212
d231
d231
d231
d231
d231
d231
d231
d231
d231
d231
d231
d231
d231
d231
d231
d231
d231
d231
e250
e250
e250
e250
e250
e250
e250
e250
e250
e250
e250
e250
e250
e250
e250
e250
e250
e250
f26f
f26f
f26f
f26f
f26f
f26f
f26f
f26f
f26f
f26f
f26f
f26f
f26f
f26f
f26f
f26f
f26f
f26f
f26f
009e
009e
009e
009e
009e
009e
009e
009e
009e
009e
009e
009e
009e
009e
009e
009e
009e
10bd
10bd
10bd
10bd
10bd
10bd
10bd
10bd
10bd
10bd
10bd
10bd
10bd
10bd
10bd
10bd
10bd
10bd
20dc
20dc
20dc
20dc
20dc
20dc
20dc
20dc
20dc
20dc
20dc
20dc
20dc
20dc
20dc
20dc
20dc
20dc
30fb
30fb
30fb
30fb
30fb
30fb
30fb
30fb
30fb
30fb
30fb
30fb
30fb
30fb
30fb
30fb
30fb
30fb
411a
411a
411a
411a
411a
411a
411a
411a
411a
411a
411a
411a
411a
411a
411a
411a
411a
411a
5139
5139
5139
5139
5139
5139
5139
5139
5139
5139
5139
5139
5139
5139
5139
5139
5139
5139
6158
6158
6158
6158
6158
6158
6158
6158
6158
6158
6158
6158
6158
6158
6158
6158
6158
6158
7177
7177
7177
7177
7177
7177
7177
7177
7177
7177
7177
7177
7177
7177
7177
7177
7177
7177
8196
8196
8196
8196
8196
8196
8196
8196
8196
8196
8196
8196
8196
8196
8196
8196
8196
8196
91b5
91b5
91b5
91b5
91b5
91b5
91b5
91b5
91b5
91b5
91b5
91b5
91b5
91b5
91b5
91b5
91b5
91b5
a1d4
a1d4
a1d4
a1d4
a1d4
a1d4
a1d4
a1d4
a1d4
a1d4
a1d4
a1d4
a1d4
a1d4
a1d4
a1d4
a1d4
a1d4
b1f3
b1f3
b1f3
b1f3
b1f3
b1f3
b1f3
b1f3
b1f3
b1f3
b1f3
b1f3
b1f3
b1f3
b1f3
b1f3
b1f3
b1f3
c212
c212
c212
c212
c212
c212
c212
c212
c212
c212
c212
c212
c212
c212
c212
c212
c212
c212
d231
d231
d231
d231
d231
d231
d231
d231
d231
d231
d231
d231
d231
d231
d231
d231
d231
d231
e250
e250
e250
e250
e250
e250
e250
e250
e250
e250
e250
e250
e250
e250
e250
e250
e250
e250
f26f
f26f
f26f
f26f
f26f
f26f
f26f
f26f
f26f
f26f
f26f
f26f
f26f
f26f
f26f
f26f
f26f
f26f
f26f
009e
009e
009e
009e
009e
009e
009e
009e
009e
009e
009e
009e
009e
009e
009e
009e
009e
10bd
10bd
10bd
10bd
10bd
10bd
10bd
10bd
10bd
10bd
10bd
10bd
10bd
10bd
10bd
10bd
10bd
10bd
20dc
20dc
20dc
20dc
20dc
20dc
20dc
20dc
20dc
20dc
20dc
20dc
20dc
20dc
20dc
20dc
20dc
20dc
30fb
30fb
30fb
30fb
30fb
30fb
30fb
30fb
30fb
30fb
30fb
30fb
30fb
30fb
30fb
30fb
30fb
30fb
411a
411a
411a
411a
411a
411a
411a
411a
411a
411a
411a
411a
411a
411a
411a
411a
411a
411a
5139
5139
5139
5139
5139
5139
5139
5139
5139
5139
5139
5139
5139
5139
5139
5139
5139
5139
6158
6158
6158
6158
6158
6158
6158
6158
6158
6158
6158
6158
6158
6158
6158
6158
6158
6158
7177
7177
7177
7177
7177
7177
7177
7177
7177
7177
7177
7177
7177
7177
7177
7177
7177
7177
8196
8196
8196
8196
8196
8196
8196
8196
8196
8196
8196
8196
8196
8196
8196
8196
8196
8196
91b5
91b5
91b5
91b5
91b5
91b5
91b5
91b5
91b5
91b5
91b5
91b5
91b5
91b5
91b5
91b5
91b5
91b5
a1d4
a1d4
a1d4
a1d4
a1d4
a1d4
a1d4
a1d4
a1d4
a1d4
a1d4
a1d4
a1d4
a1d4
a1d4
a1d4
a1d4
a1d4
b1f3
b1f3
b1f3
b1f3
b1f3
b1f3
b1f3
b1f3
b1f3
b1f3
b1f3
b1f3
b1f3
b1f3
b1f3
b1f3
b1f3
b1f3
c212
c212
c212
c212
c212
c212
c212
c212
c212
c212
c212
c212
c212
c212
c212
c212
c212
c212
d231
d231
d231
d231
d231
d231
d231
d231
d231
d231
d231
d231
d231
d231
d231
d231
d231
d231
e250
e250
e250
e250
e250
e250
e250
e250
e250
e250
e250
e250
e250
e250
e250
e250
e250
e250
f26f
f26f
f26f
f26f
f26f
f26f
f26f
f26f
f26f
f26f
f26f
f26f
f26f
f26f
f26f
f26f
f26f
f26f
f26f
009e
009e
009e
009e
009e
009e
009e
009e
009e
009e
009e
009e
009e
009e
009e
009e
009e
10bd
10bd
10bd
10bd
10bd
10bd
10bd
10bd
10bd
10bd
10bd
10bd
10bd
10bd
10bd
10bd
10bd
10bd
20dc
20dc
20dc
20dc
20dc
20dc
20dc
20dc
20dc
20dc
20dc
20dc
20dc
20dc
20dc
20dc
20dc
20dc
30fb
30fb
30fb
30fb
30fb
30fb
30fb
30fb
30fb
30fb
30fb
30fb
30fb
30fb
30fb
30fb
30fb
30fb
411a
411a
411a
411a
411a
411a
411a
411a
411a
411a
411a
411a
411a
411a
411a
411a
411a
411a
5139
5139
5139
5139
5139
5139
5139
5139
5139
5139
5139
5139
5139
5139
5139
5139
5139
5139
6158
6158
6158
6158
6158
6158
6158
6158
6158
6158
6158
6158
6158
6158
6158
6158
6158
6158
7177
7177
7177
7177
7177
7177
7177
7177
7177
7177
7177
7177
7177
7177
7177
7177
7177
7177
8196
8196
8196
8196
8196
8196
8196
8196
8196
8196
8196
8196
8196
8196
8196
8196
8196
8196
91b5
91b5
91b5
91b5
91b5
91b5
91b5
91b5
91b5
91b5
91b5
91b5
91b5
91b5
91b5
91b5
91b5
91b5
a1d4
a1d4
a1d4
a1d4
a1d4
a1d4
a1d4
a1d4
a1d4
a1d4
a1d4
a1d4
a1d4
a1d4
a1d4
a1d4
a1d4
a1d4
b1f3
b1f3
b1f3
b1f3
b1f3
b1f3
b1f3
b1f3
b1f3
b1f3
b1f3
b1f3
b1f3
b1f3
b1f3
b1f3
b1f3
b1f3
c212
c212
c212
c212
c212
c212
c212
c212
c212
c212
c212
c212
c212
c212
c212
c212
c212
c212
d231
d231
d231
d231
d231
d231
d231
d231
d231
d231
d231
d231
d231
d231
d231
d231
d231
d231
e250
e250
e250
e250
e250
e250
e250
e250
e250
e250
e250
e250
e250
e250
e250
e250
e250
e250
f26f
f26f
f26f
f26f
f26f
f26f
f26f
f26f
f26f
f26f
f26f
f26f
f26f
f26f
f26f
f26f
f26f
f26f
f26f
009e
009e
009e
009e
009e
009e
009e
009e
009e
009e
009e
009e
009e
009e
009e
009e
009e
10bd
10bd
10bd
10bd
10bd
10bd
10bd
10bd
10bd
10bd
10bd
10bd
10bd
10bd
10bd
10bd
10bd
10bd
20dc
20dc
20dc
20dc
20dc
20dc
20dc
20dc
20dc
20dc
20dc
20dc
20dc
20dc
20dc
20dc
20dc
20dc
30fb
30fb
30fb
30fb
30fb
30fb
30fb
30fb
30fb
30fb
30fb
30fb
30fb
30fb
30fb
30fb
30fb
30fb
411a
411a
411a
411a
411a
411a
411a
411a
411a
411a
411a
411a
411a
411a
411a
411a
411a
411a
5139
5139
5139
5139
5139
5139
5139
5139
5139
5139
5139
5139
5139
5139
5139
5139
5139
5139
6158
6158
6158
6158
6158
6158
6158
6158
6158
6158
6158
6158
6158
6158
6158
6158
6158
6158
7177
7177
7177
7177
7177
7177
7177
7177
7177
7177
7177
7177
7177
7177
7177
7177
7177
7177
8196
8196
8196
8196
8196
8196
8196
8196
8196
8196
8196
8196
8196
8196
8196
8196
8196
8196
91b5
91b5
91b5
91b5
91b5
91b5
91b5
91b5
91b5
91b5
91b5
91b5
91b5
91b5
91b5
91b5
91b5
91b5
a1d4
a1d4
a1d4
a1d4
a1d4
a1d4
a1d4
a1d4
a1d4
a1d4
a1d4
a1d4
a1d4
a1d4
a1d4
a1d4
a1d4
a1d4
b1f3
b1f3
b1f3
b1f3
b1f3
b1f3
b1f3
b1f3
b1f3
b1f3
b1f3
b1f3
b1f3
b1f3
b1f3
b1f3
b1f3
b1f3
c212
c212
c212
c212
c212
c212
c212
c212
c212
c212
c212
c212
c212
c212
c212
c212
c212
c212
d231
d231
d231
d231
d231
d231
d231
d231
d231
d231
d231
d231
d231
d231
d231
d231
d231
d231
e250
e250
e250
e250
e250
e250
e250
e250
e250
e250
e250
e250
e250
e250
e250
e250
e250
e250
f26f
f26f
f26f
f26f
f26f
f26f
f26f
f26f
f26f
f26f
f26f
f26f
f26f
f26f
f26f
f26f
f26f
f26f
f26f
009e
009e
009e
009e
009e
009e
009e
009e
009e
009e
009e
009e
009e
009e
009e
009e
009e
10bd
10bd
10bd
10bd
10bd
10bd
10bd
10bd
10bd
10bd
10bd
10bd
10bd
10bd
10bd
10bd
10bd
10bd
20dc
20dc
20dc
20dc
20dc
20dc
20dc
20dc
20dc
20dc
20dc
20dc
20dc
20dc
20dc
20dc
20dc
20dc
30fb
30fb
30fb
30fb
30fb
30fb
30fb
30fb
30fb
30fb
30fb
30fb
30fb
30fb
30fb
30fb
30fb
30fb
411a
411a
411a
411a
411a
411a
411a
411a
411a
411a
411a
411a
411a
411a
411a
411a
411a
411a
5139
5139
5139
5139
5139
5139
5139
5139
5139
5139
5139
5139
5139
5139
5139
5139
5139
5139
6158
6158
6158
6158
6158
6158
6158
6158
6158
6158
6158
6158
6158
6158
6158
6158
6158
6158
7177
7177
7177
7177
7177
7177
7177
7177
7177
7177
7177
7177
7177
7177
7177
7177
7177
7177
8196
8196
8196
8196
8196
8196
8196
8196
8196
8196
8196
8196
8196
8196
8196
8196
8196
8196
91b5
91b5
91b5
91b5
91b5
91b5
91b5
91b5
91b5
91b5
91b5
91b5
91b5
91b5
91b5
91b5
91b5
91b5
a1d4
a1d4
a1d4
a1d4
a1d4
a1d4
a1d4
a1d4
a1d4
a1d4
a1d4
a1d4
a1d4
a1d4
a1d4
a1d4
a1d4
a1d4
b1f3
b1f3
b1f3
b1f3
b1f3
b1f3
b1f3
b1f3
b1f3
b1f3
b1f3
b1f3
b1f3
b1f3
b1f3
b1f3
b1f3
b1f3
c212
c212
c212
c212
c212
c212
c212
c212
c212
c212
c212
c212
c212
c212
c212
c212
c212
c212
d231
d231
d231
d231
d231
d231
d231
d231
d231
d231
d231
d231
d231
d231
d231
d231
d231
d231
e250
e250
e250
e250
e250
e250
e250
e250
e250
e250
e250
e250
e250
e250
e250
e250
e250
e250
f26f
f26f
f26f
f26f
f26f
f26f
f26f
f26f
f26f
f26f
f26f
f26f
f26f
f26f
f26f
f26f
f26f
f26f
f26f
009e
009e
009e
009e
009e
009e
009e
009e
009e
009e
009e
009e
009e
009e
009e
009e
009e
10bd
10bd
10bd
10bd
10bd
10bd
10bd
10bd
10bd
10bd
10bd
10bd
10bd
10bd
10bd
10bd
10bd
10bd
20dc
20dc
20dc
20dc
20dc
20dc
20dc
20dc
20dc
20dc
20dc
20dc
20dc
20dc
20dc
20dc
20dc
20dc
30fb
30fb
30fb
30fb
30fb
30fb
30fb
30fb
30fb
30fb
30fb
30fb
30fb
30fb
30fb
30fb
30fb
30fb
411a
411a
411a
411a
411a
411a
411a
411a
411a
411a
411a
411a
411a
411a
411a
411a
411a
411a
5139
5139
5139
5139
5139
5139
5139
5139
5139
5139
5139
5139
5139
5139
5139
5139
5139
5139
6158
6158
6158
6158
6158
6158
6158
6158
6158
6158
6158
6158
6158
6158
6158
6158
6158
6158
7177
7177
7177
7177
7177
7177
7177
7177
7177
7177
7177
7177
7177
7177
7177
7177
7177
7177
8196
8196
8196
8196
8196
8196
8196
8196
8196
8196
8196
8196
8196
8196
8196
8196
8196
8196
91b5
91b5
91b5
91b5
91b5
91b5
91b5
91b5
91b5
91b5
91b5
91b5
91b5
91b5
91b5
91b5
91b5
91b5
a1d4
a1d4
a1d4
a1d4
a1d4
a1d4
a1d4
a1d4
a1d4
a1d4
a1d4
a1d4
a1d4
a1d4
a1d4
a1d4
a1d4
a1d4
b1f3
b1f3
b1f3
b1f3
b1f3
b1f3
b1f3
b1f3
b1f3
b1f3
b1f3
b1f3
b1f3
b1f3
b1f3
b1f3
b1f3
b1f3
c212
c212
c212
c212
c212
c212
c212
c212
c212
c212
c212
c212
c212
c212
c212
c212
c212
c212
d231
d231
d231
d231
d231
d231
d231
d231
d231
d231
d231
d231
d231
d231
d231
d231
d231
d231
e250
e250
e250
e250
e250
e250
e250
e250
e250
e250
e250
e250
e250
e250
e250
e250
e250
e250
f26f
f26f
f26f
f26f
f26f
f26f
f26f
f26f
f26f
f26f
f26f
f26f
f26f
f26f
f26f
f26f
f26f
f26f
f26f
009e
009e
009e
009e
009e
009e
009e
009e
009e
009e
009e
009e
009e
009e
009e
009e
009e
10bd
10bd
10bd
10bd
10bd
10bd
10bd
10bd
10bd
10bd
10bd
10bd
10bd
10bd
10bd
10bd
10bd
10bd
20dc
20dc
20dc
20dc
20dc
20dc
20dc
20dc
20dc
20dc
20dc
20dc
20dc
20dc
20dc
20dc
20dc
20dc
30fb
30fb
30fb
30fb
30fb
30fb
30fb
30fb
30fb
30fb
30fb
30fb
30fb
30fb
30fb
30fb
30fb
30fb
411a
411a
411a
411a
411a
411a
411a
411a
411a
411a
411a
411a
411a
411a
411a
411a
411a
411a
5139
5139
5139
5139
5139
5139
5139
5139
5139
5139
5139
5139
5139
5139
5139
5139
5139
5139
6158
6158
6158
6158
6158
6158
6158
6158
6158
6158
6158
6158
6158
6158
6158
6158
6158
6158
7177
7177
7177
7177
7177
7177
7177
7177
7177
7177
7177
7177
7177
7177
7177
7177
7177
7177
8196
8196
8196
8196
8196
8196
8196
8196
8196
8196
8196
8196
8196
8196
8196
8196
8196
8196
91b5
91b5
91b5
91b5
91b5
91b5
91b5
91b5
91b5
91b5
91b5
91b5
91b5
91b5
91b5
91b5
91b5
91b5
a1d4
a1d4
a1d4
a1d4
a1d4
a1d4
a1d4
a1d4
a1d4
a1d4
a1d4
a1d4
a1d4
a1d4
a1d4
a1d4
a1d4
a1d4
b1f3
b1f3
b1f3
b1f3
b1f3
b1f3
b1f3
b1f3
b1f3
b1f3
b1f3
b1f3
b1f3
b1f3
b1f3
b1f3
b1f3
b1f3
c212
c212
c212
c212
c212
c212
c212
c212
c212
c212
c212
c212
c212
c212
c212
c212
c212
c212
d231
d231
d231
d231
d231
d231
d231
d231
d231
d231
d231
d231
d231
d231
d231
d231
d231
d231
e250
e250
e250
e250
e250
e250
e250
e250
e250
e250
e250
e250
e250
e250
e250
e250
e250
e250
f26f
f26f
f26f
f26f
f26f
f26f
f26f
f26f
f26f
f26f
f26f
f26f
f26f
f26f
f26f
f26f
f26f
f26f
f26f
009e
009e
009e
009e
009e
009e
009e
009e
009e
009e
009e
009e
009e
009e
009e
009e
009e
10bd
10bd
10bd
10bd
10bd
10bd
10bd
10bd
10bd
10bd
10bd
10bd
10bd
10bd
10bd
10bd
10bd
10bd
20dc
20dc
20dc
20dc
20dc
20dc
20dc
20dc
20dc
20dc
20dc
20dc
20dc
20dc
20dc
20dc
20dc
20dc
30fb
30fb
30fb
30fb
30fb
30fb
30fb
30fb
30fb
30fb
30fb
30fb
30fb
30fb
30fb
30fb
30fb
30fb
411a
411a
411a
411a
411a
411a
411a
411a
411a
411a
411a
411a
411a
411a
411a
411a
411a
411a
5139
5139
5139
5139
5139
5139
5139
5139
5139
5139
5139
5139
5139
5139
5139
5139
5139
5139
6158
6158
6158
6158
6158
6158
6158
6158
6158
6158
6158
6158
6158
6158
6158
6158
6158
6158
7177
7177
7177
7177
7177
7177
7177
7177
7177
7177
7177
7177
7177
7177
7177
7177
7177
7177
8196
8196
8196
8196
8196
8196
8196
8196
8196
8196
8196
8196
8196
8196
8196
8196
8196
8196
91b5
91b5
91b5
91b5
91b5
91b5
91b5
91b5
91b5
91b5
91b5
91b5
91b5
91b5
91b5
91b5
91b5
91b5
a1d4
a1d4
a1d4
a1d4
a1d4
a1d4
a1d4
a1d4
a1d4
a1d4
a1d4
a1d4
a1d4
a1d4
a1d4
a1d4
a1d4
a1d4
b1f3
b1f3
b1f3
b1f3
b1f3
b1f3
b1f3
b1f3
b1f3
b1f3
b1f3
b1f3
b1f3
b1f3
b1f3
b1f3
b1f3
b1f3
c212
c212
c212
c212
c212
c212
c212
c212
c212
c212
c212
c212
c212
c212
c212
c212
c212
c212
d231
d231
d231
d231
d231
d231
d231
d231
d231
d231
d231
d231
d231
d231
d231
d231
d231
d231
e250
e250
e250
e250
e250
e250
e250
e250
e250
e250
e250
e250
e250
e250
e250
e250
e250
e250
f26f
f26f
f26f
f26f
f26f
f26f
f26f
f26f
f26f
f26f
f26f
f26f
f26f
f26f
f26f
f26f
f26f
f26f
f26f
009e
009e
009e
009e
009e
009e
009e
009e
009e
009e
009e
009e
009e
009e
009e
009e
009e
10bd
10bd
10bd
10bd
10bd
10bd
10bd
10bd
10bd
10bd
10bd
10bd
10bd
10bd
10bd
10bd
10bd
10bd
20dc
20dc
20dc
20dc
20dc
20dc
20dc
20dc
20dc
20dc
20dc
20dc
20dc
20dc
20dc
20dc
20dc
20dc
30fb
30fb
30fb
30fb
30fb
30fb
30fb
30fb
30fb
30fb
30fb
30fb
30fb
30fb
30fb
30fb
30fb
30fb
411a
411a
411a
411a
411a
411a
411a
411a
411a
411a
411a
411a
411a
411a
411a
411a
411a
411a
5139
5139
5139
5139
5139
5139
5139
5139
5139
5139
5139
5139
5139
5139
5139
5139
5139
5139
6158
6158
6158
6158
6158
6158
6158
6158
6158
6158
6158
6158
6158
6158
6158
6158
6158
6158
7177
7177
7177
7177
7177
7177
7177
7177
7177
7177
7177
7177
7177
7177
7177
7177
7177
7177
8196
8196
8196
8196
8196
8196
8196
8196
8196
8196
8196
8196
8196
8196
8196
8196
8196
8196
91b5
91b5
91b5
91b5
91b5
91b5
91b5
91b5
91b5
91b5
91b5
91b5
91b5
91b5
91b5
91b5
91b5
91b5
a1d4
a1d4
a1d4
a1d4
a1d4
a1d4
a1d4
a1d4
a1d4
a1d4
a1d4
a1d4
a1d4
a1d4
a1d4
a1d4
a1d4
a1d4
b1f3
b1f3
b1f3
b1f3
b1f3
b1f3
b1f3
b1f3
b1f3
b1f3
b1f3
b1f3
b1f3
b1f3
b1f3
b1f3
b1f3
b1f3
c212
c212
c212
c212
c212
c212
c212
c212
c212
c212
c212
c212
c212
c212
c212
c212
c212
c212
d231
d231
d231
d231
d231
d231
d231
d231
d231
d231
d231
d231
d231
d231
d231
d231
d231
d231
e250
e250
e250
e250
e250
e250
e250
e250
e250
e250
e250
e250
e250
e250
e250
e250
e250
e250
f26f
f26f
f26f
f26f
f26f
f26f
f26f
f26f
f26f
f26f
f26f
f26f
f26f
f26f
f26f
f26f
f26f
f26f
f26f
011d
011d
011d
011d
011d
011d
011d
011d
011d
011d
011d
011d
011d
011d
011d
011d
011d
113c
113c
113c
113c
113c
113c
113c
113c
113c
113c
113c
113c
113c
113c
113c
113c
113c
113c
215b
215b
215b
215b
215b
215b
215b
215b
215b
215b
215b
215b
215b
215b
215b
215b
215b
215b
317a
317a
317a
317a
317a
317a
317a
317a
317a
317a
317a
317a
317a
317a
317a
317a
317a
317a
4199
4199
4199
4199
4199
4199
4199
4199
4199
4199
4199
4199
4199
4199
4199
4199
4199
4199
51b8
51b8
51b8
51b8
51b8
51b8
51b8
51b8
51b8
51b8
51b8
51b8
51b8
51b8
51b8
51b8
51b8
51b8
61d7
61d7
61d7
61d7
61d7
61d7
61d7
61d7
61d7
61d7
61d7
61d7
61d7
61d7
61d7
61d7
61d7
61d7
71f6
71f6
71f6
71f6
71f6
71f6
71f6
71f6
71f6
71f6
71f6
71f6
71f6
71f6
71f6
71f6
71f6
71f6
8215
8215
8215
8215
8215
8215
8215
8215
8215
8215
8215
8215
8215
8215
8215
8215
8215
8215
9234
9234
9234
9234
9234
9234
9234
9234
9234
9234
9234
9234
9234
9234
9234
9234
9234
9234
a253
a253
a253
a253
a253
a253
a253
a253
a253
a253
a253
a253
a253
a253
a253
a253
a253
a253
b272
b272
b272
b272
b272
b272
b272
b272
b272
b272
b272
b272
b272
b272
b272
b272
b272
b272
c291
c291
c291
c291
c291
c291
c291
c291
c291
c291
c291
c291
c291
c291
c291
c291
c291
c291
d2b0
d2b0
d2b0
d2b0
d2b0
d2b0
d2b0
d2b0
d2b0
d2b0
d2b0
d2b0
d2b0
d2b0
d2b0
d2b0
d2b0
d2b0
e2cf
e2cf
e2cf
e2cf
e2cf
e2cf
e2cf
e2cf
e2cf
e2cf
e2cf
e2cf
e2cf
e2cf
e2cf
e2cf
e2cf
e2cf
f2ee
f2ee
f2ee
f2ee
f2ee
f2ee
f2ee
f2ee
f2ee
f2ee
f2ee
f2ee
f2ee
f2ee
f2ee
f2ee
f2ee
f2ee
f2ee
011d
011d
011d
011d
011d
011d
011d
011d
011d
011d
011d
011d
011d
011d
011d
011d
011d
113c
113c
113c
113c
113c
113c
113c
113c
113c
113c
113c
113c
113c
113c
113c
113c
113c
113c
215b
215b
215b
215b
215b
215b
215b
215b
215b
215b
215b
215b
215b
215b
215b
215b
215b
215b
317a
317a
317a
317a
317a
317a
317a
317a
317a
317a
317a
317a
317a
317a
317a
317a
317a
317a
4199
4199
4199
4199
4199
4199
4199
4199
4199
4199
4199
4199
4199
4199
4199
4199
4199
4199
51b8
51b8
51b8
51b8
51b8
51b8
51b8
51b8
51b8
51b8
51b8
51b8
51b8
51b8
51b8
51b8
51b8
51b8
61d7
61d7
61d7
61d7
61d7
61d7
61d7
61d7
61d7
61d7
61d7
61d7
61d7
61d7
61d7
61d7
61d7
61d7
71f6
71f6
71f6
71f6
71f6
71f6
71f6
71f6
71f6
71f6
71f6
71f6
71f6
71f6
71f6
71f6
71f6
71f6
8215
8215
8215
8215
8215
8215
8215
8215
8215
8215
8215
8215
8215
8215
8215
8215
8215
8215
9234
9234
9234
9234
9234
9234
9234
9234
9234
9234
9234
9234
9234
9234
9234
9234
9234
9234
a253
a253
a253
a253
a253
a253
a253
a253
a253
a253
a253
a253
a253
a253
a253
a253
a253
a253
b272
b272
b272
b272
b272
b272
b272
b272
b272
b272
b272
b272
b272
b272
b272
b272
b272
b272
c291
c291
c291
c291
c291
c291
c291
c291
c291
c291
c291
c291
c291
c291
c291
c291
c291
c291
d2b0
d2b0
d2b0
d2b0
d2b0
d2b0
d2b0
d2b0
d2b0
d2b0
d2b0
d2b0
d2b0
d2b0
d2b0
d2b0
d2b0
d2b0
e2cf
e2cf
e2cf
e2cf
e2cf
e2cf
e2cf
e2cf
e2cf
e2cf
e2cf
e2cf
e2cf
e2cf
e2cf
e2cf
e2cf
e2cf
f2ee
f2ee
f2ee
f2ee
f2ee
f2ee
f2ee
f2ee
f2ee
f2ee
f2ee
f2ee
f2ee
f2ee
f2ee
f2ee
f2ee
f2ee
f2ee
011d
011d
011d
011d
011d
011d
011d
011d
011d
011d
011d
011d
011d
011d
011d
011d
011d
113c
113c
113c
113c
113c
113c
113c
113c
113c
113c
113c
113c
113c
113c
113c
113c
113c
113c
215b
215b
215b
215b
215b
215b
215b
215b
215b
215b
215b
215b
215b
215b
215b
215b
215b
215b
317a
317a
317a
317a
317a
317a
317a
317a
317a
317a
317a
317a
317a
317a
317a
317a
317a
317a
4199
4199
4199
4199
4199
4199
4199
4199
4199
4199
4199
4199
4199
4199
4199
4199
4199
4199
51b8
51b8
51b8
51b8
51b8
51b8
51b8
51b8
51b8
51b8
51b8
51b8
51b8
51b8
51b8
51b8
51b8
51b8
61d7
61d7
61d7
61d7
61d7
61d7
61d7
61d7
61d7
61d7
61d7
61d7
61d7
61d7
61d7
61d7
61d7
61d7
71f6
71f6
71f6
71f6
71f6
71f6
71f6
71f6
71f6
71f6
71f6
71f6
71f6
71f6
71f6
71f6
71f6
71f6
8215
8215
8215
8215
8215
8215
8215
8215
8215
8215
8215
8215
8215
8215
8215
8215
8215
8215
9234
9234
9234
9234
9234
9234
9234
9234
9234
9234
9234
9234
9234
9234
9234
9234
9234
9234
a253
a253
a253
a253
a253
a253
a253
a253
a253
a253
a253
a253
a253
a253
a253
a253
a253
a253
b272
b272
b272
b272
b272
b272
b272
b272
b272
b272
b272
b272
b272
b272
b272
b272
b272
b272
c291
c291
c291
c291
c291
c291
c291
c291
c291
c291
c291
c291
c291
c291
c291
c291
c291
c291
d2b0
d2b0
d2b0
d2b0
d2b0
d2b0
d2b0
d2b0
d2b0
d2b0
d2b0
d2b0
d2b0
d2b0
d2b0
d2b0
d2b0
d2b0
e2cf
e2cf
e2cf
e2cf
e2cf
e2cf
e2cf
e2cf
e2cf
e2cf
e2cf
e2cf
e2cf
e2cf
e2cf
e2cf
e2cf
e2cf
f2ee
f2ee
f2ee
f2ee
f2ee
f2ee
f2ee
f2ee
f2ee
f2ee
f2ee
f2ee
f2ee
f2ee
f2ee
f2ee
f2ee
f2ee
f2ee
011d
011d
011d
011d
011d
011d
011d
011d
011d
011d
011d
011d
011d
011d
011d
011d
011d
113c
113c
113c
113c
113c
113c
113c
113c
113c
113c
113c
113c
113c
113c
113c
113c
113c
113c
215b
215b
215b
215b
215b
215b
215b
215b
215b
215b
215b
215b
215b
215b
215b
215b
215b
215b
317a
317a
317a
317a
317a
317a
317a
317a
317a
317a
317a
317a
317a
317a
317a
317a
317a
317a
4199
4199
4199
4199
4199
4199
4199
4199
4199
4199
4199
4199
4199
4199
4199
4199
4199
4199
51b8
51b8
51b8
51b8
51b8
51b8
51b8
51b8
51b8
51b8
51b8
51b8
51b8
51b8
51b8
51b8
51b8
51b8
61d7
61d7
61d7
61d7
61d7
61d7
61d7
61d7
61d7
61d7
61d7
61d7
61d7
61d7
61d7
61d7
61d7
61d7
71f6
71f6
71f6
71f6
71f6
71f6
71f6
71f6
71f6
71f6
71f6
71f6
71f6
71f6
71f6
71f6
71f6
71f6
8215
8215
8215
8215
8215
8215
8215
8215
8215
8215
8215
8215
8215
8215
8215
8215
8215
8215
9234
9234
9234
9234
9234
9234
9234
9234
9234
9234
9234
9234
9234
9234
9234
9234
9234
9234
a253
a253
a253
a253
a253
a253
a253
a253
a253
a253
a253
a253
a253
a253
a253
a253
a253
a253
b272
b272
b272
b272
b272
b272
b272
b272
b272
b272
b272
b272
b272
b272
b272
b272
b272
b272
c291
c291
c291
c291
c291
c291
c291
c291
c291
c291
c291
c291
c291
c291
c291
c291
c291
c291
d2b0
d2b0
d2b0
d2b0
d2b0
d2b0
d2b0
d2b0
d2b0
d2b0
d2b0
d2b0
d2b0
d2b0
d2b0
d2b0
d2b0
d2b0
e2cf
e2cf
e2cf
e2cf
e2cf
e2cf
e2cf
e2cf
e2cf
e2cf
e2cf
e2cf
e2cf
e2cf
e2cf
e2cf
e2cf
e2cf
f2ee
f2ee
f2ee
f2ee
f2ee
f2ee
f2ee
f2ee
f2ee
f2ee
f2ee
f2ee
f2ee
f2ee
f2ee
f2ee
f2ee
f2ee
f2ee
011d
011d
011d
011d
011d
011d
011d
011d
011d
011d
011d
011d
011d
011d
011d
011d
011d
113c
113c
113c
113c
113c
113c
113c
113c
113c
113c
113c
113c
113c
113c
113c
113c
113c
113c
215b
215b
215b
215b
215b
215b
215b
215b
215b
215b
215b
215b
215b
215b
215b
215b
215b
215b
317a
317a
317a
317a
317a
317a
317a
317a
317a
317a
317a
317a
317a
317a
317a
317a
317a
317a
4199
4199
4199
4199
4199
4199
4199
4199
4199
4199
4199
4199
4199
4199
4199
4199
4199
4199
51b8
51b8
51b8
51b8
51b8
51b8
51b8
51b8
51b8
51b8
51b8
51b8
51b8
51b8
51b8
51b8
51b8
51b8
61d7
61d7
61d7
61d7
61d7
61d7
61d7
61d7
61d7
61d7
61d7
61d7
61d7
61d7
61d7
61d7
61d7
61d7
71f6
71f6
71f6
71f6
71f6
71f6
71f6
71f6
71f6
71f6
71f6
71f6
71f6
71f6
71f6
71f6
71f6
71f6
8215
8215
8215
8215
8215
8215
8215
8215
8215
8215
8215
8215
8215
8215
8215
8215
8215
8215
9234
9234
9234
9234
9234
9234
9234
9234
9234
9234
9234
9234
9234
9234
9234
9234
9234
9234
a253
a253
a253
a253
a253
a253
a253
a253
a253
a253
a253
a253
a253
a253
a253
a253
a253
a253
b272
b272
b272
b272
b272
b272
b272
b272
b272
b272
b272
b272
b272
b272
b272
b272
b272
b272
c291
c291
c291
c291
c291
c291
c291
c291
c291
c291
c291
c291
c291
c291
c291
c291
c291
c291
d2b0
d2b0
d2b0
d2b0
d2b0
d2b0
d2b0
d2b0
d2b0
d2b0
d2b0
d2b0
d2b0
d2b0
d2b0
d2b0
d2b0
d2b0
e2cf
e2cf
e2cf
e2cf
e2cf
e2cf
e2cf
e2cf
e2cf
e2cf
e2cf
e2cf
e2cf
e2cf
e2cf
e2cf
e2cf
e2cf
f2ee
f2ee
f2ee
f2ee
f2ee
f2ee
f2ee
f2ee
f2ee
f2ee
f2ee
f2ee
f2ee
f2ee
f2ee
f2ee
f2ee
f2ee
f2ee
011d
011d
011d
011d
011d
011d
011d
011d
011d
011d
011d
011d
011d
011d
011d
011d
011d
113c
113c
113c
113c
113c
113c
113c
113c
113c
113c
113c
113c
113c
113c
113c
113c
113c
113c
215b
215b
215b
215b
215b
215b
215b
215b
215b
215b
215b
215b
215b
215b
215b
215b
215b
215b
317a
317a
317a
317a
317a
317a
317a
317a
317a
317a
317a
317a
317a
317a
317a
317a
317a
317a
4199
4199
4199
4199
4199
4199
4199
4199
4199
4199
4199
4199
4199
4199
4199
4199
4199
4199
51b8
51b8
51b8
51b8
51b8
51b8
51b8
51b8
51b8
51b8
51b8
51b8
51b8
51b8
51b8
51b8
51b8
51b8
61d7
61d7
61d7
61d7
61d7
61d7
61d7
61d7
61d7
61d7
61d7
61d7
61d7
61d7
61d7
61d7
61d7
61d7
71f6
71f6
71f6
71f6
71f6
71f6
71f6
71f6
71f6
71f6
71f6
71f6
71f6
71f6
71f6
71f6
71f6
71f6
8215
8215
8215
8215
8215
8215
8215
8215
8215
8215
8215
8215
8215
8215
8215
8215
8215
8215
9234
9234
9234
9234
9234
9234
9234
9234
9234
9234
9234
9234
9234
9234
9234
9234
9234
9234
a253
a253
a253
a253
a253
a253
a253
a253
a253
a253
a253
a253
a253
a253
a253
a253
a253
a253
b272
b272
b272
b272
b272
b272
b272
b272
b272
b272
b272
b272
b272
b272
b272
b272
b272
b272
c291
c291
c291
c291
c291
c291
c291
c291
c291
c291
c291
c291
c291
c291
c291
c291
c291
c291
d2b0
d2b0
d2b0
d2b0
d2b0
d2b0
d2b0
d2b0
d2b0
d2b0
d2b0
d2b0
d2b0
d2b0
d2b0
d2b0
d2b0
d2b0
e2cf
e2cf
e2cf
e2cf
e2cf
e2cf
e2cf
e2cf
e2cf
e2cf
e2cf
e2cf
e2cf
e2cf
e2cf
e2cf
e2cf
e2cf
f2ee
f2ee
f2ee
f2ee
f2ee
f2ee
f2ee
f2ee
f2ee
f2ee
f2ee
f2ee
f2ee
f2ee
f2ee
f2ee
f2ee
f2ee
f2ee
011d
011d
011d
011d
011d
011d
011d
011d
011d
011d
011d
011d
011d
011d
011d
011d
011d
113c
113c
113c
113c
113c
113c
113c
113c
113c
113c
113c
113c
113c
113c
113c
113c
113c
113c
215b
215b
215b
215b
215b
215b
215b
215b
215b
215b
215b
215b
215b
215b
215b
215b
215b
215b
317a
317a
317a
317a
317a
317a
317a
317a
317a
317a
317a
317a
317a
317a
317a
317a
317a
317a
4199
4199
4199
4199
4199
4199
4199
4199
4199
4199
4199
4199
4199
4199
4199
4199
4199
4199
51b8
51b8
51b8
51b8
51b8
51b8
51b8
51b8
51b8
51b8
51b8
51b8
51b8
51b8
51b8
51b8
51b8
51b8
61d7
61d7
61d7
61d7
61d7
61d7
61d7
61d7
61d7
61d7
61d7
61d7
61d7
61d7
61d7
61d7
61d7
61d7
71f6
71f6
71f6
71f6
71f6
71f6
71f6
71f6
71f6
71f6
71f6
71f6
71f6
71f6
71f6
71f6
71f6
71f6
8215
8215
8215
8215
8215
8215
8215
8215
8215
8215
8215
8215
8215
8215
8215
8215
8215
8215
9234
9234
9234
9234
9234
9234
9234
9234
9234
9234
9234
9234
9234
9234
9234
9234
9234
9234
a253
a253
a253
a253
a253
a253
a253
a253
a253
a253
a253
a253
a253
a253
a253
a253
a253
a253
b272
b272
b272
b272
b272
b272
b272
b272
b272
b272
b272
b272
b272
b272
b272
b272
b272
b272
c291
c291
c291
c291
c291
c291
c291
c291
c291
c291
c291
c291
c291
c291
c291
c291
c291
c291
d2b0
d2b0
d2b0
d2b0
d2b0
d2b0
d2b0
d2b0
d2b0
d2b0
d2b0
d2b0
d2b0
d2b0
d2b0
d2b0
d2b0
d2b0
e2cf
e2cf
e2cf
e2cf
e2cf
e2cf
e2cf
e2cf
e2cf
e2cf
e2cf
e2cf
e2cf
e2cf
e2cf
e2cf
e2cf
e2cf
f2ee
f2ee
f2ee
f2ee
f2ee
f2ee
f2ee
f2ee
f2ee
f2ee
f2ee
f2ee
f2ee
f2ee
f2ee
f2ee
f2ee
f2ee
f2ee
011d
011d
011d
011d
011d
011d
011d
011d
011d
011d
011d
011d
011d
011d
011d
011d
011d
113c
113c
113c
113c
113c
113c
113c
113c
113c
113c
113c
113c
113c
113c
113c
113c
113c
113c
215b
215b
215b
215b
215b
215b
215b
215b
215b
215b
215b
215b
215b
215b
215b
215b
215b
215b
317a
317a
317a
317a
317a
317a
317a
317a
317a
317a
317a
317a
317a
317a
317a
317a
317a
317a
4199
4199
4199
4199
4199
4199
4199
4199
4199
4199
4199
4199
4199
4199
4199
4199
4199
4199
51b8
51b8
51b8
51b8
51b8
51b8
51b8
51b8
51b8
51b8
51b8
51b8
51b8
51b8
51b8
51b8
51b8
51b8
61d7
61d7
61d7
61d7
61d7
61d7
61d7
61d7
61d7
61d7
61d7
61d7
61d7
61d7
61d7
61d7
61d7
61d7
71f6
71f6
71f6
71f6
71f6
71f6
71f6
71f6
71f6
71f6
71f6
71f6
71f6
71f6
71f6
71f6
71f6
71f6
8215
8215
8215
8215
8215
8215
8215
8215
8215
8215
8215
8215
8215
8215
8215
8215
8215
8215
9234
9234
9234
9234
9234
9234
9234
9234
9234
9234
9234
9234
9234
9234
9234
9234
9234
9234
a253
a253
a253
a253
a253
a253
a253
a253
a253
a253
a253
a253
a253
a253
a253
a253
a253
a253
b272
b272
b272
b272
b272
b272
b272
b272
b272
b272
b272
b272
b272
b272
b272
b272
b272
b272
c291
c291
c291
c291
c291
c291
c291
c291
c291
c291
c291
c291
c291
c291
c291
c291
c291
c291
d2b0
d2b0
d2b0
d2b0
d2b0
d2b0
d2b0
d2b0
d2b0
d2b0
d2b0
d2b0
d2b0
d2b0
d2b0
d2b0
d2b0
d2b0
e2cf
e2cf
e2cf
e2cf
e2cf
e2cf
e2cf
e2cf
e2cf
e2cf
e2cf
e2cf
e2cf
e2cf
e2cf
e2cf
e2cf
e2cf
f2ee
f2ee
f2ee
f2ee
f2ee
f2ee
f2ee
f2ee
f2ee
f2ee
f2ee
f2ee
f2ee
f2ee
f2ee
f2ee
f2ee
f2ee
f2ee
011d
011d
011d
011d
011d
011d
011d
011d
011d
011d
011d
011d
011d
011d
011d
011d
011d
113c
113c
113c
113c
113c
113c
113c
113c
113c
113c
113c
113c
113c
113c
113c
113c
113c
113c
215b
215b
215b
215b
215b
215b
215b
215b
215b
215b
215b
215b
215b
215b
215b
215b
215b
215b
317a
317a
317a
317a
317a
317a
317a
317a
317a
317a
317a
317a
317a
317a
317a
317a
317a
317a
4199
4199
4199
4199
4199
4199
4199
4199
4199
4199
4199
4199
4199
4199
4199
4199
4199
4199
51b8
51b8
51b8
51b8
51b8
51b8
51b8
51b8
51b8
51b8
51b8
51b8
51b8
51b8
51b8
51b8
51b8
51b8
61d7
61d7
61d7
61d7
61d7
61d7
61d7
61d7
61d7
61d7
61d7
61d7
61d7
61d7
61d7
61d7
61d7
61d7
71f6
71f6
71f6
71f6
71f6
71f6
71f6
71f6
71f6
71f6
71f6
71f6
71f6
71f6
71f6
71f6
71f6
71f6
8215
8215
8215
8215
8215
8215
8215
8215
8215
8215
8215
8215
8215
8215
8215
8215
8215
8215
9234
9234
9234
9234
9234
9234
9234
9234
9234
9234
9234
9234
9234
9234
9234
9234
9234
9234
a253
a253
a253
a253
a253
a253
a253
a253
a253
a253
a253
a253
a253
a253
a253
a253
a253
a253
b272
b272
b272
b272
b272
b272
b272
b272
b272
b272
b272
b272
b272
b272
b272
b272
b272
b272
c291
c291
c291
c291
c291
c291
c291
c291
c291
c291
c291
c291
c291
c291
c291
c291
c291
c291
d2b0
d2b0
d2b0
d2b0
d2b0
d2b0
d2b0
d2b0
d2b0
d2b0
d2b0
d2b0
d2b0
d2b0
d2b0
d2b0
d2b0
d2b0
e2cf
e2cf
e2cf
e2cf
e2cf
e2cf
e2cf
e2cf
e2cf
e2cf
e2cf
e2cf
e2cf
e2cf
e2cf
e2cf
e2cf
e2cf
f2ee
f2ee
f2ee
f2ee
f2ee
f2ee
f2ee
f2ee
f2ee
f2ee
f2ee
f2ee
f2ee
f2ee
f2ee
f2ee
f2ee
f2ee
f2ee
011d
011d
011d
011d
011d
011d
011d
011d
011d
011d
011d
011d
011d
011d
011d
011d
011d
113c
113c
113c
113c
113c
113c
113c
113c
113c
113c
113c
113c
113c
113c
113c
113c
113c
113c
215b
215b
215b
215b
215b
215b
215b
215b
215b
215b
215b
215b
215b
215b
215b
215b
215b
215b
317a
317a
317a
317a
317a
317a
317a
317a
317a
317a
317a
317a
317a
317a
317a
317a
317a
317a
4199
4199
4199
4199
4199
4199
4199
4199
4199
4199
4199
4199
4199
4199
4199
4199
4199
4199
51b8
51b8
51b8
51b8
51b8
51b8
51b8
51b8
51b8
51b8
51b8
51b8
51b8
51b8
51b8
51b8
51b8
51b8
61d7
61d7
61d7
61d7
61d7
61d7
61d7
61d7
61d7
61d7
61d7
61d7
61d7
61d7
61d7
61d7
61d7
61d7
71f6
71f6
71f6
71f6
71f6
71f6
71f6
71f6
71f6
71f6
71f6
71f6
71f6
71f6
71f6
71f6
71f6
71f6
8215
8215
8215
8215
8215
8215
8215
8215
8215
8215
8215
8215
8215
8215
8215
8215
8215
8215
9234
9234
9234
9234
9234
9234
9234
9234
9234
9234
9234
9234
9234
9234
9234
9234
9234
9234
a253
a253
a253
a253
a253
a253
a253
a253
a253
a253
a253
a253
a253
a253
a253
a253
a253
a253
b272
b272
b272
b272
b272
b272
b272
b272
b272
b272
b272
b272
b272
b272
b272
b272
b272
b272
c291
c291
c291
c291
c291
c291
c291
c291
c291
c291
c291
c291
c291
c291
c291
c291
c291
c291
d2b0
d2b0
d2b0
d2b0
d2b0
d2b0
d2b0
d2b0
d2b0
d2b0
d2b0
d2b0
d2b0
d2b0
d2b0
d2b0
d2b0
d2b0
e2cf
e2cf
e2cf
e2cf
e2cf
e2cf
e2cf
e2cf
e2cf
e2cf
e2cf
e2cf
e2cf
e2cf
e2cf
e2cf
e2cf
e2cf
f2ee
f2ee
f2ee
f2ee
f2ee
f2ee
f2ee
f2ee
f2ee
f2ee
f2ee
f2ee
f2ee
f2ee
f2ee
f2ee
f2ee
f2ee
f2ee
011d
011d
011d
011d
011d
011d
011d
011d
011d
011d
011d
011d
011d
011d
011d
011d
011d
113c
113c
113c
113c
113c
113c
113c
113c
113c
113c
113c
113c
113c
113c
113c
113c
113c
113c
215b
215b
215b
215b
215b
215b
215b
215b
215b
215b
215b
215b
215b
215b
215b
215b
215b
215b
317a
317a
317a
317a
317a
317a
317a
317a
317a
317a
317a
317a
317a
317a
317a
317a
317a
317a
4199
4199
4199
4199
4199
4199
4199
4199
4199
4199
4199
4199
4199
4199
4199
4199
4199
4199
51b8
51b8
51b8
51b8
51b8
51b8
51b8
51b8
51b8
51b8
51b8
51b8
51b8
51b8
51b8
51b8
51b8
51b8
61d7
61d7
61d7
61d7
61d7
61d7
61d7
61d7
61d7
61d7
61d7
61d7
61d7
61d7
61d7
61d7
61d7
61d7
71f6
71f6
71f6
71f6
71f6
71f6
71f6
71f6
71f6
71f6
71f6
71f6
71f6
71f6
71f6
71f6
71f6
71f6
8215
8215
8215
8215
8215
8215
8215
8215
8215
8215
8215
8215
8215
8215
8215
8215
8215
8215
9234
9234
9234
9234
9234
9234
9234
9234
9234
9234
9234
9234
9234
9234
9234
9234
9234
9234
a253
a253
a253
a253
a253
a253
a253
a253
a253
a253
a253
a253
a253
a253
a253
a253
a253
a253
b272
b272
b272
b272
b272
b272
b272
b272
b272
b272
b272
b272
b272
b272
b272
b272
b272
b272
c291
c291
c291
c291
c291
c291
c291
c291
c291
c291
c291
c291
c291
c291
c291
c291
c291
c291
d2b0
d2b0
d2b0
d2b0
d2b0
d2b0
d2b0
d2b0
d2b0
d2b0
d2b0
d2b0
d2b0
d2b0
d2b0
d2b0
d2b0
d2b0
e2cf
e2cf
e2cf
e2cf
e2cf
e2cf
e2cf
e2cf
e2cf
e2cf
e2cf
e2cf
e2cf
e2cf
e2cf
e2cf
e2cf
e2cf
f2ee
f2ee
f2ee
f2ee
f2ee
f2ee
f2ee
f2ee
f2ee
f2ee
f2ee
f2ee
f2ee
f2ee
f2ee
f2ee
f2ee
f2ee
f2ee
011d
011d
011d
011d
011d
011d
011d
011d
011d
011d
011d
011d
011d
011d
011d
011d
011d
113c
113c
113c
113c
113c
113c
113c
113c
113c
113c
113c
113c
113c
113c
113c
113c
113c
113c
215b
215b
215b
215b
215b
215b
215b
215b
215b
215b
215b
215b
215b
215b
215b
215b
215b
215b
317a
317a
317a
317a
317a
317a
317a
317a
317a
317a
317a
317a
317a
317a
317a
317a
317a
317a
4199
4199
4199
4199
4199
4199
4199
4199
4199
4199
4199
4199
4199
4199
4199
4199
4199
4199
51b8
51b8
51b8
51b8
51b8
51b8
51b8
51b8
51b8
51b8
51b8
51b8
51b8
51b8
51b8
51b8
51b8
51b8
61d7
61d7
61d7
61d7
61d7
61d7
61d7
61d7
61d7
61d7
61d7
61d7
61d7
61d7
61d7
61d7
61d7
61d7
71f6
71f6
71f6
71f6
71f6
71f6
71f6
71f6
71f6
71f6
71f6
71f6
71f6
71f6
71f6
71f6
71f6
71f6
8215
8215
8215
8215
8215
8215
8215
8215
8215
8215
8215
8215
8215
8215
8215
8215
8215
8215
9234
9234
9234
9234
9234
9234
9234
9234
9234
9234
9234
9234
9234
9234
9234
9234
9234
9234
a253
a253
a253
a253
a253
a253
a253
a253
a253
a253
a253
a253
a253
a253
a253
a253
a253
a253
b272
b272
b272
b272
b272
b272
b272
b272
b272
b272
b272
b272
b272
b272
b272
b272
b272
b272
c291
c291
c291
c291
c291
c291
c291
c291
c291
c291
c291
c291
c291
c291
c291
c291
c291
c291
d2b0
d2b0
d2b0
d2b0
d2b0
d2b0
d2b0
d2b0
d2b0
d2b0
d2b0
d2b0
d2b0
d2b0
d2b0
d2b0
d2b0
d2b0
e2cf
e2cf
e2cf
e2cf
e2cf
e2cf
e2cf
e2cf
e2cf
e2cf
e2cf
e2cf
e2cf
e2cf
e2cf
e2cf
e2cf
e2cf
f2ee
f2ee
f2ee
f2ee
f2ee
f2ee
f2ee
f2ee
f2ee
f2ee
f2ee
f2ee
f2ee
f2ee
f2ee
f2ee
f2ee
f2ee
f2ee
011d
011d
011d
011d
011d
011d
011d
011d
011d
011d
011d
011d
011d
011d
011d
011d
011d
113c
113c
113c
113c
113c
113c
113c
113c
113c
113c
113c
113c
113c
113c
113c
113c
113c
113c
215b
215b
215b
215b
215b
215b
215b
215b
215b
215b
215b
215b
215b
215b
215b
215b
215b
215b
317a
317a
317a
317a
317a
317a
317a
317a
317a
317a
317a
317a
317a
317a
317a
317a
317a
317a
4199
4199
4199
4199
4199
4199
4199
4199
4199
4199
4199
4199
4199
4199
4199
4199
4199
4199
51b8
51b8
51b8
51b8
51b8
51b8
51b8
51b8
51b8
51b8
51b8
51b8
51b8
51b8
51b8
51b8
51b8
51b8
61d7
61d7
61d7
61d7
61d7
61d7
61d7
61d7
61d7
61d7
61d7
61d7
61d7
61d7
61d7
61d7
61d7
61d7
71f6
71f6
71f6
71f6
71f6
71f6
71f6
71f6
71f6
71f6
71f6
71f6
71f6
71f6
71f6
71f6
71f6
71f6
8215
8215
8215
8215
8215
8215
8215
8215
8215
8215
8215
8215
8215
8215
8215
8215
8215
8215
9234
9234
9234
9234
9234
9234
9234
9234
9234
9234
9234
9234
9234
9234
9234
9234
9234
9234
a253
a253
a253
a253
a253
a253
a253
a253
a253
a253
a253
a253
a253
a253
a253
a253
a253
a253
b272
b272
b272
b272
b272
b272
b272
b272
b272
b272
b272
b272
b272
b272
b272
b272
b272
b272
c291
c291
c291
c291
c291
c291
c291
c291
c291
c291
c291
c291
c291
c291
c291
c291
c291
c291
d2b0
d2b0
d2b0
d2b0
d2b0
d2b0
d2b0
d2b0
d2b0
d2b0
d2b0
d2b0
d2b0
d2b0
d2b0
d2b0
d2b0
d2b0
e2cf
e2cf
e2cf
e2cf
e2cf
e2cf
e2cf
e2cf
e2cf
e2cf
e2cf
e2cf
e2cf
e2cf
e2cf
e2cf
e2cf
e2cf
f2ee
f2ee
f2ee
f2ee
f2ee
f2ee
f2ee
f2ee
f2ee
f2ee
f2ee
f2ee
f2ee
f2ee
f2ee
f2ee
f2ee
f2ee
f2ee
019c
019c
019c
019c
019c
019c
019c
019c
019c
019c
019c
019c
019c
019c
019c
019c
019c
11bb
11bb
11bb
11bb
11bb
11bb
11bb
11bb
11bb
11bb
11bb
11bb
11bb
11bb
11bb
11bb
11bb
11bb
21da
21da
21da
21da
21da
21da
21da
21da
21da
21b9
21b9
21b9
21b9
21b9
21b9
21b9
21b9
2199
31b9
31b9
31b9
31b5
31b6
31b6
31b6
3195
3196
3196
3196
3196
3197
3197
3197
3178
3178
3178
3998
4171
4171
4172
4172
4172
4173
4173
4174
4954
4955
4955
4956
4936
4937
4938
4938
512d
592e
592e
592f
592f
5930
5930
5931
6112
6113
6113
6114
60f5
60f6
60f7
60f8
5237
5237
5237
6256
6256
6235
6235
6235
6236
6a35
6a35
6a36
6a36
6a16
6a16
6a16
6a16
69f3
69f3
69f3
69f3
79f2
79f3
79f3
79f3
81f3
81f4
81f4
81f4
81d5
81d5
81d6
81d6
89af
89af
89b0
89b0
91b0
91b1
99b0
99b1
a191
a192
a192
a193
a994
a994
a995
a996
b16b
b16c
b16c
b16d
b14d
b14e
b14f
b150
c950
c951
c951
c952
c934
c934
c935
92b3
92b3
92b3
92b3
92b3
92b3
92b3
92b3
92b3
92b3
92b3
a2d2
a2d2
a2d2
a2d2
a2d2
a2d2
a2d2
a2d2
a2d2
a2d2
a2d2
a2d2
a2d2
a2d2
a2d2
a2d2
a2d2
a2d2
b2f1
b2f1
b2f1
b2f1
b2f1
b2f1
b2f1
b2f1
b2f1
b2f1
b2f1
b2f1
b2f1
b2f1
b2f1
b2f1
b2f1
b2f1
c310
c310
c310
c310
c310
c310
c310
c310
c310
c310
c310
c310
c310
c310
c310
c310
c310
c310
d32f
d32f
d32f
d32f
d32f
d32f
d32f
d32f
d32f
d32f
d32f
d32f
d32f
d32f
d32f
d32f
d32f
d32f
e34e
e34e
e34e
e34e
e34e
e34e
e34e
e34e
e34e
e34e
e34e
e34e
e34e
e34e
e34e
e34e
e34e
e34e
f36d
f36d
f36d
f36d
f36d
f36d
f36d
f36d
f36d
f36d
f36d
f36d
f36d
f36d
f36d
f36d
f36d
f36d
f36d
019c
019c
019c
019c
019c
019c
019c
019c
019c
019c
019c
019c
019c
019c
019c
019c
019c
11bb
11bb
11bb
11bb
11bb
11bb
11bb
11bb
11bb
11bb
11bb
11bb
11bb
11bb
11bb
11bb
11bb
11bb
21da
21da
21da
21da
21da
21da
21da
21da
21da
21b9
21b9
21b9
21b9
21b9
21b9
21b9
21b9
2199
31b8
31b9
31b9
31b6
31b5
31b6
31b6
3196
3195
3196
3196
3197
3196
3197
3197
3178
3178
3179
3998
4171
4171
4172
4172
4173
4172
4174
4173
4955
4954
4956
4955
4937
4936
4938
4938
512e
592d
592f
592e
5930
592f
5931
5930
6113
6112
6114
6113
60f6
60f5
60f8
60f7
5237
5237
5237
6256
6256
6235
6235
6236
6235
6a35
6a35
6a36
6a36
6a16
6a16
6a16
6a16
69f3
69f3
69f3
69f3
79f3
79f2
79f3
79f3
81f4
81f3
81f4
81f4
81d5
81d5
81d6
81d6
89af
89af
89b0
89b0
91b1
91b0
99b1
99b0
a192
a191
a193
a192
a994
a994
a996
a995
b16c
b16b
b16d
b16c
b14e
b14d
b150
b14f
c951
c950
c952
c951
c934
c934
c936
92b3
92b3
92b3
92b3
92b3
92b3
92b3
92b3
92b3
92b3
92b3
a2d2
a2d2
a2d2
a2d2
a2d2
a2d2
a2d2
a2d2
a2d2
a2d2
a2d2
a2d2
a2d2
a2d2
a2d2
a2d2
a2d2
a2d2
b2f1
b2f1
b2f1
b2f1
b2f1
b2f1
b2f1
b2f1
b2f1
b2f1
b2f1
b2f1
b2f1
b2f1
b2f1
b2f1
b2f1
b2f1
c310
c310
c310
c310
c310
c310
c310
c310
c310
c310
c310
c310
c310
c310
c310
c310
c310
c310
d32f
d32f
d32f
d32f
d32f
d32f
d32f
d32f
d32f
d32f
d32f
d32f
d32f
d32f
d32f
d32f
d32f
d32f
e34e
e34e
e34e
e34e
e34e
e34e
e34e
e34e
e34e
e34e
e34e
e34e
e34e
e34e
e34e
e34e
e34e
e34e
f36d
f36d
f36d
f36d
f36d
f36d
f36d
f36d
f36d
f36d
f36d
f36d
f36d
f36d
f36d
f36d
f36d
f36d
f36d
019c
019c
019c
019c
019c
019c
019c
019c
019c
019c
019c
019c
019c
019c
019c
019c
019c
11bb
11bb
11bb
11bb
11bb
11bb
11bb
11bb
11bb
11bb
11bb
11bb
11bb
11bb
11bb
11bb
11bb
11bb
21da
21da
21da
21da
21da
21da
21da
21da
21da
21b9
21b9
21b9
21b9
21b9
21b9
21b9
21b9
219a
31b9
31b8
31b9
31b6
31b6
31b5
31b6
3196
3196
3195
3196
3197
3197
3196
3197
3178
3179
3178
3997
4172
4172
4171
4171
4173
4174
4172
4173
4955
4956
4954
4955
4938
4938
4936
4937
512f
592f
592d
592e
5930
5931
592f
5930
6113
6114
6112
6113
60f7
60f8
60f5
60f6
5237
5237
5237
6256
6256
6235
6236
6235
6235
6a36
6a36
6a35
6a35
6a16
6a16
6a16
6a16
69f3
69f3
69f3
69f3
79f3
79f3
79f2
79f3
81f4
81f4
81f3
81f4
81d6
81d6
81d5
81d5
89b0
89b0
89af
89af
91b1
91b2
99af
99b0
a192
a193
a191
a192
a995
a996
a994
a994
b16c
b16d
b16b
b16c
b14f
b150
b14d
b14e
c951
c952
c950
c951
c935
c936
c934
92b3
92b3
92b3
92b3
92b3
92b3
92b3
92b3
92b3
92b3
92b3
a2d2
a2d2
a2d2
a2d2
a2d2
a2d2
a2d2
a2d2
a2d2
a2d2
a2d2
a2d2
a2d2
a2d2
a2d2
a2d2
a2d2
a2d2
b2f1
b2f1
b2f1
b2f1
b2f1
b2f1
b2f1
b2f1
b2f1
b2f1
b2f1
b2f1
b2f1
b2f1
b2f1
b2f1
b2f1
b2f1
c310
c310
c310
c310
c310
c310
c310
c310
c310
c310
c310
c310
c310
c310
c310
c310
c310
c310
d32f
d32f
d32f
d32f
d32f
d32f
d32f
d32f
d32f
d32f
d32f
d32f
d32f
d32f
d32f
d32f
d32f
d32f
e34e
e34e
e34e
e34e
e34e
e34e
e34e
e34e
e34e
e34e
e34e
e34e
e34e
e34e
e34e
e34e
e34e
e34e
f36d
f36d
f36d
f36d
f36d
f36d
f36d
f36d
f36d
f36d
f36d
f36d
f36d
f36d
f36d
f36d
f36d
f36d
f36d
019c
019c
019c
019c
019c
019c
019c
019c
019c
019c
019c
019c
019c
019c
019c
019c
019c
11bb
11bb
11bb
11bb
11bb
11bb
11bb
11bb
11bb
11bb
11bb
11bb
11bb
11bb
11bb
11bb
11bb
11bb
21da
21da
21da
21da
21da
21da
21da
21da
21da
21b9
21b9
21b9
21b9
21b9
21b9
21b9
21b9
219a
31b9
31b9
31b8
31b6
31b6
31b6
31b5
3196
3196
3196
3195
3197
3197
3197
3196
3179
3178
3178
3997
4172
4172
4171
4171
4174
4173
4173
4172
4956
4955
4955
4954
4938
4938
4937
4936
512f
592e
592e
592d
5931
5930
5930
592f
6114
6113
6113
6112
60f8
60f7
60f6
60f5
5237
5237
5237
6256
6256
6236
6235
6235
6235
6a36
6a36
6a35
6a35
6a16
6a16
6a16
6a16
69f3
69f3
69f3
69f3
79f3
79f3
79f3
79f2
81f4
81f4
81f4
81f3
81d6
81d6
81d5
81d5
89b0
89b0
89af
89af
91b2
91b1
99b0
99af
a193
a192
a192
a191
a996
a995
a994
a994
b16d
b16c
b16c
b16b
b150
b14f
b14e
b14d
c952
c951
c951
c950
c936
c935
c934
92b3
92b3
92b3
92b3
92b3
92b3
92b3
92b3
92b3
92b3
92b3
a2d2
a2d2
a2d2
a2d2
a2d2
a2d2
a2d2
a2d2
a2d2
a2d2
a2d2
a2d2
a2d2
a2d2
a2d2
a2d2
a2d2
a2d2
b2f1
b2f1
b2f1
b2f1
b2f1
b2f1
b2f1
b2f1
b2f1
b2f1
b2f1
b2f1
b2f1
b2f1
b2f1
b2f1
b2f1
b2f1
c310
c310
c310
c310
c310
c310
c310
c310
c310
c310
c310
c310
c310
c310
c310
c310
c310
c310
d32f
d32f
d32f
d32f
d32f
d32f
d32f
d32f
d32f
d32f
d32f
d32f
d32f
d32f
d32f
d32f
d32f
d32f
e34e
e34e
e34e
e34e
e34e
e34e
e34e
e34e
e34e
e34e
e34e
e34e
e34e
e34e
e34e
e34e
e34e
e34e
f36d
f36d
f36d
f36d
f36d
f36d
f36d
f36d
f36d
f36d
f36d
f36d
f36d
f36d
f36d
f36d
f36d
f36d
f36d
019c
019c
019c
019c
019c
019c
019c
019c
019c
019c
019c
019c
019c
019c
019c
019c
019c
11bb
11bb
11bb
11bb
11bb
11bb
11bb
11bb
11bb
11bb
11bb
11bb
11bb
11bb
11bb
11bb
11bb
11bb
21da
21da
21da
21da
21da
21da
21da
21da
21da
21b9
21b9
21b9
21b9
21ba
21ba
21ba
21ba
2199
31b8
31b8
31b8
31b6
31b6
31b7
31b7
3194
3195
3195
3195
3198
3198
3199
3199
3176
3176
3177
3996
4173
4173
4173
4174
4170
4171
4171
4172
4956
4957
4958
4958
4933
4934
4935
4936
5130
5930
5931
5932
592c
592d
592d
592e
6115
6116
6117
6118
60f1
60f2
60f3
60f4
5237
5237
5237
6256
6256
6235
6235
6235
6235
6a36
6a36
6a36
6a36
6a15
6a15
6a15
6a16
69f4
69f4
69f4
69f4
79f1
79f1
79f2
79f2
81f5
81f5
81f5
81f6
81d3
81d3
81d4
81d4
89b0
89b1
89b1
89b2
91ae
91af
99ae
99af
a194
a194
a195
a196
a991
a992
a992
a993
b16e
b16f
b16f
b170
b14a
b14b
b14c
b14d
c954
c954
c955
c956
c930
c931
c931
92b3
92b3
92b3
92b3
92b3
92b3
92b3
92b3
92b3
92b3
92b3
a2d2
a2d2
a2d2
a2d2
a2d2
a2d2
a2d2
a2d2
a2d2
a2d2
a2d2
a2d2
a2d2
a2d2
a2d2
a2d2
a2d2
a2d2
b2f1
b2f1
b2f1
b2f1
b2f1
b2f1
b2f1
b2f1
b2f1
b2f1
b2f1
b2f1
b2f1
b2f1
b2f1
b2f1
b2f1
b2f1
c310
c310
c310
c310
c310
c310
c310
c310
c310
c310
c310
c310
c310
c310
c310
c310
c310
c310
d32f
d32f
d32f
d32f
d32f
d32f
d32f
d32f
d32f
d32f
d32f
d32f
d32f
d32f
d32f
d32f
d32f
d32f
e34e
e34e
e34e
e34e
e34e
e34e
e34e
e34e
e34e
e34e
e34e
e34e
e34e
e34e
e34e
e34e
e34e
e34e
f36d
f36d
f36d
f36d
f36d
f36d
f36d
f36d
f36d
f36d
f36d
f36d
f36d
f36d
f36d
f36d
f36d
f36d
f36d
019c
019c
019c
019c
019c
019c
019c
019c
019c
019c
019c
019c
019c
019c
019c
019c
019c
11bb
11bb
11bb
11bb
11bb
11bb
11bb
11bb
11bb
11bb
11bb
11bb
11bb
11bb
11bb
11bb
11bb
11bb
21da
21da
21da
21da
21da
21da
21da
21da
21da
21b9
21b9
21b9
21b9
21ba
21ba
21ba
21ba
2199
31b8
31b8
31b8
31b6
31b6
31b7
31b7
3195
3194
3195
3195
3198
3198
3199
3199
3176
3176
3177
3996
4173
4173
4174
4173
4171
4170
4172
4171
4957
4956
4958
4958
4934
4933
4936
4935
5131
592f
5932
5931
592d
592c
592e
592d
6116
6115
6118
6117
60f2
60f1
60f4
60f3
5237
5237
5237
6256
6256
6235
6235
6235
6235
6a36
6a36
6a36
6a36
6a15
6a15
6a16
6a15
69f4
69f4
69f4
69f4
79f1
79f1
79f2
79f2
81f5
81f5
81f6
81f5
81d3
81d3
81d4
81d4
89b1
89b0
89b2
89b1
91af
91ae
99af
99ae
a194
a194
a196
a195
a992
a991
a993
a992
b16f
b16e
b170
b16f
b14b
b14a
b14d
b14c
c954
c954
c956
c955
c931
c930
c932
92b3
92b3
92b3
92b3
92b3
92b3
92b3
92b3
92b3
92b3
92b3
a2d2
a2d2
a2d2
a2d2
a2d2
a2d2
a2d2
a2d2
a2d2
a2d2
a2d2
a2d2
a2d2
a2d2
a2d2
a2d2
a2d2
a2d2
b2f1
b2f1
b2f1
b2f1
b2f1
b2f1
b2f1
b2f1
b2f1
b2f1
b2f1
b2f1
b2f1
b2f1
b2f1
b2f1
b2f1
b2f1
c310
c310
c310
c310
c310
c310
c310
c310
c310
c310
c310
c310
c310
c310
c310
c310
c310
c310
d32f
d32f
d32f
d32f
d32f
d32f
d32f
d32f
d32f
d32f
d32f
d32f
d32f
d32f
d32f
d32f
d32f
d32f
e34e
e34e
e34e
e34e
e34e
e34e
e34e
e34e
e34e
e34e
e34e
e34e
e34e
e34e
e34e
e34e
e34e
e34e
f36d
f36d
f36d
f36d
f36d
f36d
f36d
f36d
f36d
f36d
f36d
f36d
f36d
f36d
f36d
f36d
f36d
f36d
f36d
019c
019c
019c
019c
019c
019c
019c
019c
019c
019c
019c
019c
019c
019c
019c
019c
019c
11bb
11bb
11bb
11bb
11bb
11bb
11bb
11bb
11bb
11bb
11bb
11bb
11bb
11bb
11bb
11bb
11bb
11bb
21da
21da
21da
21da
21da
21da
21da
21da
21da
21b9
21b9
21b9
21b9
21ba
21ba
21ba
21ba
2199
31b8
31b8
31b8
31b7
31b7
31b6
31b6
3195
3195
3194
3195
3199
3199
3198
3198
3177
3177
3176
3996
4173
4174
4173
4173
4171
4172
4170
4171
4958
4958
4956
4957
4935
4936
4933
4934
5131
5932
592f
5930
592d
592e
592c
592d
6117
6118
6115
6116
60f3
60f4
60f1
60f2
5237
5237
5237
6256
6256
6235
6235
6235
6235
6a36
6a36
6a36
6a36
6a15
6a16
6a15
6a15
69f4
69f4
69f4
69f4
79f2
79f2
79f1
79f1
81f5
81f6
81f5
81f5
81d4
81d4
81d3
81d3
89b1
89b2
89b0
89b1
91af
91b0
99ad
99ae
a195
a196
a194
a194
a992
a993
a991
a992
b16f
b170
b16e
b16f
b14c
b14d
b14a
b14b
c955
c956
c954
c954
c931
c932
c930
92b3
92b3
92b3
92b3
92b3
92b3
92b3
92b3
92b3
92b3
92b3
a2d2
a2d2
a2d2
a2d2
a2d2
a2d2
a2d2
a2d2
a2d2
a2d2
a2d2
a2d2
a2d2
a2d2
a2d2
a2d2
a2d2
a2d2
b2f1
b2f1
b2f1
b2f1
b2f1
b2f1
b2f1
b2f1
b2f1
b2f1
b2f1
b2f1
b2f1
b2f1
b2f1
b2f1
b2f1
b2f1
c310
c310
c310
c310
c310
c310
c310
c310
c310
c310
c310
c310
c310
c310
c310
c310
c310
c310
d32f
d32f
d32f
d32f
d32f
d32f
d32f
d32f
d32f
d32f
d32f
d32f
d32f
d32f
d32f
d32f
d32f
d32f
e34e
e34e
e34e
e34e
e34e
e34e
e34e
e34e
e34e
e34e
e34e
e34e
e34e
e34e
e34e
e34e
e34e
e34e
f36d
f36d
f36d
f36d
f36d
f36d
f36d
f36d
f36d
f36d
f36d
f36d
f36d
f36d
f36d
f36d
f36d
f36d
f36d
019c
019c
019c
019c
019c
019c
019c
019c
019c
019c
019c
019c
019c
019c
019c
019c
019c
11bb
11bb
11bb
11bb
11bb
11bb
11bb
11bb
11bb
11bb
11bb
11bb
11bb
11bb
11bb
11bb
11bb
11bb
21da
21da
21da
21da
21da
21da
21da
21da
21da
21b9
21b9
21b9
21b9
21ba
21ba
21ba
21ba
2199
31b8
31b8
31b8
31b7
31b7
31b6
31b6
3195
3195
3195
3194
3199
3199
3198
3198
3177
3177
3176
3995
4174
4173
4173
4173
4172
4171
4171
4170
4958
4958
4957
4956
4936
4935
4934
4933
5132
5931
5930
592f
592e
592d
592d
592c
6118
6117
6116
6115
60f4
60f3
60f2
60f1
5237
5237
5237
6256
6256
6235
6235
6235
6235
6a36
6a36
6a36
6a36
6a16
6a15
6a15
6a15
69f4
69f4
69f4
69f4
79f2
79f2
79f1
79f1
81f6
81f5
81f5
81f5
81d4
81d4
81d3
81d3
89b2
89b1
89b1
89b0
91b0
91af
99ae
99ad
a196
a195
a194
a194
a993
a992
a992
a991
b170
b16f
b16f
b16e
b14d
b14c
b14b
b14a
c956
c955
c954
c954
c932
c931
c931
92b3
92b3
92b3
92b3
92b3
92b3
92b3
92b3
92b3
92b3
92b3
a2d2
a2d2
a2d2
a2d2
a2d2
a2d2
a2d2
a2d2
a2d2
a2d2
a2d2
a2d2
a2d2
a2d2
a2d2
a2d2
a2d2
a2d2
b2f1
b2f1
b2f1
b2f1
b2f1
b2f1
b2f1
b2f1
b2f1
b2f1
b2f1
b2f1
b2f1
b2f1
b2f1
b2f1
b2f1
b2f1
c310
c310
c310
c310
c310
c310
c310
c310
c310
c310
c310
c310
c310
c310
c310
c310
c310
c310
d32f
d32f
d32f
d32f
d32f
d32f
d32f
d32f
d32f
d32f
d32f
d32f
d32f
d32f
d32f
d32f
d32f
d32f
e34e
e34e
e34e
e34e
e34e
e34e
e34e
e34e
e34e
e34e
e34e
e34e
e34e
e34e
e34e
e34e
e34e
e34e
f36d
f36d
f36d
f36d
f36d
f36d
f36d
f36d
f36d
f36d
f36d
f36d
f36d
f36d
f36d
f36d
f36d
f36d
f36d
019c
019c
019c
019c
019c
019c
019c
019c
019c
019c
019c
019c
019c
019c
019c
019c
019c
11bb
11bb
11bb
11bb
11bb
11bb
11bb
11bb
11bb
11bb
11bb
11bb
11bb
11bb
11bb
11bb
11bb
11bb
21da
21da
21da
21da
21da
21d9
21da
21da
21da
21da
21da
21da
21da
21b7
21b7
21b7
21b8
21b9
31d8
31d8
31d8
31b7
31b7
31b7
31b8
31b8
31b8
31b9
31b9
3192
3193
3193
3194
3195
3195
3195
41b5
4194
4195
4195
4196
4197
4197
4198
4198
496e
496f
496f
4970
4971
4972
4972
4973
5153
5953
5954
5955
5976
5976
5977
5977
612a
612b
612c
612d
614e
614f
6150
6151
5217
5217
5217
6236
6236
6256
6256
6256
6256
6a13
6a14
6a14
6a14
6a35
6a35
6a35
6a35
71f4
71f5
71f5
71f5
7a35
7a35
7a35
7a35
81ef
81f0
81f0
81f1
81f2
81f2
81f2
81f3
91d2
91d3
91d3
91d4
89d5
89d5
99f5
99f5
a9ac
a9ad
a9ad
a9ae
a1cf
a1cf
a1d0
a1d1
b191
b192
b192
b193
b194
b194
b195
b196
c968
c969
c96a
c96b
c98c
c98d
c98e
92b3
92b3
92b3
92b3
92b3
92b3
92b3
92b3
92b3
92b3
92b3
a2d2
a2d2
a2d2
a2d2
a2d2
a2d2
a2d2
a2d2
a2d2
a2d2
a2d2
a2d2
a2d2
a2d2
a2d2
a2d2
a2d2
a2d2
b2f1
b2f1
b2f1
b2f1
b2f1
b2f1
b2f1
b2f1
b2f1
b2f1
b2f1
b2f1
b2f1
b2f1
b2f1
b2f1
b2f1
b2f1
c310
c310
c310
c310
c310
c310
c310
c310
c310
c310
c310
c310
c310
c310
c310
c310
c310
c310
d32f
d32f
d32f
d32f
d32f
d32f
d32f
d32f
d32f
d32f
d32f
d32f
d32f
d32f
d32f
d32f
d32f
d32f
e34e
e34e
e34e
e34e
e34e
e34e
e34e
e34e
e34e
e34e
e34e
e34e
e34e
e34e
e34e
e34e
e34e
e34e
f36d
f36d
f36d
f36d
f36d
f36d
f36d
f36d
f36d
f36d
f36d
f36d
f36d
f36d
f36d
f36d
f36d
f36d
f36d
019c
019c
019c
019c
019c
019c
019c
019c
019c
019c
019c
019c
019c
019c
019c
019c
019c
11bb
11bb
11bb
11bb
11bb
11bb
11bb
11bb
11bb
11bb
11bb
11bb
11bb
11bb
11bb
11bb
11bb
11bb
21da
21da
21da
21da
21da
21da
21d9
21da
21da
21da
21da
21da
21da
21b7
21b7
21b8
21b7
21b9
31d8
31d8
31d8
31b7
31b7
31b8
31b7
31b8
31b8
31b9
31b9
3193
3192
3194
3193
3195
3195
3196
41b5
4195
4194
4196
4195
4197
4197
4198
4198
496f
496e
4970
496f
4972
4971
4973
4972
5154
5952
5955
5954
5976
5976
5977
5977
612b
612a
612d
612c
614f
614e
6151
6150
5217
5217
5217
6236
6236
6256
6256
6256
6256
6a14
6a13
6a14
6a14
6a35
6a35
6a35
6a35
71f5
71f4
71f5
71f5
7a35
7a35
7a35
7a35
81f0
81ef
81f1
81f0
81f2
81f2
81f3
81f2
91d3
91d2
91d4
91d3
89d5
89d5
99f5
99f5
a9ad
a9ac
a9ae
a9ad
a1cf
a1cf
a1d1
a1d0
b192
b191
b193
b192
b194
b194
b196
b195
c969
c968
c96b
c96a
c98d
c98c
c98f
92b3
92b3
92b3
92b3
92b3
92b3
92b3
92b3
92b3
92b3
92b3
a2d2
a2d2
a2d2
a2d2
a2d2
a2d2
a2d2
a2d2
a2d2
a2d2
a2d2
a2d2
a2d2
a2d2
a2d2
a2d2
a2d2
a2d2
b2f1
b2f1
b2f1
b2f1
b2f1
b2f1
b2f1
b2f1
b2f1
b2f1
b2f1
b2f1
b2f1
b2f1
b2f1
b2f1
b2f1
b2f1
c310
c310
c310
c310
c310
c310
c310
c310
c310
c310
c310
c310
c310
c310
c310
c310
c310
c310
d32f
d32f
d32f
d32f
d32f
d32f
d32f
d32f
d32f
d32f
d32f
d32f
d32f
d32f
d32f
d32f
d32f
d32f
e34e
e34e
e34e
e34e
e34e
e34e
e34e
e34e
e34e
e34e
e34e
e34e
e34e
e34e
e34e
e34e
e34e
e34e
f36d
f36d
f36d
f36d
f36d
f36d
f36d
f36d
f36d
f36d
f36d
f36d
f36d
f36d
f36d
f36d
f36d
f36d
f36d
019c
019c
019c
019c
019c
019c
019c
019c
019c
019c
019c
019c
019c
019c
019c
019c
019c
11bb
11bb
11bb
11bb
11bb
11bb
11bb
11bb
11bb
11bb
11bb
11bb
11bb
11bb
11bb
11bb
11bb
11bb
21da
21da
21da
21da
21da
21da
21da
21d9
21da
21da
21da
21da
21da
21b7
21b8
21b7
21b7
21b9
31d8
31d8
31d8
31b7
31b8
31b7
31b7
31b9
31b9
31b8
31b8
3193
3194
3192
3193
3195
3196
3195
41b4
4195
4196
4194
4195
4198
4198
4197
4197
496f
4970
496e
496f
4972
4973
4971
4972
5154
5955
5952
5953
5977
5977
5976
5976
612c
612d
612a
612b
6150
6151
614e
614f
5217
5217
5217
6236
6236
6256
6256
6256
6256
6a14
6a14
6a13
6a14
6a35
6a35
6a35
6a35
71f5
71f5
71f4
71f5
7a35
7a35
7a35
7a35
81f0
81f1
81ef
81f0
81f2
81f3
81f2
81f2
91d3
91d4
91d2
91d3
89d6
89d6
99f4
99f4
a9ad
a9ae
a9ac
a9ad
a1d0
a1d1
a1cf
a1cf
b192
b193
b191
b192
b195
b196
b194
b194
c96a
c96b
c968
c969
c98e
c98f
c98c
92b3
92b3
92b3
92b3
92b3
92b3
92b3
92b3
92b3
92b3
92b3
a2d2
a2d2
a2d2
a2d2
a2d2
a2d2
a2d2
a2d2
a2d2
a2d2
a2d2
a2d2
a2d2
a2d2
a2d2
a2d2
a2d2
a2d2
b2f1
b2f1
b2f1
b2f1
b2f1
b2f1
b2f1
b2f1
b2f1
b2f1
b2f1
b2f1
b2f1
b2f1
b2f1
b2f1
b2f1
b2f1
c310
c310
c310
c310
c310
c310
c310
c310
c310
c310
c310
c310
c310
c310
c310
c310
c310
c310
d32f
d32f
d32f
d32f
d32f
d32f
d32f
d32f
d32f
d32f
d32f
d32f
d32f
d32f
d32f
d32f
d32f
d32f
e34e
e34e
e34e
e34e
e34e
e34e
e34e
e34e
e34e
e34e
e34e
e34e
e34e
e34e
e34e
e34e
e34e
e34e
f36d
f36d
f36d
f36d
f36d
f36d
f36d
f36d
f36d
f36d
f36d
f36d
f36d
f36d
f36d
f36d
f36d
f36d
f36d
019c
019c
019c
019c
019c
019c
019c
019c
019c
019c
019c
019c
019c
019c
019c
019c
019c
11bb
11bb
11bb
11bb
11bb
11bb
11bb
11bb
11bb
11bb
11bb
11bb
11bb
11bb
11bb
11bb
11bb
11bb
21da
21da
21da
21da
21da
21da
21da
21da
21d9
21da
21da
21da
21da
21b8
21b7
21b7
21b7
21b9
31d8
31d8
31d8
31b8
31b7
31b7
31b7
31b9
31b9
31b8
31b8
3194
3193
3193
3192
3196
3195
3195
41b4
4196
4195
4195
4194
4198
4198
4197
4197
4970
496f
496f
496e
4973
4972
4972
4971
5155
5954
5953
5952
5977
5977
5976
5976
612d
612c
612b
612a
6151
6150
614f
614e
5217
5217
5217
6236
6236
6256
6256
6256
6256
6a14
6a14
6a14
6a13
6a35
6a35
6a35
6a35
71f5
71f5
71f5
71f4
7a35
7a35
7a35
7a35
81f1
81f0
81f0
81ef
81f3
81f2
81f2
81f2
91d4
91d3
91d3
91d2
89d6
89d6
99f4
99f4
a9ae
a9ad
a9ad
a9ac
a1d1
a1d0
a1cf
a1cf
b193
b192
b192
b191
b196
b195
b194
b194
c96b
c96a
c969
c968
c98f
c98e
c98d
92b3
92b3
92b3
92b3
92b3
92b3
92b3
92b3
92b3
92b3
92b3
a2d2
a2d2
a2d2
a2d2
a2d2
a2d2
a2d2
a2d2
a2d2
a2d2
a2d2
a2d2
a2d2
a2d2
a2d2
a2d2
a2d2
a2d2
b2f1
b2f1
b2f1
b2f1
b2f1
b2f1
b2f1
b2f1
b2f1
b2f1
b2f1
b2f1
b2f1
b2f1
b2f1
b2f1
b2f1
b2f1
c310
c310
c310
c310
c310
c310
c310
c310
c310
c310
c310
c310
c310
c310
c310
c310
c310
c310
d32f
d32f
d32f
d32f
d32f
d32f
d32f
d32f
d32f
d32f
d32f
d32f
d32f
d32f
d32f
d32f
d32f
d32f
e34e
e34e
e34e
e34e
e34e
e34e
e34e
e34e
e34e
e34e
e34e
e34e
e34e
e34e
e34e
e34e
e34e
e34e
f36d
f36d
f36d
f36d
f36d
f36d
f36d
f36d
f36d
f36d
f36d
f36d
f36d
f36d
f36d
f36d
f36d
f36d
f36d
019c
019c
019c
019c
019c
019c
019c
019c
019c
019c
019c
019c
019c
019c
019c
019c
019c
11bb
11bb
11bb
11bb
11bb
11bb
11bb
11bb
11bb
11bb
11bb
11bb
11bb
11bb
11bb
11bb
11bb
11bb
21da
21da
21da
21da
21da
21da
21da
21da
21da
21da
21da
21da
21da
21b8
21b8
21b8
21b8
21b8
31d7
31d7
31d8
31b8
31b8
31b9
31b9
31b7
31b8
31b8
31b8
3194
3195
3195
3195
3193
3194
3194
41b4
4197
4197
4198
4198
4195
4195
4196
4196
4971
4971
4972
4973
496f
4970
4970
4971
5156
5956
5957
5957
5972
5973
5974
5975
612d
612f
612f
6130
614b
614c
614c
614e
5217
5217
5217
6236
6236
6256
6256
6256
6256
6a14
6a14
6a15
6a15
6a34
6a35
6a35
6a35
71f6
71f6
71f6
71f6
7a34
7a34
7a34
7a35
81f1
81f2
81f2
81f2
81f0
81f1
81f1
81f1
91d5
91d5
91d6
91d6
89d3
89d3
99f3
99f3
a9ae
a9af
a9af
a9b0
a1cc
a1cd
a1ce
a1ce
b194
b194
b195
b196
b191
b192
b192
b193
c96c
c96d
c96d
c96e
c989
c98a
c98b
92b3
92b3
92b3
92b3
92b3
92b3
92b3
92b3
92b3
92b3
92b3
a2d2
a2d2
a2d2
a2d2
a2d2
a2d2
a2d2
a2d2
a2d2
a2d2
a2d2
a2d2
a2d2
a2d2
a2d2
a2d2
a2d2
a2d2
b2f1
b2f1
b2f1
b2f1
b2f1
b2f1
b2f1
b2f1
b2f1
b2f1
b2f1
b2f1
b2f1
b2f1
b2f1
b2f1
b2f1
b2f1
c310
c310
c310
c310
c310
c310
c310
c310
c310
c310
c310
c310
c310
c310
c310
c310
c310
c310
d32f
d32f
d32f
d32f
d32f
d32f
d32f
d32f
d32f
d32f
d32f
d32f
d32f
d32f
d32f
d32f
d32f
d32f
e34e
e34e
e34e
e34e
e34e
e34e
e34e
e34e
e34e
e34e
e34e
e34e
e34e
e34e
e34e
e34e
e34e
e34e
f36d
f36d
f36d
f36d
f36d
f36d
f36d
f36d
f36d
f36d
f36d
f36d
f36d
f36d
f36d
f36d
f36d
f36d
f36d
019c
019c
019c
019c
019c
019c
019c
019c
019c
019c
019c
019c
019c
019c
019c
019c
019c
11bb
11bb
11bb
11bb
11bb
11bb
11bb
11bb
11bb
11bb
11bb
11bb
11bb
11bb
11bb
11bb
11bb
11bb
21da
21da
21da
21da
21da
21da
21da
21da
21da
21da
21da
21da
21da
21b8
21b8
21b8
21b8
21b8
31d7
31d8
31d7
31b8
31b8
31b9
31b9
31b8
31b7
31b8
31b8
3195
3194
3195
3195
3194
3193
3194
41b3
4197
4197
4198
4198
4195
4195
4196
4196
4971
4971
4973
4972
4970
496f
4971
4970
5157
5956
5957
5957
5973
5972
5975
5974
612f
612d
6130
612f
614c
614b
614e
614c
5217
5217
5217
6236
6236
6256
6256
6256
6256
6a14
6a14
6a15
6a15
6a35
6a34
6a35
6a35
71f6
71f6
71f6
71f6
7a34
7a34
7a35
7a34
81f2
81f1
81f2
81f2
81f1
81f0
81f1
81f1
91d5
91d5
91d6
91d6
89d3
89d3
99f3
99f3
a9af
a9ae
a9b0
a9af
a1cd
a1cc
a1ce
a1ce
b194
b194
b196
b195
b192
b191
b193
b192
c96d
c96c
c96e
c96d
c98a
c989
c98c
92b3
92b3
92b3
92b3
92b3
92b3
92b3
92b3
92b3
92b3
92b3
a2d2
a2d2
a2d2
a2d2
a2d2
a2d2
a2d2
a2d2
a2d2
a2d2
a2d2
a2d2
a2d2
a2d2
a2d2
a2d2
a2d2
a2d2
b2f1
b2f1
b2f1
b2f1
b2f1
b2f1
b2f1
b2f1
b2f1
b2f1
b2f1
b2f1
b2f1
b2f1
b2f1
b2f1
b2f1
b2f1
c310
c310
c310
c310
c310
c310
c310
c310
c310
c310
c310
c310
c310
c310
c310
c310
c310
c310
d32f
d32f
d32f
d32f
d32f
d32f
d32f
d32f
d32f
d32f
d32f
d32f
d32f
d32f
d32f
d32f
d32f
d32f
e34e
e34e
e34e
e34e
e34e
e34e
e34e
e34e
e34e
e34e
e34e
e34e
e34e
e34e
e34e
e34e
e34e
e34e
f36d
f36d
f36d
f36d
f36d
f36d
f36d
f36d
f36d
f36d
f36d
f36d
f36d
f36d
f36d
f36d
f36d
f36d
f36d
021b
021b
021b
021b
021b
021b
021b
021b
021b
021b
021b
021b
021b
021b
021b
021b
021b
123a
123a
123a
123a
123a
123a
123a
123a
123a
123a
123a
123a
123a
123a
123a
123a
123a
123a
2259
2259
2259
2259
2259
2239
2239
2239
2239
2259
2259
2259
2259
2217
2217
2217
2217
2237
3257
3256
3256
3218
3218
3217
3217
3237
3237
3236
3237
31f4
31f5
31f3
31f4
31f3
31f4
31f3
4212
41d7
41d7
41d6
41d6
41f5
41f5
41f4
41f5
49b1
49b2
49b0
49b1
49cf
49d0
49ce
49cf
5197
5997
5995
5996
59b3
59b4
59b2
59b3
616f
6170
616d
616e
618c
618d
618a
618b
5296
5296
5296
62b5
62b5
62d5
62d5
62d5
62d5
6a94
6a94
6a93
6a94
6ab4
6ab4
6ab3
6ab4
7255
7256
7255
7255
7a93
7a94
7a93
7a93
8251
8252
8250
8251
8250
8251
824f
8250
9215
9215
9214
9214
8a33
8a33
9a51
9a52
a9ef
a9f0
a9ee
a9ee
a20d
a20e
a20c
a20d
b1d5
b1d5
b1d3
b1d4
b1f2
b1f3
b1f0
b1f1
c9ad
c9ae
c9ab
c9ac
c9aa
c9ab
c9a9
9332
9332
9332
9332
9332
9332
9332
9332
9332
9332
9332
a351
a351
a351
a351
a351
a351
a351
a351
a351
a351
a351
a351
a351
a351
a351
a351
a351
a351
b370
b370
b370
b370
b370
b370
b370
b370
b370
b370
b370
b370
b370
b370
b370
b370
b370
b370
c38f
c38f
c38f
c38f
c38f
c38f
c38f
c38f
c38f
c38f
c38f
c38f
c38f
c38f
c38f
c38f
c38f
c38f
d3ae
d3ae
d3ae
d3ae
d3ae
d3ae
d3ae
d3ae
d3ae
d3ae
d3ae
d3ae
d3ae
d3ae
d3ae
d3ae
d3ae
d3ae
e3cd
e3cd
e3cd
e3cd
e3cd
e3cd
e3cd
e3cd
e3cd
e3cd
e3cd
e3cd
e3cd
e3cd
e3cd
e3cd
e3cd
e3cd
f3ec
f3ec
f3ec
f3ec
f3ec
f3ec
f3ec
f3ec
f3ec
f3ec
f3ec
f3ec
f3ec
f3ec
f3ec
f3ec
f3ec
f3ec
f3ec
021b
021b
021b
021b
021b
021b
021b
021b
021b
021b
021b
021b
021b
021b
021b
021b
021b
123a
123a
123a
123a
123a
123a
123a
123a
123a
123a
123a
123a
123a
123a
123a
123a
123a
123a
2259
2259
2259
2259
2259
2239
2239
2239
2239
2259
2259
2259
2259
2217
2217
2217
2217
2238
3256
3256
3256
3218
3218
3217
3217
3237
3237
3237
3236
31f5
31f4
31f4
31f3
31f4
31f3
31f3
4212
41d7
41d7
41d6
41d6
41f5
41f5
41f5
41f4
49b2
49b1
49b1
49b0
49d0
49cf
49cf
49ce
5197
5996
5996
5995
59b4
59b3
59b3
59b2
6170
616f
616e
616d
618d
618c
618b
618a
5296
5296
5296
62b5
62b5
62d5
62d5
62d5
62d5
6a94
6a94
6a94
6a93
6ab4
6ab4
6ab4
6ab3
7256
7255
7255
7255
7a94
7a93
7a93
7a93
8252
8251
8251
8250
8251
8250
8250
824f
9215
9215
9214
9214
8a33
8a33
9a52
9a51
a9f0
a9ef
a9ee
a9ee
a20e
a20d
a20d
a20c
b1d5
b1d5
b1d4
b1d3
b1f3
b1f2
b1f1
b1f0
c9ae
c9ad
c9ac
c9ab
c9ab
c9aa
c9aa
9332
9332
9332
9332
9332
9332
9332
9332
9332
9332
9332
a351
a351
a351
a351
a351
a351
a351
a351
a351
a351
a351
a351
a351
a351
a351
a351
a351
a351
b370
b370
b370
b370
b370
b370
b370
b370
b370
b370
b370
b370
b370
b370
b370
b370
b370
b370
c38f
c38f
c38f
c38f
c38f
c38f
c38f
c38f
c38f
c38f
c38f
c38f
c38f
c38f
c38f
c38f
c38f
c38f
d3ae
d3ae
d3ae
d3ae
d3ae
d3ae
d3ae
d3ae
d3ae
d3ae
d3ae
d3ae
d3ae
d3ae
d3ae
d3ae
d3ae
d3ae
e3cd
e3cd
e3cd
e3cd
e3cd
e3cd
e3cd
e3cd
e3cd
e3cd
e3cd
e3cd
e3cd
e3cd
e3cd
e3cd
e3cd
e3cd
f3ec
f3ec
f3ec
f3ec
f3ec
f3ec
f3ec
f3ec
f3ec
f3ec
f3ec
f3ec
f3ec
f3ec
f3ec
f3ec
f3ec
f3ec
f3ec
021b
021b
021b
021b
021b
021b
021b
021b
021b
021b
021b
021b
021b
021b
021b
021b
021b
123a
123a
123a
123a
123a
123a
123a
123a
123a
123a
123a
123a
123a
123a
123a
123a
123a
123a
2259
2259
2259
2259
2259
2237
2237
2237
2238
2237
2237
2237
2237
2259
2259
2259
2259
2259
3278
3278
3278
3213
3213
3213
3214
2a13
2a14
2a14
2a15
3236
3237
3237
3237
3237
3237
3238
4257
41ee
41ef
41ef
41f0
41f0
41f1
41f1
41f2
4a14
4a15
4a15
4a15
4a16
4a16
4a17
4a17
51ab
59cb
59cc
59cd
59ad
59ae
59af
59b0
61f2
61f3
61f3
61f4
61d5
61d6
61d6
61d7
5a94
5a95
5a95
62b4
62b4
6a93
6a94
6a94
6a94
62d5
62d5
62d5
62d5
62b5
62b5
62b5
62b5
7270
7271
7271
7271
8270
8271
8271
8272
7ab3
7ab3
7ab3
7ab4
8294
8294
8295
8295
922c
922d
922e
922e
9a0e
9a0f
a22f
a230
9a71
9a72
9a72
9a73
a253
a254
a254
a255
b9e9
b9ea
b9eb
b9ec
b9cc
b9cd
b9cd
b9ce
c230
c231
c231
c232
c213
c213
c214
9332
9332
9332
9332
9332
9332
9332
9332
9332
9332
9332
a351
a351
a351
a351
a351
a351
a351
a351
a351
a351
a351
a351
a351
a351
a351
a351
a351
a351
b370
b370
b370
b370
b370
b370
b370
b370
b370
b370
b370
b370
b370
b370
b370
b370
b370
b370
c38f
c38f
c38f
c38f
c38f
c38f
c38f
c38f
c38f
c38f
c38f
c38f
c38f
c38f
c38f
c38f
c38f
c38f
d3ae
d3ae
d3ae
d3ae
d3ae
d3ae
d3ae
d3ae
d3ae
d3ae
d3ae
d3ae
d3ae
d3ae
d3ae
d3ae
d3ae
d3ae
e3cd
e3cd
e3cd
e3cd
e3cd
e3cd
e3cd
e3cd
e3cd
e3cd
e3cd
e3cd
e3cd
e3cd
e3cd
e3cd
e3cd
e3cd
f3ec
f3ec
f3ec
f3ec
f3ec
f3ec
f3ec
f3ec
f3ec
f3ec
f3ec
f3ec
f3ec
f3ec
f3ec
f3ec
f3ec
f3ec
f3ec
021b
021b
021b
021b
021b
021b
021b
021b
021b
021b
021b
021b
021b
021b
021b
021b
021b
123a
123a
123a
123a
123a
123a
123a
123a
123a
123a
123a
123a
123a
123a
123a
123a
123a
123a
2259
2259
2259
2259
2259
2237
2237
2238
2237
2237
2237
2237
2237
2259
2259
2259
2259
2259
3278
3278
3278
3213
3213
3214
3213
2a14
2a13
2a15
2a14
3237
3236
3237
3237
3237
3237
3238
4257
41ef
41ee
41f0
41ef
41f1
41f0
41f2
41f1
4a15
4a14
4a15
4a15
4a16
4a16
4a17
4a17
51ac
59ca
59cd
59cc
59ae
59ad
59b0
59af
61f3
61f2
61f4
61f3
61d6
61d5
61d7
61d6
5a95
5a94
5a95
62b4
62b4
6a94
6a93
6a94
6a94
62d5
62d5
62d5
62d5
62b5
62b5
62b5
62b5
7271
7270
7271
7271
8271
8270
8272
8271
7ab3
7ab3
7ab4
7ab3
8294
8294
8295
8295
922d
922c
922e
922e
9a0f
9a0e
a230
a22f
9a72
9a71
9a73
9a72
a254
a253
a255
a254
b9ea
b9e9
b9ec
b9eb
b9cd
b9cc
b9ce
b9cd
c231
c230
c232
c231
c213
c213
c215
9332
9332
9332
9332
9332
9332
9332
9332
9332
9332
9332
a351
a351
a351
a351
a351
a351
a351
a351
a351
a351
a351
a351
a351
a351
a351
a351
a351
a351
b370
b370
b370
b370
b370
b370
b370
b370
b370
b370
b370
b370
b370
b370
b370
b370
b370
b370
c38f
c38f
c38f
c38f
c38f
c38f
c38f
c38f
c38f
c38f
c38f
c38f
c38f
c38f
c38f
c38f
c38f
c38f
d3ae
d3ae
d3ae
d3ae
d3ae
d3ae
d3ae
d3ae
d3ae
d3ae
d3ae
d3ae
d3ae
d3ae
d3ae
d3ae
d3ae
d3ae
e3cd
e3cd
e3cd
e3cd
e3cd
e3cd
e3cd
e3cd
e3cd
e3cd
e3cd
e3cd
e3cd
e3cd
e3cd
e3cd
e3cd
e3cd
f3ec
f3ec
f3ec
f3ec
f3ec
f3ec
f3ec
f3ec
f3ec
f3ec
f3ec
f3ec
f3ec
f3ec
f3ec
f3ec
f3ec
f3ec
f3ec
021b
021b
021b
021b
021b
021b
021b
021b
021b
021b
021b
021b
021b
021b
021b
021b
021b
123a
123a
123a
123a
123a
123a
123a
123a
123a
123a
123a
123a
123a
123a
123a
123a
123a
123a
2259
2259
2259
2259
2259
2237
2238
2237
2237
2237
2237
2237
2237
2259
2259
2259
2259
2259
3278
3278
3278
3213
3214
3213
3213
2a14
2a15
2a13
2a14
3237
3237
3236
3237
3238
3238
3237
4257
41ef
41f0
41ee
41ef
41f1
41f2
41f0
41f1
4a15
4a15
4a14
4a15
4a17
4a17
4a16
4a16
51ac
59cd
59ca
59cb
59af
59b0
59ad
59ae
61f3
61f4
61f2
61f3
61d6
61d7
61d5
61d6
5a95
5a95
5a94
62b4
62b4
6a94
6a94
6a93
6a94
62d5
62d5
62d5
62d5
62b5
62b5
62b5
62b5
7271
7271
7270
7271
8271
8272
8270
8271
7ab3
7ab4
7ab3
7ab3
8295
8295
8294
8294
922e
922e
922c
922d
9a0f
9a10
a22e
a22e
9a72
9a73
9a71
9a72
a254
a255
a253
a254
b9eb
b9ec
b9e9
b9ea
b9cd
b9ce
b9cc
b9cd
c231
c232
c230
c231
c214
c215
c213
9332
9332
9332
9332
9332
9332
9332
9332
9332
9332
9332
a351
a351
a351
a351
a351
a351
a351
a351
a351
a351
a351
a351
a351
a351
a351
a351
a351
a351
b370
b370
b370
b370
b370
b370
b370
b370
b370
b370
b370
b370
b370
b370
b370
b370
b370
b370
c38f
c38f
c38f
c38f
c38f
c38f
c38f
c38f
c38f
c38f
c38f
c38f
c38f
c38f
c38f
c38f
c38f
c38f
d3ae
d3ae
d3ae
d3ae
d3ae
d3ae
d3ae
d3ae
d3ae
d3ae
d3ae
d3ae
d3ae
d3ae
d3ae
d3ae
d3ae
d3ae
e3cd
e3cd
e3cd
e3cd
e3cd
e3cd
e3cd
e3cd
e3cd
e3cd
e3cd
e3cd
e3cd
e3cd
e3cd
e3cd
e3cd
e3cd
f3ec
f3ec
f3ec
f3ec
f3ec
f3ec
f3ec
f3ec
f3ec
f3ec
f3ec
f3ec
f3ec
f3ec
f3ec
f3ec
f3ec
f3ec
f3ec
021b
021b
021b
021b
021b
021b
021b
021b
021b
021b
021b
021b
021b
021b
021b
021b
021b
123a
123a
123a
123a
123a
123a
123a
123a
123a
123a
123a
123a
123a
123a
123a
123a
123a
123a
2259
2259
2259
2259
2259
2238
2237
2237
2237
2237
2237
2237
2237
2259
2259
2259
2259
2259
3278
3278
3278
3214
3213
3213
3213
2a15
2a14
2a14
2a13
3237
3237
3237
3236
3238
3238
3237
4256
41f0
41ef
41ef
41ee
41f2
41f1
41f1
41f0
4a15
4a15
4a15
4a14
4a17
4a17
4a16
4a16
51ae
59cc
59cb
59ca
59b0
59af
59ae
59ad
61f4
61f3
61f3
61f2
61d7
61d6
61d6
61d5
5a95
5a95
5a95
62b3
62b3
6a94
6a94
6a94
6a93
62d5
62d5
62d5
62d5
62b5
62b5
62b5
62b5
7271
7271
7271
7270
8272
8271
8271
8270
7ab4
7ab3
7ab3
7ab3
8295
8295
8294
8294
922e
922e
922d
922c
9a10
9a0f
a22e
a22e
9a73
9a72
9a72
9a71
a255
a254
a254
a253
b9ec
b9eb
b9ea
b9e9
b9ce
b9cd
b9cd
b9cc
c232
c231
c231
c230
c215
c214
c213
9332
9332
9332
9332
9332
9332
9332
9332
9332
9332
9332
a351
a351
a351
a351
a351
a351
a351
a351
a351
a351
a351
a351
a351
a351
a351
a351
a351
a351
b370
b370
b370
b370
b370
b370
b370
b370
b370
b370
b370
b370
b370
b370
b370
b370
b370
b370
c38f
c38f
c38f
c38f
c38f
c38f
c38f
c38f
c38f
c38f
c38f
c38f
c38f
c38f
c38f
c38f
c38f
c38f
d3ae
d3ae
d3ae
d3ae
d3ae
d3ae
d3ae
d3ae
d3ae
d3ae
d3ae
d3ae
d3ae
d3ae
d3ae
d3ae
d3ae
d3ae
e3cd
e3cd
e3cd
e3cd
e3cd
e3cd
e3cd
e3cd
e3cd
e3cd
e3cd
e3cd
e3cd
e3cd
e3cd
e3cd
e3cd
e3cd
f3ec
f3ec
f3ec
f3ec
f3ec
f3ec
f3ec
f3ec
f3ec
f3ec
f3ec
f3ec
f3ec
f3ec
f3ec
f3ec
f3ec
f3ec
f3ec
021b
021b
021b
021b
021b
021b
021b
021b
021b
021b
021b
021b
021b
021b
021b
021b
021b
123a
123a
123a
123a
123a
123a
123a
123a
123a
123a
123a
123a
123a
123a
123a
123a
123a
123a
2259
2259
2259
2259
2259
2238
2238
2238
2238
2236
2236
2236
2237
2259
2259
2259
2259
2259
3278
3278
3278
3214
3214
3215
3215
2a12
2a12
2a12
2a13
3237
3238
3238
3238
3236
3236
3236
4256
41f1
41f1
41f2
41f2
41ed
41ee
41ef
41f0
4a16
4a16
4a17
4a17
4a14
4a14
4a15
4a15
51ae
59cf
59cf
59d0
59aa
59ab
59ab
59ac
61f5
61f6
61f6
61f7
61d2
61d3
61d3
61d4
5a95
5a95
5a95
62b4
62b4
6a93
6a93
6a93
6a93
62d5
62d5
62d5
62d5
62b5
62b5
62b5
62b5
7272
7272
7272
7273
826f
826f
8270
8270
7ab4
7ab4
7ab4
7ab5
8293
8293
8293
8294
922f
922f
9230
9231
9a0c
9a0d
a22c
a22d
9a73
9a74
9a74
9a75
a251
a252
a252
a253
b9ec
b9ed
b9ee
b9ef
b9c8
b9c9
b9ca
b9cb
c233
c233
c234
c235
c210
c211
c211
9332
9332
9332
9332
9332
9332
9332
9332
9332
9332
9332
a351
a351
a351
a351
a351
a351
a351
a351
a351
a351
a351
a351
a351
a351
a351
a351
a351
a351
b370
b370
b370
b370
b370
b370
b370
b370
b370
b370
b370
b370
b370
b370
b370
b370
b370
b370
c38f
c38f
c38f
c38f
c38f
c38f
c38f
c38f
c38f
c38f
c38f
c38f
c38f
c38f
c38f
c38f
c38f
c38f
d3ae
d3ae
d3ae
d3ae
d3ae
d3ae
d3ae
d3ae
d3ae
d3ae
d3ae
d3ae
d3ae
d3ae
d3ae
d3ae
d3ae
d3ae
e3cd
e3cd
e3cd
e3cd
e3cd
e3cd
e3cd
e3cd
e3cd
e3cd
e3cd
e3cd
e3cd
e3cd
e3cd
e3cd
e3cd
e3cd
f3ec
f3ec
f3ec
f3ec
f3ec
f3ec
f3ec
f3ec
f3ec
f3ec
f3ec
f3ec
f3ec
f3ec
f3ec
f3ec
f3ec
f3ec
f3ec
021b
021b
021b
021b
021b
021b
021b
021b
021b
021b
021b
021b
021b
021b
021b
021b
021b
123a
123a
123a
123a
123a
123a
123a
123a
123a
123a
123a
123a
123a
123a
123a
123a
123a
123a
2259
2259
2259
2259
2259
2238
2238
2238
2238
2236
2236
2237
2236
2259
2259
2259
2259
2259
3278
3278
3278
3214
3214
3215
3215
2a12
2a12
2a13
2a12
3238
3237
3238
3238
3236
3236
3237
4256
41f1
41f1
41f2
41f2
41ee
41ed
41f0
41ef
4a16
4a16
4a17
4a17
4a14
4a14
4a15
4a15
51af
59ce
59d0
59cf
59ab
59aa
59ac
59ab
61f6
61f5
61f7
61f6
61d3
61d2
61d4
61d3
5a95
5a95
5a95
62b4
62b4
6a93
6a93
6a93
6a93
62d5
62d5
62d5
62d5
62b5
62b5
62b5
62b5
7272
7272
7273
7272
826f
826f
8270
8270
7ab4
7ab4
7ab5
7ab4
8293
8293
8294
8293
922f
922f
9231
9230
9a0d
9a0c
a22d
a22c
9a74
9a73
9a75
9a74
a252
a251
a253
a252
b9ed
b9ec
b9ef
b9ee
b9c9
b9c8
b9cb
b9ca
c233
c233
c235
c234
c211
c210
c212
9332
9332
9332
9332
9332
9332
9332
9332
9332
9332
9332
a351
a351
a351
a351
a351
a351
a351
a351
a351
a351
a351
a351
a351
a351
a351
a351
a351
a351
b370
b370
b370
b370
b370
b370
b370
b370
b370
b370
b370
b370
b370
b370
b370
b370
b370
b370
c38f
c38f
c38f
c38f
c38f
c38f
c38f
c38f
c38f
c38f
c38f
c38f
c38f
c38f
c38f
c38f
c38f
c38f
d3ae
d3ae
d3ae
d3ae
d3ae
d3ae
d3ae
d3ae
d3ae
d3ae
d3ae
d3ae
d3ae
d3ae
d3ae
d3ae
d3ae
d3ae
e3cd
e3cd
e3cd
e3cd
e3cd
e3cd
e3cd
e3cd
e3cd
e3cd
e3cd
e3cd
e3cd
e3cd
e3cd
e3cd
e3cd
e3cd
f3ec
f3ec
f3ec
f3ec
f3ec
f3ec
f3ec
f3ec
f3ec
f3ec
f3ec
f3ec
f3ec
f3ec
f3ec
f3ec
f3ec
f3ec
f3ec
021b
021b
021b
021b
021b
021b
021b
021b
021b
021b
021b
021b
021b
021b
021b
021b
021b
123a
123a
123a
123a
123a
123a
123a
123a
123a
123a
123a
123a
123a
123a
123a
123a
123a
123a
2259
2259
2259
2259
2259
2238
2238
2238
2238
2236
2237
2236
2236
2259
2259
2259
2259
2259
3278
3278
3278
3215
3215
3214
3214
2a12
2a13
2a12
2a12
3238
3238
3237
3238
3236
3237
3236
4255
41f2
41f2
41f1
41f1
41ef
41f0
41ed
41ee
4a17
4a17
4a16
4a16
4a15
4a15
4a14
4a14
51b0
59d0
59ce
59cf
59ab
59ac
59aa
59ab
61f6
61f7
61f5
61f6
61d3
61d4
61d2
61d3
5a95
5a95
5a95
62b4
62b4
6a93
6a93
6a93
6a93
62d5
62d5
62d5
62d5
62b5
62b5
62b5
62b5
7272
7273
7272
7272
8270
8270
826f
826f
7ab4
7ab5
7ab4
7ab4
8293
8294
8293
8293
9230
9231
922f
922f
9a0d
9a0e
a22b
a22c
9a74
9a75
9a73
9a74
a252
a253
a251
a252
b9ee
b9ef
b9ec
b9ed
b9ca
b9cb
b9c8
b9c9
c234
c235
c233
c233
c211
c212
c210
9332
9332
9332
9332
9332
9332
9332
9332
9332
9332
9332
a351
a351
a351
a351
a351
a351
a351
a351
a351
a351
a351
a351
a351
a351
a351
a351
a351
a351
b370
b370
b370
b370
b370
b370
b370
b370
b370
b370
b370
b370
b370
b370
b370
b370
b370
b370
c38f
c38f
c38f
c38f
c38f
c38f
c38f
c38f
c38f
c38f
c38f
c38f
c38f
c38f
c38f
c38f
c38f
c38f
d3ae
d3ae
d3ae
d3ae
d3ae
d3ae
d3ae
d3ae
d3ae
d3ae
d3ae
d3ae
d3ae
d3ae
d3ae
d3ae
d3ae
d3ae
e3cd
e3cd
e3cd
e3cd
e3cd
e3cd
e3cd
e3cd
e3cd
e3cd
e3cd
e3cd
e3cd
e3cd
e3cd
e3cd
e3cd
e3cd
f3ec
f3ec
f3ec
f3ec
f3ec
f3ec
f3ec
f3ec
f3ec
f3ec
f3ec
f3ec
f3ec
f3ec
f3ec
f3ec
f3ec
f3ec
f3ec
021b
021b
021b
021b
021b
021b
021b
021b
021b
021b
021b
021b
021b
021b
021b
021b
021b
123a
123a
123a
123a
123a
123a
123a
123a
123a
123a
123a
123a
123a
123a
123a
123a
123a
123a
2259
2259
2259
2259
2259
2238
2238
2238
2238
2237
2236
2236
2236
2259
2259
2259
2259
2259
3278
3278
3278
3215
3215
3214
3214
2a13
2a12
2a12
2a12
3238
3238
3238
3237
3237
3236
3236
4255
41f2
41f2
41f1
41f1
41f0
41ef
41ee
41ed
4a17
4a17
4a16
4a16
4a15
4a15
4a14
4a14
51b1
59cf
59cf
59ce
59ac
59ab
59ab
59aa
61f7
61f6
61f6
61f5
61d4
61d3
61d3
61d2
5a95
5a95
5a95
62b4
62b4
6a93
6a93
6a93
6a93
62d5
62d5
62d5
62d5
62b5
62b5
62b5
62b5
7273
7272
7272
7272
8270
8270
826f
826f
7ab5
7ab4
7ab4
7ab4
8294
8293
8293
8293
9231
9230
922f
922f
9a0e
9a0d
a22c
a22b
9a75
9a74
9a74
9a73
a253
a252
a252
a251
b9ef
b9ee
b9ed
b9ec
b9cb
b9ca
b9c9
b9c8
c235
c234
c233
c233
c212
c211
c211
9332
9332
9332
9332
9332
9332
9332
9332
9332
9332
9332
a351
a351
a351
a351
a351
a351
a351
a351
a351
a351
a351
a351
a351
a351
a351
a351
a351
a351
b370
b370
b370
b370
b370
b370
b370
b370
b370
b370
b370
b370
b370
b370
b370
b370
b370
b370
c38f
c38f
c38f
c38f
c38f
c38f
c38f
c38f
c38f
c38f
c38f
c38f
c38f
c38f
c38f
c38f
c38f
c38f
d3ae
d3ae
d3ae
d3ae
d3ae
d3ae
d3ae
d3ae
d3ae
d3ae
d3ae
d3ae
d3ae
d3ae
d3ae
d3ae
d3ae
d3ae
e3cd
e3cd
e3cd
e3cd
e3cd
e3cd
e3cd
e3cd
e3cd
e3cd
e3cd
e3cd
e3cd
e3cd
e3cd
e3cd
e3cd
e3cd
f3ec
f3ec
f3ec
f3ec
f3ec
f3ec
f3ec
f3ec
f3ec
f3ec
f3ec
f3ec
f3ec
f3ec
f3ec
f3ec
f3ec
f3ec
f3ec
021b
021b
021b
021b
021b
021b
021b
021b
021b
021b
021b
021b
021b
021b
021b
021b
021b
123a
123a
123a
123a
123a
123a
123a
123a
123a
123a
123a
123a
123a
123a
123a
123a
123a
123a
2259
2259
2259
2259
2259
2238
2238
2238
2238
2239
2239
2239
2239
2258
2258
2258
2258
2259
3278
3278
3278
2a35
2a36
2a36
2a36
3237
3237
3238
3238
3233
3234
3234
3234
3255
3256
3256
4275
4213
4214
4214
4215
4216
4216
4217
4217
4a2f
4a30
4a30
4a31
4a32
4a32
4a33
4a33
51d1
59f2
59f3
59f4
59f5
59f5
59f7
59f7
620b
620c
620d
620e
620f
6210
6210
6211
5a95
5a95
5a95
6ab5
6ab5
62b5
62b5
62b5
62b5
62d4
62d4
62d4
62d4
62d5
62d5
62d5
62d5
7273
7273
7274
7274
8294
8294
8295
8295
82b0
82b1
82b1
82b1
7ab2
7ab2
7ab2
7ab3
9a51
9a52
9a52
9a53
9254
9254
9a75
9a75
a26d
a26d
a26e
a26e
9a8f
9a90
9a90
9a91
ba10
ba11
ba11
ba12
ba34
ba34
ba35
ba36
c249
c24a
c24b
c24c
c24d
c24d
c24e
9332
9332
9332
9332
9332
9332
9332
9332
9332
9332
9332
a351
a351
a351
a351
a351
a351
a351
a351
a351
a351
a351
a351
a351
a351
a351
a351
a351
a351
b370
b370
b370
b370
b370
b370
b370
b370
b370
b370
b370
b370
b370
b370
b370
b370
b370
b370
c38f
c38f
c38f
c38f
c38f
c38f
c38f
c38f
c38f
c38f
c38f
c38f
c38f
c38f
c38f
c38f
c38f
c38f
d3ae
d3ae
d3ae
d3ae
d3ae
d3ae
d3ae
d3ae
d3ae
d3ae
d3ae
d3ae
d3ae
d3ae
d3ae
d3ae
d3ae
d3ae
e3cd
e3cd
e3cd
e3cd
e3cd
e3cd
e3cd
e3cd
e3cd
e3cd
e3cd
e3cd
e3cd
e3cd
e3cd
e3cd
e3cd
e3cd
f3ec
f3ec
f3ec
f3ec
f3ec
f3ec
f3ec
f3ec
f3ec
f3ec
f3ec
f3ec
f3ec
f3ec
f3ec
f3ec
f3ec
f3ec
f3ec
021b
021b
021b
021b
021b
021b
021b
021b
021b
021b
021b
021b
021b
021b
021b
021b
021b
123a
123a
123a
123a
123a
123a
123a
123a
123a
123a
123a
123a
123a
123a
123a
123a
123a
123a
2259
2259
2259
2259
2259
2238
2238
2238
2238
2239
2239
2239
2239
2258
2258
2258
2258
2259
3278
3278
3278
2a36
2a35
2a36
2a36
3237
3237
3238
3238
3234
3233
3234
3234
3256
3255
3256
4275
4214
4213
4215
4214
4216
4216
4217
4217
4a30
4a2f
4a31
4a30
4a32
4a32
4a33
4a33
51d2
59f1
59f4
59f3
59f5
59f5
59f7
59f7
620c
620b
620e
620d
6210
620f
6211
6210
5a95
5a95
5a96
6ab4
6ab4
62b5
62b5
62b5
62b5
62d4
62d4
62d4
62d4
62d5
62d5
62d5
62d5
7273
7273
7274
7274
8294
8294
8295
8295
82b1
82b0
82b1
82b1
7ab2
7ab2
7ab3
7ab2
9a52
9a51
9a53
9a52
9254
9254
9a75
9a75
a26d
a26d
a26e
a26e
9a90
9a8f
9a91
9a90
ba11
ba10
ba12
ba11
ba34
ba34
ba36
ba35
c24a
c249
c24c
c24b
c24d
c24d
c24f
9332
9332
9332
9332
9332
9332
9332
9332
9332
9332
9332
a351
a351
a351
a351
a351
a351
a351
a351
a351
a351
a351
a351
a351
a351
a351
a351
a351
a351
b370
b370
b370
b370
b370
b370
b370
b370
b370
b370
b370
b370
b370
b370
b370
b370
b370
b370
c38f
c38f
c38f
c38f
c38f
c38f
c38f
c38f
c38f
c38f
c38f
c38f
c38f
c38f
c38f
c38f
c38f
c38f
d3ae
d3ae
d3ae
d3ae
d3ae
d3ae
d3ae
d3ae
d3ae
d3ae
d3ae
d3ae
d3ae
d3ae
d3ae
d3ae
d3ae
d3ae
e3cd
e3cd
e3cd
e3cd
e3cd
e3cd
e3cd
e3cd
e3cd
e3cd
e3cd
e3cd
e3cd
e3cd
e3cd
e3cd
e3cd
e3cd
f3ec
f3ec
f3ec
f3ec
f3ec
f3ec
f3ec
f3ec
f3ec
f3ec
f3ec
f3ec
f3ec
f3ec
f3ec
f3ec
f3ec
f3ec
f3ec
021b
021b
021b
021b
021b
021b
021b
021b
021b
021b
021b
021b
021b
021b
021b
021b
021b
123a
123a
123a
123a
123a
123a
123a
123a
123a
123a
123a
123a
123a
123a
123a
123a
123a
123a
2259
2259
2259
2259
2259
2238
2238
2238
2238
2239
2239
2239
2239
2258
2258
2258
2258
2259
3278
3278
3278
2a36
2a36
2a35
2a36
3238
3238
3237
3237
3234
3234
3233
3234
3256
3256
3255
4275
4214
4215
4213
4214
4217
4217
4216
4216
4a30
4a31
4a2f
4a30
4a33
4a33
4a32
4a32
51d3
59f4
59f1
59f2
59f7
59f7
59f5
59f5
620d
620e
620b
620c
6210
6211
620f
6210
5a95
5a96
5a95
6ab4
6ab4
62b5
62b5
62b5
62b5
62d4
62d4
62d4
62d4
62d5
62d5
62d5
62d5
7274
7274
7273
7273
8295
8295
8294
8294
82b1
82b1
82b0
82b1
7ab2
7ab3
7ab2
7ab2
9a52
9a53
9a51
9a52
9255
9256
9a73
9a74
a26e
a26e
a26d
a26d
9a90
9a91
9a8f
9a90
ba11
ba12
ba10
ba11
ba35
ba36
ba34
ba34
c24b
c24c
c249
c24a
c24e
c24f
c24d
9332
9332
9332
9332
9332
9332
9332
9332
9332
9332
9332
a351
a351
a351
a351
a351
a351
a351
a351
a351
a351
a351
a351
a351
a351
a351
a351
a351
a351
b370
b370
b370
b370
b370
b370
b370
b370
b370
b370
b370
b370
b370
b370
b370
b370
b370
b370
c38f
c38f
c38f
c38f
c38f
c38f
c38f
c38f
c38f
c38f
c38f
c38f
c38f
c38f
c38f
c38f
c38f
c38f
d3ae
d3ae
d3ae
d3ae
d3ae
d3ae
d3ae
d3ae
d3ae
d3ae
d3ae
d3ae
d3ae
d3ae
d3ae
d3ae
d3ae
d3ae
e3cd
e3cd
e3cd
e3cd
e3cd
e3cd
e3cd
e3cd
e3cd
e3cd
e3cd
e3cd
e3cd
e3cd
e3cd
e3cd
e3cd
e3cd
f3ec
f3ec
f3ec
f3ec
f3ec
f3ec
f3ec
f3ec
f3ec
f3ec
f3ec
f3ec
f3ec
f3ec
f3ec
f3ec
f3ec
f3ec
f3ec
029a
029a
029a
029a
029a
029a
029a
029a
029a
029a
029a
029a
029a
029a
029a
029a
029a
12b9
12b9
12b9
12b9
12b9
12b9
12b9
12b9
12b9
12b9
12b9
12b9
12b9
12b9
12b9
12b9
12b9
12b9
22d8
22d8
22d8
22d8
22d8
22b7
22b7
22b7
22b7
22b8
22b8
22b8
22b8
22d7
22d7
22d7
22d7
22d8
32f7
32f7
32f7
2a96
2a95
2a95
2a94
3297
3297
3297
3296
32b4
32b3
32b3
32b3
32b5
32b5
32b5
42d4
4254
4254
4253
4252
4277
4276
4276
4275
4a70
4a70
4a6f
4a6f
4a93
4a92
4a92
4a91
5214
5a32
5a32
5a30
5a37
5a36
5a35
5a34
624d
624c
624c
624b
6250
6250
624f
624e
5af5
5af4
5af4
6b13
6b13
6334
6334
6334
6334
6333
6333
6333
6333
6354
6354
6354
6354
72d3
72d3
72d3
72d2
82f4
82f4
82f3
82f3
8310
8310
8310
830f
7b12
7b12
7b11
7b11
9a93
9a92
9a91
9a91
92b5
92b5
9ab3
9ab3
a2ce
a2cd
a2cd
a2cc
9af0
9aef
9aef
9aee
ba52
ba51
ba50
ba4f
ba75
ba75
ba74
ba73
c28b
c28a
c28a
c289
c28e
c28d
c28d
93b1
93b1
93b1
93b1
93b1
93b1
93b1
93b1
93b1
93b1
93b1
a3d0
a3d0
a3d0
a3d0
a3d0
a3d0
a3d0
a3d0
a3d0
a3d0
a3d0
a3d0
a3d0
a3d0
a3d0
a3d0
a3d0
a3d0
b3ef
b3ef
b3ef
b3ef
b3ef
b3ef
b3ef
b3ef
b3ef
b3ef
b3ef
b3ef
b3ef
b3ef
b3ef
b3ef
b3ef
b3ef
c40e
c40e
c40e
c40e
c40e
c40e
c40e
c40e
c40e
c40e
c40e
c40e
c40e
c40e
c40e
c40e
c40e
c40e
d42d
d42d
d42d
d42d
d42d
d42d
d42d
d42d
d42d
d42d
d42d
d42d
d42d
d42d
d42d
d42d
d42d
d42d
e44c
e44c
e44c
e44c
e44c
e44c
e44c
e44c
e44c
e44c
e44c
e44c
e44c
e44c
e44c
e44c
e44c
e44c
f46b
f46b
f46b
f46b
f46b
f46b
f46b
f46b
f46b
f46b
f46b
f46b
f46b
f46b
f46b
f46b
f46b
f46b
f46b
029a
029a
029a
029a
029a
029a
029a
029a
029a
029a
029a
029a
029a
029a
029a
029a
029a
12b9
12b9
12b9
12b9
12b9
12b9
12b9
12b9
12b9
12b9
12b9
12b9
12b9
12b9
12b9
12b9
12b9
12b9
22d8
22d8
22d8
22d8
22d8
22b8
22b8
22b8
22b8
22b7
22b7
22b7
22b8
22d7
22d7
22d7
22d7
22d8
32f7
32f7
32f7
2a96
2a96
2a97
2a97
3295
3295
3295
3296
32b4
32b4
32b4
32b5
32b4
32b4
32b4
42d3
4255
4256
4256
4257
4273
4273
4274
4274
4a71
4a71
4a72
4a72
4a8f
4a90
4a90
4a91
5215
5a35
5a36
5a37
5a31
5a32
5a32
5a33
624e
624f
624f
6250
624c
624c
624d
624e
5af5
5af5
5af5
6b14
6b14
6333
6334
6334
6334
6333
6334
6334
6334
6354
6354
6354
6354
72d4
72d4
72d5
72d5
82f2
82f2
82f2
82f3
8311
8311
8311
8311
7b10
7b10
7b11
7b11
9a93
9a94
9a95
9a95
92b1
92b1
9ab1
9ab2
a2ce
a2cf
a2cf
a2d0
9aed
9aed
9aed
9aee
ba53
ba54
ba55
ba55
ba6f
ba70
ba71
ba72
c28c
c28d
c28d
c28e
c289
c28a
c28b
93b1
93b1
93b1
93b1
93b1
93b1
93b1
93b1
93b1
93b1
93b1
a3d0
a3d0
a3d0
a3d0
a3d0
a3d0
a3d0
a3d0
a3d0
a3d0
a3d0
a3d0
a3d0
a3d0
a3d0
a3d0
a3d0
a3d0
b3ef
b3ef
b3ef
b3ef
b3ef
b3ef
b3ef
b3ef
b3ef
b3ef
b3ef
b3ef
b3ef
b3ef
b3ef
b3ef
b3ef
b3ef
c40e
c40e
c40e
c40e
c40e
c40e
c40e
c40e
c40e
c40e
c40e
c40e
c40e
c40e
c40e
c40e
c40e
c40e
d42d
d42d
d42d
d42d
d42d
d42d
d42d
d42d
d42d
d42d
d42d
d42d
d42d
d42d
d42d
d42d
d42d
d42d
e44c
e44c
e44c
e44c
e44c
e44c
e44c
e44c
e44c
e44c
e44c
e44c
e44c
e44c
e44c
e44c
e44c
e44c
f46b
f46b
f46b
f46b
f46b
f46b
f46b
f46b
f46b
f46b
f46b
f46b
f46b
f46b
f46b
f46b
f46b
f46b
f46b
029a
029a
029a
029a
029a
029a
029a
029a
029a
029a
029a
029a
029a
029a
029a
029a
029a
12b9
12b9
12b9
12b9
12b9
12b9
12b9
12b9
12b9
12b9
12b9
12b9
12b9
12b9
12b9
12b9
12b9
12b9
22d8
22d8
22d8
22d8
22d8
22b8
22b8
22b8
22b8
22b7
22b7
22b8
22b7
22d7
22d7
22d7
22d7
22d8
32f7
32f7
32f7
2a96
2a96
2a97
2a97
3295
3295
3296
3295
32b4
32b4
32b5
32b4
32b4
32b4
32b4
42d3
4256
4255
4257
4256
4273
4273
4274
4274
4a71
4a71
4a72
4a72
4a90
4a8f
4a91
4a90
5215
5a34
5a37
5a36
5a32
5a31
5a33
5a32
624f
624e
6250
624f
624c
624c
624e
624d
5af5
5af5
5af5
6b14
6b14
6334
6333
6334
6334
6334
6333
6334
6334
6354
6354
6354
6354
72d4
72d4
72d5
72d5
82f2
82f2
82f3
82f2
8311
8311
8311
8311
7b10
7b10
7b11
7b11
9a94
9a93
9a95
9a95
92b1
92b1
9ab2
9ab1
a2cf
a2ce
a2d0
a2cf
9aed
9aed
9aee
9aed
ba54
ba53
ba55
ba55
ba70
ba6f
ba72
ba71
c28d
c28c
c28e
c28d
c28a
c289
c28c
93b1
93b1
93b1
93b1
93b1
93b1
93b1
93b1
93b1
93b1
93b1
a3d0
a3d0
a3d0
a3d0
a3d0
a3d0
a3d0
a3d0
a3d0
a3d0
a3d0
a3d0
a3d0
a3d0
a3d0
a3d0
a3d0
a3d0
b3ef
b3ef
b3ef
b3ef
b3ef
b3ef
b3ef
b3ef
b3ef
b3ef
b3ef
b3ef
b3ef
b3ef
b3ef
b3ef
b3ef
b3ef
c40e
c40e
c40e
c40e
c40e
c40e
c40e
c40e
c40e
c40e
c40e
c40e
c40e
c40e
c40e
c40e
c40e
c40e
d42d
d42d
d42d
d42d
d42d
d42d
d42d
d42d
d42d
d42d
d42d
d42d
d42d
d42d
d42d
d42d
d42d
d42d
e44c
e44c
e44c
e44c
e44c
e44c
e44c
e44c
e44c
e44c
e44c
e44c
e44c
e44c
e44c
e44c
e44c
e44c
f46b
f46b
f46b
f46b
f46b
f46b
f46b
f46b
f46b
f46b
f46b
f46b
f46b
f46b
f46b
f46b
f46b
f46b
f46b
029a
029a
029a
029a
029a
029a
029a
029a
029a
029a
029a
029a
029a
029a
029a
029a
029a
12b9
12b9
12b9
12b9
12b9
12b9
12b9
12b9
12b9
12b9
12b9
12b9
12b9
12b9
12b9
12b9
12b9
12b9
22d8
22d8
22d8
22d8
22d8
22b8
22b8
22b8
22b8
22b7
22b8
22b7
22b7
22d7
22d7
22d7
22d7
22d8
32f7
32f7
32f7
2a97
2a97
2a96
2a96
3295
3296
3295
3295
32b4
32b5
32b4
32b4
32b4
32b4
32b4
42d3
4256
4257
4255
4256
4274
4274
4273
4273
4a72
4a72
4a71
4a71
4a90
4a91
4a8f
4a90
5217
5a37
5a34
5a35
5a32
5a33
5a31
5a32
624f
6250
624e
624f
624d
624e
624c
624c
5af5
5af5
5af5
6b14
6b14
6334
6334
6333
6334
6334
6334
6333
6334
6354
6354
6354
6354
72d5
72d5
72d4
72d4
82f2
82f3
82f2
82f2
8311
8311
8311
8311
7b11
7b11
7b10
7b10
9a95
9a95
9a93
9a94
92b2
92b3
9ab0
9ab1
a2cf
a2d0
a2ce
a2cf
9aed
9aee
9aed
9aed
ba55
ba55
ba53
ba54
ba71
ba72
ba6f
ba70
c28d
c28e
c28c
c28d
c28b
c28c
c289
93b1
93b1
93b1
93b1
93b1
93b1
93b1
93b1
93b1
93b1
93b1
a3d0
a3d0
a3d0
a3d0
a3d0
a3d0
a3d0
a3d0
a3d0
a3d0
a3d0
a3d0
a3d0
a3d0
a3d0
a3d0
a3d0
a3d0
b3ef
b3ef
b3ef
b3ef
b3ef
b3ef
b3ef
b3ef
b3ef
b3ef
b3ef
b3ef
b3ef
b3ef
b3ef
b3ef
b3ef
b3ef
c40e
c40e
c40e
c40e
c40e
c40e
c40e
c40e
c40e
c40e
c40e
c40e
c40e
c40e
c40e
c40e
c40e
c40e
d42d
d42d
d42d
d42d
d42d
d42d
d42d
d42d
d42d
d42d
d42d
d42d
d42d
d42d
d42d
d42d
d42d
d42d
e44c
e44c
e44c
e44c
e44c
e44c
e44c
e44c
e44c
e44c
e44c
e44c
e44c
e44c
e44c
e44c
e44c
e44c
f46b
f46b
f46b
f46b
f46b
f46b
f46b
f46b
f46b
f46b
f46b
f46b
f46b
f46b
f46b
f46b
f46b
f46b
f46b
029a
029a
029a
029a
029a
029a
029a
029a
029a
029a
029a
029a
029a
029a
029a
029a
029a
12b9
12b9
12b9
12b9
12b9
12b9
12b9
12b9
12b9
12b9
12b9
12b9
12b9
12b9
12b9
12b9
12b9
12b9
22d8
22d8
22d8
22d8
22d8
22b8
22b8
22b8
22b8
22b8
22b7
22b7
22b7
22d7
22d7
22d7
22d7
22d8
32f7
32f7
32f7
2a97
2a97
2a96
2a96
3296
3295
3295
3295
32b5
32b4
32b4
32b4
32b4
32b4
32b4
42d3
4257
4256
4256
4255
4274
4274
4273
4273
4a72
4a72
4a71
4a71
4a91
4a90
4a90
4a8f
5217
5a36
5a35
5a34
5a33
5a32
5a32
5a31
6250
624f
624f
624e
624e
624d
624c
624c
5af5
5af5
5af5
6b14
6b14
6334
6334
6334
6333
6334
6334
6334
6333
6354
6354
6354
6354
72d5
72d5
72d4
72d4
82f3
82f2
82f2
82f2
8311
8311
8311
8311
7b11
7b11
7b10
7b10
9a95
9a95
9a94
9a93
92b3
92b2
9ab1
9ab0
a2d0
a2cf
a2cf
a2ce
9aee
9aed
9aed
9aed
ba55
ba55
ba54
ba53
ba72
ba71
ba70
ba6f
c28e
c28d
c28d
c28c
c28c
c28b
c28a
93b1
93b1
93b1
93b1
93b1
93b1
93b1
93b1
93b1
93b1
93b1
a3d0
a3d0
a3d0
a3d0
a3d0
a3d0
a3d0
a3d0
a3d0
a3d0
a3d0
a3d0
a3d0
a3d0
a3d0
a3d0
a3d0
a3d0
b3ef
b3ef
b3ef
b3ef
b3ef
b3ef
b3ef
b3ef
b3ef
b3ef
b3ef
b3ef
b3ef
b3ef
b3ef
b3ef
b3ef
b3ef
c40e
c40e
c40e
c40e
c40e
c40e
c40e
c40e
c40e
c40e
c40e
c40e
c40e
c40e
c40e
c40e
c40e
c40e
d42d
d42d
d42d
d42d
d42d
d42d
d42d
d42d
d42d
d42d
d42d
d42d
d42d
d42d
d42d
d42d
d42d
d42d
e44c
e44c
e44c
e44c
e44c
e44c
e44c
e44c
e44c
e44c
e44c
e44c
e44c
e44c
e44c
e44c
e44c
e44c
f46b
f46b
f46b
f46b
f46b
f46b
f46b
f46b
f46b
f46b
f46b
f46b
f46b
f46b
f46b
f46b
f46b
f46b
f46b
029a
029a
029a
029a
029a
029a
029a
029a
029a
029a
029a
029a
029a
029a
029a
029a
029a
12b9
12b9
12b9
12b9
12b9
12b9
12b9
12b9
12b9
12b9
12b9
12b9
12b9
12b9
12b9
12b9
12b9
12b9
22d8
22d8
22d8
22d8
22d8
1ab4
1ab5
1ab5
1ab5
1ab5
1ab5
1ab5
1ab6
2295
2296
2296
2297
1a97
2ab6
2ab7
2ab7
32f7
32f7
32f7
32f7
32f6
32f6
32f6
32f7
32d6
32d6
32d6
32d7
32d7
32d7
32d7
42f6
428c
428d
428d
428e
428e
428f
4290
4291
4a71
4a72
4a73
4a74
4a75
4a75
4a77
4a77
4aaf
5acf
5ad0
5ad0
5ad0
5ad1
5ad1
5ad2
62b2
62b3
62b3
62b4
62b5
62b5
62b6
62b6
5b12
5b12
5b12
6b12
6b12
6b11
6b12
6b12
6b12
72f2
72f3
72f3
72f4
72f4
72f4
72f5
72f5
6354
6354
6354
6354
7372
7373
7373
7373
7b53
7b53
7b53
7b53
7b53
7b53
7b53
7b54
9aca
9acb
9acc
9acd
9aad
9aae
a2ce
a2cf
b2af
b2b0
b2b1
b2b2
b2b3
b2b4
b2b5
b2b5
a30d
a30d
a30d
a30e
a30e
a30f
a30f
a310
bb0f
bb10
bb11
bb11
baf2
baf3
baf3
93b1
93b1
93b1
93b1
93b1
93b1
93b1
93b1
93b1
93b1
93b1
a3d0
a3d0
a3d0
a3d0
a3d0
a3d0
a3d0
a3d0
a3d0
a3d0
a3d0
a3d0
a3d0
a3d0
a3d0
a3d0
a3d0
a3d0
b3ef
b3ef
b3ef
b3ef
b3ef
b3ef
b3ef
b3ef
b3ef
b3ef
b3ef
b3ef
b3ef
b3ef
b3ef
b3ef
b3ef
b3ef
c40e
c40e
c40e
c40e
c40e
c40e
c40e
c40e
c40e
c40e
c40e
c40e
c40e
c40e
c40e
c40e
c40e
c40e
d42d
d42d
d42d
d42d
d42d
d42d
d42d
d42d
d42d
d42d
d42d
d42d
d42d
d42d
d42d
d42d
d42d
d42d
e44c
e44c
e44c
e44c
e44c
e44c
e44c
e44c
e44c
e44c
e44c
e44c
e44c
e44c
e44c
e44c
e44c
e44c
f46b
f46b
f46b
f46b
f46b
f46b
f46b
f46b
f46b
f46b
f46b
f46b
f46b
f46b
f46b
f46b
f46b
f46b
f46b
029a
029a
029a
029a
029a
029a
029a
029a
029a
029a
029a
029a
029a
029a
029a
029a
029a
12b9
12b9
12b9
12b9
12b9
12b9
12b9
12b9
12b9
12b9
12b9
12b9
12b9
12b9
12b9
12b9
12b9
12b9
22d8
22d8
22d8
22d8
22d8
1ab5
1ab4
1ab5
1ab5
1ab5
1ab5
1ab6
1ab5
2296
2295
2297
2296
1a97
2ab6
2ab7
2ab7
32f7
32f7
32f7
32f7
32f6
32f6
32f7
32f6
32d6
32d6
32d7
32d6
32d7
32d7
32d7
42f6
428d
428c
428e
428d
428f
428e
4291
4290
4a72
4a71
4a74
4a73
4a75
4a75
4a77
4a77
4ab0
5acf
5ad0
5ad0
5ad1
5ad0
5ad2
5ad1
62b3
62b2
62b4
62b3
62b5
62b5
62b6
62b6
5b12
5b12
5b13
6b11
6b11
6b12
6b11
6b12
6b12
72f3
72f2
72f4
72f3
72f4
72f4
72f5
72f5
6354
6354
6354
6354
7373
7372
7373
7373
7b53
7b53
7b53
7b53
7b53
7b53
7b54
7b53
9acb
9aca
9acd
9acc
9aae
9aad
a2cf
a2ce
b2b0
b2af
b2b2
b2b1
b2b4
b2b3
b2b5
b2b5
a30d
a30d
a30e
a30d
a30f
a30e
a310
a30f
bb10
bb0f
bb11
bb11
baf3
baf2
baf4
93b1
93b1
93b1
93b1
93b1
93b1
93b1
93b1
93b1
93b1
93b1
a3d0
a3d0
a3d0
a3d0
a3d0
a3d0
a3d0
a3d0
a3d0
a3d0
a3d0
a3d0
a3d0
a3d0
a3d0
a3d0
a3d0
a3d0
b3ef
b3ef
b3ef
b3ef
b3ef
b3ef
b3ef
b3ef
b3ef
b3ef
b3ef
b3ef
b3ef
b3ef
b3ef
b3ef
b3ef
b3ef
c40e
c40e
c40e
c40e
c40e
c40e
c40e
c40e
c40e
c40e
c40e
c40e
c40e
c40e
c40e
c40e
c40e
c40e
d42d
d42d
d42d
d42d
d42d
d42d
d42d
d42d
d42d
d42d
d42d
d42d
d42d
d42d
d42d
d42d
d42d
d42d
e44c
e44c
e44c
e44c
e44c
e44c
e44c
e44c
e44c
e44c
e44c
e44c
e44c
e44c
e44c
e44c
e44c
e44c
f46b
f46b
f46b
f46b
f46b
f46b
f46b
f46b
f46b
f46b
f46b
f46b
f46b
f46b
f46b
f46b
f46b
f46b
f46b
029a
029a
029a
029a
029a
029a
029a
029a
029a
029a
029a
029a
029a
029a
029a
029a
029a
12b9
12b9
12b9
12b9
12b9
12b9
12b9
12b9
12b9
12b9
12b9
12b9
12b9
12b9
12b9
12b9
12b9
12b9
22d8
22d8
22d8
22d8
22d8
1ab5
1ab5
1ab4
1ab5
1ab5
1ab6
1ab5
1ab5
2296
2297
2295
2296
1a98
2ab7
2ab6
2ab6
32f7
32f7
32f7
32f7
32f6
32f7
32f6
32f6
32d6
32d7
32d6
32d6
32d7
32d7
32d7
42f6
428d
428e
428c
428d
4290
4291
428e
428f
4a73
4a74
4a71
4a72
4a77
4a77
4a75
4a75
4ab0
5ad0
5acf
5acf
5ad1
5ad2
5ad0
5ad1
62b3
62b4
62b2
62b3
62b6
62b6
62b5
62b5
5b12
5b13
5b12
6b11
6b11
6b12
6b12
6b11
6b12
72f3
72f4
72f2
72f3
72f5
72f5
72f4
72f4
6354
6354
6354
6354
7373
7373
7372
7373
7b53
7b53
7b53
7b53
7b53
7b54
7b53
7b53
9acc
9acd
9aca
9acb
9aae
9aaf
a2cc
a2cd
b2b1
b2b2
b2af
b2b0
b2b5
b2b5
b2b3
b2b4
a30d
a30e
a30d
a30d
a30f
a310
a30e
a30f
bb11
bb11
bb0f
bb10
baf3
baf4
baf2
93b1
93b1
93b1
93b1
93b1
93b1
93b1
93b1
93b1
93b1
93b1
a3d0
a3d0
a3d0
a3d0
a3d0
a3d0
a3d0
a3d0
a3d0
a3d0
a3d0
a3d0
a3d0
a3d0
a3d0
a3d0
a3d0
a3d0
b3ef
b3ef
b3ef
b3ef
b3ef
b3ef
b3ef
b3ef
b3ef
b3ef
b3ef
b3ef
b3ef
b3ef
b3ef
b3ef
b3ef
b3ef
c40e
c40e
c40e
c40e
c40e
c40e
c40e
c40e
c40e
c40e
c40e
c40e
c40e
c40e
c40e
c40e
c40e
c40e
d42d
d42d
d42d
d42d
d42d
d42d
d42d
d42d
d42d
d42d
d42d
d42d
d42d
d42d
d42d
d42d
d42d
d42d
e44c
e44c
e44c
e44c
e44c
e44c
e44c
e44c
e44c
e44c
e44c
e44c
e44c
e44c
e44c
e44c
e44c
e44c
f46b
f46b
f46b
f46b
f46b
f46b
f46b
f46b
f46b
f46b
f46b
f46b
f46b
f46b
f46b
f46b
f46b
f46b
f46b
029a
029a
029a
029a
029a
029a
029a
029a
029a
029a
029a
029a
029a
029a
029a
029a
029a
12b9
12b9
12b9
12b9
12b9
12b9
12b9
12b9
12b9
12b9
12b9
12b9
12b9
12b9
12b9
12b9
12b9
12b9
22d8
22d8
22d8
22d8
22d8
1ab5
1ab5
1ab5
1ab4
1ab6
1ab5
1ab5
1ab5
2297
2296
2296
2295
1a98
2ab7
2ab6
2ab6
32f7
32f7
32f7
32f7
32f7
32f6
32f6
32f6
32d7
32d6
32d6
32d6
32d7
32d7
32d7
42f6
428e
428d
428d
428c
4291
4290
428f
428e
4a74
4a73
4a72
4a71
4a77
4a77
4a75
4a75
4ab1
5ad0
5acf
5acf
5ad2
5ad1
5ad1
5ad0
62b4
62b3
62b3
62b2
62b6
62b6
62b5
62b5
5b13
5b12
5b12
6b11
6b11
6b12
6b12
6b12
6b11
72f4
72f3
72f3
72f2
72f5
72f5
72f4
72f4
6354
6354
6354
6354
7373
7373
7373
7372
7b53
7b53
7b53
7b53
7b54
7b53
7b53
7b53
9acd
9acc
9acb
9aca
9aaf
9aae
a2cd
a2cc
b2b2
b2b1
b2b0
b2af
b2b5
b2b5
b2b4
b2b3
a30e
a30d
a30d
a30d
a310
a30f
a30f
a30e
bb11
bb11
bb10
bb0f
baf4
baf3
baf3
93b1
93b1
93b1
93b1
93b1
93b1
93b1
93b1
93b1
93b1
93b1
a3d0
a3d0
a3d0
a3d0
a3d0
a3d0
a3d0
a3d0
a3d0
a3d0
a3d0
a3d0
a3d0
a3d0
a3d0
a3d0
a3d0
a3d0
b3ef
b3ef
b3ef
b3ef
b3ef
b3ef
b3ef
b3ef
b3ef
b3ef
b3ef
b3ef
b3ef
b3ef
b3ef
b3ef
b3ef
b3ef
c40e
c40e
c40e
c40e
c40e
c40e
c40e
c40e
c40e
c40e
c40e
c40e
c40e
c40e
c40e
c40e
c40e
c40e
d42d
d42d
d42d
d42d
d42d
d42d
d42d
d42d
d42d
d42d
d42d
d42d
d42d
d42d
d42d
d42d
d42d
d42d
e44c
e44c
e44c
e44c
e44c
e44c
e44c
e44c
e44c
e44c
e44c
e44c
e44c
e44c
e44c
e44c
e44c
e44c
f46b
f46b
f46b
f46b
f46b
f46b
f46b
f46b
f46b
f46b
f46b
f46b
f46b
f46b
f46b
f46b
f46b
f46b
f46b
029a
029a
029a
029a
029a
029a
029a
029a
029a
029a
029a
029a
029a
029a
029a
029a
029a
12b9
12b9
12b9
12b9
12b9
12b9
12b9
12b9
12b9
12b9
12b9
12b9
12b9
12b9
12b9
12b9
12b9
12b9
22d8
22d8
22d8
22d8
22d8
1ab5
1ab6
1ab6
1ab6
1ab3
1ab4
1ab4
1ab4
2297
2297
2298
2298
1a95
2ab5
2ab5
2ab6
32f7
32f7
32f7
32f7
32f6
32f6
32f6
32f6
32d7
32d7
32d7
32d7
32d6
32d6
32d6
42f6
428f
4290
4290
4291
428b
428c
428d
428e
4a75
4a75
4a77
4a77
4a71
4a72
4a73
4a74
4ab1
5ad1
5ad1
5ad2
5ace
5acf
5acf
5ad0
62b5
62b5
62b6
62b6
62b2
62b3
62b3
62b4
5b13
5b13
5b13
6b13
6b13
6b10
6b11
6b11
6b11
72f4
72f4
72f5
72f5
72f2
72f3
72f3
72f3
6354
6354
6354
6354
7372
7372
7372
7372
7b53
7b53
7b53
7b53
7b52
7b53
7b53
7b53
9acd
9ace
9ace
9acf
9aaa
9aab
a2cb
a2cc
b2b3
b2b4
b2b5
b2b5
b2af
b2b0
b2b1
b2b2
a30e
a30f
a30f
a310
a30c
a30d
a30d
a30e
bb12
bb13
bb13
bb14
baef
baf0
baf1
93b1
93b1
93b1
93b1
93b1
93b1
93b1
93b1
93b1
93b1
93b1
a3d0
a3d0
a3d0
a3d0
a3d0
a3d0
a3d0
a3d0
a3d0
a3d0
a3d0
a3d0
a3d0
a3d0
a3d0
a3d0
a3d0
a3d0
b3ef
b3ef
b3ef
b3ef
b3ef
b3ef
b3ef
b3ef
b3ef
b3ef
b3ef
b3ef
b3ef
b3ef
b3ef
b3ef
b3ef
b3ef
c40e
c40e
c40e
c40e
c40e
c40e
c40e
c40e
c40e
c40e
c40e
c40e
c40e
c40e
c40e
c40e
c40e
c40e
d42d
d42d
d42d
d42d
d42d
d42d
d42d
d42d
d42d
d42d
d42d
d42d
d42d
d42d
d42d
d42d
d42d
d42d
e44c
e44c
e44c
e44c
e44c
e44c
e44c
e44c
e44c
e44c
e44c
e44c
e44c
e44c
e44c
e44c
e44c
e44c
f46b
f46b
f46b
f46b
f46b
f46b
f46b
f46b
f46b
f46b
f46b
f46b
f46b
f46b
f46b
f46b
f46b
f46b
f46b
029a
029a
029a
029a
029a
029a
029a
029a
029a
029a
029a
029a
029a
029a
029a
029a
029a
12b9
12b9
12b9
12b9
12b9
12b9
12b9
12b9
12b9
12b9
12b9
12b9
12b9
12b9
12b9
12b9
12b9
12b9
22d8
22d8
22d8
22d8
22d8
1ab6
1ab5
1ab6
1ab6
1ab4
1ab3
1ab4
1ab4
2297
2297
2298
2298
1a96
2ab4
2ab6
2ab5
32f7
32f7
32f7
32f7
32f6
32f6
32f6
32f6
32d7
32d7
32d7
32d7
32d6
32d6
32d6
42f5
4290
428f
4291
4290
428c
428b
428e
428d
4a75
4a75
4a77
4a77
4a72
4a71
4a74
4a73
4ab2
5ad0
5ad2
5ad1
5acf
5ace
5ad0
5acf
62b5
62b5
62b6
62b6
62b3
62b2
62b4
62b3
5b13
5b13
5b14
6b12
6b12
6b11
6b10
6b11
6b11
72f4
72f4
72f5
72f5
72f3
72f2
72f3
72f3
6354
6354
6354
6354
7372
7372
7372
7372
7b53
7b53
7b53
7b53
7b53
7b52
7b53
7b53
9ace
9acd
9acf
9ace
9aab
9aaa
a2cc
a2cb
b2b4
b2b3
b2b5
b2b5
b2b0
b2af
b2b2
b2b1
a30f
a30e
a310
a30f
a30d
a30c
a30e
a30d
bb13
bb12
bb14
bb13
baf0
baef
baf1
93b1
93b1
93b1
93b1
93b1
93b1
93b1
93b1
93b1
93b1
93b1
a3d0
a3d0
a3d0
a3d0
a3d0
a3d0
a3d0
a3d0
a3d0
a3d0
a3d0
a3d0
a3d0
a3d0
a3d0
a3d0
a3d0
a3d0
b3ef
b3ef
b3ef
b3ef
b3ef
b3ef
b3ef
b3ef
b3ef
b3ef
b3ef
b3ef
b3ef
b3ef
b3ef
b3ef
b3ef
b3ef
c40e
c40e
c40e
c40e
c40e
c40e
c40e
c40e
c40e
c40e
c40e
c40e
c40e
c40e
c40e
c40e
c40e
c40e
d42d
d42d
d42d
d42d
d42d
d42d
d42d
d42d
d42d
d42d
d42d
d42d
d42d
d42d
d42d
d42d
d42d
d42d
e44c
e44c
e44c
e44c
e44c
e44c
e44c
e44c
e44c
e44c
e44c
e44c
e44c
e44c
e44c
e44c
e44c
e44c
f46b
f46b
f46b
f46b
f46b
f46b
f46b
f46b
f46b
f46b
f46b
f46b
f46b
f46b
f46b
f46b
f46b
f46b
f46b
029a
029a
029a
029a
029a
029a
029a
029a
029a
029a
029a
029a
029a
029a
029a
029a
029a
12b9
12b9
12b9
12b9
12b9
12b9
12b9
12b9
12b9
12b9
12b9
12b9
12b9
12b9
12b9
12b9
12b9
12b9
22d8
22d8
22d8
22d8
22d8
1ab6
1ab6
1ab5
1ab6
1ab4
1ab4
1ab3
1ab4
2298
2298
2297
2297
1a96
2ab6
2ab4
2ab5
32f7
32f7
32f7
32f7
32f6
32f6
32f6
32f6
32d7
32d7
32d7
32d7
32d6
32d6
32d6
42f5
4290
4291
428f
4290
428d
428e
428b
428c
4a77
4a77
4a75
4a75
4a73
4a74
4a71
4a72
4ab2
5ad2
5ad0
5ad1
5acf
5ad0
5ace
5acf
62b6
62b6
62b5
62b5
62b3
62b4
62b2
62b3
5b13
5b14
5b13
6b12
6b12
6b11
6b11
6b10
6b11
72f5
72f5
72f4
72f4
72f3
72f3
72f2
72f3
6354
6354
6354
6354
7372
7372
7372
7372
7b53
7b53
7b53
7b53
7b53
7b53
7b52
7b53
9ace
9acf
9acd
9ace
9aab
9aac
a2c9
a2ca
b2b5
b2b5
b2b3
b2b4
b2b1
b2b2
b2af
b2b0
a30f
a310
a30e
a30f
a30d
a30e
a30c
a30d
bb13
bb14
bb12
bb13
baf1
baf1
baef
93b1
93b1
93b1
93b1
93b1
93b1
93b1
93b1
93b1
93b1
93b1
a3d0
a3d0
a3d0
a3d0
a3d0
a3d0
a3d0
a3d0
a3d0
a3d0
a3d0
a3d0
a3d0
a3d0
a3d0
a3d0
a3d0
a3d0
b3ef
b3ef
b3ef
b3ef
b3ef
b3ef
b3ef
b3ef
b3ef
b3ef
b3ef
b3ef
b3ef
b3ef
b3ef
b3ef
b3ef
b3ef
c40e
c40e
c40e
c40e
c40e
c40e
c40e
c40e
c40e
c40e
c40e
c40e
c40e
c40e
c40e
c40e
c40e
c40e
d42d
d42d
d42d
d42d
d42d
d42d
d42d
d42d
d42d
d42d
d42d
d42d
d42d
d42d
d42d
d42d
d42d
d42d
e44c
e44c
e44c
e44c
e44c
e44c
e44c
e44c
e44c
e44c
e44c
e44c
e44c
e44c
e44c
e44c
e44c
e44c
f46b
f46b
f46b
f46b
f46b
f46b
f46b
f46b
f46b
f46b
f46b
f46b
f46b
f46b
f46b
f46b
f46b
f46b
f46b
029a
029a
029a
029a
029a
029a
029a
029a
029a
029a
029a
029a
029a
029a
029a
029a
029a
12b9
12b9
12b9
12b9
12b9
12b9
12b9
12b9
12b9
12b9
12b9
12b9
12b9
12b9
12b9
12b9
12b9
12b9
22d8
22d8
22d8
22d8
22d8
1ab6
1ab6
1ab6
1ab5
1ab4
1ab4
1ab4
1ab3
2298
2298
2297
2297
1a96
2ab5
2ab5
2ab4
32f7
32f7
32f7
32f7
32f6
32f6
32f6
32f6
32d7
32d7
32d7
32d7
32d6
32d6
32d6
42f5
4291
4290
4290
428f
428e
428d
428c
428b
4a77
4a77
4a75
4a75
4a74
4a73
4a72
4a71
4ab3
5ad1
5ad1
5ad0
5ad0
5acf
5acf
5ace
62b6
62b6
62b5
62b5
62b4
62b3
62b3
62b2
5b14
5b13
5b13
6b12
6b12
6b11
6b11
6b11
6b10
72f5
72f5
72f4
72f4
72f3
72f3
72f3
72f2
6354
6354
6354
6354
7372
7372
7372
7372
7b53
7b53
7b53
7b53
7b53
7b53
7b53
7b52
9acf
9ace
9ace
9acd
9aac
9aab
a2ca
a2c9
b2b5
b2b5
b2b4
b2b3
b2b2
b2b1
b2b0
b2af
a310
a30f
a30f
a30e
a30e
a30d
a30d
a30c
bb14
bb13
bb13
bb12
baf1
baf1
baf0
93b1
93b1
93b1
93b1
93b1
93b1
93b1
93b1
93b1
93b1
93b1
a3d0
a3d0
a3d0
a3d0
a3d0
a3d0
a3d0
a3d0
a3d0
a3d0
a3d0
a3d0
a3d0
a3d0
a3d0
a3d0
a3d0
a3d0
b3ef
b3ef
b3ef
b3ef
b3ef
b3ef
b3ef
b3ef
b3ef
b3ef
b3ef
b3ef
b3ef
b3ef
b3ef
b3ef
b3ef
b3ef
c40e
c40e
c40e
c40e
c40e
c40e
c40e
c40e
c40e
c40e
c40e
c40e
c40e
c40e
c40e
c40e
c40e
c40e
d42d
d42d
d42d
d42d
d42d
d42d
d42d
d42d
d42d
d42d
d42d
d42d
d42d
d42d
d42d
d42d
d42d
d42d
e44c
e44c
e44c
e44c
e44c
e44c
e44c
e44c
e44c
e44c
e44c
e44c
e44c
e44c
e44c
e44c
e44c
e44c
f46b
f46b
f46b
f46b
f46b
f46b
f46b
f46b
f46b
f46b
f46b
f46b
f46b
f46b
f46b
f46b
f46b
f46b
f46b
029a
029a
029a
029a
029a
029a
029a
029a
029a
029a
029a
029a
029a
029a
029a
029a
029a
12b9
12b9
12b9
12b9
12b9
12b9
12b9
12b9
12b9
12b9
12b9
12b9
12b9
12b9
12b9
12b9
12b9
12b9
22d8
22d8
22d8
22d8
22d8
1ab6
1ab6
1ab6
1ab7
1ab7
1ab8
1ab8
1ab8
1ab2
1ab2
1ab2
1ab3
22b4
2ad4
2ad4
2ad4
32f7
32f7
32f7
32f7
32f7
32f7
32f7
32f7
32d4
32d5
32d5
32d5
32f6
32f6
32f6
4315
42b2
42b3
42b3
42b4
42b5
42b6
42b6
42b7
4aaa
4aab
4aab
4aac
4aae
4aaf
4aaf
4ab0
4ad3
5af3
5af3
5af4
5af5
5af5
5af6
5af6
62cc
62cd
62ce
62ce
62cf
62d0
62d0
62d1
5b13
5b14
5b14
6b14
6b14
6b34
6b34
6b34
6b35
730f
730f
7310
7310
7311
7311
7311
7312
6354
6354
6354
6354
7373
7373
7373
7373
7b51
7b51
7b51
7b51
7b52
7b52
7b52
7b52
9af0
9af1
9af2
9af3
9af3
9af4
a2f4
a2f5
b2c8
b2c9
b2ca
b2cb
b2ec
b2ed
b2ed
b2ee
a330
a331
a331
a332
a333
a333
a334
a334
bb0a
bb0b
bb0b
bb0c
bb2d
bb2e
bb2e
93b1
93b1
93b1
93b1
93b1
93b1
93b1
93b1
93b1
93b1
93b1
a3d0
a3d0
a3d0
a3d0
a3d0
a3d0
a3d0
a3d0
a3d0
a3d0
a3d0
a3d0
a3d0
a3d0
a3d0
a3d0
a3d0
a3d0
b3ef
b3ef
b3ef
b3ef
b3ef
b3ef
b3ef
b3ef
b3ef
b3ef
b3ef
b3ef
b3ef
b3ef
b3ef
b3ef
b3ef
b3ef
c40e
c40e
c40e
c40e
c40e
c40e
c40e
c40e
c40e
c40e
c40e
c40e
c40e
c40e
c40e
c40e
c40e
c40e
d42d
d42d
d42d
d42d
d42d
d42d
d42d
d42d
d42d
d42d
d42d
d42d
d42d
d42d
d42d
d42d
d42d
d42d
e44c
e44c
e44c
e44c
e44c
e44c
e44c
e44c
e44c
e44c
e44c
e44c
e44c
e44c
e44c
e44c
e44c
e44c
f46b
f46b
f46b
f46b
f46b
f46b
f46b
f46b
f46b
f46b
f46b
f46b
f46b
f46b
f46b
f46b
f46b
f46b
f46b
0319
0319
0319
0319
0319
0319
0319
0319
0319
0319
0319
0319
0319
0319
0319
0319
0319
1338
1338
1338
1338
1338
1338
1338
1338
1338
1338
1338
1338
1338
1338
1338
1338
1338
1338
2357
2357
2357
2357
2357
1b15
1b15
1b16
1b16
1b37
1b37
1b37
1b37
1b11
1b11
1b12
1b12
2314
2b32
2b33
2b33
3376
3376
3376
3376
3376
3376
3376
3376
3354
3353
3354
3354
3355
3355
3355
4374
42f2
42f1
42f4
42f3
42f5
42f5
42f6
42f6
4aca
4ac9
4acc
4acb
4aee
4aed
4af0
4aef
4b33
5b32
5b33
5b33
5b54
5b54
5b55
5b55
630d
630c
630e
630d
632f
632f
6331
6330
5b73
5b73
5b74
6b92
6b92
6b93
6b93
6b94
6b94
736f
736e
736f
736f
7370
7370
7371
7371
63d3
63d3
63d3
63d3
73f2
73f2
73f2
73f2
7bd0
7bd0
7bd1
7bd0
7bd1
7bd1
7bd1
7bd1
9b31
9b30
9b32
9b31
9b33
9b33
a354
a354
b309
b307
b30a
b309
b32c
b32b
b32e
b32d
a370
a370
a371
a371
a392
a392
a393
a393
bb6a
bb69
bb6b
bb6b
bb6d
bb6c
bb6e
9430
9430
9430
9430
9430
9430
9430
9430
9430
9430
9430
a44f
a44f
a44f
a44f
a44f
a44f
a44f
a44f
a44f
a44f
a44f
a44f
a44f
a44f
a44f
a44f
a44f
a44f
b46e
b46e
b46e
b46e
b46e
b46e
b46e
b46e
b46e
b46e
b46e
b46e
b46e
b46e
b46e
b46e
b46e
b46e
c48d
c48d
c48d
c48d
c48d
c48d
c48d
c48d
c48d
c48d
c48d
c48d
c48d
c48d
c48d
c48d
c48d
c48d
d4ac
d4ac
d4ac
d4ac
d4ac
d4ac
d4ac
d4ac
d4ac
d4ac
d4ac
d4ac
d4ac
d4ac
d4ac
d4ac
d4ac
d4ac
e4cb
e4cb
e4cb
e4cb
e4cb
e4cb
e4cb
e4cb
e4cb
e4cb
e4cb
e4cb
e4cb
e4cb
e4cb
e4cb
e4cb
e4cb
f4ea
f4ea
f4ea
f4ea
f4ea
f4ea
f4ea
f4ea
f4ea
f4ea
f4ea
f4ea
f4ea
f4ea
f4ea
f4ea
f4ea
f4ea
f4ea
0319
0319
0319
0319
0319
0319
0319
0319
0319
0319
0319
0319
0319
0319
0319
0319
0319
1338
1338
1338
1338
1338
1338
1338
1338
1338
1338
1338
1338
1338
1338
1338
1338
1338
1338
2357
2357
2357
2357
2357
1b16
1b16
1b15
1b15
1b37
1b37
1b37
1b37
1b12
1b12
1b11
1b11
2314
2b33
2b32
2b33
3376
3376
3376
3376
3376
3376
3376
3376
3354
3354
3353
3354
3355
3355
3355
4374
42f3
42f4
42f1
42f2
42f6
42f6
42f5
42f5
4acb
4acc
4ac9
4aca
4aef
4af0
4aed
4aee
4b33
5b33
5b32
5b32
5b55
5b55
5b54
5b54
630d
630e
630c
630d
6330
6331
632f
632f
5b73
5b74
5b73
6b92
6b92
6b94
6b94
6b93
6b93
736f
736f
736e
736f
7371
7371
7370
7370
63d3
63d3
63d3
63d3
73f2
73f2
73f2
73f2
7bd0
7bd1
7bd0
7bd0
7bd1
7bd1
7bd1
7bd1
9b31
9b32
9b30
9b31
9b34
9b35
a352
a353
b309
b30a
b307
b309
b32d
b32e
b32b
b32c
a371
a371
a370
a370
a393
a393
a392
a392
bb6b
bb6b
bb69
bb6a
bb6d
bb6e
bb6c
9430
9430
9430
9430
9430
9430
9430
9430
9430
9430
9430
a44f
a44f
a44f
a44f
a44f
a44f
a44f
a44f
a44f
a44f
a44f
a44f
a44f
a44f
a44f
a44f
a44f
a44f
b46e
b46e
b46e
b46e
b46e
b46e
b46e
b46e
b46e
b46e
b46e
b46e
b46e
b46e
b46e
b46e
b46e
b46e
c48d
c48d
c48d
c48d
c48d
c48d
c48d
c48d
c48d
c48d
c48d
c48d
c48d
c48d
c48d
c48d
c48d
c48d
d4ac
d4ac
d4ac
d4ac
d4ac
d4ac
d4ac
d4ac
d4ac
d4ac
d4ac
d4ac
d4ac
d4ac
d4ac
d4ac
d4ac
d4ac
e4cb
e4cb
e4cb
e4cb
e4cb
e4cb
e4cb
e4cb
e4cb
e4cb
e4cb
e4cb
e4cb
e4cb
e4cb
e4cb
e4cb
e4cb
f4ea
f4ea
f4ea
f4ea
f4ea
f4ea
f4ea
f4ea
f4ea
f4ea
f4ea
f4ea
f4ea
f4ea
f4ea
f4ea
f4ea
f4ea
f4ea
0319
0319
0319
0319
0319
0319
0319
0319
0319
0319
0319
0319
0319
0319
0319
0319
0319
1338
1338
1338
1338
1338
1338
1338
1338
1338
1338
1338
1338
1338
1338
1338
1338
1338
1338
2357
2357
2357
2357
2357
1b16
1b16
1b15
1b15
1b37
1b37
1b37
1b37
1b12
1b12
1b11
1b11
2314
2b33
2b33
2b32
3376
3376
3376
3376
3376
3376
3376
3376
3354
3354
3354
3353
3355
3355
3355
4374
42f4
42f3
42f2
42f1
42f6
42f6
42f5
42f5
4acc
4acb
4aca
4ac9
4af0
4aef
4aee
4aed
4b34
5b33
5b32
5b32
5b55
5b55
5b54
5b54
630e
630d
630d
630c
6331
6330
632f
632f
5b74
5b73
5b73
6b92
6b92
6b94
6b94
6b93
6b93
736f
736f
736f
736e
7371
7371
7370
7370
63d3
63d3
63d3
63d3
73f2
73f2
73f2
73f2
7bd1
7bd0
7bd0
7bd0
7bd1
7bd1
7bd1
7bd1
9b32
9b31
9b31
9b30
9b35
9b34
a353
a352
b30a
b309
b309
b307
b32e
b32d
b32c
b32b
a371
a371
a370
a370
a393
a393
a392
a392
bb6b
bb6b
bb6a
bb69
bb6e
bb6d
bb6d
9430
9430
9430
9430
9430
9430
9430
9430
9430
9430
9430
a44f
a44f
a44f
a44f
a44f
a44f
a44f
a44f
a44f
a44f
a44f
a44f
a44f
a44f
a44f
a44f
a44f
a44f
b46e
b46e
b46e
b46e
b46e
b46e
b46e
b46e
b46e
b46e
b46e
b46e
b46e
b46e
b46e
b46e
b46e
b46e
c48d
c48d
c48d
c48d
c48d
c48d
c48d
c48d
c48d
c48d
c48d
c48d
c48d
c48d
c48d
c48d
c48d
c48d
d4ac
d4ac
d4ac
d4ac
d4ac
d4ac
d4ac
d4ac
d4ac
d4ac
d4ac
d4ac
d4ac
d4ac
d4ac
d4ac
d4ac
d4ac
e4cb
e4cb
e4cb
e4cb
e4cb
e4cb
e4cb
e4cb
e4cb
e4cb
e4cb
e4cb
e4cb
e4cb
e4cb
e4cb
e4cb
e4cb
f4ea
f4ea
f4ea
f4ea
f4ea
f4ea
f4ea
f4ea
f4ea
f4ea
f4ea
f4ea
f4ea
f4ea
f4ea
f4ea
f4ea
f4ea
f4ea
0319
0319
0319
0319
0319
0319
0319
0319
0319
0319
0319
0319
0319
0319
0319
0319
0319
1338
1338
1338
1338
1338
1338
1338
1338
1338
1338
1338
1338
1338
1338
1338
1338
1338
1338
2357
2357
2357
2357
2357
1b16
1b17
1b17
1b17
1b36
1b36
1b36
1b36
1b13
1b13
1b13
1b14
2312
2b31
2b32
2b32
3376
3376
3376
3376
3376
3376
3376
3376
3354
3354
3355
3355
3354
3355
3355
4374
42f5
42f5
42f6
42f6
42f1
42f2
42f3
42f4
4acd
4ace
4ace
4acf
4aea
4aeb
4aec
4aed
4b35
5b34
5b35
5b35
5b52
5b52
5b53
5b53
630e
630f
630f
6310
632c
632d
632e
632e
5b74
5b74
5b75
6b94
6b94
6b92
6b92
6b93
6b93
7370
7370
7370
7371
736f
736f
736f
7370
63d3
63d3
63d3
63d3
73f2
73f2
73f2
73f2
7bd1
7bd1
7bd1
7bd1
7bd1
7bd1
7bd1
7bd1
9b33
9b33
9b34
9b35
9b30
9b31
a351
a351
b30b
b30c
b30c
b30e
b328
b329
b32a
b32b
a372
a372
a373
a373
a390
a390
a391
a391
bb6c
bb6d
bb6d
bb6e
bb6a
bb6b
bb6b
9430
9430
9430
9430
9430
9430
9430
9430
9430
9430
9430
a44f
a44f
a44f
a44f
a44f
a44f
a44f
a44f
a44f
a44f
a44f
a44f
a44f
a44f
a44f
a44f
a44f
a44f
b46e
b46e
b46e
b46e
b46e
b46e
b46e
b46e
b46e
b46e
b46e
b46e
b46e
b46e
b46e
b46e
b46e
b46e
c48d
c48d
c48d
c48d
c48d
c48d
c48d
c48d
c48d
c48d
c48d
c48d
c48d
c48d
c48d
c48d
c48d
c48d
d4ac
d4ac
d4ac
d4ac
d4ac
d4ac
d4ac
d4ac
d4ac
d4ac
d4ac
d4ac
d4ac
d4ac
d4ac
d4ac
d4ac
d4ac
e4cb
e4cb
e4cb
e4cb
e4cb
e4cb
e4cb
e4cb
e4cb
e4cb
e4cb
e4cb
e4cb
e4cb
e4cb
e4cb
e4cb
e4cb
f4ea
f4ea
f4ea
f4ea
f4ea
f4ea
f4ea
f4ea
f4ea
f4ea
f4ea
f4ea
f4ea
f4ea
f4ea
f4ea
f4ea
f4ea
f4ea
0319
0319
0319
0319
0319
0319
0319
0319
0319
0319
0319
0319
0319
0319
0319
0319
0319
1338
1338
1338
1338
1338
1338
1338
1338
1338
1338
1338
1338
1338
1338
1338
1338
1338
1338
2357
2357
2357
2357
2357
1b17
1b16
1b17
1b17
1b36
1b36
1b36
1b36
1b13
1b13
1b14
1b13
2312
2b31
2b32
2b32
3376
3376
3376
3376
3376
3376
3376
3376
3354
3354
3355
3355
3355
3354
3355
4374
42f5
42f5
42f6
42f6
42f2
42f1
42f4
42f3
4ace
4acd
4acf
4ace
4aeb
4aea
4aed
4aec
4b35
5b34
5b35
5b35
5b52
5b52
5b53
5b53
630f
630e
6310
630f
632d
632c
632e
632e
5b74
5b74
5b75
6b94
6b94
6b92
6b92
6b93
6b93
7370
7370
7371
7370
736f
736f
7370
736f
63d3
63d3
63d3
63d3
73f2
73f2
73f2
73f2
7bd1
7bd1
7bd1
7bd1
7bd1
7bd1
7bd1
7bd1
9b33
9b33
9b35
9b34
9b31
9b30
a351
a351
b30c
b30b
b30e
b30c
b329
b328
b32b
b32a
a372
a372
a373
a373
a390
a390
a391
a391
bb6d
bb6c
bb6e
bb6d
bb6b
bb6a
bb6c
9430
9430
9430
9430
9430
9430
9430
9430
9430
9430
9430
a44f
a44f
a44f
a44f
a44f
a44f
a44f
a44f
a44f
a44f
a44f
a44f
a44f
a44f
a44f
a44f
a44f
a44f
b46e
b46e
b46e
b46e
b46e
b46e
b46e
b46e
b46e
b46e
b46e
b46e
b46e
b46e
b46e
b46e
b46e
b46e
c48d
c48d
c48d
c48d
c48d
c48d
c48d
c48d
c48d
c48d
c48d
c48d
c48d
c48d
c48d
c48d
c48d
c48d
d4ac
d4ac
d4ac
d4ac
d4ac
d4ac
d4ac
d4ac
d4ac
d4ac
d4ac
d4ac
d4ac
d4ac
d4ac
d4ac
d4ac
d4ac
e4cb
e4cb
e4cb
e4cb
e4cb
e4cb
e4cb
e4cb
e4cb
e4cb
e4cb
e4cb
e4cb
e4cb
e4cb
e4cb
e4cb
e4cb
f4ea
f4ea
f4ea
f4ea
f4ea
f4ea
f4ea
f4ea
f4ea
f4ea
f4ea
f4ea
f4ea
f4ea
f4ea
f4ea
f4ea
f4ea
f4ea
0319
0319
0319
0319
0319
0319
0319
0319
0319
0319
0319
0319
0319
0319
0319
0319
0319
1338
1338
1338
1338
1338
1338
1338
1338
1338
1338
1338
1338
1338
1338
1338
1338
1338
1338
2357
2357
2357
2357
2357
1b17
1b17
1b16
1b17
1b36
1b36
1b36
1b36
1b13
1b14
1b13
1b13
2312
2b32
2b31
2b31
3376
3376
3376
3376
3376
3376
3376
3376
3355
3355
3354
3354
3355
3355
3354
4374
42f6
42f6
42f5
42f5
42f3
42f4
42f1
42f2
4ace
4acf
4acd
4ace
4aec
4aed
4aea
4aeb
4b36
5b35
5b34
5b34
5b53
5b53
5b52
5b52
630f
6310
630e
630f
632e
632e
632c
632d
5b75
5b75
5b74
6b93
6b93
6b93
6b93
6b92
6b92
7370
7371
7370
7370
736f
7370
736f
736f
63d3
63d3
63d3
63d3
73f2
73f2
73f2
73f2
7bd1
7bd1
7bd1
7bd1
7bd1
7bd1
7bd1
7bd1
9b34
9b35
9b33
9b33
9b31
9b32
a34f
a350
b30c
b30e
b30b
b30c
b32a
b32b
b328
b329
a373
a373
a372
a372
a391
a391
a390
a390
bb6d
bb6e
bb6c
bb6d
bb6b
bb6c
bb6a
9430
9430
9430
9430
9430
9430
9430
9430
9430
9430
9430
a44f
a44f
a44f
a44f
a44f
a44f
a44f
a44f
a44f
a44f
a44f
a44f
a44f
a44f
a44f
a44f
a44f
a44f
b46e
b46e
b46e
b46e
b46e
b46e
b46e
b46e
b46e
b46e
b46e
b46e
b46e
b46e
b46e
b46e
b46e
b46e
c48d
c48d
c48d
c48d
c48d
c48d
c48d
c48d
c48d
c48d
c48d
c48d
c48d
c48d
c48d
c48d
c48d
c48d
d4ac
d4ac
d4ac
d4ac
d4ac
d4ac
d4ac
d4ac
d4ac
d4ac
d4ac
d4ac
d4ac
d4ac
d4ac
d4ac
d4ac
d4ac
e4cb
e4cb
e4cb
e4cb
e4cb
e4cb
e4cb
e4cb
e4cb
e4cb
e4cb
e4cb
e4cb
e4cb
e4cb
e4cb
e4cb
e4cb
f4ea
f4ea
f4ea
f4ea
f4ea
f4ea
f4ea
f4ea
f4ea
f4ea
f4ea
f4ea
f4ea
f4ea
f4ea
f4ea
f4ea
f4ea
f4ea
0319
0319
0319
0319
0319
0319
0319
0319
0319
0319
0319
0319
0319
0319
0319
0319
0319
1338
1338
1338
1338
1338
1338
1338
1338
1338
1338
1338
1338
1338
1338
1338
1338
1338
1338
2357
2357
2357
2357
2357
1b17
1b17
1b17
1b16
1b36
1b36
1b36
1b36
1b14
1b13
1b13
1b13
2313
2b32
2b31
2b31
3376
3376
3376
3376
3376
3376
3376
3376
3355
3355
3354
3354
3355
3355
3355
4373
42f6
42f6
42f5
42f5
42f4
42f3
42f2
42f1
4acf
4ace
4ace
4acd
4aed
4aec
4aeb
4aea
4b36
5b35
5b34
5b34
5b53
5b53
5b52
5b52
6310
630f
630f
630e
632e
632e
632d
632c
5b75
5b75
5b74
6b93
6b93
6b93
6b93
6b92
6b92
7371
7370
7370
7370
7370
736f
736f
736f
63d3
63d3
63d3
63d3
73f2
73f2
73f2
73f2
7bd1
7bd1
7bd1
7bd1
7bd1
7bd1
7bd1
7bd1
9b35
9b34
9b33
9b33
9b32
9b31
a350
a34f
b30e
b30c
b30c
b30b
b32b
b32a
b329
b328
a373
a373
a372
a372
a391
a391
a390
a390
bb6e
bb6d
bb6d
bb6c
bb6c
bb6b
bb6b
9430
9430
9430
9430
9430
9430
9430
9430
9430
9430
9430
a44f
a44f
a44f
a44f
a44f
a44f
a44f
a44f
a44f
a44f
a44f
a44f
a44f
a44f
a44f
a44f
a44f
a44f
b46e
b46e
b46e
b46e
b46e
b46e
b46e
b46e
b46e
b46e
b46e
b46e
b46e
b46e
b46e
b46e
b46e
b46e
c48d
c48d
c48d
c48d
c48d
c48d
c48d
c48d
c48d
c48d
c48d
c48d
c48d
c48d
c48d
c48d
c48d
c48d
d4ac
d4ac
d4ac
d4ac
d4ac
d4ac
d4ac
d4ac
d4ac
d4ac
d4ac
d4ac
d4ac
d4ac
d4ac
d4ac
d4ac
d4ac
e4cb
e4cb
e4cb
e4cb
e4cb
e4cb
e4cb
e4cb
e4cb
e4cb
e4cb
e4cb
e4cb
e4cb
e4cb
e4cb
e4cb
e4cb
f4ea
f4ea
f4ea
f4ea
f4ea
f4ea
f4ea
f4ea
f4ea
f4ea
f4ea
f4ea
f4ea
f4ea
f4ea
f4ea
f4ea
f4ea
f4ea
0319
0319
0319
0319
0319
0319
0319
0319
0319
0319
0319
0319
0319
0319
0319
0319
0319
1338
1338
1338
1338
1338
1338
1338
1338
1338
1338
1338
1338
1338
1338
1338
1338
1338
1338
2357
2357
2357
2357
2357
1b32
1b32
1b32
1b33
1b33
1b33
1b33
1b34
2336
2336
2336
2336
2336
2b56
2b56
2b56
3374
3375
3375
3375
3354
3354
3355
3355
3376
3376
3376
3376
3376
3376
3376
4395
432a
432b
432c
432d
432d
432e
432e
432f
4b31
4b32
4b33
4b34
4b35
4b35
4b36
4b36
534d
5b4d
5b4e
5b4e
5b4e
5b4f
5b4f
5b50
5b72
5b72
5b73
5b73
5b74
5b74
5b75
5b75
636f
6370
6370
6b90
6b90
6b90
6b90
6b90
6b91
6bb2
6bb2
6bb3
6bb3
6b93
6b93
6b94
6b94
6bb2
6bb2
6bb2
6bb2
7bd1
7bd1
7bd1
7bd1
73f2
73f2
73f2
73f2
73f2
73f2
73f2
73f2
a349
a34a
a34a
a34b
a34b
a34c
ab4c
ab4e
ab6f
ab70
ab71
ab71
ab72
ab73
ab74
ab74
ab8b
ab8b
ab8c
ab8c
ab8c
ab8d
ab8e
ab8f
b3cf
b3d0
b3d0
b3d1
b3b1
b3b2
b3b2
9430
9430
9430
9430
9430
9430
9430
9430
9430
9430
9430
a44f
a44f
a44f
a44f
a44f
a44f
a44f
a44f
a44f
a44f
a44f
a44f
a44f
a44f
a44f
a44f
a44f
a44f
b46e
b46e
b46e
b46e
b46e
b46e
b46e
b46e
b46e
b46e
b46e
b46e
b46e
b46e
b46e
b46e
b46e
b46e
c48d
c48d
c48d
c48d
c48d
c48d
c48d
c48d
c48d
c48d
c48d
c48d
c48d
c48d
c48d
c48d
c48d
c48d
d4ac
d4ac
d4ac
d4ac
d4ac
d4ac
d4ac
d4ac
d4ac
d4ac
d4ac
d4ac
d4ac
d4ac
d4ac
d4ac
d4ac
d4ac
e4cb
e4cb
e4cb
e4cb
e4cb
e4cb
e4cb
e4cb
e4cb
e4cb
e4cb
e4cb
e4cb
e4cb
e4cb
e4cb
e4cb
e4cb
f4ea
f4ea
f4ea
f4ea
f4ea
f4ea
f4ea
f4ea
f4ea
f4ea
f4ea
f4ea
f4ea
f4ea
f4ea
f4ea
f4ea
f4ea
f4ea
0319
0319
0319
0319
0319
0319
0319
0319
0319
0319
0319
0319
0319
0319
0319
0319
0319
1338
1338
1338
1338
1338
1338
1338
1338
1338
1338
1338
1338
1338
1338
1338
1338
1338
1338
2357
2357
2357
2357
2357
1b32
1b32
1b33
1b32
1b33
1b33
1b34
1b33
2336
2336
2336
2336
2337
2b56
2b56
2b56
3375
3374
3375
3375
3354
3354
3355
3355
3376
3376
3376
3376
3376
3376
3376
4395
432b
432a
432d
432c
432e
432d
432f
432e
4b32
4b31
4b34
4b33
4b35
4b35
4b36
4b36
534e
5b4c
5b4e
5b4e
5b4f
5b4e
5b50
5b4f
5b72
5b72
5b73
5b73
5b74
5b74
5b75
5b75
6370
636f
6371
6b8f
6b8f
6b90
6b90
6b91
6b90
6bb2
6bb2
6bb3
6bb3
6b93
6b93
6b94
6b94
6bb2
6bb2
6bb2
6bb2
7bd1
7bd1
7bd1
7bd1
73f2
73f2
73f2
73f2
73f2
73f2
73f2
73f2
a34a
a349
a34b
a34a
a34c
a34b
ab4e
ab4c
ab70
ab6f
ab71
ab71
ab73
ab72
ab74
ab74
ab8b
ab8b
ab8c
ab8c
ab8d
ab8c
ab8f
ab8e
b3d0
b3cf
b3d1
b3d0
b3b2
b3b1
b3b3
9430
9430
9430
9430
9430
9430
9430
9430
9430
9430
9430
a44f
a44f
a44f
a44f
a44f
a44f
a44f
a44f
a44f
a44f
a44f
a44f
a44f
a44f
a44f
a44f
a44f
a44f
b46e
b46e
b46e
b46e
b46e
b46e
b46e
b46e
b46e
b46e
b46e
b46e
b46e
b46e
b46e
b46e
b46e
b46e
c48d
c48d
c48d
c48d
c48d
c48d
c48d
c48d
c48d
c48d
c48d
c48d
c48d
c48d
c48d
c48d
c48d
c48d
d4ac
d4ac
d4ac
d4ac
d4ac
d4ac
d4ac
d4ac
d4ac
d4ac
d4ac
d4ac
d4ac
d4ac
d4ac
d4ac
d4ac
d4ac
e4cb
e4cb
e4cb
e4cb
e4cb
e4cb
e4cb
e4cb
e4cb
e4cb
e4cb
e4cb
e4cb
e4cb
e4cb
e4cb
e4cb
e4cb
f4ea
f4ea
f4ea
f4ea
f4ea
f4ea
f4ea
f4ea
f4ea
f4ea
f4ea
f4ea
f4ea
f4ea
f4ea
f4ea
f4ea
f4ea
f4ea
0319
0319
0319
0319
0319
0319
0319
0319
0319
0319
0319
0319
0319
0319
0319
0319
0319
1338
1338
1338
1338
1338
1338
1338
1338
1338
1338
1338
1338
1338
1338
1338
1338
1338
1338
2357
2357
2357
2357
2357
1b32
1b33
1b32
1b32
1b33
1b34
1b33
1b33
2336
2336
2336
2336
2337
2b56
2b56
2b56
3375
3375
3374
3375
3355
3355
3354
3354
3376
3376
3376
3376
3376
3376
3376
4395
432c
432d
432a
432b
432e
432f
432d
432e
4b33
4b34
4b31
4b32
4b36
4b36
4b35
4b35
534e
5b4e
5b4c
5b4d
5b4f
5b50
5b4e
5b4f
5b73
5b73
5b72
5b72
5b75
5b75
5b74
5b74
6370
6371
636f
6b8f
6b8f
6b90
6b91
6b90
6b90
6bb3
6bb3
6bb2
6bb2
6b94
6b94
6b93
6b93
6bb2
6bb2
6bb2
6bb2
7bd1
7bd1
7bd1
7bd1
73f2
73f2
73f2
73f2
73f2
73f2
73f2
73f2
a34a
a34b
a349
a34a
a34d
a34e
ab4b
ab4c
ab71
ab71
ab6f
ab70
ab74
ab74
ab72
ab73
ab8c
ab8c
ab8b
ab8b
ab8e
ab8f
ab8c
ab8d
b3d0
b3d1
b3cf
b3d0
b3b2
b3b3
b3b1
9430
9430
9430
9430
9430
9430
9430
9430
9430
9430
9430
a44f
a44f
a44f
a44f
a44f
a44f
a44f
a44f
a44f
a44f
a44f
a44f
a44f
a44f
a44f
a44f
a44f
a44f
b46e
b46e
b46e
b46e
b46e
b46e
b46e
b46e
b46e
b46e
b46e
b46e
b46e
b46e
b46e
b46e
b46e
b46e
c48d
c48d
c48d
c48d
c48d
c48d
c48d
c48d
c48d
c48d
c48d
c48d
c48d
c48d
c48d
c48d
c48d
c48d
d4ac
d4ac
d4ac
d4ac
d4ac
d4ac
d4ac
d4ac
d4ac
d4ac
d4ac
d4ac
d4ac
d4ac
d4ac
d4ac
d4ac
d4ac
e4cb
e4cb
e4cb
e4cb
e4cb
e4cb
e4cb
e4cb
e4cb
e4cb
e4cb
e4cb
e4cb
e4cb
e4cb
e4cb
e4cb
e4cb
f4ea
f4ea
f4ea
f4ea
f4ea
f4ea
f4ea
f4ea
f4ea
f4ea
f4ea
f4ea
f4ea
f4ea
f4ea
f4ea
f4ea
f4ea
f4ea
0319
0319
0319
0319
0319
0319
0319
0319
0319
0319
0319
0319
0319
0319
0319
0319
0319
1338
1338
1338
1338
1338
1338
1338
1338
1338
1338
1338
1338
1338
1338
1338
1338
1338
1338
2357
2357
2357
2357
2357
1b33
1b32
1b32
1b32
1b34
1b33
1b33
1b33
2336
2336
2336
2336
2337
2b56
2b56
2b56
3375
3375
3375
3374
3355
3355
3354
3354
3376
3376
3376
3376
3376
3376
3376
4395
432d
432c
432b
432a
432f
432e
432e
432d
4b34
4b33
4b32
4b31
4b36
4b36
4b35
4b35
534f
5b4e
5b4d
5b4c
5b50
5b4f
5b4f
5b4e
5b73
5b73
5b72
5b72
5b75
5b75
5b74
5b74
6371
6370
6370
6b8f
6b8f
6b91
6b90
6b90
6b90
6bb3
6bb3
6bb2
6bb2
6b94
6b94
6b93
6b93
6bb2
6bb2
6bb2
6bb2
7bd1
7bd1
7bd1
7bd1
73f2
73f2
73f2
73f2
73f2
73f2
73f2
73f2
a34b
a34a
a34a
a349
a34e
a34d
ab4c
ab4b
ab71
ab71
ab70
ab6f
ab74
ab74
ab73
ab72
ab8c
ab8c
ab8b
ab8b
ab8f
ab8e
ab8d
ab8c
b3d1
b3d0
b3d0
b3cf
b3b3
b3b2
b3b2
9430
9430
9430
9430
9430
9430
9430
9430
9430
9430
9430
a44f
a44f
a44f
a44f
a44f
a44f
a44f
a44f
a44f
a44f
a44f
a44f
a44f
a44f
a44f
a44f
a44f
a44f
b46e
b46e
b46e
b46e
b46e
b46e
b46e
b46e
b46e
b46e
b46e
b46e
b46e
b46e
b46e
b46e
b46e
b46e
c48d
c48d
c48d
c48d
c48d
c48d
c48d
c48d
c48d
c48d
c48d
c48d
c48d
c48d
c48d
c48d
c48d
c48d
d4ac
d4ac
d4ac
d4ac
d4ac
d4ac
d4ac
d4ac
d4ac
d4ac
d4ac
d4ac
d4ac
d4ac
d4ac
d4ac
d4ac
d4ac
e4cb
e4cb
e4cb
e4cb
e4cb
e4cb
e4cb
e4cb
e4cb
e4cb
e4cb
e4cb
e4cb
e4cb
e4cb
e4cb
e4cb
e4cb
f4ea
f4ea
f4ea
f4ea
f4ea
f4ea
f4ea
f4ea
f4ea
f4ea
f4ea
f4ea
f4ea
f4ea
f4ea
f4ea
f4ea
f4ea
f4ea
0319
0319
0319
0319
0319
0319
0319
0319
0319
0319
0319
0319
0319
0319
0319
0319
0319
1338
1338
1338
1338
1338
1338
1338
1338
1338
1338
1338
1338
1338
1338
1338
1338
1338
1338
2357
2357
2357
2357
2357
1b33
1b34
1b34
1b34
1b31
1b31
1b32
1b32
2337
2337
2337
2337
2335
2b55
2b55
2b55
3375
3375
3375
3375
3353
3354
3354
3354
3376
3376
3376
3376
3376
3376
3376
4395
432d
432e
432f
4330
4329
432a
432b
432c
4b35
4b35
4b36
4b36
4b31
4b32
4b33
4b34
534f
5b4f
5b50
5b51
5b4c
5b4d
5b4d
5b4e
5b74
5b74
5b75
5b75
5b72
5b72
5b73
5b73
6371
6371
6371
6b91
6b91
6b8e
6b8f
6b8f
6b8f
6bb3
6bb3
6bb4
6bb4
6b92
6b92
6b92
6b93
6bb2
6bb2
6bb2
6bb2
7bd0
7bd0
7bd0
7bd1
73f2
73f2
73f2
73f2
73f2
73f2
73f2
73f2
a34c
a34d
a34d
a34e
a348
a349
ab49
ab4a
ab72
ab73
ab74
ab74
ab6f
ab70
ab71
ab71
ab8d
ab8e
ab8e
ab8f
ab8a
ab8b
ab8b
ab8c
b3d1
b3d2
b3d2
b3d2
b3af
b3b0
b3b0
9430
9430
9430
9430
9430
9430
9430
9430
9430
9430
9430
a44f
a44f
a44f
a44f
a44f
a44f
a44f
a44f
a44f
a44f
a44f
a44f
a44f
a44f
a44f
a44f
a44f
a44f
b46e
b46e
b46e
b46e
b46e
b46e
b46e
b46e
b46e
b46e
b46e
b46e
b46e
b46e
b46e
b46e
b46e
b46e
c48d
c48d
c48d
c48d
c48d
c48d
c48d
c48d
c48d
c48d
c48d
c48d
c48d
c48d
c48d
c48d
c48d
c48d
d4ac
d4ac
d4ac
d4ac
d4ac
d4ac
d4ac
d4ac
d4ac
d4ac
d4ac
d4ac
d4ac
d4ac
d4ac
d4ac
d4ac
d4ac
e4cb
e4cb
e4cb
e4cb
e4cb
e4cb
e4cb
e4cb
e4cb
e4cb
e4cb
e4cb
e4cb
e4cb
e4cb
e4cb
e4cb
e4cb
f4ea
f4ea
f4ea
f4ea
f4ea
f4ea
f4ea
f4ea
f4ea
f4ea
f4ea
f4ea
f4ea
f4ea
f4ea
f4ea
f4ea
f4ea
f4ea
0319
0319
0319
0319
0319
0319
0319
0319
0319
0319
0319
0319
0319
0319
0319
0319
0319
1338
1338
1338
1338
1338
1338
1338
1338
1338
1338
1338
1338
1338
1338
1338
1338
1338
1338
2357
2357
2357
2357
2357
1b34
1b33
1b34
1b34
1b31
1b31
1b32
1b32
2337
2337
2337
2337
2335
2b54
2b55
2b55
3375
3375
3375
3375
3354
3353
3354
3354
3376
3376
3376
3376
3376
3376
3376
4395
432e
432d
4330
432f
432a
4329
432c
432b
4b35
4b35
4b36
4b36
4b32
4b31
4b34
4b33
5350
5b4f
5b51
5b50
5b4d
5b4c
5b4e
5b4d
5b74
5b74
5b75
5b75
5b72
5b72
5b73
5b73
6371
6371
6372
6b91
6b91
6b8f
6b8e
6b8f
6b8f
6bb3
6bb3
6bb4
6bb4
6b92
6b92
6b93
6b92
6bb2
6bb2
6bb2
6bb2
7bd0
7bd0
7bd1
7bd0
73f2
73f2
73f2
73f2
73f2
73f2
73f2
73f2
a34d
a34c
a34e
a34d
a349
a348
ab4a
ab49
ab73
ab72
ab74
ab74
ab70
ab6f
ab71
ab71
ab8e
ab8d
ab8f
ab8e
ab8b
ab8a
ab8c
ab8b
b3d2
b3d1
b3d2
b3d2
b3b0
b3af
b3b1
9430
9430
9430
9430
9430
9430
9430
9430
9430
9430
9430
a44f
a44f
a44f
a44f
a44f
a44f
a44f
a44f
a44f
a44f
a44f
a44f
a44f
a44f
a44f
a44f
a44f
a44f
b46e
b46e
b46e
b46e
b46e
b46e
b46e
b46e
b46e
b46e
b46e
b46e
b46e
b46e
b46e
b46e
b46e
b46e
c48d
c48d
c48d
c48d
c48d
c48d
c48d
c48d
c48d
c48d
c48d
c48d
c48d
c48d
c48d
c48d
c48d
c48d
d4ac
d4ac
d4ac
d4ac
d4ac
d4ac
d4ac
d4ac
d4ac
d4ac
d4ac
d4ac
d4ac
d4ac
d4ac
d4ac
d4ac
d4ac
e4cb
e4cb
e4cb
e4cb
e4cb
e4cb
e4cb
e4cb
e4cb
e4cb
e4cb
e4cb
e4cb
e4cb
e4cb
e4cb
e4cb
e4cb
f4ea
f4ea
f4ea
f4ea
f4ea
f4ea
f4ea
f4ea
f4ea
f4ea
f4ea
f4ea
f4ea
f4ea
f4ea
f4ea
f4ea
f4ea
f4ea
0398
0398
0398
0398
0398
0398
0398
0398
0398
0398
0398
0398
0398
0398
0398
0398
0398
13b7
13b7
13b7
13b7
13b7
13b7
13b7
13b7
13b7
13b7
13b7
13b7
13b7
13b7
13b7
13b7
13b7
13b7
23d6
23d6
23d6
23d6
23d6
1b93
1b93
1b92
1b93
1b91
1b92
1b90
1b91
23b6
23b6
23b6
23b6
2395
2bb4
2bb3
2bb4
33d4
33d4
33d4
33d4
33d3
33d3
33d3
33d3
33f5
33f5
33f5
33f5
33f5
33f5
33f5
4414
436e
436f
436d
436e
434a
434c
4349
434a
4b75
4b76
4b74
4b74
4b72
4b73
4b71
4b72
5390
5bb0
5bae
5baf
5b8c
5b8d
5b8b
5b8c
5bd4
5bd5
5bd3
5bd4
5bb2
5bb3
5bb1
5bb2
63d1
63d1
63d0
6bf0
6bf0
6bee
6bef
6bed
6bee
6c13
6c13
6c12
6c12
6c12
6c12
6c11
6c11
6c31
6c31
6c31
6c31
7c4f
7c50
7c4f
7c4f
7471
7471
7471
7471
7451
7451
7451
7451
a38d
a38e
a38b
a38c
a389
a38a
ab87
ab88
abd3
abd4
abd2
abd2
abb0
abb1
abaf
abb0
abed
abee
abec
abed
abcb
abcb
abc9
abca
b411
b412
b411
b411
b40f
b410
b40e
94af
94af
94af
94af
94af
94af
94af
94af
94af
94af
94af
a4ce
a4ce
a4ce
a4ce
a4ce
a4ce
a4ce
a4ce
a4ce
a4ce
a4ce
a4ce
a4ce
a4ce
a4ce
a4ce
a4ce
a4ce
b4ed
b4ed
b4ed
b4ed
b4ed
b4ed
b4ed
b4ed
b4ed
b4ed
b4ed
b4ed
b4ed
b4ed
b4ed
b4ed
b4ed
b4ed
c50c
c50c
c50c
c50c
c50c
c50c
c50c
c50c
c50c
c50c
c50c
c50c
c50c
c50c
c50c
c50c
c50c
c50c
d52b
d52b
d52b
d52b
d52b
d52b
d52b
d52b
d52b
d52b
d52b
d52b
d52b
d52b
d52b
d52b
d52b
d52b
e54a
e54a
e54a
e54a
e54a
e54a
e54a
e54a
e54a
e54a
e54a
e54a
e54a
e54a
e54a
e54a
e54a
e54a
f569
f569
f569
f569
f569
f569
f569
f569
f569
f569
f569
f569
f569
f569
f569
f569
f569
f569
f569
0398
0398
0398
0398
0398
0398
0398
0398
0398
0398
0398
0398
0398
0398
0398
0398
0398
13b7
13b7
13b7
13b7
13b7
13b7
13b7
13b7
13b7
13b7
13b7
13b7
13b7
13b7
13b7
13b7
13b7
13b7
23d6
23d6
23d6
23d6
23d6
1b93
1b93
1b93
1b92
1b92
1b91
1b91
1b90
23b6
23b6
23b6
23b6
2395
2bb4
2bb4
2bb3
33d4
33d4
33d4
33d4
33d3
33d3
33d3
33d3
33f5
33f5
33f5
33f5
33f5
33f5
33f5
4414
436f
436e
436e
436d
434c
434a
434a
4349
4b76
4b75
4b74
4b74
4b73
4b72
4b72
4b71
5391
5baf
5baf
5bae
5b8d
5b8c
5b8c
5b8b
5bd5
5bd4
5bd4
5bd3
5bb3
5bb2
5bb2
5bb1
63d1
63d1
63d0
6bef
6bef
6bef
6bee
6bee
6bed
6c13
6c13
6c12
6c12
6c12
6c12
6c11
6c11
6c31
6c31
6c31
6c31
7c50
7c4f
7c4f
7c4f
7471
7471
7471
7471
7451
7451
7451
7451
a38e
a38d
a38c
a38b
a38a
a389
ab88
ab87
abd4
abd3
abd2
abd2
abb1
abb0
abb0
abaf
abee
abed
abed
abec
abcb
abcb
abca
abc9
b412
b411
b411
b411
b410
b40f
b40f
94af
94af
94af
94af
94af
94af
94af
94af
94af
94af
94af
a4ce
a4ce
a4ce
a4ce
a4ce
a4ce
a4ce
a4ce
a4ce
a4ce
a4ce
a4ce
a4ce
a4ce
a4ce
a4ce
a4ce
a4ce
b4ed
b4ed
b4ed
b4ed
b4ed
b4ed
b4ed
b4ed
b4ed
b4ed
b4ed
b4ed
b4ed
b4ed
b4ed
b4ed
b4ed
b4ed
c50c
c50c
c50c
c50c
c50c
c50c
c50c
c50c
c50c
c50c
c50c
c50c
c50c
c50c
c50c
c50c
c50c
c50c
d52b
d52b
d52b
d52b
d52b
d52b
d52b
d52b
d52b
d52b
d52b
d52b
d52b
d52b
d52b
d52b
d52b
d52b
e54a
e54a
e54a
e54a
e54a
e54a
e54a
e54a
e54a
e54a
e54a
e54a
e54a
e54a
e54a
e54a
e54a
e54a
f569
f569
f569
f569
f569
f569
f569
f569
f569
f569
f569
f569
f569
f569
f569
f569
f569
f569
f569
0398
0398
0398
0398
0398
0398
0398
0398
0398
0398
0398
0398
0398
0398
0398
0398
0398
13b7
13b7
13b7
13b7
13b7
13b7
13b7
13b7
13b7
13b7
13b7
13b7
13b7
13b7
13b7
13b7
13b7
13b7
23d6
23d6
23d6
23d6
23d6
1bb4
1bb4
1bb4
1bb5
1bb6
1bb6
1bb6
1bb6
23b2
23b2
23b2
23b3
23b4
2bd3
2bd3
2bd4
33d4
33d4
33d4
33d5
33f5
33f5
33f5
33f5
33f4
33f4
33f4
33f4
33f5
33f5
33f5
4414
4390
4391
4392
4393
4394
4395
4396
4396
4baa
4bab
4bac
4bad
4bae
4baf
4baf
4bb0
53b1
5bd1
5bd2
5bd3
5bd3
5bd4
5bd5
5bd5
5bcd
5bcd
5bce
5bce
5bef
5bf0
5bf0
5bf1
63f1
63f2
63f2
6c12
6c12
6c12
6c13
6c13
6c13
6c0f
6c0f
6c0f
6c10
6c30
6c31
6c31
6c31
6c31
6c32
6c32
6c32
7c51
7c51
7c51
7c52
7470
7470
7470
7471
7471
7471
7471
7471
a3af
a3b0
a3b0
a3b2
a3d3
a3d3
abd4
abd4
abe8
abe9
abea
abeb
abeb
abec
abed
abee
abef
abf0
abf0
abf1
ac12
ac12
ac13
ac13
b42a
b42b
b42b
b42c
b42c
b42d
b42d
94af
94af
94af
94af
94af
94af
94af
94af
94af
94af
94af
a4ce
a4ce
a4ce
a4ce
a4ce
a4ce
a4ce
a4ce
a4ce
a4ce
a4ce
a4ce
a4ce
a4ce
a4ce
a4ce
a4ce
a4ce
b4ed
b4ed
b4ed
b4ed
b4ed
b4ed
b4ed
b4ed
b4ed
b4ed
b4ed
b4ed
b4ed
b4ed
b4ed
b4ed
b4ed
b4ed
c50c
c50c
c50c
c50c
c50c
c50c
c50c
c50c
c50c
c50c
c50c
c50c
c50c
c50c
c50c
c50c
c50c
c50c
d52b
d52b
d52b
d52b
d52b
d52b
d52b
d52b
d52b
d52b
d52b
d52b
d52b
d52b
d52b
d52b
d52b
d52b
e54a
e54a
e54a
e54a
e54a
e54a
e54a
e54a
e54a
e54a
e54a
e54a
e54a
e54a
e54a
e54a
e54a
e54a
f569
f569
f569
f569
f569
f569
f569
f569
f569
f569
f569
f569
f569
f569
f569
f569
f569
f569
f569
0398
0398
0398
0398
0398
0398
0398
0398
0398
0398
0398
0398
0398
0398
0398
0398
0398
13b7
13b7
13b7
13b7
13b7
13b7
13b7
13b7
13b7
13b7
13b7
13b7
13b7
13b7
13b7
13b7
13b7
13b7
23d6
23d6
23d6
23d6
23d6
1bb4
1bb4
1bb5
1bb4
1bb6
1bb6
1bb6
1bb6
23b2
23b2
23b3
23b2
23b4
2bd3
2bd4
2bd3
33d4
33d4
33d5
33d4
33f5
33f5
33f5
33f5
33f4
33f4
33f4
33f4
33f5
33f5
33f5
4414
4391
4390
4393
4392
4395
4394
4396
4396
4bab
4baa
4bad
4bac
4baf
4bae
4bb0
4baf
53b2
5bd1
5bd3
5bd2
5bd4
5bd3
5bd5
5bd5
5bcd
5bcd
5bce
5bce
5bf0
5bef
5bf1
5bf0
63f2
63f1
63f3
6c11
6c11
6c13
6c12
6c13
6c13
6c0f
6c0f
6c10
6c0f
6c31
6c30
6c31
6c31
6c32
6c31
6c32
6c32
7c51
7c51
7c52
7c51
7470
7470
7471
7470
7471
7471
7471
7471
a3b0
a3af
a3b2
a3b0
a3d3
a3d3
abd4
abd4
abe9
abe8
abeb
abea
abec
abeb
abee
abed
abf0
abef
abf1
abf0
ac12
ac12
ac13
ac13
b42b
b42a
b42c
b42b
b42d
b42c
b42e
94af
94af
94af
94af
94af
94af
94af
94af
94af
94af
94af
a4ce
a4ce
a4ce
a4ce
a4ce
a4ce
a4ce
a4ce
a4ce
a4ce
a4ce
a4ce
a4ce
a4ce
a4ce
a4ce
a4ce
a4ce
b4ed
b4ed
b4ed
b4ed
b4ed
b4ed
b4ed
b4ed
b4ed
b4ed
b4ed
b4ed
b4ed
b4ed
b4ed
b4ed
b4ed
b4ed
c50c
c50c
c50c
c50c
c50c
c50c
c50c
c50c
c50c
c50c
c50c
c50c
c50c
c50c
c50c
c50c
c50c
c50c
d52b
d52b
d52b
d52b
d52b
d52b
d52b
d52b
d52b
d52b
d52b
d52b
d52b
d52b
d52b
d52b
d52b
d52b
e54a
e54a
e54a
e54a
e54a
e54a
e54a
e54a
e54a
e54a
e54a
e54a
e54a
e54a
e54a
e54a
e54a
e54a
f569
f569
f569
f569
f569
f569
f569
f569
f569
f569
f569
f569
f569
f569
f569
f569
f569
f569
f569
0398
0398
0398
0398
0398
0398
0398
0398
0398
0398
0398
0398
0398
0398
0398
0398
0398
13b7
13b7
13b7
13b7
13b7
13b7
13b7
13b7
13b7
13b7
13b7
13b7
13b7
13b7
13b7
13b7
13b7
13b7
23d6
23d6
23d6
23d6
23d6
1bb4
1bb5
1bb4
1bb4
1bb6
1bb6
1bb6
1bb6
23b2
23b3
23b2
23b2
23b4
2bd4
2bd3
2bd3
33d4
33d5
33d4
33d4
33f5
33f5
33f5
33f5
33f4
33f4
33f4
33f4
33f5
33f5
33f5
4414
4392
4393
4390
4391
4396
4396
4394
4395
4bac
4bad
4baa
4bab
4baf
4bb0
4bae
4baf
53b2
5bd3
5bd1
5bd1
5bd5
5bd5
5bd3
5bd4
5bce
5bce
5bcd
5bcd
5bf0
5bf1
5bef
5bf0
63f2
63f3
63f1
6c11
6c11
6c13
6c13
6c12
6c13
6c0f
6c10
6c0f
6c0f
6c31
6c31
6c30
6c31
6c32
6c32
6c31
6c32
7c51
7c52
7c51
7c51
7470
7471
7470
7470
7471
7471
7471
7471
a3b0
a3b2
a3af
a3b0
a3d4
a3d5
abd2
abd3
abea
abeb
abe8
abe9
abed
abee
abeb
abec
abf0
abf1
abef
abf0
ac13
ac13
ac12
ac12
b42b
b42c
b42a
b42b
b42d
b42e
b42c
94af
94af
94af
94af
94af
94af
94af
94af
94af
94af
94af
a4ce
a4ce
a4ce
a4ce
a4ce
a4ce
a4ce
a4ce
a4ce
a4ce
a4ce
a4ce
a4ce
a4ce
a4ce
a4ce
a4ce
a4ce
b4ed
b4ed
b4ed
b4ed
b4ed
b4ed
b4ed
b4ed
b4ed
b4ed
b4ed
b4ed
b4ed
b4ed
b4ed
b4ed
b4ed
b4ed
c50c
c50c
c50c
c50c
c50c
c50c
c50c
c50c
c50c
c50c
c50c
c50c
c50c
c50c
c50c
c50c
c50c
c50c
d52b
d52b
d52b
d52b
d52b
d52b
d52b
d52b
d52b
d52b
d52b
d52b
d52b
d52b
d52b
d52b
d52b
d52b
e54a
e54a
e54a
e54a
e54a
e54a
e54a
e54a
e54a
e54a
e54a
e54a
e54a
e54a
e54a
e54a
e54a
e54a
f569
f569
f569
f569
f569
f569
f569
f569
f569
f569
f569
f569
f569
f569
f569
f569
f569
f569
f569
0398
0398
0398
0398
0398
0398
0398
0398
0398
0398
0398
0398
0398
0398
0398
0398
0398
13b7
13b7
13b7
13b7
13b7
13b7
13b7
13b7
13b7
13b7
13b7
13b7
13b7
13b7
13b7
13b7
13b7
13b7
23d6
23d6
23d6
23d6
23d6
1bb5
1bb4
1bb4
1bb4
1bb6
1bb6
1bb6
1bb6
23b3
23b2
23b2
23b2
23b4
2bd3
2bd3
2bd3
33d5
33d4
33d4
33d4
33f5
33f5
33f5
33f5
33f4
33f4
33f4
33f4
33f5
33f5
33f5
4414
4393
4392
4391
4390
4396
4396
4395
4394
4bad
4bac
4bab
4baa
4bb0
4baf
4baf
4bae
53b3
5bd2
5bd1
5bd1
5bd5
5bd5
5bd4
5bd3
5bce
5bce
5bcd
5bcd
5bf1
5bf0
5bf0
5bef
63f3
63f2
63f2
6c11
6c11
6c13
6c13
6c13
6c12
6c10
6c0f
6c0f
6c0f
6c31
6c31
6c31
6c30
6c32
6c32
6c32
6c31
7c52
7c51
7c51
7c51
7471
7470
7470
7470
7471
7471
7471
7471
a3b2
a3b0
a3b0
a3af
a3d5
a3d4
abd3
abd2
abeb
abea
abe9
abe8
abee
abed
abec
abeb
abf1
abf0
abf0
abef
ac13
ac13
ac12
ac12
b42c
b42b
b42b
b42a
b42e
b42d
b42d
94af
94af
94af
94af
94af
94af
94af
94af
94af
94af
94af
a4ce
a4ce
a4ce
a4ce
a4ce
a4ce
a4ce
a4ce
a4ce
a4ce
a4ce
a4ce
a4ce
a4ce
a4ce
a4ce
a4ce
a4ce
b4ed
b4ed
b4ed
b4ed
b4ed
b4ed
b4ed
b4ed
b4ed
b4ed
b4ed
b4ed
b4ed
b4ed
b4ed
b4ed
b4ed
b4ed
c50c
c50c
c50c
c50c
c50c
c50c
c50c
c50c
c50c
c50c
c50c
c50c
c50c
c50c
c50c
c50c
c50c
c50c
d52b
d52b
d52b
d52b
d52b
d52b
d52b
d52b
d52b
d52b
d52b
d52b
d52b
d52b
d52b
d52b
d52b
d52b
e54a
e54a
e54a
e54a
e54a
e54a
e54a
e54a
e54a
e54a
e54a
e54a
e54a
e54a
e54a
e54a
e54a
e54a
f569
f569
f569
f569
f569
f569
f569
f569
f569
f569
f569
f569
f569
f569
f569
f569
f569
f569
f569
0398
0398
0398
0398
0398
0398
0398
0398
0398
0398
0398
0398
0398
0398
0398
0398
0398
13b7
13b7
13b7
13b7
13b7
13b7
13b7
13b7
13b7
13b7
13b7
13b7
13b7
13b7
13b7
13b7
13b7
13b7
23d6
23d6
23d6
23d6
23d6
1bb5
1bb6
1bb6
1bb7
1bb4
1bb4
1bb5
1bb5
23b3
23b3
23b4
23b4
23b3
2bd2
2bd2
2bd3
33d5
33d5
33d5
33d5
33f4
33f5
33f5
33f5
33f4
33f4
33f5
33f5
33f5
33f5
33f5
4414
4394
4395
4396
4396
4390
4391
4392
4393
4bad
4bae
4baf
4bb0
4bab
4bac
4bac
4bad
53b4
5bd4
5bd5
5bd5
5bd1
5bd1
5bd2
5bd3
5bcf
5bcf
5bd0
5bd0
5bed
5bee
5bee
5bef
63f3
63f4
63f4
6c14
6c14
6c11
6c11
6c12
6c12
6c10
6c10
6c10
6c11
6c2f
6c30
6c30
6c30
6c32
6c32
6c33
6c33
7c51
7c51
7c51
7c51
7471
7471
7471
7471
7471
7471
7471
7471
a3b3
a3b3
a3b4
a3b5
a3cf
a3d0
abd0
abd1
abeb
abec
abed
abee
abe9
abea
abea
abeb
abf2
abf2
abf3
abf3
ac0f
ac10
ac10
ac11
b42c
b42d
b42d
b42e
b42a
b42b
b42b
94af
94af
94af
94af
94af
94af
94af
94af
94af
94af
94af
a4ce
a4ce
a4ce
a4ce
a4ce
a4ce
a4ce
a4ce
a4ce
a4ce
a4ce
a4ce
a4ce
a4ce
a4ce
a4ce
a4ce
a4ce
b4ed
b4ed
b4ed
b4ed
b4ed
b4ed
b4ed
b4ed
b4ed
b4ed
b4ed
b4ed
b4ed
b4ed
b4ed
b4ed
b4ed
b4ed
c50c
c50c
c50c
c50c
c50c
c50c
c50c
c50c
c50c
c50c
c50c
c50c
c50c
c50c
c50c
c50c
c50c
c50c
d52b
d52b
d52b
d52b
d52b
d52b
d52b
d52b
d52b
d52b
d52b
d52b
d52b
d52b
d52b
d52b
d52b
d52b
e54a
e54a
e54a
e54a
e54a
e54a
e54a
e54a
e54a
e54a
e54a
e54a
e54a
e54a
e54a
e54a
e54a
e54a
f569
f569
f569
f569
f569
f569
f569
f569
f569
f569
f569
f569
f569
f569
f569
f569
f569
f569
f569
0398
0398
0398
0398
0398
0398
0398
0398
0398
0398
0398
0398
0398
0398
0398
0398
0398
13b7
13b7
13b7
13b7
13b7
13b7
13b7
13b7
13b7
13b7
13b7
13b7
13b7
13b7
13b7
13b7
13b7
13b7
23d6
23d6
23d6
23d6
23d6
1bb6
1bb5
1bb7
1bb6
1bb4
1bb4
1bb5
1bb5
23b3
23b3
23b4
23b4
23b3
2bd2
2bd3
2bd2
33d5
33d5
33d5
33d5
33f5
33f4
33f5
33f5
33f4
33f4
33f5
33f5
33f5
33f5
33f5
4414
4395
4394
4396
4396
4391
4390
4393
4392
4bae
4bad
4bb0
4baf
4bac
4bab
4bad
4bac
53b4
5bd3
5bd5
5bd5
5bd1
5bd1
5bd3
5bd2
5bcf
5bcf
5bd0
5bd0
5bee
5bed
5bef
5bee
63f4
63f3
63f4
6c13
6c13
6c11
6c11
6c12
6c12
6c10
6c10
6c11
6c10
6c30
6c2f
6c30
6c30
6c32
6c32
6c33
6c33
7c51
7c51
7c51
7c51
7471
7471
7471
7471
7471
7471
7471
7471
a3b3
a3b3
a3b5
a3b4
a3d0
a3cf
abd1
abd0
abec
abeb
abee
abed
abea
abe9
abeb
abea
abf2
abf2
abf3
abf3
ac10
ac0f
ac11
ac10
b42d
b42c
b42e
b42d
b42b
b42a
b42c
94af
94af
94af
94af
94af
94af
94af
94af
94af
94af
94af
a4ce
a4ce
a4ce
a4ce
a4ce
a4ce
a4ce
a4ce
a4ce
a4ce
a4ce
a4ce
a4ce
a4ce
a4ce
a4ce
a4ce
a4ce
b4ed
b4ed
b4ed
b4ed
b4ed
b4ed
b4ed
b4ed
b4ed
b4ed
b4ed
b4ed
b4ed
b4ed
b4ed
b4ed
b4ed
b4ed
c50c
c50c
c50c
c50c
c50c
c50c
c50c
c50c
c50c
c50c
c50c
c50c
c50c
c50c
c50c
c50c
c50c
c50c
d52b
d52b
d52b
d52b
d52b
d52b
d52b
d52b
d52b
d52b
d52b
d52b
d52b
d52b
d52b
d52b
d52b
d52b
e54a
e54a
e54a
e54a
e54a
e54a
e54a
e54a
e54a
e54a
e54a
e54a
e54a
e54a
e54a
e54a
e54a
e54a
f569
f569
f569
f569
f569
f569
f569
f569
f569
f569
f569
f569
f569
f569
f569
f569
f569
f569
f569
0398
0398
0398
0398
0398
0398
0398
0398
0398
0398
0398
0398
0398
0398
0398
0398
0398
13b7
13b7
13b7
13b7
13b7
13b7
13b7
13b7
13b7
13b7
13b7
13b7
13b7
13b7
13b7
13b7
13b7
13b7
23d6
23d6
23d6
23d6
23d6
1bb6
1bb7
1bb5
1bb6
1bb5
1bb5
1bb4
1bb4
23b4
23b4
23b3
23b3
23b3
2bd3
2bd2
2bd2
33d5
33d5
33d5
33d5
33f5
33f5
33f4
33f5
33f5
33f5
33f4
33f4
33f5
33f5
33f5
4414
4396
4396
4394
4395
4392
4393
4390
4391
4baf
4bb0
4bad
4bae
4bac
4bad
4bab
4bac
53b5
5bd5
5bd3
5bd4
5bd2
5bd3
5bd1
5bd1
5bd0
5bd0
5bcf
5bcf
5bee
5bef
5bed
5bee
63f4
63f4
63f3
6c13
6c13
6c12
6c12
6c11
6c11
6c10
6c11
6c10
6c10
6c30
6c30
6c2f
6c30
6c33
6c33
6c32
6c32
7c51
7c51
7c51
7c51
7471
7471
7471
7471
7471
7471
7471
7471
a3b4
a3b5
a3b3
a3b3
a3d0
a3d2
abce
abcf
abed
abee
abeb
abec
abea
abeb
abe9
abea
abf3
abf3
abf2
abf2
ac10
ac11
ac0f
ac10
b42d
b42e
b42c
b42d
b42b
b42c
b42a
94af
94af
94af
94af
94af
94af
94af
94af
94af
94af
94af
a4ce
a4ce
a4ce
a4ce
a4ce
a4ce
a4ce
a4ce
a4ce
a4ce
a4ce
a4ce
a4ce
a4ce
a4ce
a4ce
a4ce
a4ce
b4ed
b4ed
b4ed
b4ed
b4ed
b4ed
b4ed
b4ed
b4ed
b4ed
b4ed
b4ed
b4ed
b4ed
b4ed
b4ed
b4ed
b4ed
c50c
c50c
c50c
c50c
c50c
c50c
c50c
c50c
c50c
c50c
c50c
c50c
c50c
c50c
c50c
c50c
c50c
c50c
d52b
d52b
d52b
d52b
d52b
d52b
d52b
d52b
d52b
d52b
d52b
d52b
d52b
d52b
d52b
d52b
d52b
d52b
e54a
e54a
e54a
e54a
e54a
e54a
e54a
e54a
e54a
e54a
e54a
e54a
e54a
e54a
e54a
e54a
e54a
e54a
f569
f569
f569
f569
f569
f569
f569
f569
f569
f569
f569
f569
f569
f569
f569
f569
f569
f569
f569
0398
0398
0398
0398
0398
0398
0398
0398
0398
0398
0398
0398
0398
0398
0398
0398
0398
13b7
13b7
13b7
13b7
13b7
13b7
13b7
13b7
13b7
13b7
13b7
13b7
13b7
13b7
13b7
13b7
13b7
13b7
23d6
23d6
23d6
23d6
23d6
1bb7
1bb6
1bb6
1bb5
1bb5
1bb5
1bb4
1bb4
23b4
23b4
23b3
23b3
23b3
2bd2
2bd2
2bd2
33d5
33d5
33d5
33d5
33f5
33f5
33f5
33f4
33f5
33f5
33f4
33f4
33f5
33f5
33f5
4414
4396
4396
4395
4394
4393
4392
4391
4390
4bb0
4baf
4bae
4bad
4bad
4bac
4bac
4bab
53b6
5bd5
5bd4
5bd3
5bd3
5bd2
5bd1
5bd1
5bd0
5bd0
5bcf
5bcf
5bef
5bee
5bee
5bed
63f4
63f4
63f4
6c13
6c13
6c12
6c12
6c11
6c11
6c11
6c10
6c10
6c10
6c30
6c30
6c30
6c2f
6c33
6c33
6c32
6c32
7c51
7c51
7c51
7c51
7471
7471
7471
7471
7471
7471
7471
7471
a3b5
a3b4
a3b3
a3b3
a3d2
a3d0
abcf
abce
abee
abed
abec
abeb
abeb
abea
abea
abe9
abf3
abf3
abf2
abf2
ac11
ac10
ac10
ac0f
b42e
b42d
b42d
b42c
b42c
b42b
b42b
94af
94af
94af
94af
94af
94af
94af
94af
94af
94af
94af
a4ce
a4ce
a4ce
a4ce
a4ce
a4ce
a4ce
a4ce
a4ce
a4ce
a4ce
a4ce
a4ce
a4ce
a4ce
a4ce
a4ce
a4ce
b4ed
b4ed
b4ed
b4ed
b4ed
b4ed
b4ed
b4ed
b4ed
b4ed
b4ed
b4ed
b4ed
b4ed
b4ed
b4ed
b4ed
b4ed
c50c
c50c
c50c
c50c
c50c
c50c
c50c
c50c
c50c
c50c
c50c
c50c
c50c
c50c
c50c
c50c
c50c
c50c
d52b
d52b
d52b
d52b
d52b
d52b
d52b
d52b
d52b
d52b
d52b
d52b
d52b
d52b
d52b
d52b
d52b
d52b
e54a
e54a
e54a
e54a
e54a
e54a
e54a
e54a
e54a
e54a
e54a
e54a
e54a
e54a
e54a
e54a
e54a
e54a
f569
f569
f569
f569
f569
f569
f569
f569
f569
f569
f569
f569
f569
f569
f569
f569
f569
f569
f569
0398
0398
0398
0398
0398
0398
0398
0398
0398
0398
0398
0398
0398
0398
0398
0398
0398
13b7
13b7
13b7
13b7
13b7
13b7
13b7
13b7
13b7
13b7
13b7
13b7
13b7
13b7
13b7
13b7
13b7
13b7
23d6
23d6
23d6
23d6
23d6
1bcf
1bd0
1bd0
1bd1
1bd1
1bd1
1bd2
1bd2
1bd3
1bd3
1bd4
1bd4
1bd5
23d5
23d6
23d6
2bcc
2bcc
2bcd
2bce
2bce
2bcf
2bcf
2bd0
33d1
33d2
33d2
33d3
33d4
33d5
33d6
3bd6
4414
4414
4414
4414
4413
4414
4414
4414
4413
4414
4414
4414
4414
4414
4414
4414
4c11
5410
5411
5411
5411
5411
5411
5411
5c12
5c12
5c12
5c13
5c13
5c14
5c14
5c14
640d
640e
640e
740e
740e
740e
740f
740f
7410
7c10
7c11
7c11
7c12
7c13
7c13
7c14
7c14
840a
840b
840b
840c
8c0c
8c0d
8c0d
8c0e
9c0f
9c10
9c10
9c12
9c13
9c13
9c14
9c15
7471
7471
7471
7471
7471
7471
8490
8490
8c70
8c70
8c70
8c70
8c70
8c71
8c71
8c71
946e
946e
946e
946e
946e
946e
946f
946f
ac6f
ac6f
ac6f
ac70
ac70
ac71
ac71
94af
94af
94af
94af
94af
94af
94af
94af
94af
94af
94af
a4ce
a4ce
a4ce
a4ce
a4ce
a4ce
a4ce
a4ce
a4ce
a4ce
a4ce
a4ce
a4ce
a4ce
a4ce
a4ce
a4ce
a4ce
b4ed
b4ed
b4ed
b4ed
b4ed
b4ed
b4ed
b4ed
b4ed
b4ed
b4ed
b4ed
b4ed
b4ed
b4ed
b4ed
b4ed
b4ed
c50c
c50c
c50c
c50c
c50c
c50c
c50c
c50c
c50c
c50c
c50c
c50c
c50c
c50c
c50c
c50c
c50c
c50c
d52b
d52b
d52b
d52b
d52b
d52b
d52b
d52b
d52b
d52b
d52b
d52b
d52b
d52b
d52b
d52b
d52b
d52b
e54a
e54a
e54a
e54a
e54a
e54a
e54a
e54a
e54a
e54a
e54a
e54a
e54a
e54a
e54a
e54a
e54a
e54a
f569
f569
f569
f569
f569
f569
f569
f569
f569
f569
f569
f569
f569
f569
f569
f569
f569
f569
f569
0398
0398
0398
0398
0398
0398
0398
0398
0398
0398
0398
0398
0398
0398
0398
0398
0398
13b7
13b7
13b7
13b7
13b7
13b7
13b7
13b7
13b7
13b7
13b7
13b7
13b7
13b7
13b7
13b7
13b7
13b7
23d6
23d6
23d6
23d6
23d6
1bd0
1bcf
1bd1
1bd0
1bd1
1bd1
1bd2
1bd2
1bd3
1bd3
1bd4
1bd4
1bd6
23d5
23d6
23d6
2bcc
2bcc
2bce
2bcd
2bcf
2bce
2bd0
2bcf
33d2
33d1
33d3
33d2
33d5
33d4
33d7
3bd6
4414
4414
4414
4414
4414
4413
4414
4414
4414
4413
4414
4414
4414
4414
4414
4414
4c11
5410
5411
5411
5411
5411
5411
5411
5c12
5c12
5c13
5c12
5c14
5c13
5c14
5c14
640e
640d
640f
740d
740d
740f
740e
7410
740f
7c11
7c10
7c12
7c11
7c13
7c13
7c14
7c14
840b
840a
840c
840b
8c0d
8c0c
8c0e
8c0d
9c10
9c0f
9c12
9c10
9c13
9c13
9c15
9c14
7471
7471
7471
7471
7471
7471
8490
8490
8c70
8c70
8c70
8c70
8c71
8c70
8c71
8c71
946e
946e
946e
946e
946e
946e
946f
946f
ac6f
ac6f
ac70
ac6f
ac71
ac70
ac71
94af
94af
94af
94af
94af
94af
94af
94af
94af
94af
94af
a4ce
a4ce
a4ce
a4ce
a4ce
a4ce
a4ce
a4ce
a4ce
a4ce
a4ce
a4ce
a4ce
a4ce
a4ce
a4ce
a4ce
a4ce
b4ed
b4ed
b4ed
b4ed
b4ed
b4ed
b4ed
b4ed
b4ed
b4ed
b4ed
b4ed
b4ed
b4ed
b4ed
b4ed
b4ed
b4ed
c50c
c50c
c50c
c50c
c50c
c50c
c50c
c50c
c50c
c50c
c50c
c50c
c50c
c50c
c50c
c50c
c50c
c50c
d52b
d52b
d52b
d52b
d52b
d52b
d52b
d52b
d52b
d52b
d52b
d52b
d52b
d52b
d52b
d52b
d52b
d52b
e54a
e54a
e54a
e54a
e54a
e54a
e54a
e54a
e54a
e54a
e54a
e54a
e54a
e54a
e54a
e54a
e54a
e54a
f569
f569
f569
f569
f569
f569
f569
f569
f569
f569
f569
f569
f569
f569
f569
f569
f569
f569
f569
0398
0398
0398
0398
0398
0398
0398
0398
0398
0398
0398
0398
0398
0398
0398
0398
0398
13b7
13b7
13b7
13b7
13b7
13b7
13b7
13b7
13b7
13b7
13b7
13b7
13b7
13b7
13b7
13b7
13b7
13b7
23d6
23d6
23d6
23d6
23d6
1bd0
1bd1
1bcf
1bd0
1bd2
1bd2
1bd1
1bd1
1bd4
1bd4
1bd3
1bd3
1bd6
23d6
23d5
23d5
2bcd
2bce
2bcc
2bcc
2bcf
2bd0
2bce
2bcf
33d2
33d3
33d1
33d2
33d6
33d7
33d4
3bd5
4414
4414
4414
4414
4414
4414
4413
4414
4414
4414
4413
4414
4414
4414
4414
4414
4c11
5411
5410
5410
5411
5411
5411
5411
5c12
5c13
5c12
5c12
5c14
5c14
5c13
5c14
640e
640f
640d
740d
740d
740f
7410
740e
740f
7c11
7c12
7c10
7c11
7c14
7c14
7c13
7c13
840b
840c
840a
840b
8c0d
8c0e
8c0c
8c0d
9c10
9c12
9c0f
9c10
9c14
9c15
9c13
9c13
7471
7471
7471
7471
7471
7471
8490
8490
8c70
8c70
8c70
8c70
8c71
8c71
8c70
8c71
946e
946e
946e
946e
946f
946f
946e
946e
ac6f
ac70
ac6f
ac6f
ac71
ac71
ac70
94af
94af
94af
94af
94af
94af
94af
94af
94af
94af
94af
a4ce
a4ce
a4ce
a4ce
a4ce
a4ce
a4ce
a4ce
a4ce
a4ce
a4ce
a4ce
a4ce
a4ce
a4ce
a4ce
a4ce
a4ce
b4ed
b4ed
b4ed
b4ed
b4ed
b4ed
b4ed
b4ed
b4ed
b4ed
b4ed
b4ed
b4ed
b4ed
b4ed
b4ed
b4ed
b4ed
c50c
c50c
c50c
c50c
c50c
c50c
c50c
c50c
c50c
c50c
c50c
c50c
c50c
c50c
c50c
c50c
c50c
c50c
d52b
d52b
d52b
d52b
d52b
d52b
d52b
d52b
d52b
d52b
d52b
d52b
d52b
d52b
d52b
d52b
d52b
d52b
e54a
e54a
e54a
e54a
e54a
e54a
e54a
e54a
e54a
e54a
e54a
e54a
e54a
e54a
e54a
e54a
e54a
e54a
f569
f569
f569
f569
f569
f569
f569
f569
f569
f569
f569
f569
f569
f569
f569
f569
f569
f569
f569
0398
0398
0398
0398
0398
0398
0398
0398
0398
0398
0398
0398
0398
0398
0398
0398
0398
13b7
13b7
13b7
13b7
13b7
13b7
13b7
13b7
13b7
13b7
13b7
13b7
13b7
13b7
13b7
13b7
13b7
13b7
23d6
23d6
23d6
23d6
23d6
1bd1
1bd0
1bd0
1bcf
1bd2
1bd2
1bd1
1bd1
1bd4
1bd4
1bd3
1bd3
1bd7
23d6
23d5
23d5
2bce
2bcd
2bcc
2bcc
2bd0
2bcf
2bcf
2bce
33d3
33d2
33d2
33d1
33d7
33d6
33d5
3bd4
4414
4414
4414
4414
4414
4414
4414
4413
4414
4414
4414
4413
4414
4414
4414
4414
4c12
5411
5410
5410
5411
5411
5411
5411
5c13
5c12
5c12
5c12
5c14
5c14
5c14
5c13
640f
640e
640e
740d
740d
7410
740f
740f
740e
7c12
7c11
7c11
7c10
7c14
7c14
7c13
7c13
840c
840b
840b
840a
8c0e
8c0d
8c0d
8c0c
9c12
9c10
9c10
9c0f
9c15
9c14
9c13
9c13
7471
7471
7471
7471
7471
7471
8490
8490
8c70
8c70
8c70
8c70
8c71
8c71
8c71
8c70
946e
946e
946e
946e
946f
946f
946e
946e
ac70
ac6f
ac6f
ac6f
ac71
ac71
ac71
94af
94af
94af
94af
94af
94af
94af
94af
94af
94af
94af
a4ce
a4ce
a4ce
a4ce
a4ce
a4ce
a4ce
a4ce
a4ce
a4ce
a4ce
a4ce
a4ce
a4ce
a4ce
a4ce
a4ce
a4ce
b4ed
b4ed
b4ed
b4ed
b4ed
b4ed
b4ed
b4ed
b4ed
b4ed
b4ed
b4ed
b4ed
b4ed
b4ed
b4ed
b4ed
b4ed
c50c
c50c
c50c
c50c
c50c
c50c
c50c
c50c
c50c
c50c
c50c
c50c
c50c
c50c
c50c
c50c
c50c
c50c
d52b
d52b
d52b
d52b
d52b
d52b
d52b
d52b
d52b
d52b
d52b
d52b
d52b
d52b
d52b
d52b
d52b
d52b
e54a
e54a
e54a
e54a
e54a
e54a
e54a
e54a
e54a
e54a
e54a
e54a
e54a
e54a
e54a
e54a
e54a
e54a
f569
f569
f569
f569
f569
f569
f569
f569
f569
f569
f569
f569
f569
f569
f569
f569
f569
f569
f569
0417
0417
0417
0417
0417
0417
0417
0417
0417
0417
0417
0417
0417
0417
0417
0417
0417
1436
1436
1436
1436
1436
1436
1436
1436
1436
1436
1436
1436
1436
1436
1436
1436
1436
1436
2455
2455
2455
2455
2455
1c10
1c10
1c0f
1c0f
1c12
1c11
1c11
1c10
1c14
1c13
1c13
1c12
1c16
2435
2434
2434
2c0d
2c0c
2c0c
2c0b
2c10
2c0f
2c0e
2c0d
3413
3412
3411
3410
3416
3416
3415
3c14
4493
4493
4493
4493
4493
4493
4493
4492
4473
4473
4473
4473
4474
4473
4473
4473
4c71
5490
5490
548f
5471
5470
5470
5470
5c72
5c72
5c71
5c71
5c74
5c73
5c73
5c73
646e
646d
646d
746c
746c
746f
746e
746e
746d
7c71
7c71
7c70
7c6f
7c54
7c53
7c53
7c52
844c
844b
844a
8449
8c4e
8c4d
8c4c
8c4b
9c51
9c50
9c4f
9c4e
9c35
9c34
9c33
9c32
74f0
74f0
74f0
74f0
74f0
74f0
850f
850f
8cef
8cef
8cef
8cef
8cf0
8cf0
8cf0
8cf0
94ce
94cd
94cd
94cd
94ce
94ce
94ce
94cd
accf
acce
acce
acce
acd1
acd0
acd0
952e
952e
952e
952e
952e
952e
952e
952e
952e
952e
952e
a54d
a54d
a54d
a54d
a54d
a54d
a54d
a54d
a54d
a54d
a54d
a54d
a54d
a54d
a54d
a54d
a54d
a54d
b56c
b56c
b56c
b56c
b56c
b56c
b56c
b56c
b56c
b56c
b56c
b56c
b56c
b56c
b56c
b56c
b56c
b56c
c58b
c58b
c58b
c58b
c58b
c58b
c58b
c58b
c58b
c58b
c58b
c58b
c58b
c58b
c58b
c58b
c58b
c58b
d5aa
d5aa
d5aa
d5aa
d5aa
d5aa
d5aa
d5aa
d5aa
d5aa
d5aa
d5aa
d5aa
d5aa
d5aa
d5aa
d5aa
d5aa
e5c9
e5c9
e5c9
e5c9
e5c9
e5c9
e5c9
e5c9
e5c9
e5c9
e5c9
e5c9
e5c9
e5c9
e5c9
e5c9
e5c9
e5c9
f5e8
f5e8
f5e8
f5e8
f5e8
f5e8
f5e8
f5e8
f5e8
f5e8
f5e8
f5e8
f5e8
f5e8
f5e8
f5e8
f5e8
f5e8
f5e8
0417
0417
0417
0417
0417
0417
0417
0417
0417
0417
0417
0417
0417
0417
0417
0417
0417
1436
1436
1436
1436
1436
1436
1436
1436
1436
1436
1436
1436
1436
1436
1436
1436
1436
1436
2455
2455
2455
2455
2455
1c10
1c11
1c11
1c12
1c0e
1c0f
1c0f
1c10
1c15
1c15
1c16
1c16
1c12
2432
2432
2433
2c0e
2c0f
2c0f
2c10
2c0a
2c0b
2c0c
2c0d
3414
3415
3416
3416
3410
3411
3412
3c12
4493
4493
4493
4493
4492
4492
4492
4492
4473
4473
4473
4473
4472
4473
4473
4473
4c71
5491
5491
5491
546f
546f
546f
5470
5c72
5c73
5c73
5c73
5c71
5c71
5c71
5c72
646e
646f
646f
746f
746f
746b
746c
746c
746d
7c72
7c73
7c73
7c74
7c4f
7c50
7c51
7c51
844c
844d
844d
844e
8c48
8c49
8c4a
8c4b
9c52
9c53
9c54
9c54
9c2e
9c2f
9c30
9c31
74f0
74f0
74f0
74f0
74ef
74ef
850f
850f
8cef
8cef
8cf0
8cf0
8cef
8cef
8cef
8cef
94ce
94ce
94ce
94ce
94cc
94cd
94cd
94cd
accf
acd0
acd0
acd0
acce
acce
accf
952e
952e
952e
952e
952e
952e
952e
952e
952e
952e
952e
a54d
a54d
a54d
a54d
a54d
a54d
a54d
a54d
a54d
a54d
a54d
a54d
a54d
a54d
a54d
a54d
a54d
a54d
b56c
b56c
b56c
b56c
b56c
b56c
b56c
b56c
b56c
b56c
b56c
b56c
b56c
b56c
b56c
b56c
b56c
b56c
c58b
c58b
c58b
c58b
c58b
c58b
c58b
c58b
c58b
c58b
c58b
c58b
c58b
c58b
c58b
c58b
c58b
c58b
d5aa
d5aa
d5aa
d5aa
d5aa
d5aa
d5aa
d5aa
d5aa
d5aa
d5aa
d5aa
d5aa
d5aa
d5aa
d5aa
d5aa
d5aa
e5c9
e5c9
e5c9
e5c9
e5c9
e5c9
e5c9
e5c9
e5c9
e5c9
e5c9
e5c9
e5c9
e5c9
e5c9
e5c9
e5c9
e5c9
f5e8
f5e8
f5e8
f5e8
f5e8
f5e8
f5e8
f5e8
f5e8
f5e8
f5e8
f5e8
f5e8
f5e8
f5e8
f5e8
f5e8
f5e8
f5e8
0417
0417
0417
0417
0417
0417
0417
0417
0417
0417
0417
0417
0417
0417
0417
0417
0417
1436
1436
1436
1436
1436
1436
1436
1436
1436
1436
1436
1436
1436
1436
1436
1436
1436
1436
2455
2455
2455
2455
2455
1c11
1c10
1c12
1c11
1c0f
1c0e
1c10
1c0f
1c15
1c15
1c16
1c16
1c13
2431
2433
2432
2c0f
2c0e
2c10
2c0f
2c0b
2c0a
2c0d
2c0c
3415
3414
3416
3416
3411
3410
3413
3c11
4493
4493
4493
4493
4492
4492
4492
4492
4473
4473
4473
4473
4473
4472
4473
4473
4c71
5490
5491
5491
546f
546f
5470
546f
5c73
5c72
5c73
5c73
5c71
5c71
5c72
5c71
646f
646e
6470
746f
746f
746c
746b
746d
746c
7c73
7c72
7c74
7c73
7c50
7c4f
7c51
7c51
844d
844c
844e
844d
8c49
8c48
8c4b
8c4a
9c53
9c52
9c54
9c54
9c2f
9c2e
9c31
9c30
74f0
74f0
74f0
74f0
74ef
74ef
850f
850f
8cef
8cef
8cf0
8cf0
8cef
8cef
8cef
8cef
94ce
94ce
94ce
94ce
94cd
94cc
94cd
94cd
acd0
accf
acd0
acd0
acce
acce
accf
952e
952e
952e
952e
952e
952e
952e
952e
952e
952e
952e
a54d
a54d
a54d
a54d
a54d
a54d
a54d
a54d
a54d
a54d
a54d
a54d
a54d
a54d
a54d
a54d
a54d
a54d
b56c
b56c
b56c
b56c
b56c
b56c
b56c
b56c
b56c
b56c
b56c
b56c
b56c
b56c
b56c
b56c
b56c
b56c
c58b
c58b
c58b
c58b
c58b
c58b
c58b
c58b
c58b
c58b
c58b
c58b
c58b
c58b
c58b
c58b
c58b
c58b
d5aa
d5aa
d5aa
d5aa
d5aa
d5aa
d5aa
d5aa
d5aa
d5aa
d5aa
d5aa
d5aa
d5aa
d5aa
d5aa
d5aa
d5aa
e5c9
e5c9
e5c9
e5c9
e5c9
e5c9
e5c9
e5c9
e5c9
e5c9
e5c9
e5c9
e5c9
e5c9
e5c9
e5c9
e5c9
e5c9
f5e8
f5e8
f5e8
f5e8
f5e8
f5e8
f5e8
f5e8
f5e8
f5e8
f5e8
f5e8
f5e8
f5e8
f5e8
f5e8
f5e8
f5e8
f5e8
0417
0417
0417
0417
0417
0417
0417
0417
0417
0417
0417
0417
0417
0417
0417
0417
0417
1436
1436
1436
1436
1436
1436
1436
1436
1436
1436
1436
1436
1436
1436
1436
1436
1436
1436
2455
2455
2455
2455
2455
1c11
1c12
1c10
1c11
1c0f
1c10
1c0e
1c0f
1c16
1c16
1c15
1c15
1c13
2433
2431
2432
2c0f
2c10
2c0e
2c0f
2c0c
2c0d
2c0a
2c0b
3416
3416
3414
3415
3412
3413
3410
3c11
4493
4493
4493
4493
4492
4492
4492
4492
4473
4473
4473
4473
4473
4473
4472
4473
4c72
5491
5490
5491
546f
5470
546f
546f
5c73
5c73
5c72
5c73
5c71
5c72
5c71
5c71
646f
6470
646e
746e
746e
746c
746d
746b
746c
7c73
7c74
7c72
7c73
7c51
7c51
7c4f
7c50
844d
844e
844c
844d
8c4a
8c4b
8c48
8c49
9c54
9c54
9c52
9c53
9c30
9c31
9c2e
9c2f
74f0
74f0
74f0
74f0
74ef
74f0
850e
850e
8cf0
8cf0
8cef
8cef
8cef
8cef
8cef
8cef
94ce
94ce
94ce
94ce
94cd
94cd
94cc
94cd
acd0
acd0
accf
acd0
accf
accf
acce
952e
952e
952e
952e
952e
952e
952e
952e
952e
952e
952e
a54d
a54d
a54d
a54d
a54d
a54d
a54d
a54d
a54d
a54d
a54d
a54d
a54d
a54d
a54d
a54d
a54d
a54d
b56c
b56c
b56c
b56c
b56c
b56c
b56c
b56c
b56c
b56c
b56c
b56c
b56c
b56c
b56c
b56c
b56c
b56c
c58b
c58b
c58b
c58b
c58b
c58b
c58b
c58b
c58b
c58b
c58b
c58b
c58b
c58b
c58b
c58b
c58b
c58b
d5aa
d5aa
d5aa
d5aa
d5aa
d5aa
d5aa
d5aa
d5aa
d5aa
d5aa
d5aa
d5aa
d5aa
d5aa
d5aa
d5aa
d5aa
e5c9
e5c9
e5c9
e5c9
e5c9
e5c9
e5c9
e5c9
e5c9
e5c9
e5c9
e5c9
e5c9
e5c9
e5c9
e5c9
e5c9
e5c9
f5e8
f5e8
f5e8
f5e8
f5e8
f5e8
f5e8
f5e8
f5e8
f5e8
f5e8
f5e8
f5e8
f5e8
f5e8
f5e8
f5e8
f5e8
f5e8
0417
0417
0417
0417
0417
0417
0417
0417
0417
0417
0417
0417
0417
0417
0417
0417
0417
1436
1436
1436
1436
1436
1436
1436
1436
1436
1436
1436
1436
1436
1436
1436
1436
1436
1436
2455
2455
2455
2455
2455
1c12
1c11
1c11
1c10
1c10
1c0f
1c0f
1c0e
1c16
1c16
1c15
1c15
1c14
2432
2432
2431
2c10
2c0f
2c0f
2c0e
2c0d
2c0c
2c0b
2c0a
3416
3416
3415
3414
3413
3412
3411
3c10
4493
4493
4493
4493
4492
4492
4492
4492
4473
4473
4473
4473
4473
4473
4473
4472
4c72
5491
5491
5490
5470
546f
546f
546f
5c73
5c73
5c73
5c72
5c72
5c71
5c71
5c71
6470
646f
646f
746e
746e
746d
746c
746c
746b
7c74
7c73
7c73
7c72
7c51
7c51
7c50
7c4f
844e
844d
844d
844c
8c4b
8c4a
8c49
8c48
9c54
9c54
9c53
9c52
9c31
9c30
9c2f
9c2e
74f0
74f0
74f0
74f0
74f0
74ef
850e
850e
8cf0
8cf0
8cef
8cef
8cef
8cef
8cef
8cef
94ce
94ce
94ce
94ce
94cd
94cd
94cd
94cc
acd0
acd0
acd0
accf
accf
accf
acce
952e
952e
952e
952e
952e
952e
952e
952e
952e
952e
952e
a54d
a54d
a54d
a54d
a54d
a54d
a54d
a54d
a54d
a54d
a54d
a54d
a54d
a54d
a54d
a54d
a54d
a54d
b56c
b56c
b56c
b56c
b56c
b56c
b56c
b56c
b56c
b56c
b56c
b56c
b56c
b56c
b56c
b56c
b56c
b56c
c58b
c58b
c58b
c58b
c58b
c58b
c58b
c58b
c58b
c58b
c58b
c58b
c58b
c58b
c58b
c58b
c58b
c58b
d5aa
d5aa
d5aa
d5aa
d5aa
d5aa
d5aa
d5aa
d5aa
d5aa
d5aa
d5aa
d5aa
d5aa
d5aa
d5aa
d5aa
d5aa
e5c9
e5c9
e5c9
e5c9
e5c9
e5c9
e5c9
e5c9
e5c9
e5c9
e5c9
e5c9
e5c9
e5c9
e5c9
e5c9
e5c9
e5c9
f5e8
f5e8
f5e8
f5e8
f5e8
f5e8
f5e8
f5e8
f5e8
f5e8
f5e8
f5e8
f5e8
f5e8
f5e8
f5e8
f5e8
f5e8
f5e8
0417
0417
0417
0417
0417
0417
0417
0417
0417
0417
0417
0417
0417
0417
0417
0417
0417
1436
1436
1436
1436
1436
1436
1436
1436
1436
1436
1436
1436
1436
1436
1436
1436
1436
1436
2455
2455
2455
2455
2455
1c52
1c53
1c53
1c54
1c55
1c55
1c56
1c56
1c4c
1c4d
1c4e
1c4e
1c4f
244f
2450
2451
2c51
2c52
2c52
2c53
2c54
2c54
2c55
2c56
3449
344a
344a
344c
344d
344e
344e
3c4f
4493
4493
4493
4493
4493
4493
4493
4493
4491
4491
4491
4491
4492
4492
4492
4492
4c72
5491
5492
5492
5492
5492
5493
5493
5c8d
5c8e
5c8e
5c8f
5c8f
5c90
5c90
5c90
6490
6491
6491
7491
7491
7492
7492
7493
7493
7c8a
7c8b
7c8b
7c8c
7c8d
7c8e
7c8e
7c8f
848f
8490
8491
8491
8c92
8c92
8c93
8c94
9c87
9c88
9c89
9c8a
9c8b
9c8c
9c8c
9c8d
74f0
74f0
74f0
74f0
74f0
74f0
850f
850f
8ced
8cee
8cee
8cee
8cee
8cee
8cef
8cef
94ef
94ef
94ef
94f0
94f0
94f0
94f0
94f0
acea
aceb
aceb
acec
acec
aced
aced
952e
952e
952e
952e
952e
952e
952e
952e
952e
952e
952e
a54d
a54d
a54d
a54d
a54d
a54d
a54d
a54d
a54d
a54d
a54d
a54d
a54d
a54d
a54d
a54d
a54d
a54d
b56c
b56c
b56c
b56c
b56c
b56c
b56c
b56c
b56c
b56c
b56c
b56c
b56c
b56c
b56c
b56c
b56c
b56c
c58b
c58b
c58b
c58b
c58b
c58b
c58b
c58b
c58b
c58b
c58b
c58b
c58b
c58b
c58b
c58b
c58b
c58b
d5aa
d5aa
d5aa
d5aa
d5aa
d5aa
d5aa
d5aa
d5aa
d5aa
d5aa
d5aa
d5aa
d5aa
d5aa
d5aa
d5aa
d5aa
e5c9
e5c9
e5c9
e5c9
e5c9
e5c9
e5c9
e5c9
e5c9
e5c9
e5c9
e5c9
e5c9
e5c9
e5c9
e5c9
e5c9
e5c9
f5e8
f5e8
f5e8
f5e8
f5e8
f5e8
f5e8
f5e8
f5e8
f5e8
f5e8
f5e8
f5e8
f5e8
f5e8
f5e8
f5e8
f5e8
f5e8
0417
0417
0417
0417
0417
0417
0417
0417
0417
0417
0417
0417
0417
0417
0417
0417
0417
1436
1436
1436
1436
1436
1436
1436
1436
1436
1436
1436
1436
1436
1436
1436
1436
1436
1436
2455
2455
2455
2455
2455
1c53
1c52
1c54
1c53
1c55
1c55
1c56
1c56
1c4d
1c4c
1c4e
1c4e
1c50
244f
2451
2450
2c52
2c51
2c53
2c52
2c54
2c54
2c56
2c55
344a
3449
344c
344a
344e
344d
344f
3c4e
4493
4493
4493
4493
4493
4493
4493
4493
4491
4491
4491
4491
4492
4492
4492
4492
4c72
5491
5492
5492
5492
5492
5493
5493
5c8e
5c8d
5c8f
5c8e
5c90
5c8f
5c90
5c90
6491
6490
6492
7491
7491
7492
7492
7493
7493
7c8b
7c8a
7c8c
7c8b
7c8e
7c8d
7c8f
7c8e
8490
848f
8491
8491
8c92
8c92
8c94
8c93
9c88
9c87
9c8a
9c89
9c8c
9c8b
9c8d
9c8c
74f0
74f0
74f0
74f0
74f0
74f0
850f
850f
8cee
8ced
8cee
8cee
8cee
8cee
8cef
8cef
94ef
94ef
94f0
94ef
94f0
94f0
94f0
94f0
aceb
acea
acec
aceb
aced
acec
aced
952e
952e
952e
952e
952e
952e
952e
952e
952e
952e
952e
a54d
a54d
a54d
a54d
a54d
a54d
a54d
a54d
a54d
a54d
a54d
a54d
a54d
a54d
a54d
a54d
a54d
a54d
b56c
b56c
b56c
b56c
b56c
b56c
b56c
b56c
b56c
b56c
b56c
b56c
b56c
b56c
b56c
b56c
b56c
b56c
c58b
c58b
c58b
c58b
c58b
c58b
c58b
c58b
c58b
c58b
c58b
c58b
c58b
c58b
c58b
c58b
c58b
c58b
d5aa
d5aa
d5aa
d5aa
d5aa
d5aa
d5aa
d5aa
d5aa
d5aa
d5aa
d5aa
d5aa
d5aa
d5aa
d5aa
d5aa
d5aa
e5c9
e5c9
e5c9
e5c9
e5c9
e5c9
e5c9
e5c9
e5c9
e5c9
e5c9
e5c9
e5c9
e5c9
e5c9
e5c9
e5c9
e5c9
f5e8
f5e8
f5e8
f5e8
f5e8
f5e8
f5e8
f5e8
f5e8
f5e8
f5e8
f5e8
f5e8
f5e8
f5e8
f5e8
f5e8
f5e8
f5e8
0417
0417
0417
0417
0417
0417
0417
0417
0417
0417
0417
0417
0417
0417
0417
0417
0417
1436
1436
1436
1436
1436
1436
1436
1436
1436
1436
1436
1436
1436
1436
1436
1436
1436
1436
2455
2455
2455
2455
2455
1c53
1c54
1c52
1c53
1c56
1c56
1c55
1c55
1c4e
1c4e
1c4c
1c4d
1c50
2451
244f
244f
2c52
2c53
2c51
2c52
2c55
2c56
2c54
2c54
344a
344c
3449
344a
344e
344f
344d
3c4d
4493
4493
4493
4493
4493
4493
4493
4493
4491
4491
4491
4491
4492
4492
4492
4492
4c72
5492
5491
5491
5493
5493
5492
5492
5c8e
5c8f
5c8d
5c8e
5c90
5c90
5c8f
5c90
6491
6492
6490
7490
7490
7493
7493
7492
7492
7c8b
7c8c
7c8a
7c8b
7c8e
7c8f
7c8d
7c8e
8491
8491
848f
8490
8c93
8c94
8c92
8c92
9c89
9c8a
9c87
9c88
9c8c
9c8d
9c8b
9c8c
74f0
74f0
74f0
74f0
74f0
74f0
850f
850f
8cee
8cee
8ced
8cee
8cef
8cef
8cee
8cee
94ef
94f0
94ef
94ef
94f0
94f0
94f0
94f0
aceb
acec
acea
aceb
aced
aced
acec
952e
952e
952e
952e
952e
952e
952e
952e
952e
952e
952e
a54d
a54d
a54d
a54d
a54d
a54d
a54d
a54d
a54d
a54d
a54d
a54d
a54d
a54d
a54d
a54d
a54d
a54d
b56c
b56c
b56c
b56c
b56c
b56c
b56c
b56c
b56c
b56c
b56c
b56c
b56c
b56c
b56c
b56c
b56c
b56c
c58b
c58b
c58b
c58b
c58b
c58b
c58b
c58b
c58b
c58b
c58b
c58b
c58b
c58b
c58b
c58b
c58b
c58b
d5aa
d5aa
d5aa
d5aa
d5aa
d5aa
d5aa
d5aa
d5aa
d5aa
d5aa
d5aa
d5aa
d5aa
d5aa
d5aa
d5aa
d5aa
e5c9
e5c9
e5c9
e5c9
e5c9
e5c9
e5c9
e5c9
e5c9
e5c9
e5c9
e5c9
e5c9
e5c9
e5c9
e5c9
e5c9
e5c9
f5e8
f5e8
f5e8
f5e8
f5e8
f5e8
f5e8
f5e8
f5e8
f5e8
f5e8
f5e8
f5e8
f5e8
f5e8
f5e8
f5e8
f5e8
f5e8
0417
0417
0417
0417
0417
0417
0417
0417
0417
0417
0417
0417
0417
0417
0417
0417
0417
1436
1436
1436
1436
1436
1436
1436
1436
1436
1436
1436
1436
1436
1436
1436
1436
1436
1436
2455
2455
2455
2455
2455
1c54
1c53
1c53
1c52
1c56
1c56
1c55
1c55
1c4e
1c4e
1c4d
1c4c
1c51
2450
244f
244f
2c53
2c52
2c52
2c51
2c56
2c55
2c54
2c54
344c
344a
344a
3449
344f
344e
344e
3c4c
4493
4493
4493
4493
4493
4493
4493
4493
4491
4491
4491
4491
4492
4492
4492
4492
4c73
5492
5491
5491
5493
5493
5492
5492
5c8f
5c8e
5c8e
5c8d
5c90
5c90
5c90
5c8f
6492
6491
6491
7490
7490
7493
7493
7492
7492
7c8c
7c8b
7c8b
7c8a
7c8f
7c8e
7c8e
7c8d
8491
8491
8490
848f
8c94
8c93
8c92
8c92
9c8a
9c89
9c88
9c87
9c8d
9c8c
9c8c
9c8b
74f0
74f0
74f0
74f0
74f0
74f0
850f
850f
8cee
8cee
8cee
8ced
8cef
8cef
8cee
8cee
94f0
94ef
94ef
94ef
94f0
94f0
94f0
94f0
acec
aceb
aceb
acea
aced
aced
aced
952e
952e
952e
952e
952e
952e
952e
952e
952e
952e
952e
a54d
a54d
a54d
a54d
a54d
a54d
a54d
a54d
a54d
a54d
a54d
a54d
a54d
a54d
a54d
a54d
a54d
a54d
b56c
b56c
b56c
b56c
b56c
b56c
b56c
b56c
b56c
b56c
b56c
b56c
b56c
b56c
b56c
b56c
b56c
b56c
c58b
c58b
c58b
c58b
c58b
c58b
c58b
c58b
c58b
c58b
c58b
c58b
c58b
c58b
c58b
c58b
c58b
c58b
d5aa
d5aa
d5aa
d5aa
d5aa
d5aa
d5aa
d5aa
d5aa
d5aa
d5aa
d5aa
d5aa
d5aa
d5aa
d5aa
d5aa
d5aa
e5c9
e5c9
e5c9
e5c9
e5c9
e5c9
e5c9
e5c9
e5c9
e5c9
e5c9
e5c9
e5c9
e5c9
e5c9
e5c9
e5c9
e5c9
f5e8
f5e8
f5e8
f5e8
f5e8
f5e8
f5e8
f5e8
f5e8
f5e8
f5e8
f5e8
f5e8
f5e8
f5e8
f5e8
f5e8
f5e8
f5e8
0417
0417
0417
0417
0417
0417
0417
0417
0417
0417
0417
0417
0417
0417
0417
0417
0417
1436
1436
1436
1436
1436
1436
1436
1436
1436
1436
1436
1436
1436
1436
1436
1436
1436
1436
2455
2455
2455
2455
2455
1c55
1c55
1c56
1c56
1c53
1c53
1c53
1c54
1c4f
1c50
1c50
1c51
1c4d
244d
244e
244e
2c54
2c54
2c55
2c56
2c51
2c52
2c52
2c53
344c
344d
344e
344f
3449
344b
344b
3c4c
4493
4493
4493
4493
4493
4493
4493
4493
4492
4492
4492
4492
4492
4492
4492
4492
4c73
5493
5493
5493
5491
5492
5492
5492
5c8f
5c8f
5c90
5c90
5c8e
5c8e
5c8f
5c8f
6493
6493
6494
7493
7493
7490
7490
7491
7491
7c8c
7c8d
7c8e
7c8f
7c8b
7c8b
7c8c
7c8c
8492
8493
8494
8494
8c8f
8c90
8c90
8c91
9c8a
9c8b
9c8c
9c8d
9c88
9c89
9c89
9c8a
74f0
74f0
74f0
74f0
74f0
74f0
850f
850f
8cee
8cee
8cee
8cef
8cee
8cee
8cee
8cee
94f0
94f0
94f1
94f1
94ef
94ef
94ef
94ef
acec
acec
aced
aced
aceb
aceb
aceb
952e
952e
952e
952e
952e
952e
952e
952e
952e
952e
952e
a54d
a54d
a54d
a54d
a54d
a54d
a54d
a54d
a54d
a54d
a54d
a54d
a54d
a54d
a54d
a54d
a54d
a54d
b56c
b56c
b56c
b56c
b56c
b56c
b56c
b56c
b56c
b56c
b56c
b56c
b56c
b56c
b56c
b56c
b56c
b56c
c58b
c58b
c58b
c58b
c58b
c58b
c58b
c58b
c58b
c58b
c58b
c58b
c58b
c58b
c58b
c58b
c58b
c58b
d5aa
d5aa
d5aa
d5aa
d5aa
d5aa
d5aa
d5aa
d5aa
d5aa
d5aa
d5aa
d5aa
d5aa
d5aa
d5aa
d5aa
d5aa
e5c9
e5c9
e5c9
e5c9
e5c9
e5c9
e5c9
e5c9
e5c9
e5c9
e5c9
e5c9
e5c9
e5c9
e5c9
e5c9
e5c9
e5c9
f5e8
f5e8
f5e8
f5e8
f5e8
f5e8
f5e8
f5e8
f5e8
f5e8
f5e8
f5e8
f5e8
f5e8
f5e8
f5e8
f5e8
f5e8
f5e8
0417
0417
0417
0417
0417
0417
0417
0417
0417
0417
0417
0417
0417
0417
0417
0417
0417
1436
1436
1436
1436
1436
1436
1436
1436
1436
1436
1436
1436
1436
1436
1436
1436
1436
1436
2455
2455
2455
2455
2455
1c55
1c55
1c56
1c56
1c53
1c53
1c54
1c53
1c50
1c4f
1c51
1c50
1c4e
244c
244e
244e
2c54
2c54
2c56
2c55
2c52
2c51
2c53
2c52
344d
344c
344f
344e
344b
3449
344c
3c4b
4493
4493
4493
4493
4493
4493
4493
4493
4492
4492
4492
4492
4492
4492
4492
4492
4c73
5492
5493
5493
5492
5491
5492
5492
5c8f
5c8f
5c90
5c90
5c8e
5c8e
5c8f
5c8f
6493
6493
6494
7493
7493
7490
7490
7491
7491
7c8d
7c8c
7c8f
7c8e
7c8b
7c8b
7c8c
7c8c
8493
8492
8494
8494
8c90
8c8f
8c91
8c90
9c8b
9c8a
9c8d
9c8c
9c89
9c88
9c8a
9c89
74f0
74f0
74f0
74f0
74f0
74f0
850f
850f
8cee
8cee
8cef
8cee
8cee
8cee
8cee
8cee
94f0
94f0
94f1
94f1
94ef
94ef
94ef
94ef
acec
acec
aced
aced
aceb
aceb
acec
952e
952e
952e
952e
952e
952e
952e
952e
952e
952e
952e
a54d
a54d
a54d
a54d
a54d
a54d
a54d
a54d
a54d
a54d
a54d
a54d
a54d
a54d
a54d
a54d
a54d
a54d
b56c
b56c
b56c
b56c
b56c
b56c
b56c
b56c
b56c
b56c
b56c
b56c
b56c
b56c
b56c
b56c
b56c
b56c
c58b
c58b
c58b
c58b
c58b
c58b
c58b
c58b
c58b
c58b
c58b
c58b
c58b
c58b
c58b
c58b
c58b
c58b
d5aa
d5aa
d5aa
d5aa
d5aa
d5aa
d5aa
d5aa
d5aa
d5aa
d5aa
d5aa
d5aa
d5aa
d5aa
d5aa
d5aa
d5aa
e5c9
e5c9
e5c9
e5c9
e5c9
e5c9
e5c9
e5c9
e5c9
e5c9
e5c9
e5c9
e5c9
e5c9
e5c9
e5c9
e5c9
e5c9
f5e8
f5e8
f5e8
f5e8
f5e8
f5e8
f5e8
f5e8
f5e8
f5e8
f5e8
f5e8
f5e8
f5e8
f5e8
f5e8
f5e8
f5e8
f5e8
0417
0417
0417
0417
0417
0417
0417
0417
0417
0417
0417
0417
0417
0417
0417
0417
0417
1436
1436
1436
1436
1436
1436
1436
1436
1436
1436
1436
1436
1436
1436
1436
1436
1436
1436
2455
2455
2455
2455
2455
1c56
1c56
1c55
1c55
1c53
1c54
1c53
1c53
1c50
1c51
1c4f
1c50
1c4e
244e
244c
244d
2c55
2c56
2c54
2c54
2c52
2c53
2c51
2c52
344e
344f
344c
344d
344b
344c
3449
3c4a
4493
4493
4493
4493
4493
4493
4493
4493
4492
4492
4492
4492
4492
4492
4492
4492
4c74
5493
5492
5493
5492
5492
5491
5492
5c90
5c90
5c8f
5c8f
5c8f
5c8f
5c8e
5c8e
6494
6494
6493
7492
7492
7491
7491
7490
7490
7c8e
7c8f
7c8c
7c8d
7c8c
7c8c
7c8b
7c8b
8494
8494
8492
8493
8c90
8c91
8c8f
8c90
9c8c
9c8d
9c8a
9c8b
9c89
9c8a
9c88
9c89
74f0
74f0
74f0
74f0
74f0
74f0
850f
850f
8cee
8cef
8cee
8cee
8cee
8cee
8cee
8cee
94f1
94f1
94f0
94f0
94ef
94ef
94ef
94ef
aced
aced
acec
acec
aceb
acec
aceb
952e
952e
952e
952e
952e
952e
952e
952e
952e
952e
952e
a54d
a54d
a54d
a54d
a54d
a54d
a54d
a54d
a54d
a54d
a54d
a54d
a54d
a54d
a54d
a54d
a54d
a54d
b56c
b56c
b56c
b56c
b56c
b56c
b56c
b56c
b56c
b56c
b56c
b56c
b56c
b56c
b56c
b56c
b56c
b56c
c58b
c58b
c58b
c58b
c58b
c58b
c58b
c58b
c58b
c58b
c58b
c58b
c58b
c58b
c58b
c58b
c58b
c58b
d5aa
d5aa
d5aa
d5aa
d5aa
d5aa
d5aa
d5aa
d5aa
d5aa
d5aa
d5aa
d5aa
d5aa
d5aa
d5aa
d5aa
d5aa
e5c9
e5c9
e5c9
e5c9
e5c9
e5c9
e5c9
e5c9
e5c9
e5c9
e5c9
e5c9
e5c9
e5c9
e5c9
e5c9
e5c9
e5c9
f5e8
f5e8
f5e8
f5e8
f5e8
f5e8
f5e8
f5e8
f5e8
f5e8
f5e8
f5e8
f5e8
f5e8
f5e8
f5e8
f5e8
f5e8
f5e8
0417
0417
0417
0417
0417
0417
0417
0417
0417
0417
0417
0417
0417
0417
0417
0417
0417
1436
1436
1436
1436
1436
1436
1436
1436
1436
1436
1436
1436
1436
1436
1436
1436
1436
1436
2455
2455
2455
2455
2455
1c56
1c56
1c55
1c55
1c54
1c53
1c53
1c53
1c51
1c50
1c50
1c4f
1c4f
244e
244d
244c
2c56
2c55
2c54
2c54
2c53
2c52
2c52
2c51
344f
344e
344d
344c
344c
344b
344b
3c49
4493
4493
4493
4493
4493
4493
4493
4493
4492
4492
4492
4492
4492
4492
4492
4492
4c74
5493
5493
5492
5492
5492
5492
5491
5c90
5c90
5c8f
5c8f
5c8f
5c8f
5c8e
5c8e
6494
6494
6493
7492
7492
7491
7491
7490
7490
7c8f
7c8e
7c8d
7c8c
7c8c
7c8c
7c8b
7c8b
8494
8494
8493
8492
8c91
8c90
8c90
8c8f
9c8d
9c8c
9c8b
9c8a
9c8a
9c89
9c89
9c88
74f0
74f0
74f0
74f0
74f0
74f0
850f
850f
8cef
8cee
8cee
8cee
8cee
8cee
8cee
8cee
94f1
94f1
94f0
94f0
94ef
94ef
94ef
94ef
aced
aced
acec
acec
acec
aceb
aceb
952e
952e
952e
952e
952e
952e
952e
952e
952e
952e
952e
a54d
a54d
a54d
a54d
a54d
a54d
a54d
a54d
a54d
a54d
a54d
a54d
a54d
a54d
a54d
a54d
a54d
a54d
b56c
b56c
b56c
b56c
b56c
b56c
b56c
b56c
b56c
b56c
b56c
b56c
b56c
b56c
b56c
b56c
b56c
b56c
c58b
c58b
c58b
c58b
c58b
c58b
c58b
c58b
c58b
c58b
c58b
c58b
c58b
c58b
c58b
c58b
c58b
c58b
d5aa
d5aa
d5aa
d5aa
d5aa
d5aa
d5aa
d5aa
d5aa
d5aa
d5aa
d5aa
d5aa
d5aa
d5aa
d5aa
d5aa
d5aa
e5c9
e5c9
e5c9
e5c9
e5c9
e5c9
e5c9
e5c9
e5c9
e5c9
e5c9
e5c9
e5c9
e5c9
e5c9
e5c9
e5c9
e5c9
f5e8
f5e8
f5e8
f5e8
f5e8
f5e8
f5e8
f5e8
f5e8
f5e8
f5e8
f5e8
f5e8
f5e8
f5e8
f5e8
f5e8
f5e8
f5e8
0496
0496
0496
0496
0496
0496
0496
0496
0496
0496
0496
0496
0496
0496
0496
0496
0496
14b5
14b5
14b5
14b5
14b5
14b5
14b5
14b5
14b5
14b5
14b5
14b5
14b5
14b5
14b5
14b5
14b5
14b5
24d4
24d4
24d4
24d4
24d4
14ac
14ad
14ae
14ae
14ae
14af
14af
14b0
1cb2
1cb2
1cb3
1cb3
1cb4
2cd4
2cd4
2cd5
2ca9
2caa
2cab
2cac
2cac
2cad
2cad
2cae
34d0
34d1
34d2
34d3
34d3
34d4
34d5
3cd5
4511
4511
4511
4511
4511
4511
4511
4511
4512
4512
4512
4512
4512
4512
4512
4512
4cee
550e
550e
550e
5d0e
5d0f
5d0f
5d0f
5d10
5d11
5d11
5d11
5d12
5d12
5d12
5d12
6ceb
6ceb
6cec
750c
750c
750c
750d
750d
750e
750f
7510
7510
7511
7511
7512
7512
7513
8ce8
8ce9
8ce9
8cea
94ea
94eb
94ec
94ed
950e
950f
950f
9510
9511
9512
9513
9513
7d4e
7d4e
7d4e
7d4e
7d4e
7d4e
8d6d
8d6e
858e
858e
858e
858e
858e
858e
858e
858e
9d4b
9d4b
9d4b
9d4c
9d4c
9d4c
9d4d
9d4d
a58d
a58d
a58d
a58e
a56e
a56f
a56f
95ad
95ad
95ad
95ad
95ad
95ad
95ad
95ad
95ad
95ad
95ad
a5cc
a5cc
a5cc
a5cc
a5cc
a5cc
a5cc
a5cc
a5cc
a5cc
a5cc
a5cc
a5cc
a5cc
a5cc
a5cc
a5cc
a5cc
b5eb
b5eb
b5eb
b5eb
b5eb
b5eb
b5eb
b5eb
b5eb
b5eb
b5eb
b5eb
b5eb
b5eb
b5eb
b5eb
b5eb
b5eb
c60a
c60a
c60a
c60a
c60a
c60a
c60a
c60a
c60a
c60a
c60a
c60a
c60a
c60a
c60a
c60a
c60a
c60a
d629
d629
d629
d629
d629
d629
d629
d629
d629
d629
d629
d629
d629
d629
d629
d629
d629
d629
e648
e648
e648
e648
e648
e648
e648
e648
e648
e648
e648
e648
e648
e648
e648
e648
e648
e648
f667
f667
f667
f667
f667
f667
f667
f667
f667
f667
f667
f667
f667
f667
f667
f667
f667
f667
f667
0496
0496
0496
0496
0496
0496
0496
0496
0496
0496
0496
0496
0496
0496
0496
0496
0496
14b5
14b5
14b5
14b5
14b5
14b5
14b5
14b5
14b5
14b5
14b5
14b5
14b5
14b5
14b5
14b5
14b5
14b5
24d4
24d4
24d4
24d4
24d4
14ad
14ac
14ae
14ae
14af
14ae
14b0
14af
1cb2
1cb2
1cb3
1cb3
1cb4
2cd3
2cd5
2cd4
2caa
2ca9
2cac
2cab
2cad
2cac
2cae
2cad
34d1
34d0
34d3
34d2
34d4
34d3
34d5
3cd4
4511
4511
4511
4511
4511
4511
4511
4511
4512
4512
4512
4512
4512
4512
4512
4512
4cee
550d
550e
550e
5d0f
5d0e
5d0f
5d0f
5d11
5d10
5d11
5d11
5d12
5d12
5d12
5d12
6ceb
6ceb
6cec
750b
750b
750d
750c
750e
750d
7510
750f
7511
7510
7512
7511
7513
7512
8ce9
8ce8
8cea
8ce9
94eb
94ea
94ed
94ec
950f
950e
9510
950f
9512
9511
9513
9513
7d4e
7d4e
7d4e
7d4e
7d4e
7d4e
8d6e
8d6d
858e
858e
858e
858e
858e
858e
858e
858e
9d4b
9d4b
9d4c
9d4b
9d4c
9d4c
9d4d
9d4d
a58d
a58d
a58e
a58d
a56f
a56e
a56f
95ad
95ad
95ad
95ad
95ad
95ad
95ad
95ad
95ad
95ad
95ad
a5cc
a5cc
a5cc
a5cc
a5cc
a5cc
a5cc
a5cc
a5cc
a5cc
a5cc
a5cc
a5cc
a5cc
a5cc
a5cc
a5cc
a5cc
b5eb
b5eb
b5eb
b5eb
b5eb
b5eb
b5eb
b5eb
b5eb
b5eb
b5eb
b5eb
b5eb
b5eb
b5eb
b5eb
b5eb
b5eb
c60a
c60a
c60a
c60a
c60a
c60a
c60a
c60a
c60a
c60a
c60a
c60a
c60a
c60a
c60a
c60a
c60a
c60a
d629
d629
d629
d629
d629
d629
d629
d629
d629
d629
d629
d629
d629
d629
d629
d629
d629
d629
e648
e648
e648
e648
e648
e648
e648
e648
e648
e648
e648
e648
e648
e648
e648
e648
e648
e648
f667
f667
f667
f667
f667
f667
f667
f667
f667
f667
f667
f667
f667
f667
f667
f667
f667
f667
f667
0496
0496
0496
0496
0496
0496
0496
0496
0496
0496
0496
0496
0496
0496
0496
0496
0496
14b5
14b5
14b5
14b5
14b5
14b5
14b5
14b5
14b5
14b5
14b5
14b5
14b5
14b5
14b5
14b5
14b5
14b5
24d4
24d4
24d4
24d4
24d4
14ae
14ae
14ac
14ad
14af
14b0
14ae
14af
1cb3
1cb3
1cb2
1cb2
1cb5
2cd5
2cd3
2cd4
2cab
2cac
2ca9
2caa
2cad
2cae
2cac
2cad
34d2
34d3
34d0
34d1
34d5
34d5
34d3
3cd3
4511
4511
4511
4511
4511
4511
4511
4511
4512
4512
4512
4512
4512
4512
4512
4512
4cef
550e
550d
550e
5d0f
5d0f
5d0e
5d0f
5d11
5d11
5d10
5d11
5d12
5d12
5d12
5d12
6cec
6cec
6ceb
750b
750b
750d
750e
750c
750d
7510
7511
750f
7510
7512
7513
7511
7512
8ce9
8cea
8ce8
8ce9
94ec
94ed
94ea
94eb
950f
9510
950e
950f
9513
9513
9511
9512
7d4e
7d4e
7d4e
7d4e
7d4e
7d4f
8d6d
8d6d
858e
858e
858e
858e
858e
858e
858e
858e
9d4b
9d4c
9d4b
9d4b
9d4d
9d4d
9d4c
9d4c
a58d
a58e
a58d
a58d
a56f
a56f
a56e
95ad
95ad
95ad
95ad
95ad
95ad
95ad
95ad
95ad
95ad
95ad
a5cc
a5cc
a5cc
a5cc
a5cc
a5cc
a5cc
a5cc
a5cc
a5cc
a5cc
a5cc
a5cc
a5cc
a5cc
a5cc
a5cc
a5cc
b5eb
b5eb
b5eb
b5eb
b5eb
b5eb
b5eb
b5eb
b5eb
b5eb
b5eb
b5eb
b5eb
b5eb
b5eb
b5eb
b5eb
b5eb
c60a
c60a
c60a
c60a
c60a
c60a
c60a
c60a
c60a
c60a
c60a
c60a
c60a
c60a
c60a
c60a
c60a
c60a
d629
d629
d629
d629
d629
d629
d629
d629
d629
d629
d629
d629
d629
d629
d629
d629
d629
d629
e648
e648
e648
e648
e648
e648
e648
e648
e648
e648
e648
e648
e648
e648
e648
e648
e648
e648
f667
f667
f667
f667
f667
f667
f667
f667
f667
f667
f667
f667
f667
f667
f667
f667
f667
f667
f667
0496
0496
0496
0496
0496
0496
0496
0496
0496
0496
0496
0496
0496
0496
0496
0496
0496
14b5
14b5
14b5
14b5
14b5
14b5
14b5
14b5
14b5
14b5
14b5
14b5
14b5
14b5
14b5
14b5
14b5
14b5
24d4
24d4
24d4
24d4
24d4
14ae
14ae
14ad
14ac
14b0
14af
14af
14ae
1cb3
1cb3
1cb2
1cb2
1cb5
2cd4
2cd4
2cd3
2cac
2cab
2caa
2ca9
2cae
2cad
2cad
2cac
34d3
34d2
34d1
34d0
34d5
34d5
34d4
3cd3
4511
4511
4511
4511
4511
4511
4511
4511
4512
4512
4512
4512
4512
4512
4512
4512
4cef
550e
550e
550d
5d0f
5d0f
5d0f
5d0e
5d11
5d11
5d11
5d10
5d12
5d12
5d12
5d12
6cec
6cec
6ceb
750a
750a
750e
750d
750d
750c
7511
7510
7510
750f
7513
7512
7512
7511
8cea
8ce9
8ce9
8ce8
94ed
94ec
94eb
94ea
9510
950f
950f
950e
9513
9513
9512
9511
7d4e
7d4e
7d4e
7d4e
7d4f
7d4e
8d6d
8d6d
858e
858e
858e
858e
858e
858e
858e
858e
9d4c
9d4b
9d4b
9d4b
9d4d
9d4d
9d4c
9d4c
a58e
a58d
a58d
a58d
a56f
a56f
a56f
95ad
95ad
95ad
95ad
95ad
95ad
95ad
95ad
95ad
95ad
95ad
a5cc
a5cc
a5cc
a5cc
a5cc
a5cc
a5cc
a5cc
a5cc
a5cc
a5cc
a5cc
a5cc
a5cc
a5cc
a5cc
a5cc
a5cc
b5eb
b5eb
b5eb
b5eb
b5eb
b5eb
b5eb
b5eb
b5eb
b5eb
b5eb
b5eb
b5eb
b5eb
b5eb
b5eb
b5eb
b5eb
c60a
c60a
c60a
c60a
c60a
c60a
c60a
c60a
c60a
c60a
c60a
c60a
c60a
c60a
c60a
c60a
c60a
c60a
d629
d629
d629
d629
d629
d629
d629
d629
d629
d629
d629
d629
d629
d629
d629
d629
d629
d629
e648
e648
e648
e648
e648
e648
e648
e648
e648
e648
e648
e648
e648
e648
e648
e648
e648
e648
f667
f667
f667
f667
f667
f667
f667
f667
f667
f667
f667
f667
f667
f667
f667
f667
f667
f667
f667
0496
0496
0496
0496
0496
0496
0496
0496
0496
0496
0496
0496
0496
0496
0496
0496
0496
14b5
14b5
14b5
14b5
14b5
14b5
14b5
14b5
14b5
14b5
14b5
14b5
14b5
14b5
14b5
14b5
14b5
14b5
24d4
24d4
24d4
24d4
24d4
14af
14af
14b0
14b1
14ac
14ad
14ad
14ae
1cb4
1cb4
1cb5
1cb5
1cb2
2cd2
2cd2
2cd3
2cac
2cad
2cae
2caf
2ca8
2ca9
2caa
2cab
34d3
34d4
34d5
34d5
34d0
34d1
34d2
3cd2
4511
4511
4511
4511
4510
4510
4510
4511
4512
4512
4512
4512
4512
4512
4512
4512
4cef
550f
550f
5510
5d0d
5d0d
5d0d
5d0e
5d11
5d12
5d12
5d12
5d10
5d11
5d11
5d11
6ced
6cee
6cee
750e
750e
7509
750a
750b
750b
7511
7512
7512
7512
750f
7510
7510
7511
8ceb
8cec
8cec
8ced
94e7
94e8
94e8
94e9
9511
9512
9513
9513
950e
950f
950f
9510
7d4e
7d4e
7d4f
7d4f
7d4d
7d4e
8d6d
8d6d
858e
858e
858e
858e
858e
858e
858e
858e
9d4c
9d4d
9d4d
9d4d
9d4a
9d4b
9d4b
9d4c
a58e
a58e
a58e
a58f
a56d
a56d
a56e
95ad
95ad
95ad
95ad
95ad
95ad
95ad
95ad
95ad
95ad
95ad
a5cc
a5cc
a5cc
a5cc
a5cc
a5cc
a5cc
a5cc
a5cc
a5cc
a5cc
a5cc
a5cc
a5cc
a5cc
a5cc
a5cc
a5cc
b5eb
b5eb
b5eb
b5eb
b5eb
b5eb
b5eb
b5eb
b5eb
b5eb
b5eb
b5eb
b5eb
b5eb
b5eb
b5eb
b5eb
b5eb
c60a
c60a
c60a
c60a
c60a
c60a
c60a
c60a
c60a
c60a
c60a
c60a
c60a
c60a
c60a
c60a
c60a
c60a
d629
d629
d629
d629
d629
d629
d629
d629
d629
d629
d629
d629
d629
d629
d629
d629
d629
d629
e648
e648
e648
e648
e648
e648
e648
e648
e648
e648
e648
e648
e648
e648
e648
e648
e648
e648
f667
f667
f667
f667
f667
f667
f667
f667
f667
f667
f667
f667
f667
f667
f667
f667
f667
f667
f667
0496
0496
0496
0496
0496
0496
0496
0496
0496
0496
0496
0496
0496
0496
0496
0496
0496
14b5
14b5
14b5
14b5
14b5
14b5
14b5
14b5
14b5
14b5
14b5
14b5
14b5
14b5
14b5
14b5
14b5
14b5
24d4
24d4
24d4
24d4
24d4
14af
14af
14b1
14b0
14ad
14ac
14ae
14ad
1cb4
1cb4
1cb5
1cb5
1cb2
2cd1
2cd3
2cd2
2cad
2cac
2caf
2cae
2ca9
2ca8
2cab
2caa
34d4
34d3
34d5
34d5
34d1
34d0
34d3
3cd1
4511
4511
4511
4511
4510
4510
4511
4510
4512
4512
4512
4512
4512
4512
4512
4512
4cf0
550e
5510
550f
5d0d
5d0d
5d0e
5d0d
5d12
5d11
5d12
5d12
5d11
5d10
5d11
5d11
6cee
6ced
6cef
750d
750d
750a
7509
750b
750b
7512
7511
7512
7512
7510
750f
7511
7510
8cec
8ceb
8ced
8cec
94e8
94e7
94e9
94e8
9512
9511
9513
9513
950f
950e
9510
950f
7d4e
7d4e
7d4f
7d4f
7d4e
7d4d
8d6d
8d6d
858e
858e
858e
858e
858e
858e
858e
858e
9d4d
9d4c
9d4d
9d4d
9d4b
9d4a
9d4c
9d4b
a58e
a58e
a58f
a58e
a56d
a56d
a56e
95ad
95ad
95ad
95ad
95ad
95ad
95ad
95ad
95ad
95ad
95ad
a5cc
a5cc
a5cc
a5cc
a5cc
a5cc
a5cc
a5cc
a5cc
a5cc
a5cc
a5cc
a5cc
a5cc
a5cc
a5cc
a5cc
a5cc
b5eb
b5eb
b5eb
b5eb
b5eb
b5eb
b5eb
b5eb
b5eb
b5eb
b5eb
b5eb
b5eb
b5eb
b5eb
b5eb
b5eb
b5eb
c60a
c60a
c60a
c60a
c60a
c60a
c60a
c60a
c60a
c60a
c60a
c60a
c60a
c60a
c60a
c60a
c60a
c60a
d629
d629
d629
d629
d629
d629
d629
d629
d629
d629
d629
d629
d629
d629
d629
d629
d629
d629
e648
e648
e648
e648
e648
e648
e648
e648
e648
e648
e648
e648
e648
e648
e648
e648
e648
e648
f667
f667
f667
f667
f667
f667
f667
f667
f667
f667
f667
f667
f667
f667
f667
f667
f667
f667
f667
0496
0496
0496
0496
0496
0496
0496
0496
0496
0496
0496
0496
0496
0496
0496
0496
0496
14b5
14b5
14b5
14b5
14b5
14b5
14b5
14b5
14b5
14b5
14b5
14b5
14b5
14b5
14b5
14b5
14b5
14b5
24d4
24d4
24d4
24d4
24d4
14b0
14b1
14af
14af
14ad
14ae
14ac
14ad
1cb5
1cb5
1cb4
1cb4
1cb3
2cd3
2cd1
2cd2
2cae
2caf
2cac
2cad
2caa
2cab
2ca8
2ca9
34d5
34d5
34d3
34d4
34d2
34d3
34d0
3cd1
4511
4511
4511
4511
4510
4511
4510
4510
4512
4512
4512
4512
4512
4512
4512
4512
4cf0
5510
550e
550f
5d0d
5d0e
5d0d
5d0d
5d12
5d12
5d11
5d12
5d11
5d11
5d10
5d11
6cee
6cef
6ced
750d
750d
750b
750b
7509
750a
7512
7512
7511
7512
7510
7511
750f
7510
8cec
8ced
8ceb
8cec
94e8
94e9
94e7
94e8
9513
9513
9511
9512
950f
9510
950e
950f
7d4f
7d4f
7d4e
7d4e
7d4e
7d4e
8d6c
8d6d
858e
858e
858e
858e
858e
858e
858e
858e
9d4d
9d4d
9d4c
9d4d
9d4b
9d4c
9d4a
9d4b
a58e
a58f
a58e
a58e
a56e
a56e
a56d
95ad
95ad
95ad
95ad
95ad
95ad
95ad
95ad
95ad
95ad
95ad
a5cc
a5cc
a5cc
a5cc
a5cc
a5cc
a5cc
a5cc
a5cc
a5cc
a5cc
a5cc
a5cc
a5cc
a5cc
a5cc
a5cc
a5cc
b5eb
b5eb
b5eb
b5eb
b5eb
b5eb
b5eb
b5eb
b5eb
b5eb
b5eb
b5eb
b5eb
b5eb
b5eb
b5eb
b5eb
b5eb
c60a
c60a
c60a
c60a
c60a
c60a
c60a
c60a
c60a
c60a
c60a
c60a
c60a
c60a
c60a
c60a
c60a
c60a
d629
d629
d629
d629
d629
d629
d629
d629
d629
d629
d629
d629
d629
d629
d629
d629
d629
d629
e648
e648
e648
e648
e648
e648
e648
e648
e648
e648
e648
e648
e648
e648
e648
e648
e648
e648
f667
f667
f667
f667
f667
f667
f667
f667
f667
f667
f667
f667
f667
f667
f667
f667
f667
f667
f667
0496
0496
0496
0496
0496
0496
0496
0496
0496
0496
0496
0496
0496
0496
0496
0496
0496
14b5
14b5
14b5
14b5
14b5
14b5
14b5
14b5
14b5
14b5
14b5
14b5
14b5
14b5
14b5
14b5
14b5
14b5
24d4
24d4
24d4
24d4
24d4
14b1
14b0
14af
14af
14ae
14ad
14ad
14ac
1cb5
1cb5
1cb4
1cb4
1cb3
2cd2
2cd2
2cd1
2caf
2cae
2cad
2cac
2cab
2caa
2ca9
2ca8
34d5
34d5
34d4
34d3
34d3
34d2
34d1
3cd0
4511
4511
4511
4511
4511
4510
4510
4510
4512
4512
4512
4512
4512
4512
4512
4512
4cf0
550f
550f
550e
5d0e
5d0d
5d0d
5d0d
5d12
5d12
5d12
5d11
5d11
5d11
5d11
5d10
6cef
6cee
6cee
750c
750c
750b
750b
750a
7509
7512
7512
7512
7511
7511
7510
7510
750f
8ced
8cec
8cec
8ceb
94e9
94e8
94e8
94e7
9513
9513
9512
9511
9510
950f
950f
950e
7d4f
7d4f
7d4e
7d4e
7d4e
7d4e
8d6d
8d6c
858e
858e
858e
858e
858e
858e
858e
858e
9d4d
9d4d
9d4d
9d4c
9d4c
9d4b
9d4b
9d4a
a58f
a58e
a58e
a58e
a56e
a56e
a56d
95ad
95ad
95ad
95ad
95ad
95ad
95ad
95ad
95ad
95ad
95ad
a5cc
a5cc
a5cc
a5cc
a5cc
a5cc
a5cc
a5cc
a5cc
a5cc
a5cc
a5cc
a5cc
a5cc
a5cc
a5cc
a5cc
a5cc
b5eb
b5eb
b5eb
b5eb
b5eb
b5eb
b5eb
b5eb
b5eb
b5eb
b5eb
b5eb
b5eb
b5eb
b5eb
b5eb
b5eb
b5eb
c60a
c60a
c60a
c60a
c60a
c60a
c60a
c60a
c60a
c60a
c60a
c60a
c60a
c60a
c60a
c60a
c60a
c60a
d629
d629
d629
d629
d629
d629
d629
d629
d629
d629
d629
d629
d629
d629
d629
d629
d629
d629
e648
e648
e648
e648
e648
e648
e648
e648
e648
e648
e648
e648
e648
e648
e648
e648
e648
e648
f667
f667
f667
f667
f667
f667
f667
f667
f667
f667
f667
f667
f667
f667
f667
f667
f667
f667
f667
0496
0496
0496
0496
0496
0496
0496
0496
0496
0496
0496
0496
0496
0496
0496
0496
0496
14b5
14b5
14b5
14b5
14b5
14b5
14b5
14b5
14b5
14b5
14b5
14b5
14b5
14b5
14b5
14b5
14b5
14b5
24d4
24d4
24d4
24d4
24d4
14f1
14f2
14f2
14f3
14f4
14f4
14f5
14f6
1ced
1cee
1cee
1cef
1cf0
2cf0
2cf0
2cf1
2d10
2d11
2d11
2d12
2d14
2d14
2d15
2d16
34ea
34eb
34eb
34ec
34ed
34ee
34ee
3d0f
4511
4512
4512
4512
4512
4512
4512
4512
4511
4511
4511
4511
4512
4512
4512
4512
4d11
5d30
5d31
5d31
5532
5532
5532
5533
5d2e
5d2e
5d2e
5d2f
5d2f
5d30
5d30
5d30
6d2f
6d30
6d31
7531
7531
7532
7532
7533
7533
752b
752b
752c
752c
752d
752e
752e
752e
8d2e
8d2f
8d30
8d31
9532
9532
9533
9534
9548
9549
9549
954a
954b
954c
954c
954d
7d6f
7d6f
7d6f
7d6f
7d6f
7d6f
8d8f
8d8f
858d
858e
858e
858e
858e
858e
858e
858e
9d6e
9d6e
9d6f
9d6f
9d6f
9d70
9d70
9d70
a58b
a58b
a58b
a58b
a58c
a58c
a58c
95ad
95ad
95ad
95ad
95ad
95ad
95ad
95ad
95ad
95ad
95ad
a5cc
a5cc
a5cc
a5cc
a5cc
a5cc
a5cc
a5cc
a5cc
a5cc
a5cc
a5cc
a5cc
a5cc
a5cc
a5cc
a5cc
a5cc
b5eb
b5eb
b5eb
b5eb
b5eb
b5eb
b5eb
b5eb
b5eb
b5eb
b5eb
b5eb
b5eb
b5eb
b5eb
b5eb
b5eb
b5eb
c60a
c60a
c60a
c60a
c60a
c60a
c60a
c60a
c60a
c60a
c60a
c60a
c60a
c60a
c60a
c60a
c60a
c60a
d629
d629
d629
d629
d629
d629
d629
d629
d629
d629
d629
d629
d629
d629
d629
d629
d629
d629
e648
e648
e648
e648
e648
e648
e648
e648
e648
e648
e648
e648
e648
e648
e648
e648
e648
e648
f667
f667
f667
f667
f667
f667
f667
f667
f667
f667
f667
f667
f667
f667
f667
f667
f667
f667
f667
0496
0496
0496
0496
0496
0496
0496
0496
0496
0496
0496
0496
0496
0496
0496
0496
0496
14b5
14b5
14b5
14b5
14b5
14b5
14b5
14b5
14b5
14b5
14b5
14b5
14b5
14b5
14b5
14b5
14b5
14b5
24d4
24d4
24d4
24d4
24d4
14f2
14f1
14f3
14f2
14f4
14f4
14f6
14f5
1cee
1ced
1cef
1cee
1cf0
2cef
2cf1
2cf0
2d11
2d10
2d12
2d11
2d14
2d14
2d16
2d15
34eb
34ea
34ec
34eb
34ee
34ed
34ef
3d0e
4512
4511
4512
4512
4512
4512
4512
4512
4511
4511
4511
4511
4512
4512
4512
4512
4d11
5d30
5d31
5d31
5532
5532
5533
5532
5d2e
5d2e
5d2f
5d2e
5d30
5d2f
5d30
5d30
6d30
6d2f
6d31
7530
7530
7532
7532
7533
7533
752b
752b
752c
752c
752e
752d
752e
752e
8d2f
8d2e
8d31
8d30
9532
9532
9534
9533
9549
9548
954a
9549
954c
954b
954d
954c
7d6f
7d6f
7d6f
7d6f
7d6f
7d6f
8d8f
8d8f
858e
858d
858e
858e
858e
858e
858e
858e
9d6e
9d6e
9d6f
9d6f
9d70
9d6f
9d70
9d70
a58b
a58b
a58b
a58b
a58c
a58c
a58d
95ad
95ad
95ad
95ad
95ad
95ad
95ad
95ad
95ad
95ad
95ad
a5cc
a5cc
a5cc
a5cc
a5cc
a5cc
a5cc
a5cc
a5cc
a5cc
a5cc
a5cc
a5cc
a5cc
a5cc
a5cc
a5cc
a5cc
b5eb
b5eb
b5eb
b5eb
b5eb
b5eb
b5eb
b5eb
b5eb
b5eb
b5eb
b5eb
b5eb
b5eb
b5eb
b5eb
b5eb
b5eb
c60a
c60a
c60a
c60a
c60a
c60a
c60a
c60a
c60a
c60a
c60a
c60a
c60a
c60a
c60a
c60a
c60a
c60a
d629
d629
d629
d629
d629
d629
d629
d629
d629
d629
d629
d629
d629
d629
d629
d629
d629
d629
e648
e648
e648
e648
e648
e648
e648
e648
e648
e648
e648
e648
e648
e648
e648
e648
e648
e648
f667
f667
f667
f667
f667
f667
f667
f667
f667
f667
f667
f667
f667
f667
f667
f667
f667
f667
f667
0496
0496
0496
0496
0496
0496
0496
0496
0496
0496
0496
0496
0496
0496
0496
0496
0496
14b5
14b5
14b5
14b5
14b5
14b5
14b5
14b5
14b5
14b5
14b5
14b5
14b5
14b5
14b5
14b5
14b5
14b5
24d4
24d4
24d4
24d4
24d4
14f2
14f3
14f1
14f2
14f5
14f6
14f4
14f4
1cee
1cef
1ced
1cee
1cf1
2cf1
2cef
2cf0
2d11
2d12
2d10
2d11
2d15
2d16
2d14
2d14
34eb
34ec
34ea
34eb
34ee
34ef
34ed
3d0d
4512
4512
4511
4512
4512
4512
4512
4512
4511
4511
4511
4511
4512
4512
4512
4512
4d11
5d31
5d30
5d30
5532
5533
5532
5532
5d2e
5d2f
5d2e
5d2e
5d30
5d30
5d2f
5d30
6d31
6d31
6d2f
7530
7530
7533
7533
7532
7532
752c
752c
752b
752b
752e
752e
752d
752e
8d30
8d31
8d2e
8d2f
9533
9534
9532
9532
9549
954a
9548
9549
954c
954d
954b
954c
7d6f
7d6f
7d6f
7d6f
7d70
7d70
8d8e
8d8f
858e
858e
858d
858e
858e
858e
858e
858e
9d6f
9d6f
9d6e
9d6e
9d70
9d70
9d6f
9d70
a58b
a58b
a58b
a58b
a58c
a58d
a58c
95ad
95ad
95ad
95ad
95ad
95ad
95ad
95ad
95ad
95ad
95ad
a5cc
a5cc
a5cc
a5cc
a5cc
a5cc
a5cc
a5cc
a5cc
a5cc
a5cc
a5cc
a5cc
a5cc
a5cc
a5cc
a5cc
a5cc
b5eb
b5eb
b5eb
b5eb
b5eb
b5eb
b5eb
b5eb
b5eb
b5eb
b5eb
b5eb
b5eb
b5eb
b5eb
b5eb
b5eb
b5eb
c60a
c60a
c60a
c60a
c60a
c60a
c60a
c60a
c60a
c60a
c60a
c60a
c60a
c60a
c60a
c60a
c60a
c60a
d629
d629
d629
d629
d629
d629
d629
d629
d629
d629
d629
d629
d629
d629
d629
d629
d629
d629
e648
e648
e648
e648
e648
e648
e648
e648
e648
e648
e648
e648
e648
e648
e648
e648
e648
e648
f667
f667
f667
f667
f667
f667
f667
f667
f667
f667
f667
f667
f667
f667
f667
f667
f667
f667
f667
0496
0496
0496
0496
0496
0496
0496
0496
0496
0496
0496
0496
0496
0496
0496
0496
0496
14b5
14b5
14b5
14b5
14b5
14b5
14b5
14b5
14b5
14b5
14b5
14b5
14b5
14b5
14b5
14b5
14b5
14b5
24d4
24d4
24d4
24d4
24d4
14f3
14f2
14f2
14f1
14f6
14f5
14f4
14f4
1cef
1cee
1cee
1ced
1cf1
2cf0
2cf0
2cef
2d12
2d11
2d11
2d10
2d16
2d15
2d14
2d14
34ec
34eb
34eb
34ea
34ef
34ee
34ee
3d0d
4512
4512
4512
4511
4512
4512
4512
4512
4511
4511
4511
4511
4512
4512
4512
4512
4d12
5d31
5d30
5d30
5533
5532
5532
5532
5d2f
5d2e
5d2e
5d2e
5d30
5d30
5d30
5d2f
6d31
6d31
6d30
752f
752f
7533
7533
7532
7532
752c
752c
752b
752b
752e
752e
752e
752d
8d31
8d30
8d2f
8d2e
9534
9533
9532
9532
954a
9549
9549
9548
954d
954c
954c
954b
7d6f
7d6f
7d6f
7d6f
7d70
7d70
8d8f
8d8e
858e
858e
858e
858d
858e
858e
858e
858e
9d6f
9d6f
9d6e
9d6e
9d70
9d70
9d70
9d6f
a58b
a58b
a58b
a58b
a58d
a58c
a58c
95ad
95ad
95ad
95ad
95ad
95ad
95ad
95ad
95ad
95ad
95ad
a5cc
a5cc
a5cc
a5cc
a5cc
a5cc
a5cc
a5cc
a5cc
a5cc
a5cc
a5cc
a5cc
a5cc
a5cc
a5cc
a5cc
a5cc
b5eb
b5eb
b5eb
b5eb
b5eb
b5eb
b5eb
b5eb
b5eb
b5eb
b5eb
b5eb
b5eb
b5eb
b5eb
b5eb
b5eb
b5eb
c60a
c60a
c60a
c60a
c60a
c60a
c60a
c60a
c60a
c60a
c60a
c60a
c60a
c60a
c60a
c60a
c60a
c60a
d629
d629
d629
d629
d629
d629
d629
d629
d629
d629
d629
d629
d629
d629
d629
d629
d629
d629
e648
e648
e648
e648
e648
e648
e648
e648
e648
e648
e648
e648
e648
e648
e648
e648
e648
e648
f667
f667
f667
f667
f667
f667
f667
f667
f667
f667
f667
f667
f667
f667
f667
f667
f667
f667
f667
0496
0496
0496
0496
0496
0496
0496
0496
0496
0496
0496
0496
0496
0496
0496
0496
0496
14b5
14b5
14b5
14b5
14b5
14b5
14b5
14b5
14b5
14b5
14b5
14b5
14b5
14b5
14b5
14b5
14b5
14b5
24d4
24d4
24d4
24d4
24d4
14f4
14f4
14f5
14f6
14f1
14f2
14f2
14f3
1cef
1cf0
1cf0
1cf1
1cee
2cee
2cee
2cef
2d14
2d14
2d15
2d16
2d10
2d11
2d11
2d12
34ed
34ee
34ee
34ef
34ea
34eb
34ec
3d0c
4512
4512
4513
4513
4512
4512
4512
4512
4512
4512
4512
4512
4512
4512
4512
4512
4d13
5d32
5d33
5d33
5530
5531
5531
5531
5d2f
5d2f
5d2f
5d30
5d2e
5d2f
5d2f
5d2f
6d32
6d33
6d33
7533
7533
752f
7530
7530
7531
752d
752d
752e
752e
752b
752c
752c
752d
8d32
8d33
8d34
8d35
952e
952f
9530
9531
954b
954c
954c
954d
9548
9549
954a
954a
7d70
7d70
7d70
7d70
7d6f
7d6f
8d8e
8d8e
858e
858e
858e
858e
858e
858e
858e
858e
9d70
9d70
9d70
9d71
9d6e
9d6e
9d6e
9d6f
a58c
a58c
a58c
a58d
a58b
a58b
a58c
95ad
95ad
95ad
95ad
95ad
95ad
95ad
95ad
95ad
95ad
95ad
a5cc
a5cc
a5cc
a5cc
a5cc
a5cc
a5cc
a5cc
a5cc
a5cc
a5cc
a5cc
a5cc
a5cc
a5cc
a5cc
a5cc
a5cc
b5eb
b5eb
b5eb
b5eb
b5eb
b5eb
b5eb
b5eb
b5eb
b5eb
b5eb
b5eb
b5eb
b5eb
b5eb
b5eb
b5eb
b5eb
c60a
c60a
c60a
c60a
c60a
c60a
c60a
c60a
c60a
c60a
c60a
c60a
c60a
c60a
c60a
c60a
c60a
c60a
d629
d629
d629
d629
d629
d629
d629
d629
d629
d629
d629
d629
d629
d629
d629
d629
d629
d629
e648
e648
e648
e648
e648
e648
e648
e648
e648
e648
e648
e648
e648
e648
e648
e648
e648
e648
f667
f667
f667
f667
f667
f667
f667
f667
f667
f667
f667
f667
f667
f667
f667
f667
f667
f667
f667
0496
0496
0496
0496
0496
0496
0496
0496
0496
0496
0496
0496
0496
0496
0496
0496
0496
14b5
14b5
14b5
14b5
14b5
14b5
14b5
14b5
14b5
14b5
14b5
14b5
14b5
14b5
14b5
14b5
14b5
14b5
24d4
24d4
24d4
24d4
24d4
14f4
14f4
14f6
14f5
14f2
14f1
14f3
14f2
1cf0
1cef
1cf1
1cf0
1cef
2ced
2cef
2cee
2d14
2d14
2d16
2d15
2d11
2d10
2d12
2d11
34ee
34ed
34ef
34ee
34eb
34ea
34ed
3d0b
4512
4512
4513
4513
4512
4512
4512
4512
4512
4512
4512
4512
4512
4512
4512
4512
4d13
5d32
5d33
5d33
5531
5530
5531
5531
5d2f
5d2f
5d30
5d2f
5d2f
5d2e
5d2f
5d2f
6d33
6d32
6d34
7533
7533
7530
752f
7531
7530
752d
752d
752e
752e
752c
752b
752d
752c
8d33
8d32
8d35
8d34
952f
952e
9531
9530
954c
954b
954d
954c
9549
9548
954a
954a
7d70
7d70
7d70
7d70
7d6f
7d6f
8d8e
8d8e
858e
858e
858e
858e
858e
858e
858e
858e
9d70
9d70
9d71
9d70
9d6e
9d6e
9d6f
9d6e
a58c
a58c
a58d
a58c
a58b
a58b
a58c
95ad
95ad
95ad
95ad
95ad
95ad
95ad
95ad
95ad
95ad
95ad
a5cc
a5cc
a5cc
a5cc
a5cc
a5cc
a5cc
a5cc
a5cc
a5cc
a5cc
a5cc
a5cc
a5cc
a5cc
a5cc
a5cc
a5cc
b5eb
b5eb
b5eb
b5eb
b5eb
b5eb
b5eb
b5eb
b5eb
b5eb
b5eb
b5eb
b5eb
b5eb
b5eb
b5eb
b5eb
b5eb
c60a
c60a
c60a
c60a
c60a
c60a
c60a
c60a
c60a
c60a
c60a
c60a
c60a
c60a
c60a
c60a
c60a
c60a
d629
d629
d629
d629
d629
d629
d629
d629
d629
d629
d629
d629
d629
d629
d629
d629
d629
d629
e648
e648
e648
e648
e648
e648
e648
e648
e648
e648
e648
e648
e648
e648
e648
e648
e648
e648
f667
f667
f667
f667
f667
f667
f667
f667
f667
f667
f667
f667
f667
f667
f667
f667
f667
f667
f667
0515
0515
0515
0515
0515
0515
0515
0515
0515
0515
0515
0515
0515
0515
0515
0515
0515
1534
1534
1534
1534
1534
1534
1534
1534
1534
1534
1534
1534
1534
1534
1534
1534
1534
1534
2553
2553
2553
2553
2553
1535
1535
1533
1534
1532
1533
1531
1531
1d30
1d30
1d2f
1d2f
1d2e
2d4e
2d4d
2d4d
2d35
2d35
2d33
2d34
2d31
2d32
2d2f
2d30
354e
354f
354c
354d
354b
354c
354a
3d4a
4592
4592
4591
4591
4591
4591
4591
4591
4591
4591
4591
4591
4591
4591
4591
4591
4d73
5d92
5d91
5d91
5590
5590
558f
5590
5d8f
5d8f
5d8e
5d8e
5d8e
5d8e
5d8e
5d8e
6d73
6d73
6d72
7591
7591
758f
7590
758e
758f
758d
758e
758c
758d
758b
758c
758a
758b
8d74
8d74
8d72
8d72
956f
9570
956d
956f
958c
958d
958a
958b
9589
958a
9588
9589
7dcf
7dcf
7dcf
7dcf
7dce
7dce
8ded
8ded
860d
860d
860d
860d
860d
860d
860d
860d
9dd0
9dd0
9dcf
9dcf
9dce
9dce
9dcd
9dcd
a5eb
a5ec
a5eb
a5eb
a60b
a60b
a60a
962c
962c
962c
962c
962c
962c
962c
962c
962c
962c
962c
a64b
a64b
a64b
a64b
a64b
a64b
a64b
a64b
a64b
a64b
a64b
a64b
a64b
a64b
a64b
a64b
a64b
a64b
b66a
b66a
b66a
b66a
b66a
b66a
b66a
b66a
b66a
b66a
b66a
b66a
b66a
b66a
b66a
b66a
b66a
b66a
c689
c689
c689
c689
c689
c689
c689
c689
c689
c689
c689
c689
c689
c689
c689
c689
c689
c689
d6a8
d6a8
d6a8
d6a8
d6a8
d6a8
d6a8
d6a8
d6a8
d6a8
d6a8
d6a8
d6a8
d6a8
d6a8
d6a8
d6a8
d6a8
e6c7
e6c7
e6c7
e6c7
e6c7
e6c7
e6c7
e6c7
e6c7
e6c7
e6c7
e6c7
e6c7
e6c7
e6c7
e6c7
e6c7
e6c7
f6e6
f6e6
f6e6
f6e6
f6e6
f6e6
f6e6
f6e6
f6e6
f6e6
f6e6
f6e6
f6e6
f6e6
f6e6
f6e6
f6e6
f6e6
f6e6
0515
0515
0515
0515
0515
0515
0515
0515
0515
0515
0515
0515
0515
0515
0515
0515
0515
1534
1534
1534
1534
1534
1534
1534
1534
1534
1534
1534
1534
1534
1534
1534
1534
1534
1534
2553
2553
2553
2553
2553
1535
1535
1534
1533
1533
1532
1531
1531
1d30
1d30
1d2f
1d2f
1d2f
2d4d
2d4d
2d4d
2d35
2d35
2d34
2d33
2d32
2d31
2d30
2d2f
354f
354e
354d
354c
354c
354b
354b
3d49
4592
4592
4591
4591
4591
4591
4591
4591
4591
4591
4591
4591
4591
4591
4591
4591
4d73
5d92
5d91
5d91
5590
5590
5590
558f
5d8f
5d8f
5d8e
5d8e
5d8e
5d8e
5d8e
5d8e
6d73
6d73
6d72
7591
7591
7590
758f
758f
758e
758e
758d
758d
758c
758c
758b
758b
758a
8d74
8d74
8d72
8d72
9570
956f
956f
956d
958d
958c
958b
958a
958a
9589
9589
9588
7dcf
7dcf
7dcf
7dcf
7dce
7dce
8ded
8ded
860d
860d
860d
860d
860d
860d
860d
860d
9dd0
9dd0
9dcf
9dcf
9dce
9dce
9dcd
9dcd
a5ec
a5eb
a5eb
a5eb
a60b
a60b
a60b
962c
962c
962c
962c
962c
962c
962c
962c
962c
962c
962c
a64b
a64b
a64b
a64b
a64b
a64b
a64b
a64b
a64b
a64b
a64b
a64b
a64b
a64b
a64b
a64b
a64b
a64b
b66a
b66a
b66a
b66a
b66a
b66a
b66a
b66a
b66a
b66a
b66a
b66a
b66a
b66a
b66a
b66a
b66a
b66a
c689
c689
c689
c689
c689
c689
c689
c689
c689
c689
c689
c689
c689
c689
c689
c689
c689
c689
d6a8
d6a8
d6a8
d6a8
d6a8
d6a8
d6a8
d6a8
d6a8
d6a8
d6a8
d6a8
d6a8
d6a8
d6a8
d6a8
d6a8
d6a8
e6c7
e6c7
e6c7
e6c7
e6c7
e6c7
e6c7
e6c7
e6c7
e6c7
e6c7
e6c7
e6c7
e6c7
e6c7
e6c7
e6c7
e6c7
f6e6
f6e6
f6e6
f6e6
f6e6
f6e6
f6e6
f6e6
f6e6
f6e6
f6e6
f6e6
f6e6
f6e6
f6e6
f6e6
f6e6
f6e6
f6e6
0515
0515
0515
0515
0515
0515
0515
0515
0515
0515
0515
0515
0515
0515
0515
0515
0515
1534
1534
1534
1534
1534
1534
1534
1534
1534
1534
1534
1534
1534
1534
1534
1534
1534
1534
2553
2553
2553
2553
2553
156a
156b
156c
156d
156d
156e
156e
156f
1d70
1d71
1d71
1d72
1d74
2594
2595
2595
2d6d
2d6d
2d6d
2d6e
2d6e
2d6f
2d6f
2d70
3570
3571
3571
3572
3573
3573
3574
3d94
458e
458f
458f
458f
458f
458f
458f
4590
4590
4591
4591
4591
4d92
4d92
4d93
4d93
4591
55b0
55b0
55b0
55b0
55b0
55b0
55b0
55b0
55b0
55b0
55b0
55b0
55b1
55b1
55b1
6da9
6daa
6daa
75aa
75aa
75ab
75ac
75ac
75ad
85ae
85af
85b0
85b1
85b2
85b2
85b4
85b4
7daa
7dab
7dab
7dac
85cb
85cc
85cc
85cd
8dce
8dce
8dcf
8dd0
95d0
95d1
95d2
95d2
85ec
85ec
85ec
85ed
85cc
85cd
95ec
95ed
9ded
9ded
9dee
9dee
9def
9def
9df0
9df0
860d
860d
860d
860d
8e0d
8e0d
8e0d
8e0d
9e2c
9e2c
9e2c
9e2c
9e0d
9e0d
9e0d
962c
962c
962c
962c
962c
962c
962c
962c
962c
962c
962c
a64b
a64b
a64b
a64b
a64b
a64b
a64b
a64b
a64b
a64b
a64b
a64b
a64b
a64b
a64b
a64b
a64b
a64b
b66a
b66a
b66a
b66a
b66a
b66a
b66a
b66a
b66a
b66a
b66a
b66a
b66a
b66a
b66a
b66a
b66a
b66a
c689
c689
c689
c689
c689
c689
c689
c689
c689
c689
c689
c689
c689
c689
c689
c689
c689
c689
d6a8
d6a8
d6a8
d6a8
d6a8
d6a8
d6a8
d6a8
d6a8
d6a8
d6a8
d6a8
d6a8
d6a8
d6a8
d6a8
d6a8
d6a8
e6c7
e6c7
e6c7
e6c7
e6c7
e6c7
e6c7
e6c7
e6c7
e6c7
e6c7
e6c7
e6c7
e6c7
e6c7
e6c7
e6c7
e6c7
f6e6
f6e6
f6e6
f6e6
f6e6
f6e6
f6e6
f6e6
f6e6
f6e6
f6e6
f6e6
f6e6
f6e6
f6e6
f6e6
f6e6
f6e6
f6e6
0515
0515
0515
0515
0515
0515
0515
0515
0515
0515
0515
0515
0515
0515
0515
0515
0515
1534
1534
1534
1534
1534
1534
1534
1534
1534
1534
1534
1534
1534
1534
1534
1534
1534
1534
2553
2553
2553
2553
2553
156b
156a
156d
156c
156e
156d
156f
156e
1d71
1d70
1d72
1d71
1d74
2593
2595
2595
2d6d
2d6d
2d6e
2d6d
2d6f
2d6e
2d70
2d6f
3571
3570
3572
3571
3573
3573
3574
3d93
458f
458e
458f
458f
458f
458f
4590
458f
4591
4590
4591
4591
4d92
4d92
4d93
4d93
4591
55b0
55b0
55b0
55b0
55b0
55b0
55b0
55b0
55b0
55b0
55b0
55b1
55b0
55b1
55b1
6daa
6da9
6dab
75aa
75aa
75ac
75ab
75ad
75ac
85af
85ae
85b1
85b0
85b2
85b2
85b4
85b4
7dab
7daa
7dac
7dab
85cc
85cb
85cd
85cc
8dce
8dce
8dd0
8dcf
95d1
95d0
95d2
95d2
85ec
85ec
85ed
85ec
85cd
85cc
95ed
95ec
9ded
9ded
9dee
9dee
9def
9def
9df0
9df0
860d
860d
860d
860d
8e0d
8e0d
8e0d
8e0d
9e2c
9e2c
9e2c
9e2c
9e0d
9e0d
9e0d
962c
962c
962c
962c
962c
962c
962c
962c
962c
962c
962c
a64b
a64b
a64b
a64b
a64b
a64b
a64b
a64b
a64b
a64b
a64b
a64b
a64b
a64b
a64b
a64b
a64b
a64b
b66a
b66a
b66a
b66a
b66a
b66a
b66a
b66a
b66a
b66a
b66a
b66a
b66a
b66a
b66a
b66a
b66a
b66a
c689
c689
c689
c689
c689
c689
c689
c689
c689
c689
c689
c689
c689
c689
c689
c689
c689
c689
d6a8
d6a8
d6a8
d6a8
d6a8
d6a8
d6a8
d6a8
d6a8
d6a8
d6a8
d6a8
d6a8
d6a8
d6a8
d6a8
d6a8
d6a8
e6c7
e6c7
e6c7
e6c7
e6c7
e6c7
e6c7
e6c7
e6c7
e6c7
e6c7
e6c7
e6c7
e6c7
e6c7
e6c7
e6c7
e6c7
f6e6
f6e6
f6e6
f6e6
f6e6
f6e6
f6e6
f6e6
f6e6
f6e6
f6e6
f6e6
f6e6
f6e6
f6e6
f6e6
f6e6
f6e6
f6e6
0515
0515
0515
0515
0515
0515
0515
0515
0515
0515
0515
0515
0515
0515
0515
0515
0515
1534
1534
1534
1534
1534
1534
1534
1534
1534
1534
1534
1534
1534
1534
1534
1534
1534
1534
2553
2553
2553
2553
2553
156c
156d
156a
156b
156e
156f
156d
156e
1d71
1d72
1d70
1d71
1d75
2595
2593
2594
2d6d
2d6e
2d6d
2d6d
2d6f
2d70
2d6e
2d6f
3571
3572
3570
3571
3574
3574
3573
3d93
458f
458f
458e
458f
458f
4590
458f
458f
4591
4591
4590
4591
4d93
4d93
4d92
4d92
4591
55b0
55b0
55b0
55b0
55b0
55b0
55b0
55b0
55b0
55b0
55b0
55b1
55b1
55b0
55b1
6daa
6dab
6da9
75a9
75a9
75ac
75ad
75ab
75ac
85b0
85b1
85ae
85af
85b4
85b4
85b2
85b2
7dab
7dac
7daa
7dab
85cc
85cd
85cb
85cc
8dcf
8dd0
8dce
8dce
95d2
95d2
95d0
95d1
85ec
85ed
85ec
85ec
85cd
85cd
95ec
95ec
9dee
9dee
9ded
9ded
9df0
9df0
9def
9def
860d
860d
860d
860d
8e0d
8e0d
8e0d
8e0d
9e2c
9e2c
9e2c
9e2c
9e0d
9e0d
9e0d
962c
962c
962c
962c
962c
962c
962c
962c
962c
962c
962c
a64b
a64b
a64b
a64b
a64b
a64b
a64b
a64b
a64b
a64b
a64b
a64b
a64b
a64b
a64b
a64b
a64b
a64b
b66a
b66a
b66a
b66a
b66a
b66a
b66a
b66a
b66a
b66a
b66a
b66a
b66a
b66a
b66a
b66a
b66a
b66a
c689
c689
c689
c689
c689
c689
c689
c689
c689
c689
c689
c689
c689
c689
c689
c689
c689
c689
d6a8
d6a8
d6a8
d6a8
d6a8
d6a8
d6a8
d6a8
d6a8
d6a8
d6a8
d6a8
d6a8
d6a8
d6a8
d6a8
d6a8
d6a8
e6c7
e6c7
e6c7
e6c7
e6c7
e6c7
e6c7
e6c7
e6c7
e6c7
e6c7
e6c7
e6c7
e6c7
e6c7
e6c7
e6c7
e6c7
f6e6
f6e6
f6e6
f6e6
f6e6
f6e6
f6e6
f6e6
f6e6
f6e6
f6e6
f6e6
f6e6
f6e6
f6e6
f6e6
f6e6
f6e6
f6e6
0515
0515
0515
0515
0515
0515
0515
0515
0515
0515
0515
0515
0515
0515
0515
0515
0515
1534
1534
1534
1534
1534
1534
1534
1534
1534
1534
1534
1534
1534
1534
1534
1534
1534
1534
2553
2553
2553
2553
2553
156d
156c
156b
156a
156f
156e
156e
156d
1d72
1d71
1d71
1d70
1d76
2595
2594
2593
2d6e
2d6d
2d6d
2d6d
2d70
2d6f
2d6f
2d6e
3572
3571
3571
3570
3574
3574
3573
3d92
458f
458f
458f
458e
4590
458f
458f
458f
4591
4591
4591
4590
4d93
4d93
4d92
4d92
4591
55b0
55b0
55b0
55b0
55b0
55b0
55b0
55b0
55b0
55b0
55b0
55b1
55b1
55b1
55b0
6dab
6daa
6daa
75a8
75a8
75ad
75ac
75ac
75ab
85b1
85b0
85af
85ae
85b4
85b4
85b2
85b2
7dac
7dab
7dab
7daa
85cd
85cc
85cc
85cb
8dd0
8dcf
8dce
8dce
95d2
95d2
95d1
95d0
85ed
85ec
85ec
85ec
85cd
85cd
95ec
95ec
9dee
9dee
9ded
9ded
9df0
9df0
9def
9def
860d
860d
860d
860d
8e0d
8e0d
8e0d
8e0d
9e2c
9e2c
9e2c
9e2c
9e0d
9e0d
9e0d
962c
962c
962c
962c
962c
962c
962c
962c
962c
962c
962c
a64b
a64b
a64b
a64b
a64b
a64b
a64b
a64b
a64b
a64b
a64b
a64b
a64b
a64b
a64b
a64b
a64b
a64b
b66a
b66a
b66a
b66a
b66a
b66a
b66a
b66a
b66a
b66a
b66a
b66a
b66a
b66a
b66a
b66a
b66a
b66a
c689
c689
c689
c689
c689
c689
c689
c689
c689
c689
c689
c689
c689
c689
c689
c689
c689
c689
d6a8
d6a8
d6a8
d6a8
d6a8
d6a8
d6a8
d6a8
d6a8
d6a8
d6a8
d6a8
d6a8
d6a8
d6a8
d6a8
d6a8
d6a8
e6c7
e6c7
e6c7
e6c7
e6c7
e6c7
e6c7
e6c7
e6c7
e6c7
e6c7
e6c7
e6c7
e6c7
e6c7
e6c7
e6c7
e6c7
f6e6
f6e6
f6e6
f6e6
f6e6
f6e6
f6e6
f6e6
f6e6
f6e6
f6e6
f6e6
f6e6
f6e6
f6e6
f6e6
f6e6
f6e6
f6e6
0515
0515
0515
0515
0515
0515
0515
0515
0515
0515
0515
0515
0515
0515
0515
0515
0515
1534
1534
1534
1534
1534
1534
1534
1534
1534
1534
1534
1534
1534
1534
1534
1534
1534
1534
2553
2553
2553
2553
2553
156d
156e
156e
156f
156a
156b
156b
156c
1d74
1d74
1d75
1d76
1d70
2590
2591
2592
2d6e
2d6f
2d6f
2d70
2d6c
2d6d
2d6d
2d6e
3573
3573
3574
3574
3570
3571
3571
3d91
458f
4590
4590
4590
458e
458e
458e
458f
4592
4592
4592
4593
4d90
4d90
4d91
4d91
4591
55b0
55b0
55b0
55af
55af
55af
55b0
55b0
55b0
55b1
55b1
55b0
55b0
55b0
55b0
6dab
6dac
6dad
75ad
75ad
75a8
75a9
75a9
75aa
85b2
85b2
85b3
85b4
85ae
85af
85b0
85b1
7dac
7dad
7dad
7dae
85c9
85ca
85ca
85cb
8dd0
8dd1
8dd1
8dd2
95ce
95ce
95cf
95d0
85ed
85ed
85ed
85ee
85cb
85cc
95eb
95eb
9def
9def
9def
9df0
9ded
9dee
9dee
9dee
860d
860d
860d
860d
8e0c
8e0d
8e0d
8e0d
9e2d
9e2d
9e2d
9e2d
9e0c
9e0c
9e0c
962c
962c
962c
962c
962c
962c
962c
962c
962c
962c
962c
a64b
a64b
a64b
a64b
a64b
a64b
a64b
a64b
a64b
a64b
a64b
a64b
a64b
a64b
a64b
a64b
a64b
a64b
b66a
b66a
b66a
b66a
b66a
b66a
b66a
b66a
b66a
b66a
b66a
b66a
b66a
b66a
b66a
b66a
b66a
b66a
c689
c689
c689
c689
c689
c689
c689
c689
c689
c689
c689
c689
c689
c689
c689
c689
c689
c689
d6a8
d6a8
d6a8
d6a8
d6a8
d6a8
d6a8
d6a8
d6a8
d6a8
d6a8
d6a8
d6a8
d6a8
d6a8
d6a8
d6a8
d6a8
e6c7
e6c7
e6c7
e6c7
e6c7
e6c7
e6c7
e6c7
e6c7
e6c7
e6c7
e6c7
e6c7
e6c7
e6c7
e6c7
e6c7
e6c7
f6e6
f6e6
f6e6
f6e6
f6e6
f6e6
f6e6
f6e6
f6e6
f6e6
f6e6
f6e6
f6e6
f6e6
f6e6
f6e6
f6e6
f6e6
f6e6
0515
0515
0515
0515
0515
0515
0515
0515
0515
0515
0515
0515
0515
0515
0515
0515
0515
1534
1534
1534
1534
1534
1534
1534
1534
1534
1534
1534
1534
1534
1534
1534
1534
1534
1534
2553
2553
2553
2553
2553
156e
156d
156f
156e
156b
156a
156c
156b
1d74
1d74
1d76
1d75
1d71
258f
2592
2591
2d6f
2d6e
2d70
2d6f
2d6d
2d6c
2d6e
2d6d
3573
3573
3574
3574
3571
3570
3572
3d91
4590
458f
4590
4590
458e
458e
458f
458e
4592
4592
4593
4592
4d90
4d90
4d91
4d91
4591
55b0
55b0
55b0
55af
55af
55b0
55af
55b0
55b0
55b1
55b1
55b0
55b0
55b0
55b0
6dac
6dab
6dae
75ac
75ac
75a9
75a8
75aa
75a9
85b2
85b2
85b4
85b3
85af
85ae
85b1
85b0
7dad
7dac
7dae
7dad
85ca
85c9
85cb
85ca
8dd1
8dd0
8dd2
8dd1
95ce
95ce
95d0
95cf
85ed
85ed
85ee
85ed
85cc
85cb
95eb
95eb
9def
9def
9df0
9def
9dee
9ded
9dee
9dee
860d
860d
860d
860d
8e0d
8e0c
8e0d
8e0d
9e2d
9e2d
9e2d
9e2d
9e0c
9e0c
9e0d
962c
962c
962c
962c
962c
962c
962c
962c
962c
962c
962c
a64b
a64b
a64b
a64b
a64b
a64b
a64b
a64b
a64b
a64b
a64b
a64b
a64b
a64b
a64b
a64b
a64b
a64b
b66a
b66a
b66a
b66a
b66a
b66a
b66a
b66a
b66a
b66a
b66a
b66a
b66a
b66a
b66a
b66a
b66a
b66a
c689
c689
c689
c689
c689
c689
c689
c689
c689
c689
c689
c689
c689
c689
c689
c689
c689
c689
d6a8
d6a8
d6a8
d6a8
d6a8
d6a8
d6a8
d6a8
d6a8
d6a8
d6a8
d6a8
d6a8
d6a8
d6a8
d6a8
d6a8
d6a8
e6c7
e6c7
e6c7
e6c7
e6c7
e6c7
e6c7
e6c7
e6c7
e6c7
e6c7
e6c7
e6c7
e6c7
e6c7
e6c7
e6c7
e6c7
f6e6
f6e6
f6e6
f6e6
f6e6
f6e6
f6e6
f6e6
f6e6
f6e6
f6e6
f6e6
f6e6
f6e6
f6e6
f6e6
f6e6
f6e6
f6e6
0515
0515
0515
0515
0515
0515
0515
0515
0515
0515
0515
0515
0515
0515
0515
0515
0515
1534
1534
1534
1534
1534
1534
1534
1534
1534
1534
1534
1534
1534
1534
1534
1534
1534
1534
2553
2553
2553
2553
2553
156e
156f
156d
156e
156b
156c
156a
156b
1d75
1d76
1d74
1d74
1d71
2592
258f
2590
2d6f
2d70
2d6e
2d6f
2d6d
2d6e
2d6c
2d6d
3574
3574
3573
3573
3571
3572
3570
3d90
4590
4590
458f
4590
458e
458f
458e
458e
4592
4593
4592
4592
4d91
4d91
4d90
4d90
4591
55b0
55b0
55b0
55af
55b0
55af
55af
55b1
55b1
55b0
55b0
55b0
55b0
55b0
55b0
6dad
6dae
6dab
75ac
75ac
75a9
75aa
75a8
75a9
85b3
85b4
85b2
85b2
85b0
85b1
85ae
85af
7dad
7dae
7dac
7dad
85ca
85cb
85c9
85ca
8dd1
8dd2
8dd0
8dd1
95cf
95d0
95ce
95ce
85ed
85ee
85ed
85ed
85cc
85cc
95eb
95eb
9def
9df0
9def
9def
9dee
9dee
9ded
9dee
860d
860d
860d
860d
8e0d
8e0d
8e0c
8e0d
9e2d
9e2d
9e2d
9e2d
9e0c
9e0d
9e0c
962c
962c
962c
962c
962c
962c
962c
962c
962c
962c
962c
a64b
a64b
a64b
a64b
a64b
a64b
a64b
a64b
a64b
a64b
a64b
a64b
a64b
a64b
a64b
a64b
a64b
a64b
b66a
b66a
b66a
b66a
b66a
b66a
b66a
b66a
b66a
b66a
b66a
b66a
b66a
b66a
b66a
b66a
b66a
b66a
c689
c689
c689
c689
c689
c689
c689
c689
c689
c689
c689
c689
c689
c689
c689
c689
c689
c689
d6a8
d6a8
d6a8
d6a8
d6a8
d6a8
d6a8
d6a8
d6a8
d6a8
d6a8
d6a8
d6a8
d6a8
d6a8
d6a8
d6a8
d6a8
e6c7
e6c7
e6c7
e6c7
e6c7
e6c7
e6c7
e6c7
e6c7
e6c7
e6c7
e6c7
e6c7
e6c7
e6c7
e6c7
e6c7
e6c7
f6e6
f6e6
f6e6
f6e6
f6e6
f6e6
f6e6
f6e6
f6e6
f6e6
f6e6
f6e6
f6e6
f6e6
f6e6
f6e6
f6e6
f6e6
f6e6
0515
0515
0515
0515
0515
0515
0515
0515
0515
0515
0515
0515
0515
0515
0515
0515
0515
1534
1534
1534
1534
1534
1534
1534
1534
1534
1534
1534
1534
1534
1534
1534
1534
1534
1534
2553
2553
2553
2553
2553
156f
156e
156e
156d
156c
156b
156b
156a
1d76
1d75
1d74
1d74
1d72
2591
2590
258f
2d70
2d6f
2d6f
2d6e
2d6e
2d6d
2d6d
2d6c
3574
3574
3573
3573
3572
3571
3571
3d8f
4590
4590
4590
458f
458f
458e
458e
458e
4593
4592
4592
4592
4d91
4d91
4d90
4d90
4591
55b0
55b0
55b0
55b0
55af
55af
55af
55b1
55b1
55b0
55b0
55b0
55b0
55b0
55b0
6dae
6dad
6dac
75ab
75ab
75aa
75a9
75a9
75a8
85b4
85b3
85b2
85b2
85b1
85b0
85af
85ae
7dae
7dad
7dad
7dac
85cb
85ca
85ca
85c9
8dd2
8dd1
8dd1
8dd0
95d0
95cf
95ce
95ce
85ee
85ed
85ed
85ed
85cc
85cc
95eb
95eb
9df0
9def
9def
9def
9dee
9dee
9dee
9ded
860d
860d
860d
860d
8e0d
8e0d
8e0d
8e0c
9e2d
9e2d
9e2d
9e2d
9e0d
9e0c
9e0c
962c
962c
962c
962c
962c
962c
962c
962c
962c
962c
962c
a64b
a64b
a64b
a64b
a64b
a64b
a64b
a64b
a64b
a64b
a64b
a64b
a64b
a64b
a64b
a64b
a64b
a64b
b66a
b66a
b66a
b66a
b66a
b66a
b66a
b66a
b66a
b66a
b66a
b66a
b66a
b66a
b66a
b66a
b66a
b66a
c689
c689
c689
c689
c689
c689
c689
c689
c689
c689
c689
c689
c689
c689
c689
c689
c689
c689
d6a8
d6a8
d6a8
d6a8
d6a8
d6a8
d6a8
d6a8
d6a8
d6a8
d6a8
d6a8
d6a8
d6a8
d6a8
d6a8
d6a8
d6a8
e6c7
e6c7
e6c7
e6c7
e6c7
e6c7
e6c7
e6c7
e6c7
e6c7
e6c7
e6c7
e6c7
e6c7
e6c7
e6c7
e6c7
e6c7
f6e6
f6e6
f6e6
f6e6
f6e6
f6e6
f6e6
f6e6
f6e6
f6e6
f6e6
f6e6
f6e6
f6e6
f6e6
f6e6
f6e6
f6e6
f6e6
0515
0515
0515
0515
0515
0515
0515
0515
0515
0515
0515
0515
0515
0515
0515
0515
0515
1534
1534
1534
1534
1534
1534
1534
1534
1534
1534
1534
1534
1534
1534
1534
1534
1534
1534
2553
2553
2553
2553
2553
1590
1591
1592
1593
1593
1594
1595
1595
1da8
1da9
1daa
1dab
1dac
25ad
25ad
25ae
2d90
2d91
2d91
2d92
2d93
2d93
2d94
2d94
35ab
35ab
35ac
35ad
35ad
35ae
35af
3daf
45b0
45b1
45b1
45b1
4591
4592
4592
4592
4dad
4dad
4dad
4dae
45ae
45af
45af
45b0
4591
55b0
55b0
55b0
55b0
55b0
55b0
55b0
55ae
55ae
55af
55af
55af
55af
55af
55b0
6dcf
6dd0
6dd0
75d0
75d0
75d1
75d2
75d3
75d3
85e7
85e8
85e8
85e9
85ea
85eb
85ec
85ed
7dce
7dcf
7dcf
7dd0
85f0
85f0
85f1
85f1
95e8
95e9
95e9
95ea
8deb
8dec
8dec
8ded
85ee
85ee
85ee
85ef
85ef
85ef
8e0e
8e0f
9e0a
9e0a
9e0a
9e0b
9e0b
9e0c
9e0c
9e0d
8e0d
8e0d
8e0d
8e0d
860d
860d
860d
860d
9e2b
9e2b
9e2b
9e2b
9e2c
9e2c
9e2c
962c
962c
962c
962c
962c
962c
962c
962c
962c
962c
962c
a64b
a64b
a64b
a64b
a64b
a64b
a64b
a64b
a64b
a64b
a64b
a64b
a64b
a64b
a64b
a64b
a64b
a64b
b66a
b66a
b66a
b66a
b66a
b66a
b66a
b66a
b66a
b66a
b66a
b66a
b66a
b66a
b66a
b66a
b66a
b66a
c689
c689
c689
c689
c689
c689
c689
c689
c689
c689
c689
c689
c689
c689
c689
c689
c689
c689
d6a8
d6a8
d6a8
d6a8
d6a8
d6a8
d6a8
d6a8
d6a8
d6a8
d6a8
d6a8
d6a8
d6a8
d6a8
d6a8
d6a8
d6a8
e6c7
e6c7
e6c7
e6c7
e6c7
e6c7
e6c7
e6c7
e6c7
e6c7
e6c7
e6c7
e6c7
e6c7
e6c7
e6c7
e6c7
e6c7
f6e6
f6e6
f6e6
f6e6
f6e6
f6e6
f6e6
f6e6
f6e6
f6e6
f6e6
f6e6
f6e6
f6e6
f6e6
f6e6
f6e6
f6e6
f6e6
0515
0515
0515
0515
0515
0515
0515
0515
0515
0515
0515
0515
0515
0515
0515
0515
0515
1534
1534
1534
1534
1534
1534
1534
1534
1534
1534
1534
1534
1534
1534
1534
1534
1534
1534
2553
2553
2553
2553
2553
1591
1590
1593
1592
1594
1593
1595
1595
1da9
1da8
1dab
1daa
1dad
25ac
25ae
25ad
2d91
2d90
2d92
2d91
2d93
2d93
2d94
2d94
35ab
35ab
35ad
35ac
35ae
35ad
35af
3dae
45b1
45b0
45b1
45b1
4592
4591
4592
4592
4dad
4dad
4dae
4dad
45af
45ae
45b0
45af
4591
55b0
55b0
55b0
55b0
55b0
55b0
55b0
55ae
55ae
55af
55af
55af
55af
55b0
55af
6dd0
6dcf
6dd1
75cf
75cf
75d2
75d1
75d3
75d3
85e8
85e7
85e9
85e8
85eb
85ea
85ed
85ec
7dcf
7dce
7dd0
7dcf
85f0
85f0
85f1
85f1
95e9
95e8
95ea
95e9
8dec
8deb
8ded
8dec
85ee
85ee
85ef
85ee
85ef
85ef
8e0f
8e0e
9e0a
9e0a
9e0b
9e0a
9e0c
9e0b
9e0d
9e0c
8e0d
8e0d
8e0d
8e0d
860d
860d
860d
860d
9e2b
9e2b
9e2b
9e2b
9e2c
9e2c
9e2c
962c
962c
962c
962c
962c
962c
962c
962c
962c
962c
962c
a64b
a64b
a64b
a64b
a64b
a64b
a64b
a64b
a64b
a64b
a64b
a64b
a64b
a64b
a64b
a64b
a64b
a64b
b66a
b66a
b66a
b66a
b66a
b66a
b66a
b66a
b66a
b66a
b66a
b66a
b66a
b66a
b66a
b66a
b66a
b66a
c689
c689
c689
c689
c689
c689
c689
c689
c689
c689
c689
c689
c689
c689
c689
c689
c689
c689
d6a8
d6a8
d6a8
d6a8
d6a8
d6a8
d6a8
d6a8
d6a8
d6a8
d6a8
d6a8
d6a8
d6a8
d6a8
d6a8
d6a8
d6a8
e6c7
e6c7
e6c7
e6c7
e6c7
e6c7
e6c7
e6c7
e6c7
e6c7
e6c7
e6c7
e6c7
e6c7
e6c7
e6c7
e6c7
e6c7
f6e6
f6e6
f6e6
f6e6
f6e6
f6e6
f6e6
f6e6
f6e6
f6e6
f6e6
f6e6
f6e6
f6e6
f6e6
f6e6
f6e6
f6e6
f6e6
0515
0515
0515
0515
0515
0515
0515
0515
0515
0515
0515
0515
0515
0515
0515
0515
0515
1534
1534
1534
1534
1534
1534
1534
1534
1534
1534
1534
1534
1534
1534
1534
1534
1534
1534
2553
2553
2553
2553
2553
1592
1593
1590
1591
1595
1595
1593
1594
1daa
1dab
1da8
1da9
1dae
25ae
25ac
25ad
2d91
2d92
2d90
2d91
2d94
2d94
2d93
2d93
35ac
35ad
35ab
35ab
35af
35af
35ad
3dae
45b1
45b1
45b0
45b1
4592
4592
4591
4592
4dad
4dae
4dad
4dad
45af
45b0
45ae
45af
4591
55b0
55b0
55b0
55b0
55b0
55b0
55b0
55af
55af
55ae
55ae
55af
55b0
55af
55af
6dd0
6dd1
6dcf
75cf
75cf
75d3
75d3
75d1
75d2
85e8
85e9
85e7
85e8
85ec
85ed
85ea
85eb
7dcf
7dd0
7dce
7dcf
85f1
85f1
85f0
85f0
95e9
95ea
95e8
95e9
8dec
8ded
8deb
8dec
85ee
85ef
85ee
85ee
85ef
85ef
8e0e
8e0e
9e0a
9e0b
9e0a
9e0a
9e0c
9e0d
9e0b
9e0c
8e0d
8e0d
8e0d
8e0d
860d
860d
860d
860d
9e2b
9e2b
9e2b
9e2b
9e2c
9e2c
9e2c
962c
962c
962c
962c
962c
962c
962c
962c
962c
962c
962c
a64b
a64b
a64b
a64b
a64b
a64b
a64b
a64b
a64b
a64b
a64b
a64b
a64b
a64b
a64b
a64b
a64b
a64b
b66a
b66a
b66a
b66a
b66a
b66a
b66a
b66a
b66a
b66a
b66a
b66a
b66a
b66a
b66a
b66a
b66a
b66a
c689
c689
c689
c689
c689
c689
c689
c689
c689
c689
c689
c689
c689
c689
c689
c689
c689
c689
d6a8
d6a8
d6a8
d6a8
d6a8
d6a8
d6a8
d6a8
d6a8
d6a8
d6a8
d6a8
d6a8
d6a8
d6a8
d6a8
d6a8
d6a8
e6c7
e6c7
e6c7
e6c7
e6c7
e6c7
e6c7
e6c7
e6c7
e6c7
e6c7
e6c7
e6c7
e6c7
e6c7
e6c7
e6c7
e6c7
f6e6
f6e6
f6e6
f6e6
f6e6
f6e6
f6e6
f6e6
f6e6
f6e6
f6e6
f6e6
f6e6
f6e6
f6e6
f6e6
f6e6
f6e6
f6e6
0594
0594
0594
0594
0594
0594
0594
0594
0594
0594
0594
0594
0594
0594
0594
0594
0594
15b3
15b3
15b3
15b3
15b3
15b3
15b3
15b3
15b3
15b3
15b3
15b3
15b3
15b3
15b3
15b3
15b3
15b3
25d2
25d2
25d2
25d2
25d2
15d2
15d1
15d1
15d0
15d5
15d4
15d3
15d3
1deb
1dea
1de9
1de8
1dee
25ed
25ec
25eb
2df1
2df1
2df0
2df0
2df3
2df3
2df2
2df2
35ec
35eb
35eb
35ea
35ef
35ee
35ee
3e0c
4610
4610
4610
460f
4611
4611
4611
4611
4e0d
4e0d
4e0c
4e0c
460f
460e
460e
460e
4610
562f
562f
562f
562f
562f
562f
562f
562e
562e
562e
562d
562f
562f
562e
562e
6e10
6e0f
6e0f
762e
762e
7633
7632
7631
7631
8609
8608
8607
8606
860c
860b
860b
860a
7e2f
7e2f
7e2e
7e2e
8650
8650
864f
864f
962a
9629
9628
9628
8e2c
8e2b
8e2b
8e2a
864e
864e
864d
864d
864f
864e
8e6d
8e6d
9e6a
9e6a
9e69
9e69
9e6c
9e6b
9e6b
9e6b
8e8c
8e8c
8e8c
8e8c
868c
868c
868c
868c
9e8a
9e8a
9e8a
9e8a
9eab
9eab
9eab
96ab
96ab
96ab
96ab
96ab
96ab
96ab
96ab
96ab
96ab
96ab
a6ca
a6ca
a6ca
a6ca
a6ca
a6ca
a6ca
a6ca
a6ca
a6ca
a6ca
a6ca
a6ca
a6ca
a6ca
a6ca
a6ca
a6ca
b6e9
b6e9
b6e9
b6e9
b6e9
b6e9
b6e9
b6e9
b6e9
b6e9
b6e9
b6e9
b6e9
b6e9
b6e9
b6e9
b6e9
b6e9
c708
c708
c708
c708
c708
c708
c708
c708
c708
c708
c708
c708
c708
c708
c708
c708
c708
c708
d727
d727
d727
d727
d727
d727
d727
d727
d727
d727
d727
d727
d727
d727
d727
d727
d727
d727
e746
e746
e746
e746
e746
e746
e746
e746
e746
e746
e746
e746
e746
e746
e746
e746
e746
e746
f765
f765
f765
f765
f765
f765
f765
f765
f765
f765
f765
f765
f765
f765
f765
f765
f765
f765
f765
0594
0594
0594
0594
0594
0594
0594
0594
0594
0594
0594
0594
0594
0594
0594
0594
0594
15b3
15b3
15b3
15b3
15b3
15b3
15b3
15b3
15b3
15b3
15b3
15b3
15b3
15b3
15b3
15b3
15b3
15b3
25d2
25d2
25d2
25d2
25d2
15d3
15d3
15d4
15d5
15d0
15d1
15d1
15d2
1deb
1dec
1ded
1dee
1de9
25e9
25ea
25eb
2df2
2df2
2df3
2df3
2df0
2df0
2df1
2df1
35ec
35ed
35ee
35ef
35eb
35eb
35ec
3e0c
4611
4611
4611
4612
4610
4610
4610
4610
4e0d
4e0e
4e0e
4e0f
460c
460d
460d
460d
4610
562f
562f
562f
562f
562f
562f
562f
562e
562e
562e
562f
562e
562e
562e
562e
6e11
6e12
6e13
7633
7633
762e
762e
762f
7630
8609
860b
860b
860c
8607
8608
8608
8609
7e30
7e30
7e31
7e31
864d
864e
864e
864f
962a
962b
962b
962c
8e28
8e29
8e29
8e2a
864e
864f
864f
864f
864d
864d
8e6d
8e6d
9e6a
9e6b
9e6b
9e6c
9e69
9e6a
9e6a
9e6a
8e8c
8e8c
8e8c
8e8c
868c
868c
868c
868c
9e8a
9e8b
9e8b
9e8b
9eaa
9eaa
9eaa
96ab
96ab
96ab
96ab
96ab
96ab
96ab
96ab
96ab
96ab
96ab
a6ca
a6ca
a6ca
a6ca
a6ca
a6ca
a6ca
a6ca
a6ca
a6ca
a6ca
a6ca
a6ca
a6ca
a6ca
a6ca
a6ca
a6ca
b6e9
b6e9
b6e9
b6e9
b6e9
b6e9
b6e9
b6e9
b6e9
b6e9
b6e9
b6e9
b6e9
b6e9
b6e9
b6e9
b6e9
b6e9
c708
c708
c708
c708
c708
c708
c708
c708
c708
c708
c708
c708
c708
c708
c708
c708
c708
c708
d727
d727
d727
d727
d727
d727
d727
d727
d727
d727
d727
d727
d727
d727
d727
d727
d727
d727
e746
e746
e746
e746
e746
e746
e746
e746
e746
e746
e746
e746
e746
e746
e746
e746
e746
e746
f765
f765
f765
f765
f765
f765
f765
f765
f765
f765
f765
f765
f765
f765
f765
f765
f765
f765
f765
0594
0594
0594
0594
0594
0594
0594
0594
0594
0594
0594
0594
0594
0594
0594
0594
0594
15b3
15b3
15b3
15b3
15b3
15b3
15b3
15b3
15b3
15b3
15b3
15b3
15b3
15b3
15b3
15b3
15b3
15b3
25d2
25d2
25d2
25d2
25d2
15d3
15d3
15d5
15d4
15d1
15d0
15d2
15d1
1dec
1deb
1dee
1ded
1dea
25e8
25eb
25ea
2df2
2df2
2df3
2df3
2df0
2df0
2df1
2df1
35ed
35ec
35ef
35ee
35eb
35eb
35ec
3e0b
4611
4611
4612
4611
4610
4610
4610
4610
4e0e
4e0d
4e0f
4e0e
460d
460c
460d
460d
4610
562f
562f
562f
562f
562f
562f
562f
562e
562e
562f
562e
562e
562e
562e
562e
6e12
6e11
6e13
7632
7632
762e
762e
7630
762f
860b
8609
860c
860b
8608
8607
8609
8608
7e30
7e30
7e31
7e31
864e
864d
864f
864e
962b
962a
962c
962b
8e29
8e28
8e2a
8e29
864f
864e
864f
864f
864d
864d
8e6d
8e6d
9e6b
9e6a
9e6c
9e6b
9e6a
9e69
9e6a
9e6a
8e8c
8e8c
8e8c
8e8c
868c
868c
868c
868c
9e8b
9e8a
9e8b
9e8b
9eaa
9eaa
9eab
96ab
96ab
96ab
96ab
96ab
96ab
96ab
96ab
96ab
96ab
96ab
a6ca
a6ca
a6ca
a6ca
a6ca
a6ca
a6ca
a6ca
a6ca
a6ca
a6ca
a6ca
a6ca
a6ca
a6ca
a6ca
a6ca
a6ca
b6e9
b6e9
b6e9
b6e9
b6e9
b6e9
b6e9
b6e9
b6e9
b6e9
b6e9
b6e9
b6e9
b6e9
b6e9
b6e9
b6e9
b6e9
c708
c708
c708
c708
c708
c708
c708
c708
c708
c708
c708
c708
c708
c708
c708
c708
c708
c708
d727
d727
d727
d727
d727
d727
d727
d727
d727
d727
d727
d727
d727
d727
d727
d727
d727
d727
e746
e746
e746
e746
e746
e746
e746
e746
e746
e746
e746
e746
e746
e746
e746
e746
e746
e746
f765
f765
f765
f765
f765
f765
f765
f765
f765
f765
f765
f765
f765
f765
f765
f765
f765
f765
f765
0594
0594
0594
0594
0594
0594
0594
0594
0594
0594
0594
0594
0594
0594
0594
0594
0594
15b3
15b3
15b3
15b3
15b3
15b3
15b3
15b3
15b3
15b3
15b3
15b3
15b3
15b3
15b3
15b3
15b3
15b3
25d2
25d2
25d2
25d2
25d2
15d4
15d5
15d3
15d3
15d1
15d2
15d0
15d1
1ded
1dee
1deb
1dec
1dea
25eb
25e8
25e9
2df3
2df3
2df2
2df2
2df1
2df1
2df0
2df0
35ee
35ef
35ec
35ed
35ec
35ec
35eb
3e0b
4611
4612
4611
4611
4610
4610
4610
4610
4e0e
4e0f
4e0d
4e0e
460d
460d
460c
460d
4610
562f
562f
562f
562f
562f
562f
562f
562e
562f
562e
562e
562e
562e
562e
562e
6e13
6e13
6e11
7631
7631
762f
7630
762e
762e
860b
860c
8609
860b
8608
8609
8607
8608
7e31
7e31
7e30
7e30
864e
864f
864d
864e
962b
962c
962a
962b
8e29
8e2a
8e28
8e29
864f
864f
864e
864f
864d
864e
8e6c
8e6c
9e6b
9e6c
9e6a
9e6b
9e6a
9e6a
9e69
9e6a
8e8c
8e8c
8e8c
8e8c
868c
868c
868c
868c
9e8b
9e8b
9e8a
9e8b
9eaa
9eab
9eaa
96ab
96ab
96ab
96ab
96ab
96ab
96ab
96ab
96ab
96ab
96ab
a6ca
a6ca
a6ca
a6ca
a6ca
a6ca
a6ca
a6ca
a6ca
a6ca
a6ca
a6ca
a6ca
a6ca
a6ca
a6ca
a6ca
a6ca
b6e9
b6e9
b6e9
b6e9
b6e9
b6e9
b6e9
b6e9
b6e9
b6e9
b6e9
b6e9
b6e9
b6e9
b6e9
b6e9
b6e9
b6e9
c708
c708
c708
c708
c708
c708
c708
c708
c708
c708
c708
c708
c708
c708
c708
c708
c708
c708
d727
d727
d727
d727
d727
d727
d727
d727
d727
d727
d727
d727
d727
d727
d727
d727
d727
d727
e746
e746
e746
e746
e746
e746
e746
e746
e746
e746
e746
e746
e746
e746
e746
e746
e746
e746
f765
f765
f765
f765
f765
f765
f765
f765
f765
f765
f765
f765
f765
f765
f765
f765
f765
f765
f765
0594
0594
0594
0594
0594
0594
0594
0594
0594
0594
0594
0594
0594
0594
0594
0594
0594
15b3
15b3
15b3
15b3
15b3
15b3
15b3
15b3
15b3
15b3
15b3
15b3
15b3
15b3
15b3
15b3
15b3
15b3
25d2
25d2
25d2
25d2
25d2
15d5
15d4
15d3
15d3
15d2
15d1
15d1
15d0
1dee
1ded
1dec
1deb
1deb
25ea
25e9
25e8
2df3
2df3
2df2
2df2
2df1
2df1
2df0
2df0
35ef
35ee
35ed
35ec
35ec
35ec
35eb
3e0a
4612
4611
4611
4611
4610
4610
4610
4610
4e0f
4e0e
4e0e
4e0d
460d
460d
460d
460c
4610
562f
562f
562f
562f
562f
562f
562f
562f
562e
562e
562e
562e
562e
562e
562e
6e13
6e13
6e12
7631
7631
7630
762f
762e
762e
860c
860b
860b
8609
8609
8608
8608
8607
7e31
7e31
7e30
7e30
864f
864e
864e
864d
962c
962b
962b
962a
8e2a
8e29
8e29
8e28
864f
864f
864f
864e
864e
864d
8e6c
8e6c
9e6c
9e6b
9e6b
9e6a
9e6a
9e6a
9e6a
9e69
8e8c
8e8c
8e8c
8e8c
868c
868c
868c
868c
9e8b
9e8b
9e8b
9e8a
9eab
9eaa
9eaa
96ab
96ab
96ab
96ab
96ab
96ab
96ab
96ab
96ab
96ab
96ab
a6ca
a6ca
a6ca
a6ca
a6ca
a6ca
a6ca
a6ca
a6ca
a6ca
a6ca
a6ca
a6ca
a6ca
a6ca
a6ca
a6ca
a6ca
b6e9
b6e9
b6e9
b6e9
b6e9
b6e9
b6e9
b6e9
b6e9
b6e9
b6e9
b6e9
b6e9
b6e9
b6e9
b6e9
b6e9
b6e9
c708
c708
c708
c708
c708
c708
c708
c708
c708
c708
c708
c708
c708
c708
c708
c708
c708
c708
d727
d727
d727
d727
d727
d727
d727
d727
d727
d727
d727
d727
d727
d727
d727
d727
d727
d727
e746
e746
e746
e746
e746
e746
e746
e746
e746
e746
e746
e746
e746
e746
e746
e746
e746
e746
f765
f765
f765
f765
f765
f765
f765
f765
f765
f765
f765
f765
f765
f765
f765
f765
f765
f765
f765
0594
0594
0594
0594
0594
0594
0594
0594
0594
0594
0594
0594
0594
0594
0594
0594
0594
15b3
15b3
15b3
15b3
15b3
15b3
15b3
15b3
15b3
15b3
15b3
15b3
15b3
15b3
15b3
15b3
15b3
15b3
25d2
25d2
25d2
25d2
25d2
1629
162a
162a
162b
162b
162c
162d
162e
1e10
1e11
1e11
1e12
1e13
2633
2634
2634
2e2b
2e2b
2e2c
2e2c
2e2c
2e2d
2e2e
2e2f
3610
3610
3611
3611
3612
3612
3613
3e33
462c
462d
462d
462d
462d
462e
462e
462f
4610
4610
4610
4610
4631
4631
4631
4632
460f
562e
562e
562e
562e
562e
562e
562f
562f
562f
562f
562f
562f
562f
562f
562f
7647
7648
7649
7e69
7e69
7e69
7e6b
7e6b
7e6c
7e4e
7e4e
7e4f
7e50
7e51
7e51
7e52
7e53
7e49
7e49
7e4a
7e4b
8e6a
8e6b
8e6b
8e6c
8e6d
8e6e
8e6e
8e6f
8e6f
8e70
8e70
8e71
8e6a
8e6a
8e6b
8e6b
8e6b
8e6c
968b
968c
968c
968c
968d
968d
968e
968e
968e
968e
8e8b
8e8b
8e8b
8e8b
8e8b
8e8c
8e8c
8e8c
96ab
96ab
96ab
96ab
9eab
9eab
9eab
96ab
96ab
96ab
96ab
96ab
96ab
96ab
96ab
96ab
96ab
96ab
a6ca
a6ca
a6ca
a6ca
a6ca
a6ca
a6ca
a6ca
a6ca
a6ca
a6ca
a6ca
a6ca
a6ca
a6ca
a6ca
a6ca
a6ca
b6e9
b6e9
b6e9
b6e9
b6e9
b6e9
b6e9
b6e9
b6e9
b6e9
b6e9
b6e9
b6e9
b6e9
b6e9
b6e9
b6e9
b6e9
c708
c708
c708
c708
c708
c708
c708
c708
c708
c708
c708
c708
c708
c708
c708
c708
c708
c708
d727
d727
d727
d727
d727
d727
d727
d727
d727
d727
d727
d727
d727
d727
d727
d727
d727
d727
e746
e746
e746
e746
e746
e746
e746
e746
e746
e746
e746
e746
e746
e746
e746
e746
e746
e746
f765
f765
f765
f765
f765
f765
f765
f765
f765
f765
f765
f765
f765
f765
f765
f765
f765
f765
f765
0594
0594
0594
0594
0594
0594
0594
0594
0594
0594
0594
0594
0594
0594
0594
0594
0594
15b3
15b3
15b3
15b3
15b3
15b3
15b3
15b3
15b3
15b3
15b3
15b3
15b3
15b3
15b3
15b3
15b3
15b3
25d2
25d2
25d2
25d2
25d2
162a
1629
162b
162a
162c
162b
162e
162d
1e11
1e10
1e12
1e11
1e13
2632
2634
2634
2e2b
2e2b
2e2c
2e2c
2e2d
2e2c
2e2f
2e2e
3610
3610
3611
3611
3612
3612
3613
3e32
462d
462c
462d
462d
462e
462d
462f
462e
4610
4610
4610
4610
4631
4631
4632
4631
460f
562e
562e
562e
562e
562e
562f
562e
562f
562f
562f
562f
562f
562f
562f
562f
7648
7647
764a
7e68
7e68
7e6b
7e69
7e6c
7e6b
7e4e
7e4e
7e50
7e4f
7e51
7e51
7e53
7e52
7e49
7e49
7e4b
7e4a
8e6b
8e6a
8e6c
8e6b
8e6e
8e6d
8e6f
8e6e
8e70
8e6f
8e71
8e70
8e6a
8e6a
8e6b
8e6b
8e6c
8e6b
968c
968b
968c
968c
968d
968d
968e
968e
968e
968e
8e8b
8e8b
8e8b
8e8b
8e8c
8e8b
8e8c
8e8c
96ab
96ab
96ab
96ab
9eab
9eab
9eac
96ab
96ab
96ab
96ab
96ab
96ab
96ab
96ab
96ab
96ab
96ab
a6ca
a6ca
a6ca
a6ca
a6ca
a6ca
a6ca
a6ca
a6ca
a6ca
a6ca
a6ca
a6ca
a6ca
a6ca
a6ca
a6ca
a6ca
b6e9
b6e9
b6e9
b6e9
b6e9
b6e9
b6e9
b6e9
b6e9
b6e9
b6e9
b6e9
b6e9
b6e9
b6e9
b6e9
b6e9
b6e9
c708
c708
c708
c708
c708
c708
c708
c708
c708
c708
c708
c708
c708
c708
c708
c708
c708
c708
d727
d727
d727
d727
d727
d727
d727
d727
d727
d727
d727
d727
d727
d727
d727
d727
d727
d727
e746
e746
e746
e746
e746
e746
e746
e746
e746
e746
e746
e746
e746
e746
e746
e746
e746
e746
f765
f765
f765
f765
f765
f765
f765
f765
f765
f765
f765
f765
f765
f765
f765
f765
f765
f765
f765
0594
0594
0594
0594
0594
0594
0594
0594
0594
0594
0594
0594
0594
0594
0594
0594
0594
15b3
15b3
15b3
15b3
15b3
15b3
15b3
15b3
15b3
15b3
15b3
15b3
15b3
15b3
15b3
15b3
15b3
15b3
25d2
25d2
25d2
25d2
25d2
162a
162b
1629
162a
162d
162e
162b
162c
1e11
1e12
1e10
1e11
1e14
2634
2632
2633
2e2c
2e2c
2e2b
2e2b
2e2e
2e2f
2e2c
2e2d
3611
3611
3610
3610
3613
3613
3612
3e32
462d
462d
462c
462d
462e
462f
462d
462e
4610
4610
4610
4610
4631
4632
4631
4631
460f
562e
562e
562e
562e
562f
562e
562e
562f
562f
562f
562f
562f
562f
562f
562f
7649
764a
7647
7e68
7e68
7e6b
7e6c
7e69
7e6b
7e4f
7e50
7e4e
7e4e
7e52
7e53
7e51
7e51
7e4a
7e4b
7e49
7e49
8e6b
8e6c
8e6a
8e6b
8e6e
8e6f
8e6d
8e6e
8e70
8e71
8e6f
8e70
8e6b
8e6b
8e6a
8e6a
8e6c
8e6c
968a
968b
968d
968d
968c
968c
968e
968e
968e
968e
8e8b
8e8b
8e8b
8e8b
8e8c
8e8c
8e8b
8e8c
96ab
96ab
96ab
96ab
9eab
9eac
9eab
96ab
96ab
96ab
96ab
96ab
96ab
96ab
96ab
96ab
96ab
96ab
a6ca
a6ca
a6ca
a6ca
a6ca
a6ca
a6ca
a6ca
a6ca
a6ca
a6ca
a6ca
a6ca
a6ca
a6ca
a6ca
a6ca
a6ca
b6e9
b6e9
b6e9
b6e9
b6e9
b6e9
b6e9
b6e9
b6e9
b6e9
b6e9
b6e9
b6e9
b6e9
b6e9
b6e9
b6e9
b6e9
c708
c708
c708
c708
c708
c708
c708
c708
c708
c708
c708
c708
c708
c708
c708
c708
c708
c708
d727
d727
d727
d727
d727
d727
d727
d727
d727
d727
d727
d727
d727
d727
d727
d727
d727
d727
e746
e746
e746
e746
e746
e746
e746
e746
e746
e746
e746
e746
e746
e746
e746
e746
e746
e746
f765
f765
f765
f765
f765
f765
f765
f765
f765
f765
f765
f765
f765
f765
f765
f765
f765
f765
f765
0594
0594
0594
0594
0594
0594
0594
0594
0594
0594
0594
0594
0594
0594
0594
0594
0594
15b3
15b3
15b3
15b3
15b3
15b3
15b3
15b3
15b3
15b3
15b3
15b3
15b3
15b3
15b3
15b3
15b3
15b3
25d2
25d2
25d2
25d2
25d2
162b
162a
162a
1629
162e
162d
162c
162b
1e12
1e11
1e11
1e10
1e15
2634
2633
2632
2e2c
2e2c
2e2b
2e2b
2e2f
2e2e
2e2d
2e2c
3611
3611
3610
3610
3613
3613
3612
3e31
462d
462d
462d
462c
462f
462e
462e
462d
4610
4610
4610
4610
4632
4631
4631
4631
460f
562e
562e
562e
562f
562e
562e
562e
562f
562f
562f
562f
562f
562f
562f
562f
764a
7649
7648
7e67
7e67
7e6c
7e6b
7e6b
7e69
7e50
7e4f
7e4e
7e4e
7e53
7e52
7e51
7e51
7e4b
7e4a
7e49
7e49
8e6c
8e6b
8e6b
8e6a
8e6f
8e6e
8e6e
8e6d
8e71
8e70
8e70
8e6f
8e6b
8e6b
8e6a
8e6a
8e6c
8e6c
968b
968a
968d
968d
968c
968c
968e
968e
968e
968e
8e8b
8e8b
8e8b
8e8b
8e8c
8e8c
8e8c
8e8b
96ab
96ab
96ab
96ab
9eac
9eab
9eab
96ab
96ab
96ab
96ab
96ab
96ab
96ab
96ab
96ab
96ab
96ab
a6ca
a6ca
a6ca
a6ca
a6ca
a6ca
a6ca
a6ca
a6ca
a6ca
a6ca
a6ca
a6ca
a6ca
a6ca
a6ca
a6ca
a6ca
b6e9
b6e9
b6e9
b6e9
b6e9
b6e9
b6e9
b6e9
b6e9
b6e9
b6e9
b6e9
b6e9
b6e9
b6e9
b6e9
b6e9
b6e9
c708
c708
c708
c708
c708
c708
c708
c708
c708
c708
c708
c708
c708
c708
c708
c708
c708
c708
d727
d727
d727
d727
d727
d727
d727
d727
d727
d727
d727
d727
d727
d727
d727
d727
d727
d727
e746
e746
e746
e746
e746
e746
e746
e746
e746
e746
e746
e746
e746
e746
e746
e746
e746
e746
f765
f765
f765
f765
f765
f765
f765
f765
f765
f765
f765
f765
f765
f765
f765
f765
f765
f765
f765
0594
0594
0594
0594
0594
0594
0594
0594
0594
0594
0594
0594
0594
0594
0594
0594
0594
15b3
15b3
15b3
15b3
15b3
15b3
15b3
15b3
15b3
15b3
15b3
15b3
15b3
15b3
15b3
15b3
15b3
15b3
25d2
25d2
25d2
25d2
25d2
162c
162d
162d
162e
1628
1629
162a
162b
1e13
1e13
1e14
1e15
1e10
2630
2631
2631
2e2d
2e2e
2e2e
2e2f
2e2a
2e2b
2e2b
2e2c
3612
3612
3613
3613
3610
3610
3611
3e31
462e
462e
462e
462f
462c
462c
462d
462d
4611
4611
4611
4611
462f
4630
4630
4630
460f
562e
562f
562f
562d
562e
562e
562e
562f
562f
562f
562f
562f
562f
562f
562f
764a
764b
764c
7e6c
7e6c
7e66
7e67
7e68
7e69
7e51
7e51
7e52
7e53
7e4e
7e4e
7e4f
7e50
7e4b
7e4c
7e4c
7e4d
8e68
8e68
8e69
8e6a
8e6f
8e6f
8e70
8e70
8e6d
8e6e
8e6e
8e6f
8e6b
8e6c
8e6c
8e6d
8e6a
8e6a
968a
968a
968d
968d
968e
968e
968c
968d
968d
968d
8e8c
8e8c
8e8c
8e8c
8e8b
8e8b
8e8b
8e8b
96ab
96ab
96ab
96ab
9eab
9eab
9eab
96ab
96ab
96ab
96ab
96ab
96ab
96ab
96ab
96ab
96ab
96ab
a6ca
a6ca
a6ca
a6ca
a6ca
a6ca
a6ca
a6ca
a6ca
a6ca
a6ca
a6ca
a6ca
a6ca
a6ca
a6ca
a6ca
a6ca
b6e9
b6e9
b6e9
b6e9
b6e9
b6e9
b6e9
b6e9
b6e9
b6e9
b6e9
b6e9
b6e9
b6e9
b6e9
b6e9
b6e9
b6e9
c708
c708
c708
c708
c708
c708
c708
c708
c708
c708
c708
c708
c708
c708
c708
c708
c708
c708
d727
d727
d727
d727
d727
d727
d727
d727
d727
d727
d727
d727
d727
d727
d727
d727
d727
d727
e746
e746
e746
e746
e746
e746
e746
e746
e746
e746
e746
e746
e746
e746
e746
e746
e746
e746
f765
f765
f765
f765
f765
f765
f765
f765
f765
f765
f765
f765
f765
f765
f765
f765
f765
f765
f765
0594
0594
0594
0594
0594
0594
0594
0594
0594
0594
0594
0594
0594
0594
0594
0594
0594
15b3
15b3
15b3
15b3
15b3
15b3
15b3
15b3
15b3
15b3
15b3
15b3
15b3
15b3
15b3
15b3
15b3
15b3
25d2
25d2
25d2
25d2
25d2
162d
162c
162e
162d
1629
1628
162b
162a
1e13
1e13
1e15
1e14
1e11
262f
2631
2631
2e2e
2e2d
2e2f
2e2e
2e2b
2e2a
2e2c
2e2b
3612
3612
3613
3613
3610
3610
3611
3e30
462e
462e
462f
462e
462c
462c
462d
462d
4611
4611
4611
4611
4630
462f
4630
4630
460f
562e
562f
562f
562e
562d
562e
562e
562f
562f
562f
562f
562f
562f
562f
562f
764b
764a
764d
7e6b
7e6b
7e67
7e66
7e69
7e68
7e51
7e51
7e53
7e52
7e4e
7e4e
7e50
7e4f
7e4c
7e4b
7e4d
7e4c
8e68
8e68
8e6a
8e69
8e6f
8e6f
8e70
8e70
8e6e
8e6d
8e6f
8e6e
8e6c
8e6b
8e6d
8e6c
8e6a
8e6a
968a
968a
968d
968d
968e
968e
968d
968c
968d
968d
8e8c
8e8c
8e8c
8e8c
8e8b
8e8b
8e8b
8e8b
96ab
96ab
96ab
96ab
9eab
9eab
9eab
96ab
96ab
96ab
96ab
96ab
96ab
96ab
96ab
96ab
96ab
96ab
a6ca
a6ca
a6ca
a6ca
a6ca
a6ca
a6ca
a6ca
a6ca
a6ca
a6ca
a6ca
a6ca
a6ca
a6ca
a6ca
a6ca
a6ca
b6e9
b6e9
b6e9
b6e9
b6e9
b6e9
b6e9
b6e9
b6e9
b6e9
b6e9
b6e9
b6e9
b6e9
b6e9
b6e9
b6e9
b6e9
c708
c708
c708
c708
c708
c708
c708
c708
c708
c708
c708
c708
c708
c708
c708
c708
c708
c708
d727
d727
d727
d727
d727
d727
d727
d727
d727
d727
d727
d727
d727
d727
d727
d727
d727
d727
e746
e746
e746
e746
e746
e746
e746
e746
e746
e746
e746
e746
e746
e746
e746
e746
e746
e746
f765
f765
f765
f765
f765
f765
f765
f765
f765
f765
f765
f765
f765
f765
f765
f765
f765
f765
f765
0594
0594
0594
0594
0594
0594
0594
0594
0594
0594
0594
0594
0594
0594
0594
0594
0594
15b3
15b3
15b3
15b3
15b3
15b3
15b3
15b3
15b3
15b3
15b3
15b3
15b3
15b3
15b3
15b3
15b3
15b3
25d2
25d2
25d2
25d2
25d2
162d
162e
162c
162d
162a
162b
1628
1629
1e14
1e15
1e13
1e13
1e11
2631
262f
2630
2e2e
2e2f
2e2d
2e2e
2e2b
2e2c
2e2a
2e2b
3613
3613
3612
3612
3611
3611
3610
3e30
462e
462f
462e
462e
462d
462d
462c
462c
4611
4611
4611
4611
4630
4630
462f
4630
460f
562f
562e
562e
562e
562e
562d
562e
562f
562f
562f
562f
562f
562f
562f
562f
764c
764d
764a
7e6b
7e6b
7e68
7e69
7e66
7e67
7e52
7e53
7e51
7e51
7e4f
7e50
7e4e
7e4e
7e4c
7e4d
7e4b
7e4c
8e69
8e6a
8e68
8e68
8e70
8e70
8e6f
8e6f
8e6e
8e6f
8e6d
8e6e
8e6c
8e6d
8e6b
8e6c
8e6a
8e6b
9689
9689
968e
968e
968d
968d
968d
968d
968c
968d
8e8c
8e8c
8e8c
8e8c
8e8b
8e8b
8e8b
8e8b
96ab
96ab
96ab
96ab
9eab
9eab
9eab
96ab
96ab
96ab
96ab
96ab
96ab
96ab
96ab
96ab
96ab
96ab
a6ca
a6ca
a6ca
a6ca
a6ca
a6ca
a6ca
a6ca
a6ca
a6ca
a6ca
a6ca
a6ca
a6ca
a6ca
a6ca
a6ca
a6ca
b6e9
b6e9
b6e9
b6e9
b6e9
b6e9
b6e9
b6e9
b6e9
b6e9
b6e9
b6e9
b6e9
b6e9
b6e9
b6e9
b6e9
b6e9
c708
c708
c708
c708
c708
c708
c708
c708
c708
c708
c708
c708
c708
c708
c708
c708
c708
c708
d727
d727
d727
d727
d727
d727
d727
d727
d727
d727
d727
d727
d727
d727
d727
d727
d727
d727
e746
e746
e746
e746
e746
e746
e746
e746
e746
e746
e746
e746
e746
e746
e746
e746
e746
e746
f765
f765
f765
f765
f765
f765
f765
f765
f765
f765
f765
f765
f765
f765
f765
f765
f765
f765
f765
0594
0594
0594
0594
0594
0594
0594
0594
0594
0594
0594
0594
0594
0594
0594
0594
0594
15b3
15b3
15b3
15b3
15b3
15b3
15b3
15b3
15b3
15b3
15b3
15b3
15b3
15b3
15b3
15b3
15b3
15b3
25d2
25d2
25d2
25d2
25d2
162e
162d
162d
162c
162b
162a
1629
1628
1e15
1e14
1e13
1e13
1e12
2631
2630
262f
2e2f
2e2e
2e2e
2e2d
2e2c
2e2b
2e2b
2e2a
3613
3613
3612
3612
3611
3611
3610
3e2f
462f
462e
462e
462e
462d
462d
462c
462c
4611
4611
4611
4611
4630
4630
4630
462f
4610
562f
562e
562e
562e
562e
562e
562d
562f
562f
562f
562f
562f
562f
562f
562f
764d
764c
764b
7e6a
7e6a
7e69
7e68
7e67
7e66
7e53
7e52
7e51
7e51
7e50
7e4f
7e4e
7e4e
7e4d
7e4c
7e4c
7e4b
8e6a
8e69
8e68
8e68
8e70
8e70
8e6f
8e6f
8e6f
8e6e
8e6e
8e6d
8e6d
8e6c
8e6c
8e6b
8e6b
8e6a
9689
9689
968e
968e
968d
968d
968d
968d
968d
968c
8e8c
8e8c
8e8c
8e8c
8e8b
8e8b
8e8b
8e8b
96ab
96ab
96ab
96ab
9eab
9eab
9eab
96ab
96ab
96ab
96ab
96ab
96ab
96ab
96ab
96ab
96ab
96ab
a6ca
a6ca
a6ca
a6ca
a6ca
a6ca
a6ca
a6ca
a6ca
a6ca
a6ca
a6ca
a6ca
a6ca
a6ca
a6ca
a6ca
a6ca
b6e9
b6e9
b6e9
b6e9
b6e9
b6e9
b6e9
b6e9
b6e9
b6e9
b6e9
b6e9
b6e9
b6e9
b6e9
b6e9
b6e9
b6e9
c708
c708
c708
c708
c708
c708
c708
c708
c708
c708
c708
c708
c708
c708
c708
c708
c708
c708
d727
d727
d727
d727
d727
d727
d727
d727
d727
d727
d727
d727
d727
d727
d727
d727
d727
d727
e746
e746
e746
e746
e746
e746
e746
e746
e746
e746
e746
e746
e746
e746
e746
e746
e746
e746
f765
f765
f765
f765
f765
f765
f765
f765
f765
f765
f765
f765
f765
f765
f765
f765
f765
f765
f765
0594
0594
0594
0594
0594
0594
0594
0594
0594
0594
0594
0594
0594
0594
0594
0594
0594
15b3
15b3
15b3
15b3
15b3
15b3
15b3
15b3
15b3
15b3
15b3
15b3
15b3
15b3
15b3
15b3
15b3
15b3
25d2
25d2
25d2
25d2
25d2
166f
1670
1671
1672
1653
1654
1655
1655
1e49
1e4a
1e4b
1e4c
1e4d
264d
264d
264e
2e4f
2e50
2e51
2e51
2e52
2e53
2e53
2e54
362b
362c
362c
362d
362e
362e
362f
3e4e
464f
4650
4650
4651
4631
4631
4632
4632
462d
462d
462e
462e
462f
462f
462f
462f
4630
564f
564f
564f
562f
562f
5630
5630
562e
562e
562f
562f
562f
562f
562f
562f
768e
768f
7690
7e90
7e90
7e91
7e92
7e93
7e93
7e87
7e88
7e89
7e8a
7e8a
7e8b
7e8c
7e8d
868e
868e
868f
8690
8e90
8e90
8e91
8e91
8e89
8e89
8e8a
8e8a
8e8b
8e8b
8e8c
8e8c
8e8d
8e8e
8e8e
8e8e
8e8f
8e8f
968f
968f
968a
968a
968a
968b
968b
968b
968c
968c
8e8c
8e8c
8e8c
8e8d
8e8d
8e8d
8e8d
8e8d
9eab
9eab
9eab
9eab
96ab
96ab
96ab
96ab
96ab
96ab
96ab
96ab
96ab
96ab
96ab
96ab
96ab
96ab
a6ca
a6ca
a6ca
a6ca
a6ca
a6ca
a6ca
a6ca
a6ca
a6ca
a6ca
a6ca
a6ca
a6ca
a6ca
a6ca
a6ca
a6ca
b6e9
b6e9
b6e9
b6e9
b6e9
b6e9
b6e9
b6e9
b6e9
b6e9
b6e9
b6e9
b6e9
b6e9
b6e9
b6e9
b6e9
b6e9
c708
c708
c708
c708
c708
c708
c708
c708
c708
c708
c708
c708
c708
c708
c708
c708
c708
c708
d727
d727
d727
d727
d727
d727
d727
d727
d727
d727
d727
d727
d727
d727
d727
d727
d727
d727
e746
e746
e746
e746
e746
e746
e746
e746
e746
e746
e746
e746
e746
e746
e746
e746
e746
e746
f765
f765
f765
f765
f765
f765
f765
f765
f765
f765
f765
f765
f765
f765
f765
f765
f765
f765
f765
0613
0613
0613
0613
0613
0613
0613
0613
0613
0613
0613
0613
0613
0613
0613
0613
0613
1632
1632
1632
1632
1632
1632
1632
1632
1632
1632
1632
1632
1632
1632
1632
1632
1632
1632
2651
2651
2651
2651
2651
1690
168f
1692
1690
1693
1693
1695
1694
1e8a
1e89
1e8b
1e8a
1e8d
268b
268e
268d
2e90
2e8f
2e91
2e90
2e92
2e92
2e93
2e93
368b
368b
368c
368c
368e
368d
368e
3ead
46af
46ae
46b0
46af
4690
4690
4691
4691
468d
468c
468d
468d
468e
468e
468e
468e
468f
56ae
56ae
56ae
56af
56ae
56af
56af
56ae
56ad
56ae
56ae
56ae
56ae
56ae
56ae
76cf
76cd
76d0
7ecf
7ecf
7ed1
7ed1
7ed3
7ed2
7ec8
7ec7
7ec9
7ec8
7ecb
7eca
7ecc
7ecb
86ce
86cd
86cf
86ce
8eef
8eef
8ef1
8ef0
8ee9
8ee8
8eea
8ee9
8eeb
8eea
8eec
8eeb
8eed
8eec
8eee
8eed
8eee
8eee
970e
970e
9709
9709
970a
9709
970b
970a
970b
970b
8f0b
8f0b
8f0c
8f0c
8f0c
8f0c
8f0c
8f0c
9f2a
9f2a
9f2a
9f2a
972a
972a
972a
972a
972a
972a
972a
972a
972a
972a
972a
972a
972a
972a
a749
a749
a749
a749
a749
a749
a749
a749
a749
a749
a749
a749
a749
a749
a749
a749
a749
a749
b768
b768
b768
b768
b768
b768
b768
b768
b768
b768
b768
b768
b768
b768
b768
b768
b768
b768
c787
c787
c787
c787
c787
c787
c787
c787
c787
c787
c787
c787
c787
c787
c787
c787
c787
c787
d7a6
d7a6
d7a6
d7a6
d7a6
d7a6
d7a6
d7a6
d7a6
d7a6
d7a6
d7a6
d7a6
d7a6
d7a6
d7a6
d7a6
d7a6
e7c5
e7c5
e7c5
e7c5
e7c5
e7c5
e7c5
e7c5
e7c5
e7c5
e7c5
e7c5
e7c5
e7c5
e7c5
e7c5
e7c5
e7c5
f7e4
f7e4
f7e4
f7e4
f7e4
f7e4
f7e4
f7e4
f7e4
f7e4
f7e4
f7e4
f7e4
f7e4
f7e4
f7e4
f7e4
f7e4
f7e4
0613
0613
0613
0613
0613
0613
0613
0613
0613
0613
0613
0613
0613
0613
0613
0613
0613
1632
1632
1632
1632
1632
1632
1632
1632
1632
1632
1632
1632
1632
1632
1632
1632
1632
1632
2651
2651
2651
2651
2651
1690
1692
168f
1690
1694
1695
1693
1693
1e8a
1e8b
1e89
1e8a
1e8d
268e
268b
268c
2e90
2e91
2e8f
2e90
2e93
2e93
2e92
2e92
368c
368c
368b
368b
368e
368e
368d
3ead
46af
46b0
46ae
46af
4691
4691
4690
4690
468d
468d
468c
468d
468e
468e
468e
468e
468f
56ae
56ae
56ae
56af
56af
56ae
56af
56ae
56ae
56ad
56ae
56ae
56ae
56ae
56ae
76cf
76d0
76cd
7ece
7ece
7ed2
7ed3
7ed1
7ed1
7ec8
7ec9
7ec7
7ec8
7ecb
7ecc
7eca
7ecb
86ce
86cf
86cd
86ce
8ef0
8ef1
8eef
8eef
8ee9
8eea
8ee8
8ee9
8eeb
8eec
8eea
8eeb
8eed
8eee
8eec
8eed
8eef
8eef
970d
970d
9709
970a
9709
9709
970b
970b
970a
970b
8f0c
8f0c
8f0b
8f0b
8f0c
8f0c
8f0c
8f0c
9f2a
9f2a
9f2a
9f2a
972a
972a
972a
972a
972a
972a
972a
972a
972a
972a
972a
972a
972a
972a
a749
a749
a749
a749
a749
a749
a749
a749
a749
a749
a749
a749
a749
a749
a749
a749
a749
a749
b768
b768
b768
b768
b768
b768
b768
b768
b768
b768
b768
b768
b768
b768
b768
b768
b768
b768
c787
c787
c787
c787
c787
c787
c787
c787
c787
c787
c787
c787
c787
c787
c787
c787
c787
c787
d7a6
d7a6
d7a6
d7a6
d7a6
d7a6
d7a6
d7a6
d7a6
d7a6
d7a6
d7a6
d7a6
d7a6
d7a6
d7a6
d7a6
d7a6
e7c5
e7c5
e7c5
e7c5
e7c5
e7c5
e7c5
e7c5
e7c5
e7c5
e7c5
e7c5
e7c5
e7c5
e7c5
e7c5
e7c5
e7c5
f7e4
f7e4
f7e4
f7e4
f7e4
f7e4
f7e4
f7e4
f7e4
f7e4
f7e4
f7e4
f7e4
f7e4
f7e4
f7e4
f7e4
f7e4
f7e4
0613
0613
0613
0613
0613
0613
0613
0613
0613
0613
0613
0613
0613
0613
0613
0613
0613
1632
1632
1632
1632
1632
1632
1632
1632
1632
1632
1632
1632
1632
1632
1632
1632
1632
1632
2651
2651
2651
2651
2651
1692
1690
1690
168f
1695
1694
1693
1693
1e8b
1e8a
1e8a
1e89
1e8e
268d
268c
268b
2e91
2e90
2e90
2e8f
2e93
2e93
2e92
2e92
368c
368c
368b
368b
368e
368e
368e
3eac
46b0
46af
46af
46ae
4691
4691
4690
4690
468d
468d
468d
468c
468e
468e
468e
468e
468f
56ae
56ae
56ae
56af
56af
56af
56ae
56ae
56ae
56ae
56ad
56ae
56ae
56ae
56ae
76d0
76cf
76cf
7ecd
7ecd
7ed3
7ed2
7ed1
7ed1
7ec9
7ec8
7ec8
7ec7
7ecc
7ecb
7ecb
7eca
86cf
86ce
86ce
86cd
8ef1
8ef0
8eef
8eef
8eea
8ee9
8ee9
8ee8
8eec
8eeb
8eeb
8eea
8eee
8eed
8eed
8eec
8eef
8eef
970d
970d
970a
9709
9709
9709
970b
970b
970b
970a
8f0c
8f0c
8f0b
8f0b
8f0c
8f0c
8f0c
8f0c
9f2a
9f2a
9f2a
9f2a
972a
972a
972a
972a
972a
972a
972a
972a
972a
972a
972a
972a
972a
972a
a749
a749
a749
a749
a749
a749
a749
a749
a749
a749
a749
a749
a749
a749
a749
a749
a749
a749
b768
b768
b768
b768
b768
b768
b768
b768
b768
b768
b768
b768
b768
b768
b768
b768
b768
b768
c787
c787
c787
c787
c787
c787
c787
c787
c787
c787
c787
c787
c787
c787
c787
c787
c787
c787
d7a6
d7a6
d7a6
d7a6
d7a6
d7a6
d7a6
d7a6
d7a6
d7a6
d7a6
d7a6
d7a6
d7a6
d7a6
d7a6
d7a6
d7a6
e7c5
e7c5
e7c5
e7c5
e7c5
e7c5
e7c5
e7c5
e7c5
e7c5
e7c5
e7c5
e7c5
e7c5
e7c5
e7c5
e7c5
e7c5
f7e4
f7e4
f7e4
f7e4
f7e4
f7e4
f7e4
f7e4
f7e4
f7e4
f7e4
f7e4
f7e4
f7e4
f7e4
f7e4
f7e4
f7e4
f7e4
0613
0613
0613
0613
0613
0613
0613
0613
0613
0613
0613
0613
0613
0613
0613
0613
0613
1632
1632
1632
1632
1632
1632
1632
1632
1632
1632
1632
1632
1632
1632
1632
1632
1632
1632
2651
2651
2651
2651
2651
1693
1693
1694
1695
168f
1690
1690
1692
1e8c
1e8d
1e8d
1e8e
1e89
268a
268a
268b
2e92
2e92
2e93
2e93
2e8f
2e90
2e90
2e91
368d
368d
368e
368e
368b
368c
368c
3eac
46b0
46b1
46b1
46b1
468f
468f
468f
4690
468d
468e
468e
468e
468d
468d
468d
468e
4690
56af
56af
56af
56ae
56ae
56ae
56ae
56ae
56ae
56ae
56ae
56ae
56ae
56ae
56ae
76d1
76d2
76d3
7ed3
7ed3
7ecd
7ece
7ecf
7ed0
7eca
7ecb
7ecb
7ecc
7ec7
7ec8
7ec8
7ec9
86d0
86d0
86d1
86d2
8eec
8eed
8eee
8eee
8eea
8eeb
8eeb
8eec
8ee8
8ee9
8ee9
8eea
8eee
8eee
8eef
8eef
8eec
8eed
970c
970d
970a
970a
970b
970b
9709
970a
970a
970a
8f0c
8f0c
8f0c
8f0c
8f0b
8f0b
8f0b
8f0c
9f2a
9f2a
9f2a
9f2a
972a
972a
972a
972a
972a
972a
972a
972a
972a
972a
972a
972a
972a
972a
a749
a749
a749
a749
a749
a749
a749
a749
a749
a749
a749
a749
a749
a749
a749
a749
a749
a749
b768
b768
b768
b768
b768
b768
b768
b768
b768
b768
b768
b768
b768
b768
b768
b768
b768
b768
c787
c787
c787
c787
c787
c787
c787
c787
c787
c787
c787
c787
c787
c787
c787
c787
c787
c787
d7a6
d7a6
d7a6
d7a6
d7a6
d7a6
d7a6
d7a6
d7a6
d7a6
d7a6
d7a6
d7a6
d7a6
d7a6
d7a6
d7a6
d7a6
e7c5
e7c5
e7c5
e7c5
e7c5
e7c5
e7c5
e7c5
e7c5
e7c5
e7c5
e7c5
e7c5
e7c5
e7c5
e7c5
e7c5
e7c5
f7e4
f7e4
f7e4
f7e4
f7e4
f7e4
f7e4
f7e4
f7e4
f7e4
f7e4
f7e4
f7e4
f7e4
f7e4
f7e4
f7e4
f7e4
f7e4
0613
0613
0613
0613
0613
0613
0613
0613
0613
0613
0613
0613
0613
0613
0613
0613
0613
1632
1632
1632
1632
1632
1632
1632
1632
1632
1632
1632
1632
1632
1632
1632
1632
1632
1632
2651
2651
2651
2651
2651
1693
1693
1695
1694
1690
168f
1692
1690
1e8d
1e8c
1e8e
1e8d
1e8a
2689
268b
268a
2e92
2e92
2e93
2e93
2e90
2e8f
2e91
2e90
368d
368d
368e
368e
368c
368b
368d
3eab
46b1
46b0
46b1
46b1
468f
468f
4690
468f
468e
468d
468e
468e
468d
468d
468e
468d
4690
56af
56af
56af
56ae
56ae
56ae
56ae
56ae
56ae
56ae
56ae
56ae
56ae
56ae
56ae
76d2
76d1
76d4
7ed3
7ed3
7ece
7ecd
7ed0
7ecf
7ecb
7eca
7ecc
7ecb
7ec8
7ec7
7ec9
7ec8
86d0
86d0
86d2
86d1
8eed
8eec
8eee
8eee
8eeb
8eea
8eec
8eeb
8ee9
8ee8
8eea
8ee9
8eee
8eee
8eef
8eef
8eed
8eec
970d
970c
970a
970a
970b
970b
970a
9709
970a
970a
8f0c
8f0c
8f0c
8f0c
8f0b
8f0b
8f0c
8f0b
9f2a
9f2a
9f2a
9f2a
972a
972a
972a
972a
972a
972a
972a
972a
972a
972a
972a
972a
972a
972a
a749
a749
a749
a749
a749
a749
a749
a749
a749
a749
a749
a749
a749
a749
a749
a749
a749
a749
b768
b768
b768
b768
b768
b768
b768
b768
b768
b768
b768
b768
b768
b768
b768
b768
b768
b768
c787
c787
c787
c787
c787
c787
c787
c787
c787
c787
c787
c787
c787
c787
c787
c787
c787
c787
d7a6
d7a6
d7a6
d7a6
d7a6
d7a6
d7a6
d7a6
d7a6
d7a6
d7a6
d7a6
d7a6
d7a6
d7a6
d7a6
d7a6
d7a6
e7c5
e7c5
e7c5
e7c5
e7c5
e7c5
e7c5
e7c5
e7c5
e7c5
e7c5
e7c5
e7c5
e7c5
e7c5
e7c5
e7c5
e7c5
f7e4
f7e4
f7e4
f7e4
f7e4
f7e4
f7e4
f7e4
f7e4
f7e4
f7e4
f7e4
f7e4
f7e4
f7e4
f7e4
f7e4
f7e4
f7e4
0613
0613
0613
0613
0613
0613
0613
0613
0613
0613
0613
0613
0613
0613
0613
0613
0613
1632
1632
1632
1632
1632
1632
1632
1632
1632
1632
1632
1632
1632
1632
1632
1632
1632
1632
2651
2651
2651
2651
2651
1694
1695
1693
1693
1690
1692
168f
1690
1e8d
1e8e
1e8c
1e8d
1e8b
268b
2689
268a
2e93
2e93
2e92
2e92
2e90
2e91
2e8f
2e90
368e
368e
368d
368d
368c
368d
368b
3eab
46b1
46b1
46b0
46b1
468f
4690
468f
468f
468e
468e
468d
468e
468d
468e
468d
468d
4690
56af
56af
56af
56ae
56ae
56ae
56ae
56ae
56ae
56ae
56ae
56ae
56ae
56ae
56ae
76d3
76d4
76d1
7ed2
7ed2
7ecf
7ed0
7ecd
7ece
7ecb
7ecc
7eca
7ecb
7ec8
7ec9
7ec7
7ec8
86d1
86d2
86d0
86d0
8eee
8eee
8eec
8eed
8eeb
8eec
8eea
8eeb
8ee9
8eea
8ee8
8ee9
8eef
8eef
8eee
8eee
8eed
8eed
970b
970c
970b
970b
970a
970a
970a
970a
9709
970a
8f0c
8f0c
8f0c
8f0c
8f0b
8f0c
8f0b
8f0b
9f2a
9f2a
9f2a
9f2a
972a
972a
972a
972a
972a
972a
972a
972a
972a
972a
972a
972a
972a
972a
a749
a749
a749
a749
a749
a749
a749
a749
a749
a749
a749
a749
a749
a749
a749
a749
a749
a749
b768
b768
b768
b768
b768
b768
b768
b768
b768
b768
b768
b768
b768
b768
b768
b768
b768
b768
c787
c787
c787
c787
c787
c787
c787
c787
c787
c787
c787
c787
c787
c787
c787
c787
c787
c787
d7a6
d7a6
d7a6
d7a6
d7a6
d7a6
d7a6
d7a6
d7a6
d7a6
d7a6
d7a6
d7a6
d7a6
d7a6
d7a6
d7a6
d7a6
e7c5
e7c5
e7c5
e7c5
e7c5
e7c5
e7c5
e7c5
e7c5
e7c5
e7c5
e7c5
e7c5
e7c5
e7c5
e7c5
e7c5
e7c5
f7e4
f7e4
f7e4
f7e4
f7e4
f7e4
f7e4
f7e4
f7e4
f7e4
f7e4
f7e4
f7e4
f7e4
f7e4
f7e4
f7e4
f7e4
f7e4
0613
0613
0613
0613
0613
0613
0613
0613
0613
0613
0613
0613
0613
0613
0613
0613
0613
1632
1632
1632
1632
1632
1632
1632
1632
1632
1632
1632
1632
1632
1632
1632
1632
1632
1632
2651
2651
2651
2651
2651
2651
2651
2651
2651
2651
2651
2651
2651
2651
2651
2651
2651
2651
3670
3670
3670
3670
3670
3670
3670
3670
3670
3670
3670
3670
3670
3670
3670
3670
3670
3670
468f
468f
468f
468f
468f
468f
468f
468f
468f
468f
468f
468f
468f
468f
468f
468f
468f
468f
56ae
56ae
56ae
56ae
56ae
56ae
56ae
56ae
56ae
56ae
56ae
56ae
56ae
56ae
56ae
56ae
56ae
56ae
66cd
66cd
66cd
66cd
66cd
66cd
66cd
66cd
66cd
66cd
66cd
66cd
66cd
66cd
66cd
66cd
66cd
66cd
76ec
76ec
76ec
76ec
76ec
76ec
76ec
76ec
76ec
76ec
76ec
76ec
76ec
76ec
76ec
76ec
76ec
76ec
870b
870b
870b
870b
870b
870b
870b
870b
870b
870b
870b
870b
870b
870b
870b
870b
870b
870b
972a
972a
972a
972a
972a
972a
972a
972a
972a
972a
972a
972a
972a
972a
972a
972a
972a
972a
a749
a749
a749
a749
a749
a749
a749
a749
a749
a749
a749
a749
a749
a749
a749
a749
a749
a749
b768
b768
b768
b768
b768
b768
b768
b768
b768
b768
b768
b768
b768
b768
b768
b768
b768
b768
c787
c787
c787
c787
c787
c787
c787
c787
c787
c787
c787
c787
c787
c787
c787
c787
c787
c787
d7a6
d7a6
d7a6
d7a6
d7a6
d7a6
d7a6
d7a6
d7a6
d7a6
d7a6
d7a6
d7a6
d7a6
d7a6
d7a6
d7a6
d7a6
e7c5
e7c5
e7c5
e7c5
e7c5
e7c5
e7c5
e7c5
e7c5
e7c5
e7c5
e7c5
e7c5
e7c5
e7c5
e7c5
e7c5
e7c5
f7e4
f7e4
f7e4
f7e4
f7e4
f7e4
f7e4
f7e4
f7e4
f7e4
f7e4
f7e4
f7e4
f7e4
f7e4
f7e4
f7e4
f7e4
f7e4
0613
0613
0613
0613
0613
0613
0613
0613
0613
0613
0613
0613
0613
0613
0613
0613
0613
1632
1632
1632
1632
1632
1632
1632
1632
1632
1632
1632
1632
1632
1632
1632
1632
1632
1632
2651
2651
2651
2651
2651
2651
2651
2651
2651
2651
2651
2651
2651
2651
2651
2651
2651
2651
3670
3670
3670
3670
3670
3670
3670
3670
3670
3670
3670
3670
3670
3670
3670
3670
3670
3670
468f
468f
468f
468f
468f
468f
468f
468f
468f
468f
468f
468f
468f
468f
468f
468f
468f
468f
56ae
56ae
56ae
56ae
56ae
56ae
56ae
56ae
56ae
56ae
56ae
56ae
56ae
56ae
56ae
56ae
56ae
56ae
66cd
66cd
66cd
66cd
66cd
66cd
66cd
66cd
66cd
66cd
66cd
66cd
66cd
66cd
66cd
66cd
66cd
66cd
76ec
76ec
76ec
76ec
76ec
76ec
76ec
76ec
76ec
76ec
76ec
76ec
76ec
76ec
76ec
76ec
76ec
76ec
870b
870b
870b
870b
870b
870b
870b
870b
870b
870b
870b
870b
870b
870b
870b
870b
870b
870b
972a
972a
972a
972a
972a
972a
972a
972a
972a
972a
972a
972a
972a
972a
972a
972a
972a
972a
a749
a749
a749
a749
a749
a749
a749
a749
a749
a749
a749
a749
a749
a749
a749
a749
a749
a749
b768
b768
b768
b768
b768
b768
b768
b768
b768
b768
b768
b768
b768
b768
b768
b768
b768
b768
c787
c787
c787
c787
c787
c787
c787
c787
c787
c787
c787
c787
c787
c787
c787
c787
c787
c787
d7a6
d7a6
d7a6
d7a6
d7a6
d7a6
d7a6
d7a6
d7a6
d7a6
d7a6
d7a6
d7a6
d7a6
d7a6
d7a6
d7a6
d7a6
e7c5
e7c5
e7c5
e7c5
e7c5
e7c5
e7c5
e7c5
e7c5
e7c5
e7c5
e7c5
e7c5
e7c5
e7c5
e7c5
e7c5
e7c5
f7e4
f7e4
f7e4
f7e4
f7e4
f7e4
f7e4
f7e4
f7e4
f7e4
f7e4
f7e4
f7e4
f7e4
f7e4
f7e4
f7e4
f7e4
f7e4
0613
0613
0613
0613
0613
0613
0613
0613
0613
0613
0613
0613
0613
0613
0613
0613
0613
1632
1632
1632
1632
1632
1632
1632
1632
1632
1632
1632
1632
1632
1632
1632
1632
1632
1632
2651
2651
2651
2651
2651
2651
2651
2651
2651
2651
2651
2651
2651
2651
2651
2651
2651
2651
3670
3670
3670
3670
3670
3670
3670
3670
3670
3670
3670
3670
3670
3670
3670
3670
3670
3670
468f
468f
468f
468f
468f
468f
468f
468f
468f
468f
468f
468f
468f
468f
468f
468f
468f
468f
56ae
56ae
56ae
56ae
56ae
56ae
56ae
56ae
56ae
56ae
56ae
56ae
56ae
56ae
56ae
56ae
56ae
56ae
66cd
66cd
66cd
66cd
66cd
66cd
66cd
66cd
66cd
66cd
66cd
66cd
66cd
66cd
66cd
66cd
66cd
66cd
76ec
76ec
76ec
76ec
76ec
76ec
76ec
76ec
76ec
76ec
76ec
76ec
76ec
76ec
76ec
76ec
76ec
76ec
870b
870b
870b
870b
870b
870b
870b
870b
870b
870b
870b
870b
870b
870b
870b
870b
870b
870b
972a
972a
972a
972a
972a
972a
972a
972a
972a
972a
972a
972a
972a
972a
972a
972a
972a
972a
a749
a749
a749
a749
a749
a749
a749
a749
a749
a749
a749
a749
a749
a749
a749
a749
a749
a749
b768
b768
b768
b768
b768
b768
b768
b768
b768
b768
b768
b768
b768
b768
b768
b768
b768
b768
c787
c787
c787
c787
c787
c787
c787
c787
c787
c787
c787
c787
c787
c787
c787
c787
c787
c787
d7a6
d7a6
d7a6
d7a6
d7a6
d7a6
d7a6
d7a6
d7a6
d7a6
d7a6
d7a6
d7a6
d7a6
d7a6
d7a6
d7a6
d7a6
e7c5
e7c5
e7c5
e7c5
e7c5
e7c5
e7c5
e7c5
e7c5
e7c5
e7c5
e7c5
e7c5
e7c5
e7c5
e7c5
e7c5
e7c5
f7e4
f7e4
f7e4
f7e4
f7e4
f7e4
f7e4
f7e4
f7e4
f7e4
f7e4
f7e4
f7e4
f7e4
f7e4
f7e4
f7e4
f7e4
f7e4
0613
0613
0613
0613
0613
0613
0613
0613
0613
0613
0613
0613
0613
0613
0613
0613
0613
1632
1632
1632
1632
1632
1632
1632
1632
1632
1632
1632
1632
1632
1632
1632
1632
1632
1632
2651
2651
2651
2651
2651
2651
2651
2651
2651
2651
2651
2651
2651
2651
2651
2651
2651
2651
3670
3670
3670
3670
3670
3670
3670
3670
3670
3670
3670
3670
3670
3670
3670
3670
3670
3670
468f
468f
468f
468f
468f
468f
468f
468f
468f
468f
468f
468f
468f
468f
468f
468f
468f
468f
56ae
56ae
56ae
56ae
56ae
56ae
56ae
56ae
56ae
56ae
56ae
56ae
56ae
56ae
56ae
56ae
56ae
56ae
66cd
66cd
66cd
66cd
66cd
66cd
66cd
66cd
66cd
66cd
66cd
66cd
66cd
66cd
66cd
66cd
66cd
66cd
76ec
76ec
76ec
76ec
76ec
76ec
76ec
76ec
76ec
76ec
76ec
76ec
76ec
76ec
76ec
76ec
76ec
76ec
870b
870b
870b
870b
870b
870b
870b
870b
870b
870b
870b
870b
870b
870b
870b
870b
870b
870b
972a
972a
972a
972a
972a
972a
972a
972a
972a
972a
972a
972a
972a
972a
972a
972a
972a
972a
a749
a749
a749
a749
a749
a749
a749
a749
a749
a749
a749
a749
a749
a749
a749
a749
a749
a749
b768
b768
b768
b768
b768
b768
b768
b768
b768
b768
b768
b768
b768
b768
b768
b768
b768
b768
c787
c787
c787
c787
c787
c787
c787
c787
c787
c787
c787
c787
c787
c787
c787
c787
c787
c787
d7a6
d7a6
d7a6
d7a6
d7a6
d7a6
d7a6
d7a6
d7a6
d7a6
d7a6
d7a6
d7a6
d7a6
d7a6
d7a6
d7a6
d7a6
e7c5
e7c5
e7c5
e7c5
e7c5
e7c5
e7c5
e7c5
e7c5
e7c5
e7c5
e7c5
e7c5
e7c5
e7c5
e7c5
e7c5
e7c5
f7e4
f7e4
f7e4
f7e4
f7e4
f7e4
f7e4
f7e4
f7e4
f7e4
f7e4
f7e4
f7e4
f7e4
f7e4
f7e4
f7e4
f7e4
f7e4
0613
0613
0613
0613
0613
0613
0613
0613
0613
0613
0613
0613
0613
0613
0613
0613
0613
1632
1632
1632
1632
1632
1632
1632
1632
1632
1632
1632
1632
1632
1632
1632
1632
1632
1632
2651
2651
2651
2651
2651
2651
2651
2651
2651
2651
2651
2651
2651
2651
2651
2651
2651
2651
3670
3670
3670
3670
3670
3670
3670
3670
3670
3670
3670
3670
3670
3670
3670
3670
3670
3670
468f
468f
468f
468f
468f
468f
468f
468f
468f
468f
468f
468f
468f
468f
468f
468f
468f
468f
56ae
56ae
56ae
56ae
56ae
56ae
56ae
56ae
56ae
56ae
56ae
56ae
56ae
56ae
56ae
56ae
56ae
56ae
66cd
66cd
66cd
66cd
66cd
66cd
66cd
66cd
66cd
66cd
66cd
66cd
66cd
66cd
66cd
66cd
66cd
66cd
76ec
76ec
76ec
76ec
76ec
76ec
76ec
76ec
76ec
76ec
76ec
76ec
76ec
76ec
76ec
76ec
76ec
76ec
870b
870b
870b
870b
870b
870b
870b
870b
870b
870b
870b
870b
870b
870b
870b
870b
870b
870b
972a
972a
972a
972a
972a
972a
972a
972a
972a
972a
972a
972a
972a
972a
972a
972a
972a
972a
a749
a749
a749
a749
a749
a749
a749
a749
a749
a749
a749
a749
a749
a749
a749
a749
a749
a749
b768
b768
b768
b768
b768
b768
b768
b768
b768
b768
b768
b768
b768
b768
b768
b768
b768
b768
c787
c787
c787
c787
c787
c787
c787
c787
c787
c787
c787
c787
c787
c787
c787
c787
c787
c787
d7a6
d7a6
d7a6
d7a6
d7a6
d7a6
d7a6
d7a6
d7a6
d7a6
d7a6
d7a6
d7a6
d7a6
d7a6
d7a6
d7a6
d7a6
e7c5
e7c5
e7c5
e7c5
e7c5
e7c5
e7c5
e7c5
e7c5
e7c5
e7c5
e7c5
e7c5
e7c5
e7c5
e7c5
e7c5
e7c5
f7e4
f7e4
f7e4
f7e4
f7e4
f7e4
f7e4
f7e4
f7e4
f7e4
f7e4
f7e4
f7e4
f7e4
f7e4
f7e4
f7e4
f7e4
f7e4
0613
0613
0613
0613
0613
0613
0613
0613
0613
0613
0613
0613
0613
0613
0613
0613
0613
1632
1632
1632
1632
1632
1632
1632
1632
1632
1632
1632
1632
1632
1632
1632
1632
1632
1632
2651
2651
2651
2651
2651
2651
2651
2651
2651
2651
2651
2651
2651
2651
2651
2651
2651
2651
3670
3670
3670
3670
3670
3670
3670
3670
3670
3670
3670
3670
3670
3670
3670
3670
3670
3670
468f
468f
468f
468f
468f
468f
468f
468f
468f
468f
468f
468f
468f
468f
468f
468f
468f
468f
56ae
56ae
56ae
56ae
56ae
56ae
56ae
56ae
56ae
56ae
56ae
56ae
56ae
56ae
56ae
56ae
56ae
56ae
66cd
66cd
66cd
66cd
66cd
66cd
66cd
66cd
66cd
66cd
66cd
66cd
66cd
66cd
66cd
66cd
66cd
66cd
76ec
76ec
76ec
76ec
76ec
76ec
76ec
76ec
76ec
76ec
76ec
76ec
76ec
76ec
76ec
76ec
76ec
76ec
870b
870b
870b
870b
870b
870b
870b
870b
870b
870b
870b
870b
870b
870b
870b
870b
870b
870b
972a
972a
972a
972a
972a
972a
972a
972a
972a
972a
972a
972a
972a
972a
972a
972a
972a
972a
a749
a749
a749
a749
a749
a749
a749
a749
a749
a749
a749
a749
a749
a749
a749
a749
a749
a749
b768
b768
b768
b768
b768
b768
b768
b768
b768
b768
b768
b768
b768
b768
b768
b768
b768
b768
c787
c787
c787
c787
c787
c787
c787
c787
c787
c787
c787
c787
c787
c787
c787
c787
c787
c787
d7a6
d7a6
d7a6
d7a6
d7a6
d7a6
d7a6
d7a6
d7a6
d7a6
d7a6
d7a6
d7a6
d7a6
d7a6
d7a6
d7a6
d7a6
e7c5
e7c5
e7c5
e7c5
e7c5
e7c5
e7c5
e7c5
e7c5
e7c5
e7c5
e7c5
e7c5
e7c5
e7c5
e7c5
e7c5
e7c5
f7e4
f7e4
f7e4
f7e4
f7e4
f7e4
f7e4
f7e4
f7e4
f7e4
f7e4
f7e4
f7e4
f7e4
f7e4
f7e4
f7e4
f7e4
f7e4
0613
0613
0613
0613
0613
0613
0613
0613
0613
0613
0613
0613
0613
0613
0613
0613
0613
1632
1632
1632
1632
1632
1632
1632
1632
1632
1632
1632
1632
1632
1632
1632
1632
1632
1632
2651
2651
2651
2651
2651
2651
2651
2651
2651
2651
2651
2651
2651
2651
2651
2651
2651
2651
3670
3670
3670
3670
3670
3670
3670
3670
3670
3670
3670
3670
3670
3670
3670
3670
3670
3670
468f
468f
468f
468f
468f
468f
468f
468f
468f
468f
468f
468f
468f
468f
468f
468f
468f
468f
56ae
56ae
56ae
56ae
56ae
56ae
56ae
56ae
56ae
56ae
56ae
56ae
56ae
56ae
56ae
56ae
56ae
56ae
66cd
66cd
66cd
66cd
66cd
66cd
66cd
66cd
66cd
66cd
66cd
66cd
66cd
66cd
66cd
66cd
66cd
66cd
76ec
76ec
76ec
76ec
76ec
76ec
76ec
76ec
76ec
76ec
76ec
76ec
76ec
76ec
76ec
76ec
76ec
76ec
870b
870b
870b
870b
870b
870b
870b
870b
870b
870b
870b
870b
870b
870b
870b
870b
870b
870b
972a
972a
972a
972a
972a
972a
972a
972a
972a
972a
972a
972a
972a
972a
972a
972a
972a
972a
a749
a749
a749
a749
a749
a749
a749
a749
a749
a749
a749
a749
a749
a749
a749
a749
a749
a749
b768
b768
b768
b768
b768
b768
b768
b768
b768
b768
b768
b768
b768
b768
b768
b768
b768
b768
c787
c787
c787
c787
c787
c787
c787
c787
c787
c787
c787
c787
c787
c787
c787
c787
c787
c787
d7a6
d7a6
d7a6
d7a6
d7a6
d7a6
d7a6
d7a6
d7a6
d7a6
d7a6
d7a6
d7a6
d7a6
d7a6
d7a6
d7a6
d7a6
e7c5
e7c5
e7c5
e7c5
e7c5
e7c5
e7c5
e7c5
e7c5
e7c5
e7c5
e7c5
e7c5
e7c5
e7c5
e7c5
e7c5
e7c5
f7e4
f7e4
f7e4
f7e4
f7e4
f7e4
f7e4
f7e4
f7e4
f7e4
f7e4
f7e4
f7e4
f7e4
f7e4
f7e4
f7e4
f7e4
f7e4
0692
0692
0692
0692
0692
0692
0692
0692
0692
0692
0692
0692
0692
0692
0692
0692
0692
16b1
16b1
16b1
16b1
16b1
16b1
16b1
16b1
16b1
16b1
16b1
16b1
16b1
16b1
16b1
16b1
16b1
16b1
26d0
26d0
26d0
26d0
26d0
26d0
26d0
26d0
26d0
26d0
26d0
26d0
26d0
26d0
26d0
26d0
26d0
26d0
36ef
36ef
36ef
36ef
36ef
36ef
36ef
36ef
36ef
36ef
36ef
36ef
36ef
36ef
36ef
36ef
36ef
36ef
470e
470e
470e
470e
470e
470e
470e
470e
470e
470e
470e
470e
470e
470e
470e
470e
470e
470e
572d
572d
572d
572d
572d
572d
572d
572d
572d
572d
572d
572d
572d
572d
572d
572d
572d
572d
674c
674c
674c
674c
674c
674c
674c
674c
674c
674c
674c
674c
674c
674c
674c
674c
674c
674c
776b
776b
776b
776b
776b
776b
776b
776b
776b
776b
776b
776b
776b
776b
776b
776b
776b
776b
878a
878a
878a
878a
878a
878a
878a
878a
878a
878a
878a
878a
878a
878a
878a
878a
878a
878a
97a9
97a9
97a9
97a9
97a9
97a9
97a9
97a9
97a9
97a9
97a9
97a9
97a9
97a9
97a9
97a9
97a9
97a9
a7c8
a7c8
a7c8
a7c8
a7c8
a7c8
a7c8
a7c8
a7c8
a7c8
a7c8
a7c8
a7c8
a7c8
a7c8
a7c8
a7c8
a7c8
b7e7
b7e7
b7e7
b7e7
b7e7
b7e7
b7e7
b7e7
b7e7
b7e7
b7e7
b7e7
b7e7
b7e7
b7e7
b7e7
b7e7
b7e7
c006
c006
c006
c006
c006
c006
c006
c006
c006
c006
c006
c006
c006
c006
c006
c006
c006
c006
d025
d025
d025
d025
d025
d025
d025
d025
d025
d025
d025
d025
d025
d025
d025
d025
d025
d025
e044
e044
e044
e044
e044
e044
e044
e044
e044
e044
e044
e044
e044
e044
e044
e044
e044
e044
f063
f063
f063
f063
f063
f063
f063
f063
f063
f063
f063
f063
f063
f063
f063
f063
f063
f063
f063
0692
0692
0692
0692
0692
0692
0692
0692
0692
0692
0692
0692
0692
0692
0692
0692
0692
16b1
16b1
16b1
16b1
16b1
16b1
16b1
16b1
16b1
16b1
16b1
16b1
16b1
16b1
16b1
16b1
16b1
16b1
26d0
26d0
26d0
26d0
26d0
26d0
26d0
26d0
26d0
26d0
26d0
26d0
26d0
26d0
26d0
26d0
26d0
26d0
36ef
36ef
36ef
36ef
36ef
36ef
36ef
36ef
36ef
36ef
36ef
36ef
36ef
36ef
36ef
36ef
36ef
36ef
470e
470e
470e
470e
470e
470e
470e
470e
470e
470e
470e
470e
470e
470e
470e
470e
470e
470e
572d
572d
572d
572d
572d
572d
572d
572d
572d
572d
572d
572d
572d
572d
572d
572d
572d
572d
674c
674c
674c
674c
674c
674c
674c
674c
674c
674c
674c
674c
674c
674c
674c
674c
674c
674c
776b
776b
776b
776b
776b
776b
776b
776b
776b
776b
776b
776b
776b
776b
776b
776b
776b
776b
878a
878a
878a
878a
878a
878a
878a
878a
878a
878a
878a
878a
878a
878a
878a
878a
878a
878a
97a9
97a9
97a9
97a9
97a9
97a9
97a9
97a9
97a9
97a9
97a9
97a9
97a9
97a9
97a9
97a9
97a9
97a9
a7c8
a7c8
a7c8
a7c8
a7c8
a7c8
a7c8
a7c8
a7c8
a7c8
a7c8
a7c8
a7c8
a7c8
a7c8
a7c8
a7c8
a7c8
b7e7
b7e7
b7e7
b7e7
b7e7
b7e7
b7e7
b7e7
b7e7
b7e7
b7e7
b7e7
b7e7
b7e7
b7e7
b7e7
b7e7
b7e7
c006
c006
c006
c006
c006
c006
c006
c006
c006
c006
c006
c006
c006
c006
c006
c006
c006
c006
d025
d025
d025
d025
d025
d025
d025
d025
d025
d025
d025
d025
d025
d025
d025
d025
d025
d025
e044
e044
e044
e044
e044
e044
e044
e044
e044
e044
e044
e044
e044
e044
e044
e044
e044
e044
f063
f063
f063
f063
f063
f063
f063
f063
f063
f063
f063
f063
f063
f063
f063
f063
f063
f063
f063
0692
0692
0692
0692
0692
0692
0692
0692
0692
0692
0692
0692
0692
0692
0692
0692
0692
16b1
16b1
16b1
16b1
16b1
16b1
16b1
16b1
16b1
16b1
16b1
16b1
16b1
16b1
16b1
16b1
16b1
16b1
26d0
26d0
26d0
26d0
26d0
26d0
26d0
26d0
26d0
26d0
26d0
26d0
26d0
26d0
26d0
26d0
26d0
26d0
36ef
36ef
36ef
36ef
36ef
36ef
36ef
36ef
36ef
36ef
36ef
36ef
36ef
36ef
36ef
36ef
36ef
36ef
470e
470e
470e
470e
470e
470e
470e
470e
470e
470e
470e
470e
470e
470e
470e
470e
470e
470e
572d
572d
572d
572d
572d
572d
572d
572d
572d
572d
572d
572d
572d
572d
572d
572d
572d
572d
674c
674c
674c
674c
674c
674c
674c
674c
674c
674c
674c
674c
674c
674c
674c
674c
674c
674c
776b
776b
776b
776b
776b
776b
776b
776b
776b
776b
776b
776b
776b
776b
776b
776b
776b
776b
878a
878a
878a
878a
878a
878a
878a
878a
878a
878a
878a
878a
878a
878a
878a
878a
878a
878a
97a9
97a9
97a9
97a9
97a9
97a9
97a9
97a9
97a9
97a9
97a9
97a9
97a9
97a9
97a9
97a9
97a9
97a9
a7c8
a7c8
a7c8
a7c8
a7c8
a7c8
a7c8
a7c8
a7c8
a7c8
a7c8
a7c8
a7c8
a7c8
a7c8
a7c8
a7c8
a7c8
b7e7
b7e7
b7e7
b7e7
b7e7
b7e7
b7e7
b7e7
b7e7
b7e7
b7e7
b7e7
b7e7
b7e7
b7e7
b7e7
b7e7
b7e7
c006
c006
c006
c006
c006
c006
c006
c006
c006
c006
c006
c006
c006
c006
c006
c006
c006
c006
d025
d025
d025
d025
d025
d025
d025
d025
d025
d025
d025
d025
d025
d025
d025
d025
d025
d025
e044
e044
e044
e044
e044
e044
e044
e044
e044
e044
e044
e044
e044
e044
e044
e044
e044
e044
f063
f063
f063
f063
f063
f063
f063
f063
f063
f063
f063
f063
f063
f063
f063
f063
f063
f063
f063
0692
0692
0692
0692
0692
0692
0692
0692
0692
0692
0692
0692
0692
0692
0692
0692
0692
16b1
16b1
16b1
16b1
16b1
16b1
16b1
16b1
16b1
16b1
16b1
16b1
16b1
16b1
16b1
16b1
16b1
16b1
26d0
26d0
26d0
26d0
26d0
26d0
26d0
26d0
26d0
26d0
26d0
26d0
26d0
26d0
26d0
26d0
26d0
26d0
36ef
36ef
36ef
36ef
36ef
36ef
36ef
36ef
36ef
36ef
36ef
36ef
36ef
36ef
36ef
36ef
36ef
36ef
470e
470e
470e
470e
470e
470e
470e
470e
470e
470e
470e
470e
470e
470e
470e
470e
470e
470e
572d
572d
572d
572d
572d
572d
572d
572d
572d
572d
572d
572d
572d
572d
572d
572d
572d
572d
674c
674c
674c
674c
674c
674c
674c
674c
674c
674c
674c
674c
674c
674c
674c
674c
674c
674c
776b
776b
776b
776b
776b
776b
776b
776b
776b
776b
776b
776b
776b
776b
776b
776b
776b
776b
878a
878a
878a
878a
878a
878a
878a
878a
878a
878a
878a
878a
878a
878a
878a
878a
878a
878a
97a9
97a9
97a9
97a9
97a9
97a9
97a9
97a9
97a9
97a9
97a9
97a9
97a9
97a9
97a9
97a9
97a9
97a9
a7c8
a7c8
a7c8
a7c8
a7c8
a7c8
a7c8
a7c8
a7c8
a7c8
a7c8
a7c8
a7c8
a7c8
a7c8
a7c8
a7c8
a7c8
b7e7
b7e7
b7e7
b7e7
b7e7
b7e7
b7e7
b7e7
b7e7
b7e7
b7e7
b7e7
b7e7
b7e7
b7e7
b7e7
b7e7
b7e7
c006
c006
c006
c006
c006
c006
c006
c006
c006
c006
c006
c006
c006
c006
c006
c006
c006
c006
d025
d025
d025
d025
d025
d025
d025
d025
d025
d025
d025
d025
d025
d025
d025
d025
d025
d025
e044
e044
e044
e044
e044
e044
e044
e044
e044
e044
e044
e044
e044
e044
e044
e044
e044
e044
f063
f063
f063
f063
f063
f063
f063
f063
f063
f063
f063
f063
f063
f063
f063
f063
f063
f063
f063
0692
0692
0692
0692
0692
0692
0692
0692
0692
0692
0692
0692
0692
0692
0692
0692
0692
16b1
16b1
16b1
16b1
16b1
16b1
16b1
16b1
16b1
16b1
16b1
16b1
16b1
16b1
16b1
16b1
16b1
16b1
26d0
26d0
26d0
26d0
26d0
26d0
26d0
26d0
26d0
26d0
26d0
26d0
26d0
26d0
26d0
26d0
26d0
26d0
36ef
36ef
36ef
36ef
36ef
36ef
36ef
36ef
36ef
36ef
36ef
36ef
36ef
36ef
36ef
36ef
36ef
36ef
470e
470e
470e
470e
470e
470e
470e
470e
470e
470e
470e
470e
470e
470e
470e
470e
470e
470e
572d
572d
572d
572d
572d
572d
572d
572d
572d
572d
572d
572d
572d
572d
572d
572d
572d
572d
674c
674c
674c
674c
674c
674c
674c
674c
674c
674c
674c
674c
674c
674c
674c
674c
674c
674c
776b
776b
776b
776b
776b
776b
776b
776b
776b
776b
776b
776b
776b
776b
776b
776b
776b
776b
878a
878a
878a
878a
878a
878a
878a
878a
878a
878a
878a
878a
878a
878a
878a
878a
878a
878a
97a9
97a9
97a9
97a9
97a9
97a9
97a9
97a9
97a9
97a9
97a9
97a9
97a9
97a9
97a9
97a9
97a9
97a9
a7c8
a7c8
a7c8
a7c8
a7c8
a7c8
a7c8
a7c8
a7c8
a7c8
a7c8
a7c8
a7c8
a7c8
a7c8
a7c8
a7c8
a7c8
b7e7
b7e7
b7e7
b7e7
b7e7
b7e7
b7e7
b7e7
b7e7
b7e7
b7e7
b7e7
b7e7
b7e7
b7e7
b7e7
b7e7
b7e7
c006
c006
c006
c006
c006
c006
c006
c006
c006
c006
c006
c006
c006
c006
c006
c006
c006
c006
d025
d025
d025
d025
d025
d025
d025
d025
d025
d025
d025
d025
d025
d025
d025
d025
d025
d025
e044
e044
e044
e044
e044
e044
e044
e044
e044
e044
e044
e044
e044
e044
e044
e044
e044
e044
f063
f063
f063
f063
f063
f063
f063
f063
f063
f063
f063
f063
f063
f063
f063
f063
f063
f063
f063
0692
0692
0692
0692
0692
0692
0692
0692
0692
0692
0692
0692
0692
0692
0692
0692
0692
16b1
16b1
16b1
16b1
16b1
16b1
16b1
16b1
16b1
16b1
16b1
16b1
16b1
16b1
16b1
16b1
16b1
16b1
26d0
26d0
26d0
26d0
26d0
26d0
26d0
26d0
26d0
26d0
26d0
26d0
26d0
26d0
26d0
26d0
26d0
26d0
36ef
36ef
36ef
36ef
36ef
36ef
36ef
36ef
36ef
36ef
36ef
36ef
36ef
36ef
36ef
36ef
36ef
36ef
470e
470e
470e
470e
470e
470e
470e
470e
470e
470e
470e
470e
470e
470e
470e
470e
470e
470e
572d
572d
572d
572d
572d
572d
572d
572d
572d
572d
572d
572d
572d
572d
572d
572d
572d
572d
674c
674c
674c
674c
674c
674c
674c
674c
674c
674c
674c
674c
674c
674c
674c
674c
674c
674c
776b
776b
776b
776b
776b
776b
776b
776b
776b
776b
776b
776b
776b
776b
776b
776b
776b
776b
878a
878a
878a
878a
878a
878a
878a
878a
878a
878a
878a
878a
878a
878a
878a
878a
878a
878a
97a9
97a9
97a9
97a9
97a9
97a9
97a9
97a9
97a9
97a9
97a9
97a9
97a9
97a9
97a9
97a9
97a9
97a9
a7c8
a7c8
a7c8
a7c8
a7c8
a7c8
a7c8
a7c8
a7c8
a7c8
a7c8
a7c8
a7c8
a7c8
a7c8
a7c8
a7c8
a7c8
b7e7
b7e7
b7e7
b7e7
b7e7
b7e7
b7e7
b7e7
b7e7
b7e7
b7e7
b7e7
b7e7
b7e7
b7e7
b7e7
b7e7
b7e7
c006
c006
c006
c006
c006
c006
c006
c006
c006
c006
c006
c006
c006
c006
c006
c006
c006
c006
d025
d025
d025
d025
d025
d025
d025
d025
d025
d025
d025
d025
d025
d025
d025
d025
d025
d025
e044
e044
e044
e044
e044
e044
e044
e044
e044
e044
e044
e044
e044
e044
e044
e044
e044
e044
f063
f063
f063
f063
f063
f063
f063
f063
f063
f063
f063
f063
f063
f063
f063
f063
f063
f063
f063
0692
0692
0692
0692
0692
0692
0692
0692
0692
0692
0692
0692
0692
0692
0692
0692
0692
16b1
16b1
16b1
16b1
16b1
16b1
16b1
16b1
16b1
16b1
16b1
16b1
16b1
16b1
16b1
16b1
16b1
16b1
26d0
26d0
26d0
26d0
26d0
26d0
26d0
26d0
26d0
26d0
26d0
26d0
26d0
26d0
26d0
26d0
26d0
26d0
36ef
36ef
36ef
36ef
36ef
36ef
36ef
36ef
36ef
36ef
36ef
36ef
36ef
36ef
36ef
36ef
36ef
36ef
470e
470e
470e
470e
470e
470e
470e
470e
470e
470e
470e
470e
470e
470e
470e
470e
470e
470e
572d
572d
572d
572d
572d
572d
572d
572d
572d
572d
572d
572d
572d
572d
572d
572d
572d
572d
674c
674c
674c
674c
674c
674c
674c
674c
674c
674c
674c
674c
674c
674c
674c
674c
674c
674c
776b
776b
776b
776b
776b
776b
776b
776b
776b
776b
776b
776b
776b
776b
776b
776b
776b
776b
878a
878a
878a
878a
878a
878a
878a
878a
878a
878a
878a
878a
878a
878a
878a
878a
878a
878a
97a9
97a9
97a9
97a9
97a9
97a9
97a9
97a9
97a9
97a9
97a9
97a9
97a9
97a9
97a9
97a9
97a9
97a9
a7c8
a7c8
a7c8
a7c8
a7c8
a7c8
a7c8
a7c8
a7c8
a7c8
a7c8
a7c8
a7c8
a7c8
a7c8
a7c8
a7c8
a7c8
b7e7
b7e7
b7e7
b7e7
b7e7
b7e7
b7e7
b7e7
b7e7
b7e7
b7e7
b7e7
b7e7
b7e7
b7e7
b7e7
b7e7
b7e7
c006
c006
c006
c006
c006
c006
c006
c006
c006
c006
c006
c006
c006
c006
c006
c006
c006
c006
d025
d025
d025
d025
d025
d025
d025
d025
d025
d025
d025
d025
d025
d025
d025
d025
d025
d025
e044
e044
e044
e044
e044
e044
e044
e044
e044
e044
e044
e044
e044
e044
e044
e044
e044
e044
f063
f063
f063
f063
f063
f063
f063
f063
f063
f063
f063
f063
f063
f063
f063
f063
f063
f063
f063
0692
0692
0692
0692
0692
0692
0692
0692
0692
0692
0692
0692
0692
0692
0692
0692
0692
16b1
16b1
16b1
16b1
16b1
16b1
16b1
16b1
16b1
16b1
16b1
16b1
16b1
16b1
16b1
16b1
16b1
16b1
26d0
26d0
26d0
26d0
26d0
26d0
26d0
26d0
26d0
26d0
26d0
26d0
26d0
26d0
26d0
26d0
26d0
26d0
36ef
36ef
36ef
36ef
36ef
36ef
36ef
36ef
36ef
36ef
36ef
36ef
36ef
36ef
36ef
36ef
36ef
36ef
470e
470e
470e
470e
470e
470e
470e
470e
470e
470e
470e
470e
470e
470e
470e
470e
470e
470e
572d
572d
572d
572d
572d
572d
572d
572d
572d
572d
572d
572d
572d
572d
572d
572d
572d
572d
674c
674c
674c
674c
674c
674c
674c
674c
674c
674c
674c
674c
674c
674c
674c
674c
674c
674c
776b
776b
776b
776b
776b
776b
776b
776b
776b
776b
776b
776b
776b
776b
776b
776b
776b
776b
878a
878a
878a
878a
878a
878a
878a
878a
878a
878a
878a
878a
878a
878a
878a
878a
878a
878a
97a9
97a9
97a9
97a9
97a9
97a9
97a9
97a9
97a9
97a9
97a9
97a9
97a9
97a9
97a9
97a9
97a9
97a9
a7c8
a7c8
a7c8
a7c8
a7c8
a7c8
a7c8
a7c8
a7c8
a7c8
a7c8
a7c8
a7c8
a7c8
a7c8
a7c8
a7c8
a7c8
b7e7
b7e7
b7e7
b7e7
b7e7
b7e7
b7e7
b7e7
b7e7
b7e7
b7e7
b7e7
b7e7
b7e7
b7e7
b7e7
b7e7
b7e7
c006
c006
c006
c006
c006
c006
c006
c006
c006
c006
c006
c006
c006
c006
c006
c006
c006
c006
d025
d025
d025
d025
d025
d025
d025
d025
d025
d025
d025
d025
d025
d025
d025
d025
d025
d025
e044
e044
e044
e044
e044
e044
e044
e044
e044
e044
e044
e044
e044
e044
e044
e044
e044
e044
f063
f063
f063
f063
f063
f063
f063
f063
f063
f063
f063
f063
f063
f063
f063
f063
f063
f063
f063
0692
0692
0692
0692
0692
0692
0692
0692
0692
0692
0692
0692
0692
0692
0692
0692
0692
16b1
16b1
16b1
16b1
16b1
16b1
16b1
16b1
16b1
16b1
16b1
16b1
16b1
16b1
16b1
16b1
16b1
16b1
26d0
26d0
26d0
26d0
26d0
26d0
26d0
26d0
26d0
26d0
26d0
26d0
26d0
26d0
26d0
26d0
26d0
26d0
36ef
36ef
36ef
36ef
36ef
36ef
36ef
36ef
36ef
36ef
36ef
36ef
36ef
36ef
36ef
36ef
36ef
36ef
470e
470e
470e
470e
470e
470e
470e
470e
470e
470e
470e
470e
470e
470e
470e
470e
470e
470e
572d
572d
572d
572d
572d
572d
572d
572d
572d
572d
572d
572d
572d
572d
572d
572d
572d
572d
674c
674c
674c
674c
674c
674c
674c
674c
674c
674c
674c
674c
674c
674c
674c
674c
674c
674c
776b
776b
776b
776b
776b
776b
776b
776b
776b
776b
776b
776b
776b
776b
776b
776b
776b
776b
878a
878a
878a
878a
878a
878a
878a
878a
878a
878a
878a
878a
878a
878a
878a
878a
878a
878a
97a9
97a9
97a9
97a9
97a9
97a9
97a9
97a9
97a9
97a9
97a9
97a9
97a9
97a9
97a9
97a9
97a9
97a9
a7c8
a7c8
a7c8
a7c8
a7c8
a7c8
a7c8
a7c8
a7c8
a7c8
a7c8
a7c8
a7c8
a7c8
a7c8
a7c8
a7c8
a7c8
b7e7
b7e7
b7e7
b7e7
b7e7
b7e7
b7e7
b7e7
b7e7
b7e7
b7e7
b7e7
b7e7
b7e7
b7e7
b7e7
b7e7
b7e7
c006
c006
c006
c006
c006
c006
c006
c006
c006
c006
c006
c006
c006
c006
c006
c006
c006
c006
d025
d025
d025
d025
d025
d025
d025
d025
d025
d025
d025
d025
d025
d025
d025
d025
d025
d025
e044
e044
e044
e044
e044
e044
e044
e044
e044
e044
e044
e044
e044
e044
e044
e044
e044
e044
f063
f063
f063
f063
f063
f063
f063
f063
f063
f063
f063
f063
f063
f063
f063
f063
f063
f063
f063
0692
0692
0692
0692
0692
0692
0692
0692
0692
0692
0692
0692
0692
0692
0692
0692
0692
16b1
16b1
16b1
16b1
16b1
16b1
16b1
16b1
16b1
16b1
16b1
16b1
16b1
16b1
16b1
16b1
16b1
16b1
26d0
26d0
26d0
26d0
26d0
26d0
26d0
26d0
26d0
26d0
26d0
26d0
26d0
26d0
26d0
26d0
26d0
26d0
36ef
36ef
36ef
36ef
36ef
36ef
36ef
36ef
36ef
36ef
36ef
36ef
36ef
36ef
36ef
36ef
36ef
36ef
470e
470e
470e
470e
470e
470e
470e
470e
470e
470e
470e
470e
470e
470e
470e
470e
470e
470e
572d
572d
572d
572d
572d
572d
572d
572d
572d
572d
572d
572d
572d
572d
572d
572d
572d
572d
674c
674c
674c
674c
674c
674c
674c
674c
674c
674c
674c
674c
674c
674c
674c
674c
674c
674c
776b
776b
776b
776b
776b
776b
776b
776b
776b
776b
776b
776b
776b
776b
776b
776b
776b
776b
878a
878a
878a
878a
878a
878a
878a
878a
878a
878a
878a
878a
878a
878a
878a
878a
878a
878a
97a9
97a9
97a9
97a9
97a9
97a9
97a9
97a9
97a9
97a9
97a9
97a9
97a9
97a9
97a9
97a9
97a9
97a9
a7c8
a7c8
a7c8
a7c8
a7c8
a7c8
a7c8
a7c8
a7c8
a7c8
a7c8
a7c8
a7c8
a7c8
a7c8
a7c8
a7c8
a7c8
b7e7
b7e7
b7e7
b7e7
b7e7
b7e7
b7e7
b7e7
b7e7
b7e7
b7e7
b7e7
b7e7
b7e7
b7e7
b7e7
b7e7
b7e7
c006
c006
c006
c006
c006
c006
c006
c006
c006
c006
c006
c006
c006
c006
c006
c006
c006
c006
d025
d025
d025
d025
d025
d025
d025
d025
d025
d025
d025
d025
d025
d025
d025
d025
d025
d025
e044
e044
e044
e044
e044
e044
e044
e044
e044
e044
e044
e044
e044
e044
e044
e044
e044
e044
f063
f063
f063
f063
f063
f063
f063
f063
f063
f063
f063
f063
f063
f063
f063
f063
f063
f063
f063
0692
0692
0692
0692
0692
0692
0692
0692
0692
0692
0692
0692
0692
0692
0692
0692
0692
16b1
16b1
16b1
16b1
16b1
16b1
16b1
16b1
16b1
16b1
16b1
16b1
16b1
16b1
16b1
16b1
16b1
16b1
26d0
26d0
26d0
26d0
26d0
26d0
26d0
26d0
26d0
26d0
26d0
26d0
26d0
26d0
26d0
26d0
26d0
26d0
36ef
36ef
36ef
36ef
36ef
36ef
36ef
36ef
36ef
36ef
36ef
36ef
36ef
36ef
36ef
36ef
36ef
36ef
470e
470e
470e
470e
470e
470e
470e
470e
470e
470e
470e
470e
470e
470e
470e
470e
470e
470e
572d
572d
572d
572d
572d
572d
572d
572d
572d
572d
572d
572d
572d
572d
572d
572d
572d
572d
674c
674c
674c
674c
674c
674c
674c
674c
674c
674c
674c
674c
674c
674c
674c
674c
674c
674c
776b
776b
776b
776b
776b
776b
776b
776b
776b
776b
776b
776b
776b
776b
776b
776b
776b
776b
878a
878a
878a
878a
878a
878a
878a
878a
878a
878a
878a
878a
878a
878a
878a
878a
878a
878a
97a9
97a9
97a9
97a9
97a9
97a9
97a9
97a9
97a9
97a9
97a9
97a9
97a9
97a9
97a9
97a9
97a9
97a9
a7c8
a7c8
a7c8
a7c8
a7c8
a7c8
a7c8
a7c8
a7c8
a7c8
a7c8
a7c8
a7c8
a7c8
a7c8
a7c8
a7c8
a7c8
b7e7
b7e7
b7e7
b7e7
b7e7
b7e7
b7e7
b7e7
b7e7
b7e7
b7e7
b7e7
b7e7
b7e7
b7e7
b7e7
b7e7
b7e7
c006
c006
c006
c006
c006
c006
c006
c006
c006
c006
c006
c006
c006
c006
c006
c006
c006
c006
d025
d025
d025
d025
d025
d025
d025
d025
d025
d025
d025
d025
d025
d025
d025
d025
d025
d025
e044
e044
e044
e044
e044
e044
e044
e044
e044
e044
e044
e044
e044
e044
e044
e044
e044
e044
f063
f063
f063
f063
f063
f063
f063
f063
f063
f063
f063
f063
f063
f063
f063
f063
f063
f063
f063
0692
0692
0692
0692
0692
0692
0692
0692
0692
0692
0692
0692
0692
0692
0692
0692
0692
16b1
16b1
16b1
16b1
16b1
16b1
16b1
16b1
16b1
16b1
16b1
16b1
16b1
16b1
16b1
16b1
16b1
16b1
26d0
26d0
26d0
26d0
26d0
26d0
26d0
26d0
26d0
26d0
26d0
26d0
26d0
26d0
26d0
26d0
26d0
26d0
36ef
36ef
36ef
36ef
36ef
36ef
36ef
36ef
36ef
36ef
36ef
36ef
36ef
36ef
36ef
36ef
36ef
36ef
470e
470e
470e
470e
470e
470e
470e
470e
470e
470e
470e
470e
470e
470e
470e
470e
470e
470e
572d
572d
572d
572d
572d
572d
572d
572d
572d
572d
572d
572d
572d
572d
572d
572d
572d
572d
674c
674c
674c
674c
674c
674c
674c
674c
674c
674c
674c
674c
674c
674c
674c
674c
674c
674c
776b
776b
776b
776b
776b
776b
776b
776b
776b
776b
776b
776b
776b
776b
776b
776b
776b
776b
878a
878a
878a
878a
878a
878a
878a
878a
878a
878a
878a
878a
878a
878a
878a
878a
878a
878a
97a9
97a9
97a9
97a9
97a9
97a9
97a9
97a9
97a9
97a9
97a9
97a9
97a9
97a9
97a9
97a9
97a9
97a9
a7c8
a7c8
a7c8
a7c8
a7c8
a7c8
a7c8
a7c8
a7c8
a7c8
a7c8
a7c8
a7c8
a7c8
a7c8
a7c8
a7c8
a7c8
b7e7
b7e7
b7e7
b7e7
b7e7
b7e7
b7e7
b7e7
b7e7
b7e7
b7e7
b7e7
b7e7
b7e7
b7e7
b7e7
b7e7
b7e7
c006
c006
c006
c006
c006
c006
c006
c006
c006
c006
c006
c006
c006
c006
c006
c006
c006
c006
d025
d025
d025
d025
d025
d025
d025
d025
d025
d025
d025
d025
d025
d025
d025
d025
d025
d025
e044
e044
e044
e044
e044
e044
e044
e044
e044
e044
e044
e044
e044
e044
e044
e044
e044
e044
f063
f063
f063
f063
f063
f063
f063
f063
f063
f063
f063
f063
f063
f063
f063
f063
f063
f063
f063
0692
0692
0692
0692
0692
0692
0692
0692
0692
0692
0692
0692
0692
0692
0692
0692
0692
16b1
16b1
16b1
16b1
16b1
16b1
16b1
16b1
16b1
16b1
16b1
16b1
16b1
16b1
16b1
16b1
16b1
16b1
26d0
26d0
26d0
26d0
26d0
26d0
26d0
26d0
26d0
26d0
26d0
26d0
26d0
26d0
26d0
26d0
26d0
26d0
36ef
36ef
36ef
36ef
36ef
36ef
36ef
36ef
36ef
36ef
36ef
36ef
36ef
36ef
36ef
36ef
36ef
36ef
470e
470e
470e
470e
470e
470e
470e
470e
470e
470e
470e
470e
470e
470e
470e
470e
470e
470e
572d
572d
572d
572d
572d
572d
572d
572d
572d
572d
572d
572d
572d
572d
572d
572d
572d
572d
674c
674c
674c
674c
674c
674c
674c
674c
674c
674c
674c
674c
674c
674c
674c
674c
674c
674c
776b
776b
776b
776b
776b
776b
776b
776b
776b
776b
776b
776b
776b
776b
776b
776b
776b
776b
878a
878a
878a
878a
878a
878a
878a
878a
878a
878a
878a
878a
878a
878a
878a
878a
878a
878a
97a9
97a9
97a9
97a9
97a9
97a9
97a9
97a9
97a9
97a9
97a9
97a9
97a9
97a9
97a9
97a9
97a9
97a9
a7c8
a7c8
a7c8
a7c8
a7c8
a7c8
a7c8
a7c8
a7c8
a7c8
a7c8
a7c8
a7c8
a7c8
a7c8
a7c8
a7c8
a7c8
b7e7
b7e7
b7e7
b7e7
b7e7
b7e7
b7e7
b7e7
b7e7
b7e7
b7e7
b7e7
b7e7
b7e7
b7e7
b7e7
b7e7
b7e7
c006
c006
c006
c006
c006
c006
c006
c006
c006
c006
c006
c006
c006
c006
c006
c006
c006
c006
d025
d025
d025
d025
d025
d025
d025
d025
d025
d025
d025
d025
d025
d025
d025
d025
d025
d025
e044
e044
e044
e044
e044
e044
e044
e044
e044
e044
e044
e044
e044
e044
e044
e044
e044
e044
f063
f063
f063
f063
f063
f063
f063
f063
f063
f063
f063
f063
f063
f063
f063
f063
f063
f063
f063
0692
0692
0692
0692
0692
0692
0692
0692
0692
0692
0692
0692
0692
0692
0692
0692
0692
16b1
16b1
16b1
16b1
16b1
16b1
16b1
16b1
16b1
16b1
16b1
16b1
16b1
16b1
16b1
16b1
16b1
16b1
26d0
26d0
26d0
26d0
26d0
26d0
26d0
26d0
26d0
26d0
26d0
26d0
26d0
26d0
26d0
26d0
26d0
26d0
36ef
36ef
36ef
36ef
36ef
36ef
36ef
36ef
36ef
36ef
36ef
36ef
36ef
36ef
36ef
36ef
36ef
36ef
470e
470e
470e
470e
470e
470e
470e
470e
470e
470e
470e
470e
470e
470e
470e
470e
470e
470e
572d
572d
572d
572d
572d
572d
572d
572d
572d
572d
572d
572d
572d
572d
572d
572d
572d
572d
674c
674c
674c
674c
674c
674c
674c
674c
674c
674c
674c
674c
674c
674c
674c
674c
674c
674c
776b
776b
776b
776b
776b
776b
776b
776b
776b
776b
776b
776b
776b
776b
776b
776b
776b
776b
878a
878a
878a
878a
878a
878a
878a
878a
878a
878a
878a
878a
878a
878a
878a
878a
878a
878a
97a9
97a9
97a9
97a9
97a9
97a9
97a9
97a9
97a9
97a9
97a9
97a9
97a9
97a9
97a9
97a9
97a9
97a9
a7c8
a7c8
a7c8
a7c8
a7c8
a7c8
a7c8
a7c8
a7c8
a7c8
a7c8
a7c8
a7c8
a7c8
a7c8
a7c8
a7c8
a7c8
b7e7
b7e7
b7e7
b7e7
b7e7
b7e7
b7e7
b7e7
b7e7
b7e7
b7e7
b7e7
b7e7
b7e7
b7e7
b7e7
b7e7
b7e7
c006
c006
c006
c006
c006
c006
c006
c006
c006
c006
c006
c006
c006
c006
c006
c006
c006
c006
d025
d025
d025
d025
d025
d025
d025
d025
d025
d025
d025
d025
d025
d025
d025
d025
d025
d025
e044
e044
e044
e044
e044
e044
e044
e044
e044
e044
e044
e044
e044
e044
e044
e044
e044
e044
f063
f063
f063
f063
f063
f063
f063
f063
f063
f063
f063
f063
f063
f063
f063
f063
f063
f063
f063
0711
0711
0711
0711
0711
0711
0711
0711
0711
0711
0711
0711
0711
0711
0711
0711
0711
1730
1730
1730
1730
1730
1730
1730
1730
1730
1730
1730
1730
1730
1730
1730
1730
1730
1730
274f
274f
274f
274f
274f
274f
274f
274f
274f
274f
274f
274f
274f
274f
274f
274f
274f
274f
376e
376e
376e
376e
376e
376e
376e
376e
376e
376e
376e
376e
376e
376e
376e
376e
376e
376e
478d
478d
478d
478d
478d
478d
478d
478d
478d
478d
478d
478d
478d
478d
478d
478d
478d
478d
57ac
57ac
57ac
57ac
57ac
57ac
57ac
57ac
57ac
57ac
57ac
57ac
57ac
57ac
57ac
57ac
57ac
57ac
67cb
67cb
67cb
67cb
67cb
67cb
67cb
67cb
67cb
67cb
67cb
67cb
67cb
67cb
67cb
67cb
67cb
67cb
77ea
77ea
77ea
77ea
77ea
77ea
77ea
77ea
77ea
77ea
77ea
77ea
77ea
77ea
77ea
77ea
77ea
77ea
8009
8009
8009
8009
8009
8009
8009
8009
8009
8009
8009
8009
8009
8009
8009
8009
8009
8009
9028
9028
9028
9028
9028
9028
9028
9028
9028
9028
9028
9028
9028
9028
9028
9028
9028
9028
a047
a047
a047
a047
a047
a047
a047
a047
a047
a047
a047
a047
a047
a047
a047
a047
a047
a047
b066
b066
b066
b066
b066
b066
b066
b066
b066
b066
b066
b066
b066
b066
b066
b066
b066
b066
c085
c085
c085
c085
c085
c085
c085
c085
c085
c085
c085
c085
c085
c085
c085
c085
c085
c085
d0a4
d0a4
d0a4
d0a4
d0a4
d0a4
d0a4
d0a4
d0a4
d0a4
d0a4
d0a4
d0a4
d0a4
d0a4
d0a4
d0a4
d0a4
e0c3
e0c3
e0c3
e0c3
e0c3
e0c3
e0c3
e0c3
e0c3
e0c3
e0c3
e0c3
e0c3
e0c3
e0c3
e0c3
e0c3
e0c3
f0e2
f0e2
f0e2
f0e2
f0e2
f0e2
f0e2
f0e2
f0e2
f0e2
f0e2
f0e2
f0e2
f0e2
f0e2
f0e2
f0e2
f0e2
f0e2
0711
0711
0711
0711
0711
0711
0711
0711
0711
0711
0711
0711
0711
0711
0711
0711
0711
1730
1730
1730
1730
1730
1730
1730
1730
1730
1730
1730
1730
1730
1730
1730
1730
1730
1730
274f
274f
274f
274f
274f
274f
274f
274f
274f
274f
274f
274f
274f
274f
274f
274f
274f
274f
376e
376e
376e
376e
376e
376e
376e
376e
376e
376e
376e
376e
376e
376e
376e
376e
376e
376e
478d
478d
478d
478d
478d
478d
478d
478d
478d
478d
478d
478d
478d
478d
478d
478d
478d
478d
57ac
57ac
57ac
57ac
57ac
57ac
57ac
57ac
57ac
57ac
57ac
57ac
57ac
57ac
57ac
57ac
57ac
57ac
67cb
67cb
67cb
67cb
67cb
67cb
67cb
67cb
67cb
67cb
67cb
67cb
67cb
67cb
67cb
67cb
67cb
67cb
77ea
77ea
77ea
77ea
77ea
77ea
77ea
77ea
77ea
77ea
77ea
77ea
77ea
77ea
77ea
77ea
77ea
77ea
8009
8009
8009
8009
8009
8009
8009
8009
8009
8009
8009
8009
8009
8009
8009
8009
8009
8009
9028
9028
9028
9028
9028
9028
9028
9028
9028
9028
9028
9028
9028
9028
9028
9028
9028
9028
a047
a047
a047
a047
a047
a047
a047
a047
a047
a047
a047
a047
a047
a047
a047
a047
a047
a047
b066
b066
b066
b066
b066
b066
b066
b066
b066
b066
b066
b066
b066
b066
b066
b066
b066
b066
c085
c085
c085
c085
c085
c085
c085
c085
c085
c085
c085
c085
c085
c085
c085
c085
c085
c085
d0a4
d0a4
d0a4
d0a4
d0a4
d0a4
d0a4
d0a4
d0a4
d0a4
d0a4
d0a4
d0a4
d0a4
d0a4
d0a4
d0a4
d0a4
e0c3
e0c3
e0c3
e0c3
e0c3
e0c3
e0c3
e0c3
e0c3
e0c3
e0c3
e0c3
e0c3
e0c3
e0c3
e0c3
e0c3
e0c3
f0e2
f0e2
f0e2
f0e2
f0e2
f0e2
f0e2
f0e2
f0e2
f0e2
f0e2
f0e2
f0e2
f0e2
f0e2
f0e2
f0e2
f0e2
f0e2
0711
0711
0711
0711
0711
0711
0711
0711
0711
0711
0711
0711
0711
0711
0711
0711
0711
1730
1730
1730
1730
1730
1730
1730
1730
1730
1730
1730
1730
1730
1730
1730
1730
1730
1730
274f
274f
274f
274f
274f
274f
274f
274f
274f
274f
274f
274f
274f
274f
274f
274f
274f
274f
376e
376e
376e
376e
376e
376e
376e
376e
376e
376e
376e
376e
376e
376e
376e
376e
376e
376e
478d
478d
478d
478d
478d
478d
478d
478d
478d
478d
478d
478d
478d
478d
478d
478d
478d
478d
57ac
57ac
57ac
57ac
57ac
57ac
57ac
57ac
57ac
57ac
57ac
57ac
57ac
57ac
57ac
57ac
57ac
57ac
67cb
67cb
67cb
67cb
67cb
67cb
67cb
67cb
67cb
67cb
67cb
67cb
67cb
67cb
67cb
67cb
67cb
67cb
77ea
77ea
77ea
77ea
77ea
77ea
77ea
77ea
77ea
77ea
77ea
77ea
77ea
77ea
77ea
77ea
77ea
77ea
8009
8009
8009
8009
8009
8009
8009
8009
8009
8009
8009
8009
8009
8009
8009
8009
8009
8009
9028
9028
9028
9028
9028
9028
9028
9028
9028
9028
9028
9028
9028
9028
9028
9028
9028
9028
a047
a047
a047
a047
a047
a047
a047
a047
a047
a047
a047
a047
a047
a047
a047
a047
a047
a047
b066
b066
b066
b066
b066
b066
b066
b066
b066
b066
b066
b066
b066
b066
b066
b066
b066
b066
c085
c085
c085
c085
c085
c085
c085
c085
c085
c085
c085
c085
c085
c085
c085
c085
c085
c085
d0a4
d0a4
d0a4
d0a4
d0a4
d0a4
d0a4
d0a4
d0a4
d0a4
d0a4
d0a4
d0a4
d0a4
d0a4
d0a4
d0a4
d0a4
e0c3
e0c3
e0c3
e0c3
e0c3
e0c3
e0c3
e0c3
e0c3
e0c3
e0c3
e0c3
e0c3
e0c3
e0c3
e0c3
e0c3
e0c3
f0e2
f0e2
f0e2
f0e2
f0e2
f0e2
f0e2
f0e2
f0e2
f0e2
f0e2
f0e2
f0e2
f0e2
f0e2
f0e2
f0e2
f0e2
f0e2
0711
0711
0711
0711
0711
0711
0711
0711
0711
0711
0711
0711
0711
0711
0711
0711
0711
1730
1730
1730
1730
1730
1730
1730
1730
1730
1730
1730
1730
1730
1730
1730
1730
1730
1730
274f
274f
274f
274f
274f
274f
274f
274f
274f
274f
274f
274f
274f
274f
274f
274f
274f
274f
376e
376e
376e
376e
376e
376e
376e
376e
376e
376e
376e
376e
376e
376e
376e
376e
376e
376e
478d
478d
478d
478d
478d
478d
478d
478d
478d
478d
478d
478d
478d
478d
478d
478d
478d
478d
57ac
57ac
57ac
57ac
57ac
57ac
57ac
57ac
57ac
57ac
57ac
57ac
57ac
57ac
57ac
57ac
57ac
57ac
67cb
67cb
67cb
67cb
67cb
67cb
67cb
67cb
67cb
67cb
67cb
67cb
67cb
67cb
67cb
67cb
67cb
67cb
77ea
77ea
77ea
77ea
77ea
77ea
77ea
77ea
77ea
77ea
77ea
77ea
77ea
77ea
77ea
77ea
77ea
77ea
8009
8009
8009
8009
8009
8009
8009
8009
8009
8009
8009
8009
8009
8009
8009
8009
8009
8009
9028
9028
9028
9028
9028
9028
9028
9028
9028
9028
9028
9028
9028
9028
9028
9028
9028
9028
a047
a047
a047
a047
a047
a047
a047
a047
a047
a047
a047
a047
a047
a047
a047
a047
a047
a047
b066
b066
b066
b066
b066
b066
b066
b066
b066
b066
b066
b066
b066
b066
b066
b066
b066
b066
c085
c085
c085
c085
c085
c085
c085
c085
c085
c085
c085
c085
c085
c085
c085
c085
c085
c085
d0a4
d0a4
d0a4
d0a4
d0a4
d0a4
d0a4
d0a4
d0a4
d0a4
d0a4
d0a4
d0a4
d0a4
d0a4
d0a4
d0a4
d0a4
e0c3
e0c3
e0c3
e0c3
e0c3
e0c3
e0c3
e0c3
e0c3
e0c3
e0c3
e0c3
e0c3
e0c3
e0c3
e0c3
e0c3
e0c3
f0e2
f0e2
f0e2
f0e2
f0e2
f0e2
f0e2
f0e2
f0e2
f0e2
f0e2
f0e2
f0e2
f0e2
f0e2
f0e2
f0e2
f0e2
f0e2
0711
0711
0711
0711
0711
0711
0711
0711
0711
0711
0711
0711
0711
0711
0711
0711
0711
1730
1730
1730
1730
1730
1730
1730
1730
1730
1730
1730
1730
1730
1730
1730
1730
1730
1730
274f
274f
274f
274f
274f
274f
274f
274f
274f
274f
274f
274f
274f
274f
274f
274f
274f
274f
376e
376e
376e
376e
376e
376e
376e
376e
376e
376e
376e
376e
376e
376e
376e
376e
376e
376e
478d
478d
478d
478d
478d
478d
478d
478d
478d
478d
478d
478d
478d
478d
478d
478d
478d
478d
57ac
57ac
57ac
57ac
57ac
57ac
57ac
57ac
57ac
57ac
57ac
57ac
57ac
57ac
57ac
57ac
57ac
57ac
67cb
67cb
67cb
67cb
67cb
67cb
67cb
67cb
67cb
67cb
67cb
67cb
67cb
67cb
67cb
67cb
67cb
67cb
77ea
77ea
77ea
77ea
77ea
77ea
77ea
77ea
77ea
77ea
77ea
77ea
77ea
77ea
77ea
77ea
77ea
77ea
8009
8009
8009
8009
8009
8009
8009
8009
8009
8009
8009
8009
8009
8009
8009
8009
8009
8009
9028
9028
9028
9028
9028
9028
9028
9028
9028
9028
9028
9028
9028
9028
9028
9028
9028
9028
a047
a047
a047
a047
a047
a047
a047
a047
a047
a047
a047
a047
a047
a047
a047
a047
a047
a047
b066
b066
b066
b066
b066
b066
b066
b066
b066
b066
b066
b066
b066
b066
b066
b066
b066
b066
c085
c085
c085
c085
c085
c085
c085
c085
c085
c085
c085
c085
c085
c085
c085
c085
c085
c085
d0a4
d0a4
d0a4
d0a4
d0a4
d0a4
d0a4
d0a4
d0a4
d0a4
d0a4
d0a4
d0a4
d0a4
d0a4
d0a4
d0a4
d0a4
e0c3
e0c3
e0c3
e0c3
e0c3
e0c3
e0c3
e0c3
e0c3
e0c3
e0c3
e0c3
e0c3
e0c3
e0c3
e0c3
e0c3
e0c3
f0e2
f0e2
f0e2
f0e2
f0e2
f0e2
f0e2
f0e2
f0e2
f0e2
f0e2
f0e2
f0e2
f0e2
f0e2
f0e2
f0e2
f0e2
f0e2
0711
0711
0711
0711
0711
0711
0711
0711
0711
0711
0711
0711
0711
0711
0711
0711
0711
1730
1730
1730
1730
1730
1730
1730
1730
1730
1730
1730
1730
1730
1730
1730
1730
1730
1730
274f
274f
274f
274f
274f
274f
274f
274f
274f
274f
274f
274f
274f
274f
274f
274f
274f
274f
376e
376e
376e
376e
376e
376e
376e
376e
376e
376e
376e
376e
376e
376e
376e
376e
376e
376e
478d
478d
478d
478d
478d
478d
478d
478d
478d
478d
478d
478d
478d
478d
478d
478d
478d
478d
57ac
57ac
57ac
57ac
57ac
57ac
57ac
57ac
57ac
57ac
57ac
57ac
57ac
57ac
57ac
57ac
57ac
57ac
67cb
67cb
67cb
67cb
67cb
67cb
67cb
67cb
67cb
67cb
67cb
67cb
67cb
67cb
67cb
67cb
67cb
67cb
77ea
77ea
77ea
77ea
77ea
77ea
77ea
77ea
77ea
77ea
77ea
77ea
77ea
77ea
77ea
77ea
77ea
77ea
8009
8009
8009
8009
8009
8009
8009
8009
8009
8009
8009
8009
8009
8009
8009
8009
8009
8009
9028
9028
9028
9028
9028
9028
9028
9028
9028
9028
9028
9028
9028
9028
9028
9028
9028
9028
a047
a047
a047
a047
a047
a047
a047
a047
a047
a047
a047
a047
a047
a047
a047
a047
a047
a047
b066
b066
b066
b066
b066
b066
b066
b066
b066
b066
b066
b066
b066
b066
b066
b066
b066
b066
c085
c085
c085
c085
c085
c085
c085
c085
c085
c085
c085
c085
c085
c085
c085
c085
c085
c085
d0a4
d0a4
d0a4
d0a4
d0a4
d0a4
d0a4
d0a4
d0a4
d0a4
d0a4
d0a4
d0a4
d0a4
d0a4
d0a4
d0a4
d0a4
e0c3
e0c3
e0c3
e0c3
e0c3
e0c3
e0c3
e0c3
e0c3
e0c3
e0c3
e0c3
e0c3
e0c3
e0c3
e0c3
e0c3
e0c3
f0e2
f0e2
f0e2
f0e2
f0e2
f0e2
f0e2
f0e2
f0e2
f0e2
f0e2
f0e2
f0e2
f0e2
f0e2
f0e2
f0e2
f0e2
f0e2
0711
0711
0711
0711
0711
0711
0711
0711
0711
0711
0711
0711
0711
0711
0711
0711
0711
1730
1730
1730
1730
1730
1730
1730
1730
1730
1730
1730
1730
1730
1730
1730
1730
1730
1730
274f
274f
274f
274f
274f
274f
274f
274f
274f
274f
274f
274f
274f
274f
274f
274f
274f
274f
376e
376e
376e
376e
376e
376e
376e
376e
376e
376e
376e
376e
376e
376e
376e
376e
376e
376e
478d
478d
478d
478d
478d
478d
478d
478d
478d
478d
478d
478d
478d
478d
478d
478d
478d
478d
57ac
57ac
57ac
57ac
57ac
57ac
57ac
57ac
57ac
57ac
57ac
57ac
57ac
57ac
57ac
57ac
57ac
57ac
67cb
67cb
67cb
67cb
67cb
67cb
67cb
67cb
67cb
67cb
67cb
67cb
67cb
67cb
67cb
67cb
67cb
67cb
77ea
77ea
77ea
77ea
77ea
77ea
77ea
77ea
77ea
77ea
77ea
77ea
77ea
77ea
77ea
77ea
77ea
77ea
8009
8009
8009
8009
8009
8009
8009
8009
8009
8009
8009
8009
8009
8009
8009
8009
8009
8009
9028
9028
9028
9028
9028
9028
9028
9028
9028
9028
9028
9028
9028
9028
9028
9028
9028
9028
a047
a047
a047
a047
a047
a047
a047
a047
a047
a047
a047
a047
a047
a047
a047
a047
a047
a047
b066
b066
b066
b066
b066
b066
b066
b066
b066
b066
b066
b066
b066
b066
b066
b066
b066
b066
c085
c085
c085
c085
c085
c085
c085
c085
c085
c085
c085
c085
c085
c085
c085
c085
c085
c085
d0a4
d0a4
d0a4
d0a4
d0a4
d0a4
d0a4
d0a4
d0a4
d0a4
d0a4
d0a4
d0a4
d0a4
d0a4
d0a4
d0a4
d0a4
e0c3
e0c3
e0c3
e0c3
e0c3
e0c3
e0c3
e0c3
e0c3
e0c3
e0c3
e0c3
e0c3
e0c3
e0c3
e0c3
e0c3
e0c3
f0e2
f0e2
f0e2
f0e2
f0e2
f0e2
f0e2
f0e2
f0e2
f0e2
f0e2
f0e2
f0e2
f0e2
f0e2
f0e2
f0e2
f0e2
f0e2
0711
0711
0711
0711
0711
0711
0711
0711
0711
0711
0711
0711
0711
0711
0711
0711
0711
1730
1730
1730
1730
1730
1730
1730
1730
1730
1730
1730
1730
1730
1730
1730
1730
1730
1730
274f
274f
274f
274f
274f
274f
274f
274f
274f
274f
274f
274f
274f
274f
274f
274f
274f
274f
376e
376e
376e
376e
376e
376e
376e
376e
376e
376e
376e
376e
376e
376e
376e
376e
376e
376e
478d
478d
478d
478d
478d
478d
478d
478d
478d
478d
478d
478d
478d
478d
478d
478d
478d
478d
57ac
57ac
57ac
57ac
57ac
57ac
57ac
57ac
57ac
57ac
57ac
57ac
57ac
57ac
57ac
57ac
57ac
57ac
67cb
67cb
67cb
67cb
67cb
67cb
67cb
67cb
67cb
67cb
67cb
67cb
67cb
67cb
67cb
67cb
67cb
67cb
77ea
77ea
77ea
77ea
77ea
77ea
77ea
77ea
77ea
77ea
77ea
77ea
77ea
77ea
77ea
77ea
77ea
77ea
8009
8009
8009
8009
8009
8009
8009
8009
8009
8009
8009
8009
8009
8009
8009
8009
8009
8009
9028
9028
9028
9028
9028
9028
9028
9028
9028
9028
9028
9028
9028
9028
9028
9028
9028
9028
a047
a047
a047
a047
a047
a047
a047
a047
a047
a047
a047
a047
a047
a047
a047
a047
a047
a047
b066
b066
b066
b066
b066
b066
b066
b066
b066
b066
b066
b066
b066
b066
b066
b066
b066
b066
c085
c085
c085
c085
c085
c085
c085
c085
c085
c085
c085
c085
c085
c085
c085
c085
c085
c085
d0a4
d0a4
d0a4
d0a4
d0a4
d0a4
d0a4
d0a4
d0a4
d0a4
d0a4
d0a4
d0a4
d0a4
d0a4
d0a4
d0a4
d0a4
e0c3
e0c3
e0c3
e0c3
e0c3
e0c3
e0c3
e0c3
e0c3
e0c3
e0c3
e0c3
e0c3
e0c3
e0c3
e0c3
e0c3
e0c3
f0e2
f0e2
f0e2
f0e2
f0e2
f0e2
f0e2
f0e2
f0e2
f0e2
f0e2
f0e2
f0e2
f0e2
f0e2
f0e2
f0e2
f0e2
f0e2
0711
0711
0711
0711
0711
0711
0711
0711
0711
0711
0711
0711
0711
0711
0711
0711
0711
1730
1730
1730
1730
1730
1730
1730
1730
1730
1730
1730
1730
1730
1730
1730
1730
1730
1730
274f
274f
274f
274f
274f
274f
274f
274f
274f
274f
274f
274f
274f
274f
274f
274f
274f
274f
376e
376e
376e
376e
376e
376e
376e
376e
376e
376e
376e
376e
376e
376e
376e
376e
376e
376e
478d
478d
478d
478d
478d
478d
478d
478d
478d
478d
478d
478d
478d
478d
478d
478d
478d
478d
57ac
57ac
57ac
57ac
57ac
57ac
57ac
57ac
57ac
57ac
57ac
57ac
57ac
57ac
57ac
57ac
57ac
57ac
67cb
67cb
67cb
67cb
67cb
67cb
67cb
67cb
67cb
67cb
67cb
67cb
67cb
67cb
67cb
67cb
67cb
67cb
77ea
77ea
77ea
77ea
77ea
77ea
77ea
77ea
77ea
77ea
77ea
77ea
77ea
77ea
77ea
77ea
77ea
77ea
8009
8009
8009
8009
8009
8009
8009
8009
8009
8009
8009
8009
8009
8009
8009
8009
8009
8009
9028
9028
9028
9028
9028
9028
9028
9028
9028
9028
9028
9028
9028
9028
9028
9028
9028
9028
a047
a047
a047
a047
a047
a047
a047
a047
a047
a047
a047
a047
a047
a047
a047
a047
a047
a047
b066
b066
b066
b066
b066
b066
b066
b066
b066
b066
b066
b066
b066
b066
b066
b066
b066
b066
c085
c085
c085
c085
c085
c085
c085
c085
c085
c085
c085
c085
c085
c085
c085
c085
c085
c085
d0a4
d0a4
d0a4
d0a4
d0a4
d0a4
d0a4
d0a4
d0a4
d0a4
d0a4
d0a4
d0a4
d0a4
d0a4
d0a4
d0a4
d0a4
e0c3
e0c3
e0c3
e0c3
e0c3
e0c3
e0c3
e0c3
e0c3
e0c3
e0c3
e0c3
e0c3
e0c3
e0c3
e0c3
e0c3
e0c3
f0e2
f0e2
f0e2
f0e2
f0e2
f0e2
f0e2
f0e2
f0e2
f0e2
f0e2
f0e2
f0e2
f0e2
f0e2
f0e2
f0e2
f0e2
f0e2
0711
0711
0711
0711
0711
0711
0711
0711
0711
0711
0711
0711
0711
0711
0711
0711
0711
1730
1730
1730
1730
1730
1730
1730
1730
1730
1730
1730
1730
1730
1730
1730
1730
1730
1730
274f
274f
274f
274f
274f
274f
274f
274f
274f
274f
274f
274f
274f
274f
274f
274f
274f
274f
376e
376e
376e
376e
376e
376e
376e
376e
376e
376e
376e
376e
376e
376e
376e
376e
376e
376e
478d
478d
478d
478d
478d
478d
478d
478d
478d
478d
478d
478d
478d
478d
478d
478d
478d
478d
57ac
57ac
57ac
57ac
57ac
57ac
57ac
57ac
57ac
57ac
57ac
57ac
57ac
57ac
57ac
57ac
57ac
57ac
67cb
67cb
67cb
67cb
67cb
67cb
67cb
67cb
67cb
67cb
67cb
67cb
67cb
67cb
67cb
67cb
67cb
67cb
77ea
77ea
77ea
77ea
77ea
77ea
77ea
77ea
77ea
77ea
77ea
77ea
77ea
77ea
77ea
77ea
77ea
77ea
8009
8009
8009
8009
8009
8009
8009
8009
8009
8009
8009
8009
8009
8009
8009
8009
8009
8009
9028
9028
9028
9028
9028
9028
9028
9028
9028
9028
9028
9028
9028
9028
9028
9028
9028
9028
a047
a047
a047
a047
a047
a047
a047
a047
a047
a047
a047
a047
a047
a047
a047
a047
a047
a047
b066
b066
b066
b066
b066
b066
b066
b066
b066
b066
b066
b066
b066
b066
b066
b066
b066
b066
c085
c085
c085
c085
c085
c085
c085
c085
c085
c085
c085
c085
c085
c085
c085
c085
c085
c085
d0a4
d0a4
d0a4
d0a4
d0a4
d0a4
d0a4
d0a4
d0a4
d0a4
d0a4
d0a4
d0a4
d0a4
d0a4
d0a4
d0a4
d0a4
e0c3
e0c3
e0c3
e0c3
e0c3
e0c3
e0c3
e0c3
e0c3
e0c3
e0c3
e0c3
e0c3
e0c3
e0c3
e0c3
e0c3
e0c3
f0e2
f0e2
f0e2
f0e2
f0e2
f0e2
f0e2
f0e2
f0e2
f0e2
f0e2
f0e2
f0e2
f0e2
f0e2
f0e2
f0e2
f0e2
f0e2
0711
0711
0711
0711
0711
0711
0711
0711
0711
0711
0711
0711
0711
0711
0711
0711
0711
1730
1730
1730
1730
1730
1730
1730
1730
1730
1730
1730
1730
1730
1730
1730
1730
1730
1730
274f
274f
274f
274f
274f
274f
274f
274f
274f
274f
274f
274f
274f
274f
274f
274f
274f
274f
376e
376e
376e
376e
376e
376e
376e
376e
376e
376e
376e
376e
376e
376e
376e
376e
376e
376e
478d
478d
478d
478d
478d
478d
478d
478d
478d
478d
478d
478d
478d
478d
478d
478d
478d
478d
57ac
57ac
57ac
57ac
57ac
57ac
57ac
57ac
57ac
57ac
57ac
57ac
57ac
57ac
57ac
57ac
57ac
57ac
67cb
67cb
67cb
67cb
67cb
67cb
67cb
67cb
67cb
67cb
67cb
67cb
67cb
67cb
67cb
67cb
67cb
67cb
77ea
77ea
77ea
77ea
77ea
77ea
77ea
77ea
77ea
77ea
77ea
77ea
77ea
77ea
77ea
77ea
77ea
77ea
8009
8009
8009
8009
8009
8009
8009
8009
8009
8009
8009
8009
8009
8009
8009
8009
8009
8009
9028
9028
9028
9028
9028
9028
9028
9028
9028
9028
9028
9028
9028
9028
9028
9028
9028
9028
a047
a047
a047
a047
a047
a047
a047
a047
a047
a047
a047
a047
a047
a047
a047
a047
a047
a047
b066
b066
b066
b066
b066
b066
b066
b066
b066
b066
b066
b066
b066
b066
b066
b066
b066
b066
c085
c085
c085
c085
c085
c085
c085
c085
c085
c085
c085
c085
c085
c085
c085
c085
c085
c085
d0a4
d0a4
d0a4
d0a4
d0a4
d0a4
d0a4
d0a4
d0a4
d0a4
d0a4
d0a4
d0a4
d0a4
d0a4
d0a4
d0a4
d0a4
e0c3
e0c3
e0c3
e0c3
e0c3
e0c3
e0c3
e0c3
e0c3
e0c3
e0c3
e0c3
e0c3
e0c3
e0c3
e0c3
e0c3
e0c3
f0e2
f0e2
f0e2
f0e2
f0e2
f0e2
f0e2
f0e2
f0e2
f0e2
f0e2
f0e2
f0e2
f0e2
f0e2
f0e2
f0e2
f0e2
f0e2
0711
0711
0711
0711
0711
0711
0711
0711
0711
0711
0711
0711
0711
0711
0711
0711
0711
1730
1730
1730
1730
1730
1730
1730
1730
1730
1730
1730
1730
1730
1730
1730
1730
1730
1730
274f
274f
274f
274f
274f
274f
274f
274f
274f
274f
274f
274f
274f
274f
274f
274f
274f
274f
376e
376e
376e
376e
376e
376e
376e
376e
376e
376e
376e
376e
376e
376e
376e
376e
376e
376e
478d
478d
478d
478d
478d
478d
478d
478d
478d
478d
478d
478d
478d
478d
478d
478d
478d
478d
57ac
57ac
57ac
57ac
57ac
57ac
57ac
57ac
57ac
57ac
57ac
57ac
57ac
57ac
57ac
57ac
57ac
57ac
67cb
67cb
67cb
67cb
67cb
67cb
67cb
67cb
67cb
67cb
67cb
67cb
67cb
67cb
67cb
67cb
67cb
67cb
77ea
77ea
77ea
77ea
77ea
77ea
77ea
77ea
77ea
77ea
77ea
77ea
77ea
77ea
77ea
77ea
77ea
77ea
8009
8009
8009
8009
8009
8009
8009
8009
8009
8009
8009
8009
8009
8009
8009
8009
8009
8009
9028
9028
9028
9028
9028
9028
9028
9028
9028
9028
9028
9028
9028
9028
9028
9028
9028
9028
a047
a047
a047
a047
a047
a047
a047
a047
a047
a047
a047
a047
a047
a047
a047
a047
a047
a047
b066
b066
b066
b066
b066
b066
b066
b066
b066
b066
b066
b066
b066
b066
b066
b066
b066
b066
c085
c085
c085
c085
c085
c085
c085
c085
c085
c085
c085
c085
c085
c085
c085
c085
c085
c085
d0a4
d0a4
d0a4
d0a4
d0a4
d0a4
d0a4
d0a4
d0a4
d0a4
d0a4
d0a4
d0a4
d0a4
d0a4
d0a4
d0a4
d0a4
e0c3
e0c3
e0c3
e0c3
e0c3
e0c3
e0c3
e0c3
e0c3
e0c3
e0c3
e0c3
e0c3
e0c3
e0c3
e0c3
e0c3
e0c3
f0e2
f0e2
f0e2
f0e2
f0e2
f0e2
f0e2
f0e2
f0e2
f0e2
f0e2
f0e2
f0e2
f0e2
f0e2
f0e2
f0e2
f0e2
f0e2
0711
0711
0711
0711
0711
0711
0711
0711
0711
0711
0711
0711
0711
0711
0711
0711
0711
1730
1730
1730
1730
1730
1730
1730
1730
1730
1730
1730
1730
1730
1730
1730
1730
1730
1730
274f
274f
274f
274f
274f
274f
274f
274f
274f
274f
274f
274f
274f
274f
274f
274f
274f
274f
376e
376e
376e
376e
376e
376e
376e
376e
376e
376e
376e
376e
376e
376e
376e
376e
376e
376e
478d
478d
478d
478d
478d
478d
478d
478d
478d
478d
478d
478d
478d
478d
478d
478d
478d
478d
57ac
57ac
57ac
57ac
57ac
57ac
57ac
57ac
57ac
57ac
57ac
57ac
57ac
57ac
57ac
57ac
57ac
57ac
67cb
67cb
67cb
67cb
67cb
67cb
67cb
67cb
67cb
67cb
67cb
67cb
67cb
67cb
67cb
67cb
67cb
67cb
77ea
77ea
77ea
77ea
77ea
77ea
77ea
77ea
77ea
77ea
77ea
77ea
77ea
77ea
77ea
77ea
77ea
77ea
8009
8009
8009
8009
8009
8009
8009
8009
8009
8009
8009
8009
8009
8009
8009
8009
8009
8009
9028
9028
9028
9028
9028
9028
9028
9028
9028
9028
9028
9028
9028
9028
9028
9028
9028
9028
a047
a047
a047
a047
a047
a047
a047
a047
a047
a047
a047
a047
a047
a047
a047
a047
a047
a047
b066
b066
b066
b066
b066
b066
b066
b066
b066
b066
b066
b066
b066
b066
b066
b066
b066
b066
c085
c085
c085
c085
c085
c085
c085
c085
c085
c085
c085
c085
c085
c085
c085
c085
c085
c085
d0a4
d0a4
d0a4
d0a4
d0a4
d0a4
d0a4
d0a4
d0a4
d0a4
d0a4
d0a4
d0a4
d0a4
d0a4
d0a4
d0a4
d0a4
e0c3
e0c3
e0c3
e0c3
e0c3
e0c3
e0c3
e0c3
e0c3
e0c3
e0c3
e0c3
e0c3
e0c3
e0c3
e0c3
e0c3
e0c3
f0e2
f0e2
f0e2
f0e2
f0e2
f0e2
f0e2
f0e2
f0e2
f0e2
f0e2
f0e2
f0e2
f0e2
f0e2
f0e2
f0e2
f0e2
f0e2
0790
0790
0790
0790
0790
0790
0790
0790
0790
0790
0790
0790
0790
0790
0790
0790
0790
17af
17af
17af
17af
17af
17af
17af
17af
17af
17af
17af
17af
17af
17af
17af
17af
17af
17af
27ce
27ce
27ce
27ce
27ce
27ce
27ce
27ce
27ce
27ce
27ce
27ce
27ce
27ce
27ce
27ce
27ce
27ce
37ed
37ed
37ed
37ed
37ed
37ed
37ed
37ed
37ed
37ed
37ed
37ed
37ed
37ed
37ed
37ed
37ed
37ed
400c
400c
400c
400c
400c
400c
400c
400c
400c
400c
400c
400c
400c
400c
400c
400c
400c
400c
502b
502b
502b
502b
502b
502b
502b
502b
502b
502b
502b
502b
502b
502b
502b
502b
502b
502b
604a
604a
604a
604a
604a
604a
604a
604a
604a
604a
604a
604a
604a
604a
604a
604a
604a
604a
7069
7069
7069
7069
7069
7069
7069
7069
7069
7069
7069
7069
7069
7069
7069
7069
7069
7069
8088
8088
8088
8088
8088
8088
8088
8088
8088
8088
8088
8088
8088
8088
8088
8088
8088
8088
90a7
90a7
90a7
90a7
90a7
90a7
90a7
90a7
90a7
90a7
90a7
90a7
90a7
90a7
90a7
90a7
90a7
90a7
a0c6
a0c6
a0c6
a0c6
a0c6
a0c6
a0c6
a0c6
a0c6
a0c6
a0c6
a0c6
a0c6
a0c6
a0c6
a0c6
a0c6
a0c6
b0e5
b0e5
b0e5
b0e5
b0e5
b0e5
b0e5
b0e5
b0e5
b0e5
b0e5
b0e5
b0e5
b0e5
b0e5
b0e5
b0e5
b0e5
c104
c104
c104
c104
c104
c104
c104
c104
c104
c104
c104
c104
c104
c104
c104
c104
c104
c104
d123
d123
d123
d123
d123
d123
d123
d123
d123
d123
d123
d123
d123
d123
d123
d123
d123
d123
e142
e142
e142
e142
e142
e142
e142
e142
e142
e142
e142
e142
e142
e142
e142
e142
e142
e142
f161
f161
f161
f161
f161
f161
f161
f161
f161
f161
f161
f161
f161
f161
f161
f161
f161
f161
f161
0790
0790
0790
0790
0790
0790
0790
0790
0790
0790
0790
0790
0790
0790
0790
0790
0790
17af
17af
17af
17af
17af
17af
17af
17af
17af
17af
17af
17af
17af
17af
17af
17af
17af
17af
27ce
27ce
27ce
27ce
27ce
27ce
27ce
27ce
27ce
27ce
27ce
27ce
27ce
27ce
27ce
27ce
27ce
27ce
37ed
37ed
37ed
37ed
37ed
37ed
37ed
37ed
37ed
37ed
37ed
37ed
37ed
37ed
37ed
37ed
37ed
37ed
400c
400c
400c
400c
400c
400c
400c
400c
400c
400c
400c
400c
400c
400c
400c
400c
400c
400c
502b
502b
502b
502b
502b
502b
502b
502b
502b
502b
502b
502b
502b
502b
502b
502b
502b
502b
604a
604a
604a
604a
604a
604a
604a
604a
604a
604a
604a
604a
604a
604a
604a
604a
604a
604a
7069
7069
7069
7069
7069
7069
7069
7069
7069
7069
7069
7069
7069
7069
7069
7069
7069
7069
8088
8088
8088
8088
8088
8088
8088
8088
8088
8088
8088
8088
8088
8088
8088
8088
8088
8088
90a7
90a7
90a7
90a7
90a7
90a7
90a7
90a7
90a7
90a7
90a7
90a7
90a7
90a7
90a7
90a7
90a7
90a7
a0c6
a0c6
a0c6
a0c6
a0c6
a0c6
a0c6
a0c6
a0c6
a0c6
a0c6
a0c6
a0c6
a0c6
a0c6
a0c6
a0c6
a0c6
b0e5
b0e5
b0e5
b0e5
b0e5
b0e5
b0e5
b0e5
b0e5
b0e5
b0e5
b0e5
b0e5
b0e5
b0e5
b0e5
b0e5
b0e5
c104
c104
c104
c104
c104
c104
c104
c104
c104
c104
c104
c104
c104
c104
c104
c104
c104
c104
d123
d123
d123
d123
d123
d123
d123
d123
d123
d123
d123
d123
d123
d123
d123
d123
d123
d123
e142
e142
e142
e142
e142
e142
e142
e142
e142
e142
e142
e142
e142
e142
e142
e142
e142
e142
f161
f161
f161
f161
f161
f161
f161
f161
f161
f161
f161
f161
f161
f161
f161
f161
f161
f161
f161
0790
0790
0790
0790
0790
0790
0790
0790
0790
0790
0790
0790
0790
0790
0790
0790
0790
17af
17af
17af
17af
17af
17af
17af
17af
17af
17af
17af
17af
17af
17af
17af
17af
17af
17af
27ce
27ce
27ce
27ce
27ce
27ce
27ce
27ce
27ce
27ce
27ce
27ce
27ce
27ce
27ce
27ce
27ce
27ce
37ed
37ed
37ed
37ed
37ed
37ed
37ed
37ed
37ed
37ed
37ed
37ed
37ed
37ed
37ed
37ed
37ed
37ed
400c
400c
400c
400c
400c
400c
400c
400c
400c
400c
400c
400c
400c
400c
400c
400c
400c
400c
502b
502b
502b
502b
502b
502b
502b
502b
502b
502b
502b
502b
502b
502b
502b
502b
502b
502b
604a
604a
604a
604a
604a
604a
604a
604a
604a
604a
604a
604a
604a
604a
604a
604a
604a
604a
7069
7069
7069
7069
7069
7069
7069
7069
7069
7069
7069
7069
7069
7069
7069
7069
7069
7069
8088
8088
8088
8088
8088
8088
8088
8088
8088
8088
8088
8088
8088
8088
8088
8088
8088
8088
90a7
90a7
90a7
90a7
90a7
90a7
90a7
90a7
90a7
90a7
90a7
90a7
90a7
90a7
90a7
90a7
90a7
90a7
a0c6
a0c6
a0c6
a0c6
a0c6
a0c6
a0c6
a0c6
a0c6
a0c6
a0c6
a0c6
a0c6
a0c6
a0c6
a0c6
a0c6
a0c6
b0e5
b0e5
b0e5
b0e5
b0e5
b0e5
b0e5
b0e5
b0e5
b0e5
b0e5
b0e5
b0e5
b0e5
b0e5
b0e5
b0e5
b0e5
c104
c104
c104
c104
c104
c104
c104
c104
c104
c104
c104
c104
c104
c104
c104
c104
c104
c104
d123
d123
d123
d123
d123
d123
d123
d123
d123
d123
d123
d123
d123
d123
d123
d123
d123
d123
e142
e142
e142
e142
e142
e142
e142
e142
e142
e142
e142
e142
e142
e142
e142
e142
e142
e142
f161
f161
f161
f161
f161
f161
f161
f161
f161
f161
f161
f161
f161
f161
f161
f161
f161
f161
f161
0790
0790
0790
0790
0790
0790
0790
0790
0790
0790
0790
0790
0790
0790
0790
0790
0790
17af
17af
17af
17af
17af
17af
17af
17af
17af
17af
17af
17af
17af
17af
17af
17af
17af
17af
27ce
27ce
27ce
27ce
27ce
27ce
27ce
27ce
27ce
27ce
27ce
27ce
27ce
27ce
27ce
27ce
27ce
27ce
37ed
37ed
37ed
37ed
37ed
37ed
37ed
37ed
37ed
37ed
37ed
37ed
37ed
37ed
37ed
37ed
37ed
37ed
400c
400c
400c
400c
400c
400c
400c
400c
400c
400c
400c
400c
400c
400c
400c
400c
400c
400c
502b
502b
502b
502b
502b
502b
502b
502b
502b
502b
502b
502b
502b
502b
502b
502b
502b
502b
604a
604a
604a
604a
604a
604a
604a
604a
604a
604a
604a
604a
604a
604a
604a
604a
604a
604a
7069
7069
7069
7069
7069
7069
7069
7069
7069
7069
7069
7069
7069
7069
7069
7069
7069
7069
8088
8088
8088
8088
8088
8088
8088
8088
8088
8088
8088
8088
8088
8088
8088
8088
8088
8088
90a7
90a7
90a7
90a7
90a7
90a7
90a7
90a7
90a7
90a7
90a7
90a7
90a7
90a7
90a7
90a7
90a7
90a7
a0c6
a0c6
a0c6
a0c6
a0c6
a0c6
a0c6
a0c6
a0c6
a0c6
a0c6
a0c6
a0c6
a0c6
a0c6
a0c6
a0c6
a0c6
b0e5
b0e5
b0e5
b0e5
b0e5
b0e5
b0e5
b0e5
b0e5
b0e5
b0e5
b0e5
b0e5
b0e5
b0e5
b0e5
b0e5
b0e5
c104
c104
c104
c104
c104
c104
c104
c104
c104
c104
c104
c104
c104
c104
c104
c104
c104
c104
d123
d123
d123
d123
d123
d123
d123
d123
d123
d123
d123
d123
d123
d123
d123
d123
d123
d123
e142
e142
e142
e142
e142
e142
e142
e142
e142
e142
e142
e142
e142
e142
e142
e142
e142
e142
f161
f161
f161
f161
f161
f161
f161
f161
f161
f161
f161
f161
f161
f161
f161
f161
f161
f161
f161
0790
0790
0790
0790
0790
0790
0790
0790
0790
0790
0790
0790
0790
0790
0790
0790
0790
17af
17af
17af
17af
17af
17af
17af
17af
17af
17af
17af
17af
17af
17af
17af
17af
17af
17af
27ce
27ce
27ce
27ce
27ce
27ce
27ce
27ce
27ce
27ce
27ce
27ce
27ce
27ce
27ce
27ce
27ce
27ce
37ed
37ed
37ed
37ed
37ed
37ed
37ed
37ed
37ed
37ed
37ed
37ed
37ed
37ed
37ed
37ed
37ed
37ed
400c
400c
400c
400c
400c
400c
400c
400c
400c
400c
400c
400c
400c
400c
400c
400c
400c
400c
502b
502b
502b
502b
502b
502b
502b
502b
502b
502b
502b
502b
502b
502b
502b
502b
502b
502b
604a
604a
604a
604a
604a
604a
604a
604a
604a
604a
604a
604a
604a
604a
604a
604a
604a
604a
7069
7069
7069
7069
7069
7069
7069
7069
7069
7069
7069
7069
7069
7069
7069
7069
7069
7069
8088
8088
8088
8088
8088
8088
8088
8088
8088
8088
8088
8088
8088
8088
8088
8088
8088
8088
90a7
90a7
90a7
90a7
90a7
90a7
90a7
90a7
90a7
90a7
90a7
90a7
90a7
90a7
90a7
90a7
90a7
90a7
a0c6
a0c6
a0c6
a0c6
a0c6
a0c6
a0c6
a0c6
a0c6
a0c6
a0c6
a0c6
a0c6
a0c6
a0c6
a0c6
a0c6
a0c6
b0e5
b0e5
b0e5
b0e5
b0e5
b0e5
b0e5
b0e5
b0e5
b0e5
b0e5
b0e5
b0e5
b0e5
b0e5
b0e5
b0e5
b0e5
c104
c104
c104
c104
c104
c104
c104
c104
c104
c104
c104
c104
c104
c104
c104
c104
c104
c104
d123
d123
d123
d123
d123
d123
d123
d123
d123
d123
d123
d123
d123
d123
d123
d123
d123
d123
e142
e142
e142
e142
e142
e142
e142
e142
e142
e142
e142
e142
e142
e142
e142
e142
e142
e142
f161
f161
f161
f161
f161
f161
f161
f161
f161
f161
f161
f161
f161
f161
f161
f161
f161
f161
f161
0790
0790
0790
0790
0790
0790
0790
0790
0790
0790
0790
0790
0790
0790
0790
0790
0790
17af
17af
17af
17af
17af
17af
17af
17af
17af
17af
17af
17af
17af
17af
17af
17af
17af
17af
27ce
27ce
27ce
27ce
27ce
27ce
27ce
27ce
27ce
27ce
27ce
27ce
27ce
27ce
27ce
27ce
27ce
27ce
37ed
37ed
37ed
37ed
37ed
37ed
37ed
37ed
37ed
37ed
37ed
37ed
37ed
37ed
37ed
37ed
37ed
37ed
400c
400c
400c
400c
400c
400c
400c
400c
400c
400c
400c
400c
400c
400c
400c
400c
400c
400c
502b
502b
502b
502b
502b
502b
502b
502b
502b
502b
502b
502b
502b
502b
502b
502b
502b
502b
604a
604a
604a
604a
604a
604a
604a
604a
604a
604a
604a
604a
604a
604a
604a
604a
604a
604a
7069
7069
7069
7069
7069
7069
7069
7069
7069
7069
7069
7069
7069
7069
7069
7069
7069
7069
8088
8088
8088
8088
8088
8088
8088
8088
8088
8088
8088
8088
8088
8088
8088
8088
8088
8088
90a7
90a7
90a7
90a7
90a7
90a7
90a7
90a7
90a7
90a7
90a7
90a7
90a7
90a7
90a7
90a7
90a7
90a7
a0c6
a0c6
a0c6
a0c6
a0c6
a0c6
a0c6
a0c6
a0c6
a0c6
a0c6
a0c6
a0c6
a0c6
a0c6
a0c6
a0c6
a0c6
b0e5
b0e5
b0e5
b0e5
b0e5
b0e5
b0e5
b0e5
b0e5
b0e5
b0e5
b0e5
b0e5
b0e5
b0e5
b0e5
b0e5
b0e5
c104
c104
c104
c104
c104
c104
c104
c104
c104
c104
c104
c104
c104
c104
c104
c104
c104
c104
d123
d123
d123
d123
d123
d123
d123
d123
d123
d123
d123
d123
d123
d123
d123
d123
d123
d123
e142
e142
e142
e142
e142
e142
e142
e142
e142
e142
e142
e142
e142
e142
e142
e142
e142
e142
f161
f161
f161
f161
f161
f161
f161
f161
f161
f161
f161
f161
f161
f161
f161
f161
f161
f161
f161
0790
0790
0790
0790
0790
0790
0790
0790
0790
0790
0790
0790
0790
0790
0790
0790
0790
17af
17af
17af
17af
17af
17af
17af
17af
17af
17af
17af
17af
17af
17af
17af
17af
17af
17af
27ce
27ce
27ce
27ce
27ce
27ce
27ce
27ce
27ce
27ce
27ce
27ce
27ce
27ce
27ce
27ce
27ce
27ce
37ed
37ed
37ed
37ed
37ed
37ed
37ed
37ed
37ed
37ed
37ed
37ed
37ed
37ed
37ed
37ed
37ed
37ed
400c
400c
400c
400c
400c
400c
400c
400c
400c
400c
400c
400c
400c
400c
400c
400c
400c
400c
502b
502b
502b
502b
502b
502b
502b
502b
502b
502b
502b
502b
502b
502b
502b
502b
502b
502b
604a
604a
604a
604a
604a
604a
604a
604a
604a
604a
604a
604a
604a
604a
604a
604a
604a
604a
7069
7069
7069
7069
7069
7069
7069
7069
7069
7069
7069
7069
7069
7069
7069
7069
7069
7069
8088
8088
8088
8088
8088
8088
8088
8088
8088
8088
8088
8088
8088
8088
8088
8088
8088
8088
90a7
90a7
90a7
90a7
90a7
90a7
90a7
90a7
90a7
90a7
90a7
90a7
90a7
90a7
90a7
90a7
90a7
90a7
a0c6
a0c6
a0c6
a0c6
a0c6
a0c6
a0c6
a0c6
a0c6
a0c6
a0c6
a0c6
a0c6
a0c6
a0c6
a0c6
a0c6
a0c6
b0e5
b0e5
b0e5
b0e5
b0e5
b0e5
b0e5
b0e5
b0e5
b0e5
b0e5
b0e5
b0e5
b0e5
b0e5
b0e5
b0e5
b0e5
c104
c104
c104
c104
c104
c104
c104
c104
c104
c104
c104
c104
c104
c104
c104
c104
c104
c104
d123
d123
d123
d123
d123
d123
d123
d123
d123
d123
d123
d123
d123
d123
d123
d123
d123
d123
e142
e142
e142
e142
e142
e142
e142
e142
e142
e142
e142
e142
e142
e142
e142
e142
e142
e142
f161
f161
f161
f161
f161
f161
f161
f161
f161
f161
f161
f161
f161
f161
f161
f161
f161
f161
f161
0790
0790
0790
0790
0790
0790
0790
0790
0790
0790
0790
0790
0790
0790
0790
0790
0790
17af
17af
17af
17af
17af
17af
17af
17af
17af
17af
17af
17af
17af
17af
17af
17af
17af
17af
27ce
27ce
27ce
27ce
27ce
27ce
27ce
27ce
27ce
27ce
27ce
27ce
27ce
27ce
27ce
27ce
27ce
27ce
37ed
37ed
37ed
37ed
37ed
37ed
37ed
37ed
37ed
37ed
37ed
37ed
37ed
37ed
37ed
37ed
37ed
37ed
400c
400c
400c
400c
400c
400c
400c
400c
400c
400c
400c
400c
400c
400c
400c
400c
400c
400c
502b
502b
502b
502b
502b
502b
502b
502b
502b
502b
502b
502b
502b
502b
502b
502b
502b
502b
604a
604a
604a
604a
604a
604a
604a
604a
604a
604a
604a
604a
604a
604a
604a
604a
604a
604a
7069
7069
7069
7069
7069
7069
7069
7069
7069
7069
7069
7069
7069
7069
7069
7069
7069
7069
8088
8088
8088
8088
8088
8088
8088
8088
8088
8088
8088
8088
8088
8088
8088
8088
8088
8088
90a7
90a7
90a7
90a7
90a7
90a7
90a7
90a7
90a7
90a7
90a7
90a7
90a7
90a7
90a7
90a7
90a7
90a7
a0c6
a0c6
a0c6
a0c6
a0c6
a0c6
a0c6
a0c6
a0c6
a0c6
a0c6
a0c6
a0c6
a0c6
a0c6
a0c6
a0c6
a0c6
b0e5
b0e5
b0e5
b0e5
b0e5
b0e5
b0e5
b0e5
b0e5
b0e5
b0e5
b0e5
b0e5
b0e5
b0e5
b0e5
b0e5
b0e5
c104
c104
c104
c104
c104
c104
c104
c104
c104
c104
c104
c104
c104
c104
c104
c104
c104
c104
d123
d123
d123
d123
d123
d123
d123
d123
d123
d123
d123
d123
d123
d123
d123
d123
d123
d123
e142
e142
e142
e142
e142
e142
e142
e142
e142
e142
e142
e142
e142
e142
e142
e142
e142
e142
f161
f161
f161
f161
f161
f161
f161
f161
f161
f161
f161
f161
f161
f161
f161
f161
f161
f161
f161
0790
0790
0790
0790
0790
0790
0790
0790
0790
0790
0790
0790
0790
0790
0790
0790
0790
17af
17af
17af
17af
17af
17af
17af
17af
17af
17af
17af
17af
17af
17af
17af
17af
17af
17af
27ce
27ce
27ce
27ce
27ce
27ce
27ce
27ce
27ce
27ce
27ce
27ce
27ce
27ce
27ce
27ce
27ce
27ce
37ed
37ed
37ed
37ed
37ed
37ed
37ed
37ed
37ed
37ed
37ed
37ed
37ed
37ed
37ed
37ed
37ed
37ed
400c
400c
400c
400c
400c
400c
400c
400c
400c
400c
400c
400c
400c
400c
400c
400c
400c
400c
502b
502b
502b
502b
502b
502b
502b
502b
502b
502b
502b
502b
502b
502b
502b
502b
502b
502b
604a
604a
604a
604a
604a
604a
604a
604a
604a
604a
604a
604a
604a
604a
604a
604a
604a
604a
7069
7069
7069
7069
7069
7069
7069
7069
7069
7069
7069
7069
7069
7069
7069
7069
7069
7069
8088
8088
8088
8088
8088
8088
8088
8088
8088
8088
8088
8088
8088
8088
8088
8088
8088
8088
90a7
90a7
90a7
90a7
90a7
90a7
90a7
90a7
90a7
90a7
90a7
90a7
90a7
90a7
90a7
90a7
90a7
90a7
a0c6
a0c6
a0c6
a0c6
a0c6
a0c6
a0c6
a0c6
a0c6
a0c6
a0c6
a0c6
a0c6
a0c6
a0c6
a0c6
a0c6
a0c6
b0e5
b0e5
b0e5
b0e5
b0e5
b0e5
b0e5
b0e5
b0e5
b0e5
b0e5
b0e5
b0e5
b0e5
b0e5
b0e5
b0e5
b0e5
c104
c104
c104
c104
c104
c104
c104
c104
c104
c104
c104
c104
c104
c104
c104
c104
c104
c104
d123
d123
d123
d123
d123
d123
d123
d123
d123
d123
d123
d123
d123
d123
d123
d123
d123
d123
e142
e142
e142
e142
e142
e142
e142
e142
e142
e142
e142
e142
e142
e142
e142
e142
e142
e142
f161
f161
f161
f161
f161
f161
f161
f161
f161
f161
f161
f161
f161
f161
f161
f161
f161
f161
f161
0790
0790
0790
0790
0790
0790
0790
0790
0790
0790
0790
0790
0790
0790
0790
0790
0790
17af
17af
17af
17af
17af
17af
17af
17af
17af
17af
17af
17af
17af
17af
17af
17af
17af
17af
27ce
27ce
27ce
27ce
27ce
27ce
27ce
27ce
27ce
27ce
27ce
27ce
27ce
27ce
27ce
27ce
27ce
27ce
37ed
37ed
37ed
37ed
37ed
37ed
37ed
37ed
37ed
37ed
37ed
37ed
37ed
37ed
37ed
37ed
37ed
37ed
400c
400c
400c
400c
400c
400c
400c
400c
400c
400c
400c
400c
400c
400c
400c
400c
400c
400c
502b
502b
502b
502b
502b
502b
502b
502b
502b
502b
502b
502b
502b
502b
502b
502b
502b
502b
604a
604a
604a
604a
604a
604a
604a
604a
604a
604a
604a
604a
604a
604a
604a
604a
604a
604a
7069
7069
7069
7069
7069
7069
7069
7069
7069
7069
7069
7069
7069
7069
7069
7069
7069
7069
8088
8088
8088
8088
8088
8088
8088
8088
8088
8088
8088
8088
8088
8088
8088
8088
8088
8088
90a7
90a7
90a7
90a7
90a7
90a7
90a7
90a7
90a7
90a7
90a7
90a7
90a7
90a7
90a7
90a7
90a7
90a7
a0c6
a0c6
a0c6
a0c6
a0c6
a0c6
a0c6
a0c6
a0c6
a0c6
a0c6
a0c6
a0c6
a0c6
a0c6
a0c6
a0c6
a0c6
b0e5
b0e5
b0e5
b0e5
b0e5
b0e5
b0e5
b0e5
b0e5
b0e5
b0e5
b0e5
b0e5
b0e5
b0e5
b0e5
b0e5
b0e5
c104
c104
c104
c104
c104
c104
c104
c104
c104
c104
c104
c104
c104
c104
c104
c104
c104
c104
d123
d123
d123
d123
d123
d123
d123
d123
d123
d123
d123
d123
d123
d123
d123
d123
d123
d123
e142
e142
e142
e142
e142
e142
e142
e142
e142
e142
e142
e142
e142
e142
e142
e142
e142
e142
f161
f161
f161
f161
f161
f161
f161
f161
f161
f161
f161
f161
f161
f161
f161
f161
f161
f161
f161
0790
0790
0790
0790
0790
0790
0790
0790
0790
0790
0790
0790
0790
0790
0790
0790
0790
17af
17af
17af
17af
17af
17af
17af
17af
17af
17af
17af
17af
17af
17af
17af
17af
17af
17af
27ce
27ce
27ce
27ce
27ce
27ce
27ce
27ce
27ce
27ce
27ce
27ce
27ce
27ce
27ce
27ce
27ce
27ce
37ed
37ed
37ed
37ed
37ed
37ed
37ed
37ed
37ed
37ed
37ed
37ed
37ed
37ed
37ed
37ed
37ed
37ed
400c
400c
400c
400c
400c
400c
400c
400c
400c
400c
400c
400c
400c
400c
400c
400c
400c
400c
502b
502b
502b
502b
502b
502b
502b
502b
502b
502b
502b
502b
502b
502b
502b
502b
502b
502b
604a
604a
604a
604a
604a
604a
604a
604a
604a
604a
604a
604a
604a
604a
604a
604a
604a
604a
7069
7069
7069
7069
7069
7069
7069
7069
7069
7069
7069
7069
7069
7069
7069
7069
7069
7069
8088
8088
8088
8088
8088
8088
8088
8088
8088
8088
8088
8088
8088
8088
8088
8088
8088
8088
90a7
90a7
90a7
90a7
90a7
90a7
90a7
90a7
90a7
90a7
90a7
90a7
90a7
90a7
90a7
90a7
90a7
90a7
a0c6
a0c6
a0c6
a0c6
a0c6
a0c6
a0c6
a0c6
a0c6
a0c6
a0c6
a0c6
a0c6
a0c6
a0c6
a0c6
a0c6
a0c6
b0e5
b0e5
b0e5
b0e5
b0e5
b0e5
b0e5
b0e5
b0e5
b0e5
b0e5
b0e5
b0e5
b0e5
b0e5
b0e5
b0e5
b0e5
c104
c104
c104
c104
c104
c104
c104
c104
c104
c104
c104
c104
c104
c104
c104
c104
c104
c104
d123
d123
d123
d123
d123
d123
d123
d123
d123
d123
d123
d123
d123
d123
d123
d123
d123
d123
e142
e142
e142
e142
e142
e142
e142
e142
e142
e142
e142
e142
e142
e142
e142
e142
e142
e142
f161
f161
f161
f161
f161
f161
f161
f161
f161
f161
f161
f161
f161
f161
f161
f161
f161
f161
f161
0790
0790
0790
0790
0790
0790
0790
0790
0790
0790
0790
0790
0790
0790
0790
0790
0790
17af
17af
17af
17af
17af
17af
17af
17af
17af
17af
17af
17af
17af
17af
17af
17af
17af
17af
27ce
27ce
27ce
27ce
27ce
27ce
27ce
27ce
27ce
27ce
27ce
27ce
27ce
27ce
27ce
27ce
27ce
27ce
37ed
37ed
37ed
37ed
37ed
37ed
37ed
37ed
37ed
37ed
37ed
37ed
37ed
37ed
37ed
37ed
37ed
37ed
400c
400c
400c
400c
400c
400c
400c
400c
400c
400c
400c
400c
400c
400c
400c
400c
400c
400c
502b
502b
502b
502b
502b
502b
502b
502b
502b
502b
502b
502b
502b
502b
502b
502b
502b
502b
604a
604a
604a
604a
604a
604a
604a
604a
604a
604a
604a
604a
604a
604a
604a
604a
604a
604a
7069
7069
7069
7069
7069
7069
7069
7069
7069
7069
7069
7069
7069
7069
7069
7069
7069
7069
8088
8088
8088
8088
8088
8088
8088
8088
8088
8088
8088
8088
8088
8088
8088
8088
8088
8088
90a7
90a7
90a7
90a7
90a7
90a7
90a7
90a7
90a7
90a7
90a7
90a7
90a7
90a7
90a7
90a7
90a7
90a7
a0c6
a0c6
a0c6
a0c6
a0c6
a0c6
a0c6
a0c6
a0c6
a0c6
a0c6
a0c6
a0c6
a0c6
a0c6
a0c6
a0c6
a0c6
b0e5
b0e5
b0e5
b0e5
b0e5
b0e5
b0e5
b0e5
b0e5
b0e5
b0e5
b0e5
b0e5
b0e5
b0e5
b0e5
b0e5
b0e5
c104
c104
c104
c104
c104
c104
c104
c104
c104
c104
c104
c104
c104
c104
c104
c104
c104
c104
d123
d123
d123
d123
d123
d123
d123
d123
d123
d123
d123
d123
d123
d123
d123
d123
d123
d123
e142
e142
e142
e142
e142
e142
e142
e142
e142
e142
e142
e142
e142
e142
e142
e142
e142
e142
f161
f161
f161
f161
f161
f161
f161
f161
f161
f161
f161
f161
f161
f161
f161
f161
f161
f161
f161
0790
0790
0790
0790
0790
0790
0790
0790
0790
0790
0790
0790
0790
0790
0790
0790
0790
17af
17af
17af
17af
17af
17af
17af
17af
17af
17af
17af
17af
17af
17af
17af
17af
17af
17af
27ce
27ce
27ce
27ce
27ce
27ce
27ce
27ce
27ce
27ce
27ce
27ce
27ce
27ce
27ce
27ce
27ce
27ce
37ed
37ed
37ed
37ed
37ed
37ed
37ed
37ed
37ed
37ed
37ed
37ed
37ed
37ed
37ed
37ed
37ed
37ed
400c
400c
400c
400c
400c
400c
400c
400c
400c
400c
400c
400c
400c
400c
400c
400c
400c
400c
502b
502b
502b
502b
502b
502b
502b
502b
502b
502b
502b
502b
502b
502b
502b
502b
502b
502b
604a
604a
604a
604a
604a
604a
604a
604a
604a
604a
604a
604a
604a
604a
604a
604a
604a
604a
7069
7069
7069
7069
7069
7069
7069
7069
7069
7069
7069
7069
7069
7069
7069
7069
7069
7069
8088
8088
8088
8088
8088
8088
8088
8088
8088
8088
8088
8088
8088
8088
8088
8088
8088
8088
90a7
90a7
90a7
90a7
90a7
90a7
90a7
90a7
90a7
90a7
90a7
90a7
90a7
90a7
90a7
90a7
90a7
90a7
a0c6
a0c6
a0c6
a0c6
a0c6
a0c6
a0c6
a0c6
a0c6
a0c6
a0c6
a0c6
a0c6
a0c6
a0c6
a0c6
a0c6
a0c6
b0e5
b0e5
b0e5
b0e5
b0e5
b0e5
b0e5
b0e5
b0e5
b0e5
b0e5
b0e5
b0e5
b0e5
b0e5
b0e5
b0e5
b0e5
c104
c104
c104
c104
c104
c104
c104
c104
c104
c104
c104
c104
c104
c104
c104
c104
c104
c104
d123
d123
d123
d123
d123
d123
d123
d123
d123
d123
d123
d123
d123
d123
d123
d123
d123
d123
e142
e142
e142
e142
e142
e142
e142
e142
e142
e142
e142
e142
e142
e142
e142
e142
e142
e142
f161
f161
f161
f161
f161
f161
f161
f161
f161
f161
f161
f161
f161
f161
f161
f161
f161
f161
f161
0790
0790
0790
0790
0790
0790
0790
0790
0790
0790
0790
0790
0790
0790
0790
0790
0790
17af
17af
17af
17af
17af
17af
17af
17af
17af
17af
17af
17af
17af
17af
17af
17af
17af
17af
27ce
27ce
27ce
27ce
27ce
27ce
27ce
27ce
27ce
27ce
27ce
27ce
27ce
27ce
27ce
27ce
27ce
27ce
37ed
37ed
37ed
37ed
37ed
37ed
37ed
37ed
37ed
37ed
37ed
37ed
37ed
37ed
37ed
37ed
37ed
37ed
400c
400c
400c
400c
400c
400c
400c
400c
400c
400c
400c
400c
400c
400c
400c
400c
400c
400c
502b
502b
502b
502b
502b
502b
502b
502b
502b
502b
502b
502b
502b
502b
502b
502b
502b
502b
604a
604a
604a
604a
604a
604a
604a
604a
604a
604a
604a
604a
604a
604a
604a
604a
604a
604a
7069
7069
7069
7069
7069
7069
7069
7069
7069
7069
7069
7069
7069
7069
7069
7069
7069
7069
8088
8088
8088
8088
8088
8088
8088
8088
8088
8088
8088
8088
8088
8088
8088
8088
8088
8088
90a7
90a7
90a7
90a7
90a7
90a7
90a7
90a7
90a7
90a7
90a7
90a7
90a7
90a7
90a7
90a7
90a7
90a7
a0c6
a0c6
a0c6
a0c6
a0c6
a0c6
a0c6
a0c6
a0c6
a0c6
a0c6
a0c6
a0c6
a0c6
a0c6
a0c6
a0c6
a0c6
b0e5
b0e5
b0e5
b0e5
b0e5
b0e5
b0e5
b0e5
b0e5
b0e5
b0e5
b0e5
b0e5
b0e5
b0e5
b0e5
b0e5
b0e5
c104
c104
c104
c104
c104
c104
c104
c104
c104
c104
c104
c104
c104
c104
c104
c104
c104
c104
d123
d123
d123
d123
d123
d123
d123
d123
d123
d123
d123
d123
d123
d123
d123
d123
d123
d123
e142
e142
e142
e142
e142
e142
e142
e142
e142
e142
e142
e142
e142
e142
e142
e142
e142
e142
f161
f161
f161
f161
f161
f161
f161
f161
f161
f161
f161
f161
f161
f161
f161
f161
f161
f161
f161
