000f
1810
2810
4011
5011
6812
7812
1013
2013
3814
4814
6015
7015
0816
1816
3017
4017
5818
6818
8019
1019
281a
381a
501b
601b
781c
081c
201d
301d
481e
581e
701f
000f
1810
2810
4011
5011
6812
7812
1013
2013
3814
4814
6015
7015
0816
1816
3017
4017
5818
6818
8019
1019
281a
381a
501b
601b
781c
081c
201d
301d
481e
581e
701f
000f
1810
2810
4011
5011
6812
7812
1013
2013
3814
4814
6015
7015
0816
1816
3017
4017
5818
6818
8019
1019
281a
381a
501b
601b
781c
081c
201d
301d
481e
581e
701f
000f
1810
2810
4011
5011
6812
7812
1013
2013
3814
4814
6015
7015
0816
1816
3017
4017
5818
6818
8019
1019
281a
381a
501b
601b
781c
081c
201d
301d
481e
581e
701f
000f
1810
2810
4011
5011
6812
7812
1013
2013
3814
4814
6015
7015
0816
1816
3017
4017
5818
6818
8019
1019
281a
381a
501b
601b
781c
081c
201d
301d
481e
581e
701f
000f
1810
2810
4011
5011
6812
7812
1013
2013
3814
4814
6015
7015
0816
1816
3017
4017
5818
6818
8019
1019
281a
381a
501b
601b
781c
081c
201d
301d
481e
581e
701f
000f
1810
2810
4011
5011
6812
7812
1013
2013
3814
4814
6015
7015
0816
1816
3017
4017
5818
6818
8019
1019
281a
381a
501b
601b
781c
081c
201d
301d
481e
581e
701f
000f
1810
2810
4011
5011
6812
7812
1013
2013
3814
4814
6015
7015
0816
1816
3017
4017
5818
6818
8019
1019
281a
381a
501b
601b
781c
081c
201d
301d
481e
581e
701f
000f
1810
2810
4011
5011
6812
7812
1013
2013
3814
4814
6015
7015
0816
1816
3017
4017
5818
6818
8019
1019
281a
381a
501b
601b
781c
081c
201d
301d
481e
581e
701f
0050
1850
2851
4051
5052
6852
7853
1053
2054
3854
4855
6055
7056
0856
1857
3057
4058
5858
6859
8059
105a
285a
385b
505b
605c
785c
085d
205d
305e
485e
585f
704f
0050
1850
2851
4051
5052
6852
7853
1053
2054
3854
4855
6055
7056
0856
1857
3057
4058
5858
6859
8059
105a
285a
385b
505b
605c
785c
085d
205d
305e
485e
585f
704f
0050
1850
2851
4051
5052
6852
7853
1053
2054
3854
4855
6055
7056
0856
1857
3057
4058
5858
6859
8059
105a
285a
385b
505b
605c
785c
085d
205d
305e
485e
585f
704f
0050
1850
2851
4051
5052
6852
7853
1053
2054
3854
4855
6055
7056
0856
1857
3057
4058
5858
6859
8059
105a
285a
385b
505b
605c
785c
085d
205d
305e
485e
585f
704f
0050
1850
2851
4051
5052
6852
7853
1053
2054
3854
4855
6055
7056
0856
1857
3057
4058
5858
6859
8059
105a
285a
385b
505b
605c
785c
085d
205d
305e
485e
585f
704f
0050
1850
2851
4051
5052
6852
7853
1053
2054
3854
4855
6055
7056
0856
1857
3057
4058
5858
6859
8059
105a
285a
385b
505b
605c
785c
085d
205d
305e
485e
585f
704f
0050
1850
2851
4051
5052
6852
7853
1053
2054
3854
4855
6055
7056
0856
1857
3057
4058
5858
6859
8059
105a
285a
385b
505b
605c
785c
085d
205d
305e
485e
585f
704f
0050
1850
2851
4051
5052
6852
7853
1053
2054
3854
4855
6055
7056
0856
1857
3057
4058
5858
6859
8059
105a
285a
385b
505b
605c
785c
085d
205d
305e
485e
585f
704f
0050
1850
2851
4051
5052
6852
7853
1053
2054
3854
4855
6055
7056
0856
1857
3057
4058
5858
6859
8059
105a
285a
385b
505b
605c
785c
085d
205d
305e
485e
585f
704f
0070
1871
2871
4072
5072
6873
7873
1074
2074
3875
4875
6076
7076
0877
1877
3078
4078
5879
6879
807a
107a
287b
387b
507c
607c
787d
087d
207e
307e
487f
586f
7070
0070
1871
2871
4072
5072
6873
7873
1074
2074
3875
4875
6076
7076
0877
1877
3078
4078
5879
6879
807a
107a
287b
387b
507c
607c
787d
087d
207e
307e
487f
586f
7070
0070
1871
2871
4072
5072
6873
7873
1074
2074
3875
4875
6076
7076
0877
1877
3078
4078
5879
6879
807a
107a
287b
387b
507c
607c
787d
087d
207e
307e
487f
586f
7070
0070
1871
2871
4072
5072
6873
7873
1074
2074
3875
4875
6076
7076
0877
1877
3078
4078
5879
6879
807a
107a
287b
387b
507c
607c
787d
087d
207e
307e
487f
586f
7070
0070
1871
2871
4072
5072
6873
7873
1074
2074
3875
4875
6076
7076
0877
1877
3078
4078
5879
6879
807a
107a
287b
387b
507c
607c
787d
087d
207e
307e
487f
586f
7070
0070
1871
2871
4072
5072
6873
7873
1074
2074
3875
4875
6076
7076
0877
1877
3078
4078
5879
6879
807a
107a
287b
387b
507c
607c
787d
087d
207e
307e
487f
586f
7070
0070
1871
2871
4072
5072
6873
7873
1074
2074
3875
4875
6076
7076
0877
1877
3078
4078
5879
6879
807a
107a
287b
387b
507c
607c
787d
087d
207e
307e
487f
586f
7070
0070
1871
2871
4072
5072
6873
7873
1074
2074
3875
4875
6076
7076
0877
1877
3078
4078
5879
6879
807a
107a
287b
387b
507c
607c
787d
087d
207e
307e
487f
586f
7070
0070
1871
2871
4072
5072
6873
7873
1074
2074
3875
4875
6076
7076
0877
1877
3078
4078
5879
6879
807a
107a
287b
387b
507c
607c
787d
087d
207e
307e
487f
586f
7070
00b1
18b1
28b2
40b2
50b3
68b3
78b4
10b4
20b5
38b5
48b6
60b6
70b7
08b7
18b8
30b8
40b9
58b9
68ba
80ba
10bb
28bb
38bc
50bc
60bd
78bd
08be
20be
30bf
48af
58b0
70b0
00b1
18b1
28b2
40b2
50b3
68b3
78b4
10b4
20b5
38b5
48b6
60b6
70b7
08b7
18b8
30b8
40b9
58b9
68ba
80ba
10bb
28bb
38bc
50bc
60bd
78bd
08be
20be
30bf
48af
58b0
70b0
00b1
18b1
28b2
40b2
50b3
68b3
78b4
10b4
20b5
38b5
48b6
60b6
70b7
08b7
18b8
30b8
40b9
58b9
68ba
80ba
10bb
28bb
38bc
50bc
60bd
78bd
08be
20be
30bf
48af
58b0
70b0
00b1
18b1
28b2
40b2
50b3
68b3
78b4
10b4
20b5
38b5
48b6
60b6
70b7
08b7
18b8
30b8
40b9
58b9
68ba
80ba
10bb
28bb
38bc
50bc
60bd
78bd
08be
20be
30bf
48af
58b0
70b0
00b1
18b1
28b2
40b2
50b3
68b3
78b4
10b4
20b5
38b5
48b6
60b6
70b7
08b7
18b8
30b8
40b9
58b9
68ba
80ba
10bb
28bb
38bc
50bc
60bd
78bd
08be
20be
30bf
48af
58b0
70b0
00b1
18b1
28b2
40b2
50b3
68b3
78b4
10b4
20b5
38b5
48b6
60b6
70b7
08b7
18b8
30b8
40b9
58b9
68ba
80ba
10bb
28bb
38bc
50bc
60bd
78bd
08be
20be
30bf
48af
58b0
70b0
00b1
18b1
28b2
40b2
50b3
68b3
78b4
10b4
20b5
38b5
48b6
60b6
70b7
08b7
18b8
30b8
40b9
58b9
68ba
80ba
10bb
28bb
38bc
50bc
60bd
78bd
08be
20be
30bf
48af
58b0
70b0
00b1
18b1
28b2
40b2
50b3
68b3
78b4
10b4
20b5
38b5
48b6
60b6
70b7
08b7
18b8
30b8
40b9
58b9
68ba
80ba
10bb
28bb
38bc
50bc
60bd
78bd
08be
20be
30bf
48af
58b0
70b0
00b1
18b1
28b2
40b2
50b3
68b3
78b4
10b4
20b5
38b5
48b6
60b6
70b7
08b7
18b8
30b8
40b9
58b9
68ba
80ba
10bb
28bb
38bc
50bc
60bd
78bd
08be
20be
30bf
48af
58b0
70b0
00d1
18d2
28d2
40d3
50d3
68d4
78d4
10d5
20d5
38d6
48d6
60d7
70d7
08d8
18d8
30d9
40d9
58da
68da
80db
10db
28dc
38dc
50dd
60dd
78de
08de
20df
30cf
48d0
58d0
70d1
00d1
18d2
28d2
40d3
50d3
68d4
78d4
10d5
20d5
38d6
48d6
60d7
70d7
08d8
18d8
30d9
40d9
58da
68da
80db
10db
28dc
38dc
50dd
60dd
78de
08de
20df
30cf
48d0
58d0
70d1
00d1
18d2
28d2
40d3
50d3
68d4
78d4
10d5
20d5
38d6
48d6
60d7
70d7
08d8
18d8
30d9
40d9
58da
68da
80db
10db
28dc
38dc
50dd
60dd
78de
08de
20df
30cf
48d0
58d0
70d1
00d1
18d2
28d2
40d3
50d3
68d4
78d4
10d5
20d5
38d6
48d6
60d7
70d7
08d8
18d8
30d9
40d9
58da
68da
80db
10db
28dc
38dc
50dd
60dd
78de
08de
20df
30cf
48d0
58d0
70d1
00d1
18d2
28d2
40d3
50d3
68d4
78d4
10d5
20d5
38d6
48d6
60d7
70d7
08d8
18d8
30d9
40d9
58da
68da
80db
10db
28dc
38dc
50dd
60dd
78de
08de
20df
30cf
48d0
58d0
70d1
00d1
18d2
28d2
40d3
50d3
68d4
78d4
10d5
20d5
38d6
48d6
60d7
70d7
08d8
18d8
30d9
40d9
58da
68da
80db
10db
28dc
38dc
50dd
60dd
78de
08de
20df
30cf
48d0
58d0
70d1
00d1
18d2
28d2
40d3
50d3
68d4
78d4
10d5
20d5
38d6
48d6
60d7
70d7
08d8
18d8
30d9
40d9
58da
68da
80db
10db
28dc
38dc
50dd
60dd
78de
08de
20df
30cf
48d0
58d0
70d1
00d1
18d2
28d2
40d3
50d3
68d4
78d4
10d5
20d5
38d6
48d6
60d7
70d7
08d8
18d8
30d9
40d9
58da
68da
80db
10db
28dc
38dc
50dd
60dd
78de
08de
20df
30cf
48d0
58d0
70d1
00d1
18d2
28d2
40d3
50d3
68d4
78d4
10d5
20d5
38d6
48d6
60d7
70d7
08d8
18d8
30d9
40d9
58da
68da
80db
10db
28dc
38dc
50dd
60dd
78de
08de
20df
30cf
48d0
58d0
70d1
0112
1912
2913
4113
5114
6914
7915
1115
2116
3916
4917
6117
7118
0918
1919
3119
411a
591a
691b
811b
111c
291c
391d
511d
611e
791e
091f
210f
3110
4910
5911
7111
0112
1912
2913
4113
5114
6914
7915
1115
2116
3916
4917
6117
7118
0918
1919
3119
411a
591a
691b
811b
111c
291c
391d
511d
611e
791e
091f
210f
3110
4910
5911
7111
0112
1912
2913
4113
5114
6914
7915
1115
2116
3916
4917
6117
7118
0918
1919
3119
411a
591a
691b
811b
111c
291c
391d
511d
611e
791e
091f
210f
3110
4910
5911
7111
0112
1912
2913
4113
5114
6914
7915
1115
2116
3916
4917
6117
7118
0918
1919
3119
411a
591a
691b
811b
111c
291c
391d
511d
611e
791e
091f
210f
3110
4910
5911
7111
0112
1912
2913
4113
5114
6914
7915
1115
2116
3916
4917
6117
7118
0918
1919
3119
411a
591a
691b
811b
111c
291c
391d
511d
611e
791e
091f
210f
3110
4910
5911
7111
0112
1912
2913
4113
5114
6914
7915
1115
2116
3916
4917
6117
7118
0918
1919
3119
411a
591a
691b
811b
111c
291c
391d
511d
611e
791e
091f
210f
3110
4910
5911
7111
0112
1912
2913
4113
5114
6914
7915
1115
2116
3916
4917
6117
7118
0918
1919
3119
411a
591a
691b
811b
111c
291c
391d
511d
611e
791e
091f
210f
3110
4910
5911
7111
0112
1912
2913
4113
5114
6914
7915
1115
2116
3916
4917
6117
7118
0918
1919
3119
411a
591a
691b
811b
111c
291c
391d
511d
611e
791e
091f
210f
3110
4910
5911
7111
0112
1912
2913
4113
5114
6914
7915
1115
2116
3916
4917
6117
7118
0918
1919
3119
411a
591a
691b
811b
111c
291c
391d
511d
611e
791e
091f
210f
3110
4910
5911
7111
0132
1933
2933
4134
5134
6935
7935
1136
2136
3937
4937
6138
7138
0939
1939
313a
413a
593b
693b
813c
113c
293d
393d
513e
613e
793f
092f
2130
3130
4931
5931
7132
0132
1933
2933
4134
5134
6935
7935
1136
2136
3937
4937
6138
7138
0939
1939
313a
413a
593b
693b
813c
113c
293d
393d
513e
613e
793f
092f
2130
3130
4931
5931
7132
0132
1933
2933
4134
5134
6935
7935
1136
2136
3937
4937
6138
7138
0939
1939
313a
413a
593b
693b
813c
113c
293d
393d
513e
613e
793f
092f
2130
3130
4931
5931
7132
0132
1933
2933
4134
5134
6935
7935
1136
2136
3937
4937
6138
7138
0939
1939
313a
413a
593b
693b
813c
113c
293d
393d
513e
613e
793f
092f
2130
3130
4931
5931
7132
0132
1933
2933
4134
5134
6935
7935
1136
2136
3937
4937
6138
7138
0939
1939
313a
413a
593b
693b
813c
113c
293d
393d
513e
613e
793f
092f
2130
3130
4931
5931
7132
0132
1933
2933
4134
5134
6935
7935
1136
2136
3937
4937
6138
7138
0939
1939
313a
413a
593b
693b
813c
113c
293d
393d
513e
613e
793f
092f
2130
3130
4931
5931
7132
0132
1933
2933
4134
5134
6935
7935
1136
2136
3937
4937
6138
7138
0939
1939
313a
413a
593b
693b
813c
113c
293d
393d
513e
613e
793f
092f
2130
3130
4931
5931
7132
0132
1933
2933
4134
5134
6935
7935
1136
2136
3937
4937
6138
7138
0939
1939
313a
413a
593b
693b
813c
113c
293d
393d
513e
613e
793f
092f
2130
3130
4931
5931
7132
0132
1933
2933
4134
5134
6935
7935
1136
2136
3937
4937
6138
7138
0939
1939
313a
413a
593b
693b
813c
113c
293d
393d
513e
613e
793f
092f
2130
3130
4931
5931
7132
0173
1973
2974
4174
5175
6975
7976
1176
2177
3977
4978
6178
7179
0979
197a
317a
417b
597b
697c
817c
117d
297d
397e
517e
617f
796f
0970
2170
3171
4971
5972
7172
0173
1973
2974
4174
5175
6975
7976
1176
2177
3977
4978
6178
7179
0979
197a
317a
417b
597b
697c
817c
117d
297d
397e
517e
617f
796f
0970
2170
3171
4971
5972
7172
0173
1973
2974
4174
5175
6975
7976
1176
2177
3977
4978
6178
7179
0979
197a
317a
417b
597b
697c
817c
117d
297d
397e
517e
617f
796f
0970
2170
3171
4971
5972
7172
0173
1973
2974
4174
5175
6975
7976
1176
2177
3977
4978
6178
7179
0979
197a
317a
417b
597b
697c
817c
117d
297d
397e
517e
617f
796f
0970
2170
3171
4971
5972
7172
0173
1973
2974
4174
5175
6975
7976
1176
2177
3977
4978
6178
7179
0979
197a
317a
417b
597b
697c
817c
117d
297d
397e
517e
617f
796f
0970
2170
3171
4971
5972
7172
0173
1973
2974
4174
5175
6975
7976
1176
2177
3977
4978
6178
7179
0979
197a
317a
417b
597b
697c
817c
117d
297d
397e
517e
617f
796f
0970
2170
3171
4971
5972
7172
0173
1973
2974
4174
5175
6975
7976
1176
2177
3977
4978
6178
7179
0979
197a
317a
417b
597b
697c
817c
117d
297d
397e
517e
617f
796f
0970
2170
3171
4971
5972
7172
0173
1973
2974
4174
5175
6975
7976
1176
2177
3977
4978
6178
7179
0979
197a
317a
417b
597b
697c
817c
117d
297d
397e
517e
617f
796f
0970
2170
3171
4971
5972
7172
0173
1973
2974
4174
5175
6975
7976
1176
2177
3977
4978
6178
7179
0979
197a
317a
417b
597b
697c
817c
117d
297d
397e
517e
617f
796f
0970
2170
3171
4971
5972
7172
0193
1994
2994
4195
5195
6996
7996
1197
2197
3998
4998
6199
7199
099a
199a
319b
419b
599c
699c
819d
119d
299e
399e
519f
618f
7990
0990
2191
3191
4992
5992
7193
0193
1994
2994
4195
5195
6996
7996
1197
2197
3998
4998
6199
7199
099a
199a
319b
419b
599c
699c
819d
119d
299e
399e
519f
618f
7990
0990
2191
3191
4992
5992
7193
0193
1994
2994
4195
5195
6996
7996
1197
2197
3998
4998
6199
7199
099a
199a
319b
419b
599c
699c
819d
119d
299e
399e
519f
618f
7990
0990
2191
3191
4992
5992
7193
0193
1994
2994
4195
5195
6996
7996
1197
2197
3998
4998
6199
7199
099a
199a
319b
419b
599c
699c
819d
119d
299e
399e
519f
618f
7990
0990
2191
3191
4992
5992
7193
0193
1994
2994
4195
5195
6996
7996
1197
2197
3998
4998
6199
7199
099a
199a
319b
419b
599c
699c
819d
119d
299e
399e
519f
618f
7990
0990
2191
3191
4992
5992
7193
0193
1994
2994
4195
5195
6996
7996
1197
2197
3998
4998
6199
7199
099a
199a
319b
419b
599c
699c
819d
119d
299e
399e
519f
618f
7990
0990
2191
3191
4992
5992
7193
0193
1994
2994
4195
5195
6996
7996
1197
2197
3998
4998
6199
7199
099a
199a
319b
419b
599c
699c
819d
119d
299e
399e
519f
618f
7990
0990
2191
3191
4992
5992
7193
0193
1994
2994
4195
5195
6996
7996
1197
2197
3998
4998
6199
7199
099a
199a
319b
419b
599c
699c
819d
119d
299e
399e
519f
618f
7990
0990
2191
3191
4992
5992
7193
0193
1994
2994
4195
5195
6996
7996
1197
2197
3998
4998
6199
7199
099a
199a
319b
419b
599c
699c
819d
119d
299e
399e
519f
618f
7990
0990
2191
3191
4992
5992
7193
01d4
19d4
29d5
41d5
51d6
69d6
79d7
11d7
21d8
39d8
49d9
61d9
71da
09da
19db
31db
41dc
59dc
69dd
81dd
11de
29de
39df
51cf
61d0
79d0
09d1
21d1
31d2
49d2
59d3
71d3
01d4
19d4
29d5
41d5
51d6
69d6
79d7
11d7
21d8
39d8
49d9
61d9
71da
09da
19db
31db
41dc
59dc
69dd
81dd
11de
29de
39df
51cf
61d0
79d0
09d1
21d1
31d2
49d2
59d3
71d3
01d4
19d4
29d5
41d5
51d6
69d6
79d7
11d7
21d8
39d8
49d9
61d9
71da
09da
19db
31db
41dc
59dc
69dd
81dd
11de
29de
39df
51cf
61d0
79d0
09d1
21d1
31d2
49d2
59d3
71d3
01d4
19d4
29d5
41d5
51d6
69d6
79d7
11d7
21d8
39d8
49d9
61d9
71da
09da
19db
31db
41dc
59dc
69dd
81dd
11de
29de
39df
51cf
61d0
79d0
09d1
21d1
31d2
49d2
59d3
71d3
01d4
19d4
29d5
41d5
51d6
69d6
79d7
11d7
21d8
39d8
49d9
61d9
71da
09da
19db
31db
41dc
59dc
69dd
81dd
11de
29de
39df
51cf
61d0
79d0
09d1
21d1
31d2
49d2
59d3
71d3
01d4
19d4
29d5
41d5
51d6
69d6
79d7
11d7
21d8
39d8
49d9
61d9
71da
09da
19db
31db
41dc
59dc
69dd
81dd
11de
29de
39df
51cf
61d0
79d0
09d1
21d1
31d2
49d2
59d3
71d3
01d4
19d4
29d5
41d5
51d6
69d6
79d7
11d7
21d8
39d8
49d9
61d9
71da
09da
19db
31db
41dc
59dc
69dd
81dd
11de
29de
39df
51cf
61d0
79d0
09d1
21d1
31d2
49d2
59d3
71d3
01d4
19d4
29d5
41d5
51d6
69d6
79d7
11d7
21d8
39d8
49d9
61d9
71da
09da
19db
31db
41dc
59dc
69dd
81dd
11de
29de
39df
51cf
61d0
79d0
09d1
21d1
31d2
49d2
59d3
71d3
01d4
19d4
29d5
41d5
51d6
69d6
79d7
11d7
21d8
39d8
49d9
61d9
71da
09da
19db
31db
41dc
59dc
69dd
81dd
11de
29de
39df
51cf
61d0
79d0
09d1
21d1
31d2
49d2
59d3
71d3
01f4
19f5
29f5
41f6
51f6
69f7
79f7
11f8
21f8
39f9
49f9
61fa
71fa
09fb
19fb
31fc
41fc
59fd
69fd
81fe
11fe
29ff
39ef
51f0
61f0
79f1
09f1
21f2
31f2
49f3
59f3
71f4
01f4
19f5
29f5
41f6
51f6
69f7
79f7
11f8
21f8
39f9
49f9
61fa
71fa
09fb
19fb
31fc
41fc
59fd
69fd
81fe
11fe
29ff
39ef
51f0
61f0
79f1
09f1
21f2
31f2
49f3
59f3
71f4
01f4
19f5
29f5
41f6
51f6
69f7
79f7
11f8
21f8
39f9
49f9
61fa
71fa
09fb
19fb
31fc
41fc
59fd
69fd
81fe
11fe
29ff
39ef
51f0
61f0
79f1
09f1
21f2
31f2
49f3
59f3
71f4
01f4
19f5
29f5
41f6
51f6
69f7
79f7
11f8
21f8
39f9
49f9
61fa
71fa
09fb
19fb
31fc
41fc
59fd
69fd
81fe
11fe
29ff
39ef
51f0
61f0
79f1
09f1
21f2
31f2
49f3
59f3
71f4
01f4
19f5
29f5
41f6
51f6
69f7
79f7
11f8
21f8
39f9
49f9
61fa
71fa
09fb
19fb
31fc
41fc
59fd
69fd
81fe
11fe
29ff
39ef
51f0
61f0
79f1
09f1
21f2
31f2
49f3
59f3
71f4
01f4
19f5
29f5
41f6
51f6
69f7
79f7
11f8
21f8
39f9
49f9
61fa
71fa
09fb
19fb
31fc
41fc
59fd
69fd
81fe
11fe
29ff
39ef
51f0
61f0
79f1
09f1
21f2
31f2
49f3
59f3
71f4
01f4
19f5
29f5
41f6
51f6
69f7
79f7
11f8
21f8
39f9
49f9
61fa
71fa
09fb
19fb
31fc
41fc
59fd
69fd
81fe
11fe
29ff
39ef
51f0
61f0
79f1
09f1
21f2
31f2
49f3
59f3
71f4
01f4
19f5
29f5
41f6
51f6
69f7
79f7
11f8
21f8
39f9
49f9
61fa
71fa
09fb
19fb
31fc
41fc
59fd
69fd
81fe
11fe
29ff
39ef
51f0
61f0
79f1
09f1
21f2
31f2
49f3
59f3
71f4
01f4
19f5
29f5
41f6
51f6
69f7
79f7
11f8
21f8
39f9
49f9
61fa
71fa
09fb
19fb
31fc
41fc
59fd
69fd
81fe
11fe
29ff
39ef
51f0
61f0
79f1
09f1
21f2
31f2
49f3
59f3
71f4
0235
1a35
2a36
4236
5237
6a37
7a38
1238
2239
3a39
4a3a
623a
723b
0a3b
1a3c
323c
423d
5a3d
6a3e
823e
123f
2a2f
3a30
5230
6231
7a31
0a32
2232
3233
4a33
5a34
7234
0235
1a35
2a36
4236
5237
6a37
7a38
1238
2239
3a39
4a3a
623a
723b
0a3b
1a3c
323c
423d
5a3d
6a3e
823e
123f
2a2f
3a30
5230
6231
7a31
0a32
2232
3233
4a33
5a34
7234
0235
1a35
2a36
4236
5237
6a37
7a38
1238
2239
3a39
4a3a
623a
723b
0a3b
1a3c
323c
423d
5a3d
6a3e
823e
123f
2a2f
3a30
5230
6231
7a31
0a32
2232
3233
4a33
5a34
7234
0235
1a35
2a36
4236
5237
6a37
7a38
1238
2239
3a39
4a3a
623a
723b
0a3b
1a3c
323c
423d
5a3d
6a3e
823e
123f
2a2f
3a30
5230
6231
7a31
0a32
2232
3233
4a33
5a34
7234
0235
1a35
2a36
4236
5237
6a37
7a38
1238
2239
3a39
4a3a
623a
723b
0a3b
1a3c
323c
423d
5a3d
6a3e
823e
123f
2a2f
3a30
5230
6231
7a31
0a32
2232
3233
4a33
5a34
7234
0235
1a35
2a36
4236
5237
6a37
7a38
1238
2239
3a39
4a3a
623a
723b
0a3b
1a3c
323c
423d
5a3d
6a3e
823e
123f
2a2f
3a30
5230
6231
7a31
0a32
2232
3233
4a33
5a34
7234
0235
1a35
2a36
4236
5237
6a37
7a38
1238
2239
3a39
4a3a
623a
723b
0a3b
1a3c
323c
423d
5a3d
6a3e
823e
123f
2a2f
3a30
5230
6231
7a31
0a32
2232
3233
4a33
5a34
7234
0235
1a35
2a36
4236
5237
6a37
7a38
1238
2239
3a39
4a3a
623a
723b
0a3b
1a3c
323c
423d
5a3d
6a3e
823e
123f
2a2f
3a30
5230
6231
7a31
0a32
2232
3233
4a33
5a34
7234
0235
1a35
2a36
4236
5237
6a37
7a38
1238
2239
3a39
4a3a
623a
723b
0a3b
1a3c
323c
423d
5a3d
6a3e
823e
123f
2a2f
3a30
5230
6231
7a31
0a32
2232
3233
4a33
5a34
7234
0255
1a56
2a56
4257
5257
6a58
7a58
1259
2259
3a5a
4a5a
625b
725b
0a5c
1a5c
325d
425d
5a5e
6a5e
825f
124f
2a50
3a50
5251
6251
7a52
0a52
2253
3253
4a54
5a54
7255
0255
1a56
2a56
4257
5257
6a58
7a58
1259
2259
3a5a
4a5a
625b
725b
0a5c
1a5c
325d
425d
5a5e
6a5e
825f
124f
2a50
3a50
5251
6251
7a52
0a52
2253
3253
4a54
5a54
7255
0255
1a56
2a56
4257
5257
6a58
7a58
1259
2259
3a5a
4a5a
625b
725b
0a5c
1a5c
325d
425d
5a5e
6a5e
825f
124f
2a50
3a50
5251
6251
7a52
0a52
2253
3253
4a54
5a54
7255
0255
1a56
2a56
4257
5257
6a58
7a58
1259
2259
3a5a
4a5a
625b
725b
0a5c
1a5c
325d
425d
5a5e
6a5e
825f
124f
2a50
3a50
5251
6251
7a52
0a52
2253
3253
4a54
5a54
7255
0255
1a56
2a56
4257
5257
6a58
7a58
1259
2259
3a5a
4a5a
625b
725b
0a5c
1a5c
325d
425d
5a5e
6a5e
825f
124f
2a50
3a50
5251
6251
7a52
0a52
2253
3253
4a54
5a54
7255
0255
1a56
2a56
4257
5257
6a58
7a58
1259
2259
3a5a
4a5a
625b
725b
0a5c
1a5c
325d
425d
5a5e
6a5e
825f
124f
2a50
3a50
5251
6251
7a52
0a52
2253
3253
4a54
5a54
7255
0255
1a56
2a56
4257
5257
6a58
7a58
1259
2259
3a5a
4a5a
625b
725b
0a5c
1a5c
325d
425d
5a5e
6a5e
825f
124f
2a50
3a50
5251
6251
7a52
0a52
2253
3253
4a54
5a54
7255
0255
1a56
2a56
4257
5257
6a58
7a58
1259
2259
3a5a
4a5a
625b
725b
0a5c
1a5c
325d
425d
5a5e
6a5e
825f
124f
2a50
3a50
5251
6251
7a52
0a52
2253
3253
4a54
5a54
7255
0255
1a56
2a56
4257
5257
6a58
7a58
1259
2259
3a5a
4a5a
625b
725b
0a5c
1a5c
325d
425d
5a5e
6a5e
825f
124f
2a50
3a50
5251
6251
7a52
0a52
2253
3253
4a54
5a54
7255
0296
1a96
2a97
4297
5298
6a98
7a99
1299
229a
3a9a
4a9b
629b
729c
0a9c
1a9d
329d
429e
5a9e
6a9f
828f
1290
2a90
3a91
5291
6292
7a92
0a93
2293
3294
4a94
5a95
7295
0296
1a96
2a97
4297
5298
6a98
7a99
1299
229a
3a9a
4a9b
629b
729c
0a9c
1a9d
329d
429e
5a9e
6a9f
828f
1290
2a90
3a91
5291
6292
7a92
0a93
2293
3294
4a94
5a95
7295
0296
1a96
2a97
4297
5298
6a98
7a99
1299
229a
3a9a
4a9b
629b
729c
0a9c
1a9d
329d
429e
5a9e
6a9f
828f
1290
2a90
3a91
5291
6292
7a92
0a93
2293
3294
4a94
5a95
7295
0296
1a96
2a97
4297
5298
6a98
7a99
1299
229a
3a9a
4a9b
629b
729c
0a9c
1a9d
329d
429e
5a9e
6a9f
828f
1290
2a90
3a91
5291
6292
7a92
0a93
2293
3294
4a94
5a95
7295
0296
1a96
2a97
4297
5298
6a98
7a99
1299
229a
3a9a
4a9b
629b
729c
0a9c
1a9d
329d
429e
5a9e
6a9f
828f
1290
2a90
3a91
5291
6292
7a92
0a93
2293
3294
4a94
5a95
7295
0296
1a96
2a97
4297
5298
6a98
7a99
1299
229a
3a9a
4a9b
629b
729c
0a9c
1a9d
329d
429e
5a9e
6a9f
828f
1290
2a90
3a91
5291
6292
7a92
0a93
2293
3294
4a94
5a95
7295
0296
1a96
2a97
4297
5298
6a98
7a99
1299
229a
3a9a
4a9b
629b
729c
0a9c
1a9d
329d
429e
5a9e
6a9f
828f
1290
2a90
3a91
5291
6292
7a92
0a93
2293
3294
4a94
5a95
7295
0296
1a96
2a97
4297
5298
6a98
7a99
1299
229a
3a9a
4a9b
629b
729c
0a9c
1a9d
329d
429e
5a9e
6a9f
828f
1290
2a90
3a91
5291
6292
7a92
0a93
2293
3294
4a94
5a95
7295
0296
1a96
2a97
4297
5298
6a98
7a99
1299
229a
3a9a
4a9b
629b
729c
0a9c
1a9d
329d
429e
5a9e
6a9f
828f
1290
2a90
3a91
5291
6292
7a92
0a93
2293
3294
4a94
5a95
7295
02b6
1ab7
2ab7
42b8
52b8
6ab9
7ab9
12ba
22ba
3abb
4abb
62bc
72bc
0abd
1abd
32be
42be
5abf
6aaf
82b0
12b0
2ab1
3ab1
52b2
62b2
7ab3
0ab3
22b4
32b4
4ab5
5ab5
72b6
02b6
1ab7
2ab7
42b8
52b8
6ab9
7ab9
12ba
22ba
3abb
4abb
62bc
72bc
0abd
1abd
32be
42be
5abf
6aaf
82b0
12b0
2ab1
3ab1
52b2
62b2
7ab3
0ab3
22b4
32b4
4ab5
5ab5
72b6
02b6
1ab7
2ab7
42b8
52b8
6ab9
7ab9
12ba
22ba
3abb
4abb
62bc
72bc
0abd
1abd
32be
42be
5abf
6aaf
82b0
12b0
2ab1
3ab1
52b2
62b2
7ab3
0ab3
22b4
32b4
4ab5
5ab5
72b6
02b6
1ab7
2ab7
42b8
52b8
6ab9
7ab9
12ba
22ba
3abb
4abb
62bc
72bc
0abd
1abd
32be
42be
5abf
6aaf
82b0
12b0
2ab1
3ab1
52b2
62b2
7ab3
0ab3
22b4
32b4
4ab5
5ab5
72b6
02b6
1ab7
2ab7
42b8
52b8
6ab9
7ab9
12ba
22ba
3abb
4abb
62bc
72bc
0abd
1abd
32be
42be
5abf
6aaf
82b0
12b0
2ab1
3ab1
52b2
62b2
7ab3
0ab3
22b4
32b4
4ab5
5ab5
72b6
02b6
1ab7
2ab7
42b8
52b8
6ab9
7ab9
12ba
22ba
3abb
4abb
62bc
72bc
0abd
1abd
32be
42be
5abf
6aaf
82b0
12b0
2ab1
3ab1
52b2
62b2
7ab3
0ab3
22b4
32b4
4ab5
5ab5
72b6
02b6
1ab7
2ab7
42b8
52b8
6ab9
7ab9
12ba
22ba
3abb
4abb
62bc
72bc
0abd
1abd
32be
42be
5abf
6aaf
82b0
12b0
2ab1
3ab1
52b2
62b2
7ab3
0ab3
22b4
32b4
4ab5
5ab5
72b6
02b6
1ab7
2ab7
42b8
52b8
6ab9
7ab9
12ba
22ba
3abb
4abb
62bc
72bc
0abd
1abd
32be
42be
5abf
6aaf
82b0
12b0
2ab1
3ab1
52b2
62b2
7ab3
0ab3
22b4
32b4
4ab5
5ab5
72b6
02b6
1ab7
2ab7
42b8
52b8
6ab9
7ab9
12ba
22ba
3abb
4abb
62bc
72bc
0abd
1abd
32be
42be
5abf
6aaf
82b0
12b0
2ab1
3ab1
52b2
62b2
7ab3
0ab3
22b4
32b4
4ab5
5ab5
72b6
02f7
1af7
2af8
42f8
52f9
6af9
7afa
12fa
22fb
3afb
4afc
62fc
72fd
0afd
1afe
32fe
42ff
5aef
6af0
82f0
12f1
2af1
3af2
52f2
62f3
7af3
0af4
22f4
32f5
4af5
5af6
72f6
02f7
1af7
2af8
42f8
52f9
6af9
7afa
12fa
22fb
3afb
4afc
62fc
72fd
0afd
1afe
32fe
42ff
5aef
6af0
82f0
12f1
2af1
3af2
52f2
62f3
7af3
0af4
22f4
32f5
4af5
5af6
72f6
02f7
1af7
2af8
42f8
52f9
6af9
7afa
12fa
22fb
3afb
4afc
62fc
72fd
0afd
1afe
32fe
42ff
5aef
6af0
82f0
12f1
2af1
3af2
52f2
62f3
7af3
0af4
22f4
32f5
4af5
5af6
72f6
02f7
1af7
2af8
42f8
52f9
6af9
7afa
12fa
22fb
3afb
4afc
62fc
72fd
0afd
1afe
32fe
42ff
5aef
6af0
82f0
12f1
2af1
3af2
52f2
62f3
7af3
0af4
22f4
32f5
4af5
5af6
72f6
02f7
1af7
2af8
42f8
52f9
6af9
7afa
12fa
22fb
3afb
4afc
62fc
72fd
0afd
1afe
32fe
42ff
5aef
6af0
82f0
12f1
2af1
3af2
52f2
62f3
7af3
0af4
22f4
32f5
4af5
5af6
72f6
02f7
1af7
2af8
42f8
52f9
6af9
7afa
12fa
22fb
3afb
4afc
62fc
72fd
0afd
1afe
32fe
42ff
5aef
6af0
82f0
12f1
2af1
3af2
52f2
62f3
7af3
0af4
22f4
32f5
4af5
5af6
72f6
02f7
1af7
2af8
42f8
52f9
6af9
7afa
12fa
22fb
3afb
4afc
62fc
72fd
0afd
1afe
32fe
42ff
5aef
6af0
82f0
12f1
2af1
3af2
52f2
62f3
7af3
0af4
22f4
32f5
4af5
5af6
72f6
02f7
1af7
2af8
42f8
52f9
6af9
7afa
12fa
22fb
3afb
4afc
62fc
72fd
0afd
1afe
32fe
42ff
5aef
6af0
82f0
12f1
2af1
3af2
52f2
62f3
7af3
0af4
22f4
32f5
4af5
5af6
72f6
02f7
1af7
2af8
42f8
52f9
6af9
7afa
12fa
22fb
3afb
4afc
62fc
72fd
0afd
1afe
32fe
42ff
5aef
6af0
82f0
12f1
2af1
3af2
52f2
62f3
7af3
0af4
22f4
32f5
4af5
5af6
72f6
0317
1b18
2b18
4319
5319
6b1a
7b1a
131b
231b
3b1c
4b1c
631d
731d
0b1e
1b1e
331f
430f
5b10
6b10
8311
1311
2b12
3b12
5313
6313
7b14
0b14
2315
3315
4b16
5b16
7317
0317
1b18
2b18
4319
5319
6b1a
7b1a
131b
231b
3b1c
4b1c
631d
731d
0b1e
1b1e
331f
430f
5b10
6b10
8311
1311
2b12
3b12
5313
6313
7b14
0b14
2315
3315
4b16
5b16
7317
0317
1b18
2b18
4319
5319
6b1a
7b1a
131b
231b
3b1c
4b1c
631d
731d
0b1e
1b1e
331f
430f
5b10
6b10
8311
1311
2b12
3b12
5313
6313
7b14
0b14
2315
3315
4b16
5b16
7317
0317
1b18
2b18
4319
5319
6b1a
7b1a
131b
231b
3b1c
4b1c
631d
731d
0b1e
1b1e
331f
430f
5b10
6b10
8311
1311
2b12
3b12
5313
6313
7b14
0b14
2315
3315
4b16
5b16
7317
0317
1b18
2b18
4319
5319
6b1a
7b1a
131b
231b
3b1c
4b1c
631d
731d
0b1e
1b1e
331f
430f
5b10
6b10
8311
1311
2b12
3b12
5313
6313
7b14
0b14
2315
3315
4b16
5b16
7317
0317
1b18
2b18
4319
5319
6b1a
7b1a
131b
231b
3b1c
4b1c
631d
731d
0b1e
1b1e
331f
430f
5b10
6b10
8311
1311
2b12
3b12
5313
6313
7b14
0b14
2315
3315
4b16
5b16
7317
0317
1b18
2b18
4319
5319
6b1a
7b1a
131b
231b
3b1c
4b1c
631d
731d
0b1e
1b1e
331f
430f
5b10
6b10
8311
1311
2b12
3b12
5313
6313
7b14
0b14
2315
3315
4b16
5b16
7317
0317
1b18
2b18
4319
5319
6b1a
7b1a
131b
231b
3b1c
4b1c
631d
731d
0b1e
1b1e
331f
430f
5b10
6b10
8311
1311
2b12
3b12
5313
6313
7b14
0b14
2315
3315
4b16
5b16
7317
0317
1b18
2b18
4319
5319
6b1a
7b1a
131b
231b
3b1c
4b1c
631d
731d
0b1e
1b1e
331f
430f
5b10
6b10
8311
1311
2b12
3b12
5313
6313
7b14
0b14
2315
3315
4b16
5b16
7317
0358
1b58
2b59
4359
535a
6b5a
7b5b
135b
235c
3b5c
4b5d
635d
735e
0b5e
1b5f
334f
4350
5b50
6b51
8351
1352
2b52
3b53
5353
6354
7b54
0b55
2355
3356
4b56
5b57
7357
0358
1b58
2b59
4359
535a
6b5a
7b5b
135b
235c
3b5c
4b5d
635d
735e
0b5e
1b5f
334f
4350
5b50
6b51
8351
1352
2b52
3b53
5353
6354
7b54
0b55
2355
3356
4b56
5b57
7357
0358
1b58
2b59
4359
535a
6b5a
7b5b
135b
235c
3b5c
4b5d
635d
735e
0b5e
1b5f
334f
4350
5b50
6b51
8351
1352
2b52
3b53
5353
6354
7b54
0b55
2355
3356
4b56
5b57
7357
0358
1b58
2b59
4359
535a
6b5a
7b5b
135b
235c
3b5c
4b5d
635d
735e
0b5e
1b5f
334f
4350
5b50
6b51
8351
1352
2b52
3b53
5353
6354
7b54
0b55
2355
3356
4b56
5b57
7357
0358
1b58
2b59
4359
535a
6b5a
7b5b
135b
235c
3b5c
4b5d
635d
735e
0b5e
1b5f
334f
4350
5b50
6b51
8351
1352
2b52
3b53
5353
6354
7b54
0b55
2355
3356
4b56
5b57
7357
0358
1b58
2b59
4359
535a
6b5a
7b5b
135b
235c
3b5c
4b5d
635d
735e
0b5e
1b5f
334f
4350
5b50
6b51
8351
1352
2b52
3b53
5353
6354
7b54
0b55
2355
3356
4b56
5b57
7357
0358
1b58
2b59
4359
535a
6b5a
7b5b
135b
235c
3b5c
4b5d
635d
735e
0b5e
1b5f
334f
4350
5b50
6b51
8351
1352
2b52
3b53
5353
6354
7b54
0b55
2355
3356
4b56
5b57
7357
0358
1b58
2b59
4359
535a
6b5a
7b5b
135b
235c
3b5c
4b5d
635d
735e
0b5e
1b5f
334f
4350
5b50
6b51
8351
1352
2b52
3b53
5353
6354
7b54
0b55
2355
3356
4b56
5b57
7357
0358
1b58
2b59
4359
535a
6b5a
7b5b
135b
235c
3b5c
4b5d
635d
735e
0b5e
1b5f
334f
4350
5b50
6b51
8351
1352
2b52
3b53
5353
6354
7b54
0b55
2355
3356
4b56
5b57
7357
0378
1b79
2b79
437a
537a
6b7b
7b7b
137c
237c
3b7d
4b7d
637e
737e
0b7f
1b6f
3370
4370
5b71
6b71
8372
1372
2b73
3b73
5374
6374
7b75
0b75
2376
3376
4b77
5b77
7378
0378
1b79
2b79
437a
537a
6b7b
7b7b
137c
237c
3b7d
4b7d
637e
737e
0b7f
1b6f
3370
4370
5b71
6b71
8372
1372
2b73
3b73
5374
6374
7b75
0b75
2376
3376
4b77
5b77
7378
0378
1b79
2b79
437a
537a
6b7b
7b7b
137c
237c
3b7d
4b7d
637e
737e
0b7f
1b6f
3370
4370
5b71
6b71
8372
1372
2b73
3b73
5374
6374
7b75
0b75
2376
3376
4b77
5b77
7378
0378
1b79
2b79
437a
537a
6b7b
7b7b
137c
237c
3b7d
4b7d
637e
737e
0b7f
1b6f
3370
4370
5b71
6b71
8372
1372
2b73
3b73
5374
6374
7b75
0b75
2376
3376
4b77
5b77
7378
0378
1b79
2b79
437a
537a
6b7b
7b7b
137c
237c
3b7d
4b7d
637e
737e
0b7f
1b6f
3370
4370
5b71
6b71
8372
1372
2b73
3b73
5374
6374
7b75
0b75
2376
3376
4b77
5b77
7378
0378
1b79
2b79
437a
537a
6b7b
7b7b
137c
237c
3b7d
4b7d
637e
737e
0b7f
1b6f
3370
4370
5b71
6b71
8372
1372
2b73
3b73
5374
6374
7b75
0b75
2376
3376
4b77
5b77
7378
0378
1b79
2b79
437a
537a
6b7b
7b7b
137c
237c
3b7d
4b7d
637e
737e
0b7f
1b6f
3370
4370
5b71
6b71
8372
1372
2b73
3b73
5374
6374
7b75
0b75
2376
3376
4b77
5b77
7378
0378
1b79
2b79
437a
537a
6b7b
7b7b
137c
237c
3b7d
4b7d
637e
737e
0b7f
1b6f
3370
4370
5b71
6b71
8372
1372
2b73
3b73
5374
6374
7b75
0b75
2376
3376
4b77
5b77
7378
0378
1b79
2b79
437a
537a
6b7b
7b7b
137c
237c
3b7d
4b7d
637e
737e
0b7f
1b6f
3370
4370
5b71
6b71
8372
1372
2b73
3b73
5374
6374
7b75
0b75
2376
3376
4b77
5b77
7378
03b9
1bb9
2bba
43ba
53bb
6bbb
7bbc
13bc
23bd
3bbd
4bbe
63be
73bf
0baf
1bb0
33b0
43b1
5bb1
6bb2
83b2
13b3
2bb3
3bb4
53b4
63b5
7bb5
0bb6
23b6
33b7
4bb7
5bb8
73b8
03b9
1bb9
2bba
43ba
53bb
6bbb
7bbc
13bc
23bd
3bbd
4bbe
63be
73bf
0baf
1bb0
33b0
43b1
5bb1
6bb2
83b2
13b3
2bb3
3bb4
53b4
63b5
7bb5
0bb6
23b6
33b7
4bb7
5bb8
73b8
03b9
1bb9
2bba
43ba
53bb
6bbb
7bbc
13bc
23bd
3bbd
4bbe
63be
73bf
0baf
1bb0
33b0
43b1
5bb1
6bb2
83b2
13b3
2bb3
3bb4
53b4
63b5
7bb5
0bb6
23b6
33b7
4bb7
5bb8
73b8
03b9
1bb9
2bba
43ba
53bb
6bbb
7bbc
13bc
23bd
3bbd
4bbe
63be
73bf
0baf
1bb0
33b0
43b1
5bb1
6bb2
83b2
13b3
2bb3
3bb4
53b4
63b5
7bb5
0bb6
23b6
33b7
4bb7
5bb8
73b8
03b9
1bb9
2bba
43ba
53bb
6bbb
7bbc
13bc
23bd
3bbd
4bbe
63be
73bf
0baf
1bb0
33b0
43b1
5bb1
6bb2
83b2
13b3
2bb3
3bb4
53b4
63b5
7bb5
0bb6
23b6
33b7
4bb7
5bb8
73b8
03b9
1bb9
2bba
43ba
53bb
6bbb
7bbc
13bc
23bd
3bbd
4bbe
63be
73bf
0baf
1bb0
33b0
43b1
5bb1
6bb2
83b2
13b3
2bb3
3bb4
53b4
63b5
7bb5
0bb6
23b6
33b7
4bb7
5bb8
73b8
03b9
1bb9
2bba
43ba
53bb
6bbb
7bbc
13bc
23bd
3bbd
4bbe
63be
73bf
0baf
1bb0
33b0
43b1
5bb1
6bb2
83b2
13b3
2bb3
3bb4
53b4
63b5
7bb5
0bb6
23b6
33b7
4bb7
5bb8
73b8
03b9
1bb9
2bba
43ba
53bb
6bbb
7bbc
13bc
23bd
3bbd
4bbe
63be
73bf
0baf
1bb0
33b0
43b1
5bb1
6bb2
83b2
13b3
2bb3
3bb4
53b4
63b5
7bb5
0bb6
23b6
33b7
4bb7
5bb8
73b8
03b9
1bb9
2bba
43ba
53bb
6bbb
7bbc
13bc
23bd
3bbd
4bbe
63be
73bf
0baf
1bb0
33b0
43b1
5bb1
6bb2
83b2
13b3
2bb3
3bb4
53b4
63b5
7bb5
0bb6
23b6
33b7
4bb7
5bb8
73b8
03d9
1bda
2bda
43db
53db
6bdc
7bdc
13dd
23dd
3bde
4bde
63df
73cf
0bd0
1bd0
33d1
43d1
5bd2
6bd2
83d3
13d3
2bd4
3bd4
53d5
63d5
7bd6
0bd6
23d7
33d7
4bd8
5bd8
73d9
03d9
1bda
2bda
43db
53db
6bdc
7bdc
13dd
23dd
3bde
4bde
63df
73cf
0bd0
1bd0
33d1
43d1
5bd2
6bd2
83d3
13d3
2bd4
3bd4
53d5
63d5
7bd6
0bd6
23d7
33d7
4bd8
5bd8
73d9
03d9
1bda
2bda
43db
53db
6bdc
7bdc
13dd
23dd
3bde
4bde
63df
73cf
0bd0
1bd0
33d1
43d1
5bd2
6bd2
83d3
13d3
2bd4
3bd4
53d5
63d5
7bd6
0bd6
23d7
33d7
4bd8
5bd8
73d9
03d9
1bda
2bda
43db
53db
6bdc
7bdc
13dd
23dd
3bde
4bde
63df
73cf
0bd0
1bd0
33d1
43d1
5bd2
6bd2
83d3
13d3
2bd4
3bd4
53d5
63d5
7bd6
0bd6
23d7
33d7
4bd8
5bd8
73d9
03d9
1bda
2bda
43db
53db
6bdc
7bdc
13dd
23dd
3bde
4bde
63df
73cf
0bd0
1bd0
33d1
43d1
5bd2
6bd2
83d3
13d3
2bd4
3bd4
53d5
63d5
7bd6
0bd6
23d7
33d7
4bd8
5bd8
73d9
03d9
1bda
2bda
43db
53db
6bdc
7bdc
13dd
23dd
3bde
4bde
63df
73cf
0bd0
1bd0
33d1
43d1
5bd2
6bd2
83d3
13d3
2bd4
3bd4
53d5
63d5
7bd6
0bd6
23d7
33d7
4bd8
5bd8
73d9
03d9
1bda
2bda
43db
53db
6bdc
7bdc
13dd
23dd
3bde
4bde
63df
73cf
0bd0
1bd0
33d1
43d1
5bd2
6bd2
83d3
13d3
2bd4
3bd4
53d5
63d5
7bd6
0bd6
23d7
33d7
4bd8
5bd8
73d9
03d9
1bda
2bda
43db
53db
6bdc
7bdc
13dd
23dd
3bde
4bde
63df
73cf
0bd0
1bd0
33d1
43d1
5bd2
6bd2
83d3
13d3
2bd4
3bd4
53d5
63d5
7bd6
0bd6
23d7
33d7
4bd8
5bd8
73d9
03d9
1bda
2bda
43db
53db
6bdc
7bdc
13dd
23dd
3bde
4bde
63df
73cf
0bd0
1bd0
33d1
43d1
5bd2
6bd2
83d3
13d3
2bd4
3bd4
53d5
63d5
7bd6
0bd6
23d7
33d7
4bd8
5bd8
73d9
041a
1c1a
2c1b
441b
541c
6c1c
7c1d
141d
241e
3c1e
4c1f
640f
7410
0c10
1c11
3411
4412
5c12
6c13
8413
1414
2c14
3c15
5415
6416
7c16
0c17
2417
3418
4c18
5c19
7419
041a
1c1a
2c1b
441b
541c
6c1c
7c1d
141d
241e
3c1e
4c1f
640f
7410
0c10
1c11
3411
4412
5c12
6c13
8413
1414
2c14
3c15
5415
6416
7c16
0c17
2417
3418
4c18
5c19
7419
041a
1c1a
2c1b
441b
541c
6c1c
7c1d
141d
241e
3c1e
4c1f
640f
7410
0c10
1c11
3411
4412
5c12
6c13
8413
1414
2c14
3c15
5415
6416
7c16
0c17
2417
3418
4c18
5c19
7419
041a
1c1a
2c1b
441b
541c
6c1c
7c1d
141d
241e
3c1e
4c1f
640f
7410
0c10
1c11
3411
4412
5c12
6c13
8413
1414
2c14
3c15
5415
6416
7c16
0c17
2417
3418
4c18
5c19
7419
041a
1c1a
2c1b
441b
541c
6c1c
7c1d
141d
241e
3c1e
4c1f
640f
7410
0c10
1c11
3411
4412
5c12
6c13
8413
1414
2c14
3c15
5415
6416
7c16
0c17
2417
3418
4c18
5c19
7419
041a
1c1a
2c1b
441b
541c
6c1c
7c1d
141d
241e
3c1e
4c1f
640f
7410
0c10
1c11
3411
4412
5c12
6c13
8413
1414
2c14
3c15
5415
6416
7c16
0c17
2417
3418
4c18
5c19
7419
041a
1c1a
2c1b
441b
541c
6c1c
7c1d
141d
241e
3c1e
4c1f
640f
7410
0c10
1c11
3411
4412
5c12
6c13
8413
1414
2c14
3c15
5415
6416
7c16
0c17
2417
3418
4c18
5c19
7419
041a
1c1a
2c1b
441b
541c
6c1c
7c1d
141d
241e
3c1e
4c1f
640f
7410
0c10
1c11
3411
4412
5c12
6c13
8413
1414
2c14
3c15
5415
6416
7c16
0c17
2417
3418
4c18
5c19
7419
041a
1c1a
2c1b
441b
541c
6c1c
7c1d
141d
241e
3c1e
4c1f
640f
7410
0c10
1c11
3411
4412
5c12
6c13
8413
1414
2c14
3c15
5415
6416
7c16
0c17
2417
3418
4c18
5c19
7419
003a
183b
283b
403c
503c
683d
783d
103e
203e
383f
482f
6030
7030
0831
1831
3032
4032
5833
6833
8034
1034
2835
3835
5036
6036
7837
0837
2038
3038
4839
5839
703a
003a
183b
283b
403c
503c
683d
783d
103e
203e
383f
482f
6030
7030
0831
1831
3032
4032
5833
6833
8034
1034
2835
3835
5036
6036
7837
0837
2038
3038
4839
5839
703a
003a
183b
283b
403c
503c
683d
783d
103e
203e
383f
482f
6030
7030
0831
1831
3032
4032
5833
6833
8034
1034
2835
3835
5036
6036
7837
0837
2038
3038
4839
5839
703a
003a
183b
283b
403c
503c
683d
783d
103e
203e
383f
482f
6030
7030
0831
1831
3032
4032
5833
6833
8034
1034
2835
3835
5036
6036
7837
0837
2038
3038
4839
5839
703a
003a
183b
283b
403c
503c
683d
783d
103e
203e
383f
482f
6030
7030
0831
1831
3032
4032
5833
6833
8034
1034
2835
3835
5036
6036
7837
0837
2038
3038
4839
5839
703a
003a
183b
283b
403c
503c
683d
783d
103e
203e
383f
482f
6030
7030
0831
1831
3032
4032
5833
6833
8034
1034
2835
3835
5036
6036
7837
0837
2038
3038
4839
5839
703a
003a
183b
283b
403c
503c
683d
783d
103e
203e
383f
482f
6030
7030
0831
1831
3032
4032
5833
6833
8034
1034
2835
3835
5036
6036
7837
0837
2038
3038
4839
5839
703a
003a
183b
283b
403c
503c
683d
783d
103e
203e
383f
482f
6030
7030
0831
1831
3032
4032
5833
6833
8034
1034
2835
3835
5036
6036
7837
0837
2038
3038
4839
5839
703a
003a
183b
283b
403c
503c
683d
783d
103e
203e
383f
482f
6030
7030
0831
1831
3032
4032
5833
6833
8034
1034
2835
3835
5036
6036
7837
0837
2038
3038
4839
5839
703a
007b
187b
287c
407c
507d
687d
787e
107e
207f
386f
4870
6070
7071
0871
1872
3072
4073
5873
6874
8074
1075
2875
3876
5076
6077
7877
0878
2078
3079
4879
587a
707a
007b
187b
287c
407c
507d
687d
787e
107e
207f
386f
4870
6070
7071
0871
1872
3072
4073
5873
6874
8074
1075
2875
3876
5076
6077
7877
0878
2078
3079
4879
587a
707a
007b
187b
287c
407c
507d
687d
787e
107e
207f
386f
4870
6070
7071
0871
1872
3072
4073
5873
6874
8074
1075
2875
3876
5076
6077
7877
0878
2078
3079
4879
587a
707a
007b
187b
287c
407c
507d
687d
787e
107e
207f
386f
4870
6070
7071
0871
1872
3072
4073
5873
6874
8074
1075
2875
3876
5076
6077
7877
0878
2078
3079
4879
587a
707a
007b
187b
287c
407c
507d
687d
787e
107e
207f
386f
4870
6070
7071
0871
1872
3072
4073
5873
6874
8074
1075
2875
3876
5076
6077
7877
0878
2078
3079
4879
587a
707a
007b
187b
287c
407c
507d
687d
787e
107e
207f
386f
4870
6070
7071
0871
1872
3072
4073
5873
6874
8074
1075
2875
3876
5076
6077
7877
0878
2078
3079
4879
587a
707a
007b
187b
287c
407c
507d
687d
787e
107e
207f
386f
4870
6070
7071
0871
1872
3072
4073
5873
6874
8074
1075
2875
3876
5076
6077
7877
0878
2078
3079
4879
587a
707a
007b
187b
287c
407c
507d
687d
787e
107e
207f
386f
4870
6070
7071
0871
1872
3072
4073
5873
6874
8074
1075
2875
3876
5076
6077
7877
0878
2078
3079
4879
587a
707a
007b
187b
287c
407c
507d
687d
787e
107e
207f
386f
4870
6070
7071
0871
1872
3072
4073
5873
6874
8074
1075
2875
3876
5076
6077
7877
0878
2078
3079
4879
587a
707a
009b
189c
289c
409d
509d
689e
789e
109f
208f
3890
4890
6091
7091
0892
1892
3093
4093
5894
6894
8095
1095
2896
3896
5097
6097
7898
0898
2099
3099
489a
589a
709b
009b
189c
289c
409d
509d
689e
789e
109f
208f
3890
4890
6091
7091
0892
1892
3093
4093
5894
6894
8095
1095
2896
3896
5097
6097
7898
0898
2099
3099
489a
589a
709b
009b
189c
289c
409d
509d
689e
789e
109f
208f
3890
4890
6091
7091
0892
1892
3093
4093
5894
6894
8095
1095
2896
3896
5097
6097
7898
0898
2099
3099
489a
589a
709b
009b
189c
289c
409d
509d
689e
789e
109f
208f
3890
4890
6091
7091
0892
1892
3093
4093
5894
6894
8095
1095
2896
3896
5097
6097
7898
0898
2099
3099
489a
589a
709b
009b
189c
289c
409d
509d
689e
789e
109f
208f
3890
4890
6091
7091
0892
1892
3093
4093
5894
6894
8095
1095
2896
3896
5097
6097
7898
0898
2099
3099
489a
589a
709b
009b
189c
289c
409d
509d
689e
789e
109f
208f
3890
4890
6091
7091
0892
1892
3093
4093
5894
6894
8095
1095
2896
3896
5097
6097
7898
0898
2099
3099
489a
589a
709b
009b
189c
289c
409d
509d
689e
789e
109f
208f
3890
4890
6091
7091
0892
1892
3093
4093
5894
6894
8095
1095
2896
3896
5097
6097
7898
0898
2099
3099
489a
589a
709b
009b
189c
289c
409d
509d
689e
789e
109f
208f
3890
4890
6091
7091
0892
1892
3093
4093
5894
6894
8095
1095
2896
3896
5097
6097
7898
0898
2099
3099
489a
589a
709b
009b
189c
289c
409d
509d
689e
789e
109f
208f
3890
4890
6091
7091
0892
1892
3093
4093
5894
6894
8095
1095
2896
3896
5097
6097
7898
0898
2099
3099
489a
589a
709b
00dc
18dc
28dd
40dd
50de
68de
78df
10cf
20d0
38d0
48d1
60d1
70d2
08d2
18d3
30d3
40d4
58d4
68d5
80d5
10d6
28d6
38d7
50d7
60d8
78d8
08d9
20d9
30da
48da
58db
70db
00dc
18dc
28dd
40dd
50de
68de
78df
10cf
20d0
38d0
48d1
60d1
70d2
08d2
18d3
30d3
40d4
58d4
68d5
80d5
10d6
28d6
38d7
50d7
60d8
78d8
08d9
20d9
30da
48da
58db
70db
00dc
18dc
28dd
40dd
50de
68de
78df
10cf
20d0
38d0
48d1
60d1
70d2
08d2
18d3
30d3
40d4
58d4
68d5
80d5
10d6
28d6
38d7
50d7
60d8
78d8
08d9
20d9
30da
48da
58db
70db
00dc
18dc
28dd
40dd
50de
68de
78df
10cf
20d0
38d0
48d1
60d1
70d2
08d2
18d3
30d3
40d4
58d4
68d5
80d5
10d6
28d6
38d7
50d7
60d8
78d8
08d9
20d9
30da
48da
58db
70db
00dc
18dc
28dd
40dd
50de
68de
78df
10cf
20d0
38d0
48d1
60d1
70d2
08d2
18d3
30d3
40d4
58d4
68d5
80d5
10d6
28d6
38d7
50d7
60d8
78d8
08d9
20d9
30da
48da
58db
70db
00dc
18dc
28dd
40dd
50de
68de
78df
10cf
20d0
38d0
48d1
60d1
70d2
08d2
18d3
30d3
40d4
58d4
68d5
80d5
10d6
28d6
38d7
50d7
60d8
78d8
08d9
20d9
30da
48da
58db
70db
00dc
18dc
28dd
40dd
50de
68de
78df
10cf
20d0
38d0
48d1
60d1
70d2
08d2
18d3
30d3
40d4
58d4
68d5
80d5
10d6
28d6
38d7
50d7
60d8
78d8
08d9
20d9
30da
48da
58db
70db
00dc
18dc
28dd
40dd
50de
68de
78df
10cf
20d0
38d0
48d1
60d1
70d2
08d2
18d3
30d3
40d4
58d4
68d5
80d5
10d6
28d6
38d7
50d7
60d8
78d8
08d9
20d9
30da
48da
58db
70db
00dc
18dc
28dd
40dd
50de
68de
78df
10cf
20d0
38d0
48d1
60d1
70d2
08d2
18d3
30d3
40d4
58d4
68d5
80d5
10d6
28d6
38d7
50d7
60d8
78d8
08d9
20d9
30da
48da
58db
70db
00fc
18fd
28fd
40fe
50fe
68ff
78ef
10f0
20f0
38f1
48f1
60f2
70f2
08f3
18f3
30f4
40f4
58f5
68f5
80f6
10f6
28f7
38f7
50f8
60f8
78f9
08f9
20fa
30fa
48fb
58fb
70fc
00fc
18fd
28fd
40fe
50fe
68ff
78ef
10f0
20f0
38f1
48f1
60f2
70f2
08f3
18f3
30f4
40f4
58f5
68f5
80f6
10f6
28f7
38f7
50f8
60f8
78f9
08f9
20fa
30fa
48fb
58fb
70fc
00fc
18fd
28fd
40fe
50fe
68ff
78ef
10f0
20f0
38f1
48f1
60f2
70f2
08f3
18f3
30f4
40f4
58f5
68f5
80f6
10f6
28f7
38f7
50f8
60f8
78f9
08f9
20fa
30fa
48fb
58fb
70fc
00fc
18fd
28fd
40fe
50fe
68ff
78ef
10f0
20f0
38f1
48f1
60f2
70f2
08f3
18f3
30f4
40f4
58f5
68f5
80f6
10f6
28f7
38f7
50f8
60f8
78f9
08f9
20fa
30fa
48fb
58fb
70fc
00fc
18fd
28fd
40fe
50fe
68ff
78ef
10f0
20f0
38f1
48f1
60f2
70f2
08f3
18f3
30f4
40f4
58f5
68f5
80f6
10f6
28f7
38f7
50f8
60f8
78f9
08f9
20fa
30fa
48fb
58fb
70fc
00fc
18fd
28fd
40fe
50fe
68ff
78ef
10f0
20f0
38f1
48f1
60f2
70f2
08f3
18f3
30f4
40f4
58f5
68f5
80f6
10f6
28f7
38f7
50f8
60f8
78f9
08f9
20fa
30fa
48fb
58fb
70fc
00fc
18fd
28fd
40fe
50fe
68ff
78ef
10f0
20f0
38f1
48f1
60f2
70f2
08f3
18f3
30f4
40f4
58f5
68f5
80f6
10f6
28f7
38f7
50f8
60f8
78f9
08f9
20fa
30fa
48fb
58fb
70fc
00fc
18fd
28fd
40fe
50fe
68ff
78ef
10f0
20f0
38f1
48f1
60f2
70f2
08f3
18f3
30f4
40f4
58f5
68f5
80f6
10f6
28f7
38f7
50f8
60f8
78f9
08f9
20fa
30fa
48fb
58fb
70fc
00fc
18fd
28fd
40fe
50fe
68ff
78ef
10f0
20f0
38f1
48f1
60f2
70f2
08f3
18f3
30f4
40f4
58f5
68f5
80f6
10f6
28f7
38f7
50f8
60f8
78f9
08f9
20fa
30fa
48fb
58fb
70fc
013d
193d
293e
413e
513f
692f
7930
1130
2131
3931
4932
6132
7133
0933
1934
3134
4135
5935
6936
8136
1137
2937
3938
5138
6139
7939
093a
213a
313b
493b
593c
713c
013d
193d
293e
413e
513f
692f
7930
1130
2131
3931
4932
6132
7133
0933
1934
3134
4135
5935
6936
8136
1137
2937
3938
5138
6139
7939
093a
213a
313b
493b
593c
713c
013d
193d
293e
413e
513f
692f
7930
1130
2131
3931
4932
6132
7133
0933
1934
3134
4135
5935
6936
8136
1137
2937
3938
5138
6139
7939
093a
213a
313b
493b
593c
713c
013d
193d
293e
413e
513f
692f
7930
1130
2131
3931
4932
6132
7133
0933
1934
3134
4135
5935
6936
8136
1137
2937
3938
5138
6139
7939
093a
213a
313b
493b
593c
713c
013d
193d
293e
413e
513f
692f
7930
1130
2131
3931
4932
6132
7133
0933
1934
3134
4135
5935
6936
8136
1137
2937
3938
5138
6139
7939
093a
213a
313b
493b
593c
713c
013d
193d
293e
413e
513f
692f
7930
1130
2131
3931
4932
6132
7133
0933
1934
3134
4135
5935
6936
8136
1137
2937
3938
5138
6139
7939
093a
213a
313b
493b
593c
713c
013d
193d
293e
413e
513f
692f
7930
1130
2131
3931
4932
6132
7133
0933
1934
3134
4135
5935
6936
8136
1137
2937
3938
5138
6139
7939
093a
213a
313b
493b
593c
713c
013d
193d
293e
413e
513f
692f
7930
1130
2131
3931
4932
6132
7133
0933
1934
3134
4135
5935
6936
8136
1137
2937
3938
5138
6139
7939
093a
213a
313b
493b
593c
713c
013d
193d
293e
413e
513f
692f
7930
1130
2131
3931
4932
6132
7133
0933
1934
3134
4135
5935
6936
8136
1137
2937
3938
5138
6139
7939
093a
213a
313b
493b
593c
713c
015d
195e
295e
415f
514f
6950
7950
1151
2151
3952
4952
6153
7153
0954
1954
3155
4155
5956
6956
8157
1157
2958
3958
5159
6159
795a
095a
215b
315b
495c
595c
715d
015d
195e
295e
415f
514f
6950
7950
1151
2151
3952
4952
6153
7153
0954
1954
3155
4155
5956
6956
8157
1157
2958
3958
5159
6159
795a
095a
215b
315b
495c
595c
715d
015d
195e
295e
415f
514f
6950
7950
1151
2151
3952
4952
6153
7153
0954
1954
3155
4155
5956
6956
8157
1157
2958
3958
5159
6159
795a
095a
215b
315b
495c
595c
715d
015d
195e
295e
415f
514f
6950
7950
1151
2151
3952
4952
6153
7153
0954
1954
3155
4155
5956
6956
8157
1157
2958
3958
5159
6159
795a
095a
215b
315b
495c
595c
715d
015d
195e
295e
415f
514f
6950
7950
1151
2151
3952
4952
6153
7153
0954
1954
3155
4155
5956
6956
8157
1157
2958
3958
5159
6159
795a
095a
215b
315b
495c
595c
715d
015d
195e
295e
415f
514f
6950
7950
1151
2151
3952
4952
6153
7153
0954
1954
3155
4155
5956
6956
8157
1157
2958
3958
5159
6159
795a
095a
215b
315b
495c
595c
715d
015d
195e
295e
415f
514f
6950
7950
1151
2151
3952
4952
6153
7153
0954
1954
3155
4155
5956
6956
8157
1157
2958
3958
5159
6159
795a
095a
215b
315b
495c
595c
715d
015d
195e
295e
415f
514f
6950
7950
1151
2151
3952
4952
6153
7153
0954
1954
3155
4155
5956
6956
8157
1157
2958
3958
5159
6159
795a
095a
215b
315b
495c
595c
715d
015d
195e
295e
415f
514f
6950
7950
1151
2151
3952
4952
6153
7153
0954
1954
3155
4155
5956
6956
8157
1157
2958
3958
5159
6159
795a
095a
215b
315b
495c
595c
715d
019e
199e
299f
418f
5190
6990
7991
1191
2192
3992
4993
6193
7194
0994
1995
3195
4196
5996
6997
8197
1198
2998
3999
5199
619a
799a
099b
219b
319c
499c
599d
719d
019e
199e
299f
418f
5190
6990
7991
1191
2192
3992
4993
6193
7194
0994
1995
3195
4196
5996
6997
8197
1198
2998
3999
5199
619a
799a
099b
219b
319c
499c
599d
719d
019e
199e
299f
418f
5190
6990
7991
1191
2192
3992
4993
6193
7194
0994
1995
3195
4196
5996
6997
8197
1198
2998
3999
5199
619a
799a
099b
219b
319c
499c
599d
719d
019e
199e
299f
418f
5190
6990
7991
1191
2192
3992
4993
6193
7194
0994
1995
3195
4196
5996
6997
8197
1198
2998
3999
5199
619a
799a
099b
219b
319c
499c
599d
719d
019e
199e
299f
418f
5190
6990
7991
1191
2192
3992
4993
6193
7194
0994
1995
3195
4196
5996
6997
8197
1198
2998
3999
5199
619a
799a
099b
219b
319c
499c
599d
719d
019e
199e
299f
418f
5190
6990
7991
1191
2192
3992
4993
6193
7194
0994
1995
3195
4196
5996
6997
8197
1198
2998
3999
5199
619a
799a
099b
219b
319c
499c
599d
719d
019e
199e
299f
418f
5190
6990
7991
1191
2192
3992
4993
6193
7194
0994
1995
3195
4196
5996
6997
8197
1198
2998
3999
5199
619a
799a
099b
219b
319c
499c
599d
719d
019e
199e
299f
418f
5190
6990
7991
1191
2192
3992
4993
6193
7194
0994
1995
3195
4196
5996
6997
8197
1198
2998
3999
5199
619a
799a
099b
219b
319c
499c
599d
719d
019e
199e
299f
418f
5190
6990
7991
1191
2192
3992
4993
6193
7194
0994
1995
3195
4196
5996
6997
8197
1198
2998
3999
5199
619a
799a
099b
219b
319c
499c
599d
719d
01be
19bf
29af
41b0
51b0
69b1
79b1
11b2
21b2
39b3
49b3
61b4
71b4
09b5
19b5
31b6
41b6
59b7
69b7
81b8
11b8
29b9
39b9
51ba
61ba
79bb
09bb
21bc
31bc
49bd
59bd
71be
01be
19bf
29af
41b0
51b0
69b1
79b1
11b2
21b2
39b3
49b3
61b4
71b4
09b5
19b5
31b6
41b6
59b7
69b7
81b8
11b8
29b9
39b9
51ba
61ba
79bb
09bb
21bc
31bc
49bd
59bd
71be
01be
19bf
29af
41b0
51b0
69b1
79b1
11b2
21b2
39b3
49b3
61b4
71b4
09b5
19b5
31b6
41b6
59b7
69b7
81b8
11b8
29b9
39b9
51ba
61ba
79bb
09bb
21bc
31bc
49bd
59bd
71be
01be
19bf
29af
41b0
51b0
69b1
79b1
11b2
21b2
39b3
49b3
61b4
71b4
09b5
19b5
31b6
41b6
59b7
69b7
81b8
11b8
29b9
39b9
51ba
61ba
79bb
09bb
21bc
31bc
49bd
59bd
71be
01be
19bf
29af
41b0
51b0
69b1
79b1
11b2
21b2
39b3
49b3
61b4
71b4
09b5
19b5
31b6
41b6
59b7
69b7
81b8
11b8
29b9
39b9
51ba
61ba
79bb
09bb
21bc
31bc
49bd
59bd
71be
01be
19bf
29af
41b0
51b0
69b1
79b1
11b2
21b2
39b3
49b3
61b4
71b4
09b5
19b5
31b6
41b6
59b7
69b7
81b8
11b8
29b9
39b9
51ba
61ba
79bb
09bb
21bc
31bc
49bd
59bd
71be
01be
19bf
29af
41b0
51b0
69b1
79b1
11b2
21b2
39b3
49b3
61b4
71b4
09b5
19b5
31b6
41b6
59b7
69b7
81b8
11b8
29b9
39b9
51ba
61ba
79bb
09bb
21bc
31bc
49bd
59bd
71be
01be
19bf
29af
41b0
51b0
69b1
79b1
11b2
21b2
39b3
49b3
61b4
71b4
09b5
19b5
31b6
41b6
59b7
69b7
81b8
11b8
29b9
39b9
51ba
61ba
79bb
09bb
21bc
31bc
49bd
59bd
71be
01be
19bf
29af
41b0
51b0
69b1
79b1
11b2
21b2
39b3
49b3
61b4
71b4
09b5
19b5
31b6
41b6
59b7
69b7
81b8
11b8
29b9
39b9
51ba
61ba
79bb
09bb
21bc
31bc
49bd
59bd
71be
01ff
19ef
29f0
41f0
51f1
69f1
79f2
11f2
21f3
39f3
49f4
61f4
71f5
09f5
19f6
31f6
41f7
59f7
69f8
81f8
11f9
29f9
39fa
51fa
61fb
79fb
09fc
21fc
31fd
49fd
59fe
71fe
01ff
19ef
29f0
41f0
51f1
69f1
79f2
11f2
21f3
39f3
49f4
61f4
71f5
09f5
19f6
31f6
41f7
59f7
69f8
81f8
11f9
29f9
39fa
51fa
61fb
79fb
09fc
21fc
31fd
49fd
59fe
71fe
01ff
19ef
29f0
41f0
51f1
69f1
79f2
11f2
21f3
39f3
49f4
61f4
71f5
09f5
19f6
31f6
41f7
59f7
69f8
81f8
11f9
29f9
39fa
51fa
61fb
79fb
09fc
21fc
31fd
49fd
59fe
71fe
01ff
19ef
29f0
41f0
51f1
69f1
79f2
11f2
21f3
39f3
49f4
61f4
71f5
09f5
19f6
31f6
41f7
59f7
69f8
81f8
11f9
29f9
39fa
51fa
61fb
79fb
09fc
21fc
31fd
49fd
59fe
71fe
01ff
19ef
29f0
41f0
51f1
69f1
79f2
11f2
21f3
39f3
49f4
61f4
71f5
09f5
19f6
31f6
41f7
59f7
69f8
81f8
11f9
29f9
39fa
51fa
61fb
79fb
09fc
21fc
31fd
49fd
59fe
71fe
01ff
19ef
29f0
41f0
51f1
69f1
79f2
11f2
21f3
39f3
49f4
61f4
71f5
09f5
19f6
31f6
41f7
59f7
69f8
81f8
11f9
29f9
39fa
51fa
61fb
79fb
09fc
21fc
31fd
49fd
59fe
71fe
01ff
19ef
29f0
41f0
51f1
69f1
79f2
11f2
21f3
39f3
49f4
61f4
71f5
09f5
19f6
31f6
41f7
59f7
69f8
81f8
11f9
29f9
39fa
51fa
61fb
79fb
09fc
21fc
31fd
49fd
59fe
71fe
01ff
19ef
29f0
41f0
51f1
69f1
79f2
11f2
21f3
39f3
49f4
61f4
71f5
09f5
19f6
31f6
41f7
59f7
69f8
81f8
11f9
29f9
39fa
51fa
61fb
79fb
09fc
21fc
31fd
49fd
59fe
71fe
01ff
19ef
29f0
41f0
51f1
69f1
79f2
11f2
21f3
39f3
49f4
61f4
71f5
09f5
19f6
31f6
41f7
59f7
69f8
81f8
11f9
29f9
39fa
51fa
61fb
79fb
09fc
21fc
31fd
49fd
59fe
71fe
020f
1a10
2a10
4211
5211
6a12
7a12
1213
2213
3a14
4a14
6215
7215
0a16
1a16
3217
4217
5a18
6a18
8219
1219
2a1a
3a1a
521b
621b
7a1c
0a1c
221d
321d
4a1e
5a1e
721f
020f
1a10
2a10
4211
5211
6a12
7a12
1213
2213
3a14
4a14
6215
7215
0a16
1a16
3217
4217
5a18
6a18
8219
1219
2a1a
3a1a
521b
621b
7a1c
0a1c
221d
321d
4a1e
5a1e
721f
020f
1a10
2a10
4211
5211
6a12
7a12
1213
2213
3a14
4a14
6215
7215
0a16
1a16
3217
4217
5a18
6a18
8219
1219
2a1a
3a1a
521b
621b
7a1c
0a1c
221d
321d
4a1e
5a1e
721f
020f
1a10
2a10
4211
5211
6a12
7a12
1213
2213
3a14
4a14
6215
7215
0a16
1a16
3217
4217
5a18
6a18
8219
1219
2a1a
3a1a
521b
621b
7a1c
0a1c
221d
321d
4a1e
5a1e
721f
020f
1a10
2a10
4211
5211
6a12
7a12
1213
2213
3a14
4a14
6215
7215
0a16
1a16
3217
4217
5a18
6a18
8219
1219
2a1a
3a1a
521b
621b
7a1c
0a1c
221d
321d
4a1e
5a1e
721f
020f
1a10
2a10
4211
5211
6a12
7a12
1213
2213
3a14
4a14
6215
7215
0a16
1a16
3217
4217
5a18
6a18
8219
1219
2a1a
3a1a
521b
621b
7a1c
0a1c
221d
321d
4a1e
5a1e
721f
020f
1a10
2a10
4211
5211
6a12
7a12
1213
2213
3a14
4a14
6215
7215
0a16
1a16
3217
4217
5a18
6a18
8219
1219
2a1a
3a1a
521b
621b
7a1c
0a1c
221d
321d
4a1e
5a1e
721f
020f
1a10
2a10
4211
5211
6a12
7a12
1213
2213
3a14
4a14
6215
7215
0a16
1a16
3217
4217
5a18
6a18
8219
1219
2a1a
3a1a
521b
621b
7a1c
0a1c
221d
321d
4a1e
5a1e
721f
020f
1a10
2a10
4211
5211
6a12
7a12
1213
2213
3a14
4a14
6215
7215
0a16
1a16
3217
4217
5a18
6a18
8219
1219
2a1a
3a1a
521b
621b
7a1c
0a1c
221d
321d
4a1e
5a1e
721f
0250
1a50
2a51
4251
5252
6a52
7a53
1253
2254
3a54
4a55
6255
7256
0a56
1a57
3257
4258
5a58
6a59
8259
125a
2a5a
3a5b
525b
625c
7a5c
0a5d
225d
325e
4a5e
5a5f
724f
0250
1a50
2a51
4251
5252
6a52
7a53
1253
2254
3a54
4a55
6255
7256
0a56
1a57
3257
4258
5a58
6a59
8259
125a
2a5a
3a5b
525b
625c
7a5c
0a5d
225d
325e
4a5e
5a5f
724f
0250
1a50
2a51
4251
5252
6a52
7a53
1253
2254
3a54
4a55
6255
7256
0a56
1a57
3257
4258
5a58
6a59
8259
125a
2a5a
3a5b
525b
625c
7a5c
0a5d
225d
325e
4a5e
5a5f
724f
0250
1a50
2a51
4251
5252
6a52
7a53
1253
2254
3a54
4a55
6255
7256
0a56
1a57
3257
4258
5a58
6a59
8259
125a
2a5a
3a5b
525b
625c
7a5c
0a5d
225d
325e
4a5e
5a5f
724f
0250
1a50
2a51
4251
5252
6a52
7a53
1253
2254
3a54
4a55
6255
7256
0a56
1a57
3257
4258
5a58
6a59
8259
125a
2a5a
3a5b
525b
625c
7a5c
0a5d
225d
325e
4a5e
5a5f
724f
0250
1a50
2a51
4251
5252
6a52
7a53
1253
2254
3a54
4a55
6255
7256
0a56
1a57
3257
4258
5a58
6a59
8259
125a
2a5a
3a5b
525b
625c
7a5c
0a5d
225d
325e
4a5e
5a5f
724f
0250
1a50
2a51
4251
5252
6a52
7a53
1253
2254
3a54
4a55
6255
7256
0a56
1a57
3257
4258
5a58
6a59
8259
125a
2a5a
3a5b
525b
625c
7a5c
0a5d
225d
325e
4a5e
5a5f
724f
0250
1a50
2a51
4251
5252
6a52
7a53
1253
2254
3a54
4a55
6255
7256
0a56
1a57
3257
4258
5a58
6a59
8259
125a
2a5a
3a5b
525b
625c
7a5c
0a5d
225d
325e
4a5e
5a5f
724f
0250
1a50
2a51
4251
5252
6a52
7a53
1253
2254
3a54
4a55
6255
7256
0a56
1a57
3257
4258
5a58
6a59
8259
125a
2a5a
3a5b
525b
625c
7a5c
0a5d
225d
325e
4a5e
5a5f
724f
0270
1a71
2a71
4272
5272
6a73
7a73
1274
2274
3a75
4a75
6276
7276
0a77
1a77
3278
4278
5a79
6a79
827a
127a
2a7b
3a7b
527c
627c
7a7d
0a7d
227e
327e
4a7f
5a6f
7270
0270
1a71
2a71
4272
5272
6a73
7a73
1274
2274
3a75
4a75
6276
7276
0a77
1a77
3278
4278
5a79
6a79
827a
127a
2a7b
3a7b
527c
627c
7a7d
0a7d
227e
327e
4a7f
5a6f
7270
0270
1a71
2a71
4272
5272
6a73
7a73
1274
2274
3a75
4a75
6276
7276
0a77
1a77
3278
4278
5a79
6a79
827a
127a
2a7b
3a7b
527c
627c
7a7d
0a7d
227e
327e
4a7f
5a6f
7270
0270
1a71
2a71
4272
5272
6a73
7a73
1274
2274
3a75
4a75
6276
7276
0a77
1a77
3278
4278
5a79
6a79
827a
127a
2a7b
3a7b
527c
627c
7a7d
0a7d
227e
327e
4a7f
5a6f
7270
0270
1a71
2a71
4272
5272
6a73
7a73
1274
2274
3a75
4a75
6276
7276
0a77
1a77
3278
4278
5a79
6a79
827a
127a
2a7b
3a7b
527c
627c
7a7d
0a7d
227e
327e
4a7f
5a6f
7270
0270
1a71
2a71
4272
5272
6a73
7a73
1274
2274
3a75
4a75
6276
7276
0a77
1a77
3278
4278
5a79
6a79
827a
127a
2a7b
3a7b
527c
627c
7a7d
0a7d
227e
327e
4a7f
5a6f
7270
0270
1a71
2a71
4272
5272
6a73
7a73
1274
2274
3a75
4a75
6276
7276
0a77
1a77
3278
4278
5a79
6a79
827a
127a
2a7b
3a7b
527c
627c
7a7d
0a7d
227e
327e
4a7f
5a6f
7270
0270
1a71
2a71
4272
5272
6a73
7a73
1274
2274
3a75
4a75
6276
7276
0a77
1a77
3278
4278
5a79
6a79
827a
127a
2a7b
3a7b
527c
627c
7a7d
0a7d
227e
327e
4a7f
5a6f
7270
0270
1a71
2a71
4272
5272
6a73
7a73
1274
2274
3a75
4a75
6276
7276
0a77
1a77
3278
4278
5a79
6a79
827a
127a
2a7b
3a7b
527c
627c
7a7d
0a7d
227e
327e
4a7f
5a6f
7270
02b1
1ab1
2ab2
42b2
52b3
6ab3
7ab4
12b4
22b5
3ab5
4ab6
62b6
72b7
0ab7
1ab8
32b8
42b9
5ab9
6aba
82ba
12bb
2abb
3abc
52bc
62bd
7abd
0abe
22be
32bf
4aaf
5ab0
72b0
02b1
1ab1
2ab2
42b2
52b3
6ab3
7ab4
12b4
22b5
3ab5
4ab6
62b6
72b7
0ab7
1ab8
32b8
42b9
5ab9
6aba
82ba
12bb
2abb
3abc
52bc
62bd
7abd
0abe
22be
32bf
4aaf
5ab0
72b0
02b1
1ab1
2ab2
42b2
52b3
6ab3
7ab4
12b4
22b5
3ab5
4ab6
62b6
72b7
0ab7
1ab8
32b8
42b9
5ab9
6aba
82ba
12bb
2abb
3abc
52bc
62bd
7abd
0abe
22be
32bf
4aaf
5ab0
72b0
02b1
1ab1
2ab2
42b2
52b3
6ab3
7ab4
12b4
22b5
3ab5
4ab6
62b6
72b7
0ab7
1ab8
32b8
42b9
5ab9
6aba
82ba
12bb
2abb
3abc
52bc
62bd
7abd
0abe
22be
32bf
4aaf
5ab0
72b0
02b1
1ab1
2ab2
42b2
52b3
6ab3
7ab4
12b4
22b5
3ab5
4ab6
62b6
72b7
0ab7
1ab8
32b8
42b9
5ab9
6aba
82ba
12bb
2abb
3abc
52bc
62bd
7abd
0abe
22be
32bf
4aaf
5ab0
72b0
02b1
1ab1
2ab2
42b2
52b3
6ab3
7ab4
12b4
22b5
3ab5
4ab6
62b6
72b7
0ab7
1ab8
32b8
42b9
5ab9
6aba
82ba
12bb
2abb
3abc
52bc
62bd
7abd
0abe
22be
32bf
4aaf
5ab0
72b0
02b1
1ab1
2ab2
42b2
52b3
6ab3
7ab4
12b4
22b5
3ab5
4ab6
62b6
72b7
0ab7
1ab8
32b8
42b9
5ab9
6aba
82ba
12bb
2abb
3abc
52bc
62bd
7abd
0abe
22be
32bf
4aaf
5ab0
72b0
02b1
1ab1
2ab2
42b2
52b3
6ab3
7ab4
12b4
22b5
3ab5
4ab6
62b6
72b7
0ab7
1ab8
32b8
42b9
5ab9
6aba
82ba
12bb
2abb
3abc
52bc
62bd
7abd
0abe
22be
32bf
4aaf
5ab0
72b0
02b1
1ab1
2ab2
42b2
52b3
6ab3
7ab4
12b4
22b5
3ab5
4ab6
62b6
72b7
0ab7
1ab8
32b8
42b9
5ab9
6aba
82ba
12bb
2abb
3abc
52bc
62bd
7abd
0abe
22be
32bf
4aaf
5ab0
72b0
02d1
1ad2
2ad2
42d3
52d3
6ad4
7ad4
12d5
22d5
3ad6
4ad6
62d7
72d7
0ad8
1ad8
32d9
42d9
5ada
6ada
82db
12db
2adc
3adc
52dd
62dd
7ade
0ade
22df
32cf
4ad0
5ad0
72d1
02d1
1ad2
2ad2
42d3
52d3
6ad4
7ad4
12d5
22d5
3ad6
4ad6
62d7
72d7
0ad8
1ad8
32d9
42d9
5ada
6ada
82db
12db
2adc
3adc
52dd
62dd
7ade
0ade
22df
32cf
4ad0
5ad0
72d1
02d1
1ad2
2ad2
42d3
52d3
6ad4
7ad4
12d5
22d5
3ad6
4ad6
62d7
72d7
0ad8
1ad8
32d9
42d9
5ada
6ada
82db
12db
2adc
3adc
52dd
62dd
7ade
0ade
22df
32cf
4ad0
5ad0
72d1
02d1
1ad2
2ad2
42d3
52d3
6ad4
7ad4
12d5
22d5
3ad6
4ad6
62d7
72d7
0ad8
1ad8
32d9
42d9
5ada
6ada
82db
12db
2adc
3adc
52dd
62dd
7ade
0ade
22df
32cf
4ad0
5ad0
72d1
02d1
1ad2
2ad2
42d3
52d3
6ad4
7ad4
12d5
22d5
3ad6
4ad6
62d7
72d7
0ad8
1ad8
32d9
42d9
5ada
6ada
82db
12db
2adc
3adc
52dd
62dd
7ade
0ade
22df
32cf
4ad0
5ad0
72d1
02d1
1ad2
2ad2
42d3
52d3
6ad4
7ad4
12d5
22d5
3ad6
4ad6
62d7
72d7
0ad8
1ad8
32d9
42d9
5ada
6ada
82db
12db
2adc
3adc
52dd
62dd
7ade
0ade
22df
32cf
4ad0
5ad0
72d1
02d1
1ad2
2ad2
42d3
52d3
6ad4
7ad4
12d5
22d5
3ad6
4ad6
62d7
72d7
0ad8
1ad8
32d9
42d9
5ada
6ada
82db
12db
2adc
3adc
52dd
62dd
7ade
0ade
22df
32cf
4ad0
5ad0
72d1
02d1
1ad2
2ad2
42d3
52d3
6ad4
7ad4
12d5
22d5
3ad6
4ad6
62d7
72d7
0ad8
1ad8
32d9
42d9
5ada
6ada
82db
12db
2adc
3adc
52dd
62dd
7ade
0ade
22df
32cf
4ad0
5ad0
72d1
02d1
1ad2
2ad2
42d3
52d3
6ad4
7ad4
12d5
22d5
3ad6
4ad6
62d7
72d7
0ad8
1ad8
32d9
42d9
5ada
6ada
82db
12db
2adc
3adc
52dd
62dd
7ade
0ade
22df
32cf
4ad0
5ad0
72d1
0312
1b12
2b13
4313
5314
6b14
7b15
1315
2316
3b16
4b17
6317
7318
0b18
1b19
3319
431a
5b1a
6b1b
831b
131c
2b1c
3b1d
531d
631e
7b1e
0b1f
230f
3310
4b10
5b11
7311
0312
1b12
2b13
4313
5314
6b14
7b15
1315
2316
3b16
4b17
6317
7318
0b18
1b19
3319
431a
5b1a
6b1b
831b
131c
2b1c
3b1d
531d
631e
7b1e
0b1f
230f
3310
4b10
5b11
7311
0312
1b12
2b13
4313
5314
6b14
7b15
1315
2316
3b16
4b17
6317
7318
0b18
1b19
3319
431a
5b1a
6b1b
831b
131c
2b1c
3b1d
531d
631e
7b1e
0b1f
230f
3310
4b10
5b11
7311
0312
1b12
2b13
4313
5314
6b14
7b15
1315
2316
3b16
4b17
6317
7318
0b18
1b19
3319
431a
5b1a
6b1b
831b
131c
2b1c
3b1d
531d
631e
7b1e
0b1f
230f
3310
4b10
5b11
7311
0312
1b12
2b13
4313
5314
6b14
7b15
1315
2316
3b16
4b17
6317
7318
0b18
1b19
3319
431a
5b1a
6b1b
831b
131c
2b1c
3b1d
531d
631e
7b1e
0b1f
230f
3310
4b10
5b11
7311
0312
1b12
2b13
4313
5314
6b14
7b15
1315
2316
3b16
4b17
6317
7318
0b18
1b19
3319
431a
5b1a
6b1b
831b
131c
2b1c
3b1d
531d
631e
7b1e
0b1f
230f
3310
4b10
5b11
7311
0312
1b12
2b13
4313
5314
6b14
7b15
1315
2316
3b16
4b17
6317
7318
0b18
1b19
3319
431a
5b1a
6b1b
831b
131c
2b1c
3b1d
531d
631e
7b1e
0b1f
230f
3310
4b10
5b11
7311
0312
1b12
2b13
4313
5314
6b14
7b15
1315
2316
3b16
4b17
6317
7318
0b18
1b19
3319
431a
5b1a
6b1b
831b
131c
2b1c
3b1d
531d
631e
7b1e
0b1f
230f
3310
4b10
5b11
7311
0312
1b12
2b13
4313
5314
6b14
7b15
1315
2316
3b16
4b17
6317
7318
0b18
1b19
3319
431a
5b1a
6b1b
831b
131c
2b1c
3b1d
531d
631e
7b1e
0b1f
230f
3310
4b10
5b11
7311
0332
1b33
2b33
4334
5334
6b35
7b35
1336
2336
3b37
4b37
6338
7338
0b39
1b39
333a
433a
5b3b
6b3b
833c
133c
2b3d
3b3d
533e
633e
7b3f
0b2f
2330
3330
4b31
5b31
7332
0332
1b33
2b33
4334
5334
6b35
7b35
1336
2336
3b37
4b37
6338
7338
0b39
1b39
333a
433a
5b3b
6b3b
833c
133c
2b3d
3b3d
533e
633e
7b3f
0b2f
2330
3330
4b31
5b31
7332
0332
1b33
2b33
4334
5334
6b35
7b35
1336
2336
3b37
4b37
6338
7338
0b39
1b39
333a
433a
5b3b
6b3b
833c
133c
2b3d
3b3d
533e
633e
7b3f
0b2f
2330
3330
4b31
5b31
7332
0332
1b33
2b33
4334
5334
6b35
7b35
1336
2336
3b37
4b37
6338
7338
0b39
1b39
333a
433a
5b3b
6b3b
833c
133c
2b3d
3b3d
533e
633e
7b3f
0b2f
2330
3330
4b31
5b31
7332
0332
1b33
2b33
4334
5334
6b35
7b35
1336
2336
3b37
4b37
6338
7338
0b39
1b39
333a
433a
5b3b
6b3b
833c
133c
2b3d
3b3d
533e
633e
7b3f
0b2f
2330
3330
4b31
5b31
7332
0332
1b33
2b33
4334
5334
6b35
7b35
1336
2336
3b37
4b37
6338
7338
0b39
1b39
333a
433a
5b3b
6b3b
833c
133c
2b3d
3b3d
533e
633e
7b3f
0b2f
2330
3330
4b31
5b31
7332
0332
1b33
2b33
4334
5334
6b35
7b35
1336
2336
3b37
4b37
6338
7338
0b39
1b39
333a
433a
5b3b
6b3b
833c
133c
2b3d
3b3d
533e
633e
7b3f
0b2f
2330
3330
4b31
5b31
7332
0332
1b33
2b33
4334
5334
6b35
7b35
1336
2336
3b37
4b37
6338
7338
0b39
1b39
333a
433a
5b3b
6b3b
833c
133c
2b3d
3b3d
533e
633e
7b3f
0b2f
2330
3330
4b31
5b31
7332
0332
1b33
2b33
4334
5334
6b35
7b35
1336
2336
3b37
4b37
6338
7338
0b39
1b39
333a
433a
5b3b
6b3b
833c
133c
2b3d
3b3d
533e
633e
7b3f
0b2f
2330
3330
4b31
5b31
7332
0373
1b73
2b74
4374
5375
6b75
7b76
1376
2377
3b77
4b78
6378
7379
0b79
1b7a
337a
437b
5b7b
6b7c
837c
137d
2b7d
3b7e
537e
637f
7b6f
0b70
2370
3371
4b71
5b72
7372
0373
1b73
2b74
4374
5375
6b75
7b76
1376
2377
3b77
4b78
6378
7379
0b79
1b7a
337a
437b
5b7b
6b7c
837c
137d
2b7d
3b7e
537e
637f
7b6f
0b70
2370
3371
4b71
5b72
7372
0373
1b73
2b74
4374
5375
6b75
7b76
1376
2377
3b77
4b78
6378
7379
0b79
1b7a
337a
437b
5b7b
6b7c
837c
137d
2b7d
3b7e
537e
637f
7b6f
0b70
2370
3371
4b71
5b72
7372
0373
1b73
2b74
4374
5375
6b75
7b76
1376
2377
3b77
4b78
6378
7379
0b79
1b7a
337a
437b
5b7b
6b7c
837c
137d
2b7d
3b7e
537e
637f
7b6f
0b70
2370
3371
4b71
5b72
7372
0373
1b73
2b74
4374
5375
6b75
7b76
1376
2377
3b77
4b78
6378
7379
0b79
1b7a
337a
437b
5b7b
6b7c
837c
137d
2b7d
3b7e
537e
637f
7b6f
0b70
2370
3371
4b71
5b72
7372
0373
1b73
2b74
4374
5375
6b75
7b76
1376
2377
3b77
4b78
6378
7379
0b79
1b7a
337a
437b
5b7b
6b7c
837c
137d
2b7d
3b7e
537e
637f
7b6f
0b70
2370
3371
4b71
5b72
7372
0373
1b73
2b74
4374
5375
6b75
7b76
1376
2377
3b77
4b78
6378
7379
0b79
1b7a
337a
437b
5b7b
6b7c
837c
137d
2b7d
3b7e
537e
637f
7b6f
0b70
2370
3371
4b71
5b72
7372
0373
1b73
2b74
4374
5375
6b75
7b76
1376
2377
3b77
4b78
6378
7379
0b79
1b7a
337a
437b
5b7b
6b7c
837c
137d
2b7d
3b7e
537e
637f
7b6f
0b70
2370
3371
4b71
5b72
7372
0373
1b73
2b74
4374
5375
6b75
7b76
1376
2377
3b77
4b78
6378
7379
0b79
1b7a
337a
437b
5b7b
6b7c
837c
137d
2b7d
3b7e
537e
637f
7b6f
0b70
2370
3371
4b71
5b72
7372
0393
1b94
2b94
4395
5395
6b96
7b96
1397
2397
3b98
4b98
6399
7399
0b9a
1b9a
339b
439b
5b9c
6b9c
839d
139d
2b9e
3b9e
539f
638f
7b90
0b90
2391
3391
4b92
5b92
7393
0393
1b94
2b94
4395
5395
6b96
7b96
1397
2397
3b98
4b98
6399
7399
0b9a
1b9a
339b
439b
5b9c
6b9c
839d
139d
2b9e
3b9e
539f
638f
7b90
0b90
2391
3391
4b92
5b92
7393
0393
1b94
2b94
4395
5395
6b96
7b96
1397
2397
3b98
4b98
6399
7399
0b9a
1b9a
339b
439b
5b9c
6b9c
839d
139d
2b9e
3b9e
539f
638f
7b90
0b90
2391
3391
4b92
5b92
7393
0393
1b94
2b94
4395
5395
6b96
7b96
1397
2397
3b98
4b98
6399
7399
0b9a
1b9a
339b
439b
5b9c
6b9c
839d
139d
2b9e
3b9e
539f
638f
7b90
0b90
2391
3391
4b92
5b92
7393
0393
1b94
2b94
4395
5395
6b96
7b96
1397
2397
3b98
4b98
6399
7399
0b9a
1b9a
339b
439b
5b9c
6b9c
839d
139d
2b9e
3b9e
539f
638f
7b90
0b90
2391
3391
4b92
5b92
7393
0393
1b94
2b94
4395
5395
6b96
7b96
1397
2397
3b98
4b98
6399
7399
0b9a
1b9a
339b
439b
5b9c
6b9c
839d
139d
2b9e
3b9e
539f
638f
7b90
0b90
2391
3391
4b92
5b92
7393
0393
1b94
2b94
4395
5395
6b96
7b96
1397
2397
3b98
4b98
6399
7399
0b9a
1b9a
339b
439b
5b9c
6b9c
839d
139d
2b9e
3b9e
539f
638f
7b90
0b90
2391
3391
4b92
5b92
7393
0393
1b94
2b94
4395
5395
6b96
7b96
1397
2397
3b98
4b98
6399
7399
0b9a
1b9a
339b
439b
5b9c
6b9c
839d
139d
2b9e
3b9e
539f
638f
7b90
0b90
2391
3391
4b92
5b92
7393
0393
1b94
2b94
4395
5395
6b96
7b96
1397
2397
3b98
4b98
6399
7399
0b9a
1b9a
339b
439b
5b9c
6b9c
839d
139d
2b9e
3b9e
539f
638f
7b90
0b90
2391
3391
4b92
5b92
7393
03d4
1bd4
2bd5
43d5
53d6
6bd6
7bd7
13d7
23d8
3bd8
4bd9
63d9
73da
0bda
1bdb
33db
43dc
5bdc
6bdd
83dd
13de
2bde
3bdf
53cf
63d0
7bd0
0bd1
23d1
33d2
4bd2
5bd3
73d3
03d4
1bd4
2bd5
43d5
53d6
6bd6
7bd7
13d7
23d8
3bd8
4bd9
63d9
73da
0bda
1bdb
33db
43dc
5bdc
6bdd
83dd
13de
2bde
3bdf
53cf
63d0
7bd0
0bd1
23d1
33d2
4bd2
5bd3
73d3
03d4
1bd4
2bd5
43d5
53d6
6bd6
7bd7
13d7
23d8
3bd8
4bd9
63d9
73da
0bda
1bdb
33db
43dc
5bdc
6bdd
83dd
13de
2bde
3bdf
53cf
63d0
7bd0
0bd1
23d1
33d2
4bd2
5bd3
73d3
03d4
1bd4
2bd5
43d5
53d6
6bd6
7bd7
13d7
23d8
3bd8
4bd9
63d9
73da
0bda
1bdb
33db
43dc
5bdc
6bdd
83dd
13de
2bde
3bdf
53cf
63d0
7bd0
0bd1
23d1
33d2
4bd2
5bd3
73d3
03d4
1bd4
2bd5
43d5
53d6
6bd6
7bd7
13d7
23d8
3bd8
4bd9
63d9
73da
0bda
1bdb
33db
43dc
5bdc
6bdd
83dd
13de
2bde
3bdf
53cf
63d0
7bd0
0bd1
23d1
33d2
4bd2
5bd3
73d3
03d4
1bd4
2bd5
43d5
53d6
6bd6
7bd7
13d7
23d8
3bd8
4bd9
63d9
73da
0bda
1bdb
33db
43dc
5bdc
6bdd
83dd
13de
2bde
3bdf
53cf
63d0
7bd0
0bd1
23d1
33d2
4bd2
5bd3
73d3
03d4
1bd4
2bd5
43d5
53d6
6bd6
7bd7
13d7
23d8
3bd8
4bd9
63d9
73da
0bda
1bdb
33db
43dc
5bdc
6bdd
83dd
13de
2bde
3bdf
53cf
63d0
7bd0
0bd1
23d1
33d2
4bd2
5bd3
73d3
03d4
1bd4
2bd5
43d5
53d6
6bd6
7bd7
13d7
23d8
3bd8
4bd9
63d9
73da
0bda
1bdb
33db
43dc
5bdc
6bdd
83dd
13de
2bde
3bdf
53cf
63d0
7bd0
0bd1
23d1
33d2
4bd2
5bd3
73d3
03d4
1bd4
2bd5
43d5
53d6
6bd6
7bd7
13d7
23d8
3bd8
4bd9
63d9
73da
0bda
1bdb
33db
43dc
5bdc
6bdd
83dd
13de
2bde
3bdf
53cf
63d0
7bd0
0bd1
23d1
33d2
4bd2
5bd3
73d3
03f4
1bf5
2bf5
43f6
53f6
6bf7
7bf7
13f8
23f8
3bf9
4bf9
63fa
73fa
0bfb
1bfb
33fc
43fc
5bfd
6bfd
83fe
13fe
2bff
3bef
53f0
63f0
7bf1
0bf1
23f2
33f2
4bf3
5bf3
73f4
03f4
1bf5
2bf5
43f6
53f6
6bf7
7bf7
13f8
23f8
3bf9
4bf9
63fa
73fa
0bfb
1bfb
33fc
43fc
5bfd
6bfd
83fe
13fe
2bff
3bef
53f0
63f0
7bf1
0bf1
23f2
33f2
4bf3
5bf3
73f4
03f4
1bf5
2bf5
43f6
53f6
6bf7
7bf7
13f8
23f8
3bf9
4bf9
63fa
73fa
0bfb
1bfb
33fc
43fc
5bfd
6bfd
83fe
13fe
2bff
3bef
53f0
63f0
7bf1
0bf1
23f2
33f2
4bf3
5bf3
73f4
03f4
1bf5
2bf5
43f6
53f6
6bf7
7bf7
13f8
23f8
3bf9
4bf9
63fa
73fa
0bfb
1bfb
33fc
43fc
5bfd
6bfd
83fe
13fe
2bff
3bef
53f0
63f0
7bf1
0bf1
23f2
33f2
4bf3
5bf3
73f4
03f4
1bf5
2bf5
43f6
53f6
6bf7
7bf7
13f8
23f8
3bf9
4bf9
63fa
73fa
0bfb
1bfb
33fc
43fc
5bfd
6bfd
83fe
13fe
2bff
3bef
53f0
63f0
7bf1
0bf1
23f2
33f2
4bf3
5bf3
73f4
03f4
1bf5
2bf5
43f6
53f6
6bf7
7bf7
13f8
23f8
3bf9
4bf9
63fa
73fa
0bfb
1bfb
33fc
43fc
5bfd
6bfd
83fe
13fe
2bff
3bef
53f0
63f0
7bf1
0bf1
23f2
33f2
4bf3
5bf3
73f4
03f4
1bf5
2bf5
43f6
53f6
6bf7
7bf7
13f8
23f8
3bf9
4bf9
63fa
73fa
0bfb
1bfb
33fc
43fc
5bfd
6bfd
83fe
13fe
2bff
3bef
53f0
63f0
7bf1
0bf1
23f2
33f2
4bf3
5bf3
73f4
03f4
1bf5
2bf5
43f6
53f6
6bf7
7bf7
13f8
23f8
3bf9
4bf9
63fa
73fa
0bfb
1bfb
33fc
43fc
5bfd
6bfd
83fe
13fe
2bff
3bef
53f0
63f0
7bf1
0bf1
23f2
33f2
4bf3
5bf3
73f4
03f4
1bf5
2bf5
43f6
53f6
6bf7
7bf7
13f8
23f8
3bf9
4bf9
63fa
73fa
0bfb
1bfb
33fc
43fc
5bfd
6bfd
83fe
13fe
2bff
3bef
53f0
63f0
7bf1
0bf1
23f2
33f2
4bf3
5bf3
73f4
0035
1835
2836
4036
5037
6837
7838
1038
2039
3839
483a
603a
703b
083b
183c
303c
403d
583d
683e
803e
103f
282f
3830
5030
6031
7831
0832
2032
3033
4833
5834
7034
0035
1835
2836
4036
5037
6837
7838
1038
2039
3839
483a
603a
703b
083b
183c
303c
403d
583d
683e
803e
103f
282f
3830
5030
6031
7831
0832
2032
3033
4833
5834
7034
0035
1835
2836
4036
5037
6837
7838
1038
2039
3839
483a
603a
703b
083b
183c
303c
403d
583d
683e
803e
103f
282f
3830
5030
6031
7831
0832
2032
3033
4833
5834
7034
0035
1835
2836
4036
5037
6837
7838
1038
2039
3839
483a
603a
703b
083b
183c
303c
403d
583d
683e
803e
103f
282f
3830
5030
6031
7831
0832
2032
3033
4833
5834
7034
0035
1835
2836
4036
5037
6837
7838
1038
2039
3839
483a
603a
703b
083b
183c
303c
403d
583d
683e
803e
103f
282f
3830
5030
6031
7831
0832
2032
3033
4833
5834
7034
0035
1835
2836
4036
5037
6837
7838
1038
2039
3839
483a
603a
703b
083b
183c
303c
403d
583d
683e
803e
103f
282f
3830
5030
6031
7831
0832
2032
3033
4833
5834
7034
0035
1835
2836
4036
5037
6837
7838
1038
2039
3839
483a
603a
703b
083b
183c
303c
403d
583d
683e
803e
103f
282f
3830
5030
6031
7831
0832
2032
3033
4833
5834
7034
0035
1835
2836
4036
5037
6837
7838
1038
2039
3839
483a
603a
703b
083b
183c
303c
403d
583d
683e
803e
103f
282f
3830
5030
6031
7831
0832
2032
3033
4833
5834
7034
0035
1835
2836
4036
5037
6837
7838
1038
2039
3839
483a
603a
703b
083b
183c
303c
403d
583d
683e
803e
103f
282f
3830
5030
6031
7831
0832
2032
3033
4833
5834
7034
0055
1856
2856
4057
5057
6858
7858
1059
2059
385a
485a
605b
705b
085c
185c
305d
405d
585e
685e
805f
104f
2850
3850
5051
6051
7852
0852
2053
3053
4854
5854
7055
0055
1856
2856
4057
5057
6858
7858
1059
2059
385a
485a
605b
705b
085c
185c
305d
405d
585e
685e
805f
104f
2850
3850
5051
6051
7852
0852
2053
3053
4854
5854
7055
0055
1856
2856
4057
5057
6858
7858
1059
2059
385a
485a
605b
705b
085c
185c
305d
405d
585e
685e
805f
104f
2850
3850
5051
6051
7852
0852
2053
3053
4854
5854
7055
0055
1856
2856
4057
5057
6858
7858
1059
2059
385a
485a
605b
705b
085c
185c
305d
405d
585e
685e
805f
104f
2850
3850
5051
6051
7852
0852
2053
3053
4854
5854
7055
0055
1856
2856
4057
5057
6858
7858
1059
2059
385a
485a
605b
705b
085c
185c
305d
405d
585e
685e
805f
104f
2850
3850
5051
6051
7852
0852
2053
3053
4854
5854
7055
0055
1856
2856
4057
5057
6858
7858
1059
2059
385a
485a
605b
705b
085c
185c
305d
405d
585e
685e
805f
104f
2850
3850
5051
6051
7852
0852
2053
3053
4854
5854
7055
0055
1856
2856
4057
5057
6858
7858
1059
2059
385a
485a
605b
705b
085c
185c
305d
405d
585e
685e
805f
104f
2850
3850
5051
6051
7852
0852
2053
3053
4854
5854
7055
0055
1856
2856
4057
5057
6858
7858
1059
2059
385a
485a
605b
705b
085c
185c
305d
405d
585e
685e
805f
104f
2850
3850
5051
6051
7852
0852
2053
3053
4854
5854
7055
0055
1856
2856
4057
5057
6858
7858
1059
2059
385a
485a
605b
705b
085c
185c
305d
405d
585e
685e
805f
104f
2850
3850
5051
6051
7852
0852
2053
3053
4854
5854
7055
0096
1896
2897
4097
5098
6898
7899
1099
209a
389a
489b
609b
709c
089c
189d
309d
409e
589e
689f
808f
1090
2890
3891
5091
6092
7892
0893
2093
3094
4894
5895
7095
0096
1896
2897
4097
5098
6898
7899
1099
209a
389a
489b
609b
709c
089c
189d
309d
409e
589e
689f
808f
1090
2890
3891
5091
6092
7892
0893
2093
3094
4894
5895
7095
0096
1896
2897
4097
5098
6898
7899
1099
209a
389a
489b
609b
709c
089c
189d
309d
409e
589e
689f
808f
1090
2890
3891
5091
6092
7892
0893
2093
3094
4894
5895
7095
0096
1896
2897
4097
5098
6898
7899
1099
209a
389a
489b
609b
709c
089c
189d
309d
409e
589e
689f
808f
1090
2890
3891
5091
6092
7892
0893
2093
3094
4894
5895
7095
0096
1896
2897
4097
5098
6898
7899
1099
209a
389a
489b
609b
709c
089c
189d
309d
409e
589e
689f
808f
1090
2890
3891
5091
6092
7892
0893
2093
3094
4894
5895
7095
0096
1896
2897
4097
5098
6898
7899
1099
209a
389a
489b
609b
709c
089c
189d
309d
409e
589e
689f
808f
1090
2890
3891
5091
6092
7892
0893
2093
3094
4894
5895
7095
0096
1896
2897
4097
5098
6898
7899
1099
209a
389a
489b
609b
709c
089c
189d
309d
409e
589e
689f
808f
1090
2890
3891
5091
6092
7892
0893
2093
3094
4894
5895
7095
0096
1896
2897
4097
5098
6898
7899
1099
209a
389a
489b
609b
709c
089c
189d
309d
409e
589e
689f
808f
1090
2890
3891
5091
6092
7892
0893
2093
3094
4894
5895
7095
0096
1896
2897
4097
5098
6898
7899
1099
209a
389a
489b
609b
709c
089c
189d
309d
409e
589e
689f
808f
1090
2890
3891
5091
6092
7892
0893
2093
3094
4894
5895
7095
00b6
18b7
28b7
40b8
50b8
68b9
78b9
10ba
20ba
38bb
48bb
60bc
70bc
08bd
18bd
30be
40be
58bf
68af
80b0
10b0
28b1
38b1
50b2
60b2
78b3
08b3
20b4
30b4
48b5
58b5
70b6
00b6
18b7
28b7
40b8
50b8
68b9
78b9
10ba
20ba
38bb
48bb
60bc
70bc
08bd
18bd
30be
40be
58bf
68af
80b0
10b0
28b1
38b1
50b2
60b2
78b3
08b3
20b4
30b4
48b5
58b5
70b6
00b6
18b7
28b7
40b8
50b8
68b9
78b9
10ba
20ba
38bb
48bb
60bc
70bc
08bd
18bd
30be
40be
58bf
68af
80b0
10b0
28b1
38b1
50b2
60b2
78b3
08b3
20b4
30b4
48b5
58b5
70b6
00b6
18b7
28b7
40b8
50b8
68b9
78b9
10ba
20ba
38bb
48bb
60bc
70bc
08bd
18bd
30be
40be
58bf
68af
80b0
10b0
28b1
38b1
50b2
60b2
78b3
08b3
20b4
30b4
48b5
58b5
70b6
00b6
18b7
28b7
40b8
50b8
68b9
78b9
10ba
20ba
38bb
48bb
60bc
70bc
08bd
18bd
30be
40be
58bf
68af
80b0
10b0
28b1
38b1
50b2
60b2
78b3
08b3
20b4
30b4
48b5
58b5
70b6
00b6
18b7
28b7
40b8
50b8
68b9
78b9
10ba
20ba
38bb
48bb
60bc
70bc
08bd
18bd
30be
40be
58bf
68af
80b0
10b0
28b1
38b1
50b2
60b2
78b3
08b3
20b4
30b4
48b5
58b5
70b6
00b6
18b7
28b7
40b8
50b8
68b9
78b9
10ba
20ba
38bb
48bb
60bc
70bc
08bd
18bd
30be
40be
58bf
68af
80b0
10b0
28b1
38b1
50b2
60b2
78b3
08b3
20b4
30b4
48b5
58b5
70b6
00b6
18b7
28b7
40b8
50b8
68b9
78b9
10ba
20ba
38bb
48bb
60bc
70bc
08bd
18bd
30be
40be
58bf
68af
80b0
10b0
28b1
38b1
50b2
60b2
78b3
08b3
20b4
30b4
48b5
58b5
70b6
00b6
18b7
28b7
40b8
50b8
68b9
78b9
10ba
20ba
38bb
48bb
60bc
70bc
08bd
18bd
30be
40be
58bf
68af
80b0
10b0
28b1
38b1
50b2
60b2
78b3
08b3
20b4
30b4
48b5
58b5
70b6
00f7
18f7
28f8
40f8
50f9
68f9
78fa
10fa
20fb
38fb
48fc
60fc
70fd
08fd
18fe
30fe
40ff
58ef
68f0
80f0
10f1
28f1
38f2
50f2
60f3
78f3
08f4
20f4
30f5
48f5
58f6
70f6
00f7
18f7
28f8
40f8
50f9
68f9
78fa
10fa
20fb
38fb
48fc
60fc
70fd
08fd
18fe
30fe
40ff
58ef
68f0
80f0
10f1
28f1
38f2
50f2
60f3
78f3
08f4
20f4
30f5
48f5
58f6
70f6
00f7
18f7
28f8
40f8
50f9
68f9
78fa
10fa
20fb
38fb
48fc
60fc
70fd
08fd
18fe
30fe
40ff
58ef
68f0
80f0
10f1
28f1
38f2
50f2
60f3
78f3
08f4
20f4
30f5
48f5
58f6
70f6
00f7
18f7
28f8
40f8
50f9
68f9
78fa
10fa
20fb
38fb
48fc
60fc
70fd
08fd
18fe
30fe
40ff
58ef
68f0
80f0
10f1
28f1
38f2
50f2
60f3
78f3
08f4
20f4
30f5
48f5
58f6
70f6
00f7
18f7
28f8
40f8
50f9
68f9
78fa
10fa
20fb
38fb
48fc
60fc
70fd
08fd
18fe
30fe
40ff
58ef
68f0
80f0
10f1
28f1
38f2
50f2
60f3
78f3
08f4
20f4
30f5
48f5
58f6
70f6
00f7
18f7
28f8
40f8
50f9
68f9
78fa
10fa
20fb
38fb
48fc
60fc
70fd
08fd
18fe
30fe
40ff
58ef
68f0
80f0
10f1
28f1
38f2
50f2
60f3
78f3
08f4
20f4
30f5
48f5
58f6
70f6
00f7
18f7
28f8
40f8
50f9
68f9
78fa
10fa
20fb
38fb
48fc
60fc
70fd
08fd
18fe
30fe
40ff
58ef
68f0
80f0
10f1
28f1
38f2
50f2
60f3
78f3
08f4
20f4
30f5
48f5
58f6
70f6
00f7
18f7
28f8
40f8
50f9
68f9
78fa
10fa
20fb
38fb
48fc
60fc
70fd
08fd
18fe
30fe
40ff
58ef
68f0
80f0
10f1
28f1
38f2
50f2
60f3
78f3
08f4
20f4
30f5
48f5
58f6
70f6
00f7
18f7
28f8
40f8
50f9
68f9
78fa
10fa
20fb
38fb
48fc
60fc
70fd
08fd
18fe
30fe
40ff
58ef
68f0
80f0
10f1
28f1
38f2
50f2
60f3
78f3
08f4
20f4
30f5
48f5
58f6
70f6
0117
1918
2918
4119
5119
691a
791a
111b
211b
391c
491c
611d
711d
091e
191e
311f
410f
5910
6910
8111
1111
2912
3912
5113
6113
7914
0914
2115
3115
4916
5916
7117
0117
1918
2918
4119
5119
691a
791a
111b
211b
391c
491c
611d
711d
091e
191e
311f
410f
5910
6910
8111
1111
2912
3912
5113
6113
7914
0914
2115
3115
4916
5916
7117
0117
1918
2918
4119
5119
691a
791a
111b
211b
391c
491c
611d
711d
091e
191e
311f
410f
5910
6910
8111
1111
2912
3912
5113
6113
7914
0914
2115
3115
4916
5916
7117
0117
1918
2918
4119
5119
691a
791a
111b
211b
391c
491c
611d
711d
091e
191e
311f
410f
5910
6910
8111
1111
2912
3912
5113
6113
7914
0914
2115
3115
4916
5916
7117
0117
1918
2918
4119
5119
691a
791a
111b
211b
391c
491c
611d
711d
091e
191e
311f
410f
5910
6910
8111
1111
2912
3912
5113
6113
7914
0914
2115
3115
4916
5916
7117
0117
1918
2918
4119
5119
691a
791a
111b
211b
391c
491c
611d
711d
091e
191e
311f
410f
5910
6910
8111
1111
2912
3912
5113
6113
7914
0914
2115
3115
4916
5916
7117
0117
1918
2918
4119
5119
691a
791a
111b
211b
391c
491c
611d
711d
091e
191e
311f
410f
5910
6910
8111
1111
2912
3912
5113
6113
7914
0914
2115
3115
4916
5916
7117
0117
1918
2918
4119
5119
691a
791a
111b
211b
391c
491c
611d
711d
091e
191e
311f
410f
5910
6910
8111
1111
2912
3912
5113
6113
7914
0914
2115
3115
4916
5916
7117
0117
1918
2918
4119
5119
691a
791a
111b
211b
391c
491c
611d
711d
091e
191e
311f
410f
5910
6910
8111
1111
2912
3912
5113
6113
7914
0914
2115
3115
4916
5916
7117
0158
1958
2959
4159
515a
695a
795b
115b
215c
395c
495d
615d
715e
095e
195f
314f
4150
5950
6951
8151
1152
2952
3953
5153
6154
7954
0955
2155
3156
4956
5957
7157
0158
1958
2959
4159
515a
695a
795b
115b
215c
395c
495d
615d
715e
095e
195f
314f
4150
5950
6951
8151
1152
2952
3953
5153
6154
7954
0955
2155
3156
4956
5957
7157
0158
1958
2959
4159
515a
695a
795b
115b
215c
395c
495d
615d
715e
095e
195f
314f
4150
5950
6951
8151
1152
2952
3953
5153
6154
7954
0955
2155
3156
4956
5957
7157
0158
1958
2959
4159
515a
695a
795b
115b
215c
395c
495d
615d
715e
095e
195f
314f
4150
5950
6951
8151
1152
2952
3953
5153
6154
7954
0955
2155
3156
4956
5957
7157
0158
1958
2959
4159
515a
695a
795b
115b
215c
395c
495d
615d
715e
095e
195f
314f
4150
5950
6951
8151
1152
2952
3953
5153
6154
7954
0955
2155
3156
4956
5957
7157
0158
1958
2959
4159
515a
695a
795b
115b
215c
395c
495d
615d
715e
095e
195f
314f
4150
5950
6951
8151
1152
2952
3953
5153
6154
7954
0955
2155
3156
4956
5957
7157
0158
1958
2959
4159
515a
695a
795b
115b
215c
395c
495d
615d
715e
095e
195f
314f
4150
5950
6951
8151
1152
2952
3953
5153
6154
7954
0955
2155
3156
4956
5957
7157
0158
1958
2959
4159
515a
695a
795b
115b
215c
395c
495d
615d
715e
095e
195f
314f
4150
5950
6951
8151
1152
2952
3953
5153
6154
7954
0955
2155
3156
4956
5957
7157
0158
1958
2959
4159
515a
695a
795b
115b
215c
395c
495d
615d
715e
095e
195f
314f
4150
5950
6951
8151
1152
2952
3953
5153
6154
7954
0955
2155
3156
4956
5957
7157
0178
1979
2979
417a
517a
697b
797b
117c
217c
397d
497d
617e
717e
097f
196f
3170
4170
5971
6971
8172
1172
2973
3973
5174
6174
7975
0975
2176
3176
4977
5977
7178
0178
1979
2979
417a
517a
697b
797b
117c
217c
397d
497d
617e
717e
097f
196f
3170
4170
5971
6971
8172
1172
2973
3973
5174
6174
7975
0975
2176
3176
4977
5977
7178
0178
1979
2979
417a
517a
697b
797b
117c
217c
397d
497d
617e
717e
097f
196f
3170
4170
5971
6971
8172
1172
2973
3973
5174
6174
7975
0975
2176
3176
4977
5977
7178
0178
1979
2979
417a
517a
697b
797b
117c
217c
397d
497d
617e
717e
097f
196f
3170
4170
5971
6971
8172
1172
2973
3973
5174
6174
7975
0975
2176
3176
4977
5977
7178
0178
1979
2979
417a
517a
697b
797b
117c
217c
397d
497d
617e
717e
097f
196f
3170
4170
5971
6971
8172
1172
2973
3973
5174
6174
7975
0975
2176
3176
4977
5977
7178
0178
1979
2979
417a
517a
697b
797b
117c
217c
397d
497d
617e
717e
097f
196f
3170
4170
5971
6971
8172
1172
2973
3973
5174
6174
7975
0975
2176
3176
4977
5977
7178
0178
1979
2979
417a
517a
697b
797b
117c
217c
397d
497d
617e
717e
097f
196f
3170
4170
5971
6971
8172
1172
2973
3973
5174
6174
7975
0975
2176
3176
4977
5977
7178
0178
1979
2979
417a
517a
697b
797b
117c
217c
397d
497d
617e
717e
097f
196f
3170
4170
5971
6971
8172
1172
2973
3973
5174
6174
7975
0975
2176
3176
4977
5977
7178
0178
1979
2979
417a
517a
697b
797b
117c
217c
397d
497d
617e
717e
097f
196f
3170
4170
5971
6971
8172
1172
2973
3973
5174
6174
7975
0975
2176
3176
4977
5977
7178
01b9
19b9
29ba
41ba
51bb
69bb
79bc
11bc
21bd
39bd
49be
61be
71bf
09af
19b0
31b0
41b1
59b1
69b2
81b2
11b3
29b3
39b4
51b4
61b5
79b5
09b6
21b6
31b7
49b7
59b8
71b8
01b9
19b9
29ba
41ba
51bb
69bb
79bc
11bc
21bd
39bd
49be
61be
71bf
09af
19b0
31b0
41b1
59b1
69b2
81b2
11b3
29b3
39b4
51b4
61b5
79b5
09b6
21b6
31b7
49b7
59b8
71b8
01b9
19b9
29ba
41ba
51bb
69bb
79bc
11bc
21bd
39bd
49be
61be
71bf
09af
19b0
31b0
41b1
59b1
69b2
81b2
11b3
29b3
39b4
51b4
61b5
79b5
09b6
21b6
31b7
49b7
59b8
71b8
01b9
19b9
29ba
41ba
51bb
69bb
79bc
11bc
21bd
39bd
49be
61be
71bf
09af
19b0
31b0
41b1
59b1
69b2
81b2
11b3
29b3
39b4
51b4
61b5
79b5
09b6
21b6
31b7
49b7
59b8
71b8
01b9
19b9
29ba
41ba
51bb
69bb
79bc
11bc
21bd
39bd
49be
61be
71bf
09af
19b0
31b0
41b1
59b1
69b2
81b2
11b3
29b3
39b4
51b4
61b5
79b5
09b6
21b6
31b7
49b7
59b8
71b8
01b9
19b9
29ba
41ba
51bb
69bb
79bc
11bc
21bd
39bd
49be
61be
71bf
09af
19b0
31b0
41b1
59b1
69b2
81b2
11b3
29b3
39b4
51b4
61b5
79b5
09b6
21b6
31b7
49b7
59b8
71b8
01b9
19b9
29ba
41ba
51bb
69bb
79bc
11bc
21bd
39bd
49be
61be
71bf
09af
19b0
31b0
41b1
59b1
69b2
81b2
11b3
29b3
39b4
51b4
61b5
79b5
09b6
21b6
31b7
49b7
59b8
71b8
01b9
19b9
29ba
41ba
51bb
69bb
79bc
11bc
21bd
39bd
49be
61be
71bf
09af
19b0
31b0
41b1
59b1
69b2
81b2
11b3
29b3
39b4
51b4
61b5
79b5
09b6
21b6
31b7
49b7
59b8
71b8
01b9
19b9
29ba
41ba
51bb
69bb
79bc
11bc
21bd
39bd
49be
61be
71bf
09af
19b0
31b0
41b1
59b1
69b2
81b2
11b3
29b3
39b4
51b4
61b5
79b5
09b6
21b6
31b7
49b7
59b8
71b8
01d9
19da
29da
41db
51db
69dc
79dc
11dd
21dd
39de
49de
61df
71cf
09d0
19d0
31d1
41d1
59d2
69d2
81d3
11d3
29d4
39d4
51d5
61d5
79d6
09d6
21d7
31d7
49d8
59d8
71d9
01d9
19da
29da
41db
51db
69dc
79dc
11dd
21dd
39de
49de
61df
71cf
09d0
19d0
31d1
41d1
59d2
69d2
81d3
11d3
29d4
39d4
51d5
61d5
79d6
09d6
21d7
31d7
49d8
59d8
71d9
01d9
19da
29da
41db
51db
69dc
79dc
11dd
21dd
39de
49de
61df
71cf
09d0
19d0
31d1
41d1
59d2
69d2
81d3
11d3
29d4
39d4
51d5
61d5
79d6
09d6
21d7
31d7
49d8
59d8
71d9
01d9
19da
29da
41db
51db
69dc
79dc
11dd
21dd
39de
49de
61df
71cf
09d0
19d0
31d1
41d1
59d2
69d2
81d3
11d3
29d4
39d4
51d5
61d5
79d6
09d6
21d7
31d7
49d8
59d8
71d9
01d9
19da
29da
41db
51db
69dc
79dc
11dd
21dd
39de
49de
61df
71cf
09d0
19d0
31d1
41d1
59d2
69d2
81d3
11d3
29d4
39d4
51d5
61d5
79d6
09d6
21d7
31d7
49d8
59d8
71d9
01d9
19da
29da
41db
51db
69dc
79dc
11dd
21dd
39de
49de
61df
71cf
09d0
19d0
31d1
41d1
59d2
69d2
81d3
11d3
29d4
39d4
51d5
61d5
79d6
09d6
21d7
31d7
49d8
59d8
71d9
01d9
19da
29da
41db
51db
69dc
79dc
11dd
21dd
39de
49de
61df
71cf
09d0
19d0
31d1
41d1
59d2
69d2
81d3
11d3
29d4
39d4
51d5
61d5
79d6
09d6
21d7
31d7
49d8
59d8
71d9
01d9
19da
29da
41db
51db
69dc
79dc
11dd
21dd
39de
49de
61df
71cf
09d0
19d0
31d1
41d1
59d2
69d2
81d3
11d3
29d4
39d4
51d5
61d5
79d6
09d6
21d7
31d7
49d8
59d8
71d9
01d9
19da
29da
41db
51db
69dc
79dc
11dd
21dd
39de
49de
61df
71cf
09d0
19d0
31d1
41d1
59d2
69d2
81d3
11d3
29d4
39d4
51d5
61d5
79d6
09d6
21d7
31d7
49d8
59d8
71d9
021a
1a1a
2a1b
421b
521c
6a1c
7a1d
121d
221e
3a1e
4a1f
620f
7210
0a10
1a11
3211
4212
5a12
6a13
8213
1214
2a14
3a15
5215
6216
7a16
0a17
2217
3218
4a18
5a19
7219
021a
1a1a
2a1b
421b
521c
6a1c
7a1d
121d
221e
3a1e
4a1f
620f
7210
0a10
1a11
3211
4212
5a12
6a13
8213
1214
2a14
3a15
5215
6216
7a16
0a17
2217
3218
4a18
5a19
7219
021a
1a1a
2a1b
421b
521c
6a1c
7a1d
121d
221e
3a1e
4a1f
620f
7210
0a10
1a11
3211
4212
5a12
6a13
8213
1214
2a14
3a15
5215
6216
7a16
0a17
2217
3218
4a18
5a19
7219
021a
1a1a
2a1b
421b
521c
6a1c
7a1d
121d
221e
3a1e
4a1f
620f
7210
0a10
1a11
3211
4212
5a12
6a13
8213
1214
2a14
3a15
5215
6216
7a16
0a17
2217
3218
4a18
5a19
7219
021a
1a1a
2a1b
421b
521c
6a1c
7a1d
121d
221e
3a1e
4a1f
620f
7210
0a10
1a11
3211
4212
5a12
6a13
8213
1214
2a14
3a15
5215
6216
7a16
0a17
2217
3218
4a18
5a19
7219
021a
1a1a
2a1b
421b
521c
6a1c
7a1d
121d
221e
3a1e
4a1f
620f
7210
0a10
1a11
3211
4212
5a12
6a13
8213
1214
2a14
3a15
5215
6216
7a16
0a17
2217
3218
4a18
5a19
7219
021a
1a1a
2a1b
421b
521c
6a1c
7a1d
121d
221e
3a1e
4a1f
620f
7210
0a10
1a11
3211
4212
5a12
6a13
8213
1214
2a14
3a15
5215
6216
7a16
0a17
2217
3218
4a18
5a19
7219
021a
1a1a
2a1b
421b
521c
6a1c
7a1d
121d
221e
3a1e
4a1f
620f
7210
0a10
1a11
3211
4212
5a12
6a13
8213
1214
2a14
3a15
5215
6216
7a16
0a17
2217
3218
4a18
5a19
7219
021a
1a1a
2a1b
421b
521c
6a1c
7a1d
121d
221e
3a1e
4a1f
620f
7210
0a10
1a11
3211
4212
5a12
6a13
8213
1214
2a14
3a15
5215
6216
7a16
0a17
2217
3218
4a18
5a19
7219
023a
1a3b
2a3b
423c
523c
6a3d
7a3d
123e
223e
3a3f
4a2f
6230
7230
0a31
1a31
3232
4232
5a33
6a33
8234
1234
2a35
3a35
5236
6236
7a37
0a37
2238
3238
4a39
5a39
723a
023a
1a3b
2a3b
423c
523c
6a3d
7a3d
123e
223e
3a3f
4a2f
6230
7230
0a31
1a31
3232
4232
5a33
6a33
8234
1234
2a35
3a35
5236
6236
7a37
0a37
2238
3238
4a39
5a39
723a
023a
1a3b
2a3b
423c
523c
6a3d
7a3d
123e
223e
3a3f
4a2f
6230
7230
0a31
1a31
3232
4232
5a33
6a33
8234
1234
2a35
3a35
5236
6236
7a37
0a37
2238
3238
4a39
5a39
723a
023a
1a3b
2a3b
423c
523c
6a3d
7a3d
123e
223e
3a3f
4a2f
6230
7230
0a31
1a31
3232
4232
5a33
6a33
8234
1234
2a35
3a35
5236
6236
7a37
0a37
2238
3238
4a39
5a39
723a
023a
1a3b
2a3b
423c
523c
6a3d
7a3d
123e
223e
3a3f
4a2f
6230
7230
0a31
1a31
3232
4232
5a33
6a33
8234
1234
2a35
3a35
5236
6236
7a37
0a37
2238
3238
4a39
5a39
723a
023a
1a3b
2a3b
423c
523c
6a3d
7a3d
123e
223e
3a3f
4a2f
6230
7230
0a31
1a31
3232
4232
5a33
6a33
8234
1234
2a35
3a35
5236
6236
7a37
0a37
2238
3238
4a39
5a39
723a
023a
1a3b
2a3b
423c
523c
6a3d
7a3d
123e
223e
3a3f
4a2f
6230
7230
0a31
1a31
3232
4232
5a33
6a33
8234
1234
2a35
3a35
5236
6236
7a37
0a37
2238
3238
4a39
5a39
723a
023a
1a3b
2a3b
423c
523c
6a3d
7a3d
123e
223e
3a3f
4a2f
6230
7230
0a31
1a31
3232
4232
5a33
6a33
8234
1234
2a35
3a35
5236
6236
7a37
0a37
2238
3238
4a39
5a39
723a
023a
1a3b
2a3b
423c
523c
6a3d
7a3d
123e
223e
3a3f
4a2f
6230
7230
0a31
1a31
3232
4232
5a33
6a33
8234
1234
2a35
3a35
5236
6236
7a37
0a37
2238
3238
4a39
5a39
723a
027b
1a7b
2a7c
427c
527d
6a7d
7a7e
127e
227f
3a6f
4a70
6270
7271
0a71
1a72
3272
4273
5a73
6a74
8274
1275
2a75
3a76
5276
6277
7a77
0a78
2278
3279
4a79
5a7a
727a
027b
1a7b
2a7c
427c
527d
6a7d
7a7e
127e
227f
3a6f
4a70
6270
7271
0a71
1a72
3272
4273
5a73
6a74
8274
1275
2a75
3a76
5276
6277
7a77
0a78
2278
3279
4a79
5a7a
727a
027b
1a7b
2a7c
427c
527d
6a7d
7a7e
127e
227f
3a6f
4a70
6270
7271
0a71
1a72
3272
4273
5a73
6a74
8274
1275
2a75
3a76
5276
6277
7a77
0a78
2278
3279
4a79
5a7a
727a
027b
1a7b
2a7c
427c
527d
6a7d
7a7e
127e
227f
3a6f
4a70
6270
7271
0a71
1a72
3272
4273
5a73
6a74
8274
1275
2a75
3a76
5276
6277
7a77
0a78
2278
3279
4a79
5a7a
727a
027b
1a7b
2a7c
427c
527d
6a7d
7a7e
127e
227f
3a6f
4a70
6270
7271
0a71
1a72
3272
4273
5a73
6a74
8274
1275
2a75
3a76
5276
6277
7a77
0a78
2278
3279
4a79
5a7a
727a
027b
1a7b
2a7c
427c
527d
6a7d
7a7e
127e
227f
3a6f
4a70
6270
7271
0a71
1a72
3272
4273
5a73
6a74
8274
1275
2a75
3a76
5276
6277
7a77
0a78
2278
3279
4a79
5a7a
727a
027b
1a7b
2a7c
427c
527d
6a7d
7a7e
127e
227f
3a6f
4a70
6270
7271
0a71
1a72
3272
4273
5a73
6a74
8274
1275
2a75
3a76
5276
6277
7a77
0a78
2278
3279
4a79
5a7a
727a
027b
1a7b
2a7c
427c
527d
6a7d
7a7e
127e
227f
3a6f
4a70
6270
7271
0a71
1a72
3272
4273
5a73
6a74
8274
1275
2a75
3a76
5276
6277
7a77
0a78
2278
3279
4a79
5a7a
727a
027b
1a7b
2a7c
427c
527d
6a7d
7a7e
127e
227f
3a6f
4a70
6270
7271
0a71
1a72
3272
4273
5a73
6a74
8274
1275
2a75
3a76
5276
6277
7a77
0a78
2278
3279
4a79
5a7a
727a
029b
1a9c
2a9c
429d
529d
6a9e
7a9e
129f
228f
3a90
4a90
6291
7291
0a92
1a92
3293
4293
5a94
6a94
8295
1295
2a96
3a96
5297
6297
7a98
0a98
2299
3299
4a9a
5a9a
729b
029b
1a9c
2a9c
429d
529d
6a9e
7a9e
129f
228f
3a90
4a90
6291
7291
0a92
1a92
3293
4293
5a94
6a94
8295
1295
2a96
3a96
5297
6297
7a98
0a98
2299
3299
4a9a
5a9a
729b
029b
1a9c
2a9c
429d
529d
6a9e
7a9e
129f
228f
3a90
4a90
6291
7291
0a92
1a92
3293
4293
5a94
6a94
8295
1295
2a96
3a96
5297
6297
7a98
0a98
2299
3299
4a9a
5a9a
729b
029b
1a9c
2a9c
429d
529d
6a9e
7a9e
129f
228f
3a90
4a90
6291
7291
0a92
1a92
3293
4293
5a94
6a94
8295
1295
2a96
3a96
5297
6297
7a98
0a98
2299
3299
4a9a
5a9a
729b
029b
1a9c
2a9c
429d
529d
6a9e
7a9e
129f
228f
3a90
4a90
6291
7291
0a92
1a92
3293
4293
5a94
6a94
8295
1295
2a96
3a96
5297
6297
7a98
0a98
2299
3299
4a9a
5a9a
729b
029b
1a9c
2a9c
429d
529d
6a9e
7a9e
129f
228f
3a90
4a90
6291
7291
0a92
1a92
3293
4293
5a94
6a94
8295
1295
2a96
3a96
5297
6297
7a98
0a98
2299
3299
4a9a
5a9a
729b
029b
1a9c
2a9c
429d
529d
6a9e
7a9e
129f
228f
3a90
4a90
6291
7291
0a92
1a92
3293
4293
5a94
6a94
8295
1295
2a96
3a96
5297
6297
7a98
0a98
2299
3299
4a9a
5a9a
729b
029b
1a9c
2a9c
429d
529d
6a9e
7a9e
129f
228f
3a90
4a90
6291
7291
0a92
1a92
3293
4293
5a94
6a94
8295
1295
2a96
3a96
5297
6297
7a98
0a98
2299
3299
4a9a
5a9a
729b
029b
1a9c
2a9c
429d
529d
6a9e
7a9e
129f
228f
3a90
4a90
6291
7291
0a92
1a92
3293
4293
5a94
6a94
8295
1295
2a96
3a96
5297
6297
7a98
0a98
2299
3299
4a9a
5a9a
729b
02dc
1adc
2add
42dd
52de
6ade
7adf
12cf
22d0
3ad0
4ad1
62d1
72d2
0ad2
1ad3
32d3
42d4
5ad4
6ad5
82d5
12d6
2ad6
3ad7
52d7
62d8
7ad8
0ad9
22d9
32da
4ada
5adb
72db
02dc
1adc
2add
42dd
52de
6ade
7adf
12cf
22d0
3ad0
4ad1
62d1
72d2
0ad2
1ad3
32d3
42d4
5ad4
6ad5
82d5
12d6
2ad6
3ad7
52d7
62d8
7ad8
0ad9
22d9
32da
4ada
5adb
72db
02dc
1adc
2add
42dd
52de
6ade
7adf
12cf
22d0
3ad0
4ad1
62d1
72d2
0ad2
1ad3
32d3
42d4
5ad4
6ad5
82d5
12d6
2ad6
3ad7
52d7
62d8
7ad8
0ad9
22d9
32da
4ada
5adb
72db
02dc
1adc
2add
42dd
52de
6ade
7adf
12cf
22d0
3ad0
4ad1
62d1
72d2
0ad2
1ad3
32d3
42d4
5ad4
6ad5
82d5
12d6
2ad6
3ad7
52d7
62d8
7ad8
0ad9
22d9
32da
4ada
5adb
72db
02dc
1adc
2add
42dd
52de
6ade
7adf
12cf
22d0
3ad0
4ad1
62d1
72d2
0ad2
1ad3
32d3
42d4
5ad4
6ad5
82d5
12d6
2ad6
3ad7
52d7
62d8
7ad8
0ad9
22d9
32da
4ada
5adb
72db
02dc
1adc
2add
42dd
52de
6ade
7adf
12cf
22d0
3ad0
4ad1
62d1
72d2
0ad2
1ad3
32d3
42d4
5ad4
6ad5
82d5
12d6
2ad6
3ad7
52d7
62d8
7ad8
0ad9
22d9
32da
4ada
5adb
72db
02dc
1adc
2add
42dd
52de
6ade
7adf
12cf
22d0
3ad0
4ad1
62d1
72d2
0ad2
1ad3
32d3
42d4
5ad4
6ad5
82d5
12d6
2ad6
3ad7
52d7
62d8
7ad8
0ad9
22d9
32da
4ada
5adb
72db
02dc
1adc
2add
42dd
52de
6ade
7adf
12cf
22d0
3ad0
4ad1
62d1
72d2
0ad2
1ad3
32d3
42d4
5ad4
6ad5
82d5
12d6
2ad6
3ad7
52d7
62d8
7ad8
0ad9
22d9
32da
4ada
5adb
72db
02dc
1adc
2add
42dd
52de
6ade
7adf
12cf
22d0
3ad0
4ad1
62d1
72d2
0ad2
1ad3
32d3
42d4
5ad4
6ad5
82d5
12d6
2ad6
3ad7
52d7
62d8
7ad8
0ad9
22d9
32da
4ada
5adb
72db
02fc
1afd
2afd
42fe
52fe
6aff
7aef
12f0
22f0
3af1
4af1
62f2
72f2
0af3
1af3
32f4
42f4
5af5
6af5
82f6
12f6
2af7
3af7
52f8
62f8
7af9
0af9
22fa
32fa
4afb
5afb
72fc
02fc
1afd
2afd
42fe
52fe
6aff
7aef
12f0
22f0
3af1
4af1
62f2
72f2
0af3
1af3
32f4
42f4
5af5
6af5
82f6
12f6
2af7
3af7
52f8
62f8
7af9
0af9
22fa
32fa
4afb
5afb
72fc
02fc
1afd
2afd
42fe
52fe
6aff
7aef
12f0
22f0
3af1
4af1
62f2
72f2
0af3
1af3
32f4
42f4
5af5
6af5
82f6
12f6
2af7
3af7
52f8
62f8
7af9
0af9
22fa
32fa
4afb
5afb
72fc
02fc
1afd
2afd
42fe
52fe
6aff
7aef
12f0
22f0
3af1
4af1
62f2
72f2
0af3
1af3
32f4
42f4
5af5
6af5
82f6
12f6
2af7
3af7
52f8
62f8
7af9
0af9
22fa
32fa
4afb
5afb
72fc
02fc
1afd
2afd
42fe
52fe
6aff
7aef
12f0
22f0
3af1
4af1
62f2
72f2
0af3
1af3
32f4
42f4
5af5
6af5
82f6
12f6
2af7
3af7
52f8
62f8
7af9
0af9
22fa
32fa
4afb
5afb
72fc
02fc
1afd
2afd
42fe
52fe
6aff
7aef
12f0
22f0
3af1
4af1
62f2
72f2
0af3
1af3
32f4
42f4
5af5
6af5
82f6
12f6
2af7
3af7
52f8
62f8
7af9
0af9
22fa
32fa
4afb
5afb
72fc
02fc
1afd
2afd
42fe
52fe
6aff
7aef
12f0
22f0
3af1
4af1
62f2
72f2
0af3
1af3
32f4
42f4
5af5
6af5
82f6
12f6
2af7
3af7
52f8
62f8
7af9
0af9
22fa
32fa
4afb
5afb
72fc
02fc
1afd
2afd
42fe
52fe
6aff
7aef
12f0
22f0
3af1
4af1
62f2
72f2
0af3
1af3
32f4
42f4
5af5
6af5
82f6
12f6
2af7
3af7
52f8
62f8
7af9
0af9
22fa
32fa
4afb
5afb
72fc
02fc
1afd
2afd
42fe
52fe
6aff
7aef
12f0
22f0
3af1
4af1
62f2
72f2
0af3
1af3
32f4
42f4
5af5
6af5
82f6
12f6
2af7
3af7
52f8
62f8
7af9
0af9
22fa
32fa
4afb
5afb
72fc
033d
1b3d
2b3e
433e
533f
6b2f
7b30
1330
2331
3b31
4b32
6332
7333
0b33
1b34
3334
4335
5b35
6b36
8336
1337
2b37
3b38
5338
6339
7b39
0b3a
233a
333b
4b3b
5b3c
733c
033d
1b3d
2b3e
433e
533f
6b2f
7b30
1330
2331
3b31
4b32
6332
7333
0b33
1b34
3334
4335
5b35
6b36
8336
1337
2b37
3b38
5338
6339
7b39
0b3a
233a
333b
4b3b
5b3c
733c
033d
1b3d
2b3e
433e
533f
6b2f
7b30
1330
2331
3b31
4b32
6332
7333
0b33
1b34
3334
4335
5b35
6b36
8336
1337
2b37
3b38
5338
6339
7b39
0b3a
233a
333b
4b3b
5b3c
733c
033d
1b3d
2b3e
433e
533f
6b2f
7b30
1330
2331
3b31
4b32
6332
7333
0b33
1b34
3334
4335
5b35
6b36
8336
1337
2b37
3b38
5338
6339
7b39
0b3a
233a
333b
4b3b
5b3c
733c
033d
1b3d
2b3e
433e
533f
6b2f
7b30
1330
2331
3b31
4b32
6332
7333
0b33
1b34
3334
4335
5b35
6b36
8336
1337
2b37
3b38
5338
6339
7b39
0b3a
233a
333b
4b3b
5b3c
733c
033d
1b3d
2b3e
433e
533f
6b2f
7b30
1330
2331
3b31
4b32
6332
7333
0b33
1b34
3334
4335
5b35
6b36
8336
1337
2b37
3b38
5338
6339
7b39
0b3a
233a
333b
4b3b
5b3c
733c
033d
1b3d
2b3e
433e
533f
6b2f
7b30
1330
2331
3b31
4b32
6332
7333
0b33
1b34
3334
4335
5b35
6b36
8336
1337
2b37
3b38
5338
6339
7b39
0b3a
233a
333b
4b3b
5b3c
733c
033d
1b3d
2b3e
433e
533f
6b2f
7b30
1330
2331
3b31
4b32
6332
7333
0b33
1b34
3334
4335
5b35
6b36
8336
1337
2b37
3b38
5338
6339
7b39
0b3a
233a
333b
4b3b
5b3c
733c
033d
1b3d
2b3e
433e
533f
6b2f
7b30
1330
2331
3b31
4b32
6332
7333
0b33
1b34
3334
4335
5b35
6b36
8336
1337
2b37
3b38
5338
6339
7b39
0b3a
233a
333b
4b3b
5b3c
733c
035d
1b5e
2b5e
435f
534f
6b50
7b50
1351
2351
3b52
4b52
6353
7353
0b54
1b54
3355
4355
5b56
6b56
8357
1357
2b58
3b58
5359
6359
7b5a
0b5a
235b
335b
4b5c
5b5c
735d
035d
1b5e
2b5e
435f
534f
6b50
7b50
1351
2351
3b52
4b52
6353
7353
0b54
1b54
3355
4355
5b56
6b56
8357
1357
2b58
3b58
5359
6359
7b5a
0b5a
235b
335b
4b5c
5b5c
735d
035d
1b5e
2b5e
435f
534f
6b50
7b50
1351
2351
3b52
4b52
6353
7353
0b54
1b54
3355
4355
5b56
6b56
8357
1357
2b58
3b58
5359
6359
7b5a
0b5a
235b
335b
4b5c
5b5c
735d
035d
1b5e
2b5e
435f
534f
6b50
7b50
1351
2351
3b52
4b52
6353
7353
0b54
1b54
3355
4355
5b56
6b56
8357
1357
2b58
3b58
5359
6359
7b5a
0b5a
235b
335b
4b5c
5b5c
735d
035d
1b5e
2b5e
435f
534f
6b50
7b50
1351
2351
3b52
4b52
6353
7353
0b54
1b54
3355
4355
5b56
6b56
8357
1357
2b58
3b58
5359
6359
7b5a
0b5a
235b
335b
4b5c
5b5c
735d
035d
1b5e
2b5e
435f
534f
6b50
7b50
1351
2351
3b52
4b52
6353
7353
0b54
1b54
3355
4355
5b56
6b56
8357
1357
2b58
3b58
5359
6359
7b5a
0b5a
235b
335b
4b5c
5b5c
735d
035d
1b5e
2b5e
435f
534f
6b50
7b50
1351
2351
3b52
4b52
6353
7353
0b54
1b54
3355
4355
5b56
6b56
8357
1357
2b58
3b58
5359
6359
7b5a
0b5a
235b
335b
4b5c
5b5c
735d
035d
1b5e
2b5e
435f
534f
6b50
7b50
1351
2351
3b52
4b52
6353
7353
0b54
1b54
3355
4355
5b56
6b56
8357
1357
2b58
3b58
5359
6359
7b5a
0b5a
235b
335b
4b5c
5b5c
735d
035d
1b5e
2b5e
435f
534f
6b50
7b50
1351
2351
3b52
4b52
6353
7353
0b54
1b54
3355
4355
5b56
6b56
8357
1357
2b58
3b58
5359
6359
7b5a
0b5a
235b
335b
4b5c
5b5c
735d
039e
1b9e
2b9f
438f
5390
6b90
7b91
1391
2392
3b92
4b93
6393
7394
0b94
1b95
3395
4396
5b96
6b97
8397
1398
2b98
3b99
5399
639a
7b9a
0b9b
239b
339c
4b9c
5b9d
739d
039e
1b9e
2b9f
438f
5390
6b90
7b91
1391
2392
3b92
4b93
6393
7394
0b94
1b95
3395
4396
5b96
6b97
8397
1398
2b98
3b99
5399
639a
7b9a
0b9b
239b
339c
4b9c
5b9d
739d
039e
1b9e
2b9f
438f
5390
6b90
7b91
1391
2392
3b92
4b93
6393
7394
0b94
1b95
3395
4396
5b96
6b97
8397
1398
2b98
3b99
5399
639a
7b9a
0b9b
239b
339c
4b9c
5b9d
739d
039e
1b9e
2b9f
438f
5390
6b90
7b91
1391
2392
3b92
4b93
6393
7394
0b94
1b95
3395
4396
5b96
6b97
8397
1398
2b98
3b99
5399
639a
7b9a
0b9b
239b
339c
4b9c
5b9d
739d
039e
1b9e
2b9f
438f
5390
6b90
7b91
1391
2392
3b92
4b93
6393
7394
0b94
1b95
3395
4396
5b96
6b97
8397
1398
2b98
3b99
5399
639a
7b9a
0b9b
239b
339c
4b9c
5b9d
739d
039e
1b9e
2b9f
438f
5390
6b90
7b91
1391
2392
3b92
4b93
6393
7394
0b94
1b95
3395
4396
5b96
6b97
8397
1398
2b98
3b99
5399
639a
7b9a
0b9b
239b
339c
4b9c
5b9d
739d
039e
1b9e
2b9f
438f
5390
6b90
7b91
1391
2392
3b92
4b93
6393
7394
0b94
1b95
3395
4396
5b96
6b97
8397
1398
2b98
3b99
5399
639a
7b9a
0b9b
239b
339c
4b9c
5b9d
739d
039e
1b9e
2b9f
438f
5390
6b90
7b91
1391
2392
3b92
4b93
6393
7394
0b94
1b95
3395
4396
5b96
6b97
8397
1398
2b98
3b99
5399
639a
7b9a
0b9b
239b
339c
4b9c
5b9d
739d
039e
1b9e
2b9f
438f
5390
6b90
7b91
1391
2392
3b92
4b93
6393
7394
0b94
1b95
3395
4396
5b96
6b97
8397
1398
2b98
3b99
5399
639a
7b9a
0b9b
239b
339c
4b9c
5b9d
739d
03be
1bbf
2baf
43b0
53b0
6bb1
7bb1
13b2
23b2
3bb3
4bb3
63b4
73b4
0bb5
1bb5
33b6
43b6
5bb7
6bb7
83b8
13b8
2bb9
3bb9
53ba
63ba
7bbb
0bbb
23bc
33bc
4bbd
5bbd
73be
03be
1bbf
2baf
43b0
53b0
6bb1
7bb1
13b2
23b2
3bb3
4bb3
63b4
73b4
0bb5
1bb5
33b6
43b6
5bb7
6bb7
83b8
13b8
2bb9
3bb9
53ba
63ba
7bbb
0bbb
23bc
33bc
4bbd
5bbd
73be
03be
1bbf
2baf
43b0
53b0
6bb1
7bb1
13b2
23b2
3bb3
4bb3
63b4
73b4
0bb5
1bb5
33b6
43b6
5bb7
6bb7
83b8
13b8
2bb9
3bb9
53ba
63ba
7bbb
0bbb
23bc
33bc
4bbd
5bbd
73be
03be
1bbf
2baf
43b0
53b0
6bb1
7bb1
13b2
23b2
3bb3
4bb3
63b4
73b4
0bb5
1bb5
33b6
43b6
5bb7
6bb7
83b8
13b8
2bb9
3bb9
53ba
63ba
7bbb
0bbb
23bc
33bc
4bbd
5bbd
73be
03be
1bbf
2baf
43b0
53b0
6bb1
7bb1
13b2
23b2
3bb3
4bb3
63b4
73b4
0bb5
1bb5
33b6
43b6
5bb7
6bb7
83b8
13b8
2bb9
3bb9
53ba
63ba
7bbb
0bbb
23bc
33bc
4bbd
5bbd
73be
03be
1bbf
2baf
43b0
53b0
6bb1
7bb1
13b2
23b2
3bb3
4bb3
63b4
73b4
0bb5
1bb5
33b6
43b6
5bb7
6bb7
83b8
13b8
2bb9
3bb9
53ba
63ba
7bbb
0bbb
23bc
33bc
4bbd
5bbd
73be
03be
1bbf
2baf
43b0
53b0
6bb1
7bb1
13b2
23b2
3bb3
4bb3
63b4
73b4
0bb5
1bb5
33b6
43b6
5bb7
6bb7
83b8
13b8
2bb9
3bb9
53ba
63ba
7bbb
0bbb
23bc
33bc
4bbd
5bbd
73be
03be
1bbf
2baf
43b0
53b0
6bb1
7bb1
13b2
23b2
3bb3
4bb3
63b4
73b4
0bb5
1bb5
33b6
43b6
5bb7
6bb7
83b8
13b8
2bb9
3bb9
53ba
63ba
7bbb
0bbb
23bc
33bc
4bbd
5bbd
73be
03be
1bbf
2baf
43b0
53b0
6bb1
7bb1
13b2
23b2
3bb3
4bb3
63b4
73b4
0bb5
1bb5
33b6
43b6
5bb7
6bb7
83b8
13b8
2bb9
3bb9
53ba
63ba
7bbb
0bbb
23bc
33bc
4bbd
5bbd
73be
03ff
1bef
2bf0
43f0
53f1
6bf1
7bf2
13f2
23f3
3bf3
4bf4
63f4
73f5
0bf5
1bf6
33f6
43f7
5bf7
6bf8
83f8
13f9
2bf9
3bfa
53fa
63fb
7bfb
0bfc
23fc
33fd
4bfd
5bfe
73fe
03ff
1bef
2bf0
43f0
53f1
6bf1
7bf2
13f2
23f3
3bf3
4bf4
63f4
73f5
0bf5
1bf6
33f6
43f7
5bf7
6bf8
83f8
13f9
2bf9
3bfa
53fa
63fb
7bfb
0bfc
23fc
33fd
4bfd
5bfe
73fe
03ff
1bef
2bf0
43f0
53f1
6bf1
7bf2
13f2
23f3
3bf3
4bf4
63f4
73f5
0bf5
1bf6
33f6
43f7
5bf7
6bf8
83f8
13f9
2bf9
3bfa
53fa
63fb
7bfb
0bfc
23fc
33fd
4bfd
5bfe
73fe
03ff
1bef
2bf0
43f0
53f1
6bf1
7bf2
13f2
23f3
3bf3
4bf4
63f4
73f5
0bf5
1bf6
33f6
43f7
5bf7
6bf8
83f8
13f9
2bf9
3bfa
53fa
63fb
7bfb
0bfc
23fc
33fd
4bfd
5bfe
73fe
03ff
1bef
2bf0
43f0
53f1
6bf1
7bf2
13f2
23f3
3bf3
4bf4
63f4
73f5
0bf5
1bf6
33f6
43f7
5bf7
6bf8
83f8
13f9
2bf9
3bfa
53fa
63fb
7bfb
0bfc
23fc
33fd
4bfd
5bfe
73fe
03ff
1bef
2bf0
43f0
53f1
6bf1
7bf2
13f2
23f3
3bf3
4bf4
63f4
73f5
0bf5
1bf6
33f6
43f7
5bf7
6bf8
83f8
13f9
2bf9
3bfa
53fa
63fb
7bfb
0bfc
23fc
33fd
4bfd
5bfe
73fe
03ff
1bef
2bf0
43f0
53f1
6bf1
7bf2
13f2
23f3
3bf3
4bf4
63f4
73f5
0bf5
1bf6
33f6
43f7
5bf7
6bf8
83f8
13f9
2bf9
3bfa
53fa
63fb
7bfb
0bfc
23fc
33fd
4bfd
5bfe
73fe
03ff
1bef
2bf0
43f0
53f1
6bf1
7bf2
13f2
23f3
3bf3
4bf4
63f4
73f5
0bf5
1bf6
33f6
43f7
5bf7
6bf8
83f8
13f9
2bf9
3bfa
53fa
63fb
7bfb
0bfc
23fc
33fd
4bfd
5bfe
73fe
03ff
1bef
2bf0
43f0
53f1
6bf1
7bf2
13f2
23f3
3bf3
4bf4
63f4
73f5
0bf5
1bf6
33f6
43f7
5bf7
6bf8
83f8
13f9
2bf9
3bfa
53fa
63fb
7bfb
0bfc
23fc
33fd
4bfd
5bfe
73fe
000f
1810
2810
4011
5011
6812
7812
1013
2013
3814
4814
6015
7015
0816
1816
3017
4017
5818
6818
8019
1019
281a
381a
501b
601b
781c
081c
201d
301d
481e
581e
701f
000f
1810
2810
4011
5011
6812
7812
1013
2013
3814
4814
6015
7015
0816
1816
3017
4017
5818
6818
8019
1019
281a
381a
501b
601b
781c
081c
201d
301d
481e
581e
701f
000f
1810
2810
4011
5011
6812
7812
1013
2013
3814
4814
6015
7015
0816
1816
3017
4017
5818
6818
8019
1019
281a
381a
501b
601b
781c
081c
201d
301d
481e
581e
701f
000f
1810
2810
4011
5011
6812
7812
1013
2013
3814
4814
6015
7015
0816
1816
3017
4017
5818
6818
8019
1019
281a
381a
501b
601b
781c
081c
201d
301d
481e
581e
701f
000f
1810
2810
4011
5011
6812
7812
1013
2013
3814
4814
6015
7015
0816
1816
3017
4017
5818
6818
8019
1019
281a
381a
501b
601b
781c
081c
201d
301d
481e
581e
701f
000f
1810
2810
4011
5011
6812
7812
1013
2013
3814
4814
6015
7015
0816
1816
3017
4017
5818
6818
8019
1019
281a
381a
501b
601b
781c
081c
201d
301d
481e
581e
701f
000f
1810
2810
4011
5011
6812
7812
1013
2013
3814
4814
6015
7015
0816
1816
3017
4017
5818
6818
8019
1019
281a
381a
501b
601b
781c
081c
201d
301d
481e
581e
701f
000f
1810
2810
4011
5011
6812
7812
1013
2013
3814
4814
6015
7015
0816
1816
3017
4017
5818
6818
8019
1019
281a
381a
501b
601b
781c
081c
201d
301d
481e
581e
701f
000f
1810
2810
4011
5011
6812
7812
1013
2013
3814
4814
6015
7015
0816
1816
3017
4017
5818
6818
8019
1019
281a
381a
501b
601b
781c
081c
201d
301d
481e
581e
701f
0050
1850
2851
4051
5052
6852
7853
1053
2054
3854
4855
6055
7056
0856
1857
3057
4058
5858
6859
8059
105a
285a
385b
505b
605c
785c
085d
205d
305e
485e
585f
704f
0050
1850
2851
4051
5052
6852
7853
1053
2054
3854
4855
6055
7056
0856
1857
3057
4058
5858
6859
8059
105a
285a
385b
505b
605c
785c
085d
205d
305e
485e
585f
704f
0050
1850
2851
4051
5052
6852
7853
1053
2054
3854
4855
6055
7056
0856
1857
3057
4058
5858
6859
8059
105a
285a
385b
505b
605c
785c
085d
205d
305e
485e
585f
704f
0050
1850
2851
4051
5052
6852
7853
1053
2054
3854
4855
6055
7056
0856
1857
3057
4058
5858
6859
8059
105a
285a
385b
505b
605c
785c
085d
205d
305e
485e
585f
704f
0050
1850
2851
4051
5052
6852
7853
1053
2054
3854
4855
6055
7056
0856
1857
3057
4058
5858
6859
8059
105a
285a
385b
505b
605c
785c
085d
205d
305e
485e
585f
704f
0050
1850
2851
4051
5052
6852
7853
1053
2054
3854
4855
6055
7056
0856
1857
3057
4058
5858
6859
8059
105a
285a
385b
505b
605c
785c
085d
205d
305e
485e
585f
704f
0050
1850
2851
4051
5052
6852
7853
1053
2054
3854
4855
6055
7056
0856
1857
3057
4058
5858
6859
8059
105a
285a
385b
505b
605c
785c
085d
205d
305e
485e
585f
704f
0050
1850
2851
4051
5052
6852
7853
1053
2054
3854
4855
6055
7056
0856
1857
3057
4058
5858
6859
8059
105a
285a
385b
505b
605c
785c
085d
205d
305e
485e
585f
704f
0050
1850
2851
4051
5052
6852
7853
1053
2054
3854
4855
6055
7056
0856
1857
3057
4058
5858
6859
8059
105a
285a
385b
505b
605c
785c
085d
205d
305e
485e
585f
704f
0070
1871
2871
4072
5072
6873
7873
1074
2074
3875
4875
6076
7076
0877
1877
3078
4078
5879
6879
807a
107a
287b
387b
507c
607c
787d
087d
207e
307e
487f
586f
7070
0070
1871
2871
4072
5072
6873
7873
1074
2074
3875
4875
6076
7076
0877
1877
3078
4078
5879
6879
807a
107a
287b
387b
507c
607c
787d
087d
207e
307e
487f
586f
7070
0070
1871
2871
4072
5072
6873
7873
1074
2074
3875
4875
6076
7076
0877
1877
3078
4078
5879
6879
807a
107a
287b
387b
507c
607c
787d
087d
207e
307e
487f
586f
7070
0070
1871
2871
4072
5072
6873
7873
1074
2074
3875
4875
6076
7076
0877
1877
3078
4078
5879
6879
807a
107a
287b
387b
507c
607c
787d
087d
207e
307e
487f
586f
7070
0070
1871
2871
4072
5072
6873
7873
1074
2074
3875
4875
6076
7076
0877
1877
3078
4078
5879
6879
807a
107a
287b
387b
507c
607c
787d
087d
207e
307e
487f
586f
7070
0070
1871
2871
4072
5072
6873
7873
1074
2074
3875
4875
6076
7076
0877
1877
3078
4078
5879
6879
807a
107a
287b
387b
507c
607c
787d
087d
207e
307e
487f
586f
7070
0070
1871
2871
4072
5072
6873
7873
1074
2074
3875
4875
6076
7076
0877
1877
3078
4078
5879
6879
807a
107a
287b
387b
507c
607c
787d
087d
207e
307e
487f
586f
7070
0070
1871
2871
4072
5072
6873
7873
1074
2074
3875
4875
6076
7076
0877
1877
3078
4078
5879
6879
807a
107a
287b
387b
507c
607c
787d
087d
207e
307e
487f
586f
7070
0070
1871
2871
4072
5072
6873
7873
1074
2074
3875
4875
6076
7076
0877
1877
3078
4078
5879
6879
807a
107a
287b
387b
507c
607c
787d
087d
207e
307e
487f
586f
7070
00b1
18b1
28b2
40b2
50b3
68b3
78b4
10b4
20b5
38b5
48b6
60b6
70b7
08b7
18b8
30b8
40b9
58b9
68ba
80ba
10bb
28bb
38bc
50bc
60bd
78bd
08be
20be
30bf
48af
58b0
70b0
00b1
18b1
28b2
40b2
50b3
68b3
78b4
10b4
20b5
38b5
48b6
60b6
70b7
08b7
18b8
30b8
40b9
58b9
68ba
80ba
10bb
28bb
38bc
50bc
60bd
78bd
08be
20be
30bf
48af
58b0
70b0
00b1
18b1
28b2
40b2
50b3
68b3
78b4
10b4
20b5
38b5
48b6
60b6
70b7
08b7
18b8
30b8
40b9
58b9
68ba
80ba
10bb
28bb
38bc
50bc
60bd
78bd
08be
20be
30bf
48af
58b0
70b0
00b1
18b1
28b2
40b2
50b3
68b3
78b4
10b4
20b5
38b5
48b6
60b6
70b7
08b7
18b8
30b8
40b9
58b9
68ba
80ba
10bb
28bb
38bc
50bc
60bd
78bd
08be
20be
30bf
48af
58b0
70b0
00b1
18b1
28b2
40b2
50b3
68b3
78b4
10b4
20b5
38b5
48b6
60b6
70b7
08b7
18b8
30b8
40b9
58b9
68ba
80ba
10bb
28bb
38bc
50bc
60bd
78bd
08be
20be
30bf
48af
58b0
70b0
00b1
18b1
28b2
40b2
50b3
68b3
78b4
10b4
20b5
38b5
48b6
60b6
70b7
08b7
18b8
30b8
40b9
58b9
68ba
80ba
10bb
28bb
38bc
50bc
60bd
78bd
08be
20be
30bf
48af
58b0
70b0
00b1
18b1
28b2
40b2
50b3
68b3
78b4
10b4
20b5
38b5
48b6
60b6
70b7
08b7
18b8
30b8
40b9
58b9
68ba
80ba
10bb
28bb
38bc
50bc
60bd
78bd
08be
20be
30bf
48af
58b0
70b0
00b1
18b1
28b2
40b2
50b3
68b3
78b4
10b4
20b5
38b5
48b6
60b6
70b7
08b7
18b8
30b8
40b9
58b9
68ba
80ba
10bb
28bb
38bc
50bc
60bd
78bd
08be
20be
30bf
48af
58b0
70b0
00b1
18b1
28b2
40b2
50b3
68b3
78b4
10b4
20b5
38b5
48b6
60b6
70b7
08b7
18b8
30b8
40b9
58b9
68ba
80ba
10bb
28bb
38bc
50bc
60bd
78bd
08be
20be
30bf
48af
58b0
70b0
00d1
18d2
28d2
40d3
50d3
68d4
78d4
10d5
20d5
38d6
48d6
60d7
70d7
08d8
18d8
30d9
40d9
58da
68da
80db
10db
28dc
38dc
50dd
60dd
78de
08de
20df
30cf
48d0
58d0
70d1
00d1
18d2
28d2
40d3
50d3
68d4
78d4
10d5
20d5
38d6
48d6
60d7
70d7
08d8
18d8
30d9
40d9
58da
68da
80db
10db
28dc
38dc
50dd
60dd
78de
08de
20df
30cf
48d0
58d0
70d1
00d1
18d2
28d2
40d3
50d3
68d4
78d4
10d5
20d5
38d6
48d6
60d7
70d7
08d8
18d8
30d9
40d9
58da
68da
80db
10db
28dc
38dc
50dd
60dd
78de
08de
20df
30cf
48d0
58d0
70d1
00d1
18d2
28d2
40d3
50d3
68d4
78d4
10d5
20d5
38d6
48d6
60d7
70d7
08d8
18d8
30d9
40d9
58da
68da
80db
10db
28dc
38dc
50dd
60dd
78de
08de
20df
30cf
48d0
58d0
70d1
00d1
18d2
28d2
40d3
50d3
68d4
78d4
10d5
20d5
38d6
48d6
60d7
70d7
08d8
18d8
30d9
40d9
58da
68da
80db
10db
28dc
38dc
50dd
60dd
78de
08de
20df
30cf
48d0
58d0
70d1
00d1
18d2
28d2
40d3
50d3
68d4
78d4
10d5
20d5
38d6
48d6
60d7
70d7
08d8
18d8
30d9
40d9
58da
68da
80db
10db
28dc
38dc
50dd
60dd
78de
08de
20df
30cf
48d0
58d0
70d1
00d1
18d2
28d2
40d3
50d3
68d4
78d4
10d5
20d5
38d6
48d6
60d7
70d7
08d8
18d8
30d9
40d9
58da
68da
80db
10db
28dc
38dc
50dd
60dd
78de
08de
20df
30cf
48d0
58d0
70d1
00d1
18d2
28d2
40d3
50d3
68d4
78d4
10d5
20d5
38d6
48d6
60d7
70d7
08d8
18d8
30d9
40d9
58da
68da
80db
10db
28dc
38dc
50dd
60dd
78de
08de
20df
30cf
48d0
58d0
70d1
00d1
18d2
28d2
40d3
50d3
68d4
78d4
10d5
20d5
38d6
48d6
60d7
70d7
08d8
18d8
30d9
40d9
58da
68da
80db
10db
28dc
38dc
50dd
60dd
78de
08de
20df
30cf
48d0
58d0
70d1
0112
1912
2913
4113
5114
6914
7915
1115
2116
3916
4917
6117
7118
0918
1919
3119
411a
591a
691b
811b
111c
291c
391d
511d
611e
791e
091f
210f
3110
4910
5911
7111
0112
1912
2913
4113
5114
6914
7915
1115
2116
3916
4917
6117
7118
0918
1919
3119
411a
591a
691b
811b
111c
291c
391d
511d
611e
791e
091f
210f
3110
4910
5911
7111
0112
1912
2913
4113
5114
6914
7915
1115
2116
3916
4917
6117
7118
0918
1919
3119
411a
591a
691b
811b
111c
291c
391d
511d
611e
791e
091f
210f
3110
4910
5911
7111
0112
1912
2913
4113
5114
6914
7915
1115
2116
3916
4917
6117
7118
0918
1919
3119
411a
591a
691b
811b
111c
291c
391d
511d
611e
791e
091f
210f
3110
4910
5911
7111
0112
1912
2913
4113
5114
6914
7915
1115
2116
3916
4917
6117
7118
0918
1919
3119
411a
591a
691b
811b
111c
291c
391d
511d
611e
791e
091f
210f
3110
4910
5911
7111
0112
1912
2913
4113
5114
6914
7915
1115
2116
3916
4917
6117
7118
0918
1919
3119
411a
591a
691b
811b
111c
291c
391d
511d
611e
791e
091f
210f
3110
4910
5911
7111
0112
1912
2913
4113
5114
6914
7915
1115
2116
3916
4917
6117
7118
0918
1919
3119
411a
591a
691b
811b
111c
291c
391d
511d
611e
791e
091f
210f
3110
4910
5911
7111
0112
1912
2913
4113
5114
6914
7915
1115
2116
3916
4917
6117
7118
0918
1919
3119
411a
591a
691b
811b
111c
291c
391d
511d
611e
791e
091f
210f
3110
4910
5911
7111
0112
1912
2913
4113
5114
6914
7915
1115
2116
3916
4917
6117
7118
0918
1919
3119
411a
591a
691b
811b
111c
291c
391d
511d
611e
791e
091f
210f
3110
4910
5911
7111
0132
1933
2933
4134
5134
6935
7935
1136
2136
3937
4937
6138
7138
0939
1939
313a
413a
593b
693b
813c
113c
293d
393d
513e
613e
793f
092f
2130
3130
4931
5931
7132
0132
1933
2933
4134
5134
6935
7935
1136
2136
3937
4937
6138
7138
0939
1939
313a
413a
593b
693b
813c
113c
293d
393d
513e
613e
793f
092f
2130
3130
4931
5931
7132
0132
1933
2933
4134
5134
6935
7935
1136
2136
3937
4937
6138
7138
0939
1939
313a
413a
593b
693b
813c
113c
293d
393d
513e
613e
793f
092f
2130
3130
4931
5931
7132
0132
1933
2933
4134
5134
6935
7935
1136
2136
3937
4937
6138
7138
0939
1939
313a
413a
593b
693b
813c
113c
293d
393d
513e
613e
793f
092f
2130
3130
4931
5931
7132
0132
1933
2933
4134
5134
6935
7935
1136
2136
3937
4937
6138
7138
0939
1939
313a
413a
593b
693b
813c
113c
293d
393d
513e
613e
793f
092f
2130
3130
4931
5931
7132
0132
1933
2933
4134
5134
6935
7935
1136
2136
3937
4937
6138
7138
0939
1939
313a
413a
593b
693b
813c
113c
293d
393d
513e
613e
793f
092f
2130
3130
4931
5931
7132
0132
1933
2933
4134
5134
6935
7935
1136
2136
3937
4937
6138
7138
0939
1939
313a
413a
593b
693b
813c
113c
293d
393d
513e
613e
793f
092f
2130
3130
4931
5931
7132
0132
1933
2933
4134
5134
6935
7935
1136
2136
3937
4937
6138
7138
0939
1939
313a
413a
593b
693b
813c
113c
293d
393d
513e
613e
793f
092f
2130
3130
4931
5931
7132
0132
1933
2933
4134
5134
6935
7935
1136
2136
3937
4937
6138
7138
0939
1939
313a
413a
593b
693b
813c
113c
293d
393d
513e
613e
793f
092f
2130
3130
4931
5931
7132
0173
1973
2974
4174
5175
6975
7976
1176
2177
3977
4978
6178
7179
0979
197a
317a
417b
597b
697c
817c
117d
297d
397e
517e
617f
796f
0970
2170
3171
4971
5972
7172
0173
1973
2974
4174
5175
6975
7976
1176
2177
3977
4978
6178
7179
0979
197a
317a
417b
597b
697c
817c
117d
297d
397e
517e
617f
796f
0970
2170
3171
4971
5972
7172
0173
1973
2974
4174
5175
6975
7976
1176
2177
3977
4978
6178
7179
0979
197a
317a
417b
597b
697c
817c
117d
297d
397e
517e
617f
796f
0970
2170
3171
4971
5972
7172
0173
1973
2974
4174
5175
6975
7976
1176
2177
3977
4978
6178
7179
0979
197a
317a
417b
597b
697c
817c
117d
297d
397e
517e
617f
796f
0970
2170
3171
4971
5972
7172
0173
1973
2974
4174
5175
6975
7976
1176
2177
3977
4978
6178
7179
0979
197a
317a
417b
597b
697c
817c
117d
297d
397e
517e
617f
796f
0970
2170
3171
4971
5972
7172
0173
1973
2974
4174
5175
6975
7976
1176
2177
3977
4978
6178
7179
0979
197a
317a
417b
597b
697c
817c
117d
297d
397e
517e
617f
796f
0970
2170
3171
4971
5972
7172
0173
1973
2974
4174
5175
6975
7976
1176
2177
3977
4978
6178
7179
0979
197a
317a
417b
597b
697c
817c
117d
297d
397e
517e
617f
796f
0970
2170
3171
4971
5972
7172
0173
1973
2974
4174
5175
6975
7976
1176
2177
3977
4978
6178
7179
0979
197a
317a
417b
597b
697c
817c
117d
297d
397e
517e
617f
796f
0970
2170
3171
4971
5972
7172
0173
1973
2974
4174
5175
6975
7976
1176
2177
3977
4978
6178
7179
0979
197a
317a
417b
597b
697c
817c
117d
297d
397e
517e
617f
796f
0970
2170
3171
4971
5972
7172
0193
1994
2994
4195
5195
6996
7996
1197
2197
3998
4998
6199
7199
099a
199a
319b
419b
599c
699c
819d
119d
299e
399e
519f
618f
7990
0990
2191
3191
4992
5992
7193
0193
1994
2994
4195
5195
6996
7996
1197
2197
3998
4998
6199
7199
099a
199a
319b
419b
599c
699c
819d
119d
299e
399e
519f
618f
7990
0990
2191
3191
4992
5992
7193
0193
1994
2994
4195
5195
6996
7996
1197
2197
3998
4998
6199
7199
099a
199a
319b
419b
599c
699c
819d
119d
299e
399e
519f
618f
7990
0990
2191
3191
4992
5992
7193
0193
1994
2994
4195
5195
6996
7996
1197
2197
3998
4998
6199
7199
099a
199a
319b
419b
599c
699c
819d
119d
299e
399e
519f
618f
7990
0990
2191
3191
4992
5992
7193
0193
1994
2994
4195
5195
6996
7996
1197
2197
3998
4998
6199
7199
099a
199a
319b
419b
599c
699c
819d
119d
299e
399e
519f
618f
7990
0990
2191
3191
4992
5992
7193
0193
1994
2994
4195
5195
6996
7996
1197
2197
3998
4998
6199
7199
099a
199a
319b
419b
599c
699c
819d
119d
299e
399e
519f
618f
7990
0990
2191
3191
4992
5992
7193
0193
1994
2994
4195
5195
6996
7996
1197
2197
3998
4998
6199
7199
099a
199a
319b
419b
599c
699c
819d
119d
299e
399e
519f
618f
7990
0990
2191
3191
4992
5992
7193
0193
1994
2994
4195
5195
6996
7996
1197
2197
3998
4998
6199
7199
099a
199a
319b
419b
599c
699c
819d
119d
299e
399e
519f
618f
7990
0990
2191
3191
4992
5992
7193
0193
1994
2994
4195
5195
6996
7996
1197
2197
3998
4998
6199
7199
099a
199a
319b
419b
599c
699c
819d
119d
299e
399e
519f
618f
7990
0990
2191
3191
4992
5992
7193
01d4
19d4
29d5
41d5
51d6
69d6
79d7
11d7
21d8
39d8
49d9
61d9
71da
09da
19db
31db
41dc
59dc
69dd
81dd
11de
29de
39df
51cf
61d0
79d0
09d1
21d1
31d2
49d2
59d3
71d3
01d4
19d4
29d5
41d5
51d6
69d6
79d7
11d7
21d8
39d8
49d9
61d9
71da
09da
19db
31db
41dc
59dc
69dd
81dd
11de
29de
39df
51cf
61d0
79d0
09d1
21d1
31d2
49d2
59d3
71d3
01d4
19d4
29d5
41d5
51d6
69d6
79d7
11d7
21d8
39d8
49d9
61d9
71da
09da
19db
31db
41dc
59dc
69dd
81dd
11de
29de
39df
51cf
61d0
79d0
09d1
21d1
31d2
49d2
59d3
71d3
01d4
19d4
29d5
41d5
51d6
69d6
79d7
11d7
21d8
39d8
49d9
61d9
71da
09da
19db
31db
41dc
59dc
69dd
81dd
11de
29de
39df
51cf
61d0
79d0
09d1
21d1
31d2
49d2
59d3
71d3
01d4
19d4
29d5
41d5
51d6
69d6
79d7
11d7
21d8
39d8
49d9
61d9
71da
09da
19db
31db
41dc
59dc
69dd
81dd
11de
29de
39df
51cf
61d0
79d0
09d1
21d1
31d2
49d2
59d3
71d3
01d4
19d4
29d5
41d5
51d6
69d6
79d7
11d7
21d8
39d8
49d9
61d9
71da
09da
19db
31db
41dc
59dc
69dd
81dd
11de
29de
39df
51cf
61d0
79d0
09d1
21d1
31d2
49d2
59d3
71d3
01d4
19d4
29d5
41d5
51d6
69d6
79d7
11d7
21d8
39d8
49d9
61d9
71da
09da
19db
31db
41dc
59dc
69dd
81dd
11de
29de
39df
51cf
61d0
79d0
09d1
21d1
31d2
49d2
59d3
71d3
01d4
19d4
29d5
41d5
51d6
69d6
79d7
11d7
21d8
39d8
49d9
61d9
71da
09da
19db
31db
41dc
59dc
69dd
81dd
11de
29de
39df
51cf
61d0
79d0
09d1
21d1
31d2
49d2
59d3
71d3
01d4
19d4
29d5
41d5
51d6
69d6
79d7
11d7
21d8
39d8
49d9
61d9
71da
09da
19db
31db
41dc
59dc
69dd
81dd
11de
29de
39df
51cf
61d0
79d0
09d1
21d1
31d2
49d2
59d3
71d3
01f4
19f5
29f5
41f6
51f6
69f7
79f7
11f8
21f8
39f9
49f9
61fa
71fa
09fb
19fb
31fc
41fc
59fd
69fd
81fe
11fe
29ff
39ef
51f0
61f0
79f1
09f1
21f2
31f2
49f3
59f3
71f4
01f4
19f5
29f5
41f6
51f6
69f7
79f7
11f8
21f8
39f9
49f9
61fa
71fa
09fb
19fb
31fc
41fc
59fd
69fd
81fe
11fe
29ff
39ef
51f0
61f0
79f1
09f1
21f2
31f2
49f3
59f3
71f4
01f4
19f5
29f5
41f6
51f6
69f7
79f7
11f8
21f8
39f9
49f9
61fa
71fa
09fb
19fb
31fc
41fc
59fd
69fd
81fe
11fe
29ff
39ef
51f0
61f0
79f1
09f1
21f2
31f2
49f3
59f3
71f4
01f4
19f5
29f5
41f6
51f6
69f7
79f7
11f8
21f8
39f9
49f9
61fa
71fa
09fb
19fb
31fc
41fc
59fd
69fd
81fe
11fe
29ff
39ef
51f0
61f0
79f1
09f1
21f2
31f2
49f3
59f3
71f4
01f4
19f5
29f5
41f6
51f6
69f7
79f7
11f8
21f8
39f9
49f9
61fa
71fa
09fb
19fb
31fc
41fc
59fd
69fd
81fe
11fe
29ff
39ef
51f0
61f0
79f1
09f1
21f2
31f2
49f3
59f3
71f4
01f4
19f5
29f5
41f6
51f6
69f7
79f7
11f8
21f8
39f9
49f9
61fa
71fa
09fb
19fb
31fc
41fc
59fd
69fd
81fe
11fe
29ff
39ef
51f0
61f0
79f1
09f1
21f2
31f2
49f3
59f3
71f4
01f4
19f5
29f5
41f6
51f6
69f7
79f7
11f8
21f8
39f9
49f9
61fa
71fa
09fb
19fb
31fc
41fc
59fd
69fd
81fe
11fe
29ff
39ef
51f0
61f0
79f1
09f1
21f2
31f2
49f3
59f3
71f4
01f4
19f5
29f5
41f6
51f6
69f7
79f7
11f8
21f8
39f9
49f9
61fa
71fa
09fb
19fb
31fc
41fc
59fd
69fd
81fe
11fe
29ff
39ef
51f0
61f0
79f1
09f1
21f2
31f2
49f3
59f3
71f4
01f4
19f5
29f5
41f6
51f6
69f7
79f7
11f8
21f8
39f9
49f9
61fa
71fa
09fb
19fb
31fc
41fc
59fd
69fd
81fe
11fe
29ff
39ef
51f0
61f0
79f1
09f1
21f2
31f2
49f3
59f3
71f4
0235
1a35
2a36
4236
5237
6a37
7a38
1238
2239
3a39
4a3a
623a
723b
0a3b
1a3c
323c
423d
5a3d
6a3e
823e
123f
2a2f
3a30
5230
6231
7a31
0a32
2232
3233
4a33
5a34
7234
0235
1a35
2a36
4236
5237
6a37
7a38
1238
2239
3a39
4a3a
623a
723b
0a3b
1a3c
323c
423d
5a3d
6a3e
823e
123f
2a2f
3a30
5230
6231
7a31
0a32
2232
3233
4a33
5a34
7234
0235
1a35
2a36
4236
5237
6a37
7a38
1238
2239
3a39
4a3a
623a
723b
0a3b
1a3c
323c
423d
5a3d
6a3e
823e
123f
2a2f
3a30
5230
6231
7a31
0a32
2232
3233
4a33
5a34
7234
0235
1a35
2a36
4236
5237
6a37
7a38
1238
2239
3a39
4a3a
623a
723b
0a3b
1a3c
323c
423d
5a3d
6a3e
823e
123f
2a2f
3a30
5230
6231
7a31
0a32
2232
3233
4a33
5a34
7234
0235
1a35
2a36
4236
5237
6a37
7a38
1238
2239
3a39
4a3a
623a
723b
0a3b
1a3c
323c
423d
5a3d
6a3e
823e
123f
2a2f
3a30
5230
6231
7a31
0a32
2232
3233
4a33
5a34
7234
0235
1a35
2a36
4236
5237
6a37
7a38
1238
2239
3a39
4a3a
623a
723b
0a3b
1a3c
323c
423d
5a3d
6a3e
823e
123f
2a2f
3a30
5230
6231
7a31
0a32
2232
3233
4a33
5a34
7234
0235
1a35
2a36
4236
5237
6a37
7a38
1238
2239
3a39
4a3a
623a
723b
0a3b
1a3c
323c
423d
5a3d
6a3e
823e
123f
2a2f
3a30
5230
6231
7a31
0a32
2232
3233
4a33
5a34
7234
0235
1a35
2a36
4236
5237
6a37
7a38
1238
2239
3a39
4a3a
623a
723b
0a3b
1a3c
323c
423d
5a3d
6a3e
823e
123f
2a2f
3a30
5230
6231
7a31
0a32
2232
3233
4a33
5a34
7234
0235
1a35
2a36
4236
5237
6a37
7a38
1238
2239
3a39
4a3a
623a
723b
0a3b
1a3c
323c
423d
5a3d
6a3e
823e
123f
2a2f
3a30
5230
6231
7a31
0a32
2232
3233
4a33
5a34
7234
0255
1a56
2a56
4257
5257
6a58
7a58
1259
2259
3a5a
4a5a
625b
725b
0a5c
1a5c
325d
425d
5a5e
6a5e
825f
124f
2a50
3a50
5251
6251
7a52
0a52
2253
3253
4a54
5a54
7255
0255
1a56
2a56
4257
5257
6a58
7a58
1259
2259
3a5a
4a5a
625b
725b
0a5c
1a5c
325d
425d
5a5e
6a5e
825f
124f
2a50
3a50
5251
6251
7a52
0a52
2253
3253
4a54
5a54
7255
0255
1a56
2a56
4257
5257
6a58
7a58
1259
2259
3a5a
4a5a
625b
725b
0a5c
1a5c
325d
425d
5a5e
6a5e
825f
124f
2a50
3a50
5251
6251
7a52
0a52
2253
3253
4a54
5a54
7255
0255
1a56
2a56
4257
5257
6a58
7a58
1259
2259
3a5a
4a5a
625b
725b
0a5c
1a5c
325d
425d
5a5e
6a5e
825f
124f
2a50
3a50
5251
6251
7a52
0a52
2253
3253
4a54
5a54
7255
0255
1a56
2a56
4257
5257
6a58
7a58
1259
2259
3a5a
4a5a
625b
725b
0a5c
1a5c
325d
425d
5a5e
6a5e
825f
124f
2a50
3a50
5251
6251
7a52
0a52
2253
3253
4a54
5a54
7255
0255
1a56
2a56
4257
5257
6a58
7a58
1259
2259
3a5a
4a5a
625b
725b
0a5c
1a5c
325d
425d
5a5e
6a5e
825f
124f
2a50
3a50
5251
6251
7a52
0a52
2253
3253
4a54
5a54
7255
0255
1a56
2a56
4257
5257
6a58
7a58
1259
2259
3a5a
4a5a
625b
725b
0a5c
1a5c
325d
425d
5a5e
6a5e
825f
124f
2a50
3a50
5251
6251
7a52
0a52
2253
3253
4a54
5a54
7255
0255
1a56
2a56
4257
5257
6a58
7a58
1259
2259
3a5a
4a5a
625b
725b
0a5c
1a5c
325d
425d
5a5e
6a5e
825f
124f
2a50
3a50
5251
6251
7a52
0a52
2253
3253
4a54
5a54
7255
0255
1a56
2a56
4257
5257
6a58
7a58
1259
2259
3a5a
4a5a
625b
725b
0a5c
1a5c
325d
425d
5a5e
6a5e
825f
124f
2a50
3a50
5251
6251
7a52
0a52
2253
3253
4a54
5a54
7255
0296
1a96
2a97
4297
5298
6a98
7a99
1299
229a
3a9a
4a9b
629b
729c
0a9c
1a9d
329d
429e
5a9e
6a9f
828f
1290
2a90
3a91
5291
6292
7a92
0a93
2293
3294
4a94
5a95
7295
0296
1a96
2a97
4297
5298
6a98
7a99
1299
229a
3a9a
4a9b
629b
729c
0a9c
1a9d
329d
429e
5a9e
6a9f
828f
1290
2a90
3a91
5291
6292
7a92
0a93
2293
3294
4a94
5a95
7295
0296
1a96
2a97
4297
5298
6a98
7a99
1299
229a
3a9a
4a9b
629b
729c
0a9c
1a9d
329d
429e
5a9e
6a9f
828f
1290
2a90
3a91
5291
6292
7a92
0a93
2293
3294
4a94
5a95
7295
0296
1a96
2a97
4297
5298
6a98
7a99
1299
229a
3a9a
4a9b
629b
729c
0a9c
1a9d
329d
429e
5a9e
6a9f
828f
1290
2a90
3a91
5291
6292
7a92
0a93
2293
3294
4a94
5a95
7295
0296
1a96
2a97
4297
5298
6a98
7a99
1299
229a
3a9a
4a9b
629b
729c
0a9c
1a9d
329d
429e
5a9e
6a9f
828f
1290
2a90
3a91
5291
6292
7a92
0a93
2293
3294
4a94
5a95
7295
0296
1a96
2a97
4297
5298
6a98
7a99
1299
229a
3a9a
4a9b
629b
729c
0a9c
1a9d
329d
429e
5a9e
6a9f
828f
1290
2a90
3a91
5291
6292
7a92
0a93
2293
3294
4a94
5a95
7295
0296
1a96
2a97
4297
5298
6a98
7a99
1299
229a
3a9a
4a9b
629b
729c
0a9c
1a9d
329d
429e
5a9e
6a9f
828f
1290
2a90
3a91
5291
6292
7a92
0a93
2293
3294
4a94
5a95
7295
0296
1a96
2a97
4297
5298
6a98
7a99
1299
229a
3a9a
4a9b
629b
729c
0a9c
1a9d
329d
429e
5a9e
6a9f
828f
1290
2a90
3a91
5291
6292
7a92
0a93
2293
3294
4a94
5a95
7295
0296
1a96
2a97
4297
5298
6a98
7a99
1299
229a
3a9a
4a9b
629b
729c
0a9c
1a9d
329d
429e
5a9e
6a9f
828f
1290
2a90
3a91
5291
6292
7a92
0a93
2293
3294
4a94
5a95
7295
02b6
1ab7
2ab7
42b8
52b8
6ab9
7ab9
12ba
22ba
3abb
4abb
62bc
72bc
0abd
1abd
32be
42be
5abf
6aaf
82b0
12b0
2ab1
3ab1
52b2
62b2
7ab3
0ab3
22b4
32b4
4ab5
5ab5
72b6
02b6
1ab7
2ab7
42b8
52b8
6ab9
7ab9
12ba
22ba
3abb
4abb
62bc
72bc
0abd
1abd
32be
42be
5abf
6aaf
82b0
12b0
2ab1
3ab1
52b2
62b2
7ab3
0ab3
22b4
32b4
4ab5
5ab5
72b6
02b6
1ab7
2ab7
42b8
52b8
6ab9
7ab9
12ba
22ba
3abb
4abb
62bc
72bc
0abd
1abd
32be
42be
5abf
6aaf
82b0
12b0
2ab1
3ab1
52b2
62b2
7ab3
0ab3
22b4
32b4
4ab5
5ab5
72b6
02b6
1ab7
2ab7
42b8
52b8
6ab9
7ab9
12ba
22ba
3abb
4abb
62bc
72bc
0abd
1abd
32be
42be
5abf
6aaf
82b0
12b0
2ab1
3ab1
52b2
62b2
7ab3
0ab3
22b4
32b4
4ab5
5ab5
72b6
02b6
1ab7
2ab7
42b8
52b8
6ab9
7ab9
12ba
22ba
3abb
4abb
62bc
72bc
0abd
1abd
32be
42be
5abf
6aaf
82b0
12b0
2ab1
3ab1
52b2
62b2
7ab3
0ab3
22b4
32b4
4ab5
5ab5
72b6
02b6
1ab7
2ab7
42b8
52b8
6ab9
7ab9
12ba
22ba
3abb
4abb
62bc
72bc
0abd
1abd
32be
42be
5abf
6aaf
82b0
12b0
2ab1
3ab1
52b2
62b2
7ab3
0ab3
22b4
32b4
4ab5
5ab5
72b6
02b6
1ab7
2ab7
42b8
52b8
6ab9
7ab9
12ba
22ba
3abb
4abb
62bc
72bc
0abd
1abd
32be
42be
5abf
6aaf
82b0
12b0
2ab1
3ab1
52b2
62b2
7ab3
0ab3
22b4
32b4
4ab5
5ab5
72b6
02b6
1ab7
2ab7
42b8
52b8
6ab9
7ab9
12ba
22ba
3abb
4abb
62bc
72bc
0abd
1abd
32be
42be
5abf
6aaf
82b0
12b0
2ab1
3ab1
52b2
62b2
7ab3
0ab3
22b4
32b4
4ab5
5ab5
72b6
02b6
1ab7
2ab7
42b8
52b8
6ab9
7ab9
12ba
22ba
3abb
4abb
62bc
72bc
0abd
1abd
32be
42be
5abf
6aaf
82b0
12b0
2ab1
3ab1
52b2
62b2
7ab3
0ab3
22b4
32b4
4ab5
5ab5
72b6
02f7
1af7
2af8
42f8
52f9
6af9
7afa
12fa
22fb
3afb
4afc
62fc
72fd
0afd
1afe
32fe
42ff
5aef
6af0
82f0
12f1
2af1
3af2
52f2
62f3
7af3
0af4
22f4
32f5
4af5
5af6
72f6
02f7
1af7
2af8
42f8
52f9
6af9
7afa
12fa
22fb
3afb
4afc
62fc
72fd
0afd
1afe
32fe
42ff
5aef
6af0
82f0
12f1
2af1
3af2
52f2
62f3
7af3
0af4
22f4
32f5
4af5
5af6
72f6
02f7
1af7
2af8
42f8
52f9
6af9
7afa
12fa
22fb
3afb
4afc
62fc
72fd
0afd
1afe
32fe
42ff
5aef
6af0
82f0
12f1
2af1
3af2
52f2
62f3
7af3
0af4
22f4
32f5
4af5
5af6
72f6
02f7
1af7
2af8
42f8
52f9
6af9
7afa
12fa
22fb
3afb
4afc
62fc
72fd
0afd
1afe
32fe
42ff
5aef
6af0
82f0
12f1
2af1
3af2
52f2
62f3
7af3
0af4
22f4
32f5
4af5
5af6
72f6
02f7
1af7
2af8
42f8
52f9
6af9
7afa
12fa
22fb
3afb
4afc
62fc
72fd
0afd
1afe
32fe
42ff
5aef
6af0
82f0
12f1
2af1
3af2
52f2
62f3
7af3
0af4
22f4
32f5
4af5
5af6
72f6
02f7
1af7
2af8
42f8
52f9
6af9
7afa
12fa
22fb
3afb
4afc
62fc
72fd
0afd
1afe
32fe
42ff
5aef
6af0
82f0
12f1
2af1
3af2
52f2
62f3
7af3
0af4
22f4
32f5
4af5
5af6
72f6
02f7
1af7
2af8
42f8
52f9
6af9
7afa
12fa
22fb
3afb
4afc
62fc
72fd
0afd
1afe
32fe
42ff
5aef
6af0
82f0
12f1
2af1
3af2
52f2
62f3
7af3
0af4
22f4
32f5
4af5
5af6
72f6
02f7
1af7
2af8
42f8
52f9
6af9
7afa
12fa
22fb
3afb
4afc
62fc
72fd
0afd
1afe
32fe
42ff
5aef
6af0
82f0
12f1
2af1
3af2
52f2
62f3
7af3
0af4
22f4
32f5
4af5
5af6
72f6
02f7
1af7
2af8
42f8
52f9
6af9
7afa
12fa
22fb
3afb
4afc
62fc
72fd
0afd
1afe
32fe
42ff
5aef
6af0
82f0
12f1
2af1
3af2
52f2
62f3
7af3
0af4
22f4
32f5
4af5
5af6
72f6
0317
1b18
2b18
4319
5319
6b1a
7b1a
131b
231b
3b1c
4b1c
631d
731d
0b1e
1b1e
331f
430f
5b10
6b10
8311
1311
2b12
3b12
5313
6313
7b14
0b14
2315
3315
4b16
5b16
7317
0317
1b18
2b18
4319
5319
6b1a
7b1a
131b
231b
3b1c
4b1c
631d
731d
0b1e
1b1e
331f
430f
5b10
6b10
8311
1311
2b12
3b12
5313
6313
7b14
0b14
2315
3315
4b16
5b16
7317
0317
1b18
2b18
4319
5319
6b1a
7b1a
131b
231b
3b1c
4b1c
631d
731d
0b1e
1b1e
331f
430f
5b10
6b10
8311
1311
2b12
3b12
5313
6313
7b14
0b14
2315
3315
4b16
5b16
7317
0317
1b18
2b18
4319
5319
6b1a
7b1a
131b
231b
3b1c
4b1c
631d
731d
0b1e
1b1e
331f
430f
5b10
6b10
8311
1311
2b12
3b12
5313
6313
7b14
0b14
2315
3315
4b16
5b16
7317
0317
1b18
2b18
4319
5319
6b1a
7b1a
131b
231b
3b1c
4b1c
631d
731d
0b1e
1b1e
331f
430f
5b10
6b10
8311
1311
2b12
3b12
5313
6313
7b14
0b14
2315
3315
4b16
5b16
7317
0317
1b18
2b18
4319
5319
6b1a
7b1a
131b
231b
3b1c
4b1c
631d
731d
0b1e
1b1e
331f
430f
5b10
6b10
8311
1311
2b12
3b12
5313
6313
7b14
0b14
2315
3315
4b16
5b16
7317
0317
1b18
2b18
4319
5319
6b1a
7b1a
131b
231b
3b1c
4b1c
631d
731d
0b1e
1b1e
331f
430f
5b10
6b10
8311
1311
2b12
3b12
5313
6313
7b14
0b14
2315
3315
4b16
5b16
7317
0317
1b18
2b18
4319
5319
6b1a
7b1a
131b
231b
3b1c
4b1c
631d
731d
0b1e
1b1e
331f
430f
5b10
6b10
8311
1311
2b12
3b12
5313
6313
7b14
0b14
2315
3315
4b16
5b16
7317
0317
1b18
2b18
4319
5319
6b1a
7b1a
131b
231b
3b1c
4b1c
631d
731d
0b1e
1b1e
331f
430f
5b10
6b10
8311
1311
2b12
3b12
5313
6313
7b14
0b14
2315
3315
4b16
5b16
7317
0358
1b58
2b59
4359
535a
6b5a
7b5b
135b
235c
3b5c
4b5d
635d
735e
0b5e
1b5f
334f
4350
5b50
6b51
8351
1352
2b52
3b53
5353
6354
7b54
0b55
2355
3356
4b56
5b57
7357
0358
1b58
2b59
4359
535a
6b5a
7b5b
135b
235c
3b5c
4b5d
635d
735e
0b5e
1b5f
334f
4350
5b50
6b51
8351
1352
2b52
3b53
5353
6354
7b54
0b55
2355
3356
4b56
5b57
7357
0358
1b58
2b59
4359
535a
6b5a
7b5b
135b
235c
3b5c
4b5d
635d
735e
0b5e
1b5f
334f
4350
5b50
6b51
8351
1352
2b52
3b53
5353
6354
7b54
0b55
2355
3356
4b56
5b57
7357
0358
1b58
2b59
4359
535a
6b5a
7b5b
135b
235c
3b5c
4b5d
635d
735e
0b5e
1b5f
334f
4350
5b50
6b51
8351
1352
2b52
3b53
5353
6354
7b54
0b55
2355
3356
4b56
5b57
7357
0358
1b58
2b59
4359
535a
6b5a
7b5b
135b
235c
3b5c
4b5d
635d
735e
0b5e
1b5f
334f
4350
5b50
6b51
8351
1352
2b52
3b53
5353
6354
7b54
0b55
2355
3356
4b56
5b57
7357
0358
1b58
2b59
4359
535a
6b5a
7b5b
135b
235c
3b5c
4b5d
635d
735e
0b5e
1b5f
334f
4350
5b50
6b51
8351
1352
2b52
3b53
5353
6354
7b54
0b55
2355
3356
4b56
5b57
7357
0358
1b58
2b59
4359
535a
6b5a
7b5b
135b
235c
3b5c
4b5d
635d
735e
0b5e
1b5f
334f
4350
5b50
6b51
8351
1352
2b52
3b53
5353
6354
7b54
0b55
2355
3356
4b56
5b57
7357
0358
1b58
2b59
4359
535a
6b5a
7b5b
135b
235c
3b5c
4b5d
635d
735e
0b5e
1b5f
334f
4350
5b50
6b51
8351
1352
2b52
3b53
5353
6354
7b54
0b55
2355
3356
4b56
5b57
7357
0358
1b58
2b59
4359
535a
6b5a
7b5b
135b
235c
3b5c
4b5d
635d
735e
0b5e
1b5f
334f
4350
5b50
6b51
8351
1352
2b52
3b53
5353
6354
7b54
0b55
2355
3356
4b56
5b57
7357
0378
1b79
2b79
437a
537a
6b7b
7b7b
137c
237c
3b7d
4b7d
637e
737e
0b7f
1b6f
3370
4370
5b71
6b71
8372
1372
2b73
3b73
5374
6374
7b75
0b75
2376
3376
4b77
5b77
7378
0378
1b79
2b79
437a
537a
6b7b
7b7b
137c
237c
3b7d
4b7d
637e
737e
0b7f
1b6f
3370
4370
5b71
6b71
8372
1372
2b73
3b73
5374
6374
7b75
0b75
2376
3376
4b77
5b77
7378
0378
1b79
2b79
437a
537a
6b7b
7b7b
137c
237c
3b7d
4b7d
637e
737e
0b7f
1b6f
3370
4370
5b71
6b71
8372
1372
2b73
3b73
5374
6374
7b75
0b75
2376
3376
4b77
5b77
7378
0378
1b79
2b79
437a
537a
6b7b
7b7b
137c
237c
3b7d
4b7d
637e
737e
0b7f
1b6f
3370
4370
5b71
6b71
8372
1372
2b73
3b73
5374
6374
7b75
0b75
2376
3376
4b77
5b77
7378
0378
1b79
2b79
437a
537a
6b7b
7b7b
137c
237c
3b7d
4b7d
637e
737e
0b7f
1b6f
3370
4370
5b71
6b71
8372
1372
2b73
3b73
5374
6374
7b75
0b75
2376
3376
4b77
5b77
7378
0378
1b79
2b79
437a
537a
6b7b
7b7b
137c
237c
3b7d
4b7d
637e
737e
0b7f
1b6f
3370
4370
5b71
6b71
8372
1372
2b73
3b73
5374
6374
7b75
0b75
2376
3376
4b77
5b77
7378
0378
1b79
2b79
437a
537a
6b7b
7b7b
137c
237c
3b7d
4b7d
637e
737e
0b7f
1b6f
3370
4370
5b71
6b71
8372
1372
2b73
3b73
5374
6374
7b75
0b75
2376
3376
4b77
5b77
7378
0378
1b79
2b79
437a
537a
6b7b
7b7b
137c
237c
3b7d
4b7d
637e
737e
0b7f
1b6f
3370
4370
5b71
6b71
8372
1372
2b73
3b73
5374
6374
7b75
0b75
2376
3376
4b77
5b77
7378
0378
1b79
2b79
437a
537a
6b7b
7b7b
137c
237c
3b7d
4b7d
637e
737e
0b7f
1b6f
3370
4370
5b71
6b71
8372
1372
2b73
3b73
5374
6374
7b75
0b75
2376
3376
4b77
5b77
7378
03b9
1bb9
2bba
43ba
53bb
6bbb
7bbc
13bc
23bd
3bbd
4bbe
63be
73bf
0baf
1bb0
33b0
43b1
5bb1
6bb2
83b2
13b3
2bb3
3bb4
53b4
63b5
7bb5
0bb6
23b6
33b7
4bb7
5bb8
73b8
03b9
1bb9
2bba
43ba
53bb
6bbb
7bbc
13bc
23bd
3bbd
4bbe
63be
73bf
0baf
1bb0
33b0
43b1
5bb1
6bb2
83b2
13b3
2bb3
3bb4
53b4
63b5
7bb5
0bb6
23b6
33b7
4bb7
5bb8
73b8
03b9
1bb9
2bba
43ba
53bb
6bbb
7bbc
13bc
23bd
3bbd
4bbe
63be
73bf
0baf
1bb0
33b0
43b1
5bb1
6bb2
83b2
13b3
2bb3
3bb4
53b4
63b5
7bb5
0bb6
23b6
33b7
4bb7
5bb8
73b8
03b9
1bb9
2bba
43ba
53bb
6bbb
7bbc
13bc
23bd
3bbd
4bbe
63be
73bf
0baf
1bb0
33b0
43b1
5bb1
6bb2
83b2
13b3
2bb3
3bb4
53b4
63b5
7bb5
0bb6
23b6
33b7
4bb7
5bb8
73b8
03b9
1bb9
2bba
43ba
53bb
6bbb
7bbc
13bc
23bd
3bbd
4bbe
63be
73bf
0baf
1bb0
33b0
43b1
5bb1
6bb2
83b2
13b3
2bb3
3bb4
53b4
63b5
7bb5
0bb6
23b6
33b7
4bb7
5bb8
73b8
03b9
1bb9
2bba
43ba
53bb
6bbb
7bbc
13bc
23bd
3bbd
4bbe
63be
73bf
0baf
1bb0
33b0
43b1
5bb1
6bb2
83b2
13b3
2bb3
3bb4
53b4
63b5
7bb5
0bb6
23b6
33b7
4bb7
5bb8
73b8
03b9
1bb9
2bba
43ba
53bb
6bbb
7bbc
13bc
23bd
3bbd
4bbe
63be
73bf
0baf
1bb0
33b0
43b1
5bb1
6bb2
83b2
13b3
2bb3
3bb4
53b4
63b5
7bb5
0bb6
23b6
33b7
4bb7
5bb8
73b8
03b9
1bb9
2bba
43ba
53bb
6bbb
7bbc
13bc
23bd
3bbd
4bbe
63be
73bf
0baf
1bb0
33b0
43b1
5bb1
6bb2
83b2
13b3
2bb3
3bb4
53b4
63b5
7bb5
0bb6
23b6
33b7
4bb7
5bb8
73b8
03b9
1bb9
2bba
43ba
53bb
6bbb
7bbc
13bc
23bd
3bbd
4bbe
63be
73bf
0baf
1bb0
33b0
43b1
5bb1
6bb2
83b2
13b3
2bb3
3bb4
53b4
63b5
7bb5
0bb6
23b6
33b7
4bb7
5bb8
73b8
03d9
1bda
2bda
43db
53db
6bdc
7bdc
13dd
23dd
3bde
4bde
63df
73cf
0bd0
1bd0
33d1
43d1
5bd2
6bd2
83d3
13d3
2bd4
3bd4
53d5
63d5
7bd6
0bd6
23d7
33d7
4bd8
5bd8
73d9
03d9
1bda
2bda
43db
53db
6bdc
7bdc
13dd
23dd
3bde
4bde
63df
73cf
0bd0
1bd0
33d1
43d1
5bd2
6bd2
83d3
13d3
2bd4
3bd4
53d5
63d5
7bd6
0bd6
23d7
33d7
4bd8
5bd8
73d9
03d9
1bda
2bda
43db
53db
6bdc
7bdc
13dd
23dd
3bde
4bde
63df
73cf
0bd0
1bd0
33d1
43d1
5bd2
6bd2
83d3
13d3
2bd4
3bd4
53d5
63d5
7bd6
0bd6
23d7
33d7
4bd8
5bd8
73d9
03d9
1bda
2bda
43db
53db
6bdc
7bdc
13dd
23dd
3bde
4bde
63df
73cf
0bd0
1bd0
33d1
43d1
5bd2
6bd2
83d3
13d3
2bd4
3bd4
53d5
63d5
7bd6
0bd6
23d7
33d7
4bd8
5bd8
73d9
03d9
1bda
2bda
43db
53db
6bdc
7bdc
13dd
23dd
3bde
4bde
63df
73cf
0bd0
1bd0
33d1
43d1
5bd2
6bd2
83d3
13d3
2bd4
3bd4
53d5
63d5
7bd6
0bd6
23d7
33d7
4bd8
5bd8
73d9
03d9
1bda
2bda
43db
53db
6bdc
7bdc
13dd
23dd
3bde
4bde
63df
73cf
0bd0
1bd0
33d1
43d1
5bd2
6bd2
83d3
13d3
2bd4
3bd4
53d5
63d5
7bd6
0bd6
23d7
33d7
4bd8
5bd8
73d9
03d9
1bda
2bda
43db
53db
6bdc
7bdc
13dd
23dd
3bde
4bde
63df
73cf
0bd0
1bd0
33d1
43d1
5bd2
6bd2
83d3
13d3
2bd4
3bd4
53d5
63d5
7bd6
0bd6
23d7
33d7
4bd8
5bd8
73d9
03d9
1bda
2bda
43db
53db
6bdc
7bdc
13dd
23dd
3bde
4bde
63df
73cf
0bd0
1bd0
33d1
43d1
5bd2
6bd2
83d3
13d3
2bd4
3bd4
53d5
63d5
7bd6
0bd6
23d7
33d7
4bd8
5bd8
73d9
03d9
1bda
2bda
43db
53db
6bdc
7bdc
13dd
23dd
3bde
4bde
63df
73cf
0bd0
1bd0
33d1
43d1
5bd2
6bd2
83d3
13d3
2bd4
3bd4
53d5
63d5
7bd6
0bd6
23d7
33d7
4bd8
5bd8
73d9
041a
1c1a
2c1b
441b
541c
6c1c
7c1d
141d
241e
3c1e
4c1f
640f
7410
0c10
1c11
3411
4412
5c12
6c13
8413
1414
2c14
3c15
5415
6416
7c16
0c17
2417
3418
4c18
5c19
7419
041a
1c1a
2c1b
441b
541c
6c1c
7c1d
141d
241e
3c1e
4c1f
640f
7410
0c10
1c11
3411
4412
5c12
6c13
8413
1414
2c14
3c15
5415
6416
7c16
0c17
2417
3418
4c18
5c19
7419
041a
1c1a
2c1b
441b
541c
6c1c
7c1d
141d
241e
3c1e
4c1f
640f
7410
0c10
1c11
3411
4412
5c12
6c13
8413
1414
2c14
3c15
5415
6416
7c16
0c17
2417
3418
4c18
5c19
7419
041a
1c1a
2c1b
441b
541c
6c1c
7c1d
141d
241e
3c1e
4c1f
640f
7410
0c10
1c11
3411
4412
5c12
6c13
8413
1414
2c14
3c15
5415
6416
7c16
0c17
2417
3418
4c18
5c19
7419
041a
1c1a
2c1b
441b
541c
6c1c
7c1d
141d
241e
3c1e
4c1f
640f
7410
0c10
1c11
3411
4412
5c12
6c13
8413
1414
2c14
3c15
5415
6416
7c16
0c17
2417
3418
4c18
5c19
7419
041a
1c1a
2c1b
441b
541c
6c1c
7c1d
141d
241e
3c1e
4c1f
640f
7410
0c10
1c11
3411
4412
5c12
6c13
8413
1414
2c14
3c15
5415
6416
7c16
0c17
2417
3418
4c18
5c19
7419
041a
1c1a
2c1b
441b
541c
6c1c
7c1d
141d
241e
3c1e
4c1f
640f
7410
0c10
1c11
3411
4412
5c12
6c13
8413
1414
2c14
3c15
5415
6416
7c16
0c17
2417
3418
4c18
5c19
7419
041a
1c1a
2c1b
441b
541c
6c1c
7c1d
141d
241e
3c1e
4c1f
640f
7410
0c10
1c11
3411
4412
5c12
6c13
8413
1414
2c14
3c15
5415
6416
7c16
0c17
2417
3418
4c18
5c19
7419
041a
1c1a
2c1b
441b
541c
6c1c
7c1d
141d
241e
3c1e
4c1f
640f
7410
0c10
1c11
3411
4412
5c12
6c13
8413
1414
2c14
3c15
5415
6416
7c16
0c17
2417
3418
4c18
5c19
7419
003a
183b
283b
403c
503c
683d
783d
103e
203e
383f
482f
6030
7030
0831
1831
3032
4032
5833
6833
8034
1034
2835
3835
5036
6036
7837
0837
2038
3038
4839
5839
703a
003a
183b
283b
403c
503c
683d
783d
103e
203e
383f
482f
6030
7030
0831
1831
3032
4032
5833
6833
8034
1034
2835
3835
5036
6036
7837
0837
2038
3038
4839
5839
703a
003a
183b
283b
403c
503c
683d
783d
103e
203e
383f
482f
6030
7030
0831
1831
3032
4032
5833
6833
8034
1034
2835
3835
5036
6036
7837
0837
2038
3038
4839
5839
703a
003a
183b
283b
403c
503c
683d
783d
103e
203e
383f
482f
6030
7030
0831
1831
3032
4032
5833
6833
8034
1034
2835
3835
5036
6036
7837
0837
2038
3038
4839
5839
703a
003a
183b
283b
403c
503c
683d
783d
103e
203e
383f
482f
6030
7030
0831
1831
3032
4032
5833
6833
8034
1034
2835
3835
5036
6036
7837
0837
2038
3038
4839
5839
703a
003a
183b
283b
403c
503c
683d
783d
103e
203e
383f
482f
6030
7030
0831
1831
3032
4032
5833
6833
8034
1034
2835
3835
5036
6036
7837
0837
2038
3038
4839
5839
703a
003a
183b
283b
403c
503c
683d
783d
103e
203e
383f
482f
6030
7030
0831
1831
3032
4032
5833
6833
8034
1034
2835
3835
5036
6036
7837
0837
2038
3038
4839
5839
703a
003a
183b
283b
403c
503c
683d
783d
103e
203e
383f
482f
6030
7030
0831
1831
3032
4032
5833
6833
8034
1034
2835
3835
5036
6036
7837
0837
2038
3038
4839
5839
703a
003a
183b
283b
403c
503c
683d
783d
103e
203e
383f
482f
6030
7030
0831
1831
3032
4032
5833
6833
8034
1034
2835
3835
5036
6036
7837
0837
2038
3038
4839
5839
703a
007b
187b
287c
407c
507d
687d
787e
107e
207f
386f
4870
6070
7071
0871
1872
3072
4073
5873
6874
8074
1075
2875
3876
5076
6077
7877
0878
2078
3079
4879
587a
707a
007b
187b
287c
407c
507d
687d
787e
107e
207f
386f
4870
6070
7071
0871
1872
3072
4073
5873
6874
8074
1075
2875
3876
5076
6077
7877
0878
2078
3079
4879
587a
707a
007b
187b
287c
407c
507d
687d
787e
107e
207f
386f
4870
6070
7071
0871
1872
3072
4073
5873
6874
8074
1075
2875
3876
5076
6077
7877
0878
2078
3079
4879
587a
707a
007b
187b
287c
407c
507d
687d
787e
107e
207f
386f
4870
6070
7071
0871
1872
3072
4073
5873
6874
8074
1075
2875
3876
5076
6077
7877
0878
2078
3079
4879
587a
707a
007b
187b
287c
407c
507d
687d
787e
107e
207f
386f
4870
6070
7071
0871
1872
3072
4073
5873
6874
8074
1075
2875
3876
5076
6077
7877
0878
2078
3079
4879
587a
707a
007b
187b
287c
407c
507d
687d
787e
107e
207f
386f
4870
6070
7071
0871
1872
3072
4073
5873
6874
8074
1075
2875
3876
5076
6077
7877
0878
2078
3079
4879
587a
707a
007b
187b
287c
407c
507d
687d
787e
107e
207f
386f
4870
6070
7071
0871
1872
3072
4073
5873
6874
8074
1075
2875
3876
5076
6077
7877
0878
2078
3079
4879
587a
707a
007b
187b
287c
407c
507d
687d
787e
107e
207f
386f
4870
6070
7071
0871
1872
3072
4073
5873
6874
8074
1075
2875
3876
5076
6077
7877
0878
2078
3079
4879
587a
707a
007b
187b
287c
407c
507d
687d
787e
107e
207f
386f
4870
6070
7071
0871
1872
3072
4073
5873
6874
8074
1075
2875
3876
5076
6077
7877
0878
2078
3079
4879
587a
707a
009b
189c
289c
409d
509d
689e
789e
109f
208f
3890
4890
6091
7091
0892
1892
3093
4093
5894
6894
8095
1095
2896
3896
5097
6097
7898
0898
2099
3099
489a
589a
709b
009b
189c
289c
409d
509d
689e
789e
109f
208f
3890
4890
6091
7091
0892
1892
3093
4093
5894
6894
8095
1095
2896
3896
5097
6097
7898
0898
2099
3099
489a
589a
709b
009b
189c
289c
409d
509d
689e
789e
109f
208f
3890
4890
6091
7091
0892
1892
3093
4093
5894
6894
8095
1095
2896
3896
5097
6097
7898
0898
2099
3099
489a
589a
709b
009b
189c
289c
409d
509d
689e
789e
109f
208f
3890
4890
6091
7091
0892
1892
3093
4093
5894
6894
8095
1095
2896
3896
5097
6097
7898
0898
2099
3099
489a
589a
709b
009b
189c
289c
409d
509d
689e
789e
109f
208f
3890
4890
6091
7091
0892
1892
3093
4093
5894
6894
8095
1095
2896
3896
5097
6097
7898
0898
2099
3099
489a
589a
709b
009b
189c
289c
409d
509d
689e
789e
109f
208f
3890
4890
6091
7091
0892
1892
3093
4093
5894
6894
8095
1095
2896
3896
5097
6097
7898
0898
2099
3099
489a
589a
709b
009b
189c
289c
409d
509d
689e
789e
109f
208f
3890
4890
6091
7091
0892
1892
3093
4093
5894
6894
8095
1095
2896
3896
5097
6097
7898
0898
2099
3099
489a
589a
709b
009b
189c
289c
409d
509d
689e
789e
109f
208f
3890
4890
6091
7091
0892
1892
3093
4093
5894
6894
8095
1095
2896
3896
5097
6097
7898
0898
2099
3099
489a
589a
709b
009b
189c
289c
409d
509d
689e
789e
109f
208f
3890
4890
6091
7091
0892
1892
3093
4093
5894
6894
8095
1095
2896
3896
5097
6097
7898
0898
2099
3099
489a
589a
709b
00dc
18dc
28dd
40dd
50de
68de
78df
10cf
20d0
38d0
48d1
60d1
70d2
08d2
18d3
30d3
40d4
58d4
68d5
80d5
10d6
28d6
38d7
50d7
60d8
78d8
08d9
20d9
30da
48da
58db
70db
00dc
18dc
28dd
40dd
50de
68de
78df
10cf
20d0
38d0
48d1
60d1
70d2
08d2
18d3
30d3
40d4
58d4
68d5
80d5
10d6
28d6
38d7
50d7
60d8
78d8
08d9
20d9
30da
48da
58db
70db
00dc
18dc
28dd
40dd
50de
68de
78df
10cf
20d0
38d0
48d1
60d1
70d2
08d2
18d3
30d3
40d4
58d4
68d5
80d5
10d6
28d6
38d7
50d7
60d8
78d8
08d9
20d9
30da
48da
58db
70db
00dc
18dc
28dd
40dd
50de
68de
78df
10cf
20d0
38d0
48d1
60d1
70d2
08d2
18d3
30d3
40d4
58d4
68d5
80d5
10d6
28d6
38d7
50d7
60d8
78d8
08d9
20d9
30da
48da
58db
70db
00dc
18dc
28dd
40dd
50de
68de
78df
10cf
20d0
38d0
48d1
60d1
70d2
08d2
18d3
30d3
40d4
58d4
68d5
80d5
10d6
28d6
38d7
50d7
60d8
78d8
08d9
20d9
30da
48da
58db
70db
00dc
18dc
28dd
40dd
50de
68de
78df
10cf
20d0
38d0
48d1
60d1
70d2
08d2
18d3
30d3
40d4
58d4
68d5
80d5
10d6
28d6
38d7
50d7
60d8
78d8
08d9
20d9
30da
48da
58db
70db
00dc
18dc
28dd
40dd
50de
68de
78df
10cf
20d0
38d0
48d1
60d1
70d2
08d2
18d3
30d3
40d4
58d4
68d5
80d5
10d6
28d6
38d7
50d7
60d8
78d8
08d9
20d9
30da
48da
58db
70db
00dc
18dc
28dd
40dd
50de
68de
78df
10cf
20d0
38d0
48d1
60d1
70d2
08d2
18d3
30d3
40d4
58d4
68d5
80d5
10d6
28d6
38d7
50d7
60d8
78d8
08d9
20d9
30da
48da
58db
70db
00dc
18dc
28dd
40dd
50de
68de
78df
10cf
20d0
38d0
48d1
60d1
70d2
08d2
18d3
30d3
40d4
58d4
68d5
80d5
10d6
28d6
38d7
50d7
60d8
78d8
08d9
20d9
30da
48da
58db
70db
00fc
18fd
28fd
40fe
50fe
68ff
78ef
10f0
20f0
38f1
48f1
60f2
70f2
08f3
18f3
30f4
40f4
58f5
68f5
80f6
10f6
28f7
38f7
50f8
60f8
78f9
08f9
20fa
30fa
48fb
58fb
70fc
00fc
18fd
28fd
40fe
50fe
68ff
78ef
10f0
20f0
38f1
48f1
60f2
70f2
08f3
18f3
30f4
40f4
58f5
68f5
80f6
10f6
28f7
38f7
50f8
60f8
78f9
08f9
20fa
30fa
48fb
58fb
70fc
00fc
18fd
28fd
40fe
50fe
68ff
78ef
10f0
20f0
38f1
48f1
60f2
70f2
08f3
18f3
30f4
40f4
58f5
68f5
80f6
10f6
28f7
38f7
50f8
60f8
78f9
08f9
20fa
30fa
48fb
58fb
70fc
00fc
18fd
28fd
40fe
50fe
68ff
78ef
10f0
20f0
38f1
48f1
60f2
70f2
08f3
18f3
30f4
40f4
58f5
68f5
80f6
10f6
28f7
38f7
50f8
60f8
78f9
08f9
20fa
30fa
48fb
58fb
70fc
00fc
18fd
28fd
40fe
50fe
68ff
78ef
10f0
20f0
38f1
48f1
60f2
70f2
08f3
18f3
30f4
40f4
58f5
68f5
80f6
10f6
28f7
38f7
50f8
60f8
78f9
08f9
20fa
30fa
48fb
58fb
70fc
00fc
18fd
28fd
40fe
50fe
68ff
78ef
10f0
20f0
38f1
48f1
60f2
70f2
08f3
18f3
30f4
40f4
58f5
68f5
80f6
10f6
28f7
38f7
50f8
60f8
78f9
08f9
20fa
30fa
48fb
58fb
70fc
00fc
18fd
28fd
40fe
50fe
68ff
78ef
10f0
20f0
38f1
48f1
60f2
70f2
08f3
18f3
30f4
40f4
58f5
68f5
80f6
10f6
28f7
38f7
50f8
60f8
78f9
08f9
20fa
30fa
48fb
58fb
70fc
00fc
18fd
28fd
40fe
50fe
68ff
78ef
10f0
20f0
38f1
48f1
60f2
70f2
08f3
18f3
30f4
40f4
58f5
68f5
80f6
10f6
28f7
38f7
50f8
60f8
78f9
08f9
20fa
30fa
48fb
58fb
70fc
00fc
18fd
28fd
40fe
50fe
68ff
78ef
10f0
20f0
38f1
48f1
60f2
70f2
08f3
18f3
30f4
40f4
58f5
68f5
80f6
10f6
28f7
38f7
50f8
60f8
78f9
08f9
20fa
30fa
48fb
58fb
70fc
013d
193d
293e
413e
513f
692f
7930
1130
2131
3931
4932
6132
7133
0933
1934
3134
4135
5935
6936
8136
1137
2937
3938
5138
6139
7939
093a
213a
313b
493b
593c
713c
013d
193d
293e
413e
513f
692f
7930
1130
2131
3931
4932
6132
7133
0933
1934
3134
4135
5935
6936
8136
1137
2937
3938
5138
6139
7939
093a
213a
313b
493b
593c
713c
013d
193d
293e
413e
513f
692f
7930
1130
2131
3931
4932
6132
7133
0933
1934
3134
4135
5935
6936
8136
1137
2937
3938
5138
6139
7939
093a
213a
313b
493b
593c
713c
013d
193d
293e
413e
513f
692f
7930
1130
2131
3931
4932
6132
7133
0933
1934
3134
4135
5935
6936
8136
1137
2937
3938
5138
6139
7939
093a
213a
313b
493b
593c
713c
013d
193d
293e
413e
513f
692f
7930
1130
2131
3931
4932
6132
7133
0933
1934
3134
4135
5935
6936
8136
1137
2937
3938
5138
6139
7939
093a
213a
313b
493b
593c
713c
013d
193d
293e
413e
513f
692f
7930
1130
2131
3931
4932
6132
7133
0933
1934
3134
4135
5935
6936
8136
1137
2937
3938
5138
6139
7939
093a
213a
313b
493b
593c
713c
013d
193d
293e
413e
513f
692f
7930
1130
2131
3931
4932
6132
7133
0933
1934
3134
4135
5935
6936
8136
1137
2937
3938
5138
6139
7939
093a
213a
313b
493b
593c
713c
013d
193d
293e
413e
513f
692f
7930
1130
2131
3931
4932
6132
7133
0933
1934
3134
4135
5935
6936
8136
1137
2937
3938
5138
6139
7939
093a
213a
313b
493b
593c
713c
013d
193d
293e
413e
513f
692f
7930
1130
2131
3931
4932
6132
7133
0933
1934
3134
4135
5935
6936
8136
1137
2937
3938
5138
6139
7939
093a
213a
313b
493b
593c
713c
015d
195e
295e
415f
514f
6950
7950
1151
2151
3952
4952
6153
7153
0954
1954
3155
4155
5956
6956
8157
1157
2958
3958
5159
6159
795a
095a
215b
315b
495c
595c
715d
015d
195e
295e
415f
514f
6950
7950
1151
2151
3952
4952
6153
7153
0954
1954
3155
4155
5956
6956
8157
1157
2958
3958
5159
6159
795a
095a
215b
315b
495c
595c
715d
015d
195e
295e
415f
514f
6950
7950
1151
2151
3952
4952
6153
7153
0954
1954
3155
4155
5956
6956
8157
1157
2958
3958
5159
6159
795a
095a
215b
315b
495c
595c
715d
015d
195e
295e
415f
514f
6950
7950
1151
2151
3952
4952
6153
7153
0954
1954
3155
4155
5956
6956
8157
1157
2958
3958
5159
6159
795a
095a
215b
315b
495c
595c
715d
015d
195e
295e
415f
514f
6950
7950
1151
2151
3952
4952
6153
7153
0954
1954
3155
4155
5956
6956
8157
1157
2958
3958
5159
6159
795a
095a
215b
315b
495c
595c
715d
015d
195e
295e
415f
514f
6950
7950
1151
2151
3952
4952
6153
7153
0954
1954
3155
4155
5956
6956
8157
1157
2958
3958
5159
6159
795a
095a
215b
315b
495c
595c
715d
015d
195e
295e
415f
514f
6950
7950
1151
2151
3952
4952
6153
7153
0954
1954
3155
4155
5956
6956
8157
1157
2958
3958
5159
6159
795a
095a
215b
315b
495c
595c
715d
015d
195e
295e
415f
514f
6950
7950
1151
2151
3952
4952
6153
7153
0954
1954
3155
4155
5956
6956
8157
1157
2958
3958
5159
6159
795a
095a
215b
315b
495c
595c
715d
015d
195e
295e
415f
514f
6950
7950
1151
2151
3952
4952
6153
7153
0954
1954
3155
4155
5956
6956
8157
1157
2958
3958
5159
6159
795a
095a
215b
315b
495c
595c
715d
019e
199e
299f
418f
5190
6990
7991
1191
2192
3992
4993
6193
7194
0994
1995
3195
4196
5996
6997
8197
1198
2998
3999
5199
619a
799a
099b
219b
319c
499c
599d
719d
019e
199e
299f
418f
5190
6990
7991
1191
2192
3992
4993
6193
7194
0994
1995
3195
4196
5996
6997
8197
1198
2998
3999
5199
619a
799a
099b
219b
319c
499c
599d
719d
019e
199e
299f
418f
5190
6990
7991
1191
2192
3992
4993
6193
7194
0994
1995
3195
4196
5996
6997
8197
1198
2998
3999
5199
619a
799a
099b
219b
319c
499c
599d
719d
019e
199e
299f
418f
5190
6990
7991
1191
2192
3992
4993
6193
7194
0994
1995
3195
4196
5996
6997
8197
1198
2998
3999
5199
619a
799a
099b
219b
319c
499c
599d
719d
019e
199e
299f
418f
5190
6990
7991
1191
2192
3992
4993
6193
7194
0994
1995
3195
4196
5996
6997
8197
1198
2998
3999
5199
619a
799a
099b
219b
319c
499c
599d
719d
019e
199e
299f
418f
5190
6990
7991
1191
2192
3992
4993
6193
7194
0994
1995
3195
4196
5996
6997
8197
1198
2998
3999
5199
619a
799a
099b
219b
319c
499c
599d
719d
019e
199e
299f
418f
5190
6990
7991
1191
2192
3992
4993
6193
7194
0994
1995
3195
4196
5996
6997
8197
1198
2998
3999
5199
619a
799a
099b
219b
319c
499c
599d
719d
019e
199e
299f
418f
5190
6990
7991
1191
2192
3992
4993
6193
7194
0994
1995
3195
4196
5996
6997
8197
1198
2998
3999
5199
619a
799a
099b
219b
319c
499c
599d
719d
019e
199e
299f
418f
5190
6990
7991
1191
2192
3992
4993
6193
7194
0994
1995
3195
4196
5996
6997
8197
1198
2998
3999
5199
619a
799a
099b
219b
319c
499c
599d
719d
01be
19bf
29af
41b0
51b0
69b1
79b1
11b2
21b2
39b3
49b3
61b4
71b4
09b5
19b5
31b6
41b6
59b7
69b7
81b8
11b8
29b9
39b9
51ba
61ba
79bb
09bb
21bc
31bc
49bd
59bd
71be
01be
19bf
29af
41b0
51b0
69b1
79b1
11b2
21b2
39b3
49b3
61b4
71b4
09b5
19b5
31b6
41b6
59b7
69b7
81b8
11b8
29b9
39b9
51ba
61ba
79bb
09bb
21bc
31bc
49bd
59bd
71be
01be
19bf
29af
41b0
51b0
69b1
79b1
11b2
21b2
39b3
49b3
61b4
71b4
09b5
19b5
31b6
41b6
59b7
69b7
81b8
11b8
29b9
39b9
51ba
61ba
79bb
09bb
21bc
31bc
49bd
59bd
71be
01be
19bf
29af
41b0
51b0
69b1
79b1
11b2
21b2
39b3
49b3
61b4
71b4
09b5
19b5
31b6
41b6
59b7
69b7
81b8
11b8
29b9
39b9
51ba
61ba
79bb
09bb
21bc
31bc
49bd
59bd
71be
01be
19bf
29af
41b0
51b0
69b1
79b1
11b2
21b2
39b3
49b3
61b4
71b4
09b5
19b5
31b6
41b6
59b7
69b7
81b8
11b8
29b9
39b9
51ba
61ba
79bb
09bb
21bc
31bc
49bd
59bd
71be
01be
19bf
29af
41b0
51b0
69b1
79b1
11b2
21b2
39b3
49b3
61b4
71b4
09b5
19b5
31b6
41b6
59b7
69b7
81b8
11b8
29b9
39b9
51ba
61ba
79bb
09bb
21bc
31bc
49bd
59bd
71be
01be
19bf
29af
41b0
51b0
69b1
79b1
11b2
21b2
39b3
49b3
61b4
71b4
09b5
19b5
31b6
41b6
59b7
69b7
81b8
11b8
29b9
39b9
51ba
61ba
79bb
09bb
21bc
31bc
49bd
59bd
71be
01be
19bf
29af
41b0
51b0
69b1
79b1
11b2
21b2
39b3
49b3
61b4
71b4
09b5
19b5
31b6
41b6
59b7
69b7
81b8
11b8
29b9
39b9
51ba
61ba
79bb
09bb
21bc
31bc
49bd
59bd
71be
01be
19bf
29af
41b0
51b0
69b1
79b1
11b2
21b2
39b3
49b3
61b4
71b4
09b5
19b5
31b6
41b6
59b7
69b7
81b8
11b8
29b9
39b9
51ba
61ba
79bb
09bb
21bc
31bc
49bd
59bd
71be
01ff
19ef
29f0
41f0
51f1
69f1
79f2
11f2
21f3
39f3
49f4
61f4
71f5
09f5
19f6
31f6
41f7
59f7
69f8
81f8
11f9
29f9
39fa
51fa
61fb
79fb
09fc
21fc
31fd
49fd
59fe
71fe
01ff
19ef
29f0
41f0
51f1
69f1
79f2
11f2
21f3
39f3
49f4
61f4
71f5
09f5
19f6
31f6
41f7
59f7
69f8
81f8
11f9
29f9
39fa
51fa
61fb
79fb
09fc
21fc
31fd
49fd
59fe
71fe
01ff
19ef
29f0
41f0
51f1
69f1
79f2
11f2
21f3
39f3
49f4
61f4
71f5
09f5
19f6
31f6
41f7
59f7
69f8
81f8
11f9
29f9
39fa
51fa
61fb
79fb
09fc
21fc
31fd
49fd
59fe
71fe
01ff
19ef
29f0
41f0
51f1
69f1
79f2
11f2
21f3
39f3
49f4
61f4
71f5
09f5
19f6
31f6
41f7
59f7
69f8
81f8
11f9
29f9
39fa
51fa
61fb
79fb
09fc
21fc
31fd
49fd
59fe
71fe
01ff
19ef
29f0
41f0
51f1
69f1
79f2
11f2
21f3
39f3
49f4
61f4
71f5
09f5
19f6
31f6
41f7
59f7
69f8
81f8
11f9
29f9
39fa
51fa
61fb
79fb
09fc
21fc
31fd
49fd
59fe
71fe
01ff
19ef
29f0
41f0
51f1
69f1
79f2
11f2
21f3
39f3
49f4
61f4
71f5
09f5
19f6
31f6
41f7
59f7
69f8
81f8
11f9
29f9
39fa
51fa
61fb
79fb
09fc
21fc
31fd
49fd
59fe
71fe
01ff
19ef
29f0
41f0
51f1
69f1
79f2
11f2
21f3
39f3
49f4
61f4
71f5
09f5
19f6
31f6
41f7
59f7
69f8
81f8
11f9
29f9
39fa
51fa
61fb
79fb
09fc
21fc
31fd
49fd
59fe
71fe
01ff
19ef
29f0
41f0
51f1
69f1
79f2
11f2
21f3
39f3
49f4
61f4
71f5
09f5
19f6
31f6
41f7
59f7
69f8
81f8
11f9
29f9
39fa
51fa
61fb
79fb
09fc
21fc
31fd
49fd
59fe
71fe
01ff
19ef
29f0
41f0
51f1
69f1
79f2
11f2
21f3
39f3
49f4
61f4
71f5
09f5
19f6
31f6
41f7
59f7
69f8
81f8
11f9
29f9
39fa
51fa
61fb
79fb
09fc
21fc
31fd
49fd
59fe
71fe
020f
1a10
2a10
4211
5211
6a12
7a12
1213
2213
3a14
4a14
6215
7215
0a16
1a16
3217
4217
5a18
6a18
8219
1219
2a1a
3a1a
521b
621b
7a1c
0a1c
221d
321d
4a1e
5a1e
721f
020f
1a10
2a10
4211
5211
6a12
7a12
1213
2213
3a14
4a14
6215
7215
0a16
1a16
3217
4217
5a18
6a18
8219
1219
2a1a
3a1a
521b
621b
7a1c
0a1c
221d
321d
4a1e
5a1e
721f
020f
1a10
2a10
4211
5211
6a12
7a12
1213
2213
3a14
4a14
6215
7215
0a16
1a16
3217
4217
5a18
6a18
8219
1219
2a1a
3a1a
521b
621b
7a1c
0a1c
221d
321d
4a1e
5a1e
721f
020f
1a10
2a10
4211
5211
6a12
7a12
1213
2213
3a14
4a14
6215
7215
0a16
1a16
3217
4217
5a18
6a18
8219
1219
2a1a
3a1a
521b
621b
7a1c
0a1c
221d
321d
4a1e
5a1e
721f
020f
1a10
2a10
4211
5211
6a12
7a12
1213
2213
3a14
4a14
6215
7215
0a16
1a16
3217
4217
5a18
6a18
8219
1219
2a1a
3a1a
521b
621b
7a1c
0a1c
221d
321d
4a1e
5a1e
721f
020f
1a10
2a10
4211
5211
6a12
7a12
1213
2213
3a14
4a14
6215
7215
0a16
1a16
3217
4217
5a18
6a18
8219
1219
2a1a
3a1a
521b
621b
7a1c
0a1c
221d
321d
4a1e
5a1e
721f
020f
1a10
2a10
4211
5211
6a12
7a12
1213
2213
3a14
4a14
6215
7215
0a16
1a16
3217
4217
5a18
6a18
8219
1219
2a1a
3a1a
521b
621b
7a1c
0a1c
221d
321d
4a1e
5a1e
721f
020f
1a10
2a10
4211
5211
6a12
7a12
1213
2213
3a14
4a14
6215
7215
0a16
1a16
3217
4217
5a18
6a18
8219
1219
2a1a
3a1a
521b
621b
7a1c
0a1c
221d
321d
4a1e
5a1e
721f
020f
1a10
2a10
4211
5211
6a12
7a12
1213
2213
3a14
4a14
6215
7215
0a16
1a16
3217
4217
5a18
6a18
8219
1219
2a1a
3a1a
521b
621b
7a1c
0a1c
221d
321d
4a1e
5a1e
721f
0250
1a50
2a51
4251
5252
6a52
7a53
1253
2254
3a54
4a55
6255
7256
0a56
1a57
3257
4258
5a58
6a59
8259
125a
2a5a
3a5b
525b
625c
7a5c
0a5d
225d
325e
4a5e
5a5f
724f
0250
1a50
2a51
4251
5252
6a52
7a53
1253
2254
3a54
4a55
6255
7256
0a56
1a57
3257
4258
5a58
6a59
8259
125a
2a5a
3a5b
525b
625c
7a5c
0a5d
225d
325e
4a5e
5a5f
724f
0250
1a50
2a51
4251
5252
6a52
7a53
1253
2254
3a54
4a55
6255
7256
0a56
1a57
3257
4258
5a58
6a59
8259
125a
2a5a
3a5b
525b
625c
7a5c
0a5d
225d
325e
4a5e
5a5f
724f
0250
1a50
2a51
4251
5252
6a52
7a53
1253
2254
3a54
4a55
6255
7256
0a56
1a57
3257
4258
5a58
6a59
8259
125a
2a5a
3a5b
525b
625c
7a5c
0a5d
225d
325e
4a5e
5a5f
724f
0250
1a50
2a51
4251
5252
6a52
7a53
1253
2254
3a54
4a55
6255
7256
0a56
1a57
3257
4258
5a58
6a59
8259
125a
2a5a
3a5b
525b
625c
7a5c
0a5d
225d
325e
4a5e
5a5f
724f
0250
1a50
2a51
4251
5252
6a52
7a53
1253
2254
3a54
4a55
6255
7256
0a56
1a57
3257
4258
5a58
6a59
8259
125a
2a5a
3a5b
525b
625c
7a5c
0a5d
225d
325e
4a5e
5a5f
724f
0250
1a50
2a51
4251
5252
6a52
7a53
1253
2254
3a54
4a55
6255
7256
0a56
1a57
3257
4258
5a58
6a59
8259
125a
2a5a
3a5b
525b
625c
7a5c
0a5d
225d
325e
4a5e
5a5f
724f
0250
1a50
2a51
4251
5252
6a52
7a53
1253
2254
3a54
4a55
6255
7256
0a56
1a57
3257
4258
5a58
6a59
8259
125a
2a5a
3a5b
525b
625c
7a5c
0a5d
225d
325e
4a5e
5a5f
724f
0250
1a50
2a51
4251
5252
6a52
7a53
1253
2254
3a54
4a55
6255
7256
0a56
1a57
3257
4258
5a58
6a59
8259
125a
2a5a
3a5b
525b
625c
7a5c
0a5d
225d
325e
4a5e
5a5f
724f
0270
1a71
2a71
4272
5272
6a73
7a73
1274
2274
3a75
4a75
6276
7276
0a77
1a77
3278
4278
5a79
6a79
827a
127a
2a7b
3a7b
527c
627c
7a7d
0a7d
227e
327e
4a7f
5a6f
7270
0270
1a71
2a71
4272
5272
6a73
7a73
1274
2274
3a75
4a75
6276
7276
0a77
1a77
3278
4278
5a79
6a79
827a
127a
2a7b
3a7b
527c
627c
7a7d
0a7d
227e
327e
4a7f
5a6f
7270
0270
1a71
2a71
4272
5272
6a73
7a73
1274
2274
3a75
4a75
6276
7276
0a77
1a77
3278
4278
5a79
6a79
827a
127a
2a7b
3a7b
527c
627c
7a7d
0a7d
227e
327e
4a7f
5a6f
7270
0270
1a71
2a71
4272
5272
6a73
7a73
1274
2274
3a75
4a75
6276
7276
0a77
1a77
3278
4278
5a79
6a79
827a
127a
2a7b
3a7b
527c
627c
7a7d
0a7d
227e
327e
4a7f
5a6f
7270
0270
1a71
2a71
4272
5272
6a73
7a73
1274
2274
3a75
4a75
6276
7276
0a77
1a77
3278
4278
5a79
6a79
827a
127a
2a7b
3a7b
527c
627c
7a7d
0a7d
227e
327e
4a7f
5a6f
7270
0270
1a71
2a71
4272
5272
6a73
7a73
1274
2274
3a75
4a75
6276
7276
0a77
1a77
3278
4278
5a79
6a79
827a
127a
2a7b
3a7b
527c
627c
7a7d
0a7d
227e
327e
4a7f
5a6f
7270
0270
1a71
2a71
4272
5272
6a73
7a73
1274
2274
3a75
4a75
6276
7276
0a77
1a77
3278
4278
5a79
6a79
827a
127a
2a7b
3a7b
527c
627c
7a7d
0a7d
227e
327e
4a7f
5a6f
7270
0270
1a71
2a71
4272
5272
6a73
7a73
1274
2274
3a75
4a75
6276
7276
0a77
1a77
3278
4278
5a79
6a79
827a
127a
2a7b
3a7b
527c
627c
7a7d
0a7d
227e
327e
4a7f
5a6f
7270
0270
1a71
2a71
4272
5272
6a73
7a73
1274
2274
3a75
4a75
6276
7276
0a77
1a77
3278
4278
5a79
6a79
827a
127a
2a7b
3a7b
527c
627c
7a7d
0a7d
227e
327e
4a7f
5a6f
7270
02b1
1ab1
2ab2
42b2
52b3
6ab3
7ab4
12b4
22b5
3ab5
4ab6
62b6
72b7
0ab7
1ab8
32b8
42b9
5ab9
6aba
82ba
12bb
2abb
3abc
52bc
62bd
7abd
0abe
22be
32bf
4aaf
5ab0
72b0
02b1
1ab1
2ab2
42b2
52b3
6ab3
7ab4
12b4
22b5
3ab5
4ab6
62b6
72b7
0ab7
1ab8
32b8
42b9
5ab9
6aba
82ba
12bb
2abb
3abc
52bc
62bd
7abd
0abe
22be
32bf
4aaf
5ab0
72b0
02b1
1ab1
2ab2
42b2
52b3
6ab3
7ab4
12b4
22b5
3ab5
4ab6
62b6
72b7
0ab7
1ab8
32b8
42b9
5ab9
6aba
82ba
12bb
2abb
3abc
52bc
62bd
7abd
0abe
22be
32bf
4aaf
5ab0
72b0
02b1
1ab1
2ab2
42b2
52b3
6ab3
7ab4
12b4
22b5
3ab5
4ab6
62b6
72b7
0ab7
1ab8
32b8
42b9
5ab9
6aba
82ba
12bb
2abb
3abc
52bc
62bd
7abd
0abe
22be
32bf
4aaf
5ab0
72b0
02b1
1ab1
2ab2
42b2
52b3
6ab3
7ab4
12b4
22b5
3ab5
4ab6
62b6
72b7
0ab7
1ab8
32b8
42b9
5ab9
6aba
82ba
12bb
2abb
3abc
52bc
62bd
7abd
0abe
22be
32bf
4aaf
5ab0
72b0
02b1
1ab1
2ab2
42b2
52b3
6ab3
7ab4
12b4
22b5
3ab5
4ab6
62b6
72b7
0ab7
1ab8
32b8
42b9
5ab9
6aba
82ba
12bb
2abb
3abc
52bc
62bd
7abd
0abe
22be
32bf
4aaf
5ab0
72b0
02b1
1ab1
2ab2
42b2
52b3
6ab3
7ab4
12b4
22b5
3ab5
4ab6
62b6
72b7
0ab7
1ab8
32b8
42b9
5ab9
6aba
82ba
12bb
2abb
3abc
52bc
62bd
7abd
0abe
22be
32bf
4aaf
5ab0
72b0
02b1
1ab1
2ab2
42b2
52b3
6ab3
7ab4
12b4
22b5
3ab5
4ab6
62b6
72b7
0ab7
1ab8
32b8
42b9
5ab9
6aba
82ba
12bb
2abb
3abc
52bc
62bd
7abd
0abe
22be
32bf
4aaf
5ab0
72b0
02b1
1ab1
2ab2
42b2
52b3
6ab3
7ab4
12b4
22b5
3ab5
4ab6
62b6
72b7
0ab7
1ab8
32b8
42b9
5ab9
6aba
82ba
12bb
2abb
3abc
52bc
62bd
7abd
0abe
22be
32bf
4aaf
5ab0
72b0
02d1
1ad2
2ad2
42d3
52d3
6ad4
7ad4
12d5
22d5
3ad6
4ad6
62d7
72d7
0ad8
1ad8
32d9
42d9
5ada
6ada
82db
12db
2adc
3adc
52dd
62dd
7ade
0ade
22df
32cf
4ad0
5ad0
72d1
02d1
1ad2
2ad2
42d3
52d3
6ad4
7ad4
12d5
22d5
3ad6
4ad6
62d7
72d7
0ad8
1ad8
32d9
42d9
5ada
6ada
82db
12db
2adc
3adc
52dd
62dd
7ade
0ade
22df
32cf
4ad0
5ad0
72d1
02d1
1ad2
2ad2
42d3
52d3
6ad4
7ad4
12d5
22d5
3ad6
4ad6
62d7
72d7
0ad8
1ad8
32d9
42d9
5ada
6ada
82db
12db
2adc
3adc
52dd
62dd
7ade
0ade
22df
32cf
4ad0
5ad0
72d1
02d1
1ad2
2ad2
42d3
52d3
6ad4
7ad4
12d5
22d5
3ad6
4ad6
62d7
72d7
0ad8
1ad8
32d9
42d9
5ada
6ada
82db
12db
2adc
3adc
52dd
62dd
7ade
0ade
22df
32cf
4ad0
5ad0
72d1
02d1
1ad2
2ad2
42d3
52d3
6ad4
7ad4
12d5
22d5
3ad6
4ad6
62d7
72d7
0ad8
1ad8
32d9
42d9
5ada
6ada
82db
12db
2adc
3adc
52dd
62dd
7ade
0ade
22df
32cf
4ad0
5ad0
72d1
02d1
1ad2
2ad2
42d3
52d3
6ad4
7ad4
12d5
22d5
3ad6
4ad6
62d7
72d7
0ad8
1ad8
32d9
42d9
5ada
6ada
82db
12db
2adc
3adc
52dd
62dd
7ade
0ade
22df
32cf
4ad0
5ad0
72d1
02d1
1ad2
2ad2
42d3
52d3
6ad4
7ad4
12d5
22d5
3ad6
4ad6
62d7
72d7
0ad8
1ad8
32d9
42d9
5ada
6ada
82db
12db
2adc
3adc
52dd
62dd
7ade
0ade
22df
32cf
4ad0
5ad0
72d1
02d1
1ad2
2ad2
42d3
52d3
6ad4
7ad4
12d5
22d5
3ad6
4ad6
62d7
72d7
0ad8
1ad8
32d9
42d9
5ada
6ada
82db
12db
2adc
3adc
52dd
62dd
7ade
0ade
22df
32cf
4ad0
5ad0
72d1
02d1
1ad2
2ad2
42d3
52d3
6ad4
7ad4
12d5
22d5
3ad6
4ad6
62d7
72d7
0ad8
1ad8
32d9
42d9
5ada
6ada
82db
12db
2adc
3adc
52dd
62dd
7ade
0ade
22df
32cf
4ad0
5ad0
72d1
0312
1b12
2b13
4313
5314
6b14
7b15
1315
2316
3b16
4b17
6317
7318
0b18
1b19
3319
431a
5b1a
6b1b
831b
131c
2b1c
3b1d
531d
631e
7b1e
0b1f
230f
3310
4b10
5b11
7311
0312
1b12
2b13
4313
5314
6b14
7b15
1315
2316
3b16
4b17
6317
7318
0b18
1b19
3319
431a
5b1a
6b1b
831b
131c
2b1c
3b1d
531d
631e
7b1e
0b1f
230f
3310
4b10
5b11
7311
0312
1b12
2b13
4313
5314
6b14
7b15
1315
2316
3b16
4b17
6317
7318
0b18
1b19
3319
431a
5b1a
6b1b
831b
131c
2b1c
3b1d
531d
631e
7b1e
0b1f
230f
3310
4b10
5b11
7311
0312
1b12
2b13
4313
5314
6b14
7b15
1315
2316
3b16
4b17
6317
7318
0b18
1b19
3319
431a
5b1a
6b1b
831b
131c
2b1c
3b1d
531d
631e
7b1e
0b1f
230f
3310
4b10
5b11
7311
0312
1b12
2b13
4313
5314
6b14
7b15
1315
2316
3b16
4b17
6317
7318
0b18
1b19
3319
431a
5b1a
6b1b
831b
131c
2b1c
3b1d
531d
631e
7b1e
0b1f
230f
3310
4b10
5b11
7311
0312
1b12
2b13
4313
5314
6b14
7b15
1315
2316
3b16
4b17
6317
7318
0b18
1b19
3319
431a
5b1a
6b1b
831b
131c
2b1c
3b1d
531d
631e
7b1e
0b1f
230f
3310
4b10
5b11
7311
0312
1b12
2b13
4313
5314
6b14
7b15
1315
2316
3b16
4b17
6317
7318
0b18
1b19
3319
431a
5b1a
6b1b
831b
131c
2b1c
3b1d
531d
631e
7b1e
0b1f
230f
3310
4b10
5b11
7311
0312
1b12
2b13
4313
5314
6b14
7b15
1315
2316
3b16
4b17
6317
7318
0b18
1b19
3319
431a
5b1a
6b1b
831b
131c
2b1c
3b1d
531d
631e
7b1e
0b1f
230f
3310
4b10
5b11
7311
0312
1b12
2b13
4313
5314
6b14
7b15
1315
2316
3b16
4b17
6317
7318
0b18
1b19
3319
431a
5b1a
6b1b
831b
131c
2b1c
3b1d
531d
631e
7b1e
0b1f
230f
3310
4b10
5b11
7311
0332
1b33
2b33
4334
5334
6b35
7b35
1336
2336
3b37
4b37
6338
7338
0b39
1b39
333a
433a
5b3b
6b3b
833c
133c
2b3d
3b3d
533e
633e
7b3f
0b2f
2330
3330
4b31
5b31
7332
0332
1b33
2b33
4334
5334
6b35
7b35
1336
2336
3b37
4b37
6338
7338
0b39
1b39
333a
433a
5b3b
6b3b
833c
133c
2b3d
3b3d
533e
633e
7b3f
0b2f
2330
3330
4b31
5b31
7332
0332
1b33
2b33
4334
5334
6b35
7b35
1336
2336
3b37
4b37
6338
7338
0b39
1b39
333a
433a
5b3b
6b3b
833c
133c
2b3d
3b3d
533e
633e
7b3f
0b2f
2330
3330
4b31
5b31
7332
0332
1b33
2b33
4334
5334
6b35
7b35
1336
2336
3b37
4b37
6338
7338
0b39
1b39
333a
433a
5b3b
6b3b
833c
133c
2b3d
3b3d
533e
633e
7b3f
0b2f
2330
3330
4b31
5b31
7332
0332
1b33
2b33
4334
5334
6b35
7b35
1336
2336
3b37
4b37
6338
7338
0b39
1b39
333a
433a
5b3b
6b3b
833c
133c
2b3d
3b3d
533e
633e
7b3f
0b2f
2330
3330
4b31
5b31
7332
0332
1b33
2b33
4334
5334
6b35
7b35
1336
2336
3b37
4b37
6338
7338
0b39
1b39
333a
433a
5b3b
6b3b
833c
133c
2b3d
3b3d
533e
633e
7b3f
0b2f
2330
3330
4b31
5b31
7332
0332
1b33
2b33
4334
5334
6b35
7b35
1336
2336
3b37
4b37
6338
7338
0b39
1b39
333a
433a
5b3b
6b3b
833c
133c
2b3d
3b3d
533e
633e
7b3f
0b2f
2330
3330
4b31
5b31
7332
0332
1b33
2b33
4334
5334
6b35
7b35
1336
2336
3b37
4b37
6338
7338
0b39
1b39
333a
433a
5b3b
6b3b
833c
133c
2b3d
3b3d
533e
633e
7b3f
0b2f
2330
3330
4b31
5b31
7332
0332
1b33
2b33
4334
5334
6b35
7b35
1336
2336
3b37
4b37
6338
7338
0b39
1b39
333a
433a
5b3b
6b3b
833c
133c
2b3d
3b3d
533e
633e
7b3f
0b2f
2330
3330
4b31
5b31
7332
0373
1b73
2b74
4374
5375
6b75
7b76
1376
2377
3b77
4b78
6378
7379
0b79
1b7a
337a
437b
5b7b
6b7c
837c
137d
2b7d
3b7e
537e
637f
7b6f
0b70
2370
3371
4b71
5b72
7372
0373
1b73
2b74
4374
5375
6b75
7b76
1376
2377
3b77
4b78
6378
7379
0b79
1b7a
337a
437b
5b7b
6b7c
837c
137d
2b7d
3b7e
537e
637f
7b6f
0b70
2370
3371
4b71
5b72
7372
0373
1b73
2b74
4374
5375
6b75
7b76
1376
2377
3b77
4b78
6378
7379
0b79
1b7a
337a
437b
5b7b
6b7c
837c
137d
2b7d
3b7e
537e
637f
7b6f
0b70
2370
3371
4b71
5b72
7372
0373
1b73
2b74
4374
5375
6b75
7b76
1376
2377
3b77
4b78
6378
7379
0b79
1b7a
337a
437b
5b7b
6b7c
837c
137d
2b7d
3b7e
537e
637f
7b6f
0b70
2370
3371
4b71
5b72
7372
0373
1b73
2b74
4374
5375
6b75
7b76
1376
2377
3b77
4b78
6378
7379
0b79
1b7a
337a
437b
5b7b
6b7c
837c
137d
2b7d
3b7e
537e
637f
7b6f
0b70
2370
3371
4b71
5b72
7372
0373
1b73
2b74
4374
5375
6b75
7b76
1376
2377
3b77
4b78
6378
7379
0b79
1b7a
337a
437b
5b7b
6b7c
837c
137d
2b7d
3b7e
537e
637f
7b6f
0b70
2370
3371
4b71
5b72
7372
0373
1b73
2b74
4374
5375
6b75
7b76
1376
2377
3b77
4b78
6378
7379
0b79
1b7a
337a
437b
5b7b
6b7c
837c
137d
2b7d
3b7e
537e
637f
7b6f
0b70
2370
3371
4b71
5b72
7372
0373
1b73
2b74
4374
5375
6b75
7b76
1376
2377
3b77
4b78
6378
7379
0b79
1b7a
337a
437b
5b7b
6b7c
837c
137d
2b7d
3b7e
537e
637f
7b6f
0b70
2370
3371
4b71
5b72
7372
0373
1b73
2b74
4374
5375
6b75
7b76
1376
2377
3b77
4b78
6378
7379
0b79
1b7a
337a
437b
5b7b
6b7c
837c
137d
2b7d
3b7e
537e
637f
7b6f
0b70
2370
3371
4b71
5b72
7372
0393
1b94
2b94
4395
5395
6b96
7b96
1397
2397
3b98
4b98
6399
7399
0b9a
1b9a
339b
439b
5b9c
6b9c
839d
139d
2b9e
3b9e
539f
638f
7b90
0b90
2391
3391
4b92
5b92
7393
0393
1b94
2b94
4395
5395
6b96
7b96
1397
2397
3b98
4b98
6399
7399
0b9a
1b9a
339b
439b
5b9c
6b9c
839d
139d
2b9e
3b9e
539f
638f
7b90
0b90
2391
3391
4b92
5b92
7393
0393
1b94
2b94
4395
5395
6b96
7b96
1397
2397
3b98
4b98
6399
7399
0b9a
1b9a
339b
439b
5b9c
6b9c
839d
139d
2b9e
3b9e
539f
638f
7b90
0b90
2391
3391
4b92
5b92
7393
0393
1b94
2b94
4395
5395
6b96
7b96
1397
2397
3b98
4b98
6399
7399
0b9a
1b9a
339b
439b
5b9c
6b9c
839d
139d
2b9e
3b9e
539f
638f
7b90
0b90
2391
3391
4b92
5b92
7393
0393
1b94
2b94
4395
5395
6b96
7b96
1397
2397
3b98
4b98
6399
7399
0b9a
1b9a
339b
439b
5b9c
6b9c
839d
139d
2b9e
3b9e
539f
638f
7b90
0b90
2391
3391
4b92
5b92
7393
0393
1b94
2b94
4395
5395
6b96
7b96
1397
2397
3b98
4b98
6399
7399
0b9a
1b9a
339b
439b
5b9c
6b9c
839d
139d
2b9e
3b9e
539f
638f
7b90
0b90
2391
3391
4b92
5b92
7393
0393
1b94
2b94
4395
5395
6b96
7b96
1397
2397
3b98
4b98
6399
7399
0b9a
1b9a
339b
439b
5b9c
6b9c
839d
139d
2b9e
3b9e
539f
638f
7b90
0b90
2391
3391
4b92
5b92
7393
0393
1b94
2b94
4395
5395
6b96
7b96
1397
2397
3b98
4b98
6399
7399
0b9a
1b9a
339b
439b
5b9c
6b9c
839d
139d
2b9e
3b9e
539f
638f
7b90
0b90
2391
3391
4b92
5b92
7393
0393
1b94
2b94
4395
5395
6b96
7b96
1397
2397
3b98
4b98
6399
7399
0b9a
1b9a
339b
439b
5b9c
6b9c
839d
139d
2b9e
3b9e
539f
638f
7b90
0b90
2391
3391
4b92
5b92
7393
03d4
1bd4
2bd5
43d5
53d6
6bd6
7bd7
13d7
23d8
3bd8
4bd9
63d9
73da
0bda
1bdb
33db
43dc
5bdc
6bdd
83dd
13de
2bde
3bdf
53cf
63d0
7bd0
0bd1
23d1
33d2
4bd2
5bd3
73d3
03d4
1bd4
2bd5
43d5
53d6
6bd6
7bd7
13d7
23d8
3bd8
4bd9
63d9
73da
0bda
1bdb
33db
43dc
5bdc
6bdd
83dd
13de
2bde
3bdf
53cf
63d0
7bd0
0bd1
23d1
33d2
4bd2
5bd3
73d3
03d4
1bd4
2bd5
43d5
53d6
6bd6
7bd7
13d7
23d8
3bd8
4bd9
63d9
73da
0bda
1bdb
33db
43dc
5bdc
6bdd
83dd
13de
2bde
3bdf
53cf
63d0
7bd0
0bd1
23d1
33d2
4bd2
5bd3
73d3
03d4
1bd4
2bd5
43d5
53d6
6bd6
7bd7
13d7
23d8
3bd8
4bd9
63d9
73da
0bda
1bdb
33db
43dc
5bdc
6bdd
83dd
13de
2bde
3bdf
53cf
63d0
7bd0
0bd1
23d1
33d2
4bd2
5bd3
73d3
03d4
1bd4
2bd5
43d5
53d6
6bd6
7bd7
13d7
23d8
3bd8
4bd9
63d9
73da
0bda
1bdb
33db
43dc
5bdc
6bdd
83dd
13de
2bde
3bdf
53cf
63d0
7bd0
0bd1
23d1
33d2
4bd2
5bd3
73d3
03d4
1bd4
2bd5
43d5
53d6
6bd6
7bd7
13d7
23d8
3bd8
4bd9
63d9
73da
0bda
1bdb
33db
43dc
5bdc
6bdd
83dd
13de
2bde
3bdf
53cf
63d0
7bd0
0bd1
23d1
33d2
4bd2
5bd3
73d3
03d4
1bd4
2bd5
43d5
53d6
6bd6
7bd7
13d7
23d8
3bd8
4bd9
63d9
73da
0bda
1bdb
33db
43dc
5bdc
6bdd
83dd
13de
2bde
3bdf
53cf
63d0
7bd0
0bd1
23d1
33d2
4bd2
5bd3
73d3
03d4
1bd4
2bd5
43d5
53d6
6bd6
7bd7
13d7
23d8
3bd8
4bd9
63d9
73da
0bda
1bdb
33db
43dc
5bdc
6bdd
83dd
13de
2bde
3bdf
53cf
63d0
7bd0
0bd1
23d1
33d2
4bd2
5bd3
73d3
03d4
1bd4
2bd5
43d5
53d6
6bd6
7bd7
13d7
23d8
3bd8
4bd9
63d9
73da
0bda
1bdb
33db
43dc
5bdc
6bdd
83dd
13de
2bde
3bdf
53cf
63d0
7bd0
0bd1
23d1
33d2
4bd2
5bd3
73d3
03f4
1bf5
2bf5
43f6
53f6
6bf7
7bf7
13f8
23f8
3bf9
4bf9
63fa
73fa
0bfb
1bfb
33fc
43fc
5bfd
6bfd
83fe
13fe
2bff
3bef
53f0
63f0
7bf1
0bf1
23f2
33f2
4bf3
5bf3
73f4
03f4
1bf5
2bf5
43f6
53f6
6bf7
7bf7
13f8
23f8
3bf9
4bf9
63fa
73fa
0bfb
1bfb
33fc
43fc
5bfd
6bfd
83fe
13fe
2bff
3bef
53f0
63f0
7bf1
0bf1
23f2
33f2
4bf3
5bf3
73f4
03f4
1bf5
2bf5
43f6
53f6
6bf7
7bf7
13f8
23f8
3bf9
4bf9
63fa
73fa
0bfb
1bfb
33fc
43fc
5bfd
6bfd
83fe
13fe
2bff
3bef
53f0
63f0
7bf1
0bf1
23f2
33f2
4bf3
5bf3
73f4
03f4
1bf5
2bf5
43f6
53f6
6bf7
7bf7
13f8
23f8
3bf9
4bf9
63fa
73fa
0bfb
1bfb
33fc
43fc
5bfd
6bfd
83fe
13fe
2bff
3bef
53f0
63f0
7bf1
0bf1
23f2
33f2
4bf3
5bf3
73f4
03f4
1bf5
2bf5
43f6
53f6
6bf7
7bf7
13f8
23f8
3bf9
4bf9
63fa
73fa
0bfb
1bfb
33fc
43fc
5bfd
6bfd
83fe
13fe
2bff
3bef
53f0
63f0
7bf1
0bf1
23f2
33f2
4bf3
5bf3
73f4
03f4
1bf5
2bf5
43f6
53f6
6bf7
7bf7
13f8
23f8
3bf9
4bf9
63fa
73fa
0bfb
1bfb
33fc
43fc
5bfd
6bfd
83fe
13fe
2bff
3bef
53f0
63f0
7bf1
0bf1
23f2
33f2
4bf3
5bf3
73f4
03f4
1bf5
2bf5
43f6
53f6
6bf7
7bf7
13f8
23f8
3bf9
4bf9
63fa
73fa
0bfb
1bfb
33fc
43fc
5bfd
6bfd
83fe
13fe
2bff
3bef
53f0
63f0
7bf1
0bf1
23f2
33f2
4bf3
5bf3
73f4
03f4
1bf5
2bf5
43f6
53f6
6bf7
7bf7
13f8
23f8
3bf9
4bf9
63fa
73fa
0bfb
1bfb
33fc
43fc
5bfd
6bfd
83fe
13fe
2bff
3bef
53f0
63f0
7bf1
0bf1
23f2
33f2
4bf3
5bf3
73f4
03f4
1bf5
2bf5
43f6
53f6
6bf7
7bf7
13f8
23f8
3bf9
4bf9
63fa
73fa
0bfb
1bfb
33fc
43fc
5bfd
6bfd
83fe
13fe
2bff
3bef
53f0
63f0
7bf1
0bf1
23f2
33f2
4bf3
5bf3
73f4
0035
1835
2836
4036
5037
6837
7838
1038
2039
3839
483a
603a
703b
083b
183c
303c
403d
583d
683e
803e
103f
282f
3830
5030
6031
7831
0832
2032
3033
4833
5834
7034
0035
1835
2836
4036
5037
6837
7838
1038
2039
3839
483a
603a
703b
083b
183c
303c
403d
583d
683e
803e
103f
282f
3830
5030
6031
7831
0832
2032
3033
4833
5834
7034
0035
1835
2836
4036
5037
6837
7838
1038
2039
3839
483a
603a
703b
083b
183c
303c
403d
583d
683e
803e
103f
282f
3830
5030
6031
7831
0832
2032
3033
4833
5834
7034
0035
1835
2836
4036
5037
6837
7838
1038
2039
3839
483a
603a
703b
083b
183c
303c
403d
583d
683e
803e
103f
282f
3830
5030
6031
7831
0832
2032
3033
4833
5834
7034
0035
1835
2836
4036
5037
6837
7838
1038
2039
3839
483a
603a
703b
083b
183c
303c
403d
583d
683e
803e
103f
282f
3830
5030
6031
7831
0832
2032
3033
4833
5834
7034
0035
1835
2836
4036
5037
6837
7838
1038
2039
3839
483a
603a
703b
083b
183c
303c
403d
583d
683e
803e
103f
282f
3830
5030
6031
7831
0832
2032
3033
4833
5834
7034
0035
1835
2836
4036
5037
6837
7838
1038
2039
3839
483a
603a
703b
083b
183c
303c
403d
583d
683e
803e
103f
282f
3830
5030
6031
7831
0832
2032
3033
4833
5834
7034
0035
1835
2836
4036
5037
6837
7838
1038
2039
3839
483a
603a
703b
083b
183c
303c
403d
583d
683e
803e
103f
282f
3830
5030
6031
7831
0832
2032
3033
4833
5834
7034
0035
1835
2836
4036
5037
6837
7838
1038
2039
3839
483a
603a
703b
083b
183c
303c
403d
583d
683e
803e
103f
282f
3830
5030
6031
7831
0832
2032
3033
4833
5834
7034
0055
1856
2856
4057
5057
6858
7858
1059
2059
385a
485a
605b
705b
085c
185c
305d
405d
585e
685e
805f
104f
2850
3850
5051
6051
7852
0852
2053
3053
4854
5854
7055
0055
1856
2856
4057
5057
6858
7858
1059
2059
385a
485a
605b
705b
085c
185c
305d
405d
585e
685e
805f
104f
2850
3850
5051
6051
7852
0852
2053
3053
4854
5854
7055
0055
1856
2856
4057
5057
6858
7858
1059
2059
385a
485a
605b
705b
085c
185c
305d
405d
585e
685e
805f
104f
2850
3850
5051
6051
7852
0852
2053
3053
4854
5854
7055
0055
1856
2856
4057
5057
6858
7858
1059
2059
385a
485a
605b
705b
085c
185c
305d
405d
585e
685e
805f
104f
2850
3850
5051
6051
7852
0852
2053
3053
4854
5854
7055
0055
1856
2856
4057
5057
6858
7858
1059
2059
385a
485a
605b
705b
085c
185c
305d
405d
585e
685e
805f
104f
2850
3850
5051
6051
7852
0852
2053
3053
4854
5854
7055
0055
1856
2856
4057
5057
6858
7858
1059
2059
385a
485a
605b
705b
085c
185c
305d
405d
585e
685e
805f
104f
2850
3850
5051
6051
7852
0852
2053
3053
4854
5854
7055
0055
1856
2856
4057
5057
6858
7858
1059
2059
385a
485a
605b
705b
085c
185c
305d
405d
585e
685e
805f
104f
2850
3850
5051
6051
7852
0852
2053
3053
4854
5854
7055
0055
1856
2856
4057
5057
6858
7858
1059
2059
385a
485a
605b
705b
085c
185c
305d
405d
585e
685e
805f
104f
2850
3850
5051
6051
7852
0852
2053
3053
4854
5854
7055
0055
1856
2856
4057
5057
6858
7858
1059
2059
385a
485a
605b
705b
085c
185c
305d
405d
585e
685e
805f
104f
2850
3850
5051
6051
7852
0852
2053
3053
4854
5854
7055
0096
1896
2897
4097
5098
6898
7899
1099
209a
389a
489b
609b
709c
089c
189d
309d
409e
589e
689f
808f
1090
2890
3891
5091
6092
7892
0893
2093
3094
4894
5895
7095
0096
1896
2897
4097
5098
6898
7899
1099
209a
389a
489b
609b
709c
089c
189d
309d
409e
589e
689f
808f
1090
2890
3891
5091
6092
7892
0893
2093
3094
4894
5895
7095
0096
1896
2897
4097
5098
6898
7899
1099
209a
389a
489b
609b
709c
089c
189d
309d
409e
589e
689f
808f
1090
2890
3891
5091
6092
7892
0893
2093
3094
4894
5895
7095
0096
1896
2897
4097
5098
6898
7899
1099
209a
389a
489b
609b
709c
089c
189d
309d
409e
589e
689f
808f
1090
2890
3891
5091
6092
7892
0893
2093
3094
4894
5895
7095
0096
1896
2897
4097
5098
6898
7899
1099
209a
389a
489b
609b
709c
089c
189d
309d
409e
589e
689f
808f
1090
2890
3891
5091
6092
7892
0893
2093
3094
4894
5895
7095
0096
1896
2897
4097
5098
6898
7899
1099
209a
389a
489b
609b
709c
089c
189d
309d
409e
589e
689f
808f
1090
2890
3891
5091
6092
7892
0893
2093
3094
4894
5895
7095
0096
1896
2897
4097
5098
6898
7899
1099
209a
389a
489b
609b
709c
089c
189d
309d
409e
589e
689f
808f
1090
2890
3891
5091
6092
7892
0893
2093
3094
4894
5895
7095
0096
1896
2897
4097
5098
6898
7899
1099
209a
389a
489b
609b
709c
089c
189d
309d
409e
589e
689f
808f
1090
2890
3891
5091
6092
7892
0893
2093
3094
4894
5895
7095
0096
1896
2897
4097
5098
6898
7899
1099
209a
389a
489b
609b
709c
089c
189d
309d
409e
589e
689f
808f
1090
2890
3891
5091
6092
7892
0893
2093
3094
4894
5895
7095
00b6
18b7
28b7
40b8
50b8
68b9
78b9
10ba
20ba
38bb
48bb
60bc
70bc
08bd
18bd
30be
40be
58bf
68af
80b0
10b0
28b1
38b1
50b2
60b2
78b3
08b3
20b4
30b4
48b5
58b5
70b6
00b6
18b7
28b7
40b8
50b8
68b9
78b9
10ba
20ba
38bb
48bb
60bc
70bc
08bd
18bd
30be
40be
58bf
68af
80b0
10b0
28b1
38b1
50b2
60b2
78b3
08b3
20b4
30b4
48b5
58b5
70b6
00b6
18b7
28b7
40b8
50b8
68b9
78b9
10ba
20ba
38bb
48bb
60bc
70bc
08bd
18bd
30be
40be
58bf
68af
80b0
10b0
28b1
38b1
50b2
60b2
78b3
08b3
20b4
30b4
48b5
58b5
70b6
00b6
18b7
28b7
40b8
50b8
68b9
78b9
10ba
20ba
38bb
48bb
60bc
70bc
08bd
18bd
30be
40be
58bf
68af
80b0
10b0
28b1
38b1
50b2
60b2
78b3
08b3
20b4
30b4
48b5
58b5
70b6
00b6
18b7
28b7
40b8
50b8
68b9
78b9
10ba
20ba
38bb
48bb
60bc
70bc
08bd
18bd
30be
40be
58bf
68af
80b0
10b0
28b1
38b1
50b2
60b2
78b3
08b3
20b4
30b4
48b5
58b5
70b6
00b6
18b7
28b7
40b8
50b8
68b9
78b9
10ba
20ba
38bb
48bb
60bc
70bc
08bd
18bd
30be
40be
58bf
68af
80b0
10b0
28b1
38b1
50b2
60b2
78b3
08b3
20b4
30b4
48b5
58b5
70b6
00b6
18b7
28b7
40b8
50b8
68b9
78b9
10ba
20ba
38bb
48bb
60bc
70bc
08bd
18bd
30be
40be
58bf
68af
80b0
10b0
28b1
38b1
50b2
60b2
78b3
08b3
20b4
30b4
48b5
58b5
70b6
00b6
18b7
28b7
40b8
50b8
68b9
78b9
10ba
20ba
38bb
48bb
60bc
70bc
08bd
18bd
30be
40be
58bf
68af
80b0
10b0
28b1
38b1
50b2
60b2
78b3
08b3
20b4
30b4
48b5
58b5
70b6
00b6
18b7
28b7
40b8
50b8
68b9
78b9
10ba
20ba
38bb
48bb
60bc
70bc
08bd
18bd
30be
40be
58bf
68af
80b0
10b0
28b1
38b1
50b2
60b2
78b3
08b3
20b4
30b4
48b5
58b5
70b6
00f7
18f7
28f8
40f8
50f9
68f9
78fa
10fa
20fb
38fb
48fc
60fc
70fd
08fd
18fe
30fe
40ff
58ef
68f0
80f0
10f1
28f1
38f2
50f2
60f3
78f3
08f4
20f4
30f5
48f5
58f6
70f6
00f7
18f7
28f8
40f8
50f9
68f9
78fa
10fa
20fb
38fb
48fc
60fc
70fd
08fd
18fe
30fe
40ff
58ef
68f0
80f0
10f1
28f1
38f2
50f2
60f3
78f3
08f4
20f4
30f5
48f5
58f6
70f6
00f7
18f7
28f8
40f8
50f9
68f9
78fa
10fa
20fb
38fb
48fc
60fc
70fd
08fd
18fe
30fe
40ff
58ef
68f0
80f0
10f1
28f1
38f2
50f2
60f3
78f3
08f4
20f4
30f5
48f5
58f6
70f6
00f7
18f7
28f8
40f8
50f9
68f9
78fa
10fa
20fb
38fb
48fc
60fc
70fd
08fd
18fe
30fe
40ff
58ef
68f0
80f0
10f1
28f1
38f2
50f2
60f3
78f3
08f4
20f4
30f5
48f5
58f6
70f6
00f7
18f7
28f8
40f8
50f9
68f9
78fa
10fa
20fb
38fb
48fc
60fc
70fd
08fd
18fe
30fe
40ff
58ef
68f0
80f0
10f1
28f1
38f2
50f2
60f3
78f3
08f4
20f4
30f5
48f5
58f6
70f6
00f7
18f7
28f8
40f8
50f9
68f9
78fa
10fa
20fb
38fb
48fc
60fc
70fd
08fd
18fe
30fe
40ff
58ef
68f0
80f0
10f1
28f1
38f2
50f2
60f3
78f3
08f4
20f4
30f5
48f5
58f6
70f6
00f7
18f7
28f8
40f8
50f9
68f9
78fa
10fa
20fb
38fb
48fc
60fc
70fd
08fd
18fe
30fe
40ff
58ef
68f0
80f0
10f1
28f1
38f2
50f2
60f3
78f3
08f4
20f4
30f5
48f5
58f6
70f6
00f7
18f7
28f8
40f8
50f9
68f9
78fa
10fa
20fb
38fb
48fc
60fc
70fd
08fd
18fe
30fe
40ff
58ef
68f0
80f0
10f1
28f1
38f2
50f2
60f3
78f3
08f4
20f4
30f5
48f5
58f6
70f6
00f7
18f7
28f8
40f8
50f9
68f9
78fa
10fa
20fb
38fb
48fc
60fc
70fd
08fd
18fe
30fe
40ff
58ef
68f0
80f0
10f1
28f1
38f2
50f2
60f3
78f3
08f4
20f4
30f5
48f5
58f6
70f6
0117
1918
2918
4119
5119
691a
791a
111b
211b
391c
491c
611d
711d
091e
191e
311f
410f
5910
6910
8111
1111
2912
3912
5113
6113
7914
0914
2115
3115
4916
5916
7117
0117
1918
2918
4119
5119
691a
791a
111b
211b
391c
491c
611d
711d
091e
191e
311f
410f
5910
6910
8111
1111
2912
3912
5113
6113
7914
0914
2115
3115
4916
5916
7117
0117
1918
2918
4119
5119
691a
791a
111b
211b
391c
491c
611d
711d
091e
191e
311f
410f
5910
6910
8111
1111
2912
3912
5113
6113
7914
0914
2115
3115
4916
5916
7117
0117
1918
2918
4119
5119
691a
791a
111b
211b
391c
491c
611d
711d
091e
191e
311f
410f
5910
6910
8111
1111
2912
3912
5113
6113
7914
0914
2115
3115
4916
5916
7117
0117
1918
2918
4119
5119
691a
791a
111b
211b
391c
491c
611d
711d
091e
191e
311f
410f
5910
6910
8111
1111
2912
3912
5113
6113
7914
0914
2115
3115
4916
5916
7117
0117
1918
2918
4119
5119
691a
791a
111b
211b
391c
491c
611d
711d
091e
191e
311f
410f
5910
6910
8111
1111
2912
3912
5113
6113
7914
0914
2115
3115
4916
5916
7117
0117
1918
2918
4119
5119
691a
791a
111b
211b
391c
491c
611d
711d
091e
191e
311f
410f
5910
6910
8111
1111
2912
3912
5113
6113
7914
0914
2115
3115
4916
5916
7117
0117
1918
2918
4119
5119
691a
791a
111b
211b
391c
491c
611d
711d
091e
191e
311f
410f
5910
6910
8111
1111
2912
3912
5113
6113
7914
0914
2115
3115
4916
5916
7117
0117
1918
2918
4119
5119
691a
791a
111b
211b
391c
491c
611d
711d
091e
191e
311f
410f
5910
6910
8111
1111
2912
3912
5113
6113
7914
0914
2115
3115
4916
5916
7117
0158
1958
2959
4159
515a
695a
795b
115b
215c
395c
495d
615d
715e
095e
195f
314f
4150
5950
6951
8151
1152
2952
3953
5153
6154
7954
0955
2155
3156
4956
5957
7157
0158
1958
2959
4159
515a
695a
795b
115b
215c
395c
495d
615d
715e
095e
195f
314f
4150
5950
6951
8151
1152
2952
3953
5153
6154
7954
0955
2155
3156
4956
5957
7157
0158
1958
2959
4159
515a
695a
795b
115b
215c
395c
495d
615d
715e
095e
195f
314f
4150
5950
6951
8151
1152
2952
3953
5153
6154
7954
0955
2155
3156
4956
5957
7157
0158
1958
2959
4159
515a
695a
795b
115b
215c
395c
495d
615d
715e
095e
195f
314f
4150
5950
6951
8151
1152
2952
3953
5153
6154
7954
0955
2155
3156
4956
5957
7157
0158
1958
2959
4159
515a
695a
795b
115b
215c
395c
495d
615d
715e
095e
195f
314f
4150
5950
6951
8151
1152
2952
3953
5153
6154
7954
0955
2155
3156
4956
5957
7157
0158
1958
2959
4159
515a
695a
795b
115b
215c
395c
495d
615d
715e
095e
195f
314f
4150
5950
6951
8151
1152
2952
3953
5153
6154
7954
0955
2155
3156
4956
5957
7157
0158
1958
2959
4159
515a
695a
795b
115b
215c
395c
495d
615d
715e
095e
195f
314f
4150
5950
6951
8151
1152
2952
3953
5153
6154
7954
0955
2155
3156
4956
5957
7157
0158
1958
2959
4159
515a
695a
795b
115b
215c
395c
495d
615d
715e
095e
195f
314f
4150
5950
6951
8151
1152
2952
3953
5153
6154
7954
0955
2155
3156
4956
5957
7157
0158
1958
2959
4159
515a
695a
795b
115b
215c
395c
495d
615d
715e
095e
195f
314f
4150
5950
6951
8151
1152
2952
3953
5153
6154
7954
0955
2155
3156
4956
5957
7157
0178
1979
2979
417a
517a
697b
797b
117c
217c
397d
497d
617e
717e
097f
196f
3170
4170
5971
6971
8172
1172
2973
3973
5174
6174
7975
0975
2176
3176
4977
5977
7178
0178
1979
2979
417a
517a
697b
797b
117c
217c
397d
497d
617e
717e
097f
196f
3170
4170
5971
6971
8172
1172
2973
3973
5174
6174
7975
0975
2176
3176
4977
5977
7178
0178
1979
2979
417a
517a
697b
797b
117c
217c
397d
497d
617e
717e
097f
196f
3170
4170
5971
6971
8172
1172
2973
3973
5174
6174
7975
0975
2176
3176
4977
5977
7178
0178
1979
2979
417a
517a
697b
797b
117c
217c
397d
497d
617e
717e
097f
196f
3170
4170
5971
6971
8172
1172
2973
3973
5174
6174
7975
0975
2176
3176
4977
5977
7178
0178
1979
2979
417a
517a
697b
797b
117c
217c
397d
497d
617e
717e
097f
196f
3170
4170
5971
6971
8172
1172
2973
3973
5174
6174
7975
0975
2176
3176
4977
5977
7178
0178
1979
2979
417a
517a
697b
797b
117c
217c
397d
497d
617e
717e
097f
196f
3170
4170
5971
6971
8172
1172
2973
3973
5174
6174
7975
0975
2176
3176
4977
5977
7178
0178
1979
2979
417a
517a
697b
797b
117c
217c
397d
497d
617e
717e
097f
196f
3170
4170
5971
6971
8172
1172
2973
3973
5174
6174
7975
0975
2176
3176
4977
5977
7178
0178
1979
2979
417a
517a
697b
797b
117c
217c
397d
497d
617e
717e
097f
196f
3170
4170
5971
6971
8172
1172
2973
3973
5174
6174
7975
0975
2176
3176
4977
5977
7178
0178
1979
2979
417a
517a
697b
797b
117c
217c
397d
497d
617e
717e
097f
196f
3170
4170
5971
6971
8172
1172
2973
3973
5174
6174
7975
0975
2176
3176
4977
5977
7178
01b9
19b9
29ba
41ba
51bb
69bb
79bc
11bc
21bd
39bd
49be
61be
71bf
09af
19b0
31b0
41b1
59b1
69b2
81b2
11b3
29b3
39b4
51b4
61b5
79b5
09b6
21b6
31b7
49b7
59b8
71b8
01b9
19b9
29ba
41ba
51bb
69bb
79bc
11bc
21bd
39bd
49be
61be
71bf
09af
19b0
31b0
41b1
59b1
69b2
81b2
11b3
29b3
39b4
51b4
61b5
79b5
09b6
21b6
31b7
49b7
59b8
71b8
01b9
19b9
29ba
41ba
51bb
69bb
79bc
11bc
21bd
39bd
49be
61be
71bf
09af
19b0
31b0
41b1
59b1
69b2
81b2
11b3
29b3
39b4
51b4
61b5
79b5
09b6
21b6
31b7
49b7
59b8
71b8
01b9
19b9
29ba
41ba
51bb
69bb
79bc
11bc
21bd
39bd
49be
61be
71bf
09af
19b0
31b0
41b1
59b1
69b2
81b2
11b3
29b3
39b4
51b4
61b5
79b5
09b6
21b6
31b7
49b7
59b8
71b8
01b9
19b9
29ba
41ba
51bb
69bb
79bc
11bc
21bd
39bd
49be
61be
71bf
09af
19b0
31b0
41b1
59b1
69b2
81b2
11b3
29b3
39b4
51b4
61b5
79b5
09b6
21b6
31b7
49b7
59b8
71b8
01b9
19b9
29ba
41ba
51bb
69bb
79bc
11bc
21bd
39bd
49be
61be
71bf
09af
19b0
31b0
41b1
59b1
69b2
81b2
11b3
29b3
39b4
51b4
61b5
79b5
09b6
21b6
31b7
49b7
59b8
71b8
01b9
19b9
29ba
41ba
51bb
69bb
79bc
11bc
21bd
39bd
49be
61be
71bf
09af
19b0
31b0
41b1
59b1
69b2
81b2
11b3
29b3
39b4
51b4
61b5
79b5
09b6
21b6
31b7
49b7
59b8
71b8
01b9
19b9
29ba
41ba
51bb
69bb
79bc
11bc
21bd
39bd
49be
61be
71bf
09af
19b0
31b0
41b1
59b1
69b2
81b2
11b3
29b3
39b4
51b4
61b5
79b5
09b6
21b6
31b7
49b7
59b8
71b8
01b9
19b9
29ba
41ba
51bb
69bb
79bc
11bc
21bd
39bd
49be
61be
71bf
09af
19b0
31b0
41b1
59b1
69b2
81b2
11b3
29b3
39b4
51b4
61b5
79b5
09b6
21b6
31b7
49b7
59b8
71b8
01d9
19da
29da
41db
51db
69dc
79dc
11dd
21dd
39de
49de
61df
71cf
09d0
19d0
31d1
41d1
59d2
69d2
81d3
11d3
29d4
39d4
51d5
61d5
79d6
09d6
21d7
31d7
49d8
59d8
71d9
01d9
19da
29da
41db
51db
69dc
79dc
11dd
21dd
39de
49de
61df
71cf
09d0
19d0
31d1
41d1
59d2
69d2
81d3
11d3
29d4
39d4
51d5
61d5
79d6
09d6
21d7
31d7
49d8
59d8
71d9
01d9
19da
29da
41db
51db
69dc
79dc
11dd
21dd
39de
49de
61df
71cf
09d0
19d0
31d1
41d1
59d2
69d2
81d3
11d3
29d4
39d4
51d5
61d5
79d6
09d6
21d7
31d7
49d8
59d8
71d9
01d9
19da
29da
41db
51db
69dc
79dc
11dd
21dd
39de
49de
61df
71cf
09d0
19d0
31d1
41d1
59d2
69d2
81d3
11d3
29d4
39d4
51d5
61d5
79d6
09d6
21d7
31d7
49d8
59d8
71d9
01d9
19da
29da
41db
51db
69dc
79dc
11dd
21dd
39de
49de
61df
71cf
09d0
19d0
31d1
41d1
59d2
69d2
81d3
11d3
29d4
39d4
51d5
61d5
79d6
09d6
21d7
31d7
49d8
59d8
71d9
01d9
19da
29da
41db
51db
69dc
79dc
11dd
21dd
39de
49de
61df
71cf
09d0
19d0
31d1
41d1
59d2
69d2
81d3
11d3
29d4
39d4
51d5
61d5
79d6
09d6
21d7
31d7
49d8
59d8
71d9
01d9
19da
29da
41db
51db
69dc
79dc
11dd
21dd
39de
49de
61df
71cf
09d0
19d0
31d1
41d1
59d2
69d2
81d3
11d3
29d4
39d4
51d5
61d5
79d6
09d6
21d7
31d7
49d8
59d8
71d9
01d9
19da
29da
41db
51db
69dc
79dc
11dd
21dd
39de
49de
61df
71cf
09d0
19d0
31d1
41d1
59d2
69d2
81d3
11d3
29d4
39d4
51d5
61d5
79d6
09d6
21d7
31d7
49d8
59d8
71d9
01d9
19da
29da
41db
51db
69dc
79dc
11dd
21dd
39de
49de
61df
71cf
09d0
19d0
31d1
41d1
59d2
69d2
81d3
11d3
29d4
39d4
51d5
61d5
79d6
09d6
21d7
31d7
49d8
59d8
71d9
021a
1a1a
2a1b
421b
521c
6a1c
7a1d
121d
221e
3a1e
4a1f
620f
7210
0a10
1a11
3211
4212
5a12
6a13
8213
1214
2a14
3a15
5215
6216
7a16
0a17
2217
3218
4a18
5a19
7219
021a
1a1a
2a1b
421b
521c
6a1c
7a1d
121d
221e
3a1e
4a1f
620f
7210
0a10
1a11
3211
4212
5a12
6a13
8213
1214
2a14
3a15
5215
6216
7a16
0a17
2217
3218
4a18
5a19
7219
021a
1a1a
2a1b
421b
521c
6a1c
7a1d
121d
221e
3a1e
4a1f
620f
7210
0a10
1a11
3211
4212
5a12
6a13
8213
1214
2a14
3a15
5215
6216
7a16
0a17
2217
3218
4a18
5a19
7219
021a
1a1a
2a1b
421b
521c
6a1c
7a1d
121d
221e
3a1e
4a1f
620f
7210
0a10
1a11
3211
4212
5a12
6a13
8213
1214
2a14
3a15
5215
6216
7a16
0a17
2217
3218
4a18
5a19
7219
021a
1a1a
2a1b
421b
521c
6a1c
7a1d
121d
221e
3a1e
4a1f
620f
7210
0a10
1a11
3211
4212
5a12
6a13
8213
1214
2a14
3a15
5215
6216
7a16
0a17
2217
3218
4a18
5a19
7219
021a
1a1a
2a1b
421b
521c
6a1c
7a1d
121d
221e
3a1e
4a1f
620f
7210
0a10
1a11
3211
4212
5a12
6a13
8213
1214
2a14
3a15
5215
6216
7a16
0a17
2217
3218
4a18
5a19
7219
021a
1a1a
2a1b
421b
521c
6a1c
7a1d
121d
221e
3a1e
4a1f
620f
7210
0a10
1a11
3211
4212
5a12
6a13
8213
1214
2a14
3a15
5215
6216
7a16
0a17
2217
3218
4a18
5a19
7219
021a
1a1a
2a1b
421b
521c
6a1c
7a1d
121d
221e
3a1e
4a1f
620f
7210
0a10
1a11
3211
4212
5a12
6a13
8213
1214
2a14
3a15
5215
6216
7a16
0a17
2217
3218
4a18
5a19
7219
021a
1a1a
2a1b
421b
521c
6a1c
7a1d
121d
221e
3a1e
4a1f
620f
7210
0a10
1a11
3211
4212
5a12
6a13
8213
1214
2a14
3a15
5215
6216
7a16
0a17
2217
3218
4a18
5a19
7219
023a
1a3b
2a3b
423c
523c
6a3d
7a3d
123e
223e
3a3f
4a2f
6230
7230
0a31
1a31
3232
4232
5a33
6a33
8234
1234
2a35
3a35
5236
6236
7a37
0a37
2238
3238
4a39
5a39
723a
023a
1a3b
2a3b
423c
523c
6a3d
7a3d
123e
223e
3a3f
4a2f
6230
7230
0a31
1a31
3232
4232
5a33
6a33
8234
1234
2a35
3a35
5236
6236
7a37
0a37
2238
3238
4a39
5a39
723a
023a
1a3b
2a3b
423c
523c
6a3d
7a3d
123e
223e
3a3f
4a2f
6230
7230
0a31
1a31
3232
4232
5a33
6a33
8234
1234
2a35
3a35
5236
6236
7a37
0a37
2238
3238
4a39
5a39
723a
023a
1a3b
2a3b
423c
523c
6a3d
7a3d
123e
223e
3a3f
4a2f
6230
7230
0a31
1a31
3232
4232
5a33
6a33
8234
1234
2a35
3a35
5236
6236
7a37
0a37
2238
3238
4a39
5a39
723a
023a
1a3b
2a3b
423c
523c
6a3d
7a3d
123e
223e
3a3f
4a2f
6230
7230
0a31
1a31
3232
4232
5a33
6a33
8234
1234
2a35
3a35
5236
6236
7a37
0a37
2238
3238
4a39
5a39
723a
023a
1a3b
2a3b
423c
523c
6a3d
7a3d
123e
223e
3a3f
4a2f
6230
7230
0a31
1a31
3232
4232
5a33
6a33
8234
1234
2a35
3a35
5236
6236
7a37
0a37
2238
3238
4a39
5a39
723a
023a
1a3b
2a3b
423c
523c
6a3d
7a3d
123e
223e
3a3f
4a2f
6230
7230
0a31
1a31
3232
4232
5a33
6a33
8234
1234
2a35
3a35
5236
6236
7a37
0a37
2238
3238
4a39
5a39
723a
023a
1a3b
2a3b
423c
523c
6a3d
7a3d
123e
223e
3a3f
4a2f
6230
7230
0a31
1a31
3232
4232
5a33
6a33
8234
1234
2a35
3a35
5236
6236
7a37
0a37
2238
3238
4a39
5a39
723a
023a
1a3b
2a3b
423c
523c
6a3d
7a3d
123e
223e
3a3f
4a2f
6230
7230
0a31
1a31
3232
4232
5a33
6a33
8234
1234
2a35
3a35
5236
6236
7a37
0a37
2238
3238
4a39
5a39
723a
027b
1a7b
2a7c
427c
527d
6a7d
7a7e
127e
227f
3a6f
4a70
6270
7271
0a71
1a72
3272
4273
5a73
6a74
8274
1275
2a75
3a76
5276
6277
7a77
0a78
2278
3279
4a79
5a7a
727a
027b
1a7b
2a7c
427c
527d
6a7d
7a7e
127e
227f
3a6f
4a70
6270
7271
0a71
1a72
3272
4273
5a73
6a74
8274
1275
2a75
3a76
5276
6277
7a77
0a78
2278
3279
4a79
5a7a
727a
027b
1a7b
2a7c
427c
527d
6a7d
7a7e
127e
227f
3a6f
4a70
6270
7271
0a71
1a72
3272
4273
5a73
6a74
8274
1275
2a75
3a76
5276
6277
7a77
0a78
2278
3279
4a79
5a7a
727a
027b
1a7b
2a7c
427c
527d
6a7d
7a7e
127e
227f
3a6f
4a70
6270
7271
0a71
1a72
3272
4273
5a73
6a74
8274
1275
2a75
3a76
5276
6277
7a77
0a78
2278
3279
4a79
5a7a
727a
027b
1a7b
2a7c
427c
527d
6a7d
7a7e
127e
227f
3a6f
4a70
6270
7271
0a71
1a72
3272
4273
5a73
6a74
8274
1275
2a75
3a76
5276
6277
7a77
0a78
2278
3279
4a79
5a7a
727a
027b
1a7b
2a7c
427c
527d
6a7d
7a7e
127e
227f
3a6f
4a70
6270
7271
0a71
1a72
3272
4273
5a73
6a74
8274
1275
2a75
3a76
5276
6277
7a77
0a78
2278
3279
4a79
5a7a
727a
027b
1a7b
2a7c
427c
527d
6a7d
7a7e
127e
227f
3a6f
4a70
6270
7271
0a71
1a72
3272
4273
5a73
6a74
8274
1275
2a75
3a76
5276
6277
7a77
0a78
2278
3279
4a79
5a7a
727a
027b
1a7b
2a7c
427c
527d
6a7d
7a7e
127e
227f
3a6f
4a70
6270
7271
0a71
1a72
3272
4273
5a73
6a74
8274
1275
2a75
3a76
5276
6277
7a77
0a78
2278
3279
4a79
5a7a
727a
027b
1a7b
2a7c
427c
527d
6a7d
7a7e
127e
227f
3a6f
4a70
6270
7271
0a71
1a72
3272
4273
5a73
6a74
8274
1275
2a75
3a76
5276
6277
7a77
0a78
2278
3279
4a79
5a7a
727a
029b
1a9c
2a9c
429d
529d
6a9e
7a9e
129f
228f
3a90
4a90
6291
7291
0a92
1a92
3293
4293
5a94
6a94
8295
1295
2a96
3a96
5297
6297
7a98
0a98
2299
3299
4a9a
5a9a
729b
029b
1a9c
2a9c
429d
529d
6a9e
7a9e
129f
228f
3a90
4a90
6291
7291
0a92
1a92
3293
4293
5a94
6a94
8295
1295
2a96
3a96
5297
6297
7a98
0a98
2299
3299
4a9a
5a9a
729b
029b
1a9c
2a9c
429d
529d
6a9e
7a9e
129f
228f
3a90
4a90
6291
7291
0a92
1a92
3293
4293
5a94
6a94
8295
1295
2a96
3a96
5297
6297
7a98
0a98
2299
3299
4a9a
5a9a
729b
029b
1a9c
2a9c
429d
529d
6a9e
7a9e
129f
228f
3a90
4a90
6291
7291
0a92
1a92
3293
4293
5a94
6a94
8295
1295
2a96
3a96
5297
6297
7a98
0a98
2299
3299
4a9a
5a9a
729b
029b
1a9c
2a9c
429d
529d
6a9e
7a9e
129f
228f
3a90
4a90
6291
7291
0a92
1a92
3293
4293
5a94
6a94
8295
1295
2a96
3a96
5297
6297
7a98
0a98
2299
3299
4a9a
5a9a
729b
029b
1a9c
2a9c
429d
529d
6a9e
7a9e
129f
228f
3a90
4a90
6291
7291
0a92
1a92
3293
4293
5a94
6a94
8295
1295
2a96
3a96
5297
6297
7a98
0a98
2299
3299
4a9a
5a9a
729b
029b
1a9c
2a9c
429d
529d
6a9e
7a9e
129f
228f
3a90
4a90
6291
7291
0a92
1a92
3293
4293
5a94
6a94
8295
1295
2a96
3a96
5297
6297
7a98
0a98
2299
3299
4a9a
5a9a
729b
029b
1a9c
2a9c
429d
529d
6a9e
7a9e
129f
228f
3a90
4a90
6291
7291
0a92
1a92
3293
4293
5a94
6a94
8295
1295
2a96
3a96
5297
6297
7a98
0a98
2299
3299
4a9a
5a9a
729b
029b
1a9c
2a9c
429d
529d
6a9e
7a9e
129f
228f
3a90
4a90
6291
7291
0a92
1a92
3293
4293
5a94
6a94
8295
1295
2a96
3a96
5297
6297
7a98
0a98
2299
3299
4a9a
5a9a
729b
02dc
1adc
2add
42dd
52de
6ade
7adf
12cf
22d0
3ad0
4ad1
62d1
72d2
0ad2
1ad3
32d3
42d4
5ad4
6ad5
82d5
12d6
2ad6
3ad7
52d7
62d8
7ad8
0ad9
22d9
32da
4ada
5adb
72db
02dc
1adc
2add
42dd
52de
6ade
7adf
12cf
22d0
3ad0
4ad1
62d1
72d2
0ad2
1ad3
32d3
42d4
5ad4
6ad5
82d5
12d6
2ad6
3ad7
52d7
62d8
7ad8
0ad9
22d9
32da
4ada
5adb
72db
02dc
1adc
2add
42dd
52de
6ade
7adf
12cf
22d0
3ad0
4ad1
62d1
72d2
0ad2
1ad3
32d3
42d4
5ad4
6ad5
82d5
12d6
2ad6
3ad7
52d7
62d8
7ad8
0ad9
22d9
32da
4ada
5adb
72db
02dc
1adc
2add
42dd
52de
6ade
7adf
12cf
22d0
3ad0
4ad1
62d1
72d2
0ad2
1ad3
32d3
42d4
5ad4
6ad5
82d5
12d6
2ad6
3ad7
52d7
62d8
7ad8
0ad9
22d9
32da
4ada
5adb
72db
02dc
1adc
2add
42dd
52de
6ade
7adf
12cf
22d0
3ad0
4ad1
62d1
72d2
0ad2
1ad3
32d3
42d4
5ad4
6ad5
82d5
12d6
2ad6
3ad7
52d7
62d8
7ad8
0ad9
22d9
32da
4ada
5adb
72db
02dc
1adc
2add
42dd
52de
6ade
7adf
12cf
22d0
3ad0
4ad1
62d1
72d2
0ad2
1ad3
32d3
42d4
5ad4
6ad5
82d5
12d6
2ad6
3ad7
52d7
62d8
7ad8
0ad9
22d9
32da
4ada
5adb
72db
02dc
1adc
2add
42dd
52de
6ade
7adf
12cf
22d0
3ad0
4ad1
62d1
72d2
0ad2
1ad3
32d3
42d4
5ad4
6ad5
82d5
12d6
2ad6
3ad7
52d7
62d8
7ad8
0ad9
22d9
32da
4ada
5adb
72db
02dc
1adc
2add
42dd
52de
6ade
7adf
12cf
22d0
3ad0
4ad1
62d1
72d2
0ad2
1ad3
32d3
42d4
5ad4
6ad5
82d5
12d6
2ad6
3ad7
52d7
62d8
7ad8
0ad9
22d9
32da
4ada
5adb
72db
02dc
1adc
2add
42dd
52de
6ade
7adf
12cf
22d0
3ad0
4ad1
62d1
72d2
0ad2
1ad3
32d3
42d4
5ad4
6ad5
82d5
12d6
2ad6
3ad7
52d7
62d8
7ad8
0ad9
22d9
32da
4ada
5adb
72db
02fc
1afd
2afd
42fe
52fe
6aff
7aef
12f0
22f0
3af1
4af1
62f2
72f2
0af3
1af3
32f4
42f4
5af5
6af5
82f6
12f6
2af7
3af7
52f8
62f8
7af9
0af9
22fa
32fa
4afb
5afb
72fc
02fc
1afd
2afd
42fe
52fe
6aff
7aef
12f0
22f0
3af1
4af1
62f2
72f2
0af3
1af3
32f4
42f4
5af5
6af5
82f6
12f6
2af7
3af7
52f8
62f8
7af9
0af9
22fa
32fa
4afb
5afb
72fc
02fc
1afd
2afd
42fe
52fe
6aff
7aef
12f0
22f0
3af1
4af1
62f2
72f2
0af3
1af3
32f4
42f4
5af5
6af5
82f6
12f6
2af7
3af7
52f8
62f8
7af9
0af9
22fa
32fa
4afb
5afb
72fc
02fc
1afd
2afd
42fe
52fe
6aff
7aef
12f0
22f0
3af1
4af1
62f2
72f2
0af3
1af3
32f4
42f4
5af5
6af5
82f6
12f6
2af7
3af7
52f8
62f8
7af9
0af9
22fa
32fa
4afb
5afb
72fc
02fc
1afd
2afd
42fe
52fe
6aff
7aef
12f0
22f0
3af1
4af1
62f2
72f2
0af3
1af3
32f4
42f4
5af5
6af5
82f6
12f6
2af7
3af7
52f8
62f8
7af9
0af9
22fa
32fa
4afb
5afb
72fc
02fc
1afd
2afd
42fe
52fe
6aff
7aef
12f0
22f0
3af1
4af1
62f2
72f2
0af3
1af3
32f4
42f4
5af5
6af5
82f6
12f6
2af7
3af7
52f8
62f8
7af9
0af9
22fa
32fa
4afb
5afb
72fc
02fc
1afd
2afd
42fe
52fe
6aff
7aef
12f0
22f0
3af1
4af1
62f2
72f2
0af3
1af3
32f4
42f4
5af5
6af5
82f6
12f6
2af7
3af7
52f8
62f8
7af9
0af9
22fa
32fa
4afb
5afb
72fc
02fc
1afd
2afd
42fe
52fe
6aff
7aef
12f0
22f0
3af1
4af1
62f2
72f2
0af3
1af3
32f4
42f4
5af5
6af5
82f6
12f6
2af7
3af7
52f8
62f8
7af9
0af9
22fa
32fa
4afb
5afb
72fc
02fc
1afd
2afd
42fe
52fe
6aff
7aef
12f0
22f0
3af1
4af1
62f2
72f2
0af3
1af3
32f4
42f4
5af5
6af5
82f6
12f6
2af7
3af7
52f8
62f8
7af9
0af9
22fa
32fa
4afb
5afb
72fc
033d
1b3d
2b3e
433e
533f
6b2f
7b30
1330
2331
3b31
4b32
6332
7333
0b33
1b34
3334
4335
5b35
6b36
8336
1337
2b37
3b38
5338
6339
7b39
0b3a
233a
333b
4b3b
5b3c
733c
033d
1b3d
2b3e
433e
533f
6b2f
7b30
1330
2331
3b31
4b32
6332
7333
0b33
1b34
3334
4335
5b35
6b36
8336
1337
2b37
3b38
5338
6339
7b39
0b3a
233a
333b
4b3b
5b3c
733c
033d
1b3d
2b3e
433e
533f
6b2f
7b30
1330
2331
3b31
4b32
6332
7333
0b33
1b34
3334
4335
5b35
6b36
8336
1337
2b37
3b38
5338
6339
7b39
0b3a
233a
333b
4b3b
5b3c
733c
033d
1b3d
2b3e
433e
533f
6b2f
7b30
1330
2331
3b31
4b32
6332
7333
0b33
1b34
3334
4335
5b35
6b36
8336
1337
2b37
3b38
5338
6339
7b39
0b3a
233a
333b
4b3b
5b3c
733c
033d
1b3d
2b3e
433e
533f
6b2f
7b30
1330
2331
3b31
4b32
6332
7333
0b33
1b34
3334
4335
5b35
6b36
8336
1337
2b37
3b38
5338
6339
7b39
0b3a
233a
333b
4b3b
5b3c
733c
033d
1b3d
2b3e
433e
533f
6b2f
7b30
1330
2331
3b31
4b32
6332
7333
0b33
1b34
3334
4335
5b35
6b36
8336
1337
2b37
3b38
5338
6339
7b39
0b3a
233a
333b
4b3b
5b3c
733c
033d
1b3d
2b3e
433e
533f
6b2f
7b30
1330
2331
3b31
4b32
6332
7333
0b33
1b34
3334
4335
5b35
6b36
8336
1337
2b37
3b38
5338
6339
7b39
0b3a
233a
333b
4b3b
5b3c
733c
033d
1b3d
2b3e
433e
533f
6b2f
7b30
1330
2331
3b31
4b32
6332
7333
0b33
1b34
3334
4335
5b35
6b36
8336
1337
2b37
3b38
5338
6339
7b39
0b3a
233a
333b
4b3b
5b3c
733c
033d
1b3d
2b3e
433e
533f
6b2f
7b30
1330
2331
3b31
4b32
6332
7333
0b33
1b34
3334
4335
5b35
6b36
8336
1337
2b37
3b38
5338
6339
7b39
0b3a
233a
333b
4b3b
5b3c
733c
035d
1b5e
2b5e
435f
534f
6b50
7b50
1351
2351
3b52
4b52
6353
7353
0b54
1b54
3355
4355
5b56
6b56
8357
1357
2b58
3b58
5359
6359
7b5a
0b5a
235b
335b
4b5c
5b5c
735d
035d
1b5e
2b5e
435f
534f
6b50
7b50
1351
2351
3b52
4b52
6353
7353
0b54
1b54
3355
4355
5b56
6b56
8357
1357
2b58
3b58
5359
6359
7b5a
0b5a
235b
335b
4b5c
5b5c
735d
035d
1b5e
2b5e
435f
534f
6b50
7b50
1351
2351
3b52
4b52
6353
7353
0b54
1b54
3355
4355
5b56
6b56
8357
1357
2b58
3b58
5359
6359
7b5a
0b5a
235b
335b
4b5c
5b5c
735d
035d
1b5e
2b5e
435f
534f
6b50
7b50
1351
2351
3b52
4b52
6353
7353
0b54
1b54
3355
4355
5b56
6b56
8357
1357
2b58
3b58
5359
6359
7b5a
0b5a
235b
335b
4b5c
5b5c
735d
035d
1b5e
2b5e
435f
534f
6b50
7b50
1351
2351
3b52
4b52
6353
7353
0b54
1b54
3355
4355
5b56
6b56
8357
1357
2b58
3b58
5359
6359
7b5a
0b5a
235b
335b
4b5c
5b5c
735d
035d
1b5e
2b5e
435f
534f
6b50
7b50
1351
2351
3b52
4b52
6353
7353
0b54
1b54
3355
4355
5b56
6b56
8357
1357
2b58
3b58
5359
6359
7b5a
0b5a
235b
335b
4b5c
5b5c
735d
035d
1b5e
2b5e
435f
534f
6b50
7b50
1351
2351
3b52
4b52
6353
7353
0b54
1b54
3355
4355
5b56
6b56
8357
1357
2b58
3b58
5359
6359
7b5a
0b5a
235b
335b
4b5c
5b5c
735d
035d
1b5e
2b5e
435f
534f
6b50
7b50
1351
2351
3b52
4b52
6353
7353
0b54
1b54
3355
4355
5b56
6b56
8357
1357
2b58
3b58
5359
6359
7b5a
0b5a
235b
335b
4b5c
5b5c
735d
035d
1b5e
2b5e
435f
534f
6b50
7b50
1351
2351
3b52
4b52
6353
7353
0b54
1b54
3355
4355
5b56
6b56
8357
1357
2b58
3b58
5359
6359
7b5a
0b5a
235b
335b
4b5c
5b5c
735d
039e
1b9e
2b9f
438f
5390
6b90
7b91
1391
2392
3b92
4b93
6393
7394
0b94
1b95
3395
4396
5b96
6b97
8397
1398
2b98
3b99
5399
639a
7b9a
0b9b
239b
339c
4b9c
5b9d
739d
039e
1b9e
2b9f
438f
5390
6b90
7b91
1391
2392
3b92
4b93
6393
7394
0b94
1b95
3395
4396
5b96
6b97
8397
1398
2b98
3b99
5399
639a
7b9a
0b9b
239b
339c
4b9c
5b9d
739d
039e
1b9e
2b9f
438f
5390
6b90
7b91
1391
2392
3b92
4b93
6393
7394
0b94
1b95
3395
4396
5b96
6b97
8397
1398
2b98
3b99
5399
639a
7b9a
0b9b
239b
339c
4b9c
5b9d
739d
039e
1b9e
2b9f
438f
5390
6b90
7b91
1391
2392
3b92
4b93
6393
7394
0b94
1b95
3395
4396
5b96
6b97
8397
1398
2b98
3b99
5399
639a
7b9a
0b9b
239b
339c
4b9c
5b9d
739d
039e
1b9e
2b9f
438f
5390
6b90
7b91
1391
2392
3b92
4b93
6393
7394
0b94
1b95
3395
4396
5b96
6b97
8397
1398
2b98
3b99
5399
639a
7b9a
0b9b
239b
339c
4b9c
5b9d
739d
039e
1b9e
2b9f
438f
5390
6b90
7b91
1391
2392
3b92
4b93
6393
7394
0b94
1b95
3395
4396
5b96
6b97
8397
1398
2b98
3b99
5399
639a
7b9a
0b9b
239b
339c
4b9c
5b9d
739d
039e
1b9e
2b9f
438f
5390
6b90
7b91
1391
2392
3b92
4b93
6393
7394
0b94
1b95
3395
4396
5b96
6b97
8397
1398
2b98
3b99
5399
639a
7b9a
0b9b
239b
339c
4b9c
5b9d
739d
039e
1b9e
2b9f
438f
5390
6b90
7b91
1391
2392
3b92
4b93
6393
7394
0b94
1b95
3395
4396
5b96
6b97
8397
1398
2b98
3b99
5399
639a
7b9a
0b9b
239b
339c
4b9c
5b9d
739d
039e
1b9e
2b9f
438f
5390
6b90
7b91
1391
2392
3b92
4b93
6393
7394
0b94
1b95
3395
4396
5b96
6b97
8397
1398
2b98
3b99
5399
639a
7b9a
0b9b
239b
339c
4b9c
5b9d
739d
03be
1bbf
2baf
43b0
53b0
6bb1
7bb1
13b2
23b2
3bb3
4bb3
63b4
73b4
0bb5
1bb5
33b6
43b6
5bb7
6bb7
83b8
13b8
2bb9
3bb9
53ba
63ba
7bbb
0bbb
23bc
33bc
4bbd
5bbd
73be
03be
1bbf
2baf
43b0
53b0
6bb1
7bb1
13b2
23b2
3bb3
4bb3
63b4
73b4
0bb5
1bb5
33b6
43b6
5bb7
6bb7
83b8
13b8
2bb9
3bb9
53ba
63ba
7bbb
0bbb
23bc
33bc
4bbd
5bbd
73be
03be
1bbf
2baf
43b0
53b0
6bb1
7bb1
13b2
23b2
3bb3
4bb3
63b4
73b4
0bb5
1bb5
33b6
43b6
5bb7
6bb7
83b8
13b8
2bb9
3bb9
53ba
63ba
7bbb
0bbb
23bc
33bc
4bbd
5bbd
73be
03be
1bbf
2baf
43b0
53b0
6bb1
7bb1
13b2
23b2
3bb3
4bb3
63b4
73b4
0bb5
1bb5
33b6
43b6
5bb7
6bb7
83b8
13b8
2bb9
3bb9
53ba
63ba
7bbb
0bbb
23bc
33bc
4bbd
5bbd
73be
03be
1bbf
2baf
43b0
53b0
6bb1
7bb1
13b2
23b2
3bb3
4bb3
63b4
73b4
0bb5
1bb5
33b6
43b6
5bb7
6bb7
83b8
13b8
2bb9
3bb9
53ba
63ba
7bbb
0bbb
23bc
33bc
4bbd
5bbd
73be
03be
1bbf
2baf
43b0
53b0
6bb1
7bb1
13b2
23b2
3bb3
4bb3
63b4
73b4
0bb5
1bb5
33b6
43b6
5bb7
6bb7
83b8
13b8
2bb9
3bb9
53ba
63ba
7bbb
0bbb
23bc
33bc
4bbd
5bbd
73be
03be
1bbf
2baf
43b0
53b0
6bb1
7bb1
13b2
23b2
3bb3
4bb3
63b4
73b4
0bb5
1bb5
33b6
43b6
5bb7
6bb7
83b8
13b8
2bb9
3bb9
53ba
63ba
7bbb
0bbb
23bc
33bc
4bbd
5bbd
73be
03be
1bbf
2baf
43b0
53b0
6bb1
7bb1
13b2
23b2
3bb3
4bb3
63b4
73b4
0bb5
1bb5
33b6
43b6
5bb7
6bb7
83b8
13b8
2bb9
3bb9
53ba
63ba
7bbb
0bbb
23bc
33bc
4bbd
5bbd
73be
03be
1bbf
2baf
43b0
53b0
6bb1
7bb1
13b2
23b2
3bb3
4bb3
63b4
73b4
0bb5
1bb5
33b6
43b6
5bb7
6bb7
83b8
13b8
2bb9
3bb9
53ba
63ba
7bbb
0bbb
23bc
33bc
4bbd
5bbd
73be
03ff
1bef
2bf0
43f0
53f1
6bf1
7bf2
13f2
23f3
3bf3
4bf4
63f4
73f5
0bf5
1bf6
33f6
43f7
5bf7
6bf8
83f8
13f9
2bf9
3bfa
53fa
63fb
7bfb
0bfc
23fc
33fd
4bfd
5bfe
73fe
03ff
1bef
2bf0
43f0
53f1
6bf1
7bf2
13f2
23f3
3bf3
4bf4
63f4
73f5
0bf5
1bf6
33f6
43f7
5bf7
6bf8
83f8
13f9
2bf9
3bfa
53fa
63fb
7bfb
0bfc
23fc
33fd
4bfd
5bfe
73fe
03ff
1bef
2bf0
43f0
53f1
6bf1
7bf2
13f2
23f3
3bf3
4bf4
63f4
73f5
0bf5
1bf6
33f6
43f7
5bf7
6bf8
83f8
13f9
2bf9
3bfa
53fa
63fb
7bfb
0bfc
23fc
33fd
4bfd
5bfe
73fe
03ff
1bef
2bf0
43f0
53f1
6bf1
7bf2
13f2
23f3
3bf3
4bf4
63f4
73f5
0bf5
1bf6
33f6
43f7
5bf7
6bf8
83f8
13f9
2bf9
3bfa
53fa
63fb
7bfb
0bfc
23fc
33fd
4bfd
5bfe
73fe
03ff
1bef
2bf0
43f0
53f1
6bf1
7bf2
13f2
23f3
3bf3
4bf4
63f4
73f5
0bf5
1bf6
33f6
43f7
5bf7
6bf8
83f8
13f9
2bf9
3bfa
53fa
63fb
7bfb
0bfc
23fc
33fd
4bfd
5bfe
73fe
03ff
1bef
2bf0
43f0
53f1
6bf1
7bf2
13f2
23f3
3bf3
4bf4
63f4
73f5
0bf5
1bf6
33f6
43f7
5bf7
6bf8
83f8
13f9
2bf9
3bfa
53fa
63fb
7bfb
0bfc
23fc
33fd
4bfd
5bfe
73fe
03ff
1bef
2bf0
43f0
53f1
6bf1
7bf2
13f2
23f3
3bf3
4bf4
63f4
73f5
0bf5
1bf6
33f6
43f7
5bf7
6bf8
83f8
13f9
2bf9
3bfa
53fa
63fb
7bfb
0bfc
23fc
33fd
4bfd
5bfe
73fe
03ff
1bef
2bf0
43f0
53f1
6bf1
7bf2
13f2
23f3
3bf3
4bf4
63f4
73f5
0bf5
1bf6
33f6
43f7
5bf7
6bf8
83f8
13f9
2bf9
3bfa
53fa
63fb
7bfb
0bfc
23fc
33fd
4bfd
5bfe
73fe
03ff
1bef
2bf0
43f0
53f1
6bf1
7bf2
13f2
23f3
3bf3
4bf4
63f4
73f5
0bf5
1bf6
33f6
43f7
5bf7
6bf8
83f8
13f9
2bf9
3bfa
53fa
63fb
7bfb
0bfc
23fc
33fd
4bfd
5bfe
73fe
000f
1810
2810
4011
5011
6812
7812
1013
2013
3814
4814
6015
7015
0816
1816
3017
4017
5818
6818
8019
1019
281a
381a
501b
601b
781c
081c
201d
301d
481e
581e
701f
000f
1810
2810
4011
5011
6812
7812
1013
2013
3814
4814
6015
7015
0816
1816
3017
4017
5818
6818
8019
1019
281a
381a
501b
601b
781c
081c
201d
301d
481e
581e
701f
000f
1810
2810
4011
5011
6812
7812
1013
2013
3814
4814
6015
7015
0816
1816
3017
4017
5818
6818
8019
1019
281a
381a
501b
601b
781c
081c
201d
301d
481e
581e
701f
000f
1810
2810
4011
5011
6812
7812
1013
2013
3814
4814
6015
7015
0816
1816
3017
4017
5818
6818
8019
1019
281a
381a
501b
601b
781c
081c
201d
301d
481e
581e
701f
000f
1810
2810
4011
5011
6812
7812
1013
2013
3814
4814
6015
7015
0816
1816
3017
4017
5818
6818
8019
1019
281a
381a
501b
601b
781c
081c
201d
301d
481e
581e
701f
000f
1810
2810
4011
5011
6812
7812
1013
2013
3814
4814
6015
7015
0816
1816
3017
4017
5818
6818
8019
1019
281a
381a
501b
601b
781c
081c
201d
301d
481e
581e
701f
000f
1810
2810
4011
5011
6812
7812
1013
2013
3814
4814
6015
7015
0816
1816
3017
4017
5818
6818
8019
1019
281a
381a
501b
601b
781c
081c
201d
301d
481e
581e
701f
000f
1810
2810
4011
5011
6812
7812
1013
2013
3814
4814
6015
7015
0816
1816
3017
4017
5818
6818
8019
1019
281a
381a
501b
601b
781c
081c
201d
301d
481e
581e
701f
000f
1810
2810
4011
5011
6812
7812
1013
2013
3814
4814
6015
7015
0816
1816
3017
4017
5818
6818
8019
1019
281a
381a
501b
601b
781c
081c
201d
301d
481e
581e
701f
0050
1850
2851
4051
5052
6852
7853
1053
2054
3854
4855
6055
7056
0856
1857
3057
4058
5858
6859
8059
105a
285a
385b
505b
605c
785c
085d
205d
305e
485e
585f
704f
0050
1850
2851
4051
5052
6852
7853
1053
2054
3854
4855
6055
7056
0856
1857
3057
4058
5858
6859
8059
105a
285a
385b
505b
605c
785c
085d
205d
305e
485e
585f
704f
0050
1850
2851
4051
5052
6852
7853
1053
2054
3854
4855
6055
7056
0856
1857
3057
4058
5858
6859
8059
105a
285a
385b
505b
605c
785c
085d
205d
305e
485e
585f
704f
0050
1850
2851
4051
5052
6852
7853
1053
2054
3854
4855
6055
7056
0856
1857
3057
4058
5858
6859
8059
105a
285a
385b
505b
605c
785c
085d
205d
305e
485e
585f
704f
0050
1850
2851
4051
5052
6852
7853
1053
2054
3854
4855
6055
7056
0856
1857
3057
4058
5858
6859
8059
105a
285a
385b
505b
605c
785c
085d
205d
305e
485e
585f
704f
0050
1850
2851
4051
5052
6852
7853
1053
2054
3854
4855
6055
7056
0856
1857
3057
4058
5858
6859
8059
105a
285a
385b
505b
605c
785c
085d
205d
305e
485e
585f
704f
0050
1850
2851
4051
5052
6852
7853
1053
2054
3854
4855
6055
7056
0856
1857
3057
4058
5858
6859
8059
105a
285a
385b
505b
605c
785c
085d
205d
305e
485e
585f
704f
0050
1850
2851
4051
5052
6852
7853
1053
2054
3854
4855
6055
7056
0856
1857
3057
4058
5858
6859
8059
105a
285a
385b
505b
605c
785c
085d
205d
305e
485e
585f
704f
0050
1850
2851
4051
5052
6852
7853
1053
2054
3854
4855
6055
7056
0856
1857
3057
4058
5858
6859
8059
105a
285a
385b
505b
605c
785c
085d
205d
305e
485e
585f
704f
0070
1871
2871
4072
5072
6873
7873
1074
2074
3875
4875
6076
7076
0877
1877
3078
4078
5879
6879
807a
107a
287b
387b
507c
607c
787d
087d
207e
307e
487f
586f
7070
0070
1871
2871
4072
5072
6873
7873
1074
2074
3875
4875
6076
7076
0877
1877
3078
4078
5879
6879
807a
107a
287b
387b
507c
607c
787d
087d
207e
307e
487f
586f
7070
0070
1871
2871
4072
5072
6873
7873
1074
2074
3875
4875
6076
7076
0877
1877
3078
4078
5879
6879
807a
107a
287b
387b
507c
607c
787d
087d
207e
307e
487f
586f
7070
0070
1871
2871
4072
5072
6873
7873
1074
2074
3875
4875
6076
7076
0877
1877
3078
4078
5879
6879
807a
107a
287b
387b
507c
607c
787d
087d
207e
307e
487f
586f
7070
0070
1871
2871
4072
5072
6873
7873
1074
2074
3875
4875
6076
7076
0877
1877
3078
4078
5879
6879
807a
107a
287b
387b
507c
607c
787d
087d
207e
307e
487f
586f
7070
0070
1871
2871
4072
5072
6873
7873
1074
2074
3875
4875
6076
7076
0877
1877
3078
4078
5879
6879
807a
107a
287b
387b
507c
607c
787d
087d
207e
307e
487f
586f
7070
0070
1871
2871
4072
5072
6873
7873
1074
2074
3875
4875
6076
7076
0877
1877
3078
4078
5879
6879
807a
107a
287b
387b
507c
607c
787d
087d
207e
307e
487f
586f
7070
0070
1871
2871
4072
5072
6873
7873
1074
2074
3875
4875
6076
7076
0877
1877
3078
4078
5879
6879
807a
107a
287b
387b
507c
607c
787d
087d
207e
307e
487f
586f
7070
0070
1871
2871
4072
5072
6873
7873
1074
2074
3875
4875
6076
7076
0877
1877
3078
4078
5879
6879
807a
107a
287b
387b
507c
607c
787d
087d
207e
307e
487f
586f
7070
00b1
18b1
28b2
40b2
50b3
68b3
78b4
10b4
20b5
38b5
48b6
60b6
70b7
08b7
18b8
30b8
40b9
58b9
68ba
80ba
10bb
28bb
38bc
50bc
60bd
78bd
08be
20be
30bf
48af
58b0
70b0
00b1
18b1
28b2
40b2
50b3
68b3
78b4
10b4
20b5
38b5
48b6
60b6
70b7
08b7
18b8
30b8
40b9
58b9
68ba
80ba
10bb
28bb
38bc
50bc
60bd
78bd
08be
20be
30bf
48af
58b0
70b0
00b1
18b1
28b2
40b2
50b3
68b3
78b4
10b4
20b5
38b5
48b6
60b6
70b7
08b7
18b8
30b8
40b9
58b9
68ba
80ba
10bb
28bb
38bc
50bc
60bd
78bd
08be
20be
30bf
48af
58b0
70b0
00b1
18b1
28b2
40b2
50b3
68b3
78b4
10b4
20b5
38b5
48b6
60b6
70b7
08b7
18b8
30b8
40b9
58b9
68ba
80ba
10bb
28bb
38bc
50bc
60bd
78bd
08be
20be
30bf
48af
58b0
70b0
00b1
18b1
28b2
40b2
50b3
68b3
78b4
10b4
20b5
38b5
48b6
60b6
70b7
08b7
18b8
30b8
40b9
58b9
68ba
80ba
10bb
28bb
38bc
50bc
60bd
78bd
08be
20be
30bf
48af
58b0
70b0
00b1
18b1
28b2
40b2
50b3
68b3
78b4
10b4
20b5
38b5
48b6
60b6
70b7
08b7
18b8
30b8
40b9
58b9
68ba
80ba
10bb
28bb
38bc
50bc
60bd
78bd
08be
20be
30bf
48af
58b0
70b0
00b1
18b1
28b2
40b2
50b3
68b3
78b4
10b4
20b5
38b5
48b6
60b6
70b7
08b7
18b8
30b8
40b9
58b9
68ba
80ba
10bb
28bb
38bc
50bc
60bd
78bd
08be
20be
30bf
48af
58b0
70b0
00b1
18b1
28b2
40b2
50b3
68b3
78b4
10b4
20b5
38b5
48b6
60b6
70b7
08b7
18b8
30b8
40b9
58b9
68ba
80ba
10bb
28bb
38bc
50bc
60bd
78bd
08be
20be
30bf
48af
58b0
70b0
00b1
18b1
28b2
40b2
50b3
68b3
78b4
10b4
20b5
38b5
48b6
60b6
70b7
08b7
18b8
30b8
40b9
58b9
68ba
80ba
10bb
28bb
38bc
50bc
60bd
78bd
08be
20be
30bf
48af
58b0
70b0
00d1
18d2
28d2
40d3
50d3
68d4
78d4
10d5
20d5
38d6
48d6
60d7
70d7
08d8
18d8
30d9
40d9
58da
68da
80db
10db
28dc
38dc
50dd
60dd
78de
08de
20df
30cf
48d0
58d0
70d1
00d1
18d2
28d2
40d3
50d3
68d4
78d4
10d5
20d5
38d6
48d6
60d7
70d7
08d8
18d8
30d9
40d9
58da
68da
80db
10db
28dc
38dc
50dd
60dd
78de
08de
20df
30cf
48d0
58d0
70d1
00d1
18d2
28d2
40d3
50d3
68d4
78d4
10d5
20d5
38d6
48d6
60d7
70d7
08d8
18d8
30d9
40d9
58da
68da
80db
10db
28dc
38dc
50dd
60dd
78de
08de
20df
30cf
48d0
58d0
70d1
00d1
18d2
28d2
40d3
50d3
68d4
78d4
10d5
20d5
38d6
48d6
60d7
70d7
08d8
18d8
30d9
40d9
58da
68da
80db
10db
28dc
38dc
50dd
60dd
78de
08de
20df
30cf
48d0
58d0
70d1
00d1
18d2
28d2
40d3
50d3
68d4
78d4
10d5
20d5
38d6
48d6
60d7
70d7
08d8
18d8
30d9
40d9
58da
68da
80db
10db
28dc
38dc
50dd
60dd
78de
08de
20df
30cf
48d0
58d0
70d1
00d1
18d2
28d2
40d3
50d3
68d4
78d4
10d5
20d5
38d6
48d6
60d7
70d7
08d8
18d8
30d9
40d9
58da
68da
80db
10db
28dc
38dc
50dd
60dd
78de
08de
20df
30cf
48d0
58d0
70d1
00d1
18d2
28d2
40d3
50d3
68d4
78d4
10d5
20d5
38d6
48d6
60d7
70d7
08d8
18d8
30d9
40d9
58da
68da
80db
10db
28dc
38dc
50dd
60dd
78de
08de
20df
30cf
48d0
58d0
70d1
00d1
18d2
28d2
40d3
50d3
68d4
78d4
10d5
20d5
38d6
48d6
60d7
70d7
08d8
18d8
30d9
40d9
58da
68da
80db
10db
28dc
38dc
50dd
60dd
78de
08de
20df
30cf
48d0
58d0
70d1
00d1
18d2
28d2
40d3
50d3
68d4
78d4
10d5
20d5
38d6
48d6
60d7
70d7
08d8
18d8
30d9
40d9
58da
68da
80db
10db
28dc
38dc
50dd
60dd
78de
08de
20df
30cf
48d0
58d0
70d1
0112
1912
2913
4113
5114
6914
7915
1115
2116
3916
4917
6117
7118
0918
1919
3119
411a
591a
691b
811b
111c
291c
391d
511d
611e
791e
091f
210f
3110
4910
5911
7111
0112
1912
2913
4113
5114
6914
7915
1115
2116
3916
4917
6117
7118
0918
1919
3119
411a
591a
691b
811b
111c
291c
391d
511d
611e
791e
091f
210f
3110
4910
5911
7111
0112
1912
2913
4113
5114
6914
7915
1115
2116
3916
4917
6117
7118
0918
1919
3119
411a
591a
691b
811b
111c
291c
391d
511d
611e
791e
091f
210f
3110
4910
5911
7111
0112
1912
2913
4113
5114
6914
7915
1115
2116
3916
4917
6117
7118
0918
1919
3119
411a
591a
691b
811b
111c
291c
391d
511d
611e
791e
091f
210f
3110
4910
5911
7111
0112
1912
2913
4113
5114
6914
7915
1115
2116
3916
4917
6117
7118
0918
1919
3119
411a
591a
691b
811b
111c
291c
391d
511d
611e
791e
091f
210f
3110
4910
5911
7111
0112
1912
2913
4113
5114
6914
7915
1115
2116
3916
4917
6117
7118
0918
1919
3119
411a
591a
691b
811b
111c
291c
391d
511d
611e
791e
091f
210f
3110
4910
5911
7111
0112
1912
2913
4113
5114
6914
7915
1115
2116
3916
4917
6117
7118
0918
1919
3119
411a
591a
691b
811b
111c
291c
391d
511d
611e
791e
091f
210f
3110
4910
5911
7111
0112
1912
2913
4113
5114
6914
7915
1115
2116
3916
4917
6117
7118
0918
1919
3119
411a
591a
691b
811b
111c
291c
391d
511d
611e
791e
091f
210f
3110
4910
5911
7111
0112
1912
2913
4113
5114
6914
7915
1115
2116
3916
4917
6117
7118
0918
1919
3119
411a
591a
691b
811b
111c
291c
391d
511d
611e
791e
091f
210f
3110
4910
5911
7111
0132
1933
2933
4134
5134
6935
7935
1136
2136
3937
4937
6138
7138
0939
1939
313a
413a
593b
693b
813c
113c
293d
393d
513e
613e
793f
092f
2130
3130
4931
5931
7132
0132
1933
2933
4134
5134
6935
7935
1136
2136
3937
4937
6138
7138
0939
1939
313a
413a
593b
693b
813c
113c
293d
393d
513e
613e
793f
092f
2130
3130
4931
5931
7132
0132
1933
2933
4134
5134
6935
7935
1136
2136
3937
4937
6138
7138
0939
1939
313a
413a
593b
693b
813c
113c
293d
393d
513e
613e
793f
092f
2130
3130
4931
5931
7132
0132
1933
2933
4134
5134
6935
7935
1136
2136
3937
4937
6138
7138
0939
1939
313a
413a
593b
693b
813c
113c
293d
393d
513e
613e
793f
092f
2130
3130
4931
5931
7132
0132
1933
2933
4134
5134
6935
7935
1136
2136
3937
4937
6138
7138
0939
1939
313a
413a
593b
693b
813c
113c
293d
393d
513e
613e
793f
092f
2130
3130
4931
5931
7132
0132
1933
2933
4134
5134
6935
7935
1136
2136
3937
4937
6138
7138
0939
1939
313a
413a
593b
693b
813c
113c
293d
393d
513e
613e
793f
092f
2130
3130
4931
5931
7132
0132
1933
2933
4134
5134
6935
7935
1136
2136
3937
4937
6138
7138
0939
1939
313a
413a
593b
693b
813c
113c
293d
393d
513e
613e
793f
092f
2130
3130
4931
5931
7132
0132
1933
2933
4134
5134
6935
7935
1136
2136
3937
4937
6138
7138
0939
1939
313a
413a
593b
693b
813c
113c
293d
393d
513e
613e
793f
092f
2130
3130
4931
5931
7132
0132
1933
2933
4134
5134
6935
7935
1136
2136
3937
4937
6138
7138
0939
1939
313a
413a
593b
693b
813c
113c
293d
393d
513e
613e
793f
092f
2130
3130
4931
5931
7132
0173
1973
2974
4174
5175
6975
7976
1176
2177
3977
4978
6178
7179
0979
197a
317a
417b
597b
697c
817c
117d
297d
397e
517e
617f
796f
0970
2170
3171
4971
5972
7172
0173
1973
2974
4174
5175
6975
7976
1176
2177
3977
4978
6178
7179
0979
197a
317a
417b
597b
697c
817c
117d
297d
397e
517e
617f
796f
0970
2170
3171
4971
5972
7172
0173
1973
2974
4174
5175
6975
7976
1176
2177
3977
4978
6178
7179
0979
197a
317a
417b
597b
697c
817c
117d
297d
397e
517e
617f
796f
0970
2170
3171
4971
5972
7172
0173
1973
2974
4174
5175
6975
7976
1176
2177
3977
4978
6178
7179
0979
197a
317a
417b
597b
697c
817c
117d
297d
397e
517e
617f
796f
0970
2170
3171
4971
5972
7172
0173
1973
2974
4174
5175
6975
7976
1176
2177
3977
4978
6178
7179
0979
197a
317a
417b
597b
697c
817c
117d
297d
397e
517e
617f
796f
0970
2170
3171
4971
5972
7172
0173
1973
2974
4174
5175
6975
7976
1176
2177
3977
4978
6178
7179
0979
197a
317a
417b
597b
697c
817c
117d
297d
397e
517e
617f
796f
0970
2170
3171
4971
5972
7172
0173
1973
2974
4174
5175
6975
7976
1176
2177
3977
4978
6178
7179
0979
197a
317a
417b
597b
697c
817c
117d
297d
397e
517e
617f
796f
0970
2170
3171
4971
5972
7172
0173
1973
2974
4174
5175
6975
7976
1176
2177
3977
4978
6178
7179
0979
197a
317a
417b
597b
697c
817c
117d
297d
397e
517e
617f
796f
0970
2170
3171
4971
5972
7172
0173
1973
2974
4174
5175
6975
7976
1176
2177
3977
4978
6178
7179
0979
197a
317a
417b
597b
697c
817c
117d
297d
397e
517e
617f
796f
0970
2170
3171
4971
5972
7172
0193
1994
2994
4195
5195
6996
7996
1197
2197
3998
4998
6199
7199
099a
199a
319b
419b
599c
699c
819d
119d
299e
399e
519f
618f
7990
0990
2191
3191
4992
5992
7193
0193
1994
2994
4195
5195
6996
7996
1197
2197
3998
4998
6199
7199
099a
199a
319b
419b
599c
699c
819d
119d
299e
399e
519f
618f
7990
0990
2191
3191
4992
5992
7193
0193
1994
2994
4195
5195
6996
7996
1197
2197
3998
4998
6199
7199
099a
199a
319b
419b
599c
699c
819d
119d
299e
399e
519f
618f
7990
0990
2191
3191
4992
5992
7193
0193
1994
2994
4195
5195
6996
7996
1197
2197
3998
4998
6199
7199
099a
199a
319b
419b
599c
699c
819d
119d
299e
399e
519f
618f
7990
0990
2191
3191
4992
5992
7193
0193
1994
2994
4195
5195
6996
7996
1197
2197
3998
4998
6199
7199
099a
199a
319b
419b
599c
699c
819d
119d
299e
399e
519f
618f
7990
0990
2191
3191
4992
5992
7193
0193
1994
2994
4195
5195
6996
7996
1197
2197
3998
4998
6199
7199
099a
199a
319b
419b
599c
699c
819d
119d
299e
399e
519f
618f
7990
0990
2191
3191
4992
5992
7193
0193
1994
2994
4195
5195
6996
7996
1197
2197
3998
4998
6199
7199
099a
199a
319b
419b
599c
699c
819d
119d
299e
399e
519f
618f
7990
0990
2191
3191
4992
5992
7193
0193
1994
2994
4195
5195
6996
7996
1197
2197
3998
4998
6199
7199
099a
199a
319b
419b
599c
699c
819d
119d
299e
399e
519f
618f
7990
0990
2191
3191
4992
5992
7193
0193
1994
2994
4195
5195
6996
7996
1197
2197
3998
4998
6199
7199
099a
199a
319b
419b
599c
699c
819d
119d
299e
399e
519f
618f
7990
0990
2191
3191
4992
5992
7193
01d4
19d4
29d5
41d5
51d6
69d6
79d7
11d7
21d8
39d8
49d9
61d9
71da
09da
19db
31db
41dc
59dc
69dd
81dd
11de
29de
39df
51cf
61d0
79d0
09d1
21d1
31d2
49d2
59d3
71d3
01d4
19d4
29d5
41d5
51d6
69d6
79d7
11d7
21d8
39d8
49d9
61d9
71da
09da
19db
31db
41dc
59dc
69dd
81dd
11de
29de
39df
51cf
61d0
79d0
09d1
21d1
31d2
49d2
59d3
71d3
01d4
19d4
29d5
41d5
51d6
69d6
79d7
11d7
21d8
39d8
49d9
61d9
71da
09da
19db
31db
41dc
59dc
69dd
81dd
11de
29de
39df
51cf
61d0
79d0
09d1
21d1
31d2
49d2
59d3
71d3
01d4
19d4
29d5
41d5
51d6
69d6
79d7
11d7
21d8
39d8
49d9
61d9
71da
09da
19db
31db
41dc
59dc
69dd
81dd
11de
29de
39df
51cf
61d0
79d0
09d1
21d1
31d2
49d2
59d3
71d3
01d4
19d4
29d5
41d5
51d6
69d6
79d7
11d7
21d8
39d8
49d9
61d9
71da
09da
19db
31db
41dc
59dc
69dd
81dd
11de
29de
39df
51cf
61d0
79d0
09d1
21d1
31d2
49d2
59d3
71d3
01d4
19d4
29d5
41d5
51d6
69d6
79d7
11d7
21d8
39d8
49d9
61d9
71da
09da
19db
31db
41dc
59dc
69dd
81dd
11de
29de
39df
51cf
61d0
79d0
09d1
21d1
31d2
49d2
59d3
71d3
01d4
19d4
29d5
41d5
51d6
69d6
79d7
11d7
21d8
39d8
49d9
61d9
71da
09da
19db
31db
41dc
59dc
69dd
81dd
11de
29de
39df
51cf
61d0
79d0
09d1
21d1
31d2
49d2
59d3
71d3
01d4
19d4
29d5
41d5
51d6
69d6
79d7
11d7
21d8
39d8
49d9
61d9
71da
09da
19db
31db
41dc
59dc
69dd
81dd
11de
29de
39df
51cf
61d0
79d0
09d1
21d1
31d2
49d2
59d3
71d3
01d4
19d4
29d5
41d5
51d6
69d6
79d7
11d7
21d8
39d8
49d9
61d9
71da
09da
19db
31db
41dc
59dc
69dd
81dd
11de
29de
39df
51cf
61d0
79d0
09d1
21d1
31d2
49d2
59d3
71d3
01f4
19f5
29f5
41f6
51f6
69f7
79f7
11f8
21f8
39f9
49f9
61fa
71fa
09fb
19fb
31fc
41fc
59fd
69fd
81fe
11fe
29ff
39ef
51f0
61f0
79f1
09f1
21f2
31f2
49f3
59f3
71f4
01f4
19f5
29f5
41f6
51f6
69f7
79f7
11f8
21f8
39f9
49f9
61fa
71fa
09fb
19fb
31fc
41fc
59fd
69fd
81fe
11fe
29ff
39ef
51f0
61f0
79f1
09f1
21f2
31f2
49f3
59f3
71f4
01f4
19f5
29f5
41f6
51f6
69f7
79f7
11f8
21f8
39f9
49f9
61fa
71fa
09fb
19fb
31fc
41fc
59fd
69fd
81fe
11fe
29ff
39ef
51f0
61f0
79f1
09f1
21f2
31f2
49f3
59f3
71f4
01f4
19f5
29f5
41f6
51f6
69f7
79f7
11f8
21f8
39f9
49f9
61fa
71fa
09fb
19fb
31fc
41fc
59fd
69fd
81fe
11fe
29ff
39ef
51f0
61f0
79f1
09f1
21f2
31f2
49f3
59f3
71f4
01f4
19f5
29f5
41f6
51f6
69f7
79f7
11f8
21f8
39f9
49f9
61fa
71fa
09fb
19fb
31fc
41fc
59fd
69fd
81fe
11fe
29ff
39ef
51f0
61f0
79f1
09f1
21f2
31f2
49f3
59f3
71f4
01f4
19f5
29f5
41f6
51f6
69f7
79f7
11f8
21f8
39f9
49f9
61fa
71fa
09fb
19fb
31fc
41fc
59fd
69fd
81fe
11fe
29ff
39ef
51f0
61f0
79f1
09f1
21f2
31f2
49f3
59f3
71f4
01f4
19f5
29f5
41f6
51f6
69f7
79f7
11f8
21f8
39f9
49f9
61fa
71fa
09fb
19fb
31fc
41fc
59fd
69fd
81fe
11fe
29ff
39ef
51f0
61f0
79f1
09f1
21f2
31f2
49f3
59f3
71f4
01f4
19f5
29f5
41f6
51f6
69f7
79f7
11f8
21f8
39f9
49f9
61fa
71fa
09fb
19fb
31fc
41fc
59fd
69fd
81fe
11fe
29ff
39ef
51f0
61f0
79f1
09f1
21f2
31f2
49f3
59f3
71f4
01f4
19f5
29f5
41f6
51f6
69f7
79f7
11f8
21f8
39f9
49f9
61fa
71fa
09fb
19fb
31fc
41fc
59fd
69fd
81fe
11fe
29ff
39ef
51f0
61f0
79f1
09f1
21f2
31f2
49f3
59f3
71f4
0235
1a35
2a36
4236
5237
6a37
7a38
1238
2239
3a39
4a3a
623a
723b
0a3b
1a3c
323c
423d
5a3d
6a3e
823e
123f
2a2f
3a30
5230
6231
7a31
0a32
2232
3233
4a33
5a34
7234
0235
1a35
2a36
4236
5237
6a37
7a38
1238
2239
3a39
4a3a
623a
723b
0a3b
1a3c
323c
423d
5a3d
6a3e
823e
123f
2a2f
3a30
5230
6231
7a31
0a32
2232
3233
4a33
5a34
7234
0235
1a35
2a36
4236
5237
6a37
7a38
1238
2239
3a39
4a3a
623a
723b
0a3b
1a3c
323c
423d
5a3d
6a3e
823e
123f
2a2f
3a30
5230
6231
7a31
0a32
2232
3233
4a33
5a34
7234
0235
1a35
2a36
4236
5237
6a37
7a38
1238
2239
3a39
4a3a
623a
723b
0a3b
1a3c
323c
423d
5a3d
6a3e
823e
123f
2a2f
3a30
5230
6231
7a31
0a32
2232
3233
4a33
5a34
7234
0235
1a35
2a36
4236
5237
6a37
7a38
1238
2239
3a39
4a3a
623a
723b
0a3b
1a3c
323c
423d
5a3d
6a3e
823e
123f
2a2f
3a30
5230
6231
7a31
0a32
2232
3233
4a33
5a34
7234
0235
1a35
2a36
4236
5237
6a37
7a38
1238
2239
3a39
4a3a
623a
723b
0a3b
1a3c
323c
423d
5a3d
6a3e
823e
123f
2a2f
3a30
5230
6231
7a31
0a32
2232
3233
4a33
5a34
7234
0235
1a35
2a36
4236
5237
6a37
7a38
1238
2239
3a39
4a3a
623a
723b
0a3b
1a3c
323c
423d
5a3d
6a3e
823e
123f
2a2f
3a30
5230
6231
7a31
0a32
2232
3233
4a33
5a34
7234
0235
1a35
2a36
4236
5237
6a37
7a38
1238
2239
3a39
4a3a
623a
723b
0a3b
1a3c
323c
423d
5a3d
6a3e
823e
123f
2a2f
3a30
5230
6231
7a31
0a32
2232
3233
4a33
5a34
7234
0235
1a35
2a36
4236
5237
6a37
7a38
1238
2239
3a39
4a3a
623a
723b
0a3b
1a3c
323c
423d
5a3d
6a3e
823e
123f
2a2f
3a30
5230
6231
7a31
0a32
2232
3233
4a33
5a34
7234
0255
1a56
2a56
4257
5257
6a58
7a58
1259
2259
3a5a
4a5a
625b
725b
0a5c
1a5c
325d
425d
5a5e
6a5e
825f
124f
2a50
3a50
5251
6251
7a52
0a52
2253
3253
4a54
5a54
7255
0255
1a56
2a56
4257
5257
6a58
7a58
1259
2259
3a5a
4a5a
625b
725b
0a5c
1a5c
325d
425d
5a5e
6a5e
825f
124f
2a50
3a50
5251
6251
7a52
0a52
2253
3253
4a54
5a54
7255
0255
1a56
2a56
4257
5257
6a58
7a58
1259
2259
3a5a
4a5a
625b
725b
0a5c
1a5c
325d
425d
5a5e
6a5e
825f
124f
2a50
3a50
5251
6251
7a52
0a52
2253
3253
4a54
5a54
7255
0255
1a56
2a56
4257
5257
6a58
7a58
1259
2259
3a5a
4a5a
625b
725b
0a5c
1a5c
325d
425d
5a5e
6a5e
825f
124f
2a50
3a50
5251
6251
7a52
0a52
2253
3253
4a54
5a54
7255
0255
1a56
2a56
4257
5257
6a58
7a58
1259
2259
3a5a
4a5a
625b
725b
0a5c
1a5c
325d
425d
5a5e
6a5e
825f
124f
2a50
3a50
5251
6251
7a52
0a52
2253
3253
4a54
5a54
7255
0255
1a56
2a56
4257
5257
6a58
7a58
1259
2259
3a5a
4a5a
625b
725b
0a5c
1a5c
325d
425d
5a5e
6a5e
825f
124f
2a50
3a50
5251
6251
7a52
0a52
2253
3253
4a54
5a54
7255
0255
1a56
2a56
4257
5257
6a58
7a58
1259
2259
3a5a
4a5a
625b
725b
0a5c
1a5c
325d
425d
5a5e
6a5e
825f
124f
2a50
3a50
5251
6251
7a52
0a52
2253
3253
4a54
5a54
7255
0255
1a56
2a56
4257
5257
6a58
7a58
1259
2259
3a5a
4a5a
625b
725b
0a5c
1a5c
325d
425d
5a5e
6a5e
825f
124f
2a50
3a50
5251
6251
7a52
0a52
2253
3253
4a54
5a54
7255
0255
1a56
2a56
4257
5257
6a58
7a58
1259
2259
3a5a
4a5a
625b
725b
0a5c
1a5c
325d
425d
5a5e
6a5e
825f
124f
2a50
3a50
5251
6251
7a52
0a52
2253
3253
4a54
5a54
7255
0296
1a96
2a97
4297
5298
6a98
7a99
1299
229a
3a9a
4a9b
629b
729c
0a9c
1a9d
329d
429e
5a9e
6a9f
828f
1290
2a90
3a91
5291
6292
7a92
0a93
2293
3294
4a94
5a95
7295
0296
1a96
2a97
4297
5298
6a98
7a99
1299
229a
3a9a
4a9b
629b
729c
0a9c
1a9d
329d
429e
5a9e
6a9f
828f
1290
2a90
3a91
5291
6292
7a92
0a93
2293
3294
4a94
5a95
7295
0296
1a96
2a97
4297
5298
6a98
7a99
1299
229a
3a9a
4a9b
629b
729c
0a9c
1a9d
329d
429e
5a9e
6a9f
828f
1290
2a90
3a91
5291
6292
7a92
0a93
2293
3294
4a94
5a95
7295
0296
1a96
2a97
4297
5298
6a98
7a99
1299
229a
3a9a
4a9b
629b
729c
0a9c
1a9d
329d
429e
5a9e
6a9f
828f
1290
2a90
3a91
5291
6292
7a92
0a93
2293
3294
4a94
5a95
7295
0296
1a96
2a97
4297
5298
6a98
7a99
1299
229a
3a9a
4a9b
629b
729c
0a9c
1a9d
329d
429e
5a9e
6a9f
828f
1290
2a90
3a91
5291
6292
7a92
0a93
2293
3294
4a94
5a95
7295
0296
1a96
2a97
4297
5298
6a98
7a99
1299
229a
3a9a
4a9b
629b
729c
0a9c
1a9d
329d
429e
5a9e
6a9f
828f
1290
2a90
3a91
5291
6292
7a92
0a93
2293
3294
4a94
5a95
7295
0296
1a96
2a97
4297
5298
6a98
7a99
1299
229a
3a9a
4a9b
629b
729c
0a9c
1a9d
329d
429e
5a9e
6a9f
828f
1290
2a90
3a91
5291
6292
7a92
0a93
2293
3294
4a94
5a95
7295
0296
1a96
2a97
4297
5298
6a98
7a99
1299
229a
3a9a
4a9b
629b
729c
0a9c
1a9d
329d
429e
5a9e
6a9f
828f
1290
2a90
3a91
5291
6292
7a92
0a93
2293
3294
4a94
5a95
7295
0296
1a96
2a97
4297
5298
6a98
7a99
1299
229a
3a9a
4a9b
629b
729c
0a9c
1a9d
329d
429e
5a9e
6a9f
828f
1290
2a90
3a91
5291
6292
7a92
0a93
2293
3294
4a94
5a95
7295
02b6
1ab7
2ab7
42b8
52b8
6ab9
7ab9
12ba
22ba
3abb
4abb
62bc
72bc
0abd
1abd
32be
42be
5abf
6aaf
82b0
12b0
2ab1
3ab1
52b2
62b2
7ab3
0ab3
22b4
32b4
4ab5
5ab5
72b6
02b6
1ab7
2ab7
42b8
52b8
6ab9
7ab9
12ba
22ba
3abb
4abb
62bc
72bc
0abd
1abd
32be
42be
5abf
6aaf
82b0
12b0
2ab1
3ab1
52b2
62b2
7ab3
0ab3
22b4
32b4
4ab5
5ab5
72b6
02b6
1ab7
2ab7
42b8
52b8
6ab9
7ab9
12ba
22ba
3abb
4abb
62bc
72bc
0abd
1abd
32be
42be
5abf
6aaf
82b0
12b0
2ab1
3ab1
52b2
62b2
7ab3
0ab3
22b4
32b4
4ab5
5ab5
72b6
02b6
1ab7
2ab7
42b8
52b8
6ab9
7ab9
12ba
22ba
3abb
4abb
62bc
72bc
0abd
1abd
32be
42be
5abf
6aaf
82b0
12b0
2ab1
3ab1
52b2
62b2
7ab3
0ab3
22b4
32b4
4ab5
5ab5
72b6
02b6
1ab7
2ab7
42b8
52b8
6ab9
7ab9
12ba
22ba
3abb
4abb
62bc
72bc
0abd
1abd
32be
42be
5abf
6aaf
82b0
12b0
2ab1
3ab1
52b2
62b2
7ab3
0ab3
22b4
32b4
4ab5
5ab5
72b6
02b6
1ab7
2ab7
42b8
52b8
6ab9
7ab9
12ba
22ba
3abb
4abb
62bc
72bc
0abd
1abd
32be
42be
5abf
6aaf
82b0
12b0
2ab1
3ab1
52b2
62b2
7ab3
0ab3
22b4
32b4
4ab5
5ab5
72b6
02b6
1ab7
2ab7
42b8
52b8
6ab9
7ab9
12ba
22ba
3abb
4abb
62bc
72bc
0abd
1abd
32be
42be
5abf
6aaf
82b0
12b0
2ab1
3ab1
52b2
62b2
7ab3
0ab3
22b4
32b4
4ab5
5ab5
72b6
02b6
1ab7
2ab7
42b8
52b8
6ab9
7ab9
12ba
22ba
3abb
4abb
62bc
72bc
0abd
1abd
32be
42be
5abf
6aaf
82b0
12b0
2ab1
3ab1
52b2
62b2
7ab3
0ab3
22b4
32b4
4ab5
5ab5
72b6
02b6
1ab7
2ab7
42b8
52b8
6ab9
7ab9
12ba
22ba
3abb
4abb
62bc
72bc
0abd
1abd
32be
42be
5abf
6aaf
82b0
12b0
2ab1
3ab1
52b2
62b2
7ab3
0ab3
22b4
32b4
4ab5
5ab5
72b6
02f7
1af7
2af8
42f8
52f9
6af9
7afa
12fa
22fb
3afb
4afc
62fc
72fd
0afd
1afe
32fe
42ff
5aef
6af0
82f0
12f1
2af1
3af2
52f2
62f3
7af3
0af4
22f4
32f5
4af5
5af6
72f6
02f7
1af7
2af8
42f8
52f9
6af9
7afa
12fa
22fb
3afb
4afc
62fc
72fd
0afd
1afe
32fe
42ff
5aef
6af0
82f0
12f1
2af1
3af2
52f2
62f3
7af3
0af4
22f4
32f5
4af5
5af6
72f6
02f7
1af7
2af8
42f8
52f9
6af9
7afa
12fa
22fb
3afb
4afc
62fc
72fd
0afd
1afe
32fe
42ff
5aef
6af0
82f0
12f1
2af1
3af2
52f2
62f3
7af3
0af4
22f4
32f5
4af5
5af6
72f6
02f7
1af7
2af8
42f8
52f9
6af9
7afa
12fa
22fb
3afb
4afc
62fc
72fd
0afd
1afe
32fe
42ff
5aef
6af0
82f0
12f1
2af1
3af2
52f2
62f3
7af3
0af4
22f4
32f5
4af5
5af6
72f6
02f7
1af7
2af8
42f8
52f9
6af9
7afa
12fa
22fb
3afb
4afc
62fc
72fd
0afd
1afe
32fe
42ff
5aef
6af0
82f0
12f1
2af1
3af2
52f2
62f3
7af3
0af4
22f4
32f5
4af5
5af6
72f6
02f7
1af7
2af8
42f8
52f9
6af9
7afa
12fa
22fb
3afb
4afc
62fc
72fd
0afd
1afe
32fe
42ff
5aef
6af0
82f0
12f1
2af1
3af2
52f2
62f3
7af3
0af4
22f4
32f5
4af5
5af6
72f6
02f7
1af7
2af8
42f8
52f9
6af9
7afa
12fa
22fb
3afb
4afc
62fc
72fd
0afd
1afe
32fe
42ff
5aef
6af0
82f0
12f1
2af1
3af2
52f2
62f3
7af3
0af4
22f4
32f5
4af5
5af6
72f6
02f7
1af7
2af8
42f8
52f9
6af9
7afa
12fa
22fb
3afb
4afc
62fc
72fd
0afd
1afe
32fe
42ff
5aef
6af0
82f0
12f1
2af1
3af2
52f2
62f3
7af3
0af4
22f4
32f5
4af5
5af6
72f6
02f7
1af7
2af8
42f8
52f9
6af9
7afa
12fa
22fb
3afb
4afc
62fc
72fd
0afd
1afe
32fe
42ff
5aef
6af0
82f0
12f1
2af1
3af2
52f2
62f3
7af3
0af4
22f4
32f5
4af5
5af6
72f6
0317
1b18
2b18
4319
5319
6b1a
7b1a
131b
231b
3b1c
4b1c
631d
731d
0b1e
1b1e
331f
430f
5b10
6b10
8311
1311
2b12
3b12
5313
6313
7b14
0b14
2315
3315
4b16
5b16
7317
0317
1b18
2b18
4319
5319
6b1a
7b1a
131b
231b
3b1c
4b1c
631d
731d
0b1e
1b1e
331f
430f
5b10
6b10
8311
1311
2b12
3b12
5313
6313
7b14
0b14
2315
3315
4b16
5b16
7317
0317
1b18
2b18
4319
5319
6b1a
7b1a
131b
231b
3b1c
4b1c
631d
731d
0b1e
1b1e
331f
430f
5b10
6b10
8311
1311
2b12
3b12
5313
6313
7b14
0b14
2315
3315
4b16
5b16
7317
0317
1b18
2b18
4319
5319
6b1a
7b1a
131b
231b
3b1c
4b1c
631d
731d
0b1e
1b1e
331f
430f
5b10
6b10
8311
1311
2b12
3b12
5313
6313
7b14
0b14
2315
3315
4b16
5b16
7317
0317
1b18
2b18
4319
5319
6b1a
7b1a
131b
231b
3b1c
4b1c
631d
731d
0b1e
1b1e
331f
430f
5b10
6b10
8311
1311
2b12
3b12
5313
6313
7b14
0b14
2315
3315
4b16
5b16
7317
0317
1b18
2b18
4319
5319
6b1a
7b1a
131b
231b
3b1c
4b1c
631d
731d
0b1e
1b1e
331f
430f
5b10
6b10
8311
1311
2b12
3b12
5313
6313
7b14
0b14
2315
3315
4b16
5b16
7317
0317
1b18
2b18
4319
5319
6b1a
7b1a
131b
231b
3b1c
4b1c
631d
731d
0b1e
1b1e
331f
430f
5b10
6b10
8311
1311
2b12
3b12
5313
6313
7b14
0b14
2315
3315
4b16
5b16
7317
0317
1b18
2b18
4319
5319
6b1a
7b1a
131b
231b
3b1c
4b1c
631d
731d
0b1e
1b1e
331f
430f
5b10
6b10
8311
1311
2b12
3b12
5313
6313
7b14
0b14
2315
3315
4b16
5b16
7317
0317
1b18
2b18
4319
5319
6b1a
7b1a
131b
231b
3b1c
4b1c
631d
731d
0b1e
1b1e
331f
430f
5b10
6b10
8311
1311
2b12
3b12
5313
6313
7b14
0b14
2315
3315
4b16
5b16
7317
0358
1b58
2b59
4359
535a
6b5a
7b5b
135b
235c
3b5c
4b5d
635d
735e
0b5e
1b5f
334f
4350
5b50
6b51
8351
1352
2b52
3b53
5353
6354
7b54
0b55
2355
3356
4b56
5b57
7357
0358
1b58
2b59
4359
535a
6b5a
7b5b
135b
235c
3b5c
4b5d
635d
735e
0b5e
1b5f
334f
4350
5b50
6b51
8351
1352
2b52
3b53
5353
6354
7b54
0b55
2355
3356
4b56
5b57
7357
0358
1b58
2b59
4359
535a
6b5a
7b5b
135b
235c
3b5c
4b5d
635d
735e
0b5e
1b5f
334f
4350
5b50
6b51
8351
1352
2b52
3b53
5353
6354
7b54
0b55
2355
3356
4b56
5b57
7357
0358
1b58
2b59
4359
535a
6b5a
7b5b
135b
235c
3b5c
4b5d
635d
735e
0b5e
1b5f
334f
4350
5b50
6b51
8351
1352
2b52
3b53
5353
6354
7b54
0b55
2355
3356
4b56
5b57
7357
0358
1b58
2b59
4359
535a
6b5a
7b5b
135b
235c
3b5c
4b5d
635d
735e
0b5e
1b5f
334f
4350
5b50
6b51
8351
1352
2b52
3b53
5353
6354
7b54
0b55
2355
3356
4b56
5b57
7357
0358
1b58
2b59
4359
535a
6b5a
7b5b
135b
235c
3b5c
4b5d
635d
735e
0b5e
1b5f
334f
4350
5b50
6b51
8351
1352
2b52
3b53
5353
6354
7b54
0b55
2355
3356
4b56
5b57
7357
0358
1b58
2b59
4359
535a
6b5a
7b5b
135b
235c
3b5c
4b5d
635d
735e
0b5e
1b5f
334f
4350
5b50
6b51
8351
1352
2b52
3b53
5353
6354
7b54
0b55
2355
3356
4b56
5b57
7357
0358
1b58
2b59
4359
535a
6b5a
7b5b
135b
235c
3b5c
4b5d
635d
735e
0b5e
1b5f
334f
4350
5b50
6b51
8351
1352
2b52
3b53
5353
6354
7b54
0b55
2355
3356
4b56
5b57
7357
0358
1b58
2b59
4359
535a
6b5a
7b5b
135b
235c
3b5c
4b5d
635d
735e
0b5e
1b5f
334f
4350
5b50
6b51
8351
1352
2b52
3b53
5353
6354
7b54
0b55
2355
3356
4b56
5b57
7357
0378
1b79
2b79
437a
537a
6b7b
7b7b
137c
237c
3b7d
4b7d
637e
737e
0b7f
1b6f
3370
4370
5b71
6b71
8372
1372
2b73
3b73
5374
6374
7b75
0b75
2376
3376
4b77
5b77
7378
0378
1b79
2b79
437a
537a
6b7b
7b7b
137c
237c
3b7d
4b7d
637e
737e
0b7f
1b6f
3370
4370
5b71
6b71
8372
1372
2b73
3b73
5374
6374
7b75
0b75
2376
3376
4b77
5b77
7378
0378
1b79
2b79
437a
537a
6b7b
7b7b
137c
237c
3b7d
4b7d
637e
737e
0b7f
1b6f
3370
4370
5b71
6b71
8372
1372
2b73
3b73
5374
6374
7b75
0b75
2376
3376
4b77
5b77
7378
0378
1b79
2b79
437a
537a
6b7b
7b7b
137c
237c
3b7d
4b7d
637e
737e
0b7f
1b6f
3370
4370
5b71
6b71
8372
1372
2b73
3b73
5374
6374
7b75
0b75
2376
3376
4b77
5b77
7378
0378
1b79
2b79
437a
537a
6b7b
7b7b
137c
237c
3b7d
4b7d
637e
737e
0b7f
1b6f
3370
4370
5b71
6b71
8372
1372
2b73
3b73
5374
6374
7b75
0b75
2376
3376
4b77
5b77
7378
0378
1b79
2b79
437a
537a
6b7b
7b7b
137c
237c
3b7d
4b7d
637e
737e
0b7f
1b6f
3370
4370
5b71
6b71
8372
1372
2b73
3b73
5374
6374
7b75
0b75
2376
3376
4b77
5b77
7378
0378
1b79
2b79
437a
537a
6b7b
7b7b
137c
237c
3b7d
4b7d
637e
737e
0b7f
1b6f
3370
4370
5b71
6b71
8372
1372
2b73
3b73
5374
6374
7b75
0b75
2376
3376
4b77
5b77
7378
0378
1b79
2b79
437a
537a
6b7b
7b7b
137c
237c
3b7d
4b7d
637e
737e
0b7f
1b6f
3370
4370
5b71
6b71
8372
1372
2b73
3b73
5374
6374
7b75
0b75
2376
3376
4b77
5b77
7378
0378
1b79
2b79
437a
537a
6b7b
7b7b
137c
237c
3b7d
4b7d
637e
737e
0b7f
1b6f
3370
4370
5b71
6b71
8372
1372
2b73
3b73
5374
6374
7b75
0b75
2376
3376
4b77
5b77
7378
03b9
1bb9
2bba
43ba
53bb
6bbb
7bbc
13bc
23bd
3bbd
4bbe
63be
73bf
0baf
1bb0
33b0
43b1
5bb1
6bb2
83b2
13b3
2bb3
3bb4
53b4
63b5
7bb5
0bb6
23b6
33b7
4bb7
5bb8
73b8
03b9
1bb9
2bba
43ba
53bb
6bbb
7bbc
13bc
23bd
3bbd
4bbe
63be
73bf
0baf
1bb0
33b0
43b1
5bb1
6bb2
83b2
13b3
2bb3
3bb4
53b4
63b5
7bb5
0bb6
23b6
33b7
4bb7
5bb8
73b8
03b9
1bb9
2bba
43ba
53bb
6bbb
7bbc
13bc
23bd
3bbd
4bbe
63be
73bf
0baf
1bb0
33b0
43b1
5bb1
6bb2
83b2
13b3
2bb3
3bb4
53b4
63b5
7bb5
0bb6
23b6
33b7
4bb7
5bb8
73b8
03b9
1bb9
2bba
43ba
53bb
6bbb
7bbc
13bc
23bd
3bbd
4bbe
63be
73bf
0baf
1bb0
33b0
43b1
5bb1
6bb2
83b2
13b3
2bb3
3bb4
53b4
63b5
7bb5
0bb6
23b6
33b7
4bb7
5bb8
73b8
03b9
1bb9
2bba
43ba
53bb
6bbb
7bbc
13bc
23bd
3bbd
4bbe
63be
73bf
0baf
1bb0
33b0
43b1
5bb1
6bb2
83b2
13b3
2bb3
3bb4
53b4
63b5
7bb5
0bb6
23b6
33b7
4bb7
5bb8
73b8
03b9
1bb9
2bba
43ba
53bb
6bbb
7bbc
13bc
23bd
3bbd
4bbe
63be
73bf
0baf
1bb0
33b0
43b1
5bb1
6bb2
83b2
13b3
2bb3
3bb4
53b4
63b5
7bb5
0bb6
23b6
33b7
4bb7
5bb8
73b8
03b9
1bb9
2bba
43ba
53bb
6bbb
7bbc
13bc
23bd
3bbd
4bbe
63be
73bf
0baf
1bb0
33b0
43b1
5bb1
6bb2
83b2
13b3
2bb3
3bb4
53b4
63b5
7bb5
0bb6
23b6
33b7
4bb7
5bb8
73b8
03b9
1bb9
2bba
43ba
53bb
6bbb
7bbc
13bc
23bd
3bbd
4bbe
63be
73bf
0baf
1bb0
33b0
43b1
5bb1
6bb2
83b2
13b3
2bb3
3bb4
53b4
63b5
7bb5
0bb6
23b6
33b7
4bb7
5bb8
73b8
03b9
1bb9
2bba
43ba
53bb
6bbb
7bbc
13bc
23bd
3bbd
4bbe
63be
73bf
0baf
1bb0
33b0
43b1
5bb1
6bb2
83b2
13b3
2bb3
3bb4
53b4
63b5
7bb5
0bb6
23b6
33b7
4bb7
5bb8
73b8
03d9
1bda
2bda
43db
53db
6bdc
7bdc
13dd
23dd
3bde
4bde
63df
73cf
0bd0
1bd0
33d1
43d1
5bd2
6bd2
83d3
13d3
2bd4
3bd4
53d5
63d5
7bd6
0bd6
23d7
33d7
4bd8
5bd8
73d9
03d9
1bda
2bda
43db
53db
6bdc
7bdc
13dd
23dd
3bde
4bde
63df
73cf
0bd0
1bd0
33d1
43d1
5bd2
6bd2
83d3
13d3
2bd4
3bd4
53d5
63d5
7bd6
0bd6
23d7
33d7
4bd8
5bd8
73d9
03d9
1bda
2bda
43db
53db
6bdc
7bdc
13dd
23dd
3bde
4bde
63df
73cf
0bd0
1bd0
33d1
43d1
5bd2
6bd2
83d3
13d3
2bd4
3bd4
53d5
63d5
7bd6
0bd6
23d7
33d7
4bd8
5bd8
73d9
03d9
1bda
2bda
43db
53db
6bdc
7bdc
13dd
23dd
3bde
4bde
63df
73cf
0bd0
1bd0
33d1
43d1
5bd2
6bd2
83d3
13d3
2bd4
3bd4
53d5
63d5
7bd6
0bd6
23d7
33d7
4bd8
5bd8
73d9
03d9
1bda
2bda
43db
53db
6bdc
7bdc
13dd
23dd
3bde
4bde
63df
73cf
0bd0
1bd0
33d1
43d1
5bd2
6bd2
83d3
13d3
2bd4
3bd4
53d5
63d5
7bd6
0bd6
23d7
33d7
4bd8
5bd8
73d9
03d9
1bda
2bda
43db
53db
6bdc
7bdc
13dd
23dd
3bde
4bde
63df
73cf
0bd0
1bd0
33d1
43d1
5bd2
6bd2
83d3
13d3
2bd4
3bd4
53d5
63d5
7bd6
0bd6
23d7
33d7
4bd8
5bd8
73d9
03d9
1bda
2bda
43db
53db
6bdc
7bdc
13dd
23dd
3bde
4bde
63df
73cf
0bd0
1bd0
33d1
43d1
5bd2
6bd2
83d3
13d3
2bd4
3bd4
53d5
63d5
7bd6
0bd6
23d7
33d7
4bd8
5bd8
73d9
03d9
1bda
2bda
43db
53db
6bdc
7bdc
13dd
23dd
3bde
4bde
63df
73cf
0bd0
1bd0
33d1
43d1
5bd2
6bd2
83d3
13d3
2bd4
3bd4
53d5
63d5
7bd6
0bd6
23d7
33d7
4bd8
5bd8
73d9
03d9
1bda
2bda
43db
53db
6bdc
7bdc
13dd
23dd
3bde
4bde
63df
73cf
0bd0
1bd0
33d1
43d1
5bd2
6bd2
83d3
13d3
2bd4
3bd4
53d5
63d5
7bd6
0bd6
23d7
33d7
4bd8
5bd8
73d9
041a
1c1a
2c1b
441b
541c
6c1c
7c1d
141d
241e
3c1e
4c1f
640f
7410
0c10
1c11
3411
4412
5c12
6c13
8413
1414
2c14
3c15
5415
6416
7c16
0c17
2417
3418
4c18
5c19
7419
041a
1c1a
2c1b
441b
541c
6c1c
7c1d
141d
241e
3c1e
4c1f
640f
7410
0c10
1c11
3411
4412
5c12
6c13
8413
1414
2c14
3c15
5415
6416
7c16
0c17
2417
3418
4c18
5c19
7419
041a
1c1a
2c1b
441b
541c
6c1c
7c1d
141d
241e
3c1e
4c1f
640f
7410
0c10
1c11
3411
4412
5c12
6c13
8413
1414
2c14
3c15
5415
6416
7c16
0c17
2417
3418
4c18
5c19
7419
041a
1c1a
2c1b
441b
541c
6c1c
7c1d
141d
241e
3c1e
4c1f
640f
7410
0c10
1c11
3411
4412
5c12
6c13
8413
1414
2c14
3c15
5415
6416
7c16
0c17
2417
3418
4c18
5c19
7419
041a
1c1a
2c1b
441b
541c
6c1c
7c1d
141d
241e
3c1e
4c1f
640f
7410
0c10
1c11
3411
4412
5c12
6c13
8413
1414
2c14
3c15
5415
6416
7c16
0c17
2417
3418
4c18
5c19
7419
041a
1c1a
2c1b
441b
541c
6c1c
7c1d
141d
241e
3c1e
4c1f
640f
7410
0c10
1c11
3411
4412
5c12
6c13
8413
1414
2c14
3c15
5415
6416
7c16
0c17
2417
3418
4c18
5c19
7419
041a
1c1a
2c1b
441b
541c
6c1c
7c1d
141d
241e
3c1e
4c1f
640f
7410
0c10
1c11
3411
4412
5c12
6c13
8413
1414
2c14
3c15
5415
6416
7c16
0c17
2417
3418
4c18
5c19
7419
041a
1c1a
2c1b
441b
541c
6c1c
7c1d
141d
241e
3c1e
4c1f
640f
7410
0c10
1c11
3411
4412
5c12
6c13
8413
1414
2c14
3c15
5415
6416
7c16
0c17
2417
3418
4c18
5c19
7419
041a
1c1a
2c1b
441b
541c
6c1c
7c1d
141d
241e
3c1e
4c1f
640f
7410
0c10
1c11
3411
4412
5c12
6c13
8413
1414
2c14
3c15
5415
6416
7c16
0c17
2417
3418
4c18
5c19
7419
003a
183b
283b
403c
503c
683d
783d
103e
203e
383f
482f
6030
7030
0831
1831
3032
4032
5833
6833
8034
1034
2835
3835
5036
6036
7837
0837
2038
3038
4839
5839
703a
003a
183b
283b
403c
503c
683d
783d
103e
203e
383f
482f
6030
7030
0831
1831
3032
4032
5833
6833
8034
1034
2835
3835
5036
6036
7837
0837
2038
3038
4839
5839
703a
003a
183b
283b
403c
503c
683d
783d
103e
203e
383f
482f
6030
7030
0831
1831
3032
4032
5833
6833
8034
1034
2835
3835
5036
6036
7837
0837
2038
3038
4839
5839
703a
003a
183b
283b
403c
503c
683d
783d
103e
203e
383f
482f
6030
7030
0831
1831
3032
4032
5833
6833
8034
1034
2835
3835
5036
6036
7837
0837
2038
3038
4839
5839
703a
003a
183b
283b
403c
503c
683d
783d
103e
203e
383f
482f
6030
7030
0831
1831
3032
4032
5833
6833
8034
1034
2835
3835
5036
6036
7837
0837
2038
3038
4839
5839
703a
003a
183b
283b
403c
503c
683d
783d
103e
203e
383f
482f
6030
7030
0831
1831
3032
4032
5833
6833
8034
1034
2835
3835
5036
6036
7837
0837
2038
3038
4839
5839
703a
003a
183b
283b
403c
503c
683d
783d
103e
203e
383f
482f
6030
7030
0831
1831
3032
4032
5833
6833
8034
1034
2835
3835
5036
6036
7837
0837
2038
3038
4839
5839
703a
003a
183b
283b
403c
503c
683d
783d
103e
203e
383f
482f
6030
7030
0831
1831
3032
4032
5833
6833
8034
1034
2835
3835
5036
6036
7837
0837
2038
3038
4839
5839
703a
003a
183b
283b
403c
503c
683d
783d
103e
203e
383f
482f
6030
7030
0831
1831
3032
4032
5833
6833
8034
1034
2835
3835
5036
6036
7837
0837
2038
3038
4839
5839
703a
007b
187b
287c
407c
507d
687d
787e
107e
207f
386f
4870
6070
7071
0871
1872
3072
4073
5873
6874
8074
1075
2875
3876
5076
6077
7877
0878
2078
3079
4879
587a
707a
007b
187b
287c
407c
507d
687d
787e
107e
207f
386f
4870
6070
7071
0871
1872
3072
4073
5873
6874
8074
1075
2875
3876
5076
6077
7877
0878
2078
3079
4879
587a
707a
007b
187b
287c
407c
507d
687d
787e
107e
207f
386f
4870
6070
7071
0871
1872
3072
4073
5873
6874
8074
1075
2875
3876
5076
6077
7877
0878
2078
3079
4879
587a
707a
007b
187b
287c
407c
507d
687d
787e
107e
207f
386f
4870
6070
7071
0871
1872
3072
4073
5873
6874
8074
1075
2875
3876
5076
6077
7877
0878
2078
3079
4879
587a
707a
007b
187b
287c
407c
507d
687d
787e
107e
207f
386f
4870
6070
7071
0871
1872
3072
4073
5873
6874
8074
1075
2875
3876
5076
6077
7877
0878
2078
3079
4879
587a
707a
007b
187b
287c
407c
507d
687d
787e
107e
207f
386f
4870
6070
7071
0871
1872
3072
4073
5873
6874
8074
1075
2875
3876
5076
6077
7877
0878
2078
3079
4879
587a
707a
007b
187b
287c
407c
507d
687d
787e
107e
207f
386f
4870
6070
7071
0871
1872
3072
4073
5873
6874
8074
1075
2875
3876
5076
6077
7877
0878
2078
3079
4879
587a
707a
007b
187b
287c
407c
507d
687d
787e
107e
207f
386f
4870
6070
7071
0871
1872
3072
4073
5873
6874
8074
1075
2875
3876
5076
6077
7877
0878
2078
3079
4879
587a
707a
007b
187b
287c
407c
507d
687d
787e
107e
207f
386f
4870
6070
7071
0871
1872
3072
4073
5873
6874
8074
1075
2875
3876
5076
6077
7877
0878
2078
3079
4879
587a
707a
009b
189c
289c
409d
509d
689e
789e
109f
208f
3890
4890
6091
7091
0892
1892
3093
4093
5894
6894
8095
1095
2896
3896
5097
6097
7898
0898
2099
3099
489a
589a
709b
009b
189c
289c
409d
509d
689e
789e
109f
208f
3890
4890
6091
7091
0892
1892
3093
4093
5894
6894
8095
1095
2896
3896
5097
6097
7898
0898
2099
3099
489a
589a
709b
009b
189c
289c
409d
509d
689e
789e
109f
208f
3890
4890
6091
7091
0892
1892
3093
4093
5894
6894
8095
1095
2896
3896
5097
6097
7898
0898
2099
3099
489a
589a
709b
009b
189c
289c
409d
509d
689e
789e
109f
208f
3890
4890
6091
7091
0892
1892
3093
4093
5894
6894
8095
1095
2896
3896
5097
6097
7898
0898
2099
3099
489a
589a
709b
009b
189c
289c
409d
509d
689e
789e
109f
208f
3890
4890
6091
7091
0892
1892
3093
4093
5894
6894
8095
1095
2896
3896
5097
6097
7898
0898
2099
3099
489a
589a
709b
009b
189c
289c
409d
509d
689e
789e
109f
208f
3890
4890
6091
7091
0892
1892
3093
4093
5894
6894
8095
1095
2896
3896
5097
6097
7898
0898
2099
3099
489a
589a
709b
009b
189c
289c
409d
509d
689e
789e
109f
208f
3890
4890
6091
7091
0892
1892
3093
4093
5894
6894
8095
1095
2896
3896
5097
6097
7898
0898
2099
3099
489a
589a
709b
009b
189c
289c
409d
509d
689e
789e
109f
208f
3890
4890
6091
7091
0892
1892
3093
4093
5894
6894
8095
1095
2896
3896
5097
6097
7898
0898
2099
3099
489a
589a
709b
009b
189c
289c
409d
509d
689e
789e
109f
208f
3890
4890
6091
7091
0892
1892
3093
4093
5894
6894
8095
1095
2896
3896
5097
6097
7898
0898
2099
3099
489a
589a
709b
00dc
18dc
28dd
40dd
50de
68de
78df
10cf
20d0
38d0
48d1
60d1
70d2
08d2
18d3
30d3
40d4
58d4
68d5
80d5
10d6
28d6
38d7
50d7
60d8
78d8
08d9
20d9
30da
48da
58db
70db
00dc
18dc
28dd
40dd
50de
68de
78df
10cf
20d0
38d0
48d1
60d1
70d2
08d2
18d3
30d3
40d4
58d4
68d5
80d5
10d6
28d6
38d7
50d7
60d8
78d8
08d9
20d9
30da
48da
58db
70db
00dc
18dc
28dd
40dd
50de
68de
78df
10cf
20d0
38d0
48d1
60d1
70d2
08d2
18d3
30d3
40d4
58d4
68d5
80d5
10d6
28d6
38d7
50d7
60d8
78d8
08d9
20d9
30da
48da
58db
70db
00dc
18dc
28dd
40dd
50de
68de
78df
10cf
20d0
38d0
48d1
60d1
70d2
08d2
18d3
30d3
40d4
58d4
68d5
80d5
10d6
28d6
38d7
50d7
60d8
78d8
08d9
20d9
30da
48da
58db
70db
00dc
18dc
28dd
40dd
50de
68de
78df
10cf
20d0
38d0
48d1
60d1
70d2
08d2
18d3
30d3
40d4
58d4
68d5
80d5
10d6
28d6
38d7
50d7
60d8
78d8
08d9
20d9
30da
48da
58db
70db
00dc
18dc
28dd
40dd
50de
68de
78df
10cf
20d0
38d0
48d1
60d1
70d2
08d2
18d3
30d3
40d4
58d4
68d5
80d5
10d6
28d6
38d7
50d7
60d8
78d8
08d9
20d9
30da
48da
58db
70db
00dc
18dc
28dd
40dd
50de
68de
78df
10cf
20d0
38d0
48d1
60d1
70d2
08d2
18d3
30d3
40d4
58d4
68d5
80d5
10d6
28d6
38d7
50d7
60d8
78d8
08d9
20d9
30da
48da
58db
70db
00dc
18dc
28dd
40dd
50de
68de
78df
10cf
20d0
38d0
48d1
60d1
70d2
08d2
18d3
30d3
40d4
58d4
68d5
80d5
10d6
28d6
38d7
50d7
60d8
78d8
08d9
20d9
30da
48da
58db
70db
00dc
18dc
28dd
40dd
50de
68de
78df
10cf
20d0
38d0
48d1
60d1
70d2
08d2
18d3
30d3
40d4
58d4
68d5
80d5
10d6
28d6
38d7
50d7
60d8
78d8
08d9
20d9
30da
48da
58db
70db
00fc
18fd
28fd
40fe
50fe
68ff
78ef
10f0
20f0
38f1
48f1
60f2
70f2
08f3
18f3
30f4
40f4
58f5
68f5
80f6
10f6
28f7
38f7
50f8
60f8
78f9
08f9
20fa
30fa
48fb
58fb
70fc
00fc
18fd
28fd
40fe
50fe
68ff
78ef
10f0
20f0
38f1
48f1
60f2
70f2
08f3
18f3
30f4
40f4
58f5
68f5
80f6
10f6
28f7
38f7
50f8
60f8
78f9
08f9
20fa
30fa
48fb
58fb
70fc
00fc
18fd
28fd
40fe
50fe
68ff
78ef
10f0
20f0
38f1
48f1
60f2
70f2
08f3
18f3
30f4
40f4
58f5
68f5
80f6
10f6
28f7
38f7
50f8
60f8
78f9
08f9
20fa
30fa
48fb
58fb
70fc
00fc
18fd
28fd
40fe
50fe
68ff
78ef
10f0
20f0
38f1
48f1
60f2
70f2
08f3
18f3
30f4
40f4
58f5
68f5
80f6
10f6
28f7
38f7
50f8
60f8
78f9
08f9
20fa
30fa
48fb
58fb
70fc
00fc
18fd
28fd
40fe
50fe
68ff
78ef
10f0
20f0
38f1
48f1
60f2
70f2
08f3
18f3
30f4
40f4
58f5
68f5
80f6
10f6
28f7
38f7
50f8
60f8
78f9
08f9
20fa
30fa
48fb
58fb
70fc
00fc
18fd
28fd
40fe
50fe
68ff
78ef
10f0
20f0
38f1
48f1
60f2
70f2
08f3
18f3
30f4
40f4
58f5
68f5
80f6
10f6
28f7
38f7
50f8
60f8
78f9
08f9
20fa
30fa
48fb
58fb
70fc
00fc
18fd
28fd
40fe
50fe
68ff
78ef
10f0
20f0
38f1
48f1
60f2
70f2
08f3
18f3
30f4
40f4
58f5
68f5
80f6
10f6
28f7
38f7
50f8
60f8
78f9
08f9
20fa
30fa
48fb
58fb
70fc
00fc
18fd
28fd
40fe
50fe
68ff
78ef
10f0
20f0
38f1
48f1
60f2
70f2
08f3
18f3
30f4
40f4
58f5
68f5
80f6
10f6
28f7
38f7
50f8
60f8
78f9
08f9
20fa
30fa
48fb
58fb
70fc
00fc
18fd
28fd
40fe
50fe
68ff
78ef
10f0
20f0
38f1
48f1
60f2
70f2
08f3
18f3
30f4
40f4
58f5
68f5
80f6
10f6
28f7
38f7
50f8
60f8
78f9
08f9
20fa
30fa
48fb
58fb
70fc
013d
193d
293e
413e
513f
692f
7930
1130
2131
3931
4932
6132
7133
0933
1934
3134
4135
5935
6936
8136
1137
2937
3938
5138
6139
7939
093a
213a
313b
493b
593c
713c
013d
193d
293e
413e
513f
692f
7930
1130
2131
3931
4932
6132
7133
0933
1934
3134
4135
5935
6936
8136
1137
2937
3938
5138
6139
7939
093a
213a
313b
493b
593c
713c
013d
193d
293e
413e
513f
692f
7930
1130
2131
3931
4932
6132
7133
0933
1934
3134
4135
5935
6936
8136
1137
2937
3938
5138
6139
7939
093a
213a
313b
493b
593c
713c
013d
193d
293e
413e
513f
692f
7930
1130
2131
3931
4932
6132
7133
0933
1934
3134
4135
5935
6936
8136
1137
2937
3938
5138
6139
7939
093a
213a
313b
493b
593c
713c
013d
193d
293e
413e
513f
692f
7930
1130
2131
3931
4932
6132
7133
0933
1934
3134
4135
5935
6936
8136
1137
2937
3938
5138
6139
7939
093a
213a
313b
493b
593c
713c
013d
193d
293e
413e
513f
692f
7930
1130
2131
3931
4932
6132
7133
0933
1934
3134
4135
5935
6936
8136
1137
2937
3938
5138
6139
7939
093a
213a
313b
493b
593c
713c
013d
193d
293e
413e
513f
692f
7930
1130
2131
3931
4932
6132
7133
0933
1934
3134
4135
5935
6936
8136
1137
2937
3938
5138
6139
7939
093a
213a
313b
493b
593c
713c
013d
193d
293e
413e
513f
692f
7930
1130
2131
3931
4932
6132
7133
0933
1934
3134
4135
5935
6936
8136
1137
2937
3938
5138
6139
7939
093a
213a
313b
493b
593c
713c
013d
193d
293e
413e
513f
692f
7930
1130
2131
3931
4932
6132
7133
0933
1934
3134
4135
5935
6936
8136
1137
2937
3938
5138
6139
7939
093a
213a
313b
493b
593c
713c
015d
195e
295e
415f
514f
6950
7950
1151
2151
3952
4952
6153
7153
0954
1954
3155
4155
5956
6956
8157
1157
2958
3958
5159
6159
795a
095a
215b
315b
495c
595c
715d
015d
195e
295e
415f
514f
6950
7950
1151
2151
3952
4952
6153
7153
0954
1954
3155
4155
5956
6956
8157
1157
2958
3958
5159
6159
795a
095a
215b
315b
495c
595c
715d
015d
195e
295e
415f
514f
6950
7950
1151
2151
3952
4952
6153
7153
0954
1954
3155
4155
5956
6956
8157
1157
2958
3958
5159
6159
795a
095a
215b
315b
495c
595c
715d
015d
195e
295e
415f
514f
6950
7950
1151
2151
3952
4952
6153
7153
0954
1954
3155
4155
5956
6956
8157
1157
2958
3958
5159
6159
795a
095a
215b
315b
495c
595c
715d
015d
195e
295e
415f
514f
6950
7950
1151
2151
3952
4952
6153
7153
0954
1954
3155
4155
5956
6956
8157
1157
2958
3958
5159
6159
795a
095a
215b
315b
495c
595c
715d
015d
195e
295e
415f
514f
6950
7950
1151
2151
3952
4952
6153
7153
0954
1954
3155
4155
5956
6956
8157
1157
2958
3958
5159
6159
795a
095a
215b
315b
495c
595c
715d
015d
195e
295e
415f
514f
6950
7950
1151
2151
3952
4952
6153
7153
0954
1954
3155
4155
5956
6956
8157
1157
2958
3958
5159
6159
795a
095a
215b
315b
495c
595c
715d
015d
195e
295e
415f
514f
6950
7950
1151
2151
3952
4952
6153
7153
0954
1954
3155
4155
5956
6956
8157
1157
2958
3958
5159
6159
795a
095a
215b
315b
495c
595c
715d
015d
195e
295e
415f
514f
6950
7950
1151
2151
3952
4952
6153
7153
0954
1954
3155
4155
5956
6956
8157
1157
2958
3958
5159
6159
795a
095a
215b
315b
495c
595c
715d
019e
199e
299f
418f
5190
6990
7991
1191
2192
3992
4993
6193
7194
0994
1995
3195
4196
5996
6997
8197
1198
2998
3999
5199
619a
799a
099b
219b
319c
499c
599d
719d
019e
199e
299f
418f
5190
6990
7991
1191
2192
3992
4993
6193
7194
0994
1995
3195
4196
5996
6997
8197
1198
2998
3999
5199
619a
799a
099b
219b
319c
499c
599d
719d
019e
199e
299f
418f
5190
6990
7991
1191
2192
3992
4993
6193
7194
0994
1995
3195
4196
5996
6997
8197
1198
2998
3999
5199
619a
799a
099b
219b
319c
499c
599d
719d
019e
199e
299f
418f
5190
6990
7991
1191
2192
3992
4993
6193
7194
0994
1995
3195
4196
5996
6997
8197
1198
2998
3999
5199
619a
799a
099b
219b
319c
499c
599d
719d
019e
199e
299f
418f
5190
6990
7991
1191
2192
3992
4993
6193
7194
0994
1995
3195
4196
5996
6997
8197
1198
2998
3999
5199
619a
799a
099b
219b
319c
499c
599d
719d
019e
199e
299f
418f
5190
6990
7991
1191
2192
3992
4993
6193
7194
0994
1995
3195
4196
5996
6997
8197
1198
2998
3999
5199
619a
799a
099b
219b
319c
499c
599d
719d
019e
199e
299f
418f
5190
6990
7991
1191
2192
3992
4993
6193
7194
0994
1995
3195
4196
5996
6997
8197
1198
2998
3999
5199
619a
799a
099b
219b
319c
499c
599d
719d
019e
199e
299f
418f
5190
6990
7991
1191
2192
3992
4993
6193
7194
0994
1995
3195
4196
5996
6997
8197
1198
2998
3999
5199
619a
799a
099b
219b
319c
499c
599d
719d
019e
199e
299f
418f
5190
6990
7991
1191
2192
3992
4993
6193
7194
0994
1995
3195
4196
5996
6997
8197
1198
2998
3999
5199
619a
799a
099b
219b
319c
499c
599d
719d
01be
19bf
29af
41b0
51b0
69b1
79b1
11b2
21b2
39b3
49b3
61b4
71b4
09b5
19b5
31b6
41b6
59b7
69b7
81b8
11b8
29b9
39b9
51ba
61ba
79bb
09bb
21bc
31bc
49bd
59bd
71be
01be
19bf
29af
41b0
51b0
69b1
79b1
11b2
21b2
39b3
49b3
61b4
71b4
09b5
19b5
31b6
41b6
59b7
69b7
81b8
11b8
29b9
39b9
51ba
61ba
79bb
09bb
21bc
31bc
49bd
59bd
71be
01be
19bf
29af
41b0
51b0
69b1
79b1
11b2
21b2
39b3
49b3
61b4
71b4
09b5
19b5
31b6
41b6
59b7
69b7
81b8
11b8
29b9
39b9
51ba
61ba
79bb
09bb
21bc
31bc
49bd
59bd
71be
01be
19bf
29af
41b0
51b0
69b1
79b1
11b2
21b2
39b3
49b3
61b4
71b4
09b5
19b5
31b6
41b6
59b7
69b7
81b8
11b8
29b9
39b9
51ba
61ba
79bb
09bb
21bc
31bc
49bd
59bd
71be
01be
19bf
29af
41b0
51b0
69b1
79b1
11b2
21b2
39b3
49b3
61b4
71b4
09b5
19b5
31b6
41b6
59b7
69b7
81b8
11b8
29b9
39b9
51ba
61ba
79bb
09bb
21bc
31bc
49bd
59bd
71be
01be
19bf
29af
41b0
51b0
69b1
79b1
11b2
21b2
39b3
49b3
61b4
71b4
09b5
19b5
31b6
41b6
59b7
69b7
81b8
11b8
29b9
39b9
51ba
61ba
79bb
09bb
21bc
31bc
49bd
59bd
71be
01be
19bf
29af
41b0
51b0
69b1
79b1
11b2
21b2
39b3
49b3
61b4
71b4
09b5
19b5
31b6
41b6
59b7
69b7
81b8
11b8
29b9
39b9
51ba
61ba
79bb
09bb
21bc
31bc
49bd
59bd
71be
01be
19bf
29af
41b0
51b0
69b1
79b1
11b2
21b2
39b3
49b3
61b4
71b4
09b5
19b5
31b6
41b6
59b7
69b7
81b8
11b8
29b9
39b9
51ba
61ba
79bb
09bb
21bc
31bc
49bd
59bd
71be
01be
19bf
29af
41b0
51b0
69b1
79b1
11b2
21b2
39b3
49b3
61b4
71b4
09b5
19b5
31b6
41b6
59b7
69b7
81b8
11b8
29b9
39b9
51ba
61ba
79bb
09bb
21bc
31bc
49bd
59bd
71be
01ff
19ef
29f0
41f0
51f1
69f1
79f2
11f2
21f3
39f3
49f4
61f4
71f5
09f5
19f6
31f6
41f7
59f7
69f8
81f8
11f9
29f9
39fa
51fa
61fb
79fb
09fc
21fc
31fd
49fd
59fe
71fe
01ff
19ef
29f0
41f0
51f1
69f1
79f2
11f2
21f3
39f3
49f4
61f4
71f5
09f5
19f6
31f6
41f7
59f7
69f8
81f8
11f9
29f9
39fa
51fa
61fb
79fb
09fc
21fc
31fd
49fd
59fe
71fe
01ff
19ef
29f0
41f0
51f1
69f1
79f2
11f2
21f3
39f3
49f4
61f4
71f5
09f5
19f6
31f6
41f7
59f7
69f8
81f8
11f9
29f9
39fa
51fa
61fb
79fb
09fc
21fc
31fd
49fd
59fe
71fe
01ff
19ef
29f0
41f0
51f1
69f1
79f2
11f2
21f3
39f3
49f4
61f4
71f5
09f5
19f6
31f6
41f7
59f7
69f8
81f8
11f9
29f9
39fa
51fa
61fb
79fb
09fc
21fc
31fd
49fd
59fe
71fe
01ff
19ef
29f0
41f0
51f1
69f1
79f2
11f2
21f3
39f3
49f4
61f4
71f5
09f5
19f6
31f6
41f7
59f7
69f8
81f8
11f9
29f9
39fa
51fa
61fb
79fb
09fc
21fc
31fd
49fd
59fe
71fe
01ff
19ef
29f0
41f0
51f1
69f1
79f2
11f2
21f3
39f3
49f4
61f4
71f5
09f5
19f6
31f6
41f7
59f7
69f8
81f8
11f9
29f9
39fa
51fa
61fb
79fb
09fc
21fc
31fd
49fd
59fe
71fe
01ff
19ef
29f0
41f0
51f1
69f1
79f2
11f2
21f3
39f3
49f4
61f4
71f5
09f5
19f6
31f6
41f7
59f7
69f8
81f8
11f9
29f9
39fa
51fa
61fb
79fb
09fc
21fc
31fd
49fd
59fe
71fe
01ff
19ef
29f0
41f0
51f1
69f1
79f2
11f2
21f3
39f3
49f4
61f4
71f5
09f5
19f6
31f6
41f7
59f7
69f8
81f8
11f9
29f9
39fa
51fa
61fb
79fb
09fc
21fc
31fd
49fd
59fe
71fe
01ff
19ef
29f0
41f0
51f1
69f1
79f2
11f2
21f3
39f3
49f4
61f4
71f5
09f5
19f6
31f6
41f7
59f7
69f8
81f8
11f9
29f9
39fa
51fa
61fb
79fb
09fc
21fc
31fd
49fd
59fe
71fe
020f
1a10
2a10
4211
5211
6a12
7a12
1213
2213
3a14
4a14
6215
7215
0a16
1a16
3217
4217
5a18
6a18
8219
1219
2a1a
3a1a
521b
621b
7a1c
0a1c
221d
321d
4a1e
5a1e
721f
020f
1a10
2a10
4211
5211
6a12
7a12
1213
2213
3a14
4a14
6215
7215
0a16
1a16
3217
4217
5a18
6a18
8219
1219
2a1a
3a1a
521b
621b
7a1c
0a1c
221d
321d
4a1e
5a1e
721f
020f
1a10
2a10
4211
5211
6a12
7a12
1213
2213
3a14
4a14
6215
7215
0a16
1a16
3217
4217
5a18
6a18
8219
1219
2a1a
3a1a
521b
621b
7a1c
0a1c
221d
321d
4a1e
5a1e
721f
020f
1a10
2a10
4211
5211
6a12
7a12
1213
2213
3a14
4a14
6215
7215
0a16
1a16
3217
4217
5a18
6a18
8219
1219
2a1a
3a1a
521b
621b
7a1c
0a1c
221d
321d
4a1e
5a1e
721f
020f
1a10
2a10
4211
5211
6a12
7a12
1213
2213
3a14
4a14
6215
7215
0a16
1a16
3217
4217
5a18
6a18
8219
1219
2a1a
3a1a
521b
621b
7a1c
0a1c
221d
321d
4a1e
5a1e
721f
020f
1a10
2a10
4211
5211
6a12
7a12
1213
2213
3a14
4a14
6215
7215
0a16
1a16
3217
4217
5a18
6a18
8219
1219
2a1a
3a1a
521b
621b
7a1c
0a1c
221d
321d
4a1e
5a1e
721f
020f
1a10
2a10
4211
5211
6a12
7a12
1213
2213
3a14
4a14
6215
7215
0a16
1a16
3217
4217
5a18
6a18
8219
1219
2a1a
3a1a
521b
621b
7a1c
0a1c
221d
321d
4a1e
5a1e
721f
020f
1a10
2a10
4211
5211
6a12
7a12
1213
2213
3a14
4a14
6215
7215
0a16
1a16
3217
4217
5a18
6a18
8219
1219
2a1a
3a1a
521b
621b
7a1c
0a1c
221d
321d
4a1e
5a1e
721f
020f
1a10
2a10
4211
5211
6a12
7a12
1213
2213
3a14
4a14
6215
7215
0a16
1a16
3217
4217
5a18
6a18
8219
1219
2a1a
3a1a
521b
621b
7a1c
0a1c
221d
321d
4a1e
5a1e
721f
0250
1a50
2a51
4251
5252
6a52
7a53
1253
2254
3a54
4a55
6255
7256
0a56
1a57
3257
4258
5a58
6a59
8259
125a
2a5a
3a5b
525b
625c
7a5c
0a5d
225d
325e
4a5e
5a5f
724f
0250
1a50
2a51
4251
5252
6a52
7a53
1253
2254
3a54
4a55
6255
7256
0a56
1a57
3257
4258
5a58
6a59
8259
125a
2a5a
3a5b
525b
625c
7a5c
0a5d
225d
325e
4a5e
5a5f
724f
0250
1a50
2a51
4251
5252
6a52
7a53
1253
2254
3a54
4a55
6255
7256
0a56
1a57
3257
4258
5a58
6a59
8259
125a
2a5a
3a5b
525b
625c
7a5c
0a5d
225d
325e
4a5e
5a5f
724f
0250
1a50
2a51
4251
5252
6a52
7a53
1253
2254
3a54
4a55
6255
7256
0a56
1a57
3257
4258
5a58
6a59
8259
125a
2a5a
3a5b
525b
625c
7a5c
0a5d
225d
325e
4a5e
5a5f
724f
0250
1a50
2a51
4251
5252
6a52
7a53
1253
2254
3a54
4a55
6255
7256
0a56
1a57
3257
4258
5a58
6a59
8259
125a
2a5a
3a5b
525b
625c
7a5c
0a5d
225d
325e
4a5e
5a5f
724f
0250
1a50
2a51
4251
5252
6a52
7a53
1253
2254
3a54
4a55
6255
7256
0a56
1a57
3257
4258
5a58
6a59
8259
125a
2a5a
3a5b
525b
625c
7a5c
0a5d
225d
325e
4a5e
5a5f
724f
0250
1a50
2a51
4251
5252
6a52
7a53
1253
2254
3a54
4a55
6255
7256
0a56
1a57
3257
4258
5a58
6a59
8259
125a
2a5a
3a5b
525b
625c
7a5c
0a5d
225d
325e
4a5e
5a5f
724f
0250
1a50
2a51
4251
5252
6a52
7a53
1253
2254
3a54
4a55
6255
7256
0a56
1a57
3257
4258
5a58
6a59
8259
125a
2a5a
3a5b
525b
625c
7a5c
0a5d
225d
325e
4a5e
5a5f
724f
0250
1a50
2a51
4251
5252
6a52
7a53
1253
2254
3a54
4a55
6255
7256
0a56
1a57
3257
4258
5a58
6a59
8259
125a
2a5a
3a5b
525b
625c
7a5c
0a5d
225d
325e
4a5e
5a5f
724f
0270
1a71
2a71
4272
5272
6a73
7a73
1274
2274
3a75
4a75
6276
7276
0a77
1a77
3278
4278
5a79
6a79
827a
127a
2a7b
3a7b
527c
627c
7a7d
0a7d
227e
327e
4a7f
5a6f
7270
0270
1a71
2a71
4272
5272
6a73
7a73
1274
2274
3a75
4a75
6276
7276
0a77
1a77
3278
4278
5a79
6a79
827a
127a
2a7b
3a7b
527c
627c
7a7d
0a7d
227e
327e
4a7f
5a6f
7270
0270
1a71
2a71
4272
5272
6a73
7a73
1274
2274
3a75
4a75
6276
7276
0a77
1a77
3278
4278
5a79
6a79
827a
127a
2a7b
3a7b
527c
627c
7a7d
0a7d
227e
327e
4a7f
5a6f
7270
0270
1a71
2a71
4272
5272
6a73
7a73
1274
2274
3a75
4a75
6276
7276
0a77
1a77
3278
4278
5a79
6a79
827a
127a
2a7b
3a7b
527c
627c
7a7d
0a7d
227e
327e
4a7f
5a6f
7270
0270
1a71
2a71
4272
5272
6a73
7a73
1274
2274
3a75
4a75
6276
7276
0a77
1a77
3278
4278
5a79
6a79
827a
127a
2a7b
3a7b
527c
627c
7a7d
0a7d
227e
327e
4a7f
5a6f
7270
0270
1a71
2a71
4272
5272
6a73
7a73
1274
2274
3a75
4a75
6276
7276
0a77
1a77
3278
4278
5a79
6a79
827a
127a
2a7b
3a7b
527c
627c
7a7d
0a7d
227e
327e
4a7f
5a6f
7270
0270
1a71
2a71
4272
5272
6a73
7a73
1274
2274
3a75
4a75
6276
7276
0a77
1a77
3278
4278
5a79
6a79
827a
127a
2a7b
3a7b
527c
627c
7a7d
0a7d
227e
327e
4a7f
5a6f
7270
0270
1a71
2a71
4272
5272
6a73
7a73
1274
2274
3a75
4a75
6276
7276
0a77
1a77
3278
4278
5a79
6a79
827a
127a
2a7b
3a7b
527c
627c
7a7d
0a7d
227e
327e
4a7f
5a6f
7270
0270
1a71
2a71
4272
5272
6a73
7a73
1274
2274
3a75
4a75
6276
7276
0a77
1a77
3278
4278
5a79
6a79
827a
127a
2a7b
3a7b
527c
627c
7a7d
0a7d
227e
327e
4a7f
5a6f
7270
02b1
1ab1
2ab2
42b2
52b3
6ab3
7ab4
12b4
22b5
3ab5
4ab6
62b6
72b7
0ab7
1ab8
32b8
42b9
5ab9
6aba
82ba
12bb
2abb
3abc
52bc
62bd
7abd
0abe
22be
32bf
4aaf
5ab0
72b0
02b1
1ab1
2ab2
42b2
52b3
6ab3
7ab4
12b4
22b5
3ab5
4ab6
62b6
72b7
0ab7
1ab8
32b8
42b9
5ab9
6aba
82ba
12bb
2abb
3abc
52bc
62bd
7abd
0abe
22be
32bf
4aaf
5ab0
72b0
02b1
1ab1
2ab2
42b2
52b3
6ab3
7ab4
12b4
22b5
3ab5
4ab6
62b6
72b7
0ab7
1ab8
32b8
42b9
5ab9
6aba
82ba
12bb
2abb
3abc
52bc
62bd
7abd
0abe
22be
32bf
4aaf
5ab0
72b0
02b1
1ab1
2ab2
42b2
52b3
6ab3
7ab4
12b4
22b5
3ab5
4ab6
62b6
72b7
0ab7
1ab8
32b8
42b9
5ab9
6aba
82ba
12bb
2abb
3abc
52bc
62bd
7abd
0abe
22be
32bf
4aaf
5ab0
72b0
02b1
1ab1
2ab2
42b2
52b3
6ab3
7ab4
12b4
22b5
3ab5
4ab6
62b6
72b7
0ab7
1ab8
32b8
42b9
5ab9
6aba
82ba
12bb
2abb
3abc
52bc
62bd
7abd
0abe
22be
32bf
4aaf
5ab0
72b0
02b1
1ab1
2ab2
42b2
52b3
6ab3
7ab4
12b4
22b5
3ab5
4ab6
62b6
72b7
0ab7
1ab8
32b8
42b9
5ab9
6aba
82ba
12bb
2abb
3abc
52bc
62bd
7abd
0abe
22be
32bf
4aaf
5ab0
72b0
02b1
1ab1
2ab2
42b2
52b3
6ab3
7ab4
12b4
22b5
3ab5
4ab6
62b6
72b7
0ab7
1ab8
32b8
42b9
5ab9
6aba
82ba
12bb
2abb
3abc
52bc
62bd
7abd
0abe
22be
32bf
4aaf
5ab0
72b0
02b1
1ab1
2ab2
42b2
52b3
6ab3
7ab4
12b4
22b5
3ab5
4ab6
62b6
72b7
0ab7
1ab8
32b8
42b9
5ab9
6aba
82ba
12bb
2abb
3abc
52bc
62bd
7abd
0abe
22be
32bf
4aaf
5ab0
72b0
02b1
1ab1
2ab2
42b2
52b3
6ab3
7ab4
12b4
22b5
3ab5
4ab6
62b6
72b7
0ab7
1ab8
32b8
42b9
5ab9
6aba
82ba
12bb
2abb
3abc
52bc
62bd
7abd
0abe
22be
32bf
4aaf
5ab0
72b0
02d1
1ad2
2ad2
42d3
52d3
6ad4
7ad4
12d5
22d5
3ad6
4ad6
62d7
72d7
0ad8
1ad8
32d9
42d9
5ada
6ada
82db
12db
2adc
3adc
52dd
62dd
7ade
0ade
22df
32cf
4ad0
5ad0
72d1
02d1
1ad2
2ad2
42d3
52d3
6ad4
7ad4
12d5
22d5
3ad6
4ad6
62d7
72d7
0ad8
1ad8
32d9
42d9
5ada
6ada
82db
12db
2adc
3adc
52dd
62dd
7ade
0ade
22df
32cf
4ad0
5ad0
72d1
02d1
1ad2
2ad2
42d3
52d3
6ad4
7ad4
12d5
22d5
3ad6
4ad6
62d7
72d7
0ad8
1ad8
32d9
42d9
5ada
6ada
82db
12db
2adc
3adc
52dd
62dd
7ade
0ade
22df
32cf
4ad0
5ad0
72d1
02d1
1ad2
2ad2
42d3
52d3
6ad4
7ad4
12d5
22d5
3ad6
4ad6
62d7
72d7
0ad8
1ad8
32d9
42d9
5ada
6ada
82db
12db
2adc
3adc
52dd
62dd
7ade
0ade
22df
32cf
4ad0
5ad0
72d1
02d1
1ad2
2ad2
42d3
52d3
6ad4
7ad4
12d5
22d5
3ad6
4ad6
62d7
72d7
0ad8
1ad8
32d9
42d9
5ada
6ada
82db
12db
2adc
3adc
52dd
62dd
7ade
0ade
22df
32cf
4ad0
5ad0
72d1
02d1
1ad2
2ad2
42d3
52d3
6ad4
7ad4
12d5
22d5
3ad6
4ad6
62d7
72d7
0ad8
1ad8
32d9
42d9
5ada
6ada
82db
12db
2adc
3adc
52dd
62dd
7ade
0ade
22df
32cf
4ad0
5ad0
72d1
02d1
1ad2
2ad2
42d3
52d3
6ad4
7ad4
12d5
22d5
3ad6
4ad6
62d7
72d7
0ad8
1ad8
32d9
42d9
5ada
6ada
82db
12db
2adc
3adc
52dd
62dd
7ade
0ade
22df
32cf
4ad0
5ad0
72d1
02d1
1ad2
2ad2
42d3
52d3
6ad4
7ad4
12d5
22d5
3ad6
4ad6
62d7
72d7
0ad8
1ad8
32d9
42d9
5ada
6ada
82db
12db
2adc
3adc
52dd
62dd
7ade
0ade
22df
32cf
4ad0
5ad0
72d1
02d1
1ad2
2ad2
42d3
52d3
6ad4
7ad4
12d5
22d5
3ad6
4ad6
62d7
72d7
0ad8
1ad8
32d9
42d9
5ada
6ada
82db
12db
2adc
3adc
52dd
62dd
7ade
0ade
22df
32cf
4ad0
5ad0
72d1
0312
1b12
2b13
4313
5314
6b14
7b15
1315
2316
3b16
4b17
6317
7318
0b18
1b19
3319
431a
5b1a
6b1b
831b
131c
2b1c
3b1d
531d
631e
7b1e
0b1f
230f
3310
4b10
5b11
7311
0312
1b12
2b13
4313
5314
6b14
7b15
1315
2316
3b16
4b17
6317
7318
0b18
1b19
3319
431a
5b1a
6b1b
831b
131c
2b1c
3b1d
531d
631e
7b1e
0b1f
230f
3310
4b10
5b11
7311
0312
1b12
2b13
4313
5314
6b14
7b15
1315
2316
3b16
4b17
6317
7318
0b18
1b19
3319
431a
5b1a
6b1b
831b
131c
2b1c
3b1d
531d
631e
7b1e
0b1f
230f
3310
4b10
5b11
7311
0312
1b12
2b13
4313
5314
6b14
7b15
1315
2316
3b16
4b17
6317
7318
0b18
1b19
3319
431a
5b1a
6b1b
831b
131c
2b1c
3b1d
531d
631e
7b1e
0b1f
230f
3310
4b10
5b11
7311
0312
1b12
2b13
4313
5314
6b14
7b15
1315
2316
3b16
4b17
6317
7318
0b18
1b19
3319
431a
5b1a
6b1b
831b
131c
2b1c
3b1d
531d
631e
7b1e
0b1f
230f
3310
4b10
5b11
7311
0312
1b12
2b13
4313
5314
6b14
7b15
1315
2316
3b16
4b17
6317
7318
0b18
1b19
3319
431a
5b1a
6b1b
831b
131c
2b1c
3b1d
531d
631e
7b1e
0b1f
230f
3310
4b10
5b11
7311
0312
1b12
2b13
4313
5314
6b14
7b15
1315
2316
3b16
4b17
6317
7318
0b18
1b19
3319
431a
5b1a
6b1b
831b
131c
2b1c
3b1d
531d
631e
7b1e
0b1f
230f
3310
4b10
5b11
7311
0312
1b12
2b13
4313
5314
6b14
7b15
1315
2316
3b16
4b17
6317
7318
0b18
1b19
3319
431a
5b1a
6b1b
831b
131c
2b1c
3b1d
531d
631e
7b1e
0b1f
230f
3310
4b10
5b11
7311
0312
1b12
2b13
4313
5314
6b14
7b15
1315
2316
3b16
4b17
6317
7318
0b18
1b19
3319
431a
5b1a
6b1b
831b
131c
2b1c
3b1d
531d
631e
7b1e
0b1f
230f
3310
4b10
5b11
7311
0332
1b33
2b33
4334
5334
6b35
7b35
1336
2336
3b37
4b37
6338
7338
0b39
1b39
333a
433a
5b3b
6b3b
833c
133c
2b3d
3b3d
533e
633e
7b3f
0b2f
2330
3330
4b31
5b31
7332
0332
1b33
2b33
4334
5334
6b35
7b35
1336
2336
3b37
4b37
6338
7338
0b39
1b39
333a
433a
5b3b
6b3b
833c
133c
2b3d
3b3d
533e
633e
7b3f
0b2f
2330
3330
4b31
5b31
7332
0332
1b33
2b33
4334
5334
6b35
7b35
1336
2336
3b37
4b37
6338
7338
0b39
1b39
333a
433a
5b3b
6b3b
833c
133c
2b3d
3b3d
533e
633e
7b3f
0b2f
2330
3330
4b31
5b31
7332
0332
1b33
2b33
4334
5334
6b35
7b35
1336
2336
3b37
4b37
6338
7338
0b39
1b39
333a
433a
5b3b
6b3b
833c
133c
2b3d
3b3d
533e
633e
7b3f
0b2f
2330
3330
4b31
5b31
7332
0332
1b33
2b33
4334
5334
6b35
7b35
1336
2336
3b37
4b37
6338
7338
0b39
1b39
333a
433a
5b3b
6b3b
833c
133c
2b3d
3b3d
533e
633e
7b3f
0b2f
2330
3330
4b31
5b31
7332
0332
1b33
2b33
4334
5334
6b35
7b35
1336
2336
3b37
4b37
6338
7338
0b39
1b39
333a
433a
5b3b
6b3b
833c
133c
2b3d
3b3d
533e
633e
7b3f
0b2f
2330
3330
4b31
5b31
7332
0332
1b33
2b33
4334
5334
6b35
7b35
1336
2336
3b37
4b37
6338
7338
0b39
1b39
333a
433a
5b3b
6b3b
833c
133c
2b3d
3b3d
533e
633e
7b3f
0b2f
2330
3330
4b31
5b31
7332
0332
1b33
2b33
4334
5334
6b35
7b35
1336
2336
3b37
4b37
6338
7338
0b39
1b39
333a
433a
5b3b
6b3b
833c
133c
2b3d
3b3d
533e
633e
7b3f
0b2f
2330
3330
4b31
5b31
7332
0332
1b33
2b33
4334
5334
6b35
7b35
1336
2336
3b37
4b37
6338
7338
0b39
1b39
333a
433a
5b3b
6b3b
833c
133c
2b3d
3b3d
533e
633e
7b3f
0b2f
2330
3330
4b31
5b31
7332
0373
1b73
2b74
4374
5375
6b75
7b76
1376
2377
3b77
4b78
6378
7379
0b79
1b7a
337a
437b
5b7b
6b7c
837c
137d
2b7d
3b7e
537e
637f
7b6f
0b70
2370
3371
4b71
5b72
7372
0373
1b73
2b74
4374
5375
6b75
7b76
1376
2377
3b77
4b78
6378
7379
0b79
1b7a
337a
437b
5b7b
6b7c
837c
137d
2b7d
3b7e
537e
637f
7b6f
0b70
2370
3371
4b71
5b72
7372
0373
1b73
2b74
4374
5375
6b75
7b76
1376
2377
3b77
4b78
6378
7379
0b79
1b7a
337a
437b
5b7b
6b7c
837c
137d
2b7d
3b7e
537e
637f
7b6f
0b70
2370
3371
4b71
5b72
7372
0373
1b73
2b74
4374
5375
6b75
7b76
1376
2377
3b77
4b78
6378
7379
0b79
1b7a
337a
437b
5b7b
6b7c
837c
137d
2b7d
3b7e
537e
637f
7b6f
0b70
2370
3371
4b71
5b72
7372
0373
1b73
2b74
4374
5375
6b75
7b76
1376
2377
3b77
4b78
6378
7379
0b79
1b7a
337a
437b
5b7b
6b7c
837c
137d
2b7d
3b7e
537e
637f
7b6f
0b70
2370
3371
4b71
5b72
7372
0373
1b73
2b74
4374
5375
6b75
7b76
1376
2377
3b77
4b78
6378
7379
0b79
1b7a
337a
437b
5b7b
6b7c
837c
137d
2b7d
3b7e
537e
637f
7b6f
0b70
2370
3371
4b71
5b72
7372
0373
1b73
2b74
4374
5375
6b75
7b76
1376
2377
3b77
4b78
6378
7379
0b79
1b7a
337a
437b
5b7b
6b7c
837c
137d
2b7d
3b7e
537e
637f
7b6f
0b70
2370
3371
4b71
5b72
7372
0373
1b73
2b74
4374
5375
6b75
7b76
1376
2377
3b77
4b78
6378
7379
0b79
1b7a
337a
437b
5b7b
6b7c
837c
137d
2b7d
3b7e
537e
637f
7b6f
0b70
2370
3371
4b71
5b72
7372
0373
1b73
2b74
4374
5375
6b75
7b76
1376
2377
3b77
4b78
6378
7379
0b79
1b7a
337a
437b
5b7b
6b7c
837c
137d
2b7d
3b7e
537e
637f
7b6f
0b70
2370
3371
4b71
5b72
7372
0393
1b94
2b94
4395
5395
6b96
7b96
1397
2397
3b98
4b98
6399
7399
0b9a
1b9a
339b
439b
5b9c
6b9c
839d
139d
2b9e
3b9e
539f
638f
7b90
0b90
2391
3391
4b92
5b92
7393
0393
1b94
2b94
4395
5395
6b96
7b96
1397
2397
3b98
4b98
6399
7399
0b9a
1b9a
339b
439b
5b9c
6b9c
839d
139d
2b9e
3b9e
539f
638f
7b90
0b90
2391
3391
4b92
5b92
7393
0393
1b94
2b94
4395
5395
6b96
7b96
1397
2397
3b98
4b98
6399
7399
0b9a
1b9a
339b
439b
5b9c
6b9c
839d
139d
2b9e
3b9e
539f
638f
7b90
0b90
2391
3391
4b92
5b92
7393
0393
1b94
2b94
4395
5395
6b96
7b96
1397
2397
3b98
4b98
6399
7399
0b9a
1b9a
339b
439b
5b9c
6b9c
839d
139d
2b9e
3b9e
539f
638f
7b90
0b90
2391
3391
4b92
5b92
7393
0393
1b94
2b94
4395
5395
6b96
7b96
1397
2397
3b98
4b98
6399
7399
0b9a
1b9a
339b
439b
5b9c
6b9c
839d
139d
2b9e
3b9e
539f
638f
7b90
0b90
2391
3391
4b92
5b92
7393
0393
1b94
2b94
4395
5395
6b96
7b96
1397
2397
3b98
4b98
6399
7399
0b9a
1b9a
339b
439b
5b9c
6b9c
839d
139d
2b9e
3b9e
539f
638f
7b90
0b90
2391
3391
4b92
5b92
7393
0393
1b94
2b94
4395
5395
6b96
7b96
1397
2397
3b98
4b98
6399
7399
0b9a
1b9a
339b
439b
5b9c
6b9c
839d
139d
2b9e
3b9e
539f
638f
7b90
0b90
2391
3391
4b92
5b92
7393
0393
1b94
2b94
4395
5395
6b96
7b96
1397
2397
3b98
4b98
6399
7399
0b9a
1b9a
339b
439b
5b9c
6b9c
839d
139d
2b9e
3b9e
539f
638f
7b90
0b90
2391
3391
4b92
5b92
7393
0393
1b94
2b94
4395
5395
6b96
7b96
1397
2397
3b98
4b98
6399
7399
0b9a
1b9a
339b
439b
5b9c
6b9c
839d
139d
2b9e
3b9e
539f
638f
7b90
0b90
2391
3391
4b92
5b92
7393
03d4
1bd4
2bd5
43d5
53d6
6bd6
7bd7
13d7
23d8
3bd8
4bd9
63d9
73da
0bda
1bdb
33db
43dc
5bdc
6bdd
83dd
13de
2bde
3bdf
53cf
63d0
7bd0
0bd1
23d1
33d2
4bd2
5bd3
73d3
03d4
1bd4
2bd5
43d5
53d6
6bd6
7bd7
13d7
23d8
3bd8
4bd9
63d9
73da
0bda
1bdb
33db
43dc
5bdc
6bdd
83dd
13de
2bde
3bdf
53cf
63d0
7bd0
0bd1
23d1
33d2
4bd2
5bd3
73d3
03d4
1bd4
2bd5
43d5
53d6
6bd6
7bd7
13d7
23d8
3bd8
4bd9
63d9
73da
0bda
1bdb
33db
43dc
5bdc
6bdd
83dd
13de
2bde
3bdf
53cf
63d0
7bd0
0bd1
23d1
33d2
4bd2
5bd3
73d3
03d4
1bd4
2bd5
43d5
53d6
6bd6
7bd7
13d7
23d8
3bd8
4bd9
63d9
73da
0bda
1bdb
33db
43dc
5bdc
6bdd
83dd
13de
2bde
3bdf
53cf
63d0
7bd0
0bd1
23d1
33d2
4bd2
5bd3
73d3
03d4
1bd4
2bd5
43d5
53d6
6bd6
7bd7
13d7
23d8
3bd8
4bd9
63d9
73da
0bda
1bdb
33db
43dc
5bdc
6bdd
83dd
13de
2bde
3bdf
53cf
63d0
7bd0
0bd1
23d1
33d2
4bd2
5bd3
73d3
03d4
1bd4
2bd5
43d5
53d6
6bd6
7bd7
13d7
23d8
3bd8
4bd9
63d9
73da
0bda
1bdb
33db
43dc
5bdc
6bdd
83dd
13de
2bde
3bdf
53cf
63d0
7bd0
0bd1
23d1
33d2
4bd2
5bd3
73d3
03d4
1bd4
2bd5
43d5
53d6
6bd6
7bd7
13d7
23d8
3bd8
4bd9
63d9
73da
0bda
1bdb
33db
43dc
5bdc
6bdd
83dd
13de
2bde
3bdf
53cf
63d0
7bd0
0bd1
23d1
33d2
4bd2
5bd3
73d3
03d4
1bd4
2bd5
43d5
53d6
6bd6
7bd7
13d7
23d8
3bd8
4bd9
63d9
73da
0bda
1bdb
33db
43dc
5bdc
6bdd
83dd
13de
2bde
3bdf
53cf
63d0
7bd0
0bd1
23d1
33d2
4bd2
5bd3
73d3
03d4
1bd4
2bd5
43d5
53d6
6bd6
7bd7
13d7
23d8
3bd8
4bd9
63d9
73da
0bda
1bdb
33db
43dc
5bdc
6bdd
83dd
13de
2bde
3bdf
53cf
63d0
7bd0
0bd1
23d1
33d2
4bd2
5bd3
73d3
03f4
1bf5
2bf5
43f6
53f6
6bf7
7bf7
13f8
23f8
3bf9
4bf9
63fa
73fa
0bfb
1bfb
33fc
43fc
5bfd
6bfd
83fe
13fe
2bff
3bef
53f0
63f0
7bf1
0bf1
23f2
33f2
4bf3
5bf3
73f4
03f4
1bf5
2bf5
43f6
53f6
6bf7
7bf7
13f8
23f8
3bf9
4bf9
63fa
73fa
0bfb
1bfb
33fc
43fc
5bfd
6bfd
83fe
13fe
2bff
3bef
53f0
63f0
7bf1
0bf1
23f2
33f2
4bf3
5bf3
73f4
03f4
1bf5
2bf5
43f6
53f6
6bf7
7bf7
13f8
23f8
3bf9
4bf9
63fa
73fa
0bfb
1bfb
33fc
43fc
5bfd
6bfd
83fe
13fe
2bff
3bef
53f0
63f0
7bf1
0bf1
23f2
33f2
4bf3
5bf3
73f4
03f4
1bf5
2bf5
43f6
53f6
6bf7
7bf7
13f8
23f8
3bf9
4bf9
63fa
73fa
0bfb
1bfb
33fc
43fc
5bfd
6bfd
83fe
13fe
2bff
3bef
53f0
63f0
7bf1
0bf1
23f2
33f2
4bf3
5bf3
73f4
03f4
1bf5
2bf5
43f6
53f6
6bf7
7bf7
13f8
23f8
3bf9
4bf9
63fa
73fa
0bfb
1bfb
33fc
43fc
5bfd
6bfd
83fe
13fe
2bff
3bef
53f0
63f0
7bf1
0bf1
23f2
33f2
4bf3
5bf3
73f4
03f4
1bf5
2bf5
43f6
53f6
6bf7
7bf7
13f8
23f8
3bf9
4bf9
63fa
73fa
0bfb
1bfb
33fc
43fc
5bfd
6bfd
83fe
13fe
2bff
3bef
53f0
63f0
7bf1
0bf1
23f2
33f2
4bf3
5bf3
73f4
03f4
1bf5
2bf5
43f6
53f6
6bf7
7bf7
13f8
23f8
3bf9
4bf9
63fa
73fa
0bfb
1bfb
33fc
43fc
5bfd
6bfd
83fe
13fe
2bff
3bef
53f0
63f0
7bf1
0bf1
23f2
33f2
4bf3
5bf3
73f4
03f4
1bf5
2bf5
43f6
53f6
6bf7
7bf7
13f8
23f8
3bf9
4bf9
63fa
73fa
0bfb
1bfb
33fc
43fc
5bfd
6bfd
83fe
13fe
2bff
3bef
53f0
63f0
7bf1
0bf1
23f2
33f2
4bf3
5bf3
73f4
03f4
1bf5
2bf5
43f6
53f6
6bf7
7bf7
13f8
23f8
3bf9
4bf9
63fa
73fa
0bfb
1bfb
33fc
43fc
5bfd
6bfd
83fe
13fe
2bff
3bef
53f0
63f0
7bf1
0bf1
23f2
33f2
4bf3
5bf3
73f4
0035
1835
2836
4036
5037
6837
7838
1038
2039
3839
483a
603a
703b
083b
183c
303c
403d
583d
683e
803e
103f
282f
3830
5030
6031
7831
0832
2032
3033
4833
5834
7034
0035
1835
2836
4036
5037
6837
7838
1038
2039
3839
483a
603a
703b
083b
183c
303c
403d
583d
683e
803e
103f
282f
3830
5030
6031
7831
0832
2032
3033
4833
5834
7034
0035
1835
2836
4036
5037
6837
7838
1038
2039
3839
483a
603a
703b
083b
183c
303c
403d
583d
683e
803e
103f
282f
3830
5030
6031
7831
0832
2032
3033
4833
5834
7034
0035
1835
2836
4036
5037
6837
7838
1038
2039
3839
483a
603a
703b
083b
183c
303c
403d
583d
683e
803e
103f
282f
3830
5030
6031
7831
0832
2032
3033
4833
5834
7034
0035
1835
2836
4036
5037
6837
7838
1038
2039
3839
483a
603a
703b
083b
183c
303c
403d
583d
683e
803e
103f
282f
3830
5030
6031
7831
0832
2032
3033
4833
5834
7034
0035
1835
2836
4036
5037
6837
7838
1038
2039
3839
483a
603a
703b
083b
183c
303c
403d
583d
683e
803e
103f
282f
3830
5030
6031
7831
0832
2032
3033
4833
5834
7034
0035
1835
2836
4036
5037
6837
7838
1038
2039
3839
483a
603a
703b
083b
183c
303c
403d
583d
683e
803e
103f
282f
3830
5030
6031
7831
0832
2032
3033
4833
5834
7034
0035
1835
2836
4036
5037
6837
7838
1038
2039
3839
483a
603a
703b
083b
183c
303c
403d
583d
683e
803e
103f
282f
3830
5030
6031
7831
0832
2032
3033
4833
5834
7034
0035
1835
2836
4036
5037
6837
7838
1038
2039
3839
483a
603a
703b
083b
183c
303c
403d
583d
683e
803e
103f
282f
3830
5030
6031
7831
0832
2032
3033
4833
5834
7034
0055
1856
2856
4057
5057
6858
7858
1059
2059
385a
485a
605b
705b
085c
185c
305d
405d
585e
685e
805f
104f
2850
3850
5051
6051
7852
0852
2053
3053
4854
5854
7055
0055
1856
2856
4057
5057
6858
7858
1059
2059
385a
485a
605b
705b
085c
185c
305d
405d
585e
685e
805f
104f
2850
3850
5051
6051
7852
0852
2053
3053
4854
5854
7055
0055
1856
2856
4057
5057
6858
7858
1059
2059
385a
485a
605b
705b
085c
185c
305d
405d
585e
685e
805f
104f
2850
3850
5051
6051
7852
0852
2053
3053
4854
5854
7055
0055
1856
2856
4057
5057
6858
7858
1059
2059
385a
485a
605b
705b
085c
185c
305d
405d
585e
685e
805f
104f
2850
3850
5051
6051
7852
0852
2053
3053
4854
5854
7055
0055
1856
2856
4057
5057
6858
7858
1059
2059
385a
485a
605b
705b
085c
185c
305d
405d
585e
685e
805f
104f
2850
3850
5051
6051
7852
0852
2053
3053
4854
5854
7055
0055
1856
2856
4057
5057
6858
7858
1059
2059
385a
485a
605b
705b
085c
185c
305d
405d
585e
685e
805f
104f
2850
3850
5051
6051
7852
0852
2053
3053
4854
5854
7055
0055
1856
2856
4057
5057
6858
7858
1059
2059
385a
485a
605b
705b
085c
185c
305d
405d
585e
685e
805f
104f
2850
3850
5051
6051
7852
0852
2053
3053
4854
5854
7055
0055
1856
2856
4057
5057
6858
7858
1059
2059
385a
485a
605b
705b
085c
185c
305d
405d
585e
685e
805f
104f
2850
3850
5051
6051
7852
0852
2053
3053
4854
5854
7055
0055
1856
2856
4057
5057
6858
7858
1059
2059
385a
485a
605b
705b
085c
185c
305d
405d
585e
685e
805f
104f
2850
3850
5051
6051
7852
0852
2053
3053
4854
5854
7055
0096
1896
2897
4097
5098
6898
7899
1099
209a
389a
489b
609b
709c
089c
189d
309d
409e
589e
689f
808f
1090
2890
3891
5091
6092
7892
0893
2093
3094
4894
5895
7095
0096
1896
2897
4097
5098
6898
7899
1099
209a
389a
489b
609b
709c
089c
189d
309d
409e
589e
689f
808f
1090
2890
3891
5091
6092
7892
0893
2093
3094
4894
5895
7095
0096
1896
2897
4097
5098
6898
7899
1099
209a
389a
489b
609b
709c
089c
189d
309d
409e
589e
689f
808f
1090
2890
3891
5091
6092
7892
0893
2093
3094
4894
5895
7095
0096
1896
2897
4097
5098
6898
7899
1099
209a
389a
489b
609b
709c
089c
189d
309d
409e
589e
689f
808f
1090
2890
3891
5091
6092
7892
0893
2093
3094
4894
5895
7095
0096
1896
2897
4097
5098
6898
7899
1099
209a
389a
489b
609b
709c
089c
189d
309d
409e
589e
689f
808f
1090
2890
3891
5091
6092
7892
0893
2093
3094
4894
5895
7095
0096
1896
2897
4097
5098
6898
7899
1099
209a
389a
489b
609b
709c
089c
189d
309d
409e
589e
689f
808f
1090
2890
3891
5091
6092
7892
0893
2093
3094
4894
5895
7095
0096
1896
2897
4097
5098
6898
7899
1099
209a
389a
489b
609b
709c
089c
189d
309d
409e
589e
689f
808f
1090
2890
3891
5091
6092
7892
0893
2093
3094
4894
5895
7095
0096
1896
2897
4097
5098
6898
7899
1099
209a
389a
489b
609b
709c
089c
189d
309d
409e
589e
689f
808f
1090
2890
3891
5091
6092
7892
0893
2093
3094
4894
5895
7095
0096
1896
2897
4097
5098
6898
7899
1099
209a
389a
489b
609b
709c
089c
189d
309d
409e
589e
689f
808f
1090
2890
3891
5091
6092
7892
0893
2093
3094
4894
5895
7095
00b6
18b7
28b7
40b8
50b8
68b9
78b9
10ba
20ba
38bb
48bb
60bc
70bc
08bd
18bd
30be
40be
58bf
68af
80b0
10b0
28b1
38b1
50b2
60b2
78b3
08b3
20b4
30b4
48b5
58b5
70b6
00b6
18b7
28b7
40b8
50b8
68b9
78b9
10ba
20ba
38bb
48bb
60bc
70bc
08bd
18bd
30be
40be
58bf
68af
80b0
10b0
28b1
38b1
50b2
60b2
78b3
08b3
20b4
30b4
48b5
58b5
70b6
00b6
18b7
28b7
40b8
50b8
68b9
78b9
10ba
20ba
38bb
48bb
60bc
70bc
08bd
18bd
30be
40be
58bf
68af
80b0
10b0
28b1
38b1
50b2
60b2
78b3
08b3
20b4
30b4
48b5
58b5
70b6
00b6
18b7
28b7
40b8
50b8
68b9
78b9
10ba
20ba
38bb
48bb
60bc
70bc
08bd
18bd
30be
40be
58bf
68af
80b0
10b0
28b1
38b1
50b2
60b2
78b3
08b3
20b4
30b4
48b5
58b5
70b6
00b6
18b7
28b7
40b8
50b8
68b9
78b9
10ba
20ba
38bb
48bb
60bc
70bc
08bd
18bd
30be
40be
58bf
68af
80b0
10b0
28b1
38b1
50b2
60b2
78b3
08b3
20b4
30b4
48b5
58b5
70b6
00b6
18b7
28b7
40b8
50b8
68b9
78b9
10ba
20ba
38bb
48bb
60bc
70bc
08bd
18bd
30be
40be
58bf
68af
80b0
10b0
28b1
38b1
50b2
60b2
78b3
08b3
20b4
30b4
48b5
58b5
70b6
00b6
18b7
28b7
40b8
50b8
68b9
78b9
10ba
20ba
38bb
48bb
60bc
70bc
08bd
18bd
30be
40be
58bf
68af
80b0
10b0
28b1
38b1
50b2
60b2
78b3
08b3
20b4
30b4
48b5
58b5
70b6
00b6
18b7
28b7
40b8
50b8
68b9
78b9
10ba
20ba
38bb
48bb
60bc
70bc
08bd
18bd
30be
40be
58bf
68af
80b0
10b0
28b1
38b1
50b2
60b2
78b3
08b3
20b4
30b4
48b5
58b5
70b6
00b6
18b7
28b7
40b8
50b8
68b9
78b9
10ba
20ba
38bb
48bb
60bc
70bc
08bd
18bd
30be
40be
58bf
68af
80b0
10b0
28b1
38b1
50b2
60b2
78b3
08b3
20b4
30b4
48b5
58b5
70b6
00f7
18f7
28f8
40f8
50f9
68f9
78fa
10fa
20fb
38fb
48fc
60fc
70fd
08fd
18fe
30fe
40ff
58ef
68f0
80f0
10f1
28f1
38f2
50f2
60f3
78f3
08f4
20f4
30f5
48f5
58f6
70f6
00f7
18f7
28f8
40f8
50f9
68f9
78fa
10fa
20fb
38fb
48fc
60fc
70fd
08fd
18fe
30fe
40ff
58ef
68f0
80f0
10f1
28f1
38f2
50f2
60f3
78f3
08f4
20f4
30f5
48f5
58f6
70f6
00f7
18f7
28f8
40f8
50f9
68f9
78fa
10fa
20fb
38fb
48fc
60fc
70fd
08fd
18fe
30fe
40ff
58ef
68f0
80f0
10f1
28f1
38f2
50f2
60f3
78f3
08f4
20f4
30f5
48f5
58f6
70f6
00f7
18f7
28f8
40f8
50f9
68f9
78fa
10fa
20fb
38fb
48fc
60fc
70fd
08fd
18fe
30fe
40ff
58ef
68f0
80f0
10f1
28f1
38f2
50f2
60f3
78f3
08f4
20f4
30f5
48f5
58f6
70f6
00f7
18f7
28f8
40f8
50f9
68f9
78fa
10fa
20fb
38fb
48fc
60fc
70fd
08fd
18fe
30fe
40ff
58ef
68f0
80f0
10f1
28f1
38f2
50f2
60f3
78f3
08f4
20f4
30f5
48f5
58f6
70f6
00f7
18f7
28f8
40f8
50f9
68f9
78fa
10fa
20fb
38fb
48fc
60fc
70fd
08fd
18fe
30fe
40ff
58ef
68f0
80f0
10f1
28f1
38f2
50f2
60f3
78f3
08f4
20f4
30f5
48f5
58f6
70f6
00f7
18f7
28f8
40f8
50f9
68f9
78fa
10fa
20fb
38fb
48fc
60fc
70fd
08fd
18fe
30fe
40ff
58ef
68f0
80f0
10f1
28f1
38f2
50f2
60f3
78f3
08f4
20f4
30f5
48f5
58f6
70f6
00f7
18f7
28f8
40f8
50f9
68f9
78fa
10fa
20fb
38fb
48fc
60fc
70fd
08fd
18fe
30fe
40ff
58ef
68f0
80f0
10f1
28f1
38f2
50f2
60f3
78f3
08f4
20f4
30f5
48f5
58f6
70f6
00f7
18f7
28f8
40f8
50f9
68f9
78fa
10fa
20fb
38fb
48fc
60fc
70fd
08fd
18fe
30fe
40ff
58ef
68f0
80f0
10f1
28f1
38f2
50f2
60f3
78f3
08f4
20f4
30f5
48f5
58f6
70f6
0117
1918
2918
4119
5119
691a
791a
111b
211b
391c
491c
611d
711d
091e
191e
311f
410f
5910
6910
8111
1111
2912
3912
5113
6113
7914
0914
2115
3115
4916
5916
7117
0117
1918
2918
4119
5119
691a
791a
111b
211b
391c
491c
611d
711d
091e
191e
311f
410f
5910
6910
8111
1111
2912
3912
5113
6113
7914
0914
2115
3115
4916
5916
7117
0117
1918
2918
4119
5119
691a
791a
111b
211b
391c
491c
611d
711d
091e
191e
311f
410f
5910
6910
8111
1111
2912
3912
5113
6113
7914
0914
2115
3115
4916
5916
7117
0117
1918
2918
4119
5119
691a
791a
111b
211b
391c
491c
611d
711d
091e
191e
311f
410f
5910
6910
8111
1111
2912
3912
5113
6113
7914
0914
2115
3115
4916
5916
7117
0117
1918
2918
4119
5119
691a
791a
111b
211b
391c
491c
611d
711d
091e
191e
311f
410f
5910
6910
8111
1111
2912
3912
5113
6113
7914
0914
2115
3115
4916
5916
7117
0117
1918
2918
4119
5119
691a
791a
111b
211b
391c
491c
611d
711d
091e
191e
311f
410f
5910
6910
8111
1111
2912
3912
5113
6113
7914
0914
2115
3115
4916
5916
7117
0117
1918
2918
4119
5119
691a
791a
111b
211b
391c
491c
611d
711d
091e
191e
311f
410f
5910
6910
8111
1111
2912
3912
5113
6113
7914
0914
2115
3115
4916
5916
7117
0117
1918
2918
4119
5119
691a
791a
111b
211b
391c
491c
611d
711d
091e
191e
311f
410f
5910
6910
8111
1111
2912
3912
5113
6113
7914
0914
2115
3115
4916
5916
7117
0117
1918
2918
4119
5119
691a
791a
111b
211b
391c
491c
611d
711d
091e
191e
311f
410f
5910
6910
8111
1111
2912
3912
5113
6113
7914
0914
2115
3115
4916
5916
7117
0158
1958
2959
4159
515a
695a
795b
115b
215c
395c
495d
615d
715e
095e
195f
314f
4150
5950
6951
8151
1152
2952
3953
5153
6154
7954
0955
2155
3156
4956
5957
7157
0158
1958
2959
4159
515a
695a
795b
115b
215c
395c
495d
615d
715e
095e
195f
314f
4150
5950
6951
8151
1152
2952
3953
5153
6154
7954
0955
2155
3156
4956
5957
7157
0158
1958
2959
4159
515a
695a
795b
115b
215c
395c
495d
615d
715e
095e
195f
314f
4150
5950
6951
8151
1152
2952
3953
5153
6154
7954
0955
2155
3156
4956
5957
7157
0158
1958
2959
4159
515a
695a
795b
115b
215c
395c
495d
615d
715e
095e
195f
314f
4150
5950
6951
8151
1152
2952
3953
5153
6154
7954
0955
2155
3156
4956
5957
7157
0158
1958
2959
4159
515a
695a
795b
115b
215c
395c
495d
615d
715e
095e
195f
314f
4150
5950
6951
8151
1152
2952
3953
5153
6154
7954
0955
2155
3156
4956
5957
7157
0158
1958
2959
4159
515a
695a
795b
115b
215c
395c
495d
615d
715e
095e
195f
314f
4150
5950
6951
8151
1152
2952
3953
5153
6154
7954
0955
2155
3156
4956
5957
7157
0158
1958
2959
4159
515a
695a
795b
115b
215c
395c
495d
615d
715e
095e
195f
314f
4150
5950
6951
8151
1152
2952
3953
5153
6154
7954
0955
2155
3156
4956
5957
7157
0158
1958
2959
4159
515a
695a
795b
115b
215c
395c
495d
615d
715e
095e
195f
314f
4150
5950
6951
8151
1152
2952
3953
5153
6154
7954
0955
2155
3156
4956
5957
7157
0158
1958
2959
4159
515a
695a
795b
115b
215c
395c
495d
615d
715e
095e
195f
314f
4150
5950
6951
8151
1152
2952
3953
5153
6154
7954
0955
2155
3156
4956
5957
7157
0178
1979
2979
417a
517a
697b
797b
117c
217c
397d
497d
617e
717e
097f
196f
3170
4170
5971
6971
8172
1172
2973
3973
5174
6174
7975
0975
2176
3176
4977
5977
7178
0178
1979
2979
417a
517a
697b
797b
117c
217c
397d
497d
617e
717e
097f
196f
3170
4170
5971
6971
8172
1172
2973
3973
5174
6174
7975
0975
2176
3176
4977
5977
7178
0178
1979
2979
417a
517a
697b
797b
117c
217c
397d
497d
617e
717e
097f
196f
3170
4170
5971
6971
8172
1172
2973
3973
5174
6174
7975
0975
2176
3176
4977
5977
7178
0178
1979
2979
417a
517a
697b
797b
117c
217c
397d
497d
617e
717e
097f
196f
3170
4170
5971
6971
8172
1172
2973
3973
5174
6174
7975
0975
2176
3176
4977
5977
7178
0178
1979
2979
417a
517a
697b
797b
117c
217c
397d
497d
617e
717e
097f
196f
3170
4170
5971
6971
8172
1172
2973
3973
5174
6174
7975
0975
2176
3176
4977
5977
7178
0178
1979
2979
417a
517a
697b
797b
117c
217c
397d
497d
617e
717e
097f
196f
3170
4170
5971
6971
8172
1172
2973
3973
5174
6174
7975
0975
2176
3176
4977
5977
7178
0178
1979
2979
417a
517a
697b
797b
117c
217c
397d
497d
617e
717e
097f
196f
3170
4170
5971
6971
8172
1172
2973
3973
5174
6174
7975
0975
2176
3176
4977
5977
7178
0178
1979
2979
417a
517a
697b
797b
117c
217c
397d
497d
617e
717e
097f
196f
3170
4170
5971
6971
8172
1172
2973
3973
5174
6174
7975
0975
2176
3176
4977
5977
7178
0178
1979
2979
417a
517a
697b
797b
117c
217c
397d
497d
617e
717e
097f
196f
3170
4170
5971
6971
8172
1172
2973
3973
5174
6174
7975
0975
2176
3176
4977
5977
7178
01b9
19b9
29ba
41ba
51bb
69bb
79bc
11bc
21bd
39bd
49be
61be
71bf
09af
19b0
31b0
41b1
59b1
69b2
81b2
11b3
29b3
39b4
51b4
61b5
79b5
09b6
21b6
31b7
49b7
59b8
71b8
01b9
19b9
29ba
41ba
51bb
69bb
79bc
11bc
21bd
39bd
49be
61be
71bf
09af
19b0
31b0
41b1
59b1
69b2
81b2
11b3
29b3
39b4
51b4
61b5
79b5
09b6
21b6
31b7
49b7
59b8
71b8
01b9
19b9
29ba
41ba
51bb
69bb
79bc
11bc
21bd
39bd
49be
61be
71bf
09af
19b0
31b0
41b1
59b1
69b2
81b2
11b3
29b3
39b4
51b4
61b5
79b5
09b6
21b6
31b7
49b7
59b8
71b8
01b9
19b9
29ba
41ba
51bb
69bb
79bc
11bc
21bd
39bd
49be
61be
71bf
09af
19b0
31b0
41b1
59b1
69b2
81b2
11b3
29b3
39b4
51b4
61b5
79b5
09b6
21b6
31b7
49b7
59b8
71b8
01b9
19b9
29ba
41ba
51bb
69bb
79bc
11bc
21bd
39bd
49be
61be
71bf
09af
19b0
31b0
41b1
59b1
69b2
81b2
11b3
29b3
39b4
51b4
61b5
79b5
09b6
21b6
31b7
49b7
59b8
71b8
01b9
19b9
29ba
41ba
51bb
69bb
79bc
11bc
21bd
39bd
49be
61be
71bf
09af
19b0
31b0
41b1
59b1
69b2
81b2
11b3
29b3
39b4
51b4
61b5
79b5
09b6
21b6
31b7
49b7
59b8
71b8
01b9
19b9
29ba
41ba
51bb
69bb
79bc
11bc
21bd
39bd
49be
61be
71bf
09af
19b0
31b0
41b1
59b1
69b2
81b2
11b3
29b3
39b4
51b4
61b5
79b5
09b6
21b6
31b7
49b7
59b8
71b8
01b9
19b9
29ba
41ba
51bb
69bb
79bc
11bc
21bd
39bd
49be
61be
71bf
09af
19b0
31b0
41b1
59b1
69b2
81b2
11b3
29b3
39b4
51b4
61b5
79b5
09b6
21b6
31b7
49b7
59b8
71b8
01b9
19b9
29ba
41ba
51bb
69bb
79bc
11bc
21bd
39bd
49be
61be
71bf
09af
19b0
31b0
41b1
59b1
69b2
81b2
11b3
29b3
39b4
51b4
61b5
79b5
09b6
21b6
31b7
49b7
59b8
71b8
01d9
19da
29da
41db
51db
69dc
79dc
11dd
21dd
39de
49de
61df
71cf
09d0
19d0
31d1
41d1
59d2
69d2
81d3
11d3
29d4
39d4
51d5
61d5
79d6
09d6
21d7
31d7
49d8
59d8
71d9
01d9
19da
29da
41db
51db
69dc
79dc
11dd
21dd
39de
49de
61df
71cf
09d0
19d0
31d1
41d1
59d2
69d2
81d3
11d3
29d4
39d4
51d5
61d5
79d6
09d6
21d7
31d7
49d8
59d8
71d9
01d9
19da
29da
41db
51db
69dc
79dc
11dd
21dd
39de
49de
61df
71cf
09d0
19d0
31d1
41d1
59d2
69d2
81d3
11d3
29d4
39d4
51d5
61d5
79d6
09d6
21d7
31d7
49d8
59d8
71d9
01d9
19da
29da
41db
51db
69dc
79dc
11dd
21dd
39de
49de
61df
71cf
09d0
19d0
31d1
41d1
59d2
69d2
81d3
11d3
29d4
39d4
51d5
61d5
79d6
09d6
21d7
31d7
49d8
59d8
71d9
01d9
19da
29da
41db
51db
69dc
79dc
11dd
21dd
39de
49de
61df
71cf
09d0
19d0
31d1
41d1
59d2
69d2
81d3
11d3
29d4
39d4
51d5
61d5
79d6
09d6
21d7
31d7
49d8
59d8
71d9
01d9
19da
29da
41db
51db
69dc
79dc
11dd
21dd
39de
49de
61df
71cf
09d0
19d0
31d1
41d1
59d2
69d2
81d3
11d3
29d4
39d4
51d5
61d5
79d6
09d6
21d7
31d7
49d8
59d8
71d9
01d9
19da
29da
41db
51db
69dc
79dc
11dd
21dd
39de
49de
61df
71cf
09d0
19d0
31d1
41d1
59d2
69d2
81d3
11d3
29d4
39d4
51d5
61d5
79d6
09d6
21d7
31d7
49d8
59d8
71d9
01d9
19da
29da
41db
51db
69dc
79dc
11dd
21dd
39de
49de
61df
71cf
09d0
19d0
31d1
41d1
59d2
69d2
81d3
11d3
29d4
39d4
51d5
61d5
79d6
09d6
21d7
31d7
49d8
59d8
71d9
01d9
19da
29da
41db
51db
69dc
79dc
11dd
21dd
39de
49de
61df
71cf
09d0
19d0
31d1
41d1
59d2
69d2
81d3
11d3
29d4
39d4
51d5
61d5
79d6
09d6
21d7
31d7
49d8
59d8
71d9
021a
1a1a
2a1b
421b
521c
6a1c
7a1d
121d
221e
3a1e
4a1f
620f
7210
0a10
1a11
3211
4212
5a12
6a13
8213
1214
2a14
3a15
5215
6216
7a16
0a17
2217
3218
4a18
5a19
7219
021a
1a1a
2a1b
421b
521c
6a1c
7a1d
121d
221e
3a1e
4a1f
620f
7210
0a10
1a11
3211
4212
5a12
6a13
8213
1214
2a14
3a15
5215
6216
7a16
0a17
2217
3218
4a18
5a19
7219
021a
1a1a
2a1b
421b
521c
6a1c
7a1d
121d
221e
3a1e
4a1f
620f
7210
0a10
1a11
3211
4212
5a12
6a13
8213
1214
2a14
3a15
5215
6216
7a16
0a17
2217
3218
4a18
5a19
7219
021a
1a1a
2a1b
421b
521c
6a1c
7a1d
121d
221e
3a1e
4a1f
620f
7210
0a10
1a11
3211
4212
5a12
6a13
8213
1214
2a14
3a15
5215
6216
7a16
0a17
2217
3218
4a18
5a19
7219
021a
1a1a
2a1b
421b
521c
6a1c
7a1d
121d
221e
3a1e
4a1f
620f
7210
0a10
1a11
3211
4212
5a12
6a13
8213
1214
2a14
3a15
5215
6216
7a16
0a17
2217
3218
4a18
5a19
7219
021a
1a1a
2a1b
421b
521c
6a1c
7a1d
121d
221e
3a1e
4a1f
620f
7210
0a10
1a11
3211
4212
5a12
6a13
8213
1214
2a14
3a15
5215
6216
7a16
0a17
2217
3218
4a18
5a19
7219
021a
1a1a
2a1b
421b
521c
6a1c
7a1d
121d
221e
3a1e
4a1f
620f
7210
0a10
1a11
3211
4212
5a12
6a13
8213
1214
2a14
3a15
5215
6216
7a16
0a17
2217
3218
4a18
5a19
7219
021a
1a1a
2a1b
421b
521c
6a1c
7a1d
121d
221e
3a1e
4a1f
620f
7210
0a10
1a11
3211
4212
5a12
6a13
8213
1214
2a14
3a15
5215
6216
7a16
0a17
2217
3218
4a18
5a19
7219
021a
1a1a
2a1b
421b
521c
6a1c
7a1d
121d
221e
3a1e
4a1f
620f
7210
0a10
1a11
3211
4212
5a12
6a13
8213
1214
2a14
3a15
5215
6216
7a16
0a17
2217
3218
4a18
5a19
7219
023a
1a3b
2a3b
423c
523c
6a3d
7a3d
123e
223e
3a3f
4a2f
6230
7230
0a31
1a31
3232
4232
5a33
6a33
8234
1234
2a35
3a35
5236
6236
7a37
0a37
2238
3238
4a39
5a39
723a
023a
1a3b
2a3b
423c
523c
6a3d
7a3d
123e
223e
3a3f
4a2f
6230
7230
0a31
1a31
3232
4232
5a33
6a33
8234
1234
2a35
3a35
5236
6236
7a37
0a37
2238
3238
4a39
5a39
723a
023a
1a3b
2a3b
423c
523c
6a3d
7a3d
123e
223e
3a3f
4a2f
6230
7230
0a31
1a31
3232
4232
5a33
6a33
8234
1234
2a35
3a35
5236
6236
7a37
0a37
2238
3238
4a39
5a39
723a
023a
1a3b
2a3b
423c
523c
6a3d
7a3d
123e
223e
3a3f
4a2f
6230
7230
0a31
1a31
3232
4232
5a33
6a33
8234
1234
2a35
3a35
5236
6236
7a37
0a37
2238
3238
4a39
5a39
723a
023a
1a3b
2a3b
423c
523c
6a3d
7a3d
123e
223e
3a3f
4a2f
6230
7230
0a31
1a31
3232
4232
5a33
6a33
8234
1234
2a35
3a35
5236
6236
7a37
0a37
2238
3238
4a39
5a39
723a
023a
1a3b
2a3b
423c
523c
6a3d
7a3d
123e
223e
3a3f
4a2f
6230
7230
0a31
1a31
3232
4232
5a33
6a33
8234
1234
2a35
3a35
5236
6236
7a37
0a37
2238
3238
4a39
5a39
723a
023a
1a3b
2a3b
423c
523c
6a3d
7a3d
123e
223e
3a3f
4a2f
6230
7230
0a31
1a31
3232
4232
5a33
6a33
8234
1234
2a35
3a35
5236
6236
7a37
0a37
2238
3238
4a39
5a39
723a
023a
1a3b
2a3b
423c
523c
6a3d
7a3d
123e
223e
3a3f
4a2f
6230
7230
0a31
1a31
3232
4232
5a33
6a33
8234
1234
2a35
3a35
5236
6236
7a37
0a37
2238
3238
4a39
5a39
723a
023a
1a3b
2a3b
423c
523c
6a3d
7a3d
123e
223e
3a3f
4a2f
6230
7230
0a31
1a31
3232
4232
5a33
6a33
8234
1234
2a35
3a35
5236
6236
7a37
0a37
2238
3238
4a39
5a39
723a
027b
1a7b
2a7c
427c
527d
6a7d
7a7e
127e
227f
3a6f
4a70
6270
7271
0a71
1a72
3272
4273
5a73
6a74
8274
1275
2a75
3a76
5276
6277
7a77
0a78
2278
3279
4a79
5a7a
727a
027b
1a7b
2a7c
427c
527d
6a7d
7a7e
127e
227f
3a6f
4a70
6270
7271
0a71
1a72
3272
4273
5a73
6a74
8274
1275
2a75
3a76
5276
6277
7a77
0a78
2278
3279
4a79
5a7a
727a
027b
1a7b
2a7c
427c
527d
6a7d
7a7e
127e
227f
3a6f
4a70
6270
7271
0a71
1a72
3272
4273
5a73
6a74
8274
1275
2a75
3a76
5276
6277
7a77
0a78
2278
3279
4a79
5a7a
727a
027b
1a7b
2a7c
427c
527d
6a7d
7a7e
127e
227f
3a6f
4a70
6270
7271
0a71
1a72
3272
4273
5a73
6a74
8274
1275
2a75
3a76
5276
6277
7a77
0a78
2278
3279
4a79
5a7a
727a
027b
1a7b
2a7c
427c
527d
6a7d
7a7e
127e
227f
3a6f
4a70
6270
7271
0a71
1a72
3272
4273
5a73
6a74
8274
1275
2a75
3a76
5276
6277
7a77
0a78
2278
3279
4a79
5a7a
727a
027b
1a7b
2a7c
427c
527d
6a7d
7a7e
127e
227f
3a6f
4a70
6270
7271
0a71
1a72
3272
4273
5a73
6a74
8274
1275
2a75
3a76
5276
6277
7a77
0a78
2278
3279
4a79
5a7a
727a
027b
1a7b
2a7c
427c
527d
6a7d
7a7e
127e
227f
3a6f
4a70
6270
7271
0a71
1a72
3272
4273
5a73
6a74
8274
1275
2a75
3a76
5276
6277
7a77
0a78
2278
3279
4a79
5a7a
727a
027b
1a7b
2a7c
427c
527d
6a7d
7a7e
127e
227f
3a6f
4a70
6270
7271
0a71
1a72
3272
4273
5a73
6a74
8274
1275
2a75
3a76
5276
6277
7a77
0a78
2278
3279
4a79
5a7a
727a
027b
1a7b
2a7c
427c
527d
6a7d
7a7e
127e
227f
3a6f
4a70
6270
7271
0a71
1a72
3272
4273
5a73
6a74
8274
1275
2a75
3a76
5276
6277
7a77
0a78
2278
3279
4a79
5a7a
727a
029b
1a9c
2a9c
429d
529d
6a9e
7a9e
129f
228f
3a90
4a90
6291
7291
0a92
1a92
3293
4293
5a94
6a94
8295
1295
2a96
3a96
5297
6297
7a98
0a98
2299
3299
4a9a
5a9a
729b
029b
1a9c
2a9c
429d
529d
6a9e
7a9e
129f
228f
3a90
4a90
6291
7291
0a92
1a92
3293
4293
5a94
6a94
8295
1295
2a96
3a96
5297
6297
7a98
0a98
2299
3299
4a9a
5a9a
729b
029b
1a9c
2a9c
429d
529d
6a9e
7a9e
129f
228f
3a90
4a90
6291
7291
0a92
1a92
3293
4293
5a94
6a94
8295
1295
2a96
3a96
5297
6297
7a98
0a98
2299
3299
4a9a
5a9a
729b
029b
1a9c
2a9c
429d
529d
6a9e
7a9e
129f
228f
3a90
4a90
6291
7291
0a92
1a92
3293
4293
5a94
6a94
8295
1295
2a96
3a96
5297
6297
7a98
0a98
2299
3299
4a9a
5a9a
729b
029b
1a9c
2a9c
429d
529d
6a9e
7a9e
129f
228f
3a90
4a90
6291
7291
0a92
1a92
3293
4293
5a94
6a94
8295
1295
2a96
3a96
5297
6297
7a98
0a98
2299
3299
4a9a
5a9a
729b
029b
1a9c
2a9c
429d
529d
6a9e
7a9e
129f
228f
3a90
4a90
6291
7291
0a92
1a92
3293
4293
5a94
6a94
8295
1295
2a96
3a96
5297
6297
7a98
0a98
2299
3299
4a9a
5a9a
729b
029b
1a9c
2a9c
429d
529d
6a9e
7a9e
129f
228f
3a90
4a90
6291
7291
0a92
1a92
3293
4293
5a94
6a94
8295
1295
2a96
3a96
5297
6297
7a98
0a98
2299
3299
4a9a
5a9a
729b
029b
1a9c
2a9c
429d
529d
6a9e
7a9e
129f
228f
3a90
4a90
6291
7291
0a92
1a92
3293
4293
5a94
6a94
8295
1295
2a96
3a96
5297
6297
7a98
0a98
2299
3299
4a9a
5a9a
729b
029b
1a9c
2a9c
429d
529d
6a9e
7a9e
129f
228f
3a90
4a90
6291
7291
0a92
1a92
3293
4293
5a94
6a94
8295
1295
2a96
3a96
5297
6297
7a98
0a98
2299
3299
4a9a
5a9a
729b
02dc
1adc
2add
42dd
52de
6ade
7adf
12cf
22d0
3ad0
4ad1
62d1
72d2
0ad2
1ad3
32d3
42d4
5ad4
6ad5
82d5
12d6
2ad6
3ad7
52d7
62d8
7ad8
0ad9
22d9
32da
4ada
5adb
72db
02dc
1adc
2add
42dd
52de
6ade
7adf
12cf
22d0
3ad0
4ad1
62d1
72d2
0ad2
1ad3
32d3
42d4
5ad4
6ad5
82d5
12d6
2ad6
3ad7
52d7
62d8
7ad8
0ad9
22d9
32da
4ada
5adb
72db
02dc
1adc
2add
42dd
52de
6ade
7adf
12cf
22d0
3ad0
4ad1
62d1
72d2
0ad2
1ad3
32d3
42d4
5ad4
6ad5
82d5
12d6
2ad6
3ad7
52d7
62d8
7ad8
0ad9
22d9
32da
4ada
5adb
72db
02dc
1adc
2add
42dd
52de
6ade
7adf
12cf
22d0
3ad0
4ad1
62d1
72d2
0ad2
1ad3
32d3
42d4
5ad4
6ad5
82d5
12d6
2ad6
3ad7
52d7
62d8
7ad8
0ad9
22d9
32da
4ada
5adb
72db
02dc
1adc
2add
42dd
52de
6ade
7adf
12cf
22d0
3ad0
4ad1
62d1
72d2
0ad2
1ad3
32d3
42d4
5ad4
6ad5
82d5
12d6
2ad6
3ad7
52d7
62d8
7ad8
0ad9
22d9
32da
4ada
5adb
72db
02dc
1adc
2add
42dd
52de
6ade
7adf
12cf
22d0
3ad0
4ad1
62d1
72d2
0ad2
1ad3
32d3
42d4
5ad4
6ad5
82d5
12d6
2ad6
3ad7
52d7
62d8
7ad8
0ad9
22d9
32da
4ada
5adb
72db
02dc
1adc
2add
42dd
52de
6ade
7adf
12cf
22d0
3ad0
4ad1
62d1
72d2
0ad2
1ad3
32d3
42d4
5ad4
6ad5
82d5
12d6
2ad6
3ad7
52d7
62d8
7ad8
0ad9
22d9
32da
4ada
5adb
72db
02dc
1adc
2add
42dd
52de
6ade
7adf
12cf
22d0
3ad0
4ad1
62d1
72d2
0ad2
1ad3
32d3
42d4
5ad4
6ad5
82d5
12d6
2ad6
3ad7
52d7
62d8
7ad8
0ad9
22d9
32da
4ada
5adb
72db
02dc
1adc
2add
42dd
52de
6ade
7adf
12cf
22d0
3ad0
4ad1
62d1
72d2
0ad2
1ad3
32d3
42d4
5ad4
6ad5
82d5
12d6
2ad6
3ad7
52d7
62d8
7ad8
0ad9
22d9
32da
4ada
5adb
72db
02fc
1afd
2afd
42fe
52fe
6aff
7aef
12f0
22f0
3af1
4af1
62f2
72f2
0af3
1af3
32f4
42f4
5af5
6af5
82f6
12f6
2af7
3af7
52f8
62f8
7af9
0af9
22fa
32fa
4afb
5afb
72fc
02fc
1afd
2afd
42fe
52fe
6aff
7aef
12f0
22f0
3af1
4af1
62f2
72f2
0af3
1af3
32f4
42f4
5af5
6af5
82f6
12f6
2af7
3af7
52f8
62f8
7af9
0af9
22fa
32fa
4afb
5afb
72fc
02fc
1afd
2afd
42fe
52fe
6aff
7aef
12f0
22f0
3af1
4af1
62f2
72f2
0af3
1af3
32f4
42f4
5af5
6af5
82f6
12f6
2af7
3af7
52f8
62f8
7af9
0af9
22fa
32fa
4afb
5afb
72fc
02fc
1afd
2afd
42fe
52fe
6aff
7aef
12f0
22f0
3af1
4af1
62f2
72f2
0af3
1af3
32f4
42f4
5af5
6af5
82f6
12f6
2af7
3af7
52f8
62f8
7af9
0af9
22fa
32fa
4afb
5afb
72fc
02fc
1afd
2afd
42fe
52fe
6aff
7aef
12f0
22f0
3af1
4af1
62f2
72f2
0af3
1af3
32f4
42f4
5af5
6af5
82f6
12f6
2af7
3af7
52f8
62f8
7af9
0af9
22fa
32fa
4afb
5afb
72fc
02fc
1afd
2afd
42fe
52fe
6aff
7aef
12f0
22f0
3af1
4af1
62f2
72f2
0af3
1af3
32f4
42f4
5af5
6af5
82f6
12f6
2af7
3af7
52f8
62f8
7af9
0af9
22fa
32fa
4afb
5afb
72fc
02fc
1afd
2afd
42fe
52fe
6aff
7aef
12f0
22f0
3af1
4af1
62f2
72f2
0af3
1af3
32f4
42f4
5af5
6af5
82f6
12f6
2af7
3af7
52f8
62f8
7af9
0af9
22fa
32fa
4afb
5afb
72fc
02fc
1afd
2afd
42fe
52fe
6aff
7aef
12f0
22f0
3af1
4af1
62f2
72f2
0af3
1af3
32f4
42f4
5af5
6af5
82f6
12f6
2af7
3af7
52f8
62f8
7af9
0af9
22fa
32fa
4afb
5afb
72fc
02fc
1afd
2afd
42fe
52fe
6aff
7aef
12f0
22f0
3af1
4af1
62f2
72f2
0af3
1af3
32f4
42f4
5af5
6af5
82f6
12f6
2af7
3af7
52f8
62f8
7af9
0af9
22fa
32fa
4afb
5afb
72fc
033d
1b3d
2b3e
433e
533f
6b2f
7b30
1330
2331
3b31
4b32
6332
7333
0b33
1b34
3334
4335
5b35
6b36
8336
1337
2b37
3b38
5338
6339
7b39
0b3a
233a
333b
4b3b
5b3c
733c
033d
1b3d
2b3e
433e
533f
6b2f
7b30
1330
2331
3b31
4b32
6332
7333
0b33
1b34
3334
4335
5b35
6b36
8336
1337
2b37
3b38
5338
6339
7b39
0b3a
233a
333b
4b3b
5b3c
733c
033d
1b3d
2b3e
433e
533f
6b2f
7b30
1330
2331
3b31
4b32
6332
7333
0b33
1b34
3334
4335
5b35
6b36
8336
1337
2b37
3b38
5338
6339
7b39
0b3a
233a
333b
4b3b
5b3c
733c
033d
1b3d
2b3e
433e
533f
6b2f
7b30
1330
2331
3b31
4b32
6332
7333
0b33
1b34
3334
4335
5b35
6b36
8336
1337
2b37
3b38
5338
6339
7b39
0b3a
233a
333b
4b3b
5b3c
733c
033d
1b3d
2b3e
433e
533f
6b2f
7b30
1330
2331
3b31
4b32
6332
7333
0b33
1b34
3334
4335
5b35
6b36
8336
1337
2b37
3b38
5338
6339
7b39
0b3a
233a
333b
4b3b
5b3c
733c
033d
1b3d
2b3e
433e
533f
6b2f
7b30
1330
2331
3b31
4b32
6332
7333
0b33
1b34
3334
4335
5b35
6b36
8336
1337
2b37
3b38
5338
6339
7b39
0b3a
233a
333b
4b3b
5b3c
733c
033d
1b3d
2b3e
433e
533f
6b2f
7b30
1330
2331
3b31
4b32
6332
7333
0b33
1b34
3334
4335
5b35
6b36
8336
1337
2b37
3b38
5338
6339
7b39
0b3a
233a
333b
4b3b
5b3c
733c
033d
1b3d
2b3e
433e
533f
6b2f
7b30
1330
2331
3b31
4b32
6332
7333
0b33
1b34
3334
4335
5b35
6b36
8336
1337
2b37
3b38
5338
6339
7b39
0b3a
233a
333b
4b3b
5b3c
733c
033d
1b3d
2b3e
433e
533f
6b2f
7b30
1330
2331
3b31
4b32
6332
7333
0b33
1b34
3334
4335
5b35
6b36
8336
1337
2b37
3b38
5338
6339
7b39
0b3a
233a
333b
4b3b
5b3c
733c
035d
1b5e
2b5e
435f
534f
6b50
7b50
1351
2351
3b52
4b52
6353
7353
0b54
1b54
3355
4355
5b56
6b56
8357
1357
2b58
3b58
5359
6359
7b5a
0b5a
235b
335b
4b5c
5b5c
735d
035d
1b5e
2b5e
435f
534f
6b50
7b50
1351
2351
3b52
4b52
6353
7353
0b54
1b54
3355
4355
5b56
6b56
8357
1357
2b58
3b58
5359
6359
7b5a
0b5a
235b
335b
4b5c
5b5c
735d
035d
1b5e
2b5e
435f
534f
6b50
7b50
1351
2351
3b52
4b52
6353
7353
0b54
1b54
3355
4355
5b56
6b56
8357
1357
2b58
3b58
5359
6359
7b5a
0b5a
235b
335b
4b5c
5b5c
735d
035d
1b5e
2b5e
435f
534f
6b50
7b50
1351
2351
3b52
4b52
6353
7353
0b54
1b54
3355
4355
5b56
6b56
8357
1357
2b58
3b58
5359
6359
7b5a
0b5a
235b
335b
4b5c
5b5c
735d
035d
1b5e
2b5e
435f
534f
6b50
7b50
1351
2351
3b52
4b52
6353
7353
0b54
1b54
3355
4355
5b56
6b56
8357
1357
2b58
3b58
5359
6359
7b5a
0b5a
235b
335b
4b5c
5b5c
735d
035d
1b5e
2b5e
435f
534f
6b50
7b50
1351
2351
3b52
4b52
6353
7353
0b54
1b54
3355
4355
5b56
6b56
8357
1357
2b58
3b58
5359
6359
7b5a
0b5a
235b
335b
4b5c
5b5c
735d
035d
1b5e
2b5e
435f
534f
6b50
7b50
1351
2351
3b52
4b52
6353
7353
0b54
1b54
3355
4355
5b56
6b56
8357
1357
2b58
3b58
5359
6359
7b5a
0b5a
235b
335b
4b5c
5b5c
735d
035d
1b5e
2b5e
435f
534f
6b50
7b50
1351
2351
3b52
4b52
6353
7353
0b54
1b54
3355
4355
5b56
6b56
8357
1357
2b58
3b58
5359
6359
7b5a
0b5a
235b
335b
4b5c
5b5c
735d
035d
1b5e
2b5e
435f
534f
6b50
7b50
1351
2351
3b52
4b52
6353
7353
0b54
1b54
3355
4355
5b56
6b56
8357
1357
2b58
3b58
5359
6359
7b5a
0b5a
235b
335b
4b5c
5b5c
735d
039e
1b9e
2b9f
438f
5390
6b90
7b91
1391
2392
3b92
4b93
6393
7394
0b94
1b95
3395
4396
5b96
6b97
8397
1398
2b98
3b99
5399
639a
7b9a
0b9b
239b
339c
4b9c
5b9d
739d
039e
1b9e
2b9f
438f
5390
6b90
7b91
1391
2392
3b92
4b93
6393
7394
0b94
1b95
3395
4396
5b96
6b97
8397
1398
2b98
3b99
5399
639a
7b9a
0b9b
239b
339c
4b9c
5b9d
739d
039e
1b9e
2b9f
438f
5390
6b90
7b91
1391
2392
3b92
4b93
6393
7394
0b94
1b95
3395
4396
5b96
6b97
8397
1398
2b98
3b99
5399
639a
7b9a
0b9b
239b
339c
4b9c
5b9d
739d
039e
1b9e
2b9f
438f
5390
6b90
7b91
1391
2392
3b92
4b93
6393
7394
0b94
1b95
3395
4396
5b96
6b97
8397
1398
2b98
3b99
5399
639a
7b9a
0b9b
239b
339c
4b9c
5b9d
739d
039e
1b9e
2b9f
438f
5390
6b90
7b91
1391
2392
3b92
4b93
6393
7394
0b94
1b95
3395
4396
5b96
6b97
8397
1398
2b98
3b99
5399
639a
7b9a
0b9b
239b
339c
4b9c
5b9d
739d
039e
1b9e
2b9f
438f
5390
6b90
7b91
1391
2392
3b92
4b93
6393
7394
0b94
1b95
3395
4396
5b96
6b97
8397
1398
2b98
3b99
5399
639a
7b9a
0b9b
239b
339c
4b9c
5b9d
739d
039e
1b9e
2b9f
438f
5390
6b90
7b91
1391
2392
3b92
4b93
6393
7394
0b94
1b95
3395
4396
5b96
6b97
8397
1398
2b98
3b99
5399
639a
7b9a
0b9b
239b
339c
4b9c
5b9d
739d
039e
1b9e
2b9f
438f
5390
6b90
7b91
1391
2392
3b92
4b93
6393
7394
0b94
1b95
3395
4396
5b96
6b97
8397
1398
2b98
3b99
5399
639a
7b9a
0b9b
239b
339c
4b9c
5b9d
739d
039e
1b9e
2b9f
438f
5390
6b90
7b91
1391
2392
3b92
4b93
6393
7394
0b94
1b95
3395
4396
5b96
6b97
8397
1398
2b98
3b99
5399
639a
7b9a
0b9b
239b
339c
4b9c
5b9d
739d
03be
1bbf
2baf
43b0
53b0
6bb1
7bb1
13b2
23b2
3bb3
4bb3
63b4
73b4
0bb5
1bb5
33b6
43b6
5bb7
6bb7
83b8
13b8
2bb9
3bb9
53ba
63ba
7bbb
0bbb
23bc
33bc
4bbd
5bbd
73be
03be
1bbf
2baf
43b0
53b0
6bb1
7bb1
13b2
23b2
3bb3
4bb3
63b4
73b4
0bb5
1bb5
33b6
43b6
5bb7
6bb7
83b8
13b8
2bb9
3bb9
53ba
63ba
7bbb
0bbb
23bc
33bc
4bbd
5bbd
73be
03be
1bbf
2baf
43b0
53b0
6bb1
7bb1
13b2
23b2
3bb3
4bb3
63b4
73b4
0bb5
1bb5
33b6
43b6
5bb7
6bb7
83b8
13b8
2bb9
3bb9
53ba
63ba
7bbb
0bbb
23bc
33bc
4bbd
5bbd
73be
03be
1bbf
2baf
43b0
53b0
6bb1
7bb1
13b2
23b2
3bb3
4bb3
63b4
73b4
0bb5
1bb5
33b6
43b6
5bb7
6bb7
83b8
13b8
2bb9
3bb9
53ba
63ba
7bbb
0bbb
23bc
33bc
4bbd
5bbd
73be
03be
1bbf
2baf
43b0
53b0
6bb1
7bb1
13b2
23b2
3bb3
4bb3
63b4
73b4
0bb5
1bb5
33b6
43b6
5bb7
6bb7
83b8
13b8
2bb9
3bb9
53ba
63ba
7bbb
0bbb
23bc
33bc
4bbd
5bbd
73be
03be
1bbf
2baf
43b0
53b0
6bb1
7bb1
13b2
23b2
3bb3
4bb3
63b4
73b4
0bb5
1bb5
33b6
43b6
5bb7
6bb7
83b8
13b8
2bb9
3bb9
53ba
63ba
7bbb
0bbb
23bc
33bc
4bbd
5bbd
73be
03be
1bbf
2baf
43b0
53b0
6bb1
7bb1
13b2
23b2
3bb3
4bb3
63b4
73b4
0bb5
1bb5
33b6
43b6
5bb7
6bb7
83b8
13b8
2bb9
3bb9
53ba
63ba
7bbb
0bbb
23bc
33bc
4bbd
5bbd
73be
03be
1bbf
2baf
43b0
53b0
6bb1
7bb1
13b2
23b2
3bb3
4bb3
63b4
73b4
0bb5
1bb5
33b6
43b6
5bb7
6bb7
83b8
13b8
2bb9
3bb9
53ba
63ba
7bbb
0bbb
23bc
33bc
4bbd
5bbd
73be
03be
1bbf
2baf
43b0
53b0
6bb1
7bb1
13b2
23b2
3bb3
4bb3
63b4
73b4
0bb5
1bb5
33b6
43b6
5bb7
6bb7
83b8
13b8
2bb9
3bb9
53ba
63ba
7bbb
0bbb
23bc
33bc
4bbd
5bbd
73be
03ff
1bef
2bf0
43f0
53f1
6bf1
7bf2
13f2
23f3
3bf3
4bf4
63f4
73f5
0bf5
1bf6
33f6
43f7
5bf7
6bf8
83f8
13f9
2bf9
3bfa
53fa
63fb
7bfb
0bfc
23fc
33fd
4bfd
5bfe
73fe
03ff
1bef
2bf0
43f0
53f1
6bf1
7bf2
13f2
23f3
3bf3
4bf4
63f4
73f5
0bf5
1bf6
33f6
43f7
5bf7
6bf8
83f8
13f9
2bf9
3bfa
53fa
63fb
7bfb
0bfc
23fc
33fd
4bfd
5bfe
73fe
03ff
1bef
2bf0
43f0
53f1
6bf1
7bf2
13f2
23f3
3bf3
4bf4
63f4
73f5
0bf5
1bf6
33f6
43f7
5bf7
6bf8
83f8
13f9
2bf9
3bfa
53fa
63fb
7bfb
0bfc
23fc
33fd
4bfd
5bfe
73fe
03ff
1bef
2bf0
43f0
53f1
6bf1
7bf2
13f2
23f3
3bf3
4bf4
63f4
73f5
0bf5
1bf6
33f6
43f7
5bf7
6bf8
83f8
13f9
2bf9
3bfa
53fa
63fb
7bfb
0bfc
23fc
33fd
4bfd
5bfe
73fe
03ff
1bef
2bf0
43f0
53f1
6bf1
7bf2
13f2
23f3
3bf3
4bf4
63f4
73f5
0bf5
1bf6
33f6
43f7
5bf7
6bf8
83f8
13f9
2bf9
3bfa
53fa
63fb
7bfb
0bfc
23fc
33fd
4bfd
5bfe
73fe
03ff
1bef
2bf0
43f0
53f1
6bf1
7bf2
13f2
23f3
3bf3
4bf4
63f4
73f5
0bf5
1bf6
33f6
43f7
5bf7
6bf8
83f8
13f9
2bf9
3bfa
53fa
63fb
7bfb
0bfc
23fc
33fd
4bfd
5bfe
73fe
03ff
1bef
2bf0
43f0
53f1
6bf1
7bf2
13f2
23f3
3bf3
4bf4
63f4
73f5
0bf5
1bf6
33f6
43f7
5bf7
6bf8
83f8
13f9
2bf9
3bfa
53fa
63fb
7bfb
0bfc
23fc
33fd
4bfd
5bfe
73fe
03ff
1bef
2bf0
43f0
53f1
6bf1
7bf2
13f2
23f3
3bf3
4bf4
63f4
73f5
0bf5
1bf6
33f6
43f7
5bf7
6bf8
83f8
13f9
2bf9
3bfa
53fa
63fb
7bfb
0bfc
23fc
33fd
4bfd
5bfe
73fe
03ff
1bef
2bf0
43f0
53f1
6bf1
7bf2
13f2
23f3
3bf3
4bf4
63f4
73f5
0bf5
1bf6
33f6
43f7
5bf7
6bf8
83f8
13f9
2bf9
3bfa
53fa
63fb
7bfb
0bfc
23fc
33fd
4bfd
5bfe
73fe
000f
1810
2810
4011
5011
6812
7812
1013
2013
3814
4814
6015
7015
0816
1816
3017
4017
5818
6818
8019
1019
281a
381a
501b
601b
781c
081c
201d
301d
481e
581e
701f
000f
1810
2810
4011
5011
6812
7812
1013
2013
3814
4814
6015
7015
0816
1816
3017
4017
5818
6818
8019
1019
281a
381a
501b
601b
781c
081c
201d
301d
481e
581e
701f
000f
1810
2810
4011
5011
6812
7812
1013
2013
3814
4814
6015
7015
0816
1816
3017
4017
5818
6818
8019
1019
281a
381a
501b
601b
781c
081c
201d
301d
481e
581e
701f
000f
1810
2810
4011
5011
6812
7812
1013
2013
3814
4814
6015
7015
0816
1816
3017
4017
5818
6818
8019
1019
281a
381a
501b
601b
781c
081c
201d
301d
481e
581e
701f
000f
1810
2810
4011
5011
6812
7812
1013
2013
3814
4814
6015
7015
0816
1816
3017
4017
5818
6818
8019
1019
281a
381a
501b
601b
781c
081c
201d
301d
481e
581e
701f
000f
1810
2810
4011
5011
6812
7812
1013
2013
3814
4814
6015
7015
0816
1816
3017
4017
5818
6818
8019
1019
281a
381a
501b
601b
781c
081c
201d
301d
481e
581e
701f
000f
1810
2810
4011
5011
6812
7812
1013
2013
3814
4814
6015
7015
0816
1816
3017
4017
5818
6818
8019
1019
281a
381a
501b
601b
781c
081c
201d
301d
481e
581e
701f
000f
1810
2810
4011
5011
6812
7812
1013
2013
3814
4814
6015
7015
0816
1816
3017
4017
5818
6818
8019
1019
281a
381a
501b
601b
781c
081c
201d
301d
481e
581e
701f
000f
1810
2810
4011
5011
6812
7812
1013
2013
3814
4814
6015
7015
0816
1816
3017
4017
5818
6818
8019
1019
281a
381a
501b
601b
781c
081c
201d
301d
481e
581e
701f
0050
1850
2851
4051
5052
6852
7853
1053
2054
3854
4855
6055
7056
0856
1857
3057
4058
5858
6859
8059
105a
285a
385b
505b
605c
785c
085d
205d
305e
485e
585f
704f
0050
1850
2851
4051
5052
6852
7853
1053
2054
3854
4855
6055
7056
0856
1857
3057
4058
5858
6859
8059
105a
285a
385b
505b
605c
785c
085d
205d
305e
485e
585f
704f
0050
1850
2851
4051
5052
6852
7853
1053
2054
3854
4855
6055
7056
0856
1857
3057
4058
5858
6859
8059
105a
285a
385b
505b
605c
785c
085d
205d
305e
485e
585f
704f
0050
1850
2851
4051
5052
6852
7853
1053
2054
3854
4855
6055
7056
0856
1857
3057
4058
5858
6859
8059
105a
285a
385b
505b
605c
785c
085d
205d
305e
485e
585f
704f
0050
1850
2851
4051
5052
6852
7853
1053
2054
3854
4855
6055
7056
0856
1857
3057
4058
5858
6859
8059
105a
285a
385b
505b
605c
785c
085d
205d
305e
485e
585f
704f
0050
1850
2851
4051
5052
6852
7853
1053
2054
3854
4855
6055
7056
0856
1857
3057
4058
5858
6859
8059
105a
285a
385b
505b
605c
785c
085d
205d
305e
485e
585f
704f
0050
1850
2851
4051
5052
6852
7853
1053
2054
3854
4855
6055
7056
0856
1857
3057
4058
5858
6859
8059
105a
285a
385b
505b
605c
785c
085d
205d
305e
485e
585f
704f
0050
1850
2851
4051
5052
6852
7853
1053
2054
3854
4855
6055
7056
0856
1857
3057
4058
5858
6859
8059
105a
285a
385b
505b
605c
785c
085d
205d
305e
485e
585f
704f
0050
1850
2851
4051
5052
6852
7853
1053
2054
3854
4855
6055
7056
0856
1857
3057
4058
5858
6859
8059
105a
285a
385b
505b
605c
785c
085d
205d
305e
485e
585f
704f
0070
1871
2871
4072
5072
6873
7873
1074
2074
3875
4875
6076
7076
0877
1877
3078
4078
5879
6879
807a
107a
287b
387b
507c
607c
787d
087d
207e
307e
487f
586f
7070
0070
1871
2871
4072
5072
6873
7873
1074
2074
3875
4875
6076
7076
0877
1877
3078
4078
5879
6879
807a
107a
287b
387b
507c
607c
787d
087d
207e
307e
487f
586f
7070
0070
1871
2871
4072
5072
6873
7873
1074
2074
3875
4875
6076
7076
0877
1877
3078
4078
5879
6879
807a
107a
287b
387b
507c
607c
787d
087d
207e
307e
487f
586f
7070
0070
1871
2871
4072
5072
6873
7873
1074
2074
3875
4875
6076
7076
0877
1877
3078
4078
5879
6879
807a
107a
287b
387b
507c
607c
787d
087d
207e
307e
487f
586f
7070
0070
1871
2871
4072
5072
6873
7873
1074
2074
3875
4875
6076
7076
0877
1877
3078
4078
5879
6879
807a
107a
287b
387b
507c
607c
787d
087d
207e
307e
487f
586f
7070
0070
1871
2871
4072
5072
6873
7873
1074
2074
3875
4875
6076
7076
0877
1877
3078
4078
5879
6879
807a
107a
287b
387b
507c
607c
787d
087d
207e
307e
487f
586f
7070
0070
1871
2871
4072
5072
6873
7873
1074
2074
3875
4875
6076
7076
0877
1877
3078
4078
5879
6879
807a
107a
287b
387b
507c
607c
787d
087d
207e
307e
487f
586f
7070
0070
1871
2871
4072
5072
6873
7873
1074
2074
3875
4875
6076
7076
0877
1877
3078
4078
5879
6879
807a
107a
287b
387b
507c
607c
787d
087d
207e
307e
487f
586f
7070
0070
1871
2871
4072
5072
6873
7873
1074
2074
3875
4875
6076
7076
0877
1877
3078
4078
5879
6879
807a
107a
287b
387b
507c
607c
787d
087d
207e
307e
487f
586f
7070
00b1
18b1
28b2
40b2
50b3
68b3
78b4
10b4
20b5
38b5
48b6
60b6
70b7
08b7
18b8
30b8
40b9
58b9
68ba
80ba
10bb
28bb
38bc
50bc
60bd
78bd
08be
20be
30bf
48af
58b0
70b0
00b1
18b1
28b2
40b2
50b3
68b3
78b4
10b4
20b5
38b5
48b6
60b6
70b7
08b7
18b8
30b8
40b9
58b9
68ba
80ba
10bb
28bb
38bc
50bc
60bd
78bd
08be
20be
30bf
48af
58b0
70b0
00b1
18b1
28b2
40b2
50b3
68b3
78b4
10b4
20b5
38b5
48b6
60b6
70b7
08b7
18b8
30b8
40b9
58b9
68ba
80ba
10bb
28bb
38bc
50bc
60bd
78bd
08be
20be
30bf
48af
58b0
70b0
00b1
18b1
28b2
40b2
50b3
68b3
78b4
10b4
20b5
38b5
48b6
60b6
70b7
08b7
18b8
30b8
40b9
58b9
68ba
80ba
10bb
28bb
38bc
50bc
60bd
78bd
08be
20be
30bf
48af
58b0
70b0
00b1
18b1
28b2
40b2
50b3
68b3
78b4
10b4
20b5
38b5
48b6
60b6
70b7
08b7
18b8
30b8
40b9
58b9
68ba
80ba
10bb
28bb
38bc
50bc
60bd
78bd
08be
20be
30bf
48af
58b0
70b0
00b1
18b1
28b2
40b2
50b3
68b3
78b4
10b4
20b5
38b5
48b6
60b6
70b7
08b7
18b8
30b8
40b9
58b9
68ba
80ba
10bb
28bb
38bc
50bc
60bd
78bd
08be
20be
30bf
48af
58b0
70b0
00b1
18b1
28b2
40b2
50b3
68b3
78b4
10b4
20b5
38b5
48b6
60b6
70b7
08b7
18b8
30b8
40b9
58b9
68ba
80ba
10bb
28bb
38bc
50bc
60bd
78bd
08be
20be
30bf
48af
58b0
70b0
00b1
18b1
28b2
40b2
50b3
68b3
78b4
10b4
20b5
38b5
48b6
60b6
70b7
08b7
18b8
30b8
40b9
58b9
68ba
80ba
10bb
28bb
38bc
50bc
60bd
78bd
08be
20be
30bf
48af
58b0
70b0
00b1
18b1
28b2
40b2
50b3
68b3
78b4
10b4
20b5
38b5
48b6
60b6
70b7
08b7
18b8
30b8
40b9
58b9
68ba
80ba
10bb
28bb
38bc
50bc
60bd
78bd
08be
20be
30bf
48af
58b0
70b0
00d1
18d2
28d2
40d3
50d3
68d4
78d4
10d5
20d5
38d6
48d6
60d7
70d7
08d8
18d8
30d9
40d9
58da
68da
80db
10db
28dc
38dc
50dd
60dd
78de
08de
20df
30cf
48d0
58d0
70d1
00d1
18d2
28d2
40d3
50d3
68d4
78d4
10d5
20d5
38d6
48d6
60d7
70d7
08d8
18d8
30d9
40d9
58da
68da
80db
10db
28dc
38dc
50dd
60dd
78de
08de
20df
30cf
48d0
58d0
70d1
00d1
18d2
28d2
40d3
50d3
68d4
78d4
10d5
20d5
38d6
48d6
60d7
70d7
08d8
18d8
30d9
40d9
58da
68da
80db
10db
28dc
38dc
50dd
60dd
78de
08de
20df
30cf
48d0
58d0
70d1
00d1
18d2
28d2
40d3
50d3
68d4
78d4
10d5
20d5
38d6
48d6
60d7
70d7
08d8
18d8
30d9
40d9
58da
68da
80db
10db
28dc
38dc
50dd
60dd
78de
08de
20df
30cf
48d0
58d0
70d1
00d1
18d2
28d2
40d3
50d3
68d4
78d4
10d5
20d5
38d6
48d6
60d7
70d7
08d8
18d8
30d9
40d9
58da
68da
80db
10db
28dc
38dc
50dd
60dd
78de
08de
20df
30cf
48d0
58d0
70d1
00d1
18d2
28d2
40d3
50d3
68d4
78d4
10d5
20d5
38d6
48d6
60d7
70d7
08d8
18d8
30d9
40d9
58da
68da
80db
10db
28dc
38dc
50dd
60dd
78de
08de
20df
30cf
48d0
58d0
70d1
00d1
18d2
28d2
40d3
50d3
68d4
78d4
10d5
20d5
38d6
48d6
60d7
70d7
08d8
18d8
30d9
40d9
58da
68da
80db
10db
28dc
38dc
50dd
60dd
78de
08de
20df
30cf
48d0
58d0
70d1
00d1
18d2
28d2
40d3
50d3
68d4
78d4
10d5
20d5
38d6
48d6
60d7
70d7
08d8
18d8
30d9
40d9
58da
68da
80db
10db
28dc
38dc
50dd
60dd
78de
08de
20df
30cf
48d0
58d0
70d1
00d1
18d2
28d2
40d3
50d3
68d4
78d4
10d5
20d5
38d6
48d6
60d7
70d7
08d8
18d8
30d9
40d9
58da
68da
80db
10db
28dc
38dc
50dd
60dd
78de
08de
20df
30cf
48d0
58d0
70d1
0112
1912
2913
4113
5114
6914
7915
1115
2116
3916
4917
6117
7118
0918
1919
3119
411a
591a
691b
811b
111c
291c
391d
511d
611e
791e
091f
210f
3110
4910
5911
7111
0112
1912
2913
4113
5114
6914
7915
1115
2116
3916
4917
6117
7118
0918
1919
3119
411a
591a
691b
811b
111c
291c
391d
511d
611e
791e
091f
210f
3110
4910
5911
7111
0112
1912
2913
4113
5114
6914
7915
1115
2116
3916
4917
6117
7118
0918
1919
3119
411a
591a
691b
811b
111c
291c
391d
511d
611e
791e
091f
210f
3110
4910
5911
7111
0112
1912
2913
4113
5114
6914
7915
1115
2116
3916
4917
6117
7118
0918
1919
3119
411a
591a
691b
811b
111c
291c
391d
511d
611e
791e
091f
210f
3110
4910
5911
7111
0112
1912
2913
4113
5114
6914
7915
1115
2116
3916
4917
6117
7118
0918
1919
3119
411a
591a
691b
811b
111c
291c
391d
511d
611e
791e
091f
210f
3110
4910
5911
7111
0112
1912
2913
4113
5114
6914
7915
1115
2116
3916
4917
6117
7118
0918
1919
3119
411a
591a
691b
811b
111c
291c
391d
511d
611e
791e
091f
210f
3110
4910
5911
7111
0112
1912
2913
4113
5114
6914
7915
1115
2116
3916
4917
6117
7118
0918
1919
3119
411a
591a
691b
811b
111c
291c
391d
511d
611e
791e
091f
210f
3110
4910
5911
7111
0112
1912
2913
4113
5114
6914
7915
1115
2116
3916
4917
6117
7118
0918
1919
3119
411a
591a
691b
811b
111c
291c
391d
511d
611e
791e
091f
210f
3110
4910
5911
7111
0112
1912
2913
4113
5114
6914
7915
1115
2116
3916
4917
6117
7118
0918
1919
3119
411a
591a
691b
811b
111c
291c
391d
511d
611e
791e
091f
210f
3110
4910
5911
7111
0132
1933
2933
4134
5134
6935
7935
1136
2136
3937
4937
6138
7138
0939
1939
313a
413a
593b
693b
813c
113c
293d
393d
513e
613e
793f
092f
2130
3130
4931
5931
7132
0132
1933
2933
4134
5134
6935
7935
1136
2136
3937
4937
6138
7138
0939
1939
313a
413a
593b
693b
813c
113c
293d
393d
513e
613e
793f
092f
2130
3130
4931
5931
7132
0132
1933
2933
4134
5134
6935
7935
1136
2136
3937
4937
6138
7138
0939
1939
313a
413a
593b
693b
813c
113c
293d
393d
513e
613e
793f
092f
2130
3130
4931
5931
7132
0132
1933
2933
4134
5134
6935
7935
1136
2136
3937
4937
6138
7138
0939
1939
313a
413a
593b
693b
813c
113c
293d
393d
513e
613e
793f
092f
2130
3130
4931
5931
7132
0132
1933
2933
4134
5134
6935
7935
1136
2136
3937
4937
6138
7138
0939
1939
313a
413a
593b
693b
813c
113c
293d
393d
513e
613e
793f
092f
2130
3130
4931
5931
7132
0132
1933
2933
4134
5134
6935
7935
1136
2136
3937
4937
6138
7138
0939
1939
313a
413a
593b
693b
813c
113c
293d
393d
513e
613e
793f
092f
2130
3130
4931
5931
7132
0132
1933
2933
4134
5134
6935
7935
1136
2136
3937
4937
6138
7138
0939
1939
313a
413a
593b
693b
813c
113c
293d
393d
513e
613e
793f
092f
2130
3130
4931
5931
7132
0132
1933
2933
4134
5134
6935
7935
1136
2136
3937
4937
6138
7138
0939
1939
313a
413a
593b
693b
813c
113c
293d
393d
513e
613e
793f
092f
2130
3130
4931
5931
7132
0132
1933
2933
4134
5134
6935
7935
1136
2136
3937
4937
6138
7138
0939
1939
313a
413a
593b
693b
813c
113c
293d
393d
513e
613e
793f
092f
2130
3130
4931
5931
7132
0173
1973
2974
4174
5175
6975
7976
1176
2177
3977
4978
6178
7179
0979
197a
317a
417b
597b
697c
817c
117d
297d
397e
517e
617f
796f
0970
2170
3171
4971
5972
7172
0173
1973
2974
4174
5175
6975
7976
1176
2177
3977
4978
6178
7179
0979
197a
317a
417b
597b
697c
817c
117d
297d
397e
517e
617f
796f
0970
2170
3171
4971
5972
7172
0173
1973
2974
4174
5175
6975
7976
1176
2177
3977
4978
6178
7179
0979
197a
317a
417b
597b
697c
817c
117d
297d
397e
517e
617f
796f
0970
2170
3171
4971
5972
7172
0173
1973
2974
4174
5175
6975
7976
1176
2177
3977
4978
6178
7179
0979
197a
317a
417b
597b
697c
817c
117d
297d
397e
517e
617f
796f
0970
2170
3171
4971
5972
7172
0173
1973
2974
4174
5175
6975
7976
1176
2177
3977
4978
6178
7179
0979
197a
317a
417b
597b
697c
817c
117d
297d
397e
517e
617f
796f
0970
2170
3171
4971
5972
7172
0173
1973
2974
4174
5175
6975
7976
1176
2177
3977
4978
6178
7179
0979
197a
317a
417b
597b
697c
817c
117d
297d
397e
517e
617f
796f
0970
2170
3171
4971
5972
7172
0173
1973
2974
4174
5175
6975
7976
1176
2177
3977
4978
6178
7179
0979
197a
317a
417b
597b
697c
817c
117d
297d
397e
517e
617f
796f
0970
2170
3171
4971
5972
7172
0173
1973
2974
4174
5175
6975
7976
1176
2177
3977
4978
6178
7179
0979
197a
317a
417b
597b
697c
817c
117d
297d
397e
517e
617f
796f
0970
2170
3171
4971
5972
7172
0173
1973
2974
4174
5175
6975
7976
1176
2177
3977
4978
6178
7179
0979
197a
317a
417b
597b
697c
817c
117d
297d
397e
517e
617f
796f
0970
2170
3171
4971
5972
7172
0193
1994
2994
4195
5195
6996
7996
1197
2197
3998
4998
6199
7199
099a
199a
319b
419b
599c
699c
819d
119d
299e
399e
519f
618f
7990
0990
2191
3191
4992
5992
7193
0193
1994
2994
4195
5195
6996
7996
1197
2197
3998
4998
6199
7199
099a
199a
319b
419b
599c
699c
819d
119d
299e
399e
519f
618f
7990
0990
2191
3191
4992
5992
7193
0193
1994
2994
4195
5195
6996
7996
1197
2197
3998
4998
6199
7199
099a
199a
319b
419b
599c
699c
819d
119d
299e
399e
519f
618f
7990
0990
2191
3191
4992
5992
7193
0193
1994
2994
4195
5195
6996
7996
1197
2197
3998
4998
6199
7199
099a
199a
319b
419b
599c
699c
819d
119d
299e
399e
519f
618f
7990
0990
2191
3191
4992
5992
7193
0193
1994
2994
4195
5195
6996
7996
1197
2197
3998
4998
6199
7199
099a
199a
319b
419b
599c
699c
819d
119d
299e
399e
519f
618f
7990
0990
2191
3191
4992
5992
7193
0193
1994
2994
4195
5195
6996
7996
1197
2197
3998
4998
6199
7199
099a
199a
319b
419b
599c
699c
819d
119d
299e
399e
519f
618f
7990
0990
2191
3191
4992
5992
7193
0193
1994
2994
4195
5195
6996
7996
1197
2197
3998
4998
6199
7199
099a
199a
319b
419b
599c
699c
819d
119d
299e
399e
519f
618f
7990
0990
2191
3191
4992
5992
7193
0193
1994
2994
4195
5195
6996
7996
1197
2197
3998
4998
6199
7199
099a
199a
319b
419b
599c
699c
819d
119d
299e
399e
519f
618f
7990
0990
2191
3191
4992
5992
7193
0193
1994
2994
4195
5195
6996
7996
1197
2197
3998
4998
6199
7199
099a
199a
319b
419b
599c
699c
819d
119d
299e
399e
519f
618f
7990
0990
2191
3191
4992
5992
7193
01d4
19d4
29d5
41d5
51d6
69d6
79d7
11d7
21d8
39d8
49d9
61d9
71da
09da
19db
31db
41dc
59dc
69dd
81dd
11de
29de
39df
51cf
61d0
79d0
09d1
21d1
31d2
49d2
59d3
71d3
01d4
19d4
29d5
41d5
51d6
69d6
79d7
11d7
21d8
39d8
49d9
61d9
71da
09da
19db
31db
41dc
59dc
69dd
81dd
11de
29de
39df
51cf
61d0
79d0
09d1
21d1
31d2
49d2
59d3
71d3
01d4
19d4
29d5
41d5
51d6
69d6
79d7
11d7
21d8
39d8
49d9
61d9
71da
09da
19db
31db
41dc
59dc
69dd
81dd
11de
29de
39df
51cf
61d0
79d0
09d1
21d1
31d2
49d2
59d3
71d3
01d4
19d4
29d5
41d5
51d6
69d6
79d7
11d7
21d8
39d8
49d9
61d9
71da
09da
19db
31db
41dc
59dc
69dd
81dd
11de
29de
39df
51cf
61d0
79d0
09d1
21d1
31d2
49d2
59d3
71d3
01d4
19d4
29d5
41d5
51d6
69d6
79d7
11d7
21d8
39d8
49d9
61d9
71da
09da
19db
31db
41dc
59dc
69dd
81dd
11de
29de
39df
51cf
61d0
79d0
09d1
21d1
31d2
49d2
59d3
71d3
01d4
19d4
29d5
41d5
51d6
69d6
79d7
11d7
21d8
39d8
49d9
61d9
71da
09da
19db
31db
41dc
59dc
69dd
81dd
11de
29de
39df
51cf
61d0
79d0
09d1
21d1
31d2
49d2
59d3
71d3
01d4
19d4
29d5
41d5
51d6
69d6
79d7
11d7
21d8
39d8
49d9
61d9
71da
09da
19db
31db
41dc
59dc
69dd
81dd
11de
29de
39df
51cf
61d0
79d0
09d1
21d1
31d2
49d2
59d3
71d3
01d4
19d4
29d5
41d5
51d6
69d6
79d7
11d7
21d8
39d8
49d9
61d9
71da
09da
19db
31db
41dc
59dc
69dd
81dd
11de
29de
39df
51cf
61d0
79d0
09d1
21d1
31d2
49d2
59d3
71d3
01d4
19d4
29d5
41d5
51d6
69d6
79d7
11d7
21d8
39d8
49d9
61d9
71da
09da
19db
31db
41dc
59dc
69dd
81dd
11de
29de
39df
51cf
61d0
79d0
09d1
21d1
31d2
49d2
59d3
71d3
01f4
19f5
29f5
41f6
51f6
69f7
79f7
11f8
21f8
39f9
49f9
61fa
71fa
09fb
19fb
31fc
41fc
59fd
69fd
81fe
11fe
29ff
39ef
51f0
61f0
79f1
09f1
21f2
31f2
49f3
59f3
71f4
01f4
19f5
29f5
41f6
51f6
69f7
79f7
11f8
21f8
39f9
49f9
61fa
71fa
09fb
19fb
31fc
41fc
59fd
69fd
81fe
11fe
29ff
39ef
51f0
61f0
79f1
09f1
21f2
31f2
49f3
59f3
71f4
01f4
19f5
29f5
41f6
51f6
69f7
79f7
11f8
21f8
39f9
49f9
61fa
71fa
09fb
19fb
31fc
41fc
59fd
69fd
81fe
11fe
29ff
39ef
51f0
61f0
79f1
09f1
21f2
31f2
49f3
59f3
71f4
01f4
19f5
29f5
41f6
51f6
69f7
79f7
11f8
21f8
39f9
49f9
61fa
71fa
09fb
19fb
31fc
41fc
59fd
69fd
81fe
11fe
29ff
39ef
51f0
61f0
79f1
09f1
21f2
31f2
49f3
59f3
71f4
01f4
19f5
29f5
41f6
51f6
69f7
79f7
11f8
21f8
39f9
49f9
61fa
71fa
09fb
19fb
31fc
41fc
59fd
69fd
81fe
11fe
29ff
39ef
51f0
61f0
79f1
09f1
21f2
31f2
49f3
59f3
71f4
01f4
19f5
29f5
41f6
51f6
69f7
79f7
11f8
21f8
39f9
49f9
61fa
71fa
09fb
19fb
31fc
41fc
59fd
69fd
81fe
11fe
29ff
39ef
51f0
61f0
79f1
09f1
21f2
31f2
49f3
59f3
71f4
01f4
19f5
29f5
41f6
51f6
69f7
79f7
11f8
21f8
39f9
49f9
61fa
71fa
09fb
19fb
31fc
41fc
59fd
69fd
81fe
11fe
29ff
39ef
51f0
61f0
79f1
09f1
21f2
31f2
49f3
59f3
71f4
01f4
19f5
29f5
41f6
51f6
69f7
79f7
11f8
21f8
39f9
49f9
61fa
71fa
09fb
19fb
31fc
41fc
59fd
69fd
81fe
11fe
29ff
39ef
51f0
61f0
79f1
09f1
21f2
31f2
49f3
59f3
71f4
01f4
19f5
29f5
41f6
51f6
69f7
79f7
11f8
21f8
39f9
49f9
61fa
71fa
09fb
19fb
31fc
41fc
59fd
69fd
81fe
11fe
29ff
39ef
51f0
61f0
79f1
09f1
21f2
31f2
49f3
59f3
71f4
0235
1a35
2a36
4236
5237
6a37
7a38
1238
2239
3a39
4a3a
623a
723b
0a3b
1a3c
323c
423d
5a3d
6a3e
823e
123f
2a2f
3a30
5230
6231
7a31
0a32
2232
3233
4a33
5a34
7234
0235
1a35
2a36
4236
5237
6a37
7a38
1238
2239
3a39
4a3a
623a
723b
0a3b
1a3c
323c
423d
5a3d
6a3e
823e
123f
2a2f
3a30
5230
6231
7a31
0a32
2232
3233
4a33
5a34
7234
0235
1a35
2a36
4236
5237
6a37
7a38
1238
2239
3a39
4a3a
623a
723b
0a3b
1a3c
323c
423d
5a3d
6a3e
823e
123f
2a2f
3a30
5230
6231
7a31
0a32
2232
3233
4a33
5a34
7234
0235
1a35
2a36
4236
5237
6a37
7a38
1238
2239
3a39
4a3a
623a
723b
0a3b
1a3c
323c
423d
5a3d
6a3e
823e
123f
2a2f
3a30
5230
6231
7a31
0a32
2232
3233
4a33
5a34
7234
0235
1a35
2a36
4236
5237
6a37
7a38
1238
2239
3a39
4a3a
623a
723b
0a3b
1a3c
323c
423d
5a3d
6a3e
823e
123f
2a2f
3a30
5230
6231
7a31
0a32
2232
3233
4a33
5a34
7234
0235
1a35
2a36
4236
5237
6a37
7a38
1238
2239
3a39
4a3a
623a
723b
0a3b
1a3c
323c
423d
5a3d
6a3e
823e
123f
2a2f
3a30
5230
6231
7a31
0a32
2232
3233
4a33
5a34
7234
0235
1a35
2a36
4236
5237
6a37
7a38
1238
2239
3a39
4a3a
623a
723b
0a3b
1a3c
323c
423d
5a3d
6a3e
823e
123f
2a2f
3a30
5230
6231
7a31
0a32
2232
3233
4a33
5a34
7234
0235
1a35
2a36
4236
5237
6a37
7a38
1238
2239
3a39
4a3a
623a
723b
0a3b
1a3c
323c
423d
5a3d
6a3e
823e
123f
2a2f
3a30
5230
6231
7a31
0a32
2232
3233
4a33
5a34
7234
0235
1a35
2a36
4236
5237
6a37
7a38
1238
2239
3a39
4a3a
623a
723b
0a3b
1a3c
323c
423d
5a3d
6a3e
823e
123f
2a2f
3a30
5230
6231
7a31
0a32
2232
3233
4a33
5a34
7234
0255
1a56
2a56
4257
5257
6a58
7a58
1259
2259
3a5a
4a5a
625b
725b
0a5c
1a5c
325d
425d
5a5e
6a5e
825f
124f
2a50
3a50
5251
6251
7a52
0a52
2253
3253
4a54
5a54
7255
0255
1a56
2a56
4257
5257
6a58
7a58
1259
2259
3a5a
4a5a
625b
725b
0a5c
1a5c
325d
425d
5a5e
6a5e
825f
124f
2a50
3a50
5251
6251
7a52
0a52
2253
3253
4a54
5a54
7255
0255
1a56
2a56
4257
5257
6a58
7a58
1259
2259
3a5a
4a5a
625b
725b
0a5c
1a5c
325d
425d
5a5e
6a5e
825f
124f
2a50
3a50
5251
6251
7a52
0a52
2253
3253
4a54
5a54
7255
0255
1a56
2a56
4257
5257
6a58
7a58
1259
2259
3a5a
4a5a
625b
725b
0a5c
1a5c
325d
425d
5a5e
6a5e
825f
124f
2a50
3a50
5251
6251
7a52
0a52
2253
3253
4a54
5a54
7255
0255
1a56
2a56
4257
5257
6a58
7a58
1259
2259
3a5a
4a5a
625b
725b
0a5c
1a5c
325d
425d
5a5e
6a5e
825f
124f
2a50
3a50
5251
6251
7a52
0a52
2253
3253
4a54
5a54
7255
0255
1a56
2a56
4257
5257
6a58
7a58
1259
2259
3a5a
4a5a
625b
725b
0a5c
1a5c
325d
425d
5a5e
6a5e
825f
124f
2a50
3a50
5251
6251
7a52
0a52
2253
3253
4a54
5a54
7255
0255
1a56
2a56
4257
5257
6a58
7a58
1259
2259
3a5a
4a5a
625b
725b
0a5c
1a5c
325d
425d
5a5e
6a5e
825f
124f
2a50
3a50
5251
6251
7a52
0a52
2253
3253
4a54
5a54
7255
0255
1a56
2a56
4257
5257
6a58
7a58
1259
2259
3a5a
4a5a
625b
725b
0a5c
1a5c
325d
425d
5a5e
6a5e
825f
124f
2a50
3a50
5251
6251
7a52
0a52
2253
3253
4a54
5a54
7255
0255
1a56
2a56
4257
5257
6a58
7a58
1259
2259
3a5a
4a5a
625b
725b
0a5c
1a5c
325d
425d
5a5e
6a5e
825f
124f
2a50
3a50
5251
6251
7a52
0a52
2253
3253
4a54
5a54
7255
0296
1a96
2a97
4297
5298
6a98
7a99
1299
229a
3a9a
4a9b
629b
729c
0a9c
1a9d
329d
429e
5a9e
6a9f
828f
1290
2a90
3a91
5291
6292
7a92
0a93
2293
3294
4a94
5a95
7295
0296
1a96
2a97
4297
5298
6a98
7a99
1299
229a
3a9a
4a9b
629b
729c
0a9c
1a9d
329d
429e
5a9e
6a9f
828f
1290
2a90
3a91
5291
6292
7a92
0a93
2293
3294
4a94
5a95
7295
0296
1a96
2a97
4297
5298
6a98
7a99
1299
229a
3a9a
4a9b
629b
729c
0a9c
1a9d
329d
429e
5a9e
6a9f
828f
1290
2a90
3a91
5291
6292
7a92
0a93
2293
3294
4a94
5a95
7295
0296
1a96
2a97
4297
5298
6a98
7a99
1299
229a
3a9a
4a9b
629b
729c
0a9c
1a9d
329d
429e
5a9e
6a9f
828f
1290
2a90
3a91
5291
6292
7a92
0a93
2293
3294
4a94
5a95
7295
0296
1a96
2a97
4297
5298
6a98
7a99
1299
229a
3a9a
4a9b
629b
729c
0a9c
1a9d
329d
429e
5a9e
6a9f
828f
1290
2a90
3a91
5291
6292
7a92
0a93
2293
3294
4a94
5a95
7295
0296
1a96
2a97
4297
5298
6a98
7a99
1299
229a
3a9a
4a9b
629b
729c
0a9c
1a9d
329d
429e
5a9e
6a9f
828f
1290
2a90
3a91
5291
6292
7a92
0a93
2293
3294
4a94
5a95
7295
0296
1a96
2a97
4297
5298
6a98
7a99
1299
229a
3a9a
4a9b
629b
729c
0a9c
1a9d
329d
429e
5a9e
6a9f
828f
1290
2a90
3a91
5291
6292
7a92
0a93
2293
3294
4a94
5a95
7295
0296
1a96
2a97
4297
5298
6a98
7a99
1299
229a
3a9a
4a9b
629b
729c
0a9c
1a9d
329d
429e
5a9e
6a9f
828f
1290
2a90
3a91
5291
6292
7a92
0a93
2293
3294
4a94
5a95
7295
0296
1a96
2a97
4297
5298
6a98
7a99
1299
229a
3a9a
4a9b
629b
729c
0a9c
1a9d
329d
429e
5a9e
6a9f
828f
1290
2a90
3a91
5291
6292
7a92
0a93
2293
3294
4a94
5a95
7295
02b6
1ab7
2ab7
42b8
52b8
6ab9
7ab9
12ba
22ba
3abb
4abb
62bc
72bc
0abd
1abd
32be
42be
5abf
6aaf
82b0
12b0
2ab1
3ab1
52b2
62b2
7ab3
0ab3
22b4
32b4
4ab5
5ab5
72b6
02b6
1ab7
2ab7
42b8
52b8
6ab9
7ab9
12ba
22ba
3abb
4abb
62bc
72bc
0abd
1abd
32be
42be
5abf
6aaf
82b0
12b0
2ab1
3ab1
52b2
62b2
7ab3
0ab3
22b4
32b4
4ab5
5ab5
72b6
02b6
1ab7
2ab7
42b8
52b8
6ab9
7ab9
12ba
22ba
3abb
4abb
62bc
72bc
0abd
1abd
32be
42be
5abf
6aaf
82b0
12b0
2ab1
3ab1
52b2
62b2
7ab3
0ab3
22b4
32b4
4ab5
5ab5
72b6
02b6
1ab7
2ab7
42b8
52b8
6ab9
7ab9
12ba
22ba
3abb
4abb
62bc
72bc
0abd
1abd
32be
42be
5abf
6aaf
82b0
12b0
2ab1
3ab1
52b2
62b2
7ab3
0ab3
22b4
32b4
4ab5
5ab5
72b6
02b6
1ab7
2ab7
42b8
52b8
6ab9
7ab9
12ba
22ba
3abb
4abb
62bc
72bc
0abd
1abd
32be
42be
5abf
6aaf
82b0
12b0
2ab1
3ab1
52b2
62b2
7ab3
0ab3
22b4
32b4
4ab5
5ab5
72b6
02b6
1ab7
2ab7
42b8
52b8
6ab9
7ab9
12ba
22ba
3abb
4abb
62bc
72bc
0abd
1abd
32be
42be
5abf
6aaf
82b0
12b0
2ab1
3ab1
52b2
62b2
7ab3
0ab3
22b4
32b4
4ab5
5ab5
72b6
02b6
1ab7
2ab7
42b8
52b8
6ab9
7ab9
12ba
22ba
3abb
4abb
62bc
72bc
0abd
1abd
32be
42be
5abf
6aaf
82b0
12b0
2ab1
3ab1
52b2
62b2
7ab3
0ab3
22b4
32b4
4ab5
5ab5
72b6
02b6
1ab7
2ab7
42b8
52b8
6ab9
7ab9
12ba
22ba
3abb
4abb
62bc
72bc
0abd
1abd
32be
42be
5abf
6aaf
82b0
12b0
2ab1
3ab1
52b2
62b2
7ab3
0ab3
22b4
32b4
4ab5
5ab5
72b6
02b6
1ab7
2ab7
42b8
52b8
6ab9
7ab9
12ba
22ba
3abb
4abb
62bc
72bc
0abd
1abd
32be
42be
5abf
6aaf
82b0
12b0
2ab1
3ab1
52b2
62b2
7ab3
0ab3
22b4
32b4
4ab5
5ab5
72b6
02f7
1af7
2af8
42f8
52f9
6af9
7afa
12fa
22fb
3afb
4afc
62fc
72fd
0afd
1afe
32fe
42ff
5aef
6af0
82f0
12f1
2af1
3af2
52f2
62f3
7af3
0af4
22f4
32f5
4af5
5af6
72f6
02f7
1af7
2af8
42f8
52f9
6af9
7afa
12fa
22fb
3afb
4afc
62fc
72fd
0afd
1afe
32fe
42ff
5aef
6af0
82f0
12f1
2af1
3af2
52f2
62f3
7af3
0af4
22f4
32f5
4af5
5af6
72f6
02f7
1af7
2af8
42f8
52f9
6af9
7afa
12fa
22fb
3afb
4afc
62fc
72fd
0afd
1afe
32fe
42ff
5aef
6af0
82f0
12f1
2af1
3af2
52f2
62f3
7af3
0af4
22f4
32f5
4af5
5af6
72f6
02f7
1af7
2af8
42f8
52f9
6af9
7afa
12fa
22fb
3afb
4afc
62fc
72fd
0afd
1afe
32fe
42ff
5aef
6af0
82f0
12f1
2af1
3af2
52f2
62f3
7af3
0af4
22f4
32f5
4af5
5af6
72f6
02f7
1af7
2af8
42f8
52f9
6af9
7afa
12fa
22fb
3afb
4afc
62fc
72fd
0afd
1afe
32fe
42ff
5aef
6af0
82f0
12f1
2af1
3af2
52f2
62f3
7af3
0af4
22f4
32f5
4af5
5af6
72f6
02f7
1af7
2af8
42f8
52f9
6af9
7afa
12fa
22fb
3afb
4afc
62fc
72fd
0afd
1afe
32fe
42ff
5aef
6af0
82f0
12f1
2af1
3af2
52f2
62f3
7af3
0af4
22f4
32f5
4af5
5af6
72f6
02f7
1af7
2af8
42f8
52f9
6af9
7afa
12fa
22fb
3afb
4afc
62fc
72fd
0afd
1afe
32fe
42ff
5aef
6af0
82f0
12f1
2af1
3af2
52f2
62f3
7af3
0af4
22f4
32f5
4af5
5af6
72f6
02f7
1af7
2af8
42f8
52f9
6af9
7afa
12fa
22fb
3afb
4afc
62fc
72fd
0afd
1afe
32fe
42ff
5aef
6af0
82f0
12f1
2af1
3af2
52f2
62f3
7af3
0af4
22f4
32f5
4af5
5af6
72f6
02f7
1af7
2af8
42f8
52f9
6af9
7afa
12fa
22fb
3afb
4afc
62fc
72fd
0afd
1afe
32fe
42ff
5aef
6af0
82f0
12f1
2af1
3af2
52f2
62f3
7af3
0af4
22f4
32f5
4af5
5af6
72f6
0317
1b18
2b18
4319
5319
6b1a
7b1a
131b
231b
3b1c
4b1c
631d
731d
0b1e
1b1e
331f
430f
5b10
6b10
8311
1311
2b12
3b12
5313
6313
7b14
0b14
2315
3315
4b16
5b16
7317
0317
1b18
2b18
4319
5319
6b1a
7b1a
131b
231b
3b1c
4b1c
631d
731d
0b1e
1b1e
331f
430f
5b10
6b10
8311
1311
2b12
3b12
5313
6313
7b14
0b14
2315
3315
4b16
5b16
7317
0317
1b18
2b18
4319
5319
6b1a
7b1a
131b
231b
3b1c
4b1c
631d
731d
0b1e
1b1e
331f
430f
5b10
6b10
8311
1311
2b12
3b12
5313
6313
7b14
0b14
2315
3315
4b16
5b16
7317
0317
1b18
2b18
4319
5319
6b1a
7b1a
131b
231b
3b1c
4b1c
631d
731d
0b1e
1b1e
331f
430f
5b10
6b10
8311
1311
2b12
3b12
5313
6313
7b14
0b14
2315
3315
4b16
5b16
7317
0317
1b18
2b18
4319
5319
6b1a
7b1a
131b
231b
3b1c
4b1c
631d
731d
0b1e
1b1e
331f
430f
5b10
6b10
8311
1311
2b12
3b12
5313
6313
7b14
0b14
2315
3315
4b16
5b16
7317
0317
1b18
2b18
4319
5319
6b1a
7b1a
131b
231b
3b1c
4b1c
631d
731d
0b1e
1b1e
331f
430f
5b10
6b10
8311
1311
2b12
3b12
5313
6313
7b14
0b14
2315
3315
4b16
5b16
7317
0317
1b18
2b18
4319
5319
6b1a
7b1a
131b
231b
3b1c
4b1c
631d
731d
0b1e
1b1e
331f
430f
5b10
6b10
8311
1311
2b12
3b12
5313
6313
7b14
0b14
2315
3315
4b16
5b16
7317
0317
1b18
2b18
4319
5319
6b1a
7b1a
131b
231b
3b1c
4b1c
631d
731d
0b1e
1b1e
331f
430f
5b10
6b10
8311
1311
2b12
3b12
5313
6313
7b14
0b14
2315
3315
4b16
5b16
7317
0317
1b18
2b18
4319
5319
6b1a
7b1a
131b
231b
3b1c
4b1c
631d
731d
0b1e
1b1e
331f
430f
5b10
6b10
8311
1311
2b12
3b12
5313
6313
7b14
0b14
2315
3315
4b16
5b16
7317
0358
1b58
2b59
4359
535a
6b5a
7b5b
135b
235c
3b5c
4b5d
635d
735e
0b5e
1b5f
334f
4350
5b50
6b51
8351
1352
2b52
3b53
5353
6354
7b54
0b55
2355
3356
4b56
5b57
7357
0358
1b58
2b59
4359
535a
6b5a
7b5b
135b
235c
3b5c
4b5d
635d
735e
0b5e
1b5f
334f
4350
5b50
6b51
8351
1352
2b52
3b53
5353
6354
7b54
0b55
2355
3356
4b56
5b57
7357
0358
1b58
2b59
4359
535a
6b5a
7b5b
135b
235c
3b5c
4b5d
635d
735e
0b5e
1b5f
334f
4350
5b50
6b51
8351
1352
2b52
3b53
5353
6354
7b54
0b55
2355
3356
4b56
5b57
7357
0358
1b58
2b59
4359
535a
6b5a
7b5b
135b
235c
3b5c
4b5d
635d
735e
0b5e
1b5f
334f
4350
5b50
6b51
8351
1352
2b52
3b53
5353
6354
7b54
0b55
2355
3356
4b56
5b57
7357
0358
1b58
2b59
4359
535a
6b5a
7b5b
135b
235c
3b5c
4b5d
635d
735e
0b5e
1b5f
334f
4350
5b50
6b51
8351
1352
2b52
3b53
5353
6354
7b54
0b55
2355
3356
4b56
5b57
7357
0358
1b58
2b59
4359
535a
6b5a
7b5b
135b
235c
3b5c
4b5d
635d
735e
0b5e
1b5f
334f
4350
5b50
6b51
8351
1352
2b52
3b53
5353
6354
7b54
0b55
2355
3356
4b56
5b57
7357
0358
1b58
2b59
4359
535a
6b5a
7b5b
135b
235c
3b5c
4b5d
635d
735e
0b5e
1b5f
334f
4350
5b50
6b51
8351
1352
2b52
3b53
5353
6354
7b54
0b55
2355
3356
4b56
5b57
7357
0358
1b58
2b59
4359
535a
6b5a
7b5b
135b
235c
3b5c
4b5d
635d
735e
0b5e
1b5f
334f
4350
5b50
6b51
8351
1352
2b52
3b53
5353
6354
7b54
0b55
2355
3356
4b56
5b57
7357
0358
1b58
2b59
4359
535a
6b5a
7b5b
135b
235c
3b5c
4b5d
635d
735e
0b5e
1b5f
334f
4350
5b50
6b51
8351
1352
2b52
3b53
5353
6354
7b54
0b55
2355
3356
4b56
5b57
7357
0378
1b79
2b79
437a
537a
6b7b
7b7b
137c
237c
3b7d
4b7d
637e
737e
0b7f
1b6f
3370
4370
5b71
6b71
8372
1372
2b73
3b73
5374
6374
7b75
0b75
2376
3376
4b77
5b77
7378
0378
1b79
2b79
437a
537a
6b7b
7b7b
137c
237c
3b7d
4b7d
637e
737e
0b7f
1b6f
3370
4370
5b71
6b71
8372
1372
2b73
3b73
5374
6374
7b75
0b75
2376
3376
4b77
5b77
7378
0378
1b79
2b79
437a
537a
6b7b
7b7b
137c
237c
3b7d
4b7d
637e
737e
0b7f
1b6f
3370
4370
5b71
6b71
8372
1372
2b73
3b73
5374
6374
7b75
0b75
2376
3376
4b77
5b77
7378
0378
1b79
2b79
437a
537a
6b7b
7b7b
137c
237c
3b7d
4b7d
637e
737e
0b7f
1b6f
3370
4370
5b71
6b71
8372
1372
2b73
3b73
5374
6374
7b75
0b75
2376
3376
4b77
5b77
7378
0378
1b79
2b79
437a
537a
6b7b
7b7b
137c
237c
3b7d
4b7d
637e
737e
0b7f
1b6f
3370
4370
5b71
6b71
8372
1372
2b73
3b73
5374
6374
7b75
0b75
2376
3376
4b77
5b77
7378
0378
1b79
2b79
437a
537a
6b7b
7b7b
137c
237c
3b7d
4b7d
637e
737e
0b7f
1b6f
3370
4370
5b71
6b71
8372
1372
2b73
3b73
5374
6374
7b75
0b75
2376
3376
4b77
5b77
7378
0378
1b79
2b79
437a
537a
6b7b
7b7b
137c
237c
3b7d
4b7d
637e
737e
0b7f
1b6f
3370
4370
5b71
6b71
8372
1372
2b73
3b73
5374
6374
7b75
0b75
2376
3376
4b77
5b77
7378
0378
1b79
2b79
437a
537a
6b7b
7b7b
137c
237c
3b7d
4b7d
637e
737e
0b7f
1b6f
3370
4370
5b71
6b71
8372
1372
2b73
3b73
5374
6374
7b75
0b75
2376
3376
4b77
5b77
7378
0378
1b79
2b79
437a
537a
6b7b
7b7b
137c
237c
3b7d
4b7d
637e
737e
0b7f
1b6f
3370
4370
5b71
6b71
8372
1372
2b73
3b73
5374
6374
7b75
0b75
2376
3376
4b77
5b77
7378
03b9
1bb9
2bba
43ba
53bb
6bbb
7bbc
13bc
23bd
3bbd
4bbe
63be
73bf
0baf
1bb0
33b0
43b1
5bb1
6bb2
83b2
13b3
2bb3
3bb4
53b4
63b5
7bb5
0bb6
23b6
33b7
4bb7
5bb8
73b8
03b9
1bb9
2bba
43ba
53bb
6bbb
7bbc
13bc
23bd
3bbd
4bbe
63be
73bf
0baf
1bb0
33b0
43b1
5bb1
6bb2
83b2
13b3
2bb3
3bb4
53b4
63b5
7bb5
0bb6
23b6
33b7
4bb7
5bb8
73b8
03b9
1bb9
2bba
43ba
53bb
6bbb
7bbc
13bc
23bd
3bbd
4bbe
63be
73bf
0baf
1bb0
33b0
43b1
5bb1
6bb2
83b2
13b3
2bb3
3bb4
53b4
63b5
7bb5
0bb6
23b6
33b7
4bb7
5bb8
73b8
03b9
1bb9
2bba
43ba
53bb
6bbb
7bbc
13bc
23bd
3bbd
4bbe
63be
73bf
0baf
1bb0
33b0
43b1
5bb1
6bb2
83b2
13b3
2bb3
3bb4
53b4
63b5
7bb5
0bb6
23b6
33b7
4bb7
5bb8
73b8
03b9
1bb9
2bba
43ba
53bb
6bbb
7bbc
13bc
23bd
3bbd
4bbe
63be
73bf
0baf
1bb0
33b0
43b1
5bb1
6bb2
83b2
13b3
2bb3
3bb4
53b4
63b5
7bb5
0bb6
23b6
33b7
4bb7
5bb8
73b8
03b9
1bb9
2bba
43ba
53bb
6bbb
7bbc
13bc
23bd
3bbd
4bbe
63be
73bf
0baf
1bb0
33b0
43b1
5bb1
6bb2
83b2
13b3
2bb3
3bb4
53b4
63b5
7bb5
0bb6
23b6
33b7
4bb7
5bb8
73b8
03b9
1bb9
2bba
43ba
53bb
6bbb
7bbc
13bc
23bd
3bbd
4bbe
63be
73bf
0baf
1bb0
33b0
43b1
5bb1
6bb2
83b2
13b3
2bb3
3bb4
53b4
63b5
7bb5
0bb6
23b6
33b7
4bb7
5bb8
73b8
03b9
1bb9
2bba
43ba
53bb
6bbb
7bbc
13bc
23bd
3bbd
4bbe
63be
73bf
0baf
1bb0
33b0
43b1
5bb1
6bb2
83b2
13b3
2bb3
3bb4
53b4
63b5
7bb5
0bb6
23b6
33b7
4bb7
5bb8
73b8
03b9
1bb9
2bba
43ba
53bb
6bbb
7bbc
13bc
23bd
3bbd
4bbe
63be
73bf
0baf
1bb0
33b0
43b1
5bb1
6bb2
83b2
13b3
2bb3
3bb4
53b4
63b5
7bb5
0bb6
23b6
33b7
4bb7
5bb8
73b8
03d9
1bda
2bda
43db
53db
6bdc
7bdc
13dd
23dd
3bde
4bde
63df
73cf
0bd0
1bd0
33d1
43d1
5bd2
6bd2
83d3
13d3
2bd4
3bd4
53d5
63d5
7bd6
0bd6
23d7
33d7
4bd8
5bd8
73d9
03d9
1bda
2bda
43db
53db
6bdc
7bdc
13dd
23dd
3bde
4bde
63df
73cf
0bd0
1bd0
33d1
43d1
5bd2
6bd2
83d3
13d3
2bd4
3bd4
53d5
63d5
7bd6
0bd6
23d7
33d7
4bd8
5bd8
73d9
03d9
1bda
2bda
43db
53db
6bdc
7bdc
13dd
23dd
3bde
4bde
63df
73cf
0bd0
1bd0
33d1
43d1
5bd2
6bd2
83d3
13d3
2bd4
3bd4
53d5
63d5
7bd6
0bd6
23d7
33d7
4bd8
5bd8
73d9
03d9
1bda
2bda
43db
53db
6bdc
7bdc
13dd
23dd
3bde
4bde
63df
73cf
0bd0
1bd0
33d1
43d1
5bd2
6bd2
83d3
13d3
2bd4
3bd4
53d5
63d5
7bd6
0bd6
23d7
33d7
4bd8
5bd8
73d9
03d9
1bda
2bda
43db
53db
6bdc
7bdc
13dd
23dd
3bde
4bde
63df
73cf
0bd0
1bd0
33d1
43d1
5bd2
6bd2
83d3
13d3
2bd4
3bd4
53d5
63d5
7bd6
0bd6
23d7
33d7
4bd8
5bd8
73d9
03d9
1bda
2bda
43db
53db
6bdc
7bdc
13dd
23dd
3bde
4bde
63df
73cf
0bd0
1bd0
33d1
43d1
5bd2
6bd2
83d3
13d3
2bd4
3bd4
53d5
63d5
7bd6
0bd6
23d7
33d7
4bd8
5bd8
73d9
03d9
1bda
2bda
43db
53db
6bdc
7bdc
13dd
23dd
3bde
4bde
63df
73cf
0bd0
1bd0
33d1
43d1
5bd2
6bd2
83d3
13d3
2bd4
3bd4
53d5
63d5
7bd6
0bd6
23d7
33d7
4bd8
5bd8
73d9
03d9
1bda
2bda
43db
53db
6bdc
7bdc
13dd
23dd
3bde
4bde
63df
73cf
0bd0
1bd0
33d1
43d1
5bd2
6bd2
83d3
13d3
2bd4
3bd4
53d5
63d5
7bd6
0bd6
23d7
33d7
4bd8
5bd8
73d9
03d9
1bda
2bda
43db
53db
6bdc
7bdc
13dd
23dd
3bde
4bde
63df
73cf
0bd0
1bd0
33d1
43d1
5bd2
6bd2
83d3
13d3
2bd4
3bd4
53d5
63d5
7bd6
0bd6
23d7
33d7
4bd8
5bd8
73d9
041a
1c1a
2c1b
441b
541c
6c1c
7c1d
141d
241e
3c1e
4c1f
640f
7410
0c10
1c11
3411
4412
5c12
6c13
8413
1414
2c14
3c15
5415
6416
7c16
0c17
2417
3418
4c18
5c19
7419
041a
1c1a
2c1b
441b
541c
6c1c
7c1d
141d
241e
3c1e
4c1f
640f
7410
0c10
1c11
3411
4412
5c12
6c13
8413
1414
2c14
3c15
5415
6416
7c16
0c17
2417
3418
4c18
5c19
7419
041a
1c1a
2c1b
441b
541c
6c1c
7c1d
141d
241e
3c1e
4c1f
640f
7410
0c10
1c11
3411
4412
5c12
6c13
8413
1414
2c14
3c15
5415
6416
7c16
0c17
2417
3418
4c18
5c19
7419
041a
1c1a
2c1b
441b
541c
6c1c
7c1d
141d
241e
3c1e
4c1f
640f
7410
0c10
1c11
3411
4412
5c12
6c13
8413
1414
2c14
3c15
5415
6416
7c16
0c17
2417
3418
4c18
5c19
7419
041a
1c1a
2c1b
441b
541c
6c1c
7c1d
141d
241e
3c1e
4c1f
640f
7410
0c10
1c11
3411
4412
5c12
6c13
8413
1414
2c14
3c15
5415
6416
7c16
0c17
2417
3418
4c18
5c19
7419
041a
1c1a
2c1b
441b
541c
6c1c
7c1d
141d
241e
3c1e
4c1f
640f
7410
0c10
1c11
3411
4412
5c12
6c13
8413
1414
2c14
3c15
5415
6416
7c16
0c17
2417
3418
4c18
5c19
7419
041a
1c1a
2c1b
441b
541c
6c1c
7c1d
141d
241e
3c1e
4c1f
640f
7410
0c10
1c11
3411
4412
5c12
6c13
8413
1414
2c14
3c15
5415
6416
7c16
0c17
2417
3418
4c18
5c19
7419
041a
1c1a
2c1b
441b
541c
6c1c
7c1d
141d
241e
3c1e
4c1f
640f
7410
0c10
1c11
3411
4412
5c12
6c13
8413
1414
2c14
3c15
5415
6416
7c16
0c17
2417
3418
4c18
5c19
7419
041a
1c1a
2c1b
441b
541c
6c1c
7c1d
141d
241e
3c1e
4c1f
640f
7410
0c10
1c11
3411
4412
5c12
6c13
8413
1414
2c14
3c15
5415
6416
7c16
0c17
2417
3418
4c18
5c19
7419
003a
183b
283b
403c
503c
683d
783d
103e
203e
383f
482f
6030
7030
0831
1831
3032
4032
5833
6833
8034
1034
2835
3835
5036
6036
7837
0837
2038
3038
4839
5839
703a
003a
183b
283b
403c
503c
683d
783d
103e
203e
383f
482f
6030
7030
0831
1831
3032
4032
5833
6833
8034
1034
2835
3835
5036
6036
7837
0837
2038
3038
4839
5839
703a
003a
183b
283b
403c
503c
683d
783d
103e
203e
383f
482f
6030
7030
0831
1831
3032
4032
5833
6833
8034
1034
2835
3835
5036
6036
7837
0837
2038
3038
4839
5839
703a
003a
183b
283b
403c
503c
683d
783d
103e
203e
383f
482f
6030
7030
0831
1831
3032
4032
5833
6833
8034
1034
2835
3835
5036
6036
7837
0837
2038
3038
4839
5839
703a
003a
183b
283b
403c
503c
683d
783d
103e
203e
383f
482f
6030
7030
0831
1831
3032
4032
5833
6833
8034
1034
2835
3835
5036
6036
7837
0837
2038
3038
4839
5839
703a
003a
183b
283b
403c
503c
683d
783d
103e
203e
383f
482f
6030
7030
0831
1831
3032
4032
5833
6833
8034
1034
2835
3835
5036
6036
7837
0837
2038
3038
4839
5839
703a
003a
183b
283b
403c
503c
683d
783d
103e
203e
383f
482f
6030
7030
0831
1831
3032
4032
5833
6833
8034
1034
2835
3835
5036
6036
7837
0837
2038
3038
4839
5839
703a
003a
183b
283b
403c
503c
683d
783d
103e
203e
383f
482f
6030
7030
0831
1831
3032
4032
5833
6833
8034
1034
2835
3835
5036
6036
7837
0837
2038
3038
4839
5839
703a
003a
183b
283b
403c
503c
683d
783d
103e
203e
383f
482f
6030
7030
0831
1831
3032
4032
5833
6833
8034
1034
2835
3835
5036
6036
7837
0837
2038
3038
4839
5839
703a
007b
187b
287c
407c
507d
687d
787e
107e
207f
386f
4870
6070
7071
0871
1872
3072
4073
5873
6874
8074
1075
2875
3876
5076
6077
7877
0878
2078
3079
4879
587a
707a
007b
187b
287c
407c
507d
687d
787e
107e
207f
386f
4870
6070
7071
0871
1872
3072
4073
5873
6874
8074
1075
2875
3876
5076
6077
7877
0878
2078
3079
4879
587a
707a
007b
187b
287c
407c
507d
687d
787e
107e
207f
386f
4870
6070
7071
0871
1872
3072
4073
5873
6874
8074
1075
2875
3876
5076
6077
7877
0878
2078
3079
4879
587a
707a
007b
187b
287c
407c
507d
687d
787e
107e
207f
386f
4870
6070
7071
0871
1872
3072
4073
5873
6874
8074
1075
2875
3876
5076
6077
7877
0878
2078
3079
4879
587a
707a
007b
187b
287c
407c
507d
687d
787e
107e
207f
386f
4870
6070
7071
0871
1872
3072
4073
5873
6874
8074
1075
2875
3876
5076
6077
7877
0878
2078
3079
4879
587a
707a
007b
187b
287c
407c
507d
687d
787e
107e
207f
386f
4870
6070
7071
0871
1872
3072
4073
5873
6874
8074
1075
2875
3876
5076
6077
7877
0878
2078
3079
4879
587a
707a
007b
187b
287c
407c
507d
687d
787e
107e
207f
386f
4870
6070
7071
0871
1872
3072
4073
5873
6874
8074
1075
2875
3876
5076
6077
7877
0878
2078
3079
4879
587a
707a
007b
187b
287c
407c
507d
687d
787e
107e
207f
386f
4870
6070
7071
0871
1872
3072
4073
5873
6874
8074
1075
2875
3876
5076
6077
7877
0878
2078
3079
4879
587a
707a
007b
187b
287c
407c
507d
687d
787e
107e
207f
386f
4870
6070
7071
0871
1872
3072
4073
5873
6874
8074
1075
2875
3876
5076
6077
7877
0878
2078
3079
4879
587a
707a
